membership_id,customer_id,segment_id,entered_at,exited_at,created_at
csm_000001,cust_00001,seg_005,2024-02-03T12:45:50,,2024-02-03T12:45:50
csm_000002,cust_00001,seg_007,2025-11-29T00:00:00,,2025-11-29T00:00:00
csm_000003,cust_00002,seg_001,2026-02-02T00:00:00,,2026-02-02T00:00:00
csm_000004,cust_00003,seg_002,2025-11-19T00:00:00,2025-12-19T00:00:00,2025-11-19T00:00:00
csm_000005,cust_00003,seg_003,2025-12-19T00:00:00,2026-02-17T00:00:00,2025-12-19T00:00:00
csm_000006,cust_00003,seg_004,2026-02-17T00:00:00,,2026-02-17T00:00:00
csm_000007,cust_00004,seg_005,2024-10-01T20:45:59,,2024-10-01T20:45:59
csm_000008,cust_00004,seg_007,2026-06-01T00:00:00,,2026-06-01T00:00:00
csm_000009,cust_00005,seg_002,2026-03-16T00:00:00,2026-04-15T00:00:00,2026-03-16T00:00:00
csm_000010,cust_00005,seg_003,2026-04-15T00:00:00,2026-06-14T00:00:00,2026-04-15T00:00:00
csm_000011,cust_00005,seg_008,2026-06-10T00:00:00,,2026-06-10T00:00:00
csm_000012,cust_00005,seg_004,2026-06-14T00:00:00,,2026-06-14T00:00:00
csm_000013,cust_00006,seg_005,2026-01-09T02:33:10,2026-05-01T00:00:00,2026-01-09T02:33:10
csm_000014,cust_00006,seg_002,2026-05-08T00:00:00,2026-06-07T00:00:00,2026-05-08T00:00:00
csm_000015,cust_00006,seg_008,2026-05-12T00:00:00,,2026-05-12T00:00:00
csm_000016,cust_00006,seg_003,2026-06-07T00:00:00,,2026-06-07T00:00:00
csm_000017,cust_00007,seg_005,2026-03-09T10:29:52,,2026-03-09T10:29:52
csm_000018,cust_00008,seg_002,2025-04-01T00:00:00,2025-05-01T00:00:00,2025-04-01T00:00:00
csm_000019,cust_00008,seg_003,2025-05-01T00:00:00,2025-06-30T00:00:00,2025-05-01T00:00:00
csm_000020,cust_00008,seg_004,2025-06-30T00:00:00,,2025-06-30T00:00:00
csm_000021,cust_00009,seg_005,2026-04-22T19:08:55,,2026-04-22T19:08:55
csm_000022,cust_00010,seg_001,2025-12-10T00:00:00,,2025-12-10T00:00:00
csm_000023,cust_00011,seg_001,2026-02-25T00:00:00,,2026-02-25T00:00:00
csm_000024,cust_00012,seg_001,2024-05-12T00:00:00,2024-07-12T00:00:00,2024-05-12T00:00:00
csm_000025,cust_00012,seg_002,2024-07-12T00:00:00,2024-08-11T00:00:00,2024-07-12T00:00:00
csm_000026,cust_00012,seg_003,2024-08-11T00:00:00,2024-10-10T00:00:00,2024-08-11T00:00:00
csm_000027,cust_00012,seg_004,2024-10-10T00:00:00,,2024-10-10T00:00:00
csm_000028,cust_00013,seg_005,2025-09-03T01:05:23,,2025-09-03T01:05:23
csm_000029,cust_00014,seg_001,2023-10-27T00:00:00,2024-02-27T00:00:00,2023-10-27T00:00:00
csm_000030,cust_00014,seg_002,2024-02-27T00:00:00,2024-03-28T00:00:00,2024-02-27T00:00:00
csm_000031,cust_00014,seg_003,2024-03-28T00:00:00,2024-05-27T00:00:00,2024-03-28T00:00:00
csm_000032,cust_00014,seg_004,2024-05-27T00:00:00,,2024-05-27T00:00:00
csm_000033,cust_00015,seg_001,2025-07-04T00:00:00,,2025-07-04T00:00:00
csm_000034,cust_00016,seg_002,2026-04-11T00:00:00,2026-05-11T00:00:00,2026-04-11T00:00:00
csm_000035,cust_00016,seg_003,2026-05-11T00:00:00,2026-07-10T00:00:00,2026-05-11T00:00:00
csm_000036,cust_00016,seg_004,2026-07-10T00:00:00,,2026-07-10T00:00:00
csm_000037,cust_00017,seg_002,2026-06-18T00:00:00,2026-07-18T00:00:00,2026-06-18T00:00:00
csm_000038,cust_00017,seg_008,2026-06-23T00:00:00,,2026-06-23T00:00:00
csm_000039,cust_00017,seg_003,2026-07-18T00:00:00,,2026-07-18T00:00:00
csm_000040,cust_00018,seg_002,2025-07-25T00:00:00,2025-08-24T00:00:00,2025-07-25T00:00:00
csm_000041,cust_00018,seg_008,2025-08-03T00:00:00,,2025-08-03T00:00:00
csm_000042,cust_00018,seg_003,2025-08-24T00:00:00,2025-10-23T00:00:00,2025-08-24T00:00:00
csm_000043,cust_00018,seg_004,2025-10-23T00:00:00,,2025-10-23T00:00:00
csm_000044,cust_00019,seg_002,2023-08-23T00:00:00,2023-09-22T00:00:00,2023-08-23T00:00:00
csm_000045,cust_00019,seg_003,2023-09-22T00:00:00,2023-11-21T00:00:00,2023-09-22T00:00:00
csm_000046,cust_00019,seg_004,2023-11-21T00:00:00,,2023-11-21T00:00:00
csm_000047,cust_00020,seg_005,2024-09-03T02:48:42,,2024-09-03T02:48:42
csm_000048,cust_00021,seg_002,2025-01-21T00:00:00,2025-02-20T00:00:00,2025-01-21T00:00:00
csm_000049,cust_00021,seg_003,2025-02-20T00:00:00,2025-04-21T00:00:00,2025-02-20T00:00:00
csm_000050,cust_00021,seg_004,2025-04-21T00:00:00,,2025-04-21T00:00:00
csm_000051,cust_00021,seg_008,2025-09-19T00:00:00,,2025-09-19T00:00:00
csm_000052,cust_00022,seg_005,2025-02-24T05:28:19,2026-04-15T00:00:00,2025-02-24T05:28:19
csm_000053,cust_00022,seg_001,2026-04-22T00:00:00,,2026-04-22T00:00:00
csm_000054,cust_00023,seg_001,2026-02-05T00:00:00,2026-03-05T00:00:00,2026-02-05T00:00:00
csm_000055,cust_00023,seg_002,2026-03-05T00:00:00,2026-04-04T00:00:00,2026-03-05T00:00:00
csm_000056,cust_00023,seg_003,2026-04-04T00:00:00,2026-06-03T00:00:00,2026-04-04T00:00:00
csm_000057,cust_00023,seg_004,2026-06-03T00:00:00,2026-07-04T00:00:00,2026-06-03T00:00:00
csm_000058,cust_00023,seg_008,2026-06-25T00:00:00,2026-07-04T00:00:00,2026-06-25T00:00:00
csm_000059,cust_00023,seg_001,2026-07-04T00:00:00,,2026-07-04T00:00:00
csm_000060,cust_00024,seg_005,2026-01-11T05:24:07,,2026-01-11T05:24:07
csm_000061,cust_00025,seg_005,2024-11-04T23:14:35,,2024-11-04T23:14:35
csm_000062,cust_00026,seg_002,2024-08-26T00:00:00,2024-09-25T00:00:00,2024-08-26T00:00:00
csm_000063,cust_00026,seg_003,2024-09-25T00:00:00,2024-11-24T00:00:00,2024-09-25T00:00:00
csm_000064,cust_00026,seg_008,2024-09-26T00:00:00,,2024-09-26T00:00:00
csm_000065,cust_00026,seg_004,2024-11-24T00:00:00,,2024-11-24T00:00:00
csm_000066,cust_00027,seg_002,2025-03-12T00:00:00,2025-04-11T00:00:00,2025-03-12T00:00:00
csm_000067,cust_00027,seg_003,2025-04-11T00:00:00,2025-06-10T00:00:00,2025-04-11T00:00:00
csm_000068,cust_00027,seg_004,2025-06-10T00:00:00,,2025-06-10T00:00:00
csm_000069,cust_00027,seg_008,2025-07-20T00:00:00,,2025-07-20T00:00:00
csm_000070,cust_00028,seg_001,2024-05-28T00:00:00,2024-08-28T00:00:00,2024-05-28T00:00:00
csm_000071,cust_00028,seg_002,2024-08-28T00:00:00,2024-09-27T00:00:00,2024-08-28T00:00:00
csm_000072,cust_00028,seg_003,2024-09-27T00:00:00,2024-11-26T00:00:00,2024-09-27T00:00:00
csm_000073,cust_00028,seg_004,2024-11-26T00:00:00,,2024-11-26T00:00:00
csm_000074,cust_00029,seg_002,2026-05-08T00:00:00,2026-06-07T00:00:00,2026-05-08T00:00:00
csm_000075,cust_00029,seg_003,2026-06-07T00:00:00,,2026-06-07T00:00:00
csm_000076,cust_00029,seg_008,2026-07-02T00:00:00,,2026-07-02T00:00:00
csm_000077,cust_00030,seg_005,2026-07-01T14:55:36,,2026-07-01T14:55:36
csm_000078,cust_00031,seg_002,2025-01-20T00:00:00,2025-02-19T00:00:00,2025-01-20T00:00:00
csm_000079,cust_00031,seg_003,2025-02-19T00:00:00,2025-04-20T00:00:00,2025-02-19T00:00:00
csm_000080,cust_00031,seg_004,2025-04-20T00:00:00,,2025-04-20T00:00:00
csm_000081,cust_00031,seg_008,2025-08-25T00:00:00,,2025-08-25T00:00:00
csm_000082,cust_00032,seg_002,2026-03-01T00:00:00,2026-03-31T00:00:00,2026-03-01T00:00:00
csm_000083,cust_00032,seg_003,2026-03-31T00:00:00,2026-05-30T00:00:00,2026-03-31T00:00:00
csm_000084,cust_00032,seg_004,2026-05-30T00:00:00,,2026-05-30T00:00:00
csm_000085,cust_00032,seg_008,2026-07-29T00:00:00,,2026-07-29T00:00:00
csm_000086,cust_00033,seg_006,2026-07-30T00:00:00,,2026-07-30T00:00:00
csm_000087,cust_00034,seg_005,2024-11-26T08:23:59,,2024-11-26T08:23:59
csm_000088,cust_00035,seg_002,2026-07-26T00:00:00,,2026-07-26T00:00:00
csm_000089,cust_00036,seg_002,2024-09-22T00:00:00,2024-10-22T00:00:00,2024-09-22T00:00:00
csm_000090,cust_00036,seg_008,2024-10-17T00:00:00,,2024-10-17T00:00:00
csm_000091,cust_00036,seg_003,2024-10-22T00:00:00,2024-12-21T00:00:00,2024-10-22T00:00:00
csm_000092,cust_00036,seg_004,2024-12-21T00:00:00,,2024-12-21T00:00:00
csm_000093,cust_00037,seg_002,2023-11-23T00:00:00,2023-12-23T00:00:00,2023-11-23T00:00:00
csm_000094,cust_00037,seg_003,2023-12-23T00:00:00,2024-02-21T00:00:00,2023-12-23T00:00:00
csm_000095,cust_00037,seg_004,2024-02-21T00:00:00,,2024-02-21T00:00:00
csm_000096,cust_00037,seg_008,2024-10-16T00:00:00,,2024-10-16T00:00:00
csm_000097,cust_00038,seg_005,2025-10-03T18:11:35,2026-04-13T00:00:00,2025-10-03T18:11:35
csm_000098,cust_00038,seg_001,2026-04-20T00:00:00,,2026-04-20T00:00:00
csm_000099,cust_00039,seg_001,2024-12-23T00:00:00,2025-01-23T00:00:00,2024-12-23T00:00:00
csm_000100,cust_00039,seg_002,2025-01-23T00:00:00,2025-02-22T00:00:00,2025-01-23T00:00:00
csm_000101,cust_00039,seg_003,2025-02-22T00:00:00,2025-04-23T00:00:00,2025-02-22T00:00:00
csm_000102,cust_00039,seg_004,2025-04-23T00:00:00,,2025-04-23T00:00:00
csm_000103,cust_00039,seg_008,2026-02-05T00:00:00,,2026-02-05T00:00:00
csm_000104,cust_00040,seg_005,2026-02-09T14:53:10,,2026-02-09T14:53:10
csm_000105,cust_00041,seg_002,2023-09-11T00:00:00,2023-10-11T00:00:00,2023-09-11T00:00:00
csm_000106,cust_00041,seg_003,2023-10-11T00:00:00,2023-12-10T00:00:00,2023-10-11T00:00:00
csm_000107,cust_00041,seg_004,2023-12-10T00:00:00,,2023-12-10T00:00:00
csm_000108,cust_00041,seg_008,2024-06-04T00:00:00,,2024-06-04T00:00:00
csm_000109,cust_00042,seg_001,2026-04-13T00:00:00,2026-05-13T00:00:00,2026-04-13T00:00:00
csm_000110,cust_00042,seg_002,2026-05-13T00:00:00,2026-06-12T00:00:00,2026-05-13T00:00:00
csm_000111,cust_00042,seg_008,2026-05-19T00:00:00,2026-07-22T00:00:00,2026-05-19T00:00:00
csm_000112,cust_00042,seg_003,2026-06-12T00:00:00,2026-07-22T00:00:00,2026-06-12T00:00:00
csm_000113,cust_00042,seg_001,2026-07-22T00:00:00,,2026-07-22T00:00:00
csm_000114,cust_00043,seg_002,2025-06-23T00:00:00,2025-07-23T00:00:00,2025-06-23T00:00:00
csm_000115,cust_00043,seg_003,2025-07-23T00:00:00,2025-09-21T00:00:00,2025-07-23T00:00:00
csm_000116,cust_00043,seg_004,2025-09-21T00:00:00,,2025-09-21T00:00:00
csm_000117,cust_00044,seg_002,2024-06-18T00:00:00,2024-07-18T00:00:00,2024-06-18T00:00:00
csm_000118,cust_00044,seg_008,2024-06-19T00:00:00,,2024-06-19T00:00:00
csm_000119,cust_00044,seg_003,2024-07-18T00:00:00,2024-09-16T00:00:00,2024-07-18T00:00:00
csm_000120,cust_00044,seg_004,2024-09-16T00:00:00,,2024-09-16T00:00:00
csm_000121,cust_00045,seg_002,2025-02-15T00:00:00,2025-03-17T00:00:00,2025-02-15T00:00:00
csm_000122,cust_00045,seg_003,2025-03-17T00:00:00,2025-05-16T00:00:00,2025-03-17T00:00:00
csm_000123,cust_00045,seg_004,2025-05-16T00:00:00,,2025-05-16T00:00:00
csm_000124,cust_00045,seg_008,2026-07-03T00:00:00,,2026-07-03T00:00:00
csm_000125,cust_00046,seg_002,2025-03-13T00:00:00,2025-04-12T00:00:00,2025-03-13T00:00:00
csm_000126,cust_00046,seg_003,2025-04-12T00:00:00,2025-06-11T00:00:00,2025-04-12T00:00:00
csm_000127,cust_00046,seg_004,2025-06-11T00:00:00,,2025-06-11T00:00:00
csm_000128,cust_00047,seg_005,2025-11-20T18:04:11,,2025-11-20T18:04:11
csm_000129,cust_00048,seg_002,2025-07-15T00:00:00,2025-08-14T00:00:00,2025-07-15T00:00:00
csm_000130,cust_00048,seg_003,2025-08-14T00:00:00,2025-10-13T00:00:00,2025-08-14T00:00:00
csm_000131,cust_00048,seg_004,2025-10-13T00:00:00,,2025-10-13T00:00:00
csm_000132,cust_00048,seg_008,2025-12-05T00:00:00,,2025-12-05T00:00:00
csm_000133,cust_00049,seg_005,2026-06-10T05:29:15,,2026-06-10T05:29:15
csm_000134,cust_00050,seg_005,2024-04-08T14:19:27,,2024-04-08T14:19:27
csm_000135,cust_00050,seg_007,2025-12-19T00:00:00,,2025-12-19T00:00:00
csm_000136,cust_00051,seg_001,2026-06-07T00:00:00,,2026-06-07T00:00:00
csm_000137,cust_00052,seg_005,2025-02-05T01:40:54,,2025-02-05T01:40:54
csm_000138,cust_00053,seg_002,2025-02-25T00:00:00,2025-03-27T00:00:00,2025-02-25T00:00:00
csm_000139,cust_00053,seg_003,2025-03-27T00:00:00,2025-05-26T00:00:00,2025-03-27T00:00:00
csm_000140,cust_00053,seg_004,2025-05-26T00:00:00,,2025-05-26T00:00:00
csm_000141,cust_00053,seg_008,2026-02-11T00:00:00,,2026-02-11T00:00:00
csm_000142,cust_00054,seg_002,2026-01-10T00:00:00,2026-02-09T00:00:00,2026-01-10T00:00:00
csm_000143,cust_00054,seg_003,2026-02-09T00:00:00,2026-04-10T00:00:00,2026-02-09T00:00:00
csm_000144,cust_00054,seg_008,2026-02-13T00:00:00,,2026-02-13T00:00:00
csm_000145,cust_00054,seg_004,2026-04-10T00:00:00,,2026-04-10T00:00:00
csm_000146,cust_00055,seg_002,2026-04-08T00:00:00,2026-05-08T00:00:00,2026-04-08T00:00:00
csm_000147,cust_00055,seg_003,2026-05-08T00:00:00,2026-07-07T00:00:00,2026-05-08T00:00:00
csm_000148,cust_00055,seg_008,2026-06-30T00:00:00,,2026-06-30T00:00:00
csm_000149,cust_00055,seg_004,2026-07-07T00:00:00,,2026-07-07T00:00:00
csm_000150,cust_00056,seg_005,2023-12-14T08:02:56,,2023-12-14T08:02:56
csm_000151,cust_00057,seg_002,2026-06-22T00:00:00,2026-07-22T00:00:00,2026-06-22T00:00:00
csm_000152,cust_00057,seg_008,2026-07-16T00:00:00,,2026-07-16T00:00:00
csm_000153,cust_00057,seg_003,2026-07-22T00:00:00,,2026-07-22T00:00:00
csm_000154,cust_00058,seg_002,2026-03-14T00:00:00,2026-04-13T00:00:00,2026-03-14T00:00:00
csm_000155,cust_00058,seg_008,2026-03-20T00:00:00,,2026-03-20T00:00:00
csm_000156,cust_00058,seg_003,2026-04-13T00:00:00,2026-06-12T00:00:00,2026-04-13T00:00:00
csm_000157,cust_00058,seg_004,2026-06-12T00:00:00,,2026-06-12T00:00:00
csm_000158,cust_00059,seg_001,2023-08-24T00:00:00,2024-01-24T00:00:00,2023-08-24T00:00:00
csm_000159,cust_00059,seg_002,2024-01-24T00:00:00,2024-02-23T00:00:00,2024-01-24T00:00:00
csm_000160,cust_00059,seg_003,2024-02-23T00:00:00,2024-04-23T00:00:00,2024-02-23T00:00:00
csm_000161,cust_00059,seg_004,2024-04-23T00:00:00,2025-03-27T00:00:00,2024-04-23T00:00:00
csm_000162,cust_00059,seg_008,2024-06-05T00:00:00,2025-03-27T00:00:00,2024-06-05T00:00:00
csm_000163,cust_00059,seg_001,2025-03-27T00:00:00,2025-04-27T00:00:00,2025-03-27T00:00:00
csm_000164,cust_00059,seg_002,2025-04-27T00:00:00,2025-05-27T00:00:00,2025-04-27T00:00:00
csm_000165,cust_00059,seg_003,2025-05-27T00:00:00,2025-07-26T00:00:00,2025-05-27T00:00:00
csm_000166,cust_00059,seg_004,2025-07-26T00:00:00,2026-02-25T00:00:00,2025-07-26T00:00:00
csm_000167,cust_00059,seg_008,2025-10-05T00:00:00,2026-02-25T00:00:00,2025-10-05T00:00:00
csm_000168,cust_00059,seg_007,2025-12-04T00:00:00,,2025-12-04T00:00:00
csm_000169,cust_00059,seg_001,2026-02-25T00:00:00,2026-03-25T00:00:00,2026-02-25T00:00:00
csm_000170,cust_00059,seg_002,2026-03-25T00:00:00,2026-04-24T00:00:00,2026-03-25T00:00:00
csm_000171,cust_00059,seg_003,2026-04-24T00:00:00,2026-06-23T00:00:00,2026-04-24T00:00:00
csm_000172,cust_00059,seg_004,2026-06-23T00:00:00,,2026-06-23T00:00:00
csm_000173,cust_00060,seg_002,2024-11-27T00:00:00,2024-12-27T00:00:00,2024-11-27T00:00:00
csm_000174,cust_00060,seg_008,2024-12-17T00:00:00,,2024-12-17T00:00:00
csm_000175,cust_00060,seg_003,2024-12-27T00:00:00,2025-02-25T00:00:00,2024-12-27T00:00:00
csm_000176,cust_00060,seg_004,2025-02-25T00:00:00,,2025-02-25T00:00:00
csm_000177,cust_00062,seg_002,2025-05-15T00:00:00,2025-06-14T00:00:00,2025-05-15T00:00:00
csm_000178,cust_00062,seg_003,2025-06-14T00:00:00,2025-08-13T00:00:00,2025-06-14T00:00:00
csm_000179,cust_00062,seg_004,2025-08-13T00:00:00,,2025-08-13T00:00:00
csm_000180,cust_00062,seg_008,2025-09-10T00:00:00,,2025-09-10T00:00:00
csm_000181,cust_00063,seg_005,2026-01-31T21:38:26,,2026-01-31T21:38:26
csm_000182,cust_00064,seg_002,2024-12-02T00:00:00,2025-01-01T00:00:00,2024-12-02T00:00:00
csm_000183,cust_00064,seg_003,2025-01-01T00:00:00,2025-03-02T00:00:00,2025-01-01T00:00:00
csm_000184,cust_00064,seg_004,2025-03-02T00:00:00,,2025-03-02T00:00:00
csm_000185,cust_00064,seg_008,2025-10-07T00:00:00,,2025-10-07T00:00:00
csm_000186,cust_00065,seg_002,2026-02-07T00:00:00,2026-03-09T00:00:00,2026-02-07T00:00:00
csm_000187,cust_00065,seg_003,2026-03-09T00:00:00,2026-05-08T00:00:00,2026-03-09T00:00:00
csm_000188,cust_00065,seg_004,2026-05-08T00:00:00,,2026-05-08T00:00:00
csm_000189,cust_00066,seg_005,2025-07-03T16:55:07,,2025-07-03T16:55:07
csm_000190,cust_00067,seg_002,2024-06-18T00:00:00,2024-07-18T00:00:00,2024-06-18T00:00:00
csm_000191,cust_00067,seg_003,2024-07-18T00:00:00,2024-09-16T00:00:00,2024-07-18T00:00:00
csm_000192,cust_00067,seg_004,2024-09-16T00:00:00,,2024-09-16T00:00:00
csm_000193,cust_00068,seg_005,2024-08-22T18:55:15,,2024-08-22T18:55:15
csm_000194,cust_00068,seg_007,2026-04-19T00:00:00,,2026-04-19T00:00:00
csm_000195,cust_00069,seg_005,2026-07-08T06:46:44,,2026-07-08T06:46:44
csm_000196,cust_00070,seg_005,2026-02-21T22:05:43,,2026-02-21T22:05:43
csm_000197,cust_00071,seg_002,2023-09-13T00:00:00,2023-10-13T00:00:00,2023-09-13T00:00:00
csm_000198,cust_00071,seg_003,2023-10-13T00:00:00,2023-12-12T00:00:00,2023-10-13T00:00:00
csm_000199,cust_00071,seg_004,2023-12-12T00:00:00,,2023-12-12T00:00:00
csm_000200,cust_00072,seg_005,2025-08-28T02:46:25,,2025-08-28T02:46:25
csm_000201,cust_00073,seg_002,2026-05-13T00:00:00,2026-06-12T00:00:00,2026-05-13T00:00:00
csm_000202,cust_00073,seg_003,2026-06-12T00:00:00,,2026-06-12T00:00:00
csm_000203,cust_00074,seg_001,2023-11-16T00:00:00,,2023-11-16T00:00:00
csm_000204,cust_00074,seg_007,2025-04-16T00:00:00,,2025-04-16T00:00:00
csm_000205,cust_00075,seg_002,2024-01-08T00:00:00,2024-02-07T00:00:00,2024-01-08T00:00:00
csm_000206,cust_00075,seg_003,2024-02-07T00:00:00,2024-04-07T00:00:00,2024-02-07T00:00:00
csm_000207,cust_00075,seg_004,2024-04-07T00:00:00,,2024-04-07T00:00:00
csm_000208,cust_00075,seg_008,2024-05-09T00:00:00,,2024-05-09T00:00:00
csm_000209,cust_00076,seg_005,2025-03-09T08:01:44,,2025-03-09T08:01:44
csm_000210,cust_00077,seg_002,2024-06-22T00:00:00,2024-07-22T00:00:00,2024-06-22T00:00:00
csm_000211,cust_00077,seg_003,2024-07-22T00:00:00,2024-09-20T00:00:00,2024-07-22T00:00:00
csm_000212,cust_00077,seg_004,2024-09-20T00:00:00,,2024-09-20T00:00:00
csm_000213,cust_00078,seg_001,2026-06-16T00:00:00,2026-07-16T00:00:00,2026-06-16T00:00:00
csm_000214,cust_00078,seg_002,2026-07-16T00:00:00,,2026-07-16T00:00:00
csm_000215,cust_00079,seg_002,2025-04-05T00:00:00,2025-05-05T00:00:00,2025-04-05T00:00:00
csm_000216,cust_00079,seg_008,2025-04-29T00:00:00,,2025-04-29T00:00:00
csm_000217,cust_00079,seg_003,2025-05-05T00:00:00,2025-07-04T00:00:00,2025-05-05T00:00:00
csm_000218,cust_00079,seg_004,2025-07-04T00:00:00,,2025-07-04T00:00:00
csm_000219,cust_00080,seg_002,2023-11-21T00:00:00,2023-12-21T00:00:00,2023-11-21T00:00:00
csm_000220,cust_00080,seg_003,2023-12-21T00:00:00,2024-02-19T00:00:00,2023-12-21T00:00:00
csm_000221,cust_00080,seg_004,2024-02-19T00:00:00,,2024-02-19T00:00:00
csm_000222,cust_00081,seg_002,2023-09-20T00:00:00,2023-10-20T00:00:00,2023-09-20T00:00:00
csm_000223,cust_00081,seg_003,2023-10-20T00:00:00,2023-12-19T00:00:00,2023-10-20T00:00:00
csm_000224,cust_00081,seg_004,2023-12-19T00:00:00,,2023-12-19T00:00:00
csm_000225,cust_00081,seg_008,2024-12-05T00:00:00,,2024-12-05T00:00:00
csm_000226,cust_00082,seg_005,2025-05-03T16:57:32,,2025-05-03T16:57:32
csm_000227,cust_00083,seg_002,2025-03-22T00:00:00,2025-04-21T00:00:00,2025-03-22T00:00:00
csm_000228,cust_00083,seg_003,2025-04-21T00:00:00,2025-06-20T00:00:00,2025-04-21T00:00:00
csm_000229,cust_00083,seg_004,2025-06-20T00:00:00,,2025-06-20T00:00:00
csm_000230,cust_00085,seg_002,2023-10-21T00:00:00,2023-11-20T00:00:00,2023-10-21T00:00:00
csm_000231,cust_00085,seg_008,2023-10-29T00:00:00,,2023-10-29T00:00:00
csm_000232,cust_00085,seg_003,2023-11-20T00:00:00,2024-01-19T00:00:00,2023-11-20T00:00:00
csm_000233,cust_00085,seg_004,2024-01-19T00:00:00,,2024-01-19T00:00:00
csm_000234,cust_00086,seg_005,2025-01-14T20:00:30,,2025-01-14T20:00:30
csm_000235,cust_00087,seg_001,2026-01-16T00:00:00,2026-04-16T00:00:00,2026-01-16T00:00:00
csm_000236,cust_00087,seg_002,2026-04-16T00:00:00,2026-05-16T00:00:00,2026-04-16T00:00:00
csm_000237,cust_00087,seg_003,2026-05-16T00:00:00,2026-07-15T00:00:00,2026-05-16T00:00:00
csm_000238,cust_00087,seg_004,2026-07-15T00:00:00,,2026-07-15T00:00:00
csm_000239,cust_00088,seg_005,2024-02-24T16:50:15,,2024-02-24T16:50:15
csm_000240,cust_00089,seg_002,2025-08-09T00:00:00,2025-09-08T00:00:00,2025-08-09T00:00:00
csm_000241,cust_00089,seg_003,2025-09-08T00:00:00,2025-11-07T00:00:00,2025-09-08T00:00:00
csm_000242,cust_00089,seg_004,2025-11-07T00:00:00,,2025-11-07T00:00:00
csm_000243,cust_00090,seg_002,2025-01-11T00:00:00,2025-02-10T00:00:00,2025-01-11T00:00:00
csm_000244,cust_00090,seg_008,2025-02-03T00:00:00,,2025-02-03T00:00:00
csm_000245,cust_00090,seg_003,2025-02-10T00:00:00,2025-04-11T00:00:00,2025-02-10T00:00:00
csm_000246,cust_00090,seg_004,2025-04-11T00:00:00,,2025-04-11T00:00:00
csm_000247,cust_00091,seg_005,2025-01-15T02:16:01,,2025-01-15T02:16:01
csm_000248,cust_00092,seg_001,2024-03-16T00:00:00,2024-10-16T00:00:00,2024-03-16T00:00:00
csm_000249,cust_00092,seg_002,2024-10-16T00:00:00,2024-11-15T00:00:00,2024-10-16T00:00:00
csm_000250,cust_00092,seg_003,2024-11-15T00:00:00,2025-01-14T00:00:00,2024-11-15T00:00:00
csm_000251,cust_00092,seg_004,2025-01-14T00:00:00,,2025-01-14T00:00:00
csm_000252,cust_00093,seg_002,2026-06-26T00:00:00,2026-07-26T00:00:00,2026-06-26T00:00:00
csm_000253,cust_00093,seg_008,2026-06-30T00:00:00,,2026-06-30T00:00:00
csm_000254,cust_00093,seg_003,2026-07-26T00:00:00,,2026-07-26T00:00:00
csm_000255,cust_00094,seg_005,2024-02-06T20:05:56,,2024-02-06T20:05:56
csm_000256,cust_00095,seg_001,2023-12-06T00:00:00,,2023-12-06T00:00:00
csm_000257,cust_00095,seg_007,2024-12-06T00:00:00,,2024-12-06T00:00:00
csm_000258,cust_00096,seg_005,2026-05-27T17:42:24,,2026-05-27T17:42:24
csm_000259,cust_00097,seg_005,2025-03-22T00:00:40,,2025-03-22T00:00:40
csm_000260,cust_00098,seg_001,2024-01-15T00:00:00,2024-02-15T00:00:00,2024-01-15T00:00:00
csm_000261,cust_00098,seg_002,2024-02-15T00:00:00,2024-03-16T00:00:00,2024-02-15T00:00:00
csm_000262,cust_00098,seg_003,2024-03-16T00:00:00,2024-05-15T00:00:00,2024-03-16T00:00:00
csm_000263,cust_00098,seg_004,2024-05-15T00:00:00,,2024-05-15T00:00:00
csm_000264,cust_00099,seg_002,2025-10-16T00:00:00,2025-11-15T00:00:00,2025-10-16T00:00:00
csm_000265,cust_00099,seg_003,2025-11-15T00:00:00,2026-01-14T00:00:00,2025-11-15T00:00:00
csm_000266,cust_00099,seg_004,2026-01-14T00:00:00,,2026-01-14T00:00:00
csm_000267,cust_00099,seg_008,2026-05-19T00:00:00,,2026-05-19T00:00:00
csm_000268,cust_00100,seg_005,2024-04-12T14:31:17,,2024-04-12T14:31:17
csm_000269,cust_00101,seg_006,2026-07-29T00:00:00,,2026-07-29T00:00:00
csm_000270,cust_00102,seg_005,2025-01-18T00:11:24,,2025-01-18T00:11:24
csm_000271,cust_00102,seg_007,2026-05-27T00:00:00,,2026-05-27T00:00:00
csm_000272,cust_00103,seg_005,2025-10-05T02:59:21,2026-07-04T00:00:00,2025-10-05T02:59:21
csm_000273,cust_00103,seg_001,2026-07-11T00:00:00,,2026-07-11T00:00:00
csm_000274,cust_00104,seg_005,2023-10-22T00:08:52,,2023-10-22T00:08:52
csm_000275,cust_00104,seg_007,2026-01-20T00:00:00,,2026-01-20T00:00:00
csm_000276,cust_00105,seg_005,2026-03-08T11:26:23,,2026-03-08T11:26:23
csm_000277,cust_00106,seg_005,2024-10-20T08:43:25,,2024-10-20T08:43:25
csm_000278,cust_00107,seg_002,2025-01-13T00:00:00,2025-02-12T00:00:00,2025-01-13T00:00:00
csm_000279,cust_00107,seg_003,2025-02-12T00:00:00,2025-04-13T00:00:00,2025-02-12T00:00:00
csm_000280,cust_00107,seg_004,2025-04-13T00:00:00,,2025-04-13T00:00:00
csm_000281,cust_00107,seg_008,2025-10-09T00:00:00,,2025-10-09T00:00:00
csm_000282,cust_00108,seg_005,2025-04-16T03:03:00,,2025-04-16T03:03:00
csm_000283,cust_00109,seg_005,2025-03-05T05:38:20,2026-02-28T00:00:00,2025-03-05T05:38:20
csm_000284,cust_00109,seg_002,2026-03-01T00:00:00,2026-03-31T00:00:00,2026-03-01T00:00:00
csm_000285,cust_00109,seg_003,2026-03-31T00:00:00,2026-05-30T00:00:00,2026-03-31T00:00:00
csm_000286,cust_00109,seg_008,2026-04-05T00:00:00,,2026-04-05T00:00:00
csm_000287,cust_00109,seg_004,2026-05-30T00:00:00,,2026-05-30T00:00:00
csm_000288,cust_00110,seg_001,2025-01-04T00:00:00,2025-03-04T00:00:00,2025-01-04T00:00:00
csm_000289,cust_00110,seg_002,2025-03-04T00:00:00,2025-04-03T00:00:00,2025-03-04T00:00:00
csm_000290,cust_00110,seg_003,2025-04-03T00:00:00,2025-06-02T00:00:00,2025-04-03T00:00:00
csm_000291,cust_00110,seg_004,2025-06-02T00:00:00,,2025-06-02T00:00:00
csm_000292,cust_00111,seg_002,2025-01-21T00:00:00,2025-02-20T00:00:00,2025-01-21T00:00:00
csm_000293,cust_00111,seg_003,2025-02-20T00:00:00,2025-04-21T00:00:00,2025-02-20T00:00:00
csm_000294,cust_00111,seg_004,2025-04-21T00:00:00,,2025-04-21T00:00:00
csm_000295,cust_00112,seg_005,2026-06-21T16:33:57,,2026-06-21T16:33:57
csm_000296,cust_00113,seg_005,2026-05-12T08:22:13,,2026-05-12T08:22:13
csm_000297,cust_00114,seg_005,2024-07-29T19:15:21,2025-09-04T00:00:00,2024-07-29T19:15:21
csm_000298,cust_00114,seg_007,2025-05-11T00:00:00,,2025-05-11T00:00:00
csm_000299,cust_00114,seg_001,2025-09-11T00:00:00,2025-11-11T00:00:00,2025-09-11T00:00:00
csm_000300,cust_00114,seg_002,2025-11-11T00:00:00,2025-12-11T00:00:00,2025-11-11T00:00:00
csm_000301,cust_00114,seg_003,2025-12-11T00:00:00,2026-02-09T00:00:00,2025-12-11T00:00:00
csm_000302,cust_00114,seg_004,2026-02-09T00:00:00,,2026-02-09T00:00:00
csm_000303,cust_00114,seg_008,2026-05-20T00:00:00,,2026-05-20T00:00:00
csm_000304,cust_00115,seg_005,2025-04-19T10:43:24,,2025-04-19T10:43:24
csm_000305,cust_00116,seg_005,2026-01-07T02:03:13,,2026-01-07T02:03:13
csm_000306,cust_00117,seg_002,2025-11-30T00:00:00,2025-12-30T00:00:00,2025-11-30T00:00:00
csm_000307,cust_00117,seg_003,2025-12-30T00:00:00,2026-02-28T00:00:00,2025-12-30T00:00:00
csm_000308,cust_00117,seg_004,2026-02-28T00:00:00,,2026-02-28T00:00:00
csm_000309,cust_00118,seg_005,2023-12-03T11:38:19,,2023-12-03T11:38:19
csm_000310,cust_00118,seg_007,2025-11-25T00:00:00,,2025-11-25T00:00:00
csm_000311,cust_00119,seg_005,2025-01-28T15:35:56,,2025-01-28T15:35:56
csm_000312,cust_00119,seg_007,2026-05-03T00:00:00,,2026-05-03T00:00:00
csm_000313,cust_00120,seg_005,2025-11-25T14:17:08,,2025-11-25T14:17:08
csm_000314,cust_00121,seg_005,2024-02-26T08:26:15,,2024-02-26T08:26:15
csm_000315,cust_00121,seg_007,2026-04-26T00:00:00,,2026-04-26T00:00:00
csm_000316,cust_00122,seg_002,2023-12-01T00:00:00,2023-12-31T00:00:00,2023-12-01T00:00:00
csm_000317,cust_00122,seg_003,2023-12-31T00:00:00,2024-02-29T00:00:00,2023-12-31T00:00:00
csm_000318,cust_00122,seg_004,2024-02-29T00:00:00,,2024-02-29T00:00:00
csm_000319,cust_00123,seg_002,2025-12-22T00:00:00,2026-01-21T00:00:00,2025-12-22T00:00:00
csm_000320,cust_00123,seg_003,2026-01-21T00:00:00,2026-03-22T00:00:00,2026-01-21T00:00:00
csm_000321,cust_00123,seg_008,2026-01-24T00:00:00,,2026-01-24T00:00:00
csm_000322,cust_00123,seg_004,2026-03-22T00:00:00,,2026-03-22T00:00:00
csm_000323,cust_00124,seg_001,2024-12-04T00:00:00,,2024-12-04T00:00:00
csm_000324,cust_00124,seg_007,2025-11-04T00:00:00,,2025-11-04T00:00:00
csm_000325,cust_00125,seg_005,2026-03-27T20:12:42,,2026-03-27T20:12:42
csm_000326,cust_00126,seg_005,2025-02-18T21:03:52,,2025-02-18T21:03:52
csm_000327,cust_00127,seg_002,2025-03-06T00:00:00,2025-04-05T00:00:00,2025-03-06T00:00:00
csm_000328,cust_00127,seg_003,2025-04-05T00:00:00,2025-06-04T00:00:00,2025-04-05T00:00:00
csm_000329,cust_00127,seg_004,2025-06-04T00:00:00,,2025-06-04T00:00:00
csm_000330,cust_00128,seg_002,2026-04-18T00:00:00,2026-05-18T00:00:00,2026-04-18T00:00:00
csm_000331,cust_00128,seg_003,2026-05-18T00:00:00,2026-07-17T00:00:00,2026-05-18T00:00:00
csm_000332,cust_00128,seg_004,2026-07-17T00:00:00,,2026-07-17T00:00:00
csm_000333,cust_00129,seg_002,2026-05-06T00:00:00,2026-06-05T00:00:00,2026-05-06T00:00:00
csm_000334,cust_00129,seg_003,2026-06-05T00:00:00,,2026-06-05T00:00:00
csm_000335,cust_00130,seg_005,2024-01-14T17:57:36,,2024-01-14T17:57:36
csm_000336,cust_00130,seg_007,2025-06-26T00:00:00,,2025-06-26T00:00:00
csm_000337,cust_00131,seg_005,2026-02-19T08:59:59,,2026-02-19T08:59:59
csm_000338,cust_00132,seg_001,2026-01-24T00:00:00,2026-03-24T00:00:00,2026-01-24T00:00:00
csm_000339,cust_00132,seg_002,2026-03-24T00:00:00,2026-04-23T00:00:00,2026-03-24T00:00:00
csm_000340,cust_00132,seg_003,2026-04-23T00:00:00,2026-06-22T00:00:00,2026-04-23T00:00:00
csm_000341,cust_00132,seg_004,2026-06-22T00:00:00,,2026-06-22T00:00:00
csm_000342,cust_00133,seg_005,2024-07-05T16:12:08,2025-11-13T00:00:00,2024-07-05T16:12:08
csm_000343,cust_00133,seg_002,2025-11-20T00:00:00,2025-12-20T00:00:00,2025-11-20T00:00:00
csm_000344,cust_00133,seg_003,2025-12-20T00:00:00,2026-02-18T00:00:00,2025-12-20T00:00:00
csm_000345,cust_00133,seg_004,2026-02-18T00:00:00,,2026-02-18T00:00:00
csm_000346,cust_00134,seg_002,2025-08-13T00:00:00,2025-09-12T00:00:00,2025-08-13T00:00:00
csm_000347,cust_00134,seg_003,2025-09-12T00:00:00,2025-11-11T00:00:00,2025-09-12T00:00:00
csm_000348,cust_00134,seg_004,2025-11-11T00:00:00,,2025-11-11T00:00:00
csm_000349,cust_00135,seg_001,2026-04-21T00:00:00,,2026-04-21T00:00:00
csm_000350,cust_00136,seg_005,2023-11-17T14:46:12,,2023-11-17T14:46:12
csm_000351,cust_00137,seg_005,2025-08-13T23:44:19,,2025-08-13T23:44:19
csm_000352,cust_00138,seg_005,2024-11-18T20:53:54,,2024-11-18T20:53:54
csm_000353,cust_00139,seg_005,2024-08-21T11:09:04,,2024-08-21T11:09:04
csm_000354,cust_00139,seg_007,2026-04-01T00:00:00,,2026-04-01T00:00:00
csm_000355,cust_00140,seg_002,2023-09-02T00:00:00,2023-10-02T00:00:00,2023-09-02T00:00:00
csm_000356,cust_00140,seg_003,2023-10-02T00:00:00,2023-12-01T00:00:00,2023-10-02T00:00:00
csm_000357,cust_00140,seg_004,2023-12-01T00:00:00,,2023-12-01T00:00:00
csm_000358,cust_00140,seg_008,2024-04-30T00:00:00,,2024-04-30T00:00:00
csm_000359,cust_00141,seg_002,2024-01-17T00:00:00,2024-02-16T00:00:00,2024-01-17T00:00:00
csm_000360,cust_00141,seg_003,2024-02-16T00:00:00,2024-04-16T00:00:00,2024-02-16T00:00:00
csm_000361,cust_00141,seg_004,2024-04-16T00:00:00,,2024-04-16T00:00:00
csm_000362,cust_00141,seg_008,2024-12-16T00:00:00,,2024-12-16T00:00:00
csm_000363,cust_00142,seg_005,2024-03-28T10:52:33,,2024-03-28T10:52:33
csm_000364,cust_00143,seg_002,2024-11-25T00:00:00,2024-12-25T00:00:00,2024-11-25T00:00:00
csm_000365,cust_00143,seg_003,2024-12-25T00:00:00,2025-02-23T00:00:00,2024-12-25T00:00:00
csm_000366,cust_00143,seg_004,2025-02-23T00:00:00,,2025-02-23T00:00:00
csm_000367,cust_00144,seg_002,2026-03-30T00:00:00,2026-04-29T00:00:00,2026-03-30T00:00:00
csm_000368,cust_00144,seg_003,2026-04-29T00:00:00,2026-06-28T00:00:00,2026-04-29T00:00:00
csm_000369,cust_00144,seg_004,2026-06-28T00:00:00,,2026-06-28T00:00:00
csm_000370,cust_00145,seg_002,2024-01-17T00:00:00,2024-02-16T00:00:00,2024-01-17T00:00:00
csm_000371,cust_00145,seg_003,2024-02-16T00:00:00,2024-04-16T00:00:00,2024-02-16T00:00:00
csm_000372,cust_00145,seg_004,2024-04-16T00:00:00,,2024-04-16T00:00:00
csm_000373,cust_00146,seg_001,2023-12-21T00:00:00,2024-01-21T00:00:00,2023-12-21T00:00:00
csm_000374,cust_00146,seg_002,2024-01-21T00:00:00,2024-02-20T00:00:00,2024-01-21T00:00:00
csm_000375,cust_00146,seg_003,2024-02-20T00:00:00,2024-04-20T00:00:00,2024-02-20T00:00:00
csm_000376,cust_00146,seg_004,2024-04-20T00:00:00,,2024-04-20T00:00:00
csm_000377,cust_00147,seg_005,2023-11-12T21:18:17,,2023-11-12T21:18:17
csm_000378,cust_00148,seg_002,2026-02-01T00:00:00,2026-03-03T00:00:00,2026-02-01T00:00:00
csm_000379,cust_00148,seg_003,2026-03-03T00:00:00,2026-05-02T00:00:00,2026-03-03T00:00:00
csm_000380,cust_00148,seg_004,2026-05-02T00:00:00,,2026-05-02T00:00:00
csm_000381,cust_00148,seg_008,2026-05-22T00:00:00,,2026-05-22T00:00:00
csm_000382,cust_00149,seg_002,2026-02-12T00:00:00,2026-03-14T00:00:00,2026-02-12T00:00:00
csm_000383,cust_00149,seg_003,2026-03-14T00:00:00,2026-05-13T00:00:00,2026-03-14T00:00:00
csm_000384,cust_00149,seg_004,2026-05-13T00:00:00,,2026-05-13T00:00:00
csm_000385,cust_00150,seg_002,2024-03-19T00:00:00,2024-04-18T00:00:00,2024-03-19T00:00:00
csm_000386,cust_00150,seg_003,2024-04-18T00:00:00,2024-06-17T00:00:00,2024-04-18T00:00:00
csm_000387,cust_00150,seg_004,2024-06-17T00:00:00,,2024-06-17T00:00:00
csm_000388,cust_00150,seg_008,2025-12-19T00:00:00,,2025-12-19T00:00:00
csm_000389,cust_00151,seg_005,2024-07-07T19:17:56,,2024-07-07T19:17:56
csm_000390,cust_00152,seg_002,2025-12-15T00:00:00,2026-01-14T00:00:00,2025-12-15T00:00:00
csm_000391,cust_00152,seg_003,2026-01-14T00:00:00,2026-03-15T00:00:00,2026-01-14T00:00:00
csm_000392,cust_00152,seg_004,2026-03-15T00:00:00,,2026-03-15T00:00:00
csm_000393,cust_00153,seg_005,2025-10-22T19:43:33,,2025-10-22T19:43:33
csm_000394,cust_00154,seg_002,2023-09-12T00:00:00,2023-10-12T00:00:00,2023-09-12T00:00:00
csm_000395,cust_00154,seg_003,2023-10-12T00:00:00,2023-12-11T00:00:00,2023-10-12T00:00:00
csm_000396,cust_00154,seg_004,2023-12-11T00:00:00,,2023-12-11T00:00:00
csm_000397,cust_00155,seg_002,2025-12-07T00:00:00,2026-01-06T00:00:00,2025-12-07T00:00:00
csm_000398,cust_00155,seg_008,2026-01-01T00:00:00,,2026-01-01T00:00:00
csm_000399,cust_00155,seg_003,2026-01-06T00:00:00,2026-03-07T00:00:00,2026-01-06T00:00:00
csm_000400,cust_00155,seg_004,2026-03-07T00:00:00,,2026-03-07T00:00:00
csm_000401,cust_00156,seg_002,2025-11-07T00:00:00,2025-12-07T00:00:00,2025-11-07T00:00:00
csm_000402,cust_00156,seg_003,2025-12-07T00:00:00,2026-02-05T00:00:00,2025-12-07T00:00:00
csm_000403,cust_00156,seg_004,2026-02-05T00:00:00,,2026-02-05T00:00:00
csm_000404,cust_00157,seg_001,2026-01-17T00:00:00,,2026-01-17T00:00:00
csm_000405,cust_00158,seg_002,2025-07-02T00:00:00,2025-08-01T00:00:00,2025-07-02T00:00:00
csm_000406,cust_00158,seg_003,2025-08-01T00:00:00,2025-09-30T00:00:00,2025-08-01T00:00:00
csm_000407,cust_00158,seg_004,2025-09-30T00:00:00,,2025-09-30T00:00:00
csm_000408,cust_00158,seg_008,2025-12-24T00:00:00,,2025-12-24T00:00:00
csm_000409,cust_00159,seg_005,2026-05-29T00:12:23,,2026-05-29T00:12:23
csm_000410,cust_00160,seg_005,2024-03-06T04:36:10,2025-02-01T00:00:00,2024-03-06T04:36:10
csm_000411,cust_00160,seg_002,2025-02-08T00:00:00,2025-03-10T00:00:00,2025-02-08T00:00:00
csm_000412,cust_00160,seg_003,2025-03-10T00:00:00,2025-05-09T00:00:00,2025-03-10T00:00:00
csm_000413,cust_00160,seg_004,2025-05-09T00:00:00,,2025-05-09T00:00:00
csm_000414,cust_00160,seg_008,2025-09-20T00:00:00,,2025-09-20T00:00:00
csm_000415,cust_00160,seg_007,2025-10-01T00:00:00,,2025-10-01T00:00:00
csm_000416,cust_00161,seg_005,2024-10-30T21:58:27,,2024-10-30T21:58:27
csm_000417,cust_00162,seg_001,2025-02-16T00:00:00,2025-05-16T00:00:00,2025-02-16T00:00:00
csm_000418,cust_00162,seg_002,2025-05-16T00:00:00,2025-06-15T00:00:00,2025-05-16T00:00:00
csm_000419,cust_00162,seg_003,2025-06-15T00:00:00,2025-08-14T00:00:00,2025-06-15T00:00:00
csm_000420,cust_00162,seg_004,2025-08-14T00:00:00,2025-10-19T00:00:00,2025-08-14T00:00:00
csm_000421,cust_00162,seg_008,2025-09-15T00:00:00,2025-10-19T00:00:00,2025-09-15T00:00:00
csm_000422,cust_00162,seg_001,2025-10-19T00:00:00,2026-01-19T00:00:00,2025-10-19T00:00:00
csm_000423,cust_00162,seg_002,2026-01-19T00:00:00,2026-02-18T00:00:00,2026-01-19T00:00:00
csm_000424,cust_00162,seg_003,2026-02-18T00:00:00,2026-03-05T00:00:00,2026-02-18T00:00:00
csm_000425,cust_00162,seg_001,2026-03-05T00:00:00,2026-04-05T00:00:00,2026-03-05T00:00:00
csm_000426,cust_00162,seg_002,2026-04-05T00:00:00,2026-05-05T00:00:00,2026-04-05T00:00:00
csm_000427,cust_00162,seg_003,2026-05-05T00:00:00,2026-07-04T00:00:00,2026-05-05T00:00:00
csm_000428,cust_00162,seg_004,2026-07-04T00:00:00,,2026-07-04T00:00:00
csm_000429,cust_00163,seg_005,2026-07-27T14:57:32,,2026-07-27T14:57:32
csm_000430,cust_00164,seg_002,2024-09-21T00:00:00,2024-10-21T00:00:00,2024-09-21T00:00:00
csm_000431,cust_00164,seg_008,2024-09-24T00:00:00,,2024-09-24T00:00:00
csm_000432,cust_00164,seg_003,2024-10-21T00:00:00,2024-12-20T00:00:00,2024-10-21T00:00:00
csm_000433,cust_00164,seg_004,2024-12-20T00:00:00,,2024-12-20T00:00:00
csm_000434,cust_00165,seg_002,2025-08-02T00:00:00,2025-09-01T00:00:00,2025-08-02T00:00:00
csm_000435,cust_00165,seg_008,2025-08-18T00:00:00,,2025-08-18T00:00:00
csm_000436,cust_00165,seg_003,2025-09-01T00:00:00,2025-10-31T00:00:00,2025-09-01T00:00:00
csm_000437,cust_00165,seg_004,2025-10-31T00:00:00,,2025-10-31T00:00:00
csm_000438,cust_00166,seg_001,2024-12-09T00:00:00,2025-01-09T00:00:00,2024-12-09T00:00:00
csm_000439,cust_00166,seg_002,2025-01-09T00:00:00,2025-02-08T00:00:00,2025-01-09T00:00:00
csm_000440,cust_00166,seg_003,2025-02-08T00:00:00,2025-04-09T00:00:00,2025-02-08T00:00:00
csm_000441,cust_00166,seg_004,2025-04-09T00:00:00,,2025-04-09T00:00:00
csm_000442,cust_00167,seg_005,2024-02-11T10:17:38,2024-12-27T00:00:00,2024-02-11T10:17:38
csm_000443,cust_00167,seg_002,2024-12-29T00:00:00,2025-01-28T00:00:00,2024-12-29T00:00:00
csm_000444,cust_00167,seg_003,2025-01-28T00:00:00,2025-03-29T00:00:00,2025-01-28T00:00:00
csm_000445,cust_00167,seg_004,2025-03-29T00:00:00,,2025-03-29T00:00:00
csm_000446,cust_00167,seg_008,2025-04-08T00:00:00,,2025-04-08T00:00:00
csm_000447,cust_00167,seg_007,2025-11-16T00:00:00,,2025-11-16T00:00:00
csm_000448,cust_00168,seg_002,2024-12-02T00:00:00,2025-01-01T00:00:00,2024-12-02T00:00:00
csm_000449,cust_00168,seg_003,2025-01-01T00:00:00,2025-03-02T00:00:00,2025-01-01T00:00:00
csm_000450,cust_00168,seg_008,2025-02-03T00:00:00,,2025-02-03T00:00:00
csm_000451,cust_00168,seg_004,2025-03-02T00:00:00,,2025-03-02T00:00:00
csm_000452,cust_00169,seg_002,2023-12-30T00:00:00,2024-01-29T00:00:00,2023-12-30T00:00:00
csm_000453,cust_00169,seg_008,2024-01-01T00:00:00,,2024-01-01T00:00:00
csm_000454,cust_00169,seg_003,2024-01-29T00:00:00,2024-03-29T00:00:00,2024-01-29T00:00:00
csm_000455,cust_00169,seg_004,2024-03-29T00:00:00,,2024-03-29T00:00:00
csm_000456,cust_00170,seg_005,2024-05-24T09:51:06,,2024-05-24T09:51:06
csm_000457,cust_00170,seg_007,2025-06-05T00:00:00,,2025-06-05T00:00:00
csm_000458,cust_00171,seg_005,2023-11-17T13:51:04,,2023-11-17T13:51:04
csm_000459,cust_00171,seg_007,2026-04-10T00:00:00,,2026-04-10T00:00:00
csm_000460,cust_00172,seg_005,2023-12-22T14:04:07,,2023-12-22T14:04:07
csm_000461,cust_00173,seg_005,2026-02-01T10:29:27,,2026-02-01T10:29:27
csm_000462,cust_00174,seg_005,2024-03-30T06:44:00,,2024-03-30T06:44:00
csm_000463,cust_00175,seg_002,2023-12-28T00:00:00,2024-01-27T00:00:00,2023-12-28T00:00:00
csm_000464,cust_00175,seg_008,2024-01-02T00:00:00,,2024-01-02T00:00:00
csm_000465,cust_00175,seg_003,2024-01-27T00:00:00,2024-03-27T00:00:00,2024-01-27T00:00:00
csm_000466,cust_00175,seg_004,2024-03-27T00:00:00,,2024-03-27T00:00:00
csm_000467,cust_00176,seg_005,2025-01-24T20:09:46,,2025-01-24T20:09:46
csm_000468,cust_00177,seg_002,2026-06-08T00:00:00,2026-07-08T00:00:00,2026-06-08T00:00:00
csm_000469,cust_00177,seg_003,2026-07-08T00:00:00,,2026-07-08T00:00:00
csm_000470,cust_00177,seg_008,2026-07-08T00:00:00,,2026-07-08T00:00:00
csm_000471,cust_00178,seg_002,2024-05-06T00:00:00,2024-06-05T00:00:00,2024-05-06T00:00:00
csm_000472,cust_00178,seg_008,2024-05-28T00:00:00,,2024-05-28T00:00:00
csm_000473,cust_00178,seg_003,2024-06-05T00:00:00,2024-08-04T00:00:00,2024-06-05T00:00:00
csm_000474,cust_00178,seg_004,2024-08-04T00:00:00,,2024-08-04T00:00:00
csm_000475,cust_00179,seg_002,2024-01-04T00:00:00,2024-02-03T00:00:00,2024-01-04T00:00:00
csm_000476,cust_00179,seg_003,2024-02-03T00:00:00,2024-04-03T00:00:00,2024-02-03T00:00:00
csm_000477,cust_00179,seg_008,2024-03-27T00:00:00,,2024-03-27T00:00:00
csm_000478,cust_00179,seg_004,2024-04-03T00:00:00,,2024-04-03T00:00:00
csm_000479,cust_00180,seg_001,2026-01-09T00:00:00,,2026-01-09T00:00:00
csm_000480,cust_00181,seg_001,2023-12-22T00:00:00,2024-03-22T00:00:00,2023-12-22T00:00:00
csm_000481,cust_00181,seg_002,2024-03-22T00:00:00,2024-04-21T00:00:00,2024-03-22T00:00:00
csm_000482,cust_00181,seg_003,2024-04-21T00:00:00,2024-06-20T00:00:00,2024-04-21T00:00:00
csm_000483,cust_00181,seg_004,2024-06-20T00:00:00,,2024-06-20T00:00:00
csm_000484,cust_00182,seg_002,2026-01-26T00:00:00,2026-02-25T00:00:00,2026-01-26T00:00:00
csm_000485,cust_00182,seg_003,2026-02-25T00:00:00,2026-04-26T00:00:00,2026-02-25T00:00:00
csm_000486,cust_00182,seg_004,2026-04-26T00:00:00,,2026-04-26T00:00:00
csm_000487,cust_00182,seg_008,2026-05-05T00:00:00,,2026-05-05T00:00:00
csm_000488,cust_00183,seg_005,2026-05-06T05:57:56,,2026-05-06T05:57:56
csm_000489,cust_00184,seg_005,2024-06-23T11:27:10,,2024-06-23T11:27:10
csm_000490,cust_00185,seg_002,2026-01-20T00:00:00,2026-02-19T00:00:00,2026-01-20T00:00:00
csm_000491,cust_00185,seg_003,2026-02-19T00:00:00,2026-04-20T00:00:00,2026-02-19T00:00:00
csm_000492,cust_00185,seg_004,2026-04-20T00:00:00,,2026-04-20T00:00:00
csm_000493,cust_00185,seg_008,2026-04-21T00:00:00,,2026-04-21T00:00:00
csm_000494,cust_00186,seg_005,2025-09-27T10:03:28,2026-03-12T00:00:00,2025-09-27T10:03:28
csm_000495,cust_00186,seg_001,2026-03-19T00:00:00,2026-04-19T00:00:00,2026-03-19T00:00:00
csm_000496,cust_00186,seg_002,2026-04-19T00:00:00,2026-05-19T00:00:00,2026-04-19T00:00:00
csm_000497,cust_00186,seg_003,2026-05-19T00:00:00,2026-07-18T00:00:00,2026-05-19T00:00:00
csm_000498,cust_00186,seg_008,2026-06-04T00:00:00,,2026-06-04T00:00:00
csm_000499,cust_00186,seg_004,2026-07-18T00:00:00,,2026-07-18T00:00:00
csm_000500,cust_00187,seg_002,2024-01-14T00:00:00,2024-02-13T00:00:00,2024-01-14T00:00:00
csm_000501,cust_00187,seg_003,2024-02-13T00:00:00,2024-04-13T00:00:00,2024-02-13T00:00:00
csm_000502,cust_00187,seg_004,2024-04-13T00:00:00,,2024-04-13T00:00:00
csm_000503,cust_00187,seg_008,2024-12-15T00:00:00,,2024-12-15T00:00:00
csm_000504,cust_00188,seg_005,2026-06-18T10:38:23,,2026-06-18T10:38:23
csm_000505,cust_00189,seg_005,2023-11-02T04:52:15,2024-06-03T00:00:00,2023-11-02T04:52:15
csm_000506,cust_00189,seg_001,2024-06-10T00:00:00,,2024-06-10T00:00:00
csm_000507,cust_00189,seg_007,2025-09-10T00:00:00,,2025-09-10T00:00:00
csm_000508,cust_00190,seg_002,2025-06-27T00:00:00,2025-07-27T00:00:00,2025-06-27T00:00:00
csm_000509,cust_00190,seg_003,2025-07-27T00:00:00,2025-09-25T00:00:00,2025-07-27T00:00:00
csm_000510,cust_00190,seg_008,2025-08-12T00:00:00,,2025-08-12T00:00:00
csm_000511,cust_00190,seg_004,2025-09-25T00:00:00,,2025-09-25T00:00:00
csm_000512,cust_00191,seg_001,2024-04-26T00:00:00,2024-05-26T00:00:00,2024-04-26T00:00:00
csm_000513,cust_00191,seg_002,2024-05-26T00:00:00,2024-06-25T00:00:00,2024-05-26T00:00:00
csm_000514,cust_00191,seg_003,2024-06-25T00:00:00,2024-08-24T00:00:00,2024-06-25T00:00:00
csm_000515,cust_00191,seg_004,2024-08-24T00:00:00,2025-11-21T00:00:00,2024-08-24T00:00:00
csm_000516,cust_00191,seg_008,2024-08-25T00:00:00,2025-11-21T00:00:00,2024-08-25T00:00:00
csm_000517,cust_00191,seg_001,2025-11-21T00:00:00,2025-12-21T00:00:00,2025-11-21T00:00:00
csm_000518,cust_00191,seg_002,2025-12-21T00:00:00,2026-01-20T00:00:00,2025-12-21T00:00:00
csm_000519,cust_00191,seg_003,2026-01-20T00:00:00,2026-03-12T00:00:00,2026-01-20T00:00:00
csm_000520,cust_00191,seg_001,2026-03-12T00:00:00,2026-04-12T00:00:00,2026-03-12T00:00:00
csm_000521,cust_00191,seg_002,2026-04-12T00:00:00,2026-05-12T00:00:00,2026-04-12T00:00:00
csm_000522,cust_00191,seg_003,2026-05-12T00:00:00,2026-05-22T00:00:00,2026-05-12T00:00:00
csm_000523,cust_00191,seg_001,2026-05-22T00:00:00,,2026-05-22T00:00:00
csm_000524,cust_00192,seg_005,2024-12-24T20:25:32,,2024-12-24T20:25:32
csm_000525,cust_00192,seg_007,2025-12-18T00:00:00,,2025-12-18T00:00:00
csm_000526,cust_00193,seg_002,2026-03-25T00:00:00,2026-04-24T00:00:00,2026-03-25T00:00:00
csm_000527,cust_00193,seg_003,2026-04-24T00:00:00,2026-06-23T00:00:00,2026-04-24T00:00:00
csm_000528,cust_00193,seg_004,2026-06-23T00:00:00,,2026-06-23T00:00:00
csm_000529,cust_00194,seg_005,2025-12-06T11:00:24,,2025-12-06T11:00:24
csm_000530,cust_00195,seg_001,2024-08-11T00:00:00,2024-10-11T00:00:00,2024-08-11T00:00:00
csm_000531,cust_00195,seg_002,2024-10-11T00:00:00,2024-11-10T00:00:00,2024-10-11T00:00:00
csm_000532,cust_00195,seg_003,2024-11-10T00:00:00,2025-01-09T00:00:00,2024-11-10T00:00:00
csm_000533,cust_00195,seg_004,2025-01-09T00:00:00,,2025-01-09T00:00:00
csm_000534,cust_00196,seg_002,2024-12-01T00:00:00,2024-12-31T00:00:00,2024-12-01T00:00:00
csm_000535,cust_00196,seg_003,2024-12-31T00:00:00,2025-03-01T00:00:00,2024-12-31T00:00:00
csm_000536,cust_00196,seg_008,2025-01-14T00:00:00,,2025-01-14T00:00:00
csm_000537,cust_00196,seg_004,2025-03-01T00:00:00,,2025-03-01T00:00:00
csm_000538,cust_00197,seg_001,2025-04-12T00:00:00,,2025-04-12T00:00:00
csm_000539,cust_00198,seg_002,2024-05-04T00:00:00,2024-06-03T00:00:00,2024-05-04T00:00:00
csm_000540,cust_00198,seg_003,2024-06-03T00:00:00,2024-08-02T00:00:00,2024-06-03T00:00:00
csm_000541,cust_00198,seg_004,2024-08-02T00:00:00,,2024-08-02T00:00:00
csm_000542,cust_00198,seg_008,2024-09-17T00:00:00,,2024-09-17T00:00:00
csm_000543,cust_00199,seg_005,2025-11-15T20:28:34,,2025-11-15T20:28:34
csm_000544,cust_00200,seg_001,2024-01-17T00:00:00,2024-02-17T00:00:00,2024-01-17T00:00:00
csm_000545,cust_00200,seg_002,2024-02-17T00:00:00,2024-03-18T00:00:00,2024-02-17T00:00:00
csm_000546,cust_00200,seg_003,2024-03-18T00:00:00,2024-05-17T00:00:00,2024-03-18T00:00:00
csm_000547,cust_00200,seg_004,2024-05-17T00:00:00,,2024-05-17T00:00:00
csm_000548,cust_00201,seg_005,2026-07-08T04:11:50,,2026-07-08T04:11:50
csm_000549,cust_00202,seg_001,2025-03-01T00:00:00,2025-06-01T00:00:00,2025-03-01T00:00:00
csm_000550,cust_00202,seg_002,2025-06-01T00:00:00,2025-07-01T00:00:00,2025-06-01T00:00:00
csm_000551,cust_00202,seg_003,2025-07-01T00:00:00,2025-08-30T00:00:00,2025-07-01T00:00:00
csm_000552,cust_00202,seg_004,2025-08-30T00:00:00,,2025-08-30T00:00:00
csm_000553,cust_00203,seg_001,2025-09-30T00:00:00,,2025-09-30T00:00:00
csm_000554,cust_00204,seg_005,2025-01-19T10:09:31,,2025-01-19T10:09:31
csm_000555,cust_00204,seg_007,2026-06-07T00:00:00,,2026-06-07T00:00:00
csm_000556,cust_00205,seg_005,2024-03-03T15:37:08,,2024-03-03T15:37:08
csm_000557,cust_00206,seg_005,2026-02-23T11:15:41,,2026-02-23T11:15:41
csm_000558,cust_00207,seg_005,2025-09-24T18:59:24,,2025-09-24T18:59:24
csm_000559,cust_00208,seg_002,2024-07-14T00:00:00,2024-08-13T00:00:00,2024-07-14T00:00:00
csm_000560,cust_00208,seg_003,2024-08-13T00:00:00,2024-10-12T00:00:00,2024-08-13T00:00:00
csm_000561,cust_00208,seg_004,2024-10-12T00:00:00,,2024-10-12T00:00:00
csm_000562,cust_00209,seg_005,2026-03-10T10:49:14,,2026-03-10T10:49:14
csm_000563,cust_00210,seg_005,2025-02-25T09:07:59,,2025-02-25T09:07:59
csm_000564,cust_00211,seg_001,2026-01-10T00:00:00,2026-07-10T00:00:00,2026-01-10T00:00:00
csm_000565,cust_00211,seg_002,2026-07-10T00:00:00,,2026-07-10T00:00:00
csm_000566,cust_00212,seg_002,2024-12-17T00:00:00,2025-01-16T00:00:00,2024-12-17T00:00:00
csm_000567,cust_00212,seg_003,2025-01-16T00:00:00,2025-03-17T00:00:00,2025-01-16T00:00:00
csm_000568,cust_00212,seg_004,2025-03-17T00:00:00,,2025-03-17T00:00:00
csm_000569,cust_00212,seg_008,2026-01-15T00:00:00,,2026-01-15T00:00:00
csm_000570,cust_00213,seg_005,2024-04-14T02:59:14,,2024-04-14T02:59:14
csm_000571,cust_00213,seg_007,2026-03-05T00:00:00,,2026-03-05T00:00:00
csm_000572,cust_00214,seg_001,2026-05-11T00:00:00,2026-06-11T00:00:00,2026-05-11T00:00:00
csm_000573,cust_00214,seg_002,2026-06-11T00:00:00,2026-07-11T00:00:00,2026-06-11T00:00:00
csm_000574,cust_00214,seg_003,2026-07-11T00:00:00,,2026-07-11T00:00:00
csm_000575,cust_00215,seg_001,2025-11-28T00:00:00,2026-05-28T00:00:00,2025-11-28T00:00:00
csm_000576,cust_00215,seg_002,2026-05-28T00:00:00,2026-06-27T00:00:00,2026-05-28T00:00:00
csm_000577,cust_00215,seg_003,2026-06-27T00:00:00,,2026-06-27T00:00:00
csm_000578,cust_00216,seg_005,2025-11-27T23:04:03,,2025-11-27T23:04:03
csm_000579,cust_00217,seg_001,2025-10-02T00:00:00,2026-01-02T00:00:00,2025-10-02T00:00:00
csm_000580,cust_00217,seg_002,2026-01-02T00:00:00,2026-02-01T00:00:00,2026-01-02T00:00:00
csm_000581,cust_00217,seg_003,2026-02-01T00:00:00,2026-04-02T00:00:00,2026-02-01T00:00:00
csm_000582,cust_00217,seg_004,2026-04-02T00:00:00,,2026-04-02T00:00:00
csm_000583,cust_00218,seg_005,2026-03-19T18:00:29,,2026-03-19T18:00:29
csm_000584,cust_00219,seg_002,2023-11-05T00:00:00,2023-12-05T00:00:00,2023-11-05T00:00:00
csm_000585,cust_00219,seg_003,2023-12-05T00:00:00,2024-02-03T00:00:00,2023-12-05T00:00:00
csm_000586,cust_00219,seg_004,2024-02-03T00:00:00,,2024-02-03T00:00:00
csm_000587,cust_00219,seg_008,2024-05-10T00:00:00,,2024-05-10T00:00:00
csm_000588,cust_00220,seg_002,2025-10-02T00:00:00,2025-11-01T00:00:00,2025-10-02T00:00:00
csm_000589,cust_00220,seg_003,2025-11-01T00:00:00,2025-12-31T00:00:00,2025-11-01T00:00:00
csm_000590,cust_00220,seg_004,2025-12-31T00:00:00,,2025-12-31T00:00:00
csm_000591,cust_00220,seg_008,2026-01-19T00:00:00,,2026-01-19T00:00:00
csm_000592,cust_00221,seg_005,2026-03-01T02:22:07,,2026-03-01T02:22:07
csm_000593,cust_00222,seg_002,2025-09-01T00:00:00,2025-10-01T00:00:00,2025-09-01T00:00:00
csm_000594,cust_00222,seg_003,2025-10-01T00:00:00,2025-11-30T00:00:00,2025-10-01T00:00:00
csm_000595,cust_00222,seg_004,2025-11-30T00:00:00,,2025-11-30T00:00:00
csm_000596,cust_00223,seg_002,2025-01-17T00:00:00,2025-02-16T00:00:00,2025-01-17T00:00:00
csm_000597,cust_00223,seg_003,2025-02-16T00:00:00,2025-04-17T00:00:00,2025-02-16T00:00:00
csm_000598,cust_00223,seg_008,2025-03-29T00:00:00,,2025-03-29T00:00:00
csm_000599,cust_00223,seg_004,2025-04-17T00:00:00,,2025-04-17T00:00:00
csm_000600,cust_00224,seg_002,2026-07-10T00:00:00,,2026-07-10T00:00:00
csm_000601,cust_00225,seg_002,2026-03-04T00:00:00,2026-04-03T00:00:00,2026-03-04T00:00:00
csm_000602,cust_00225,seg_003,2026-04-03T00:00:00,2026-06-02T00:00:00,2026-04-03T00:00:00
csm_000603,cust_00225,seg_008,2026-05-27T00:00:00,,2026-05-27T00:00:00
csm_000604,cust_00225,seg_004,2026-06-02T00:00:00,,2026-06-02T00:00:00
csm_000605,cust_00226,seg_005,2025-08-01T18:58:54,,2025-08-01T18:58:54
csm_000606,cust_00227,seg_005,2026-06-10T11:10:49,,2026-06-10T11:10:49
csm_000607,cust_00228,seg_001,2024-02-23T00:00:00,2025-02-23T00:00:00,2024-02-23T00:00:00
csm_000608,cust_00228,seg_002,2025-02-23T00:00:00,2025-03-25T00:00:00,2025-02-23T00:00:00
csm_000609,cust_00228,seg_003,2025-03-25T00:00:00,2025-05-24T00:00:00,2025-03-25T00:00:00
csm_000610,cust_00228,seg_004,2025-05-24T00:00:00,,2025-05-24T00:00:00
csm_000611,cust_00229,seg_002,2023-11-30T00:00:00,2023-12-30T00:00:00,2023-11-30T00:00:00
csm_000612,cust_00229,seg_003,2023-12-30T00:00:00,2024-02-28T00:00:00,2023-12-30T00:00:00
csm_000613,cust_00229,seg_004,2024-02-28T00:00:00,,2024-02-28T00:00:00
csm_000614,cust_00229,seg_008,2024-08-10T00:00:00,,2024-08-10T00:00:00
csm_000615,cust_00230,seg_002,2023-11-06T00:00:00,2023-12-06T00:00:00,2023-11-06T00:00:00
csm_000616,cust_00230,seg_003,2023-12-06T00:00:00,2024-02-04T00:00:00,2023-12-06T00:00:00
csm_000617,cust_00230,seg_004,2024-02-04T00:00:00,,2024-02-04T00:00:00
csm_000618,cust_00230,seg_008,2024-02-26T00:00:00,,2024-02-26T00:00:00
csm_000619,cust_00231,seg_002,2025-04-24T00:00:00,2025-05-24T00:00:00,2025-04-24T00:00:00
csm_000620,cust_00231,seg_003,2025-05-24T00:00:00,2025-07-23T00:00:00,2025-05-24T00:00:00
csm_000621,cust_00231,seg_004,2025-07-23T00:00:00,,2025-07-23T00:00:00
csm_000622,cust_00232,seg_005,2025-01-12T22:42:56,,2025-01-12T22:42:56
csm_000623,cust_00233,seg_005,2025-06-04T03:18:31,,2025-06-04T03:18:31
csm_000624,cust_00234,seg_002,2025-05-29T00:00:00,2025-06-28T00:00:00,2025-05-29T00:00:00
csm_000625,cust_00234,seg_003,2025-06-28T00:00:00,2025-08-27T00:00:00,2025-06-28T00:00:00
csm_000626,cust_00234,seg_008,2025-07-29T00:00:00,,2025-07-29T00:00:00
csm_000627,cust_00234,seg_004,2025-08-27T00:00:00,,2025-08-27T00:00:00
csm_000628,cust_00235,seg_005,2025-03-15T21:43:59,2026-05-24T00:00:00,2025-03-15T21:43:59
csm_000629,cust_00235,seg_002,2026-05-31T00:00:00,2026-06-30T00:00:00,2026-05-31T00:00:00
csm_000630,cust_00235,seg_003,2026-06-30T00:00:00,,2026-06-30T00:00:00
csm_000631,cust_00235,seg_008,2026-07-21T00:00:00,,2026-07-21T00:00:00
csm_000632,cust_00236,seg_002,2025-10-29T00:00:00,2025-11-28T00:00:00,2025-10-29T00:00:00
csm_000633,cust_00236,seg_003,2025-11-28T00:00:00,2026-01-27T00:00:00,2025-11-28T00:00:00
csm_000634,cust_00236,seg_004,2026-01-27T00:00:00,,2026-01-27T00:00:00
csm_000635,cust_00237,seg_005,2023-09-02T17:54:39,,2023-09-02T17:54:39
csm_000636,cust_00237,seg_007,2024-09-16T00:00:00,,2024-09-16T00:00:00
csm_000637,cust_00238,seg_005,2024-03-16T04:45:54,,2024-03-16T04:45:54
csm_000638,cust_00238,seg_007,2025-08-02T00:00:00,,2025-08-02T00:00:00
csm_000639,cust_00239,seg_002,2026-07-04T00:00:00,,2026-07-04T00:00:00
csm_000640,cust_00240,seg_002,2026-04-14T00:00:00,2026-05-14T00:00:00,2026-04-14T00:00:00
csm_000641,cust_00240,seg_003,2026-05-14T00:00:00,2026-07-13T00:00:00,2026-05-14T00:00:00
csm_000642,cust_00240,seg_004,2026-07-13T00:00:00,,2026-07-13T00:00:00
csm_000643,cust_00241,seg_002,2024-05-23T00:00:00,2024-06-22T00:00:00,2024-05-23T00:00:00
csm_000644,cust_00241,seg_003,2024-06-22T00:00:00,2024-08-21T00:00:00,2024-06-22T00:00:00
csm_000645,cust_00241,seg_008,2024-08-03T00:00:00,,2024-08-03T00:00:00
csm_000646,cust_00241,seg_004,2024-08-21T00:00:00,,2024-08-21T00:00:00
csm_000647,cust_00242,seg_002,2026-02-27T00:00:00,2026-03-29T00:00:00,2026-02-27T00:00:00
csm_000648,cust_00242,seg_003,2026-03-29T00:00:00,2026-05-28T00:00:00,2026-03-29T00:00:00
csm_000649,cust_00242,seg_004,2026-05-28T00:00:00,,2026-05-28T00:00:00
csm_000650,cust_00242,seg_008,2026-07-22T00:00:00,,2026-07-22T00:00:00
csm_000651,cust_00243,seg_002,2025-04-07T00:00:00,2025-05-07T00:00:00,2025-04-07T00:00:00
csm_000652,cust_00243,seg_003,2025-05-07T00:00:00,2025-07-06T00:00:00,2025-05-07T00:00:00
csm_000653,cust_00243,seg_004,2025-07-06T00:00:00,,2025-07-06T00:00:00
csm_000654,cust_00243,seg_008,2025-08-14T00:00:00,,2025-08-14T00:00:00
csm_000655,cust_00244,seg_005,2025-12-20T10:32:00,,2025-12-20T10:32:00
csm_000656,cust_00245,seg_002,2025-05-08T00:00:00,2025-06-07T00:00:00,2025-05-08T00:00:00
csm_000657,cust_00245,seg_008,2025-05-27T00:00:00,,2025-05-27T00:00:00
csm_000658,cust_00245,seg_003,2025-06-07T00:00:00,2025-08-06T00:00:00,2025-06-07T00:00:00
csm_000659,cust_00245,seg_004,2025-08-06T00:00:00,,2025-08-06T00:00:00
csm_000660,cust_00246,seg_005,2025-12-13T14:21:53,,2025-12-13T14:21:53
csm_000661,cust_00247,seg_005,2025-11-21T21:04:40,,2025-11-21T21:04:40
csm_000662,cust_00248,seg_005,2025-11-14T14:37:31,,2025-11-14T14:37:31
csm_000663,cust_00249,seg_002,2026-02-10T00:00:00,2026-03-12T00:00:00,2026-02-10T00:00:00
csm_000664,cust_00249,seg_003,2026-03-12T00:00:00,2026-05-11T00:00:00,2026-03-12T00:00:00
csm_000665,cust_00249,seg_004,2026-05-11T00:00:00,,2026-05-11T00:00:00
csm_000666,cust_00249,seg_008,2026-06-05T00:00:00,,2026-06-05T00:00:00
csm_000667,cust_00250,seg_001,2025-08-12T00:00:00,,2025-08-12T00:00:00
csm_000668,cust_00251,seg_002,2026-01-31T00:00:00,2026-03-02T00:00:00,2026-01-31T00:00:00
csm_000669,cust_00251,seg_003,2026-03-02T00:00:00,2026-05-01T00:00:00,2026-03-02T00:00:00
csm_000670,cust_00251,seg_004,2026-05-01T00:00:00,,2026-05-01T00:00:00
csm_000671,cust_00252,seg_002,2024-06-24T00:00:00,2024-07-24T00:00:00,2024-06-24T00:00:00
csm_000672,cust_00252,seg_003,2024-07-24T00:00:00,2024-09-22T00:00:00,2024-07-24T00:00:00
csm_000673,cust_00252,seg_004,2024-09-22T00:00:00,,2024-09-22T00:00:00
csm_000674,cust_00252,seg_008,2025-10-28T00:00:00,,2025-10-28T00:00:00
csm_000675,cust_00253,seg_001,2026-04-06T00:00:00,,2026-04-06T00:00:00
csm_000676,cust_00254,seg_002,2026-06-11T00:00:00,2026-07-11T00:00:00,2026-06-11T00:00:00
csm_000677,cust_00254,seg_008,2026-07-03T00:00:00,,2026-07-03T00:00:00
csm_000678,cust_00254,seg_003,2026-07-11T00:00:00,,2026-07-11T00:00:00
csm_000679,cust_00255,seg_002,2024-02-10T00:00:00,2024-03-11T00:00:00,2024-02-10T00:00:00
csm_000680,cust_00255,seg_003,2024-03-11T00:00:00,2024-05-10T00:00:00,2024-03-11T00:00:00
csm_000681,cust_00255,seg_004,2024-05-10T00:00:00,,2024-05-10T00:00:00
csm_000682,cust_00256,seg_005,2025-03-22T14:07:59,,2025-03-22T14:07:59
csm_000683,cust_00257,seg_005,2024-01-30T02:25:49,,2024-01-30T02:25:49
csm_000684,cust_00258,seg_005,2025-09-19T07:24:03,,2025-09-19T07:24:03
csm_000685,cust_00259,seg_001,2026-05-30T00:00:00,,2026-05-30T00:00:00
csm_000686,cust_00260,seg_002,2024-08-09T00:00:00,2024-09-08T00:00:00,2024-08-09T00:00:00
csm_000687,cust_00260,seg_003,2024-09-08T00:00:00,2024-11-07T00:00:00,2024-09-08T00:00:00
csm_000688,cust_00260,seg_004,2024-11-07T00:00:00,,2024-11-07T00:00:00
csm_000689,cust_00260,seg_008,2025-07-01T00:00:00,,2025-07-01T00:00:00
csm_000690,cust_00261,seg_005,2025-11-15T09:48:11,,2025-11-15T09:48:11
csm_000691,cust_00262,seg_001,2025-08-11T00:00:00,,2025-08-11T00:00:00
csm_000692,cust_00263,seg_002,2024-02-02T00:00:00,2024-03-03T00:00:00,2024-02-02T00:00:00
csm_000693,cust_00263,seg_003,2024-03-03T00:00:00,2024-05-02T00:00:00,2024-03-03T00:00:00
csm_000694,cust_00263,seg_008,2024-04-28T00:00:00,,2024-04-28T00:00:00
csm_000695,cust_00263,seg_004,2024-05-02T00:00:00,,2024-05-02T00:00:00
csm_000696,cust_00264,seg_005,2025-10-10T12:35:44,,2025-10-10T12:35:44
csm_000697,cust_00265,seg_001,2026-04-21T00:00:00,,2026-04-21T00:00:00
csm_000698,cust_00266,seg_001,2026-01-12T00:00:00,,2026-01-12T00:00:00
csm_000699,cust_00267,seg_002,2024-06-10T00:00:00,2024-07-10T00:00:00,2024-06-10T00:00:00
csm_000700,cust_00267,seg_003,2024-07-10T00:00:00,2024-09-08T00:00:00,2024-07-10T00:00:00
csm_000701,cust_00267,seg_004,2024-09-08T00:00:00,,2024-09-08T00:00:00
csm_000702,cust_00267,seg_008,2024-12-07T00:00:00,,2024-12-07T00:00:00
csm_000703,cust_00268,seg_005,2025-03-16T21:06:23,,2025-03-16T21:06:23
csm_000704,cust_00269,seg_002,2026-07-29T00:00:00,,2026-07-29T00:00:00
csm_000705,cust_00270,seg_002,2025-03-15T00:00:00,2025-04-14T00:00:00,2025-03-15T00:00:00
csm_000706,cust_00270,seg_003,2025-04-14T00:00:00,2025-06-13T00:00:00,2025-04-14T00:00:00
csm_000707,cust_00270,seg_004,2025-06-13T00:00:00,,2025-06-13T00:00:00
csm_000708,cust_00270,seg_008,2026-02-24T00:00:00,,2026-02-24T00:00:00
csm_000709,cust_00271,seg_005,2026-06-09T19:37:23,,2026-06-09T19:37:23
csm_000710,cust_00272,seg_001,2025-12-15T00:00:00,2026-01-15T00:00:00,2025-12-15T00:00:00
csm_000711,cust_00272,seg_002,2026-01-15T00:00:00,2026-02-14T00:00:00,2026-01-15T00:00:00
csm_000712,cust_00272,seg_003,2026-02-14T00:00:00,2026-04-15T00:00:00,2026-02-14T00:00:00
csm_000713,cust_00272,seg_004,2026-04-15T00:00:00,,2026-04-15T00:00:00
csm_000714,cust_00273,seg_001,2026-01-31T00:00:00,2026-02-28T00:00:00,2026-01-31T00:00:00
csm_000715,cust_00273,seg_002,2026-02-28T00:00:00,2026-03-30T00:00:00,2026-02-28T00:00:00
csm_000716,cust_00273,seg_003,2026-03-30T00:00:00,2026-05-29T00:00:00,2026-03-30T00:00:00
csm_000717,cust_00273,seg_004,2026-05-29T00:00:00,,2026-05-29T00:00:00
csm_000718,cust_00274,seg_002,2024-03-19T00:00:00,2024-04-18T00:00:00,2024-03-19T00:00:00
csm_000719,cust_00274,seg_003,2024-04-18T00:00:00,2024-06-17T00:00:00,2024-04-18T00:00:00
csm_000720,cust_00274,seg_004,2024-06-17T00:00:00,,2024-06-17T00:00:00
csm_000721,cust_00274,seg_008,2025-03-14T00:00:00,,2025-03-14T00:00:00
csm_000722,cust_00275,seg_002,2026-03-05T00:00:00,2026-04-04T00:00:00,2026-03-05T00:00:00
csm_000723,cust_00275,seg_003,2026-04-04T00:00:00,2026-06-03T00:00:00,2026-04-04T00:00:00
csm_000724,cust_00275,seg_008,2026-04-11T00:00:00,,2026-04-11T00:00:00
csm_000725,cust_00275,seg_004,2026-06-03T00:00:00,,2026-06-03T00:00:00
csm_000726,cust_00276,seg_005,2024-09-04T08:02:40,,2024-09-04T08:02:40
csm_000727,cust_00276,seg_007,2026-07-26T00:00:00,,2026-07-26T00:00:00
csm_000728,cust_00277,seg_001,2026-03-04T00:00:00,,2026-03-04T00:00:00
csm_000729,cust_00278,seg_002,2026-06-14T00:00:00,2026-07-14T00:00:00,2026-06-14T00:00:00
csm_000730,cust_00278,seg_003,2026-07-14T00:00:00,,2026-07-14T00:00:00
csm_000731,cust_00279,seg_005,2024-06-12T22:18:39,,2024-06-12T22:18:39
csm_000732,cust_00280,seg_001,2025-07-01T00:00:00,2025-09-01T00:00:00,2025-07-01T00:00:00
csm_000733,cust_00280,seg_002,2025-09-01T00:00:00,2025-10-01T00:00:00,2025-09-01T00:00:00
csm_000734,cust_00280,seg_003,2025-10-01T00:00:00,2025-11-30T00:00:00,2025-10-01T00:00:00
csm_000735,cust_00280,seg_004,2025-11-30T00:00:00,,2025-11-30T00:00:00
csm_000736,cust_00281,seg_002,2026-05-12T00:00:00,2026-06-11T00:00:00,2026-05-12T00:00:00
csm_000737,cust_00281,seg_008,2026-05-19T00:00:00,,2026-05-19T00:00:00
csm_000738,cust_00281,seg_003,2026-06-11T00:00:00,,2026-06-11T00:00:00
csm_000739,cust_00282,seg_001,2026-03-01T00:00:00,2026-05-01T00:00:00,2026-03-01T00:00:00
csm_000740,cust_00282,seg_002,2026-05-01T00:00:00,2026-05-31T00:00:00,2026-05-01T00:00:00
csm_000741,cust_00282,seg_003,2026-05-31T00:00:00,2026-07-28T00:00:00,2026-05-31T00:00:00
csm_000742,cust_00282,seg_001,2026-07-28T00:00:00,,2026-07-28T00:00:00
csm_000743,cust_00283,seg_002,2026-01-15T00:00:00,2026-02-14T00:00:00,2026-01-15T00:00:00
csm_000744,cust_00283,seg_003,2026-02-14T00:00:00,2026-04-15T00:00:00,2026-02-14T00:00:00
csm_000745,cust_00283,seg_004,2026-04-15T00:00:00,,2026-04-15T00:00:00
csm_000746,cust_00283,seg_008,2026-04-22T00:00:00,,2026-04-22T00:00:00
csm_000747,cust_00284,seg_001,2024-01-11T00:00:00,2024-02-11T00:00:00,2024-01-11T00:00:00
csm_000748,cust_00284,seg_002,2024-02-11T00:00:00,2024-03-12T00:00:00,2024-02-11T00:00:00
csm_000749,cust_00284,seg_003,2024-03-12T00:00:00,2024-05-11T00:00:00,2024-03-12T00:00:00
csm_000750,cust_00284,seg_004,2024-05-11T00:00:00,2026-01-03T00:00:00,2024-05-11T00:00:00
csm_000751,cust_00284,seg_001,2026-01-03T00:00:00,2026-02-03T00:00:00,2026-01-03T00:00:00
csm_000752,cust_00284,seg_002,2026-02-03T00:00:00,2026-03-05T00:00:00,2026-02-03T00:00:00
csm_000753,cust_00284,seg_003,2026-03-05T00:00:00,2026-05-04T00:00:00,2026-03-05T00:00:00
csm_000754,cust_00284,seg_004,2026-05-04T00:00:00,,2026-05-04T00:00:00
csm_000755,cust_00285,seg_005,2026-06-04T05:15:37,,2026-06-04T05:15:37
csm_000756,cust_00286,seg_002,2025-04-22T00:00:00,2025-05-22T00:00:00,2025-04-22T00:00:00
csm_000757,cust_00286,seg_003,2025-05-22T00:00:00,2025-07-21T00:00:00,2025-05-22T00:00:00
csm_000758,cust_00286,seg_008,2025-06-14T00:00:00,,2025-06-14T00:00:00
csm_000759,cust_00286,seg_004,2025-07-21T00:00:00,,2025-07-21T00:00:00
csm_000760,cust_00287,seg_002,2026-02-23T00:00:00,2026-03-25T00:00:00,2026-02-23T00:00:00
csm_000761,cust_00287,seg_003,2026-03-25T00:00:00,2026-05-24T00:00:00,2026-03-25T00:00:00
csm_000762,cust_00287,seg_004,2026-05-24T00:00:00,,2026-05-24T00:00:00
csm_000763,cust_00287,seg_008,2026-06-17T00:00:00,,2026-06-17T00:00:00
csm_000764,cust_00288,seg_005,2024-02-08T04:40:42,,2024-02-08T04:40:42
csm_000765,cust_00288,seg_007,2025-09-23T00:00:00,,2025-09-23T00:00:00
csm_000766,cust_00289,seg_002,2025-04-10T00:00:00,2025-05-10T00:00:00,2025-04-10T00:00:00
csm_000767,cust_00289,seg_003,2025-05-10T00:00:00,2025-07-09T00:00:00,2025-05-10T00:00:00
csm_000768,cust_00289,seg_004,2025-07-09T00:00:00,,2025-07-09T00:00:00
csm_000769,cust_00289,seg_008,2026-01-30T00:00:00,,2026-01-30T00:00:00
csm_000770,cust_00290,seg_001,2024-10-03T00:00:00,2025-02-03T00:00:00,2024-10-03T00:00:00
csm_000771,cust_00290,seg_002,2025-02-03T00:00:00,2025-03-05T00:00:00,2025-02-03T00:00:00
csm_000772,cust_00290,seg_003,2025-03-05T00:00:00,2025-05-04T00:00:00,2025-03-05T00:00:00
csm_000773,cust_00290,seg_004,2025-05-04T00:00:00,,2025-05-04T00:00:00
csm_000774,cust_00291,seg_005,2025-12-18T23:32:14,,2025-12-18T23:32:14
csm_000775,cust_00292,seg_005,2024-04-12T04:40:27,,2024-04-12T04:40:27
csm_000776,cust_00293,seg_002,2025-01-28T00:00:00,2025-02-27T00:00:00,2025-01-28T00:00:00
csm_000777,cust_00293,seg_003,2025-02-27T00:00:00,2025-04-28T00:00:00,2025-02-27T00:00:00
csm_000778,cust_00293,seg_008,2025-04-06T00:00:00,,2025-04-06T00:00:00
csm_000779,cust_00293,seg_004,2025-04-28T00:00:00,,2025-04-28T00:00:00
csm_000780,cust_00294,seg_002,2025-11-24T00:00:00,2025-12-24T00:00:00,2025-11-24T00:00:00
csm_000781,cust_00294,seg_003,2025-12-24T00:00:00,2026-02-22T00:00:00,2025-12-24T00:00:00
csm_000782,cust_00294,seg_008,2026-01-06T00:00:00,,2026-01-06T00:00:00
csm_000783,cust_00294,seg_004,2026-02-22T00:00:00,,2026-02-22T00:00:00
csm_000784,cust_00295,seg_005,2024-06-23T08:38:16,,2024-06-23T08:38:16
csm_000785,cust_00296,seg_002,2024-01-14T00:00:00,2024-02-13T00:00:00,2024-01-14T00:00:00
csm_000786,cust_00296,seg_003,2024-02-13T00:00:00,2024-04-13T00:00:00,2024-02-13T00:00:00
csm_000787,cust_00296,seg_004,2024-04-13T00:00:00,,2024-04-13T00:00:00
csm_000788,cust_00297,seg_002,2025-06-19T00:00:00,2025-07-19T00:00:00,2025-06-19T00:00:00
csm_000789,cust_00297,seg_003,2025-07-19T00:00:00,2025-09-17T00:00:00,2025-07-19T00:00:00
csm_000790,cust_00297,seg_004,2025-09-17T00:00:00,,2025-09-17T00:00:00
csm_000791,cust_00298,seg_002,2024-11-19T00:00:00,2024-12-19T00:00:00,2024-11-19T00:00:00
csm_000792,cust_00298,seg_003,2024-12-19T00:00:00,2025-02-17T00:00:00,2024-12-19T00:00:00
csm_000793,cust_00298,seg_004,2025-02-17T00:00:00,,2025-02-17T00:00:00
csm_000794,cust_00298,seg_008,2025-06-15T00:00:00,,2025-06-15T00:00:00
csm_000795,cust_00299,seg_005,2023-09-28T08:40:52,,2023-09-28T08:40:52
csm_000796,cust_00299,seg_007,2025-03-08T00:00:00,,2025-03-08T00:00:00
csm_000797,cust_00300,seg_005,2026-01-18T19:11:46,,2026-01-18T19:11:46
csm_000798,cust_00301,seg_005,2025-01-22T18:01:49,2025-09-17T00:00:00,2025-01-22T18:01:49
csm_000799,cust_00301,seg_002,2025-09-24T00:00:00,2025-10-24T00:00:00,2025-09-24T00:00:00
csm_000800,cust_00301,seg_003,2025-10-24T00:00:00,2025-12-23T00:00:00,2025-10-24T00:00:00
csm_000801,cust_00301,seg_008,2025-11-06T00:00:00,,2025-11-06T00:00:00
csm_000802,cust_00301,seg_004,2025-12-23T00:00:00,,2025-12-23T00:00:00
csm_000803,cust_00302,seg_005,2026-05-27T11:31:18,,2026-05-27T11:31:18
csm_000804,cust_00303,seg_005,2024-02-22T07:50:58,2024-09-24T00:00:00,2024-02-22T07:50:58
csm_000805,cust_00303,seg_001,2024-10-01T00:00:00,2024-11-01T00:00:00,2024-10-01T00:00:00
csm_000806,cust_00303,seg_002,2024-11-01T00:00:00,2024-12-01T00:00:00,2024-11-01T00:00:00
csm_000807,cust_00303,seg_003,2024-12-01T00:00:00,2025-01-30T00:00:00,2024-12-01T00:00:00
csm_000808,cust_00303,seg_008,2025-01-22T00:00:00,,2025-01-22T00:00:00
csm_000809,cust_00303,seg_004,2025-01-30T00:00:00,,2025-01-30T00:00:00
csm_000810,cust_00303,seg_007,2025-07-17T00:00:00,,2025-07-17T00:00:00
csm_000811,cust_00304,seg_002,2025-04-28T00:00:00,2025-05-28T00:00:00,2025-04-28T00:00:00
csm_000812,cust_00304,seg_003,2025-05-28T00:00:00,2025-07-27T00:00:00,2025-05-28T00:00:00
csm_000813,cust_00304,seg_004,2025-07-27T00:00:00,,2025-07-27T00:00:00
csm_000814,cust_00304,seg_008,2025-11-09T00:00:00,,2025-11-09T00:00:00
csm_000815,cust_00305,seg_001,2025-09-11T00:00:00,2025-10-11T00:00:00,2025-09-11T00:00:00
csm_000816,cust_00305,seg_002,2025-10-11T00:00:00,2025-11-10T00:00:00,2025-10-11T00:00:00
csm_000817,cust_00305,seg_003,2025-11-10T00:00:00,2026-01-09T00:00:00,2025-11-10T00:00:00
csm_000818,cust_00305,seg_004,2026-01-09T00:00:00,,2026-01-09T00:00:00
csm_000819,cust_00306,seg_005,2026-01-21T20:04:58,,2026-01-21T20:04:58
csm_000820,cust_00307,seg_005,2025-01-18T05:52:24,,2025-01-18T05:52:24
csm_000821,cust_00308,seg_001,2026-07-09T00:00:00,,2026-07-09T00:00:00
csm_000822,cust_00309,seg_005,2024-08-26T22:45:51,,2024-08-26T22:45:51
csm_000823,cust_00310,seg_002,2024-01-20T00:00:00,2024-02-19T00:00:00,2024-01-20T00:00:00
csm_000824,cust_00310,seg_003,2024-02-19T00:00:00,2024-04-19T00:00:00,2024-02-19T00:00:00
csm_000825,cust_00310,seg_008,2024-04-11T00:00:00,,2024-04-11T00:00:00
csm_000826,cust_00310,seg_004,2024-04-19T00:00:00,,2024-04-19T00:00:00
csm_000827,cust_00311,seg_005,2025-03-12T05:34:01,,2025-03-12T05:34:01
csm_000828,cust_00312,seg_001,2024-01-18T00:00:00,2024-03-18T00:00:00,2024-01-18T00:00:00
csm_000829,cust_00312,seg_002,2024-03-18T00:00:00,2024-04-17T00:00:00,2024-03-18T00:00:00
csm_000830,cust_00312,seg_003,2024-04-17T00:00:00,2024-06-16T00:00:00,2024-04-17T00:00:00
csm_000831,cust_00312,seg_004,2024-06-16T00:00:00,,2024-06-16T00:00:00
csm_000832,cust_00313,seg_005,2024-05-17T17:42:19,,2024-05-17T17:42:19
csm_000833,cust_00314,seg_005,2025-04-14T11:10:40,,2025-04-14T11:10:40
csm_000834,cust_00315,seg_005,2025-01-24T05:39:43,,2025-01-24T05:39:43
csm_000835,cust_00315,seg_007,2025-10-31T00:00:00,,2025-10-31T00:00:00
csm_000836,cust_00316,seg_005,2025-04-11T01:35:34,,2025-04-11T01:35:34
csm_000837,cust_00317,seg_002,2024-09-04T00:00:00,2024-10-04T00:00:00,2024-09-04T00:00:00
csm_000838,cust_00317,seg_003,2024-10-04T00:00:00,2024-12-03T00:00:00,2024-10-04T00:00:00
csm_000839,cust_00317,seg_004,2024-12-03T00:00:00,,2024-12-03T00:00:00
csm_000840,cust_00318,seg_002,2025-02-26T00:00:00,2025-03-28T00:00:00,2025-02-26T00:00:00
csm_000841,cust_00318,seg_003,2025-03-28T00:00:00,2025-05-27T00:00:00,2025-03-28T00:00:00
csm_000842,cust_00318,seg_004,2025-05-27T00:00:00,,2025-05-27T00:00:00
csm_000843,cust_00318,seg_008,2025-06-20T00:00:00,,2025-06-20T00:00:00
csm_000844,cust_00319,seg_002,2024-11-23T00:00:00,2024-12-23T00:00:00,2024-11-23T00:00:00
csm_000845,cust_00319,seg_003,2024-12-23T00:00:00,2025-02-21T00:00:00,2024-12-23T00:00:00
csm_000846,cust_00319,seg_004,2025-02-21T00:00:00,,2025-02-21T00:00:00
csm_000847,cust_00320,seg_001,2026-05-01T00:00:00,,2026-05-01T00:00:00
csm_000848,cust_00321,seg_002,2025-01-16T00:00:00,2025-02-15T00:00:00,2025-01-16T00:00:00
csm_000849,cust_00321,seg_003,2025-02-15T00:00:00,2025-04-16T00:00:00,2025-02-15T00:00:00
csm_000850,cust_00321,seg_004,2025-04-16T00:00:00,,2025-04-16T00:00:00
csm_000851,cust_00321,seg_008,2025-05-16T00:00:00,,2025-05-16T00:00:00
csm_000852,cust_00322,seg_005,2023-11-24T10:46:38,2024-11-16T00:00:00,2023-11-24T10:46:38
csm_000853,cust_00322,seg_002,2024-11-21T00:00:00,2024-12-21T00:00:00,2024-11-21T00:00:00
csm_000854,cust_00322,seg_003,2024-12-21T00:00:00,2025-02-19T00:00:00,2024-12-21T00:00:00
csm_000855,cust_00322,seg_004,2025-02-19T00:00:00,,2025-02-19T00:00:00
csm_000856,cust_00322,seg_008,2025-03-07T00:00:00,,2025-03-07T00:00:00
csm_000857,cust_00323,seg_005,2023-10-19T18:23:43,,2023-10-19T18:23:43
csm_000858,cust_00323,seg_007,2025-10-17T00:00:00,,2025-10-17T00:00:00
csm_000859,cust_00324,seg_005,2024-12-24T16:19:59,,2024-12-24T16:19:59
csm_000860,cust_00325,seg_005,2025-04-06T12:36:41,,2025-04-06T12:36:41
csm_000861,cust_00326,seg_005,2023-12-29T18:36:30,,2023-12-29T18:36:30
csm_000862,cust_00326,seg_007,2025-12-10T00:00:00,,2025-12-10T00:00:00
csm_000863,cust_00327,seg_002,2026-02-04T00:00:00,2026-03-06T00:00:00,2026-02-04T00:00:00
csm_000864,cust_00327,seg_003,2026-03-06T00:00:00,2026-05-05T00:00:00,2026-03-06T00:00:00
csm_000865,cust_00327,seg_004,2026-05-05T00:00:00,,2026-05-05T00:00:00
csm_000866,cust_00328,seg_002,2026-07-15T00:00:00,,2026-07-15T00:00:00
csm_000867,cust_00329,seg_002,2024-10-12T00:00:00,2024-11-11T00:00:00,2024-10-12T00:00:00
csm_000868,cust_00329,seg_003,2024-11-11T00:00:00,2025-01-10T00:00:00,2024-11-11T00:00:00
csm_000869,cust_00329,seg_004,2025-01-10T00:00:00,,2025-01-10T00:00:00
csm_000870,cust_00329,seg_008,2025-05-31T00:00:00,,2025-05-31T00:00:00
csm_000871,cust_00330,seg_005,2025-01-25T21:14:29,2026-01-11T00:00:00,2025-01-25T21:14:29
csm_000872,cust_00330,seg_001,2026-01-18T00:00:00,,2026-01-18T00:00:00
csm_000873,cust_00330,seg_007,2026-07-18T00:00:00,,2026-07-18T00:00:00
csm_000874,cust_00331,seg_002,2024-03-12T00:00:00,2024-04-11T00:00:00,2024-03-12T00:00:00
csm_000875,cust_00331,seg_003,2024-04-11T00:00:00,2024-06-10T00:00:00,2024-04-11T00:00:00
csm_000876,cust_00331,seg_008,2024-04-26T00:00:00,,2024-04-26T00:00:00
csm_000877,cust_00331,seg_004,2024-06-10T00:00:00,,2024-06-10T00:00:00
csm_000878,cust_00332,seg_005,2024-12-14T11:36:19,,2024-12-14T11:36:19
csm_000879,cust_00332,seg_007,2026-03-09T00:00:00,,2026-03-09T00:00:00
csm_000880,cust_00333,seg_005,2026-01-27T01:35:58,,2026-01-27T01:35:58
csm_000881,cust_00334,seg_002,2024-03-13T00:00:00,2024-04-12T00:00:00,2024-03-13T00:00:00
csm_000882,cust_00334,seg_003,2024-04-12T00:00:00,2024-06-11T00:00:00,2024-04-12T00:00:00
csm_000883,cust_00334,seg_004,2024-06-11T00:00:00,,2024-06-11T00:00:00
csm_000884,cust_00334,seg_008,2024-07-02T00:00:00,,2024-07-02T00:00:00
csm_000885,cust_00335,seg_005,2024-01-11T11:10:56,,2024-01-11T11:10:56
csm_000886,cust_00335,seg_007,2026-05-16T00:00:00,,2026-05-16T00:00:00
csm_000887,cust_00336,seg_002,2026-02-22T00:00:00,2026-03-24T00:00:00,2026-02-22T00:00:00
csm_000888,cust_00336,seg_003,2026-03-24T00:00:00,2026-05-23T00:00:00,2026-03-24T00:00:00
csm_000889,cust_00336,seg_008,2026-04-21T00:00:00,,2026-04-21T00:00:00
csm_000890,cust_00336,seg_004,2026-05-23T00:00:00,,2026-05-23T00:00:00
csm_000891,cust_00337,seg_002,2025-11-29T00:00:00,2025-12-29T00:00:00,2025-11-29T00:00:00
csm_000892,cust_00337,seg_003,2025-12-29T00:00:00,2026-02-27T00:00:00,2025-12-29T00:00:00
csm_000893,cust_00337,seg_004,2026-02-27T00:00:00,,2026-02-27T00:00:00
csm_000894,cust_00337,seg_008,2026-03-21T00:00:00,,2026-03-21T00:00:00
csm_000895,cust_00338,seg_002,2026-07-03T00:00:00,,2026-07-03T00:00:00
csm_000896,cust_00339,seg_005,2026-06-09T16:45:50,,2026-06-09T16:45:50
csm_000897,cust_00340,seg_005,2026-01-21T16:29:51,,2026-01-21T16:29:51
csm_000898,cust_00341,seg_005,2025-12-16T04:41:08,,2025-12-16T04:41:08
csm_000899,cust_00342,seg_005,2026-05-29T22:39:44,,2026-05-29T22:39:44
csm_000900,cust_00343,seg_005,2025-10-28T20:32:28,,2025-10-28T20:32:28
csm_000901,cust_00344,seg_002,2025-09-12T00:00:00,2025-10-12T00:00:00,2025-09-12T00:00:00
csm_000902,cust_00344,seg_003,2025-10-12T00:00:00,2025-12-11T00:00:00,2025-10-12T00:00:00
csm_000903,cust_00344,seg_008,2025-11-14T00:00:00,,2025-11-14T00:00:00
csm_000904,cust_00344,seg_004,2025-12-11T00:00:00,,2025-12-11T00:00:00
csm_000905,cust_00345,seg_002,2024-12-26T00:00:00,2025-01-25T00:00:00,2024-12-26T00:00:00
csm_000906,cust_00345,seg_008,2025-01-17T00:00:00,,2025-01-17T00:00:00
csm_000907,cust_00345,seg_003,2025-01-25T00:00:00,2025-03-26T00:00:00,2025-01-25T00:00:00
csm_000908,cust_00345,seg_004,2025-03-26T00:00:00,,2025-03-26T00:00:00
csm_000909,cust_00346,seg_002,2025-08-19T00:00:00,2025-09-18T00:00:00,2025-08-19T00:00:00
csm_000910,cust_00346,seg_008,2025-08-26T00:00:00,,2025-08-26T00:00:00
csm_000911,cust_00346,seg_003,2025-09-18T00:00:00,2025-11-17T00:00:00,2025-09-18T00:00:00
csm_000912,cust_00346,seg_004,2025-11-17T00:00:00,,2025-11-17T00:00:00
csm_000913,cust_00347,seg_002,2025-03-24T00:00:00,2025-04-23T00:00:00,2025-03-24T00:00:00
csm_000914,cust_00347,seg_003,2025-04-23T00:00:00,2025-06-22T00:00:00,2025-04-23T00:00:00
csm_000915,cust_00347,seg_004,2025-06-22T00:00:00,,2025-06-22T00:00:00
csm_000916,cust_00347,seg_008,2026-04-16T00:00:00,,2026-04-16T00:00:00
csm_000917,cust_00348,seg_005,2025-02-11T12:23:48,,2025-02-11T12:23:48
csm_000918,cust_00349,seg_002,2025-09-05T00:00:00,2025-10-05T00:00:00,2025-09-05T00:00:00
csm_000919,cust_00349,seg_003,2025-10-05T00:00:00,2025-12-04T00:00:00,2025-10-05T00:00:00
csm_000920,cust_00349,seg_004,2025-12-04T00:00:00,,2025-12-04T00:00:00
csm_000921,cust_00349,seg_008,2026-01-07T00:00:00,,2026-01-07T00:00:00
csm_000922,cust_00350,seg_001,2025-08-05T00:00:00,,2025-08-05T00:00:00
csm_000923,cust_00352,seg_005,2023-08-30T15:52:24,,2023-08-30T15:52:24
csm_000924,cust_00353,seg_005,2024-10-22T05:47:34,,2024-10-22T05:47:34
csm_000925,cust_00354,seg_002,2024-04-03T00:00:00,2024-05-03T00:00:00,2024-04-03T00:00:00
csm_000926,cust_00354,seg_003,2024-05-03T00:00:00,2024-07-02T00:00:00,2024-05-03T00:00:00
csm_000927,cust_00354,seg_008,2024-06-05T00:00:00,,2024-06-05T00:00:00
csm_000928,cust_00354,seg_004,2024-07-02T00:00:00,,2024-07-02T00:00:00
csm_000929,cust_00355,seg_002,2026-06-03T00:00:00,2026-07-03T00:00:00,2026-06-03T00:00:00
csm_000930,cust_00355,seg_003,2026-07-03T00:00:00,,2026-07-03T00:00:00
csm_000931,cust_00356,seg_005,2026-01-14T14:52:55,2026-06-08T00:00:00,2026-01-14T14:52:55
csm_000932,cust_00356,seg_002,2026-06-09T00:00:00,2026-07-09T00:00:00,2026-06-09T00:00:00
csm_000933,cust_00356,seg_003,2026-07-09T00:00:00,,2026-07-09T00:00:00
csm_000934,cust_00356,seg_008,2026-07-29T00:00:00,,2026-07-29T00:00:00
csm_000935,cust_00357,seg_002,2025-05-04T00:00:00,2025-06-03T00:00:00,2025-05-04T00:00:00
csm_000936,cust_00357,seg_003,2025-06-03T00:00:00,2025-08-02T00:00:00,2025-06-03T00:00:00
csm_000937,cust_00357,seg_004,2025-08-02T00:00:00,,2025-08-02T00:00:00
csm_000938,cust_00357,seg_008,2025-10-27T00:00:00,,2025-10-27T00:00:00
csm_000939,cust_00358,seg_005,2025-06-25T07:06:50,,2025-06-25T07:06:50
csm_000940,cust_00359,seg_002,2024-07-19T00:00:00,2024-08-18T00:00:00,2024-07-19T00:00:00
csm_000941,cust_00359,seg_003,2024-08-18T00:00:00,2024-10-17T00:00:00,2024-08-18T00:00:00
csm_000942,cust_00359,seg_004,2024-10-17T00:00:00,,2024-10-17T00:00:00
csm_000943,cust_00359,seg_008,2025-01-08T00:00:00,,2025-01-08T00:00:00
csm_000944,cust_00360,seg_005,2025-02-09T00:35:28,,2025-02-09T00:35:28
csm_000945,cust_00361,seg_005,2025-05-24T00:01:10,2026-05-27T00:00:00,2025-05-24T00:01:10
csm_000946,cust_00361,seg_001,2026-06-03T00:00:00,,2026-06-03T00:00:00
csm_000947,cust_00362,seg_005,2025-06-28T05:44:30,,2025-06-28T05:44:30
csm_000948,cust_00363,seg_001,2025-07-16T00:00:00,,2025-07-16T00:00:00
csm_000949,cust_00364,seg_005,2024-08-18T21:55:48,,2024-08-18T21:55:48
csm_000950,cust_00365,seg_002,2025-06-27T00:00:00,2025-07-27T00:00:00,2025-06-27T00:00:00
csm_000951,cust_00365,seg_003,2025-07-27T00:00:00,2025-09-25T00:00:00,2025-07-27T00:00:00
csm_000952,cust_00365,seg_008,2025-09-12T00:00:00,,2025-09-12T00:00:00
csm_000953,cust_00365,seg_004,2025-09-25T00:00:00,,2025-09-25T00:00:00
csm_000954,cust_00366,seg_002,2026-02-21T00:00:00,2026-03-23T00:00:00,2026-02-21T00:00:00
csm_000955,cust_00366,seg_008,2026-03-17T00:00:00,,2026-03-17T00:00:00
csm_000956,cust_00366,seg_003,2026-03-23T00:00:00,2026-05-22T00:00:00,2026-03-23T00:00:00
csm_000957,cust_00366,seg_004,2026-05-22T00:00:00,,2026-05-22T00:00:00
csm_000958,cust_00367,seg_002,2025-05-30T00:00:00,2025-06-29T00:00:00,2025-05-30T00:00:00
csm_000959,cust_00367,seg_003,2025-06-29T00:00:00,2025-08-28T00:00:00,2025-06-29T00:00:00
csm_000960,cust_00367,seg_004,2025-08-28T00:00:00,,2025-08-28T00:00:00
csm_000961,cust_00367,seg_008,2026-02-03T00:00:00,,2026-02-03T00:00:00
csm_000962,cust_00368,seg_005,2025-12-10T11:18:44,,2025-12-10T11:18:44
csm_000963,cust_00369,seg_005,2025-03-12T00:49:39,2026-01-02T00:00:00,2025-03-12T00:49:39
csm_000964,cust_00369,seg_001,2026-01-09T00:00:00,,2026-01-09T00:00:00
csm_000965,cust_00370,seg_005,2024-01-01T05:03:05,,2024-01-01T05:03:05
csm_000966,cust_00370,seg_007,2024-12-06T00:00:00,,2024-12-06T00:00:00
csm_000967,cust_00371,seg_002,2024-11-17T00:00:00,2024-12-17T00:00:00,2024-11-17T00:00:00
csm_000968,cust_00371,seg_003,2024-12-17T00:00:00,2025-02-15T00:00:00,2024-12-17T00:00:00
csm_000969,cust_00371,seg_008,2025-01-16T00:00:00,,2025-01-16T00:00:00
csm_000970,cust_00371,seg_004,2025-02-15T00:00:00,,2025-02-15T00:00:00
csm_000971,cust_00372,seg_001,2023-12-06T00:00:00,2024-01-06T00:00:00,2023-12-06T00:00:00
csm_000972,cust_00372,seg_002,2024-01-06T00:00:00,2024-02-05T00:00:00,2024-01-06T00:00:00
csm_000973,cust_00372,seg_003,2024-02-05T00:00:00,2024-04-05T00:00:00,2024-02-05T00:00:00
csm_000974,cust_00372,seg_004,2024-04-05T00:00:00,,2024-04-05T00:00:00
csm_000975,cust_00373,seg_005,2024-02-09T12:07:09,,2024-02-09T12:07:09
csm_000976,cust_00374,seg_002,2025-02-09T00:00:00,2025-03-11T00:00:00,2025-02-09T00:00:00
csm_000977,cust_00374,seg_003,2025-03-11T00:00:00,2025-05-10T00:00:00,2025-03-11T00:00:00
csm_000978,cust_00374,seg_008,2025-03-22T00:00:00,,2025-03-22T00:00:00
csm_000979,cust_00374,seg_004,2025-05-10T00:00:00,,2025-05-10T00:00:00
csm_000980,cust_00375,seg_005,2026-05-25T09:44:32,,2026-05-25T09:44:32
csm_000981,cust_00376,seg_002,2023-12-27T00:00:00,2024-01-26T00:00:00,2023-12-27T00:00:00
csm_000982,cust_00376,seg_003,2024-01-26T00:00:00,2024-03-26T00:00:00,2024-01-26T00:00:00
csm_000983,cust_00376,seg_008,2024-03-21T00:00:00,,2024-03-21T00:00:00
csm_000984,cust_00376,seg_004,2024-03-26T00:00:00,,2024-03-26T00:00:00
csm_000985,cust_00377,seg_002,2025-02-02T00:00:00,2025-03-04T00:00:00,2025-02-02T00:00:00
csm_000986,cust_00377,seg_003,2025-03-04T00:00:00,2025-05-03T00:00:00,2025-03-04T00:00:00
csm_000987,cust_00377,seg_004,2025-05-03T00:00:00,,2025-05-03T00:00:00
csm_000988,cust_00377,seg_008,2026-05-06T00:00:00,,2026-05-06T00:00:00
csm_000989,cust_00378,seg_005,2024-03-25T23:15:52,,2024-03-25T23:15:52
csm_000990,cust_00379,seg_002,2024-08-22T00:00:00,2024-09-21T00:00:00,2024-08-22T00:00:00
csm_000991,cust_00379,seg_003,2024-09-21T00:00:00,2024-11-20T00:00:00,2024-09-21T00:00:00
csm_000992,cust_00379,seg_004,2024-11-20T00:00:00,,2024-11-20T00:00:00
csm_000993,cust_00379,seg_008,2025-05-13T00:00:00,,2025-05-13T00:00:00
csm_000994,cust_00380,seg_005,2025-04-28T02:54:43,,2025-04-28T02:54:43
csm_000995,cust_00381,seg_005,2024-02-13T01:09:10,,2024-02-13T01:09:10
csm_000996,cust_00381,seg_007,2026-04-21T00:00:00,,2026-04-21T00:00:00
csm_000997,cust_00382,seg_001,2025-05-11T00:00:00,2025-08-11T00:00:00,2025-05-11T00:00:00
csm_000998,cust_00382,seg_002,2025-08-11T00:00:00,2025-09-10T00:00:00,2025-08-11T00:00:00
csm_000999,cust_00382,seg_003,2025-09-10T00:00:00,2025-11-09T00:00:00,2025-09-10T00:00:00
csm_001000,cust_00382,seg_004,2025-11-09T00:00:00,,2025-11-09T00:00:00
csm_001001,cust_00383,seg_005,2026-01-14T07:12:54,,2026-01-14T07:12:54
csm_001002,cust_00384,seg_005,2024-04-06T03:34:30,,2024-04-06T03:34:30
csm_001003,cust_00385,seg_001,2024-09-26T00:00:00,,2024-09-26T00:00:00
csm_001004,cust_00386,seg_002,2024-04-13T00:00:00,2024-05-13T00:00:00,2024-04-13T00:00:00
csm_001005,cust_00386,seg_003,2024-05-13T00:00:00,2024-07-12T00:00:00,2024-05-13T00:00:00
csm_001006,cust_00386,seg_004,2024-07-12T00:00:00,,2024-07-12T00:00:00
csm_001007,cust_00387,seg_005,2026-03-27T09:49:15,,2026-03-27T09:49:15
csm_001008,cust_00389,seg_002,2025-07-25T00:00:00,2025-08-24T00:00:00,2025-07-25T00:00:00
csm_001009,cust_00389,seg_003,2025-08-24T00:00:00,2025-10-23T00:00:00,2025-08-24T00:00:00
csm_001010,cust_00389,seg_004,2025-10-23T00:00:00,,2025-10-23T00:00:00
csm_001011,cust_00389,seg_008,2026-01-02T00:00:00,,2026-01-02T00:00:00
csm_001012,cust_00390,seg_002,2024-09-04T00:00:00,2024-10-04T00:00:00,2024-09-04T00:00:00
csm_001013,cust_00390,seg_003,2024-10-04T00:00:00,2024-12-03T00:00:00,2024-10-04T00:00:00
csm_001014,cust_00390,seg_004,2024-12-03T00:00:00,,2024-12-03T00:00:00
csm_001015,cust_00391,seg_002,2024-07-13T00:00:00,2024-08-12T00:00:00,2024-07-13T00:00:00
csm_001016,cust_00391,seg_003,2024-08-12T00:00:00,2024-10-11T00:00:00,2024-08-12T00:00:00
csm_001017,cust_00391,seg_004,2024-10-11T00:00:00,,2024-10-11T00:00:00
csm_001018,cust_00391,seg_008,2025-06-01T00:00:00,,2025-06-01T00:00:00
csm_001019,cust_00392,seg_001,2026-01-22T00:00:00,2026-02-22T00:00:00,2026-01-22T00:00:00
csm_001020,cust_00392,seg_002,2026-02-22T00:00:00,2026-03-24T00:00:00,2026-02-22T00:00:00
csm_001021,cust_00392,seg_003,2026-03-24T00:00:00,2026-05-23T00:00:00,2026-03-24T00:00:00
csm_001022,cust_00392,seg_004,2026-05-23T00:00:00,,2026-05-23T00:00:00
csm_001023,cust_00393,seg_002,2025-09-02T00:00:00,2025-10-02T00:00:00,2025-09-02T00:00:00
csm_001024,cust_00393,seg_003,2025-10-02T00:00:00,2025-12-01T00:00:00,2025-10-02T00:00:00
csm_001025,cust_00393,seg_004,2025-12-01T00:00:00,,2025-12-01T00:00:00
csm_001026,cust_00394,seg_001,2024-03-21T00:00:00,2025-01-21T00:00:00,2024-03-21T00:00:00
csm_001027,cust_00394,seg_002,2025-01-21T00:00:00,2025-02-20T00:00:00,2025-01-21T00:00:00
csm_001028,cust_00394,seg_003,2025-02-20T00:00:00,2025-04-21T00:00:00,2025-02-20T00:00:00
csm_001029,cust_00394,seg_004,2025-04-21T00:00:00,2026-05-02T00:00:00,2025-04-21T00:00:00
csm_001030,cust_00394,seg_001,2026-05-02T00:00:00,,2026-05-02T00:00:00
csm_001031,cust_00395,seg_005,2024-05-26T18:00:11,,2024-05-26T18:00:11
csm_001032,cust_00396,seg_005,2024-10-23T06:50:05,,2024-10-23T06:50:05
csm_001033,cust_00397,seg_001,2026-07-19T00:00:00,,2026-07-19T00:00:00
csm_001034,cust_00398,seg_002,2026-01-11T00:00:00,2026-02-10T00:00:00,2026-01-11T00:00:00
csm_001035,cust_00398,seg_003,2026-02-10T00:00:00,2026-04-11T00:00:00,2026-02-10T00:00:00
csm_001036,cust_00398,seg_004,2026-04-11T00:00:00,,2026-04-11T00:00:00
csm_001037,cust_00398,seg_008,2026-05-02T00:00:00,,2026-05-02T00:00:00
csm_001038,cust_00399,seg_002,2024-06-19T00:00:00,2024-07-19T00:00:00,2024-06-19T00:00:00
csm_001039,cust_00399,seg_003,2024-07-19T00:00:00,2024-09-17T00:00:00,2024-07-19T00:00:00
csm_001040,cust_00399,seg_004,2024-09-17T00:00:00,,2024-09-17T00:00:00
csm_001041,cust_00400,seg_002,2026-07-23T00:00:00,,2026-07-23T00:00:00
csm_001042,cust_00400,seg_008,2026-07-26T00:00:00,,2026-07-26T00:00:00
csm_001043,cust_00401,seg_002,2023-12-20T00:00:00,2024-01-19T00:00:00,2023-12-20T00:00:00
csm_001044,cust_00401,seg_003,2024-01-19T00:00:00,2024-03-19T00:00:00,2024-01-19T00:00:00
csm_001045,cust_00401,seg_004,2024-03-19T00:00:00,,2024-03-19T00:00:00
csm_001046,cust_00402,seg_002,2025-11-14T00:00:00,2025-12-14T00:00:00,2025-11-14T00:00:00
csm_001047,cust_00402,seg_003,2025-12-14T00:00:00,2026-02-12T00:00:00,2025-12-14T00:00:00
csm_001048,cust_00402,seg_004,2026-02-12T00:00:00,,2026-02-12T00:00:00
csm_001049,cust_00403,seg_002,2024-06-11T00:00:00,2024-07-11T00:00:00,2024-06-11T00:00:00
csm_001050,cust_00403,seg_008,2024-07-05T00:00:00,,2024-07-05T00:00:00
csm_001051,cust_00403,seg_003,2024-07-11T00:00:00,2024-09-09T00:00:00,2024-07-11T00:00:00
csm_001052,cust_00403,seg_004,2024-09-09T00:00:00,,2024-09-09T00:00:00
csm_001053,cust_00404,seg_001,2025-06-22T00:00:00,,2025-06-22T00:00:00
csm_001054,cust_00404,seg_007,2026-06-22T00:00:00,,2026-06-22T00:00:00
csm_001055,cust_00405,seg_005,2026-03-15T03:08:21,,2026-03-15T03:08:21
csm_001056,cust_00406,seg_005,2025-11-10T03:57:41,,2025-11-10T03:57:41
csm_001057,cust_00407,seg_002,2024-10-22T00:00:00,2024-11-21T00:00:00,2024-10-22T00:00:00
csm_001058,cust_00407,seg_003,2024-11-21T00:00:00,2025-01-20T00:00:00,2024-11-21T00:00:00
csm_001059,cust_00407,seg_004,2025-01-20T00:00:00,,2025-01-20T00:00:00
csm_001060,cust_00407,seg_008,2026-02-16T00:00:00,,2026-02-16T00:00:00
csm_001061,cust_00408,seg_005,2023-11-25T11:34:53,2024-04-27T00:00:00,2023-11-25T11:34:53
csm_001062,cust_00408,seg_002,2024-05-04T00:00:00,2024-06-03T00:00:00,2024-05-04T00:00:00
csm_001063,cust_00408,seg_003,2024-06-03T00:00:00,2024-08-02T00:00:00,2024-06-03T00:00:00
csm_001064,cust_00408,seg_004,2024-08-02T00:00:00,,2024-08-02T00:00:00
csm_001065,cust_00408,seg_008,2025-08-07T00:00:00,,2025-08-07T00:00:00
csm_001066,cust_00409,seg_005,2025-09-06T02:33:36,2026-05-13T00:00:00,2025-09-06T02:33:36
csm_001067,cust_00409,seg_001,2026-05-20T00:00:00,2026-06-20T00:00:00,2026-05-20T00:00:00
csm_001068,cust_00409,seg_002,2026-06-20T00:00:00,2026-07-20T00:00:00,2026-06-20T00:00:00
csm_001069,cust_00409,seg_003,2026-07-20T00:00:00,,2026-07-20T00:00:00
csm_001070,cust_00410,seg_001,2024-11-10T00:00:00,,2024-11-10T00:00:00
csm_001071,cust_00411,seg_002,2023-12-06T00:00:00,2024-01-05T00:00:00,2023-12-06T00:00:00
csm_001072,cust_00411,seg_003,2024-01-05T00:00:00,2024-03-05T00:00:00,2024-01-05T00:00:00
csm_001073,cust_00411,seg_004,2024-03-05T00:00:00,,2024-03-05T00:00:00
csm_001074,cust_00412,seg_002,2025-09-07T00:00:00,2025-10-07T00:00:00,2025-09-07T00:00:00
csm_001075,cust_00412,seg_003,2025-10-07T00:00:00,2025-12-06T00:00:00,2025-10-07T00:00:00
csm_001076,cust_00412,seg_004,2025-12-06T00:00:00,,2025-12-06T00:00:00
csm_001077,cust_00413,seg_002,2025-03-17T00:00:00,2025-04-16T00:00:00,2025-03-17T00:00:00
csm_001078,cust_00413,seg_003,2025-04-16T00:00:00,2025-06-15T00:00:00,2025-04-16T00:00:00
csm_001079,cust_00413,seg_008,2025-04-25T00:00:00,,2025-04-25T00:00:00
csm_001080,cust_00413,seg_004,2025-06-15T00:00:00,,2025-06-15T00:00:00
csm_001081,cust_00414,seg_002,2025-01-21T00:00:00,2025-02-20T00:00:00,2025-01-21T00:00:00
csm_001082,cust_00414,seg_003,2025-02-20T00:00:00,2025-04-21T00:00:00,2025-02-20T00:00:00
csm_001083,cust_00414,seg_004,2025-04-21T00:00:00,,2025-04-21T00:00:00
csm_001084,cust_00415,seg_005,2026-01-04T01:46:59,,2026-01-04T01:46:59
csm_001085,cust_00416,seg_001,2024-02-08T00:00:00,,2024-02-08T00:00:00
csm_001086,cust_00416,seg_007,2025-06-08T00:00:00,,2025-06-08T00:00:00
csm_001087,cust_00417,seg_005,2026-01-07T07:42:25,,2026-01-07T07:42:25
csm_001088,cust_00418,seg_002,2026-03-04T00:00:00,2026-04-03T00:00:00,2026-03-04T00:00:00
csm_001089,cust_00418,seg_003,2026-04-03T00:00:00,2026-06-02T00:00:00,2026-04-03T00:00:00
csm_001090,cust_00418,seg_004,2026-06-02T00:00:00,,2026-06-02T00:00:00
csm_001091,cust_00418,seg_008,2026-06-02T00:00:00,,2026-06-02T00:00:00
csm_001092,cust_00419,seg_005,2023-12-09T21:24:32,,2023-12-09T21:24:32
csm_001093,cust_00419,seg_007,2024-08-25T00:00:00,,2024-08-25T00:00:00
csm_001094,cust_00420,seg_005,2024-06-08T19:25:31,,2024-06-08T19:25:31
csm_001095,cust_00421,seg_002,2023-12-20T00:00:00,2024-01-19T00:00:00,2023-12-20T00:00:00
csm_001096,cust_00421,seg_003,2024-01-19T00:00:00,2024-03-19T00:00:00,2024-01-19T00:00:00
csm_001097,cust_00421,seg_004,2024-03-19T00:00:00,,2024-03-19T00:00:00
csm_001098,cust_00421,seg_008,2024-11-20T00:00:00,,2024-11-20T00:00:00
csm_001099,cust_00422,seg_005,2025-09-28T22:50:27,,2025-09-28T22:50:27
csm_001100,cust_00423,seg_002,2024-03-06T00:00:00,2024-04-05T00:00:00,2024-03-06T00:00:00
csm_001101,cust_00423,seg_003,2024-04-05T00:00:00,2024-06-04T00:00:00,2024-04-05T00:00:00
csm_001102,cust_00423,seg_008,2024-04-06T00:00:00,,2024-04-06T00:00:00
csm_001103,cust_00423,seg_004,2024-06-04T00:00:00,,2024-06-04T00:00:00
csm_001104,cust_00424,seg_002,2026-01-28T00:00:00,2026-02-27T00:00:00,2026-01-28T00:00:00
csm_001105,cust_00424,seg_003,2026-02-27T00:00:00,2026-04-28T00:00:00,2026-02-27T00:00:00
csm_001106,cust_00424,seg_008,2026-03-14T00:00:00,,2026-03-14T00:00:00
csm_001107,cust_00424,seg_004,2026-04-28T00:00:00,,2026-04-28T00:00:00
csm_001108,cust_00425,seg_002,2025-01-22T00:00:00,2025-02-21T00:00:00,2025-01-22T00:00:00
csm_001109,cust_00425,seg_003,2025-02-21T00:00:00,2025-04-22T00:00:00,2025-02-21T00:00:00
csm_001110,cust_00425,seg_004,2025-04-22T00:00:00,,2025-04-22T00:00:00
csm_001111,cust_00426,seg_002,2025-12-23T00:00:00,2026-01-22T00:00:00,2025-12-23T00:00:00
csm_001112,cust_00426,seg_003,2026-01-22T00:00:00,2026-03-23T00:00:00,2026-01-22T00:00:00
csm_001113,cust_00426,seg_004,2026-03-23T00:00:00,,2026-03-23T00:00:00
csm_001114,cust_00426,seg_008,2026-04-30T00:00:00,,2026-04-30T00:00:00
csm_001115,cust_00427,seg_001,2025-11-05T00:00:00,2026-02-05T00:00:00,2025-11-05T00:00:00
csm_001116,cust_00427,seg_002,2026-02-05T00:00:00,2026-03-07T00:00:00,2026-02-05T00:00:00
csm_001117,cust_00427,seg_008,2026-02-14T00:00:00,2026-04-09T00:00:00,2026-02-14T00:00:00
csm_001118,cust_00427,seg_003,2026-03-07T00:00:00,2026-04-09T00:00:00,2026-03-07T00:00:00
csm_001119,cust_00427,seg_001,2026-04-09T00:00:00,2026-06-09T00:00:00,2026-04-09T00:00:00
csm_001120,cust_00427,seg_002,2026-06-09T00:00:00,2026-07-09T00:00:00,2026-06-09T00:00:00
csm_001121,cust_00427,seg_003,2026-07-09T00:00:00,2026-07-24T00:00:00,2026-07-09T00:00:00
csm_001122,cust_00427,seg_001,2026-07-24T00:00:00,,2026-07-24T00:00:00
csm_001123,cust_00428,seg_002,2026-01-26T00:00:00,2026-02-25T00:00:00,2026-01-26T00:00:00
csm_001124,cust_00428,seg_003,2026-02-25T00:00:00,2026-04-26T00:00:00,2026-02-25T00:00:00
csm_001125,cust_00428,seg_008,2026-04-13T00:00:00,,2026-04-13T00:00:00
csm_001126,cust_00428,seg_004,2026-04-26T00:00:00,,2026-04-26T00:00:00
csm_001127,cust_00429,seg_002,2025-12-23T00:00:00,2026-01-22T00:00:00,2025-12-23T00:00:00
csm_001128,cust_00429,seg_003,2026-01-22T00:00:00,2026-03-23T00:00:00,2026-01-22T00:00:00
csm_001129,cust_00429,seg_004,2026-03-23T00:00:00,,2026-03-23T00:00:00
csm_001130,cust_00429,seg_008,2026-06-02T00:00:00,,2026-06-02T00:00:00
csm_001131,cust_00430,seg_001,2024-01-20T00:00:00,2024-02-20T00:00:00,2024-01-20T00:00:00
csm_001132,cust_00430,seg_002,2024-02-20T00:00:00,2024-03-21T00:00:00,2024-02-20T00:00:00
csm_001133,cust_00430,seg_003,2024-03-21T00:00:00,2024-05-20T00:00:00,2024-03-21T00:00:00
csm_001134,cust_00430,seg_004,2024-05-20T00:00:00,2025-01-17T00:00:00,2024-05-20T00:00:00
csm_001135,cust_00430,seg_001,2025-01-17T00:00:00,2026-01-17T00:00:00,2025-01-17T00:00:00
csm_001136,cust_00430,seg_002,2026-01-17T00:00:00,2026-02-16T00:00:00,2026-01-17T00:00:00
csm_001137,cust_00430,seg_003,2026-02-16T00:00:00,2026-04-17T00:00:00,2026-02-16T00:00:00
csm_001138,cust_00430,seg_004,2026-04-17T00:00:00,2026-05-12T00:00:00,2026-04-17T00:00:00
csm_001139,cust_00430,seg_001,2026-05-12T00:00:00,2026-06-12T00:00:00,2026-05-12T00:00:00
csm_001140,cust_00430,seg_002,2026-06-12T00:00:00,2026-07-12T00:00:00,2026-06-12T00:00:00
csm_001141,cust_00430,seg_003,2026-07-12T00:00:00,,2026-07-12T00:00:00
csm_001142,cust_00432,seg_002,2025-08-28T00:00:00,2025-09-27T00:00:00,2025-08-28T00:00:00
csm_001143,cust_00432,seg_008,2025-09-19T00:00:00,,2025-09-19T00:00:00
csm_001144,cust_00432,seg_003,2025-09-27T00:00:00,2025-11-26T00:00:00,2025-09-27T00:00:00
csm_001145,cust_00432,seg_004,2025-11-26T00:00:00,,2025-11-26T00:00:00
csm_001146,cust_00433,seg_005,2025-05-23T03:12:22,,2025-05-23T03:12:22
csm_001147,cust_00434,seg_001,2025-02-15T00:00:00,,2025-02-15T00:00:00
csm_001148,cust_00434,seg_007,2025-11-15T00:00:00,,2025-11-15T00:00:00
csm_001149,cust_00435,seg_005,2025-04-25T20:38:50,,2025-04-25T20:38:50
csm_001150,cust_00436,seg_005,2025-11-22T05:04:20,,2025-11-22T05:04:20
csm_001151,cust_00437,seg_005,2024-04-07T07:58:56,,2024-04-07T07:58:56
csm_001152,cust_00438,seg_002,2025-11-29T00:00:00,2025-12-29T00:00:00,2025-11-29T00:00:00
csm_001153,cust_00438,seg_003,2025-12-29T00:00:00,2026-02-27T00:00:00,2025-12-29T00:00:00
csm_001154,cust_00438,seg_008,2026-01-02T00:00:00,,2026-01-02T00:00:00
csm_001155,cust_00438,seg_004,2026-02-27T00:00:00,,2026-02-27T00:00:00
csm_001156,cust_00439,seg_005,2024-09-24T23:22:53,,2024-09-24T23:22:53
csm_001157,cust_00440,seg_005,2024-01-07T17:42:34,,2024-01-07T17:42:34
csm_001158,cust_00441,seg_001,2025-01-16T00:00:00,2025-05-16T00:00:00,2025-01-16T00:00:00
csm_001159,cust_00441,seg_002,2025-05-16T00:00:00,2025-06-15T00:00:00,2025-05-16T00:00:00
csm_001160,cust_00441,seg_003,2025-06-15T00:00:00,2025-08-14T00:00:00,2025-06-15T00:00:00
csm_001161,cust_00441,seg_004,2025-08-14T00:00:00,,2025-08-14T00:00:00
csm_001162,cust_00442,seg_002,2023-12-25T00:00:00,2024-01-24T00:00:00,2023-12-25T00:00:00
csm_001163,cust_00442,seg_008,2024-01-04T00:00:00,,2024-01-04T00:00:00
csm_001164,cust_00442,seg_003,2024-01-24T00:00:00,2024-03-24T00:00:00,2024-01-24T00:00:00
csm_001165,cust_00442,seg_004,2024-03-24T00:00:00,,2024-03-24T00:00:00
csm_001166,cust_00443,seg_005,2026-05-29T12:23:06,,2026-05-29T12:23:06
csm_001167,cust_00443,seg_007,2026-07-04T00:00:00,,2026-07-04T00:00:00
csm_001168,cust_00444,seg_005,2024-01-28T08:25:39,,2024-01-28T08:25:39
csm_001169,cust_00445,seg_002,2026-03-01T00:00:00,2026-03-31T00:00:00,2026-03-01T00:00:00
csm_001170,cust_00445,seg_003,2026-03-31T00:00:00,2026-05-30T00:00:00,2026-03-31T00:00:00
csm_001171,cust_00445,seg_004,2026-05-30T00:00:00,,2026-05-30T00:00:00
csm_001172,cust_00445,seg_008,2026-07-16T00:00:00,,2026-07-16T00:00:00
csm_001173,cust_00446,seg_002,2025-01-14T00:00:00,2025-02-13T00:00:00,2025-01-14T00:00:00
csm_001174,cust_00446,seg_003,2025-02-13T00:00:00,2025-04-14T00:00:00,2025-02-13T00:00:00
csm_001175,cust_00446,seg_008,2025-03-28T00:00:00,,2025-03-28T00:00:00
csm_001176,cust_00446,seg_004,2025-04-14T00:00:00,,2025-04-14T00:00:00
csm_001177,cust_00447,seg_001,2024-01-22T00:00:00,2024-03-22T00:00:00,2024-01-22T00:00:00
csm_001178,cust_00447,seg_002,2024-03-22T00:00:00,2024-04-21T00:00:00,2024-03-22T00:00:00
csm_001179,cust_00447,seg_003,2024-04-21T00:00:00,2024-06-20T00:00:00,2024-04-21T00:00:00
csm_001180,cust_00447,seg_004,2024-06-20T00:00:00,,2024-06-20T00:00:00
csm_001181,cust_00448,seg_002,2026-04-13T00:00:00,2026-05-13T00:00:00,2026-04-13T00:00:00
csm_001182,cust_00448,seg_003,2026-05-13T00:00:00,2026-07-12T00:00:00,2026-05-13T00:00:00
csm_001183,cust_00448,seg_004,2026-07-12T00:00:00,,2026-07-12T00:00:00
csm_001184,cust_00449,seg_002,2023-12-05T00:00:00,2024-01-04T00:00:00,2023-12-05T00:00:00
csm_001185,cust_00449,seg_003,2024-01-04T00:00:00,2024-03-04T00:00:00,2024-01-04T00:00:00
csm_001186,cust_00449,seg_004,2024-03-04T00:00:00,,2024-03-04T00:00:00
csm_001187,cust_00450,seg_002,2023-12-21T00:00:00,2024-01-20T00:00:00,2023-12-21T00:00:00
csm_001188,cust_00450,seg_003,2024-01-20T00:00:00,2024-03-20T00:00:00,2024-01-20T00:00:00
csm_001189,cust_00450,seg_004,2024-03-20T00:00:00,,2024-03-20T00:00:00
csm_001190,cust_00451,seg_005,2026-01-29T18:08:56,,2026-01-29T18:08:56
csm_001191,cust_00452,seg_002,2024-11-28T00:00:00,2024-12-28T00:00:00,2024-11-28T00:00:00
csm_001192,cust_00452,seg_003,2024-12-28T00:00:00,2025-02-26T00:00:00,2024-12-28T00:00:00
csm_001193,cust_00452,seg_004,2025-02-26T00:00:00,,2025-02-26T00:00:00
csm_001194,cust_00452,seg_008,2026-01-01T00:00:00,,2026-01-01T00:00:00
csm_001195,cust_00453,seg_002,2026-07-11T00:00:00,,2026-07-11T00:00:00
csm_001196,cust_00453,seg_008,2026-07-27T00:00:00,,2026-07-27T00:00:00
csm_001197,cust_00454,seg_005,2023-08-17T13:11:02,,2023-08-17T13:11:02
csm_001198,cust_00454,seg_007,2026-06-28T00:00:00,,2026-06-28T00:00:00
csm_001199,cust_00455,seg_002,2025-06-07T00:00:00,2025-07-07T00:00:00,2025-06-07T00:00:00
csm_001200,cust_00455,seg_003,2025-07-07T00:00:00,2025-09-05T00:00:00,2025-07-07T00:00:00
csm_001201,cust_00455,seg_004,2025-09-05T00:00:00,,2025-09-05T00:00:00
csm_001202,cust_00455,seg_008,2026-01-25T00:00:00,,2026-01-25T00:00:00
csm_001203,cust_00457,seg_005,2024-04-01T00:12:14,2025-12-16T00:00:00,2024-04-01T00:12:14
csm_001204,cust_00457,seg_002,2025-12-22T00:00:00,2026-01-21T00:00:00,2025-12-22T00:00:00
csm_001205,cust_00457,seg_003,2026-01-21T00:00:00,2026-03-22T00:00:00,2026-01-21T00:00:00
csm_001206,cust_00457,seg_004,2026-03-22T00:00:00,,2026-03-22T00:00:00
csm_001207,cust_00457,seg_008,2026-05-28T00:00:00,,2026-05-28T00:00:00
csm_001208,cust_00458,seg_005,2024-11-14T19:48:06,,2024-11-14T19:48:06
csm_001209,cust_00458,seg_007,2026-05-06T00:00:00,,2026-05-06T00:00:00
csm_001210,cust_00459,seg_005,2026-04-16T09:53:06,,2026-04-16T09:53:06
csm_001211,cust_00460,seg_002,2025-11-15T00:00:00,2025-12-15T00:00:00,2025-11-15T00:00:00
csm_001212,cust_00460,seg_003,2025-12-15T00:00:00,2026-02-13T00:00:00,2025-12-15T00:00:00
csm_001213,cust_00460,seg_004,2026-02-13T00:00:00,,2026-02-13T00:00:00
csm_001214,cust_00460,seg_008,2026-05-18T00:00:00,,2026-05-18T00:00:00
csm_001215,cust_00461,seg_002,2026-06-01T00:00:00,2026-07-01T00:00:00,2026-06-01T00:00:00
csm_001216,cust_00461,seg_003,2026-07-01T00:00:00,,2026-07-01T00:00:00
csm_001217,cust_00462,seg_001,2025-07-03T00:00:00,,2025-07-03T00:00:00
csm_001218,cust_00463,seg_002,2025-12-13T00:00:00,2026-01-12T00:00:00,2025-12-13T00:00:00
csm_001219,cust_00463,seg_003,2026-01-12T00:00:00,2026-03-13T00:00:00,2026-01-12T00:00:00
csm_001220,cust_00463,seg_008,2026-01-26T00:00:00,,2026-01-26T00:00:00
csm_001221,cust_00463,seg_004,2026-03-13T00:00:00,,2026-03-13T00:00:00
csm_001222,cust_00464,seg_005,2023-12-08T03:28:03,,2023-12-08T03:28:03
csm_001223,cust_00464,seg_007,2025-10-10T00:00:00,,2025-10-10T00:00:00
csm_001224,cust_00465,seg_005,2026-06-08T10:50:12,,2026-06-08T10:50:12
csm_001225,cust_00467,seg_005,2024-05-01T22:02:56,,2024-05-01T22:02:56
csm_001226,cust_00468,seg_002,2024-02-03T00:00:00,2024-03-04T00:00:00,2024-02-03T00:00:00
csm_001227,cust_00468,seg_003,2024-03-04T00:00:00,2024-05-03T00:00:00,2024-03-04T00:00:00
csm_001228,cust_00468,seg_008,2024-04-02T00:00:00,,2024-04-02T00:00:00
csm_001229,cust_00468,seg_004,2024-05-03T00:00:00,,2024-05-03T00:00:00
csm_001230,cust_00469,seg_001,2025-10-24T00:00:00,2025-11-24T00:00:00,2025-10-24T00:00:00
csm_001231,cust_00469,seg_002,2025-11-24T00:00:00,2025-12-24T00:00:00,2025-11-24T00:00:00
csm_001232,cust_00469,seg_003,2025-12-24T00:00:00,2026-02-22T00:00:00,2025-12-24T00:00:00
csm_001233,cust_00469,seg_004,2026-02-22T00:00:00,,2026-02-22T00:00:00
csm_001234,cust_00470,seg_002,2024-03-09T00:00:00,2024-04-08T00:00:00,2024-03-09T00:00:00
csm_001235,cust_00470,seg_003,2024-04-08T00:00:00,2024-06-07T00:00:00,2024-04-08T00:00:00
csm_001236,cust_00470,seg_004,2024-06-07T00:00:00,,2024-06-07T00:00:00
csm_001237,cust_00470,seg_008,2025-02-26T00:00:00,,2025-02-26T00:00:00
csm_001238,cust_00471,seg_001,2023-11-03T00:00:00,2024-03-03T00:00:00,2023-11-03T00:00:00
csm_001239,cust_00471,seg_002,2024-03-03T00:00:00,2024-04-02T00:00:00,2024-03-03T00:00:00
csm_001240,cust_00471,seg_003,2024-04-02T00:00:00,2024-06-01T00:00:00,2024-04-02T00:00:00
csm_001241,cust_00471,seg_004,2024-06-01T00:00:00,,2024-06-01T00:00:00
csm_001242,cust_00472,seg_001,2024-01-16T00:00:00,,2024-01-16T00:00:00
csm_001243,cust_00472,seg_007,2025-01-16T00:00:00,,2025-01-16T00:00:00
csm_001244,cust_00473,seg_005,2026-03-03T13:17:25,,2026-03-03T13:17:25
csm_001245,cust_00474,seg_001,2025-11-08T00:00:00,,2025-11-08T00:00:00
csm_001246,cust_00475,seg_002,2024-11-01T00:00:00,2024-12-01T00:00:00,2024-11-01T00:00:00
csm_001247,cust_00475,seg_003,2024-12-01T00:00:00,2025-01-30T00:00:00,2024-12-01T00:00:00
csm_001248,cust_00475,seg_008,2025-01-17T00:00:00,,2025-01-17T00:00:00
csm_001249,cust_00475,seg_004,2025-01-30T00:00:00,,2025-01-30T00:00:00
csm_001250,cust_00476,seg_002,2024-10-01T00:00:00,2024-10-31T00:00:00,2024-10-01T00:00:00
csm_001251,cust_00476,seg_003,2024-10-31T00:00:00,2024-12-30T00:00:00,2024-10-31T00:00:00
csm_001252,cust_00476,seg_004,2024-12-30T00:00:00,,2024-12-30T00:00:00
csm_001253,cust_00477,seg_002,2025-08-23T00:00:00,2025-09-22T00:00:00,2025-08-23T00:00:00
csm_001254,cust_00477,seg_003,2025-09-22T00:00:00,2025-11-21T00:00:00,2025-09-22T00:00:00
csm_001255,cust_00477,seg_004,2025-11-21T00:00:00,,2025-11-21T00:00:00
csm_001256,cust_00478,seg_005,2026-03-31T03:40:42,,2026-03-31T03:40:42
csm_001257,cust_00479,seg_002,2024-06-24T00:00:00,2024-07-24T00:00:00,2024-06-24T00:00:00
csm_001258,cust_00479,seg_003,2024-07-24T00:00:00,2024-09-22T00:00:00,2024-07-24T00:00:00
csm_001259,cust_00479,seg_008,2024-09-05T00:00:00,,2024-09-05T00:00:00
csm_001260,cust_00479,seg_004,2024-09-22T00:00:00,,2024-09-22T00:00:00
csm_001261,cust_00480,seg_005,2026-07-17T11:49:06,,2026-07-17T11:49:06
csm_001262,cust_00481,seg_002,2026-04-08T00:00:00,2026-05-08T00:00:00,2026-04-08T00:00:00
csm_001263,cust_00481,seg_003,2026-05-08T00:00:00,2026-07-07T00:00:00,2026-05-08T00:00:00
csm_001264,cust_00481,seg_004,2026-07-07T00:00:00,,2026-07-07T00:00:00
csm_001265,cust_00482,seg_002,2026-05-31T00:00:00,2026-06-30T00:00:00,2026-05-31T00:00:00
csm_001266,cust_00482,seg_008,2026-06-04T00:00:00,,2026-06-04T00:00:00
csm_001267,cust_00482,seg_003,2026-06-30T00:00:00,,2026-06-30T00:00:00
csm_001268,cust_00483,seg_002,2025-11-24T00:00:00,2025-12-24T00:00:00,2025-11-24T00:00:00
csm_001269,cust_00483,seg_003,2025-12-24T00:00:00,2026-02-22T00:00:00,2025-12-24T00:00:00
csm_001270,cust_00483,seg_004,2026-02-22T00:00:00,,2026-02-22T00:00:00
csm_001271,cust_00483,seg_008,2026-03-30T00:00:00,,2026-03-30T00:00:00
csm_001272,cust_00484,seg_001,2026-04-16T00:00:00,2026-06-16T00:00:00,2026-04-16T00:00:00
csm_001273,cust_00484,seg_002,2026-06-16T00:00:00,2026-07-16T00:00:00,2026-06-16T00:00:00
csm_001274,cust_00484,seg_003,2026-07-16T00:00:00,,2026-07-16T00:00:00
csm_001275,cust_00485,seg_005,2026-06-20T22:53:28,,2026-06-20T22:53:28
csm_001276,cust_00486,seg_005,2026-02-20T06:37:59,,2026-02-20T06:37:59
csm_001277,cust_00487,seg_005,2024-11-27T21:16:17,,2024-11-27T21:16:17
csm_001278,cust_00488,seg_001,2025-11-20T00:00:00,2025-12-20T00:00:00,2025-11-20T00:00:00
csm_001279,cust_00488,seg_002,2025-12-20T00:00:00,2026-01-19T00:00:00,2025-12-20T00:00:00
csm_001280,cust_00488,seg_003,2026-01-19T00:00:00,2026-03-20T00:00:00,2026-01-19T00:00:00
csm_001281,cust_00488,seg_004,2026-03-20T00:00:00,,2026-03-20T00:00:00
csm_001282,cust_00489,seg_005,2025-02-03T00:59:38,,2025-02-03T00:59:38
csm_001283,cust_00490,seg_002,2025-01-24T00:00:00,2025-02-23T00:00:00,2025-01-24T00:00:00
csm_001284,cust_00490,seg_003,2025-02-23T00:00:00,2025-04-24T00:00:00,2025-02-23T00:00:00
csm_001285,cust_00490,seg_004,2025-04-24T00:00:00,,2025-04-24T00:00:00
csm_001286,cust_00490,seg_008,2025-06-20T00:00:00,,2025-06-20T00:00:00
csm_001287,cust_00491,seg_001,2026-07-13T00:00:00,,2026-07-13T00:00:00
csm_001288,cust_00492,seg_005,2025-01-09T09:19:51,,2025-01-09T09:19:51
csm_001289,cust_00493,seg_002,2024-03-28T00:00:00,2024-04-27T00:00:00,2024-03-28T00:00:00
csm_001290,cust_00493,seg_003,2024-04-27T00:00:00,2024-06-26T00:00:00,2024-04-27T00:00:00
csm_001291,cust_00493,seg_004,2024-06-26T00:00:00,,2024-06-26T00:00:00
csm_001292,cust_00493,seg_008,2024-12-22T00:00:00,,2024-12-22T00:00:00
csm_001293,cust_00494,seg_005,2025-02-09T08:20:34,,2025-02-09T08:20:34
csm_001294,cust_00495,seg_002,2024-10-30T00:00:00,2024-11-29T00:00:00,2024-10-30T00:00:00
csm_001295,cust_00495,seg_003,2024-11-29T00:00:00,2025-01-28T00:00:00,2024-11-29T00:00:00
csm_001296,cust_00495,seg_004,2025-01-28T00:00:00,,2025-01-28T00:00:00
csm_001297,cust_00495,seg_008,2025-09-04T00:00:00,,2025-09-04T00:00:00
csm_001298,cust_00496,seg_005,2024-07-11T17:34:03,,2024-07-11T17:34:03
csm_001299,cust_00497,seg_005,2025-02-06T12:28:34,,2025-02-06T12:28:34
csm_001300,cust_00498,seg_002,2024-05-08T00:00:00,2024-06-07T00:00:00,2024-05-08T00:00:00
csm_001301,cust_00498,seg_003,2024-06-07T00:00:00,2024-08-06T00:00:00,2024-06-07T00:00:00
csm_001302,cust_00498,seg_004,2024-08-06T00:00:00,,2024-08-06T00:00:00
csm_001303,cust_00499,seg_005,2026-02-18T15:39:31,,2026-02-18T15:39:31
csm_001304,cust_00501,seg_002,2023-12-29T00:00:00,2024-01-28T00:00:00,2023-12-29T00:00:00
csm_001305,cust_00501,seg_003,2024-01-28T00:00:00,2024-03-28T00:00:00,2024-01-28T00:00:00
csm_001306,cust_00501,seg_004,2024-03-28T00:00:00,,2024-03-28T00:00:00
csm_001307,cust_00501,seg_008,2024-05-26T00:00:00,,2024-05-26T00:00:00
csm_001308,cust_00502,seg_002,2025-05-05T00:00:00,2025-06-04T00:00:00,2025-05-05T00:00:00
csm_001309,cust_00502,seg_003,2025-06-04T00:00:00,2025-08-03T00:00:00,2025-06-04T00:00:00
csm_001310,cust_00502,seg_004,2025-08-03T00:00:00,,2025-08-03T00:00:00
csm_001311,cust_00503,seg_002,2025-11-12T00:00:00,2025-12-12T00:00:00,2025-11-12T00:00:00
csm_001312,cust_00503,seg_003,2025-12-12T00:00:00,2026-02-10T00:00:00,2025-12-12T00:00:00
csm_001313,cust_00503,seg_008,2026-01-30T00:00:00,,2026-01-30T00:00:00
csm_001314,cust_00503,seg_004,2026-02-10T00:00:00,,2026-02-10T00:00:00
csm_001315,cust_00504,seg_005,2025-01-28T22:49:55,,2025-01-28T22:49:55
csm_001316,cust_00505,seg_005,2024-07-15T00:54:11,,2024-07-15T00:54:11
csm_001317,cust_00506,seg_002,2024-11-01T00:00:00,2024-12-01T00:00:00,2024-11-01T00:00:00
csm_001318,cust_00506,seg_003,2024-12-01T00:00:00,2025-01-30T00:00:00,2024-12-01T00:00:00
csm_001319,cust_00506,seg_004,2025-01-30T00:00:00,,2025-01-30T00:00:00
csm_001320,cust_00506,seg_008,2025-05-20T00:00:00,,2025-05-20T00:00:00
csm_001321,cust_00507,seg_002,2025-09-06T00:00:00,2025-10-06T00:00:00,2025-09-06T00:00:00
csm_001322,cust_00507,seg_003,2025-10-06T00:00:00,2025-12-05T00:00:00,2025-10-06T00:00:00
csm_001323,cust_00507,seg_008,2025-11-03T00:00:00,,2025-11-03T00:00:00
csm_001324,cust_00507,seg_004,2025-12-05T00:00:00,,2025-12-05T00:00:00
csm_001325,cust_00508,seg_002,2025-01-18T00:00:00,2025-02-17T00:00:00,2025-01-18T00:00:00
csm_001326,cust_00508,seg_003,2025-02-17T00:00:00,2025-04-18T00:00:00,2025-02-17T00:00:00
csm_001327,cust_00508,seg_008,2025-04-08T00:00:00,,2025-04-08T00:00:00
csm_001328,cust_00508,seg_004,2025-04-18T00:00:00,,2025-04-18T00:00:00
csm_001329,cust_00509,seg_005,2026-06-04T13:14:16,,2026-06-04T13:14:16
csm_001330,cust_00510,seg_002,2025-12-03T00:00:00,2026-01-02T00:00:00,2025-12-03T00:00:00
csm_001331,cust_00510,seg_003,2026-01-02T00:00:00,2026-03-03T00:00:00,2026-01-02T00:00:00
csm_001332,cust_00510,seg_004,2026-03-03T00:00:00,,2026-03-03T00:00:00
csm_001333,cust_00510,seg_008,2026-03-28T00:00:00,,2026-03-28T00:00:00
csm_001334,cust_00511,seg_002,2024-06-10T00:00:00,2024-07-10T00:00:00,2024-06-10T00:00:00
csm_001335,cust_00511,seg_003,2024-07-10T00:00:00,2024-09-08T00:00:00,2024-07-10T00:00:00
csm_001336,cust_00511,seg_004,2024-09-08T00:00:00,,2024-09-08T00:00:00
csm_001337,cust_00512,seg_001,2026-01-27T00:00:00,,2026-01-27T00:00:00
csm_001338,cust_00513,seg_001,2025-07-20T00:00:00,2025-08-20T00:00:00,2025-07-20T00:00:00
csm_001339,cust_00513,seg_002,2025-08-20T00:00:00,2025-09-19T00:00:00,2025-08-20T00:00:00
csm_001340,cust_00513,seg_003,2025-09-19T00:00:00,2025-11-18T00:00:00,2025-09-19T00:00:00
csm_001341,cust_00513,seg_008,2025-10-17T00:00:00,,2025-10-17T00:00:00
csm_001342,cust_00513,seg_004,2025-11-18T00:00:00,,2025-11-18T00:00:00
csm_001343,cust_00514,seg_005,2024-08-15T08:34:12,,2024-08-15T08:34:12
csm_001344,cust_00516,seg_002,2025-04-19T00:00:00,2025-05-19T00:00:00,2025-04-19T00:00:00
csm_001345,cust_00516,seg_003,2025-05-19T00:00:00,2025-07-18T00:00:00,2025-05-19T00:00:00
csm_001346,cust_00516,seg_008,2025-06-01T00:00:00,,2025-06-01T00:00:00
csm_001347,cust_00516,seg_004,2025-07-18T00:00:00,,2025-07-18T00:00:00
csm_001348,cust_00517,seg_005,2026-06-27T09:03:51,,2026-06-27T09:03:51
csm_001349,cust_00518,seg_002,2026-01-29T00:00:00,2026-02-28T00:00:00,2026-01-29T00:00:00
csm_001350,cust_00518,seg_003,2026-02-28T00:00:00,2026-04-29T00:00:00,2026-02-28T00:00:00
csm_001351,cust_00518,seg_004,2026-04-29T00:00:00,,2026-04-29T00:00:00
csm_001352,cust_00519,seg_001,2024-02-14T00:00:00,,2024-02-14T00:00:00
csm_001353,cust_00519,seg_007,2025-02-14T00:00:00,,2025-02-14T00:00:00
csm_001354,cust_00520,seg_002,2025-12-10T00:00:00,2026-01-09T00:00:00,2025-12-10T00:00:00
csm_001355,cust_00520,seg_003,2026-01-09T00:00:00,2026-03-10T00:00:00,2026-01-09T00:00:00
csm_001356,cust_00520,seg_004,2026-03-10T00:00:00,,2026-03-10T00:00:00
csm_001357,cust_00520,seg_008,2026-03-11T00:00:00,,2026-03-11T00:00:00
csm_001358,cust_00521,seg_001,2025-12-14T00:00:00,,2025-12-14T00:00:00
csm_001359,cust_00522,seg_001,2025-04-11T00:00:00,,2025-04-11T00:00:00
csm_001360,cust_00522,seg_007,2026-01-11T00:00:00,,2026-01-11T00:00:00
csm_001361,cust_00523,seg_001,2025-09-29T00:00:00,2026-03-29T00:00:00,2025-09-29T00:00:00
csm_001362,cust_00523,seg_002,2026-03-29T00:00:00,2026-04-28T00:00:00,2026-03-29T00:00:00
csm_001363,cust_00523,seg_003,2026-04-28T00:00:00,2026-06-27T00:00:00,2026-04-28T00:00:00
csm_001364,cust_00523,seg_004,2026-06-27T00:00:00,2026-07-02T00:00:00,2026-06-27T00:00:00
csm_001365,cust_00523,seg_001,2026-07-02T00:00:00,,2026-07-02T00:00:00
csm_001366,cust_00524,seg_005,2025-01-03T23:25:18,,2025-01-03T23:25:18
csm_001367,cust_00525,seg_005,2025-04-20T05:22:26,,2025-04-20T05:22:26
csm_001368,cust_00526,seg_001,2024-09-18T00:00:00,,2024-09-18T00:00:00
csm_001369,cust_00526,seg_007,2026-04-18T00:00:00,,2026-04-18T00:00:00
csm_001370,cust_00527,seg_001,2025-09-13T00:00:00,,2025-09-13T00:00:00
csm_001371,cust_00528,seg_005,2025-01-22T23:49:31,,2025-01-22T23:49:31
csm_001372,cust_00528,seg_007,2026-03-24T00:00:00,,2026-03-24T00:00:00
csm_001373,cust_00529,seg_001,2026-01-26T00:00:00,2026-02-26T00:00:00,2026-01-26T00:00:00
csm_001374,cust_00529,seg_002,2026-02-26T00:00:00,2026-03-28T00:00:00,2026-02-26T00:00:00
csm_001375,cust_00529,seg_003,2026-03-28T00:00:00,2026-05-27T00:00:00,2026-03-28T00:00:00
csm_001376,cust_00529,seg_004,2026-05-27T00:00:00,,2026-05-27T00:00:00
csm_001377,cust_00530,seg_005,2025-01-28T06:35:18,,2025-01-28T06:35:18
csm_001378,cust_00531,seg_002,2024-03-03T00:00:00,2024-04-02T00:00:00,2024-03-03T00:00:00
csm_001379,cust_00531,seg_003,2024-04-02T00:00:00,2024-06-01T00:00:00,2024-04-02T00:00:00
csm_001380,cust_00531,seg_004,2024-06-01T00:00:00,,2024-06-01T00:00:00
csm_001381,cust_00532,seg_002,2026-01-25T00:00:00,2026-02-24T00:00:00,2026-01-25T00:00:00
csm_001382,cust_00532,seg_003,2026-02-24T00:00:00,2026-04-25T00:00:00,2026-02-24T00:00:00
csm_001383,cust_00532,seg_004,2026-04-25T00:00:00,,2026-04-25T00:00:00
csm_001384,cust_00532,seg_008,2026-04-26T00:00:00,,2026-04-26T00:00:00
csm_001385,cust_00533,seg_001,2023-11-14T00:00:00,,2023-11-14T00:00:00
csm_001386,cust_00533,seg_007,2024-09-14T00:00:00,,2024-09-14T00:00:00
csm_001387,cust_00534,seg_001,2023-10-03T00:00:00,2024-01-03T00:00:00,2023-10-03T00:00:00
csm_001388,cust_00534,seg_002,2024-01-03T00:00:00,2024-02-02T00:00:00,2024-01-03T00:00:00
csm_001389,cust_00534,seg_003,2024-02-02T00:00:00,2024-04-02T00:00:00,2024-02-02T00:00:00
csm_001390,cust_00534,seg_004,2024-04-02T00:00:00,,2024-04-02T00:00:00
csm_001391,cust_00535,seg_001,2026-03-02T00:00:00,,2026-03-02T00:00:00
csm_001392,cust_00536,seg_005,2026-02-21T21:27:31,,2026-02-21T21:27:31
csm_001393,cust_00537,seg_002,2024-11-26T00:00:00,2024-12-26T00:00:00,2024-11-26T00:00:00
csm_001394,cust_00537,seg_003,2024-12-26T00:00:00,2025-02-24T00:00:00,2024-12-26T00:00:00
csm_001395,cust_00537,seg_004,2025-02-24T00:00:00,,2025-02-24T00:00:00
csm_001396,cust_00538,seg_002,2023-12-04T00:00:00,2024-01-03T00:00:00,2023-12-04T00:00:00
csm_001397,cust_00538,seg_003,2024-01-03T00:00:00,2024-03-03T00:00:00,2024-01-03T00:00:00
csm_001398,cust_00538,seg_004,2024-03-03T00:00:00,,2024-03-03T00:00:00
csm_001399,cust_00539,seg_005,2025-12-15T10:41:49,,2025-12-15T10:41:49
csm_001400,cust_00540,seg_005,2025-06-16T22:31:51,,2025-06-16T22:31:51
csm_001401,cust_00541,seg_002,2023-10-18T00:00:00,2023-11-17T00:00:00,2023-10-18T00:00:00
csm_001402,cust_00541,seg_003,2023-11-17T00:00:00,2024-01-16T00:00:00,2023-11-17T00:00:00
csm_001403,cust_00541,seg_004,2024-01-16T00:00:00,,2024-01-16T00:00:00
csm_001404,cust_00541,seg_008,2025-03-22T00:00:00,,2025-03-22T00:00:00
csm_001405,cust_00542,seg_002,2026-02-03T00:00:00,2026-03-05T00:00:00,2026-02-03T00:00:00
csm_001406,cust_00542,seg_003,2026-03-05T00:00:00,2026-05-04T00:00:00,2026-03-05T00:00:00
csm_001407,cust_00542,seg_004,2026-05-04T00:00:00,,2026-05-04T00:00:00
csm_001408,cust_00543,seg_002,2024-02-07T00:00:00,2024-03-08T00:00:00,2024-02-07T00:00:00
csm_001409,cust_00543,seg_003,2024-03-08T00:00:00,2024-05-07T00:00:00,2024-03-08T00:00:00
csm_001410,cust_00543,seg_004,2024-05-07T00:00:00,,2024-05-07T00:00:00
csm_001411,cust_00543,seg_008,2024-06-06T00:00:00,,2024-06-06T00:00:00
csm_001412,cust_00544,seg_002,2025-08-02T00:00:00,2025-09-01T00:00:00,2025-08-02T00:00:00
csm_001413,cust_00544,seg_003,2025-09-01T00:00:00,2025-10-31T00:00:00,2025-09-01T00:00:00
csm_001414,cust_00544,seg_004,2025-10-31T00:00:00,,2025-10-31T00:00:00
csm_001415,cust_00544,seg_008,2026-06-16T00:00:00,,2026-06-16T00:00:00
csm_001416,cust_00545,seg_002,2024-12-05T00:00:00,2025-01-04T00:00:00,2024-12-05T00:00:00
csm_001417,cust_00545,seg_003,2025-01-04T00:00:00,2025-03-05T00:00:00,2025-01-04T00:00:00
csm_001418,cust_00545,seg_004,2025-03-05T00:00:00,,2025-03-05T00:00:00
csm_001419,cust_00545,seg_008,2025-05-03T00:00:00,,2025-05-03T00:00:00
csm_001420,cust_00546,seg_005,2025-03-18T01:20:25,,2025-03-18T01:20:25
csm_001421,cust_00547,seg_005,2024-09-14T17:58:50,,2024-09-14T17:58:50
csm_001422,cust_00547,seg_007,2026-01-08T00:00:00,,2026-01-08T00:00:00
csm_001423,cust_00548,seg_002,2024-10-25T00:00:00,2024-11-24T00:00:00,2024-10-25T00:00:00
csm_001424,cust_00548,seg_003,2024-11-24T00:00:00,2025-01-23T00:00:00,2024-11-24T00:00:00
csm_001425,cust_00548,seg_004,2025-01-23T00:00:00,,2025-01-23T00:00:00
csm_001426,cust_00549,seg_005,2025-12-18T00:47:32,2026-03-21T00:00:00,2025-12-18T00:47:32
csm_001427,cust_00549,seg_001,2026-03-28T00:00:00,,2026-03-28T00:00:00
csm_001428,cust_00550,seg_002,2025-05-07T00:00:00,2025-06-06T00:00:00,2025-05-07T00:00:00
csm_001429,cust_00550,seg_003,2025-06-06T00:00:00,2025-08-05T00:00:00,2025-06-06T00:00:00
csm_001430,cust_00550,seg_004,2025-08-05T00:00:00,,2025-08-05T00:00:00
csm_001431,cust_00551,seg_005,2025-11-11T18:11:38,,2025-11-11T18:11:38
csm_001432,cust_00552,seg_002,2025-10-16T00:00:00,2025-11-15T00:00:00,2025-10-16T00:00:00
csm_001433,cust_00552,seg_003,2025-11-15T00:00:00,2026-01-14T00:00:00,2025-11-15T00:00:00
csm_001434,cust_00552,seg_004,2026-01-14T00:00:00,,2026-01-14T00:00:00
csm_001435,cust_00552,seg_008,2026-01-26T00:00:00,,2026-01-26T00:00:00
csm_001436,cust_00554,seg_002,2025-05-18T00:00:00,2025-06-17T00:00:00,2025-05-18T00:00:00
csm_001437,cust_00554,seg_003,2025-06-17T00:00:00,2025-08-16T00:00:00,2025-06-17T00:00:00
csm_001438,cust_00554,seg_004,2025-08-16T00:00:00,,2025-08-16T00:00:00
csm_001439,cust_00554,seg_008,2025-11-15T00:00:00,,2025-11-15T00:00:00
csm_001440,cust_00555,seg_001,2025-07-13T00:00:00,,2025-07-13T00:00:00
csm_001441,cust_00556,seg_005,2025-06-28T14:23:29,,2025-06-28T14:23:29
csm_001442,cust_00557,seg_005,2025-06-14T06:50:09,,2025-06-14T06:50:09
csm_001443,cust_00558,seg_002,2024-01-28T00:00:00,2024-02-27T00:00:00,2024-01-28T00:00:00
csm_001444,cust_00558,seg_003,2024-02-27T00:00:00,2024-04-27T00:00:00,2024-02-27T00:00:00
csm_001445,cust_00558,seg_004,2024-04-27T00:00:00,,2024-04-27T00:00:00
csm_001446,cust_00558,seg_008,2024-11-05T00:00:00,,2024-11-05T00:00:00
csm_001447,cust_00559,seg_005,2024-12-12T07:53:01,2025-04-23T00:00:00,2024-12-12T07:53:01
csm_001448,cust_00559,seg_001,2025-04-30T00:00:00,,2025-04-30T00:00:00
csm_001449,cust_00559,seg_007,2026-06-30T00:00:00,,2026-06-30T00:00:00
csm_001450,cust_00560,seg_002,2026-06-04T00:00:00,2026-07-04T00:00:00,2026-06-04T00:00:00
csm_001451,cust_00560,seg_008,2026-06-05T00:00:00,,2026-06-05T00:00:00
csm_001452,cust_00560,seg_003,2026-07-04T00:00:00,,2026-07-04T00:00:00
csm_001453,cust_00561,seg_001,2024-10-02T00:00:00,2025-02-02T00:00:00,2024-10-02T00:00:00
csm_001454,cust_00561,seg_002,2025-02-02T00:00:00,2025-03-04T00:00:00,2025-02-02T00:00:00
csm_001455,cust_00561,seg_003,2025-03-04T00:00:00,2025-05-03T00:00:00,2025-03-04T00:00:00
csm_001456,cust_00561,seg_004,2025-05-03T00:00:00,,2025-05-03T00:00:00
csm_001457,cust_00562,seg_002,2024-09-02T00:00:00,2024-10-02T00:00:00,2024-09-02T00:00:00
csm_001458,cust_00562,seg_003,2024-10-02T00:00:00,2024-12-01T00:00:00,2024-10-02T00:00:00
csm_001459,cust_00562,seg_004,2024-12-01T00:00:00,,2024-12-01T00:00:00
csm_001460,cust_00563,seg_002,2026-03-20T00:00:00,2026-04-19T00:00:00,2026-03-20T00:00:00
csm_001461,cust_00563,seg_003,2026-04-19T00:00:00,2026-06-18T00:00:00,2026-04-19T00:00:00
csm_001462,cust_00563,seg_008,2026-04-27T00:00:00,,2026-04-27T00:00:00
csm_001463,cust_00563,seg_004,2026-06-18T00:00:00,,2026-06-18T00:00:00
csm_001464,cust_00564,seg_005,2026-06-13T06:08:39,,2026-06-13T06:08:39
csm_001465,cust_00565,seg_005,2025-01-19T19:28:52,,2025-01-19T19:28:52
csm_001466,cust_00566,seg_005,2025-12-19T02:14:09,,2025-12-19T02:14:09
csm_001467,cust_00567,seg_005,2025-11-13T01:46:31,,2025-11-13T01:46:31
csm_001468,cust_00568,seg_002,2025-12-03T00:00:00,2026-01-02T00:00:00,2025-12-03T00:00:00
csm_001469,cust_00568,seg_003,2026-01-02T00:00:00,2026-03-03T00:00:00,2026-01-02T00:00:00
csm_001470,cust_00568,seg_004,2026-03-03T00:00:00,,2026-03-03T00:00:00
csm_001471,cust_00569,seg_005,2025-07-11T15:00:21,,2025-07-11T15:00:21
csm_001472,cust_00570,seg_001,2024-05-16T00:00:00,2024-12-16T00:00:00,2024-05-16T00:00:00
csm_001473,cust_00570,seg_002,2024-12-16T00:00:00,2025-01-15T00:00:00,2024-12-16T00:00:00
csm_001474,cust_00570,seg_003,2025-01-15T00:00:00,2025-03-16T00:00:00,2025-01-15T00:00:00
csm_001475,cust_00570,seg_004,2025-03-16T00:00:00,,2025-03-16T00:00:00
csm_001476,cust_00571,seg_002,2025-01-27T00:00:00,2025-02-26T00:00:00,2025-01-27T00:00:00
csm_001477,cust_00571,seg_003,2025-02-26T00:00:00,2025-04-27T00:00:00,2025-02-26T00:00:00
csm_001478,cust_00571,seg_004,2025-04-27T00:00:00,,2025-04-27T00:00:00
csm_001479,cust_00571,seg_008,2025-05-16T00:00:00,,2025-05-16T00:00:00
csm_001480,cust_00572,seg_001,2025-09-08T00:00:00,2025-11-08T00:00:00,2025-09-08T00:00:00
csm_001481,cust_00572,seg_002,2025-11-08T00:00:00,2025-12-08T00:00:00,2025-11-08T00:00:00
csm_001482,cust_00572,seg_003,2025-12-08T00:00:00,2026-02-06T00:00:00,2025-12-08T00:00:00
csm_001483,cust_00572,seg_008,2026-01-22T00:00:00,2026-05-24T00:00:00,2026-01-22T00:00:00
csm_001484,cust_00572,seg_004,2026-02-06T00:00:00,2026-05-24T00:00:00,2026-02-06T00:00:00
csm_001485,cust_00572,seg_001,2026-05-24T00:00:00,,2026-05-24T00:00:00
csm_001486,cust_00573,seg_005,2025-01-29T17:55:44,,2025-01-29T17:55:44
csm_001487,cust_00574,seg_005,2024-11-17T17:44:29,,2024-11-17T17:44:29
csm_001488,cust_00574,seg_007,2026-03-06T00:00:00,,2026-03-06T00:00:00
csm_001489,cust_00575,seg_001,2026-01-17T00:00:00,,2026-01-17T00:00:00
csm_001490,cust_00576,seg_005,2025-09-23T21:19:02,,2025-09-23T21:19:02
csm_001491,cust_00577,seg_005,2024-06-11T19:29:04,,2024-06-11T19:29:04
csm_001492,cust_00578,seg_005,2025-01-26T01:15:10,,2025-01-26T01:15:10
csm_001493,cust_00579,seg_005,2025-03-08T11:02:21,,2025-03-08T11:02:21
csm_001494,cust_00580,seg_005,2024-12-23T15:55:51,,2024-12-23T15:55:51
csm_001495,cust_00580,seg_007,2026-06-12T00:00:00,,2026-06-12T00:00:00
csm_001496,cust_00581,seg_005,2025-12-01T04:19:33,,2025-12-01T04:19:33
csm_001497,cust_00582,seg_002,2023-09-26T00:00:00,2023-10-26T00:00:00,2023-09-26T00:00:00
csm_001498,cust_00582,seg_003,2023-10-26T00:00:00,2023-12-25T00:00:00,2023-10-26T00:00:00
csm_001499,cust_00582,seg_004,2023-12-25T00:00:00,,2023-12-25T00:00:00
csm_001500,cust_00583,seg_001,2024-09-19T00:00:00,,2024-09-19T00:00:00
csm_001501,cust_00583,seg_007,2025-09-19T00:00:00,,2025-09-19T00:00:00
csm_001502,cust_00584,seg_001,2025-03-17T00:00:00,2025-04-17T00:00:00,2025-03-17T00:00:00
csm_001503,cust_00584,seg_002,2025-04-17T00:00:00,2025-05-17T00:00:00,2025-04-17T00:00:00
csm_001504,cust_00584,seg_003,2025-05-17T00:00:00,2025-07-16T00:00:00,2025-05-17T00:00:00
csm_001505,cust_00584,seg_004,2025-07-16T00:00:00,,2025-07-16T00:00:00
csm_001506,cust_00585,seg_002,2026-04-25T00:00:00,2026-05-25T00:00:00,2026-04-25T00:00:00
csm_001507,cust_00585,seg_003,2026-05-25T00:00:00,2026-07-24T00:00:00,2026-05-25T00:00:00
csm_001508,cust_00585,seg_004,2026-07-24T00:00:00,,2026-07-24T00:00:00
csm_001509,cust_00586,seg_002,2024-09-04T00:00:00,2024-10-04T00:00:00,2024-09-04T00:00:00
csm_001510,cust_00586,seg_003,2024-10-04T00:00:00,2024-12-03T00:00:00,2024-10-04T00:00:00
csm_001511,cust_00586,seg_004,2024-12-03T00:00:00,,2024-12-03T00:00:00
csm_001512,cust_00587,seg_002,2024-11-15T00:00:00,2024-12-15T00:00:00,2024-11-15T00:00:00
csm_001513,cust_00587,seg_003,2024-12-15T00:00:00,2025-02-13T00:00:00,2024-12-15T00:00:00
csm_001514,cust_00587,seg_004,2025-02-13T00:00:00,,2025-02-13T00:00:00
csm_001515,cust_00589,seg_002,2026-03-11T00:00:00,2026-04-10T00:00:00,2026-03-11T00:00:00
csm_001516,cust_00589,seg_003,2026-04-10T00:00:00,2026-06-09T00:00:00,2026-04-10T00:00:00
csm_001517,cust_00589,seg_004,2026-06-09T00:00:00,,2026-06-09T00:00:00
csm_001518,cust_00589,seg_008,2026-06-17T00:00:00,,2026-06-17T00:00:00
csm_001519,cust_00590,seg_001,2025-12-04T00:00:00,,2025-12-04T00:00:00
csm_001520,cust_00591,seg_005,2024-10-18T00:29:03,,2024-10-18T00:29:03
csm_001521,cust_00591,seg_007,2025-06-08T00:00:00,,2025-06-08T00:00:00
csm_001522,cust_00592,seg_001,2024-06-13T00:00:00,2024-08-13T00:00:00,2024-06-13T00:00:00
csm_001523,cust_00592,seg_002,2024-08-13T00:00:00,2024-09-12T00:00:00,2024-08-13T00:00:00
csm_001524,cust_00592,seg_003,2024-09-12T00:00:00,2024-11-11T00:00:00,2024-09-12T00:00:00
csm_001525,cust_00592,seg_004,2024-11-11T00:00:00,,2024-11-11T00:00:00
csm_001526,cust_00593,seg_005,2025-02-16T17:27:53,,2025-02-16T17:27:53
csm_001527,cust_00594,seg_002,2025-03-07T00:00:00,2025-04-06T00:00:00,2025-03-07T00:00:00
csm_001528,cust_00594,seg_003,2025-04-06T00:00:00,2025-06-05T00:00:00,2025-04-06T00:00:00
csm_001529,cust_00594,seg_004,2025-06-05T00:00:00,,2025-06-05T00:00:00
csm_001530,cust_00594,seg_008,2025-09-01T00:00:00,,2025-09-01T00:00:00
csm_001531,cust_00595,seg_002,2024-07-20T00:00:00,2024-08-19T00:00:00,2024-07-20T00:00:00
csm_001532,cust_00595,seg_003,2024-08-19T00:00:00,2024-10-18T00:00:00,2024-08-19T00:00:00
csm_001533,cust_00595,seg_004,2024-10-18T00:00:00,,2024-10-18T00:00:00
csm_001534,cust_00595,seg_008,2025-03-29T00:00:00,,2025-03-29T00:00:00
csm_001535,cust_00596,seg_002,2025-06-02T00:00:00,2025-07-02T00:00:00,2025-06-02T00:00:00
csm_001536,cust_00596,seg_008,2025-06-08T00:00:00,,2025-06-08T00:00:00
csm_001537,cust_00596,seg_003,2025-07-02T00:00:00,2025-08-31T00:00:00,2025-07-02T00:00:00
csm_001538,cust_00596,seg_004,2025-08-31T00:00:00,,2025-08-31T00:00:00
csm_001539,cust_00597,seg_005,2024-11-10T23:16:14,2026-05-28T00:00:00,2024-11-10T23:16:14
csm_001540,cust_00597,seg_001,2026-06-04T00:00:00,,2026-06-04T00:00:00
csm_001541,cust_00598,seg_002,2023-08-21T00:00:00,2023-09-20T00:00:00,2023-08-21T00:00:00
csm_001542,cust_00598,seg_008,2023-08-26T00:00:00,,2023-08-26T00:00:00
csm_001543,cust_00598,seg_003,2023-09-20T00:00:00,2023-11-19T00:00:00,2023-09-20T00:00:00
csm_001544,cust_00598,seg_004,2023-11-19T00:00:00,,2023-11-19T00:00:00
csm_001545,cust_00599,seg_005,2024-09-22T23:07:32,2025-05-10T00:00:00,2024-09-22T23:07:32
csm_001546,cust_00599,seg_002,2025-05-17T00:00:00,2025-06-16T00:00:00,2025-05-17T00:00:00
csm_001547,cust_00599,seg_003,2025-06-16T00:00:00,2025-08-15T00:00:00,2025-06-16T00:00:00
csm_001548,cust_00599,seg_004,2025-08-15T00:00:00,,2025-08-15T00:00:00
csm_001549,cust_00599,seg_008,2025-11-05T00:00:00,,2025-11-05T00:00:00
csm_001550,cust_00600,seg_001,2024-02-13T00:00:00,2024-03-13T00:00:00,2024-02-13T00:00:00
csm_001551,cust_00600,seg_002,2024-03-13T00:00:00,2024-04-12T00:00:00,2024-03-13T00:00:00
csm_001552,cust_00600,seg_003,2024-04-12T00:00:00,2024-06-11T00:00:00,2024-04-12T00:00:00
csm_001553,cust_00600,seg_004,2024-06-11T00:00:00,,2024-06-11T00:00:00
csm_001554,cust_00601,seg_005,2024-02-01T01:28:10,,2024-02-01T01:28:10
csm_001555,cust_00602,seg_002,2025-08-25T00:00:00,2025-09-24T00:00:00,2025-08-25T00:00:00
csm_001556,cust_00602,seg_003,2025-09-24T00:00:00,2025-11-23T00:00:00,2025-09-24T00:00:00
csm_001557,cust_00602,seg_008,2025-11-12T00:00:00,,2025-11-12T00:00:00
csm_001558,cust_00602,seg_004,2025-11-23T00:00:00,,2025-11-23T00:00:00
csm_001559,cust_00603,seg_001,2024-12-11T00:00:00,2025-03-11T00:00:00,2024-12-11T00:00:00
csm_001560,cust_00603,seg_002,2025-03-11T00:00:00,2025-04-10T00:00:00,2025-03-11T00:00:00
csm_001561,cust_00603,seg_003,2025-04-10T00:00:00,2025-06-09T00:00:00,2025-04-10T00:00:00
csm_001562,cust_00603,seg_004,2025-06-09T00:00:00,2026-05-11T00:00:00,2025-06-09T00:00:00
csm_001563,cust_00603,seg_008,2026-05-04T00:00:00,2026-05-11T00:00:00,2026-05-04T00:00:00
csm_001564,cust_00603,seg_001,2026-05-11T00:00:00,,2026-05-11T00:00:00
csm_001565,cust_00604,seg_005,2025-06-26T20:07:03,2026-05-27T00:00:00,2025-06-26T20:07:03
csm_001566,cust_00604,seg_002,2026-05-28T00:00:00,2026-06-27T00:00:00,2026-05-28T00:00:00
csm_001567,cust_00604,seg_003,2026-06-27T00:00:00,,2026-06-27T00:00:00
csm_001568,cust_00605,seg_005,2026-02-27T01:59:54,,2026-02-27T01:59:54
csm_001569,cust_00606,seg_002,2024-02-06T00:00:00,2024-03-07T00:00:00,2024-02-06T00:00:00
csm_001570,cust_00606,seg_003,2024-03-07T00:00:00,2024-05-06T00:00:00,2024-03-07T00:00:00
csm_001571,cust_00606,seg_008,2024-03-21T00:00:00,,2024-03-21T00:00:00
csm_001572,cust_00606,seg_004,2024-05-06T00:00:00,,2024-05-06T00:00:00
csm_001573,cust_00607,seg_005,2025-07-30T11:15:55,,2025-07-30T11:15:55
csm_001574,cust_00608,seg_002,2026-03-03T00:00:00,2026-04-02T00:00:00,2026-03-03T00:00:00
csm_001575,cust_00608,seg_008,2026-03-30T00:00:00,,2026-03-30T00:00:00
csm_001576,cust_00608,seg_003,2026-04-02T00:00:00,2026-06-01T00:00:00,2026-04-02T00:00:00
csm_001577,cust_00608,seg_004,2026-06-01T00:00:00,,2026-06-01T00:00:00
csm_001578,cust_00609,seg_002,2024-09-17T00:00:00,2024-10-17T00:00:00,2024-09-17T00:00:00
csm_001579,cust_00609,seg_003,2024-10-17T00:00:00,2024-12-16T00:00:00,2024-10-17T00:00:00
csm_001580,cust_00609,seg_004,2024-12-16T00:00:00,,2024-12-16T00:00:00
csm_001581,cust_00609,seg_008,2025-05-24T00:00:00,,2025-05-24T00:00:00
csm_001582,cust_00610,seg_002,2026-05-30T00:00:00,2026-06-29T00:00:00,2026-05-30T00:00:00
csm_001583,cust_00610,seg_003,2026-06-29T00:00:00,,2026-06-29T00:00:00
csm_001584,cust_00611,seg_001,2024-01-02T00:00:00,,2024-01-02T00:00:00
csm_001585,cust_00611,seg_007,2024-12-13T00:00:00,,2024-12-13T00:00:00
csm_001586,cust_00612,seg_002,2024-12-26T00:00:00,2025-01-25T00:00:00,2024-12-26T00:00:00
csm_001587,cust_00612,seg_003,2025-01-25T00:00:00,2025-03-26T00:00:00,2025-01-25T00:00:00
csm_001588,cust_00612,seg_004,2025-03-26T00:00:00,,2025-03-26T00:00:00
csm_001589,cust_00612,seg_008,2025-06-21T00:00:00,,2025-06-21T00:00:00
csm_001590,cust_00613,seg_002,2024-07-31T00:00:00,2024-08-30T00:00:00,2024-07-31T00:00:00
csm_001591,cust_00613,seg_003,2024-08-30T00:00:00,2024-10-29T00:00:00,2024-08-30T00:00:00
csm_001592,cust_00613,seg_004,2024-10-29T00:00:00,,2024-10-29T00:00:00
csm_001593,cust_00614,seg_005,2023-11-14T12:58:41,,2023-11-14T12:58:41
csm_001594,cust_00614,seg_007,2024-12-25T00:00:00,,2024-12-25T00:00:00
csm_001595,cust_00615,seg_002,2024-04-19T00:00:00,2024-05-19T00:00:00,2024-04-19T00:00:00
csm_001596,cust_00615,seg_008,2024-05-10T00:00:00,,2024-05-10T00:00:00
csm_001597,cust_00615,seg_003,2024-05-19T00:00:00,2024-07-18T00:00:00,2024-05-19T00:00:00
csm_001598,cust_00615,seg_004,2024-07-18T00:00:00,,2024-07-18T00:00:00
csm_001599,cust_00616,seg_005,2023-08-19T21:49:07,,2023-08-19T21:49:07
csm_001600,cust_00616,seg_007,2025-02-01T00:00:00,,2025-02-01T00:00:00
csm_001601,cust_00617,seg_002,2023-09-05T00:00:00,2023-10-05T00:00:00,2023-09-05T00:00:00
csm_001602,cust_00617,seg_003,2023-10-05T00:00:00,2023-12-04T00:00:00,2023-10-05T00:00:00
csm_001603,cust_00617,seg_004,2023-12-04T00:00:00,,2023-12-04T00:00:00
csm_001604,cust_00617,seg_008,2024-02-12T00:00:00,,2024-02-12T00:00:00
csm_001605,cust_00618,seg_005,2025-03-09T11:51:44,2025-08-17T00:00:00,2025-03-09T11:51:44
csm_001606,cust_00618,seg_002,2025-08-24T00:00:00,2025-09-23T00:00:00,2025-08-24T00:00:00
csm_001607,cust_00618,seg_003,2025-09-23T00:00:00,2025-11-22T00:00:00,2025-09-23T00:00:00
csm_001608,cust_00618,seg_008,2025-10-04T00:00:00,,2025-10-04T00:00:00
csm_001609,cust_00618,seg_004,2025-11-22T00:00:00,,2025-11-22T00:00:00
csm_001610,cust_00619,seg_006,2026-07-30T00:00:00,,2026-07-30T00:00:00
csm_001611,cust_00620,seg_005,2025-08-25T07:59:18,,2025-08-25T07:59:18
csm_001612,cust_00621,seg_002,2025-01-17T00:00:00,2025-02-16T00:00:00,2025-01-17T00:00:00
csm_001613,cust_00621,seg_003,2025-02-16T00:00:00,2025-04-17T00:00:00,2025-02-16T00:00:00
csm_001614,cust_00621,seg_004,2025-04-17T00:00:00,,2025-04-17T00:00:00
csm_001615,cust_00621,seg_008,2025-05-31T00:00:00,,2025-05-31T00:00:00
csm_001616,cust_00622,seg_001,2023-09-23T00:00:00,2023-10-23T00:00:00,2023-09-23T00:00:00
csm_001617,cust_00622,seg_002,2023-10-23T00:00:00,2023-11-22T00:00:00,2023-10-23T00:00:00
csm_001618,cust_00622,seg_003,2023-11-22T00:00:00,2024-01-21T00:00:00,2023-11-22T00:00:00
csm_001619,cust_00622,seg_004,2024-01-21T00:00:00,2024-03-25T00:00:00,2024-01-21T00:00:00
csm_001620,cust_00622,seg_001,2024-03-25T00:00:00,2024-04-25T00:00:00,2024-03-25T00:00:00
csm_001621,cust_00622,seg_002,2024-04-25T00:00:00,2024-05-25T00:00:00,2024-04-25T00:00:00
csm_001622,cust_00622,seg_003,2024-05-25T00:00:00,2024-07-24T00:00:00,2024-05-25T00:00:00
csm_001623,cust_00622,seg_004,2024-07-24T00:00:00,,2024-07-24T00:00:00
csm_001624,cust_00623,seg_005,2026-06-02T16:08:40,,2026-06-02T16:08:40
csm_001625,cust_00624,seg_002,2026-04-23T00:00:00,2026-05-23T00:00:00,2026-04-23T00:00:00
csm_001626,cust_00624,seg_008,2026-05-10T00:00:00,,2026-05-10T00:00:00
csm_001627,cust_00624,seg_003,2026-05-23T00:00:00,2026-07-22T00:00:00,2026-05-23T00:00:00
csm_001628,cust_00624,seg_004,2026-07-22T00:00:00,,2026-07-22T00:00:00
csm_001629,cust_00625,seg_005,2023-08-22T16:29:46,,2023-08-22T16:29:46
csm_001630,cust_00625,seg_007,2024-09-22T00:00:00,,2024-09-22T00:00:00
csm_001631,cust_00626,seg_002,2024-08-09T00:00:00,2024-09-08T00:00:00,2024-08-09T00:00:00
csm_001632,cust_00626,seg_003,2024-09-08T00:00:00,2024-11-07T00:00:00,2024-09-08T00:00:00
csm_001633,cust_00626,seg_004,2024-11-07T00:00:00,,2024-11-07T00:00:00
csm_001634,cust_00626,seg_008,2025-06-07T00:00:00,,2025-06-07T00:00:00
csm_001635,cust_00627,seg_001,2025-01-16T00:00:00,2025-03-16T00:00:00,2025-01-16T00:00:00
csm_001636,cust_00627,seg_002,2025-03-16T00:00:00,2025-04-15T00:00:00,2025-03-16T00:00:00
csm_001637,cust_00627,seg_003,2025-04-15T00:00:00,2025-06-14T00:00:00,2025-04-15T00:00:00
csm_001638,cust_00627,seg_004,2025-06-14T00:00:00,,2025-06-14T00:00:00
csm_001639,cust_00628,seg_001,2025-03-01T00:00:00,2025-12-01T00:00:00,2025-03-01T00:00:00
csm_001640,cust_00628,seg_002,2025-12-01T00:00:00,2025-12-31T00:00:00,2025-12-01T00:00:00
csm_001641,cust_00628,seg_003,2025-12-31T00:00:00,2026-03-01T00:00:00,2025-12-31T00:00:00
csm_001642,cust_00628,seg_004,2026-03-01T00:00:00,,2026-03-01T00:00:00
csm_001643,cust_00629,seg_002,2025-09-28T00:00:00,2025-10-28T00:00:00,2025-09-28T00:00:00
csm_001644,cust_00629,seg_003,2025-10-28T00:00:00,2025-12-27T00:00:00,2025-10-28T00:00:00
csm_001645,cust_00629,seg_004,2025-12-27T00:00:00,,2025-12-27T00:00:00
csm_001646,cust_00629,seg_008,2026-02-12T00:00:00,,2026-02-12T00:00:00
csm_001647,cust_00630,seg_005,2024-01-08T09:59:55,,2024-01-08T09:59:55
csm_001648,cust_00631,seg_005,2024-11-17T05:07:46,2026-05-17T00:00:00,2024-11-17T05:07:46
csm_001649,cust_00631,seg_002,2026-05-24T00:00:00,2026-06-23T00:00:00,2026-05-24T00:00:00
csm_001650,cust_00631,seg_003,2026-06-23T00:00:00,,2026-06-23T00:00:00
csm_001651,cust_00632,seg_001,2024-01-27T00:00:00,,2024-01-27T00:00:00
csm_001652,cust_00632,seg_007,2025-09-27T00:00:00,,2025-09-27T00:00:00
csm_001653,cust_00633,seg_002,2025-12-05T00:00:00,2026-01-04T00:00:00,2025-12-05T00:00:00
csm_001654,cust_00633,seg_008,2025-12-15T00:00:00,,2025-12-15T00:00:00
csm_001655,cust_00633,seg_003,2026-01-04T00:00:00,2026-03-05T00:00:00,2026-01-04T00:00:00
csm_001656,cust_00633,seg_004,2026-03-05T00:00:00,,2026-03-05T00:00:00
csm_001657,cust_00634,seg_001,2023-09-28T00:00:00,2023-10-28T00:00:00,2023-09-28T00:00:00
csm_001658,cust_00634,seg_002,2023-10-28T00:00:00,2023-11-27T00:00:00,2023-10-28T00:00:00
csm_001659,cust_00634,seg_003,2023-11-27T00:00:00,2024-01-26T00:00:00,2023-11-27T00:00:00
csm_001660,cust_00634,seg_004,2024-01-26T00:00:00,,2024-01-26T00:00:00
csm_001661,cust_00635,seg_002,2025-02-01T00:00:00,2025-03-03T00:00:00,2025-02-01T00:00:00
csm_001662,cust_00635,seg_003,2025-03-03T00:00:00,2025-05-02T00:00:00,2025-03-03T00:00:00
csm_001663,cust_00635,seg_004,2025-05-02T00:00:00,,2025-05-02T00:00:00
csm_001664,cust_00636,seg_001,2026-05-28T00:00:00,,2026-05-28T00:00:00
csm_001665,cust_00637,seg_001,2024-03-13T00:00:00,2024-04-13T00:00:00,2024-03-13T00:00:00
csm_001666,cust_00637,seg_002,2024-04-13T00:00:00,2024-05-13T00:00:00,2024-04-13T00:00:00
csm_001667,cust_00637,seg_003,2024-05-13T00:00:00,2024-07-12T00:00:00,2024-05-13T00:00:00
csm_001668,cust_00637,seg_004,2024-07-12T00:00:00,2026-03-16T00:00:00,2024-07-12T00:00:00
csm_001669,cust_00637,seg_008,2025-04-21T00:00:00,2026-03-16T00:00:00,2025-04-21T00:00:00
csm_001670,cust_00637,seg_001,2026-03-16T00:00:00,,2026-03-16T00:00:00
csm_001671,cust_00638,seg_005,2024-08-17T22:36:09,,2024-08-17T22:36:09
csm_001672,cust_00639,seg_001,2025-04-06T00:00:00,,2025-04-06T00:00:00
csm_001673,cust_00639,seg_007,2026-03-06T00:00:00,,2026-03-06T00:00:00
csm_001674,cust_00640,seg_005,2025-09-20T05:51:09,,2025-09-20T05:51:09
csm_001675,cust_00641,seg_005,2024-11-02T09:57:54,,2024-11-02T09:57:54
csm_001676,cust_00641,seg_007,2026-07-22T00:00:00,,2026-07-22T00:00:00
csm_001677,cust_00642,seg_005,2025-03-10T03:35:36,,2025-03-10T03:35:36
csm_001678,cust_00643,seg_002,2024-02-05T00:00:00,2024-03-06T00:00:00,2024-02-05T00:00:00
csm_001679,cust_00643,seg_003,2024-03-06T00:00:00,2024-05-05T00:00:00,2024-03-06T00:00:00
csm_001680,cust_00643,seg_004,2024-05-05T00:00:00,,2024-05-05T00:00:00
csm_001681,cust_00643,seg_008,2025-07-29T00:00:00,,2025-07-29T00:00:00
csm_001682,cust_00644,seg_001,2025-02-03T00:00:00,,2025-02-03T00:00:00
csm_001683,cust_00644,seg_007,2026-02-03T00:00:00,,2026-02-03T00:00:00
csm_001684,cust_00645,seg_001,2025-06-20T00:00:00,2025-10-20T00:00:00,2025-06-20T00:00:00
csm_001685,cust_00645,seg_002,2025-10-20T00:00:00,2025-11-19T00:00:00,2025-10-20T00:00:00
csm_001686,cust_00645,seg_003,2025-11-19T00:00:00,2026-01-18T00:00:00,2025-11-19T00:00:00
csm_001687,cust_00645,seg_004,2026-01-18T00:00:00,,2026-01-18T00:00:00
csm_001688,cust_00646,seg_002,2024-11-27T00:00:00,2024-12-27T00:00:00,2024-11-27T00:00:00
csm_001689,cust_00646,seg_008,2024-12-21T00:00:00,,2024-12-21T00:00:00
csm_001690,cust_00646,seg_003,2024-12-27T00:00:00,2025-02-25T00:00:00,2024-12-27T00:00:00
csm_001691,cust_00646,seg_004,2025-02-25T00:00:00,,2025-02-25T00:00:00
csm_001692,cust_00647,seg_005,2024-10-25T22:49:25,,2024-10-25T22:49:25
csm_001693,cust_00648,seg_005,2026-04-23T14:14:05,,2026-04-23T14:14:05
csm_001694,cust_00649,seg_001,2026-05-09T00:00:00,2026-06-09T00:00:00,2026-05-09T00:00:00
csm_001695,cust_00649,seg_002,2026-06-09T00:00:00,2026-07-09T00:00:00,2026-06-09T00:00:00
csm_001696,cust_00649,seg_003,2026-07-09T00:00:00,,2026-07-09T00:00:00
csm_001697,cust_00650,seg_002,2024-11-09T00:00:00,2024-12-09T00:00:00,2024-11-09T00:00:00
csm_001698,cust_00650,seg_003,2024-12-09T00:00:00,2025-02-07T00:00:00,2024-12-09T00:00:00
csm_001699,cust_00650,seg_004,2025-02-07T00:00:00,,2025-02-07T00:00:00
csm_001700,cust_00650,seg_008,2025-09-26T00:00:00,,2025-09-26T00:00:00
csm_001701,cust_00651,seg_005,2025-12-22T09:08:23,,2025-12-22T09:08:23
csm_001702,cust_00652,seg_002,2026-02-17T00:00:00,2026-03-19T00:00:00,2026-02-17T00:00:00
csm_001703,cust_00652,seg_003,2026-03-19T00:00:00,2026-05-18T00:00:00,2026-03-19T00:00:00
csm_001704,cust_00652,seg_004,2026-05-18T00:00:00,,2026-05-18T00:00:00
csm_001705,cust_00652,seg_008,2026-07-14T00:00:00,,2026-07-14T00:00:00
csm_001706,cust_00653,seg_002,2025-07-02T00:00:00,2025-08-01T00:00:00,2025-07-02T00:00:00
csm_001707,cust_00653,seg_003,2025-08-01T00:00:00,2025-09-30T00:00:00,2025-08-01T00:00:00
csm_001708,cust_00653,seg_004,2025-09-30T00:00:00,,2025-09-30T00:00:00
csm_001709,cust_00653,seg_008,2026-07-18T00:00:00,,2026-07-18T00:00:00
csm_001710,cust_00654,seg_002,2025-02-06T00:00:00,2025-03-08T00:00:00,2025-02-06T00:00:00
csm_001711,cust_00654,seg_003,2025-03-08T00:00:00,2025-05-07T00:00:00,2025-03-08T00:00:00
csm_001712,cust_00654,seg_004,2025-05-07T00:00:00,,2025-05-07T00:00:00
csm_001713,cust_00655,seg_002,2024-01-28T00:00:00,2024-02-27T00:00:00,2024-01-28T00:00:00
csm_001714,cust_00655,seg_003,2024-02-27T00:00:00,2024-04-27T00:00:00,2024-02-27T00:00:00
csm_001715,cust_00655,seg_008,2024-03-08T00:00:00,,2024-03-08T00:00:00
csm_001716,cust_00655,seg_004,2024-04-27T00:00:00,,2024-04-27T00:00:00
csm_001717,cust_00656,seg_005,2025-02-27T00:24:58,,2025-02-27T00:24:58
csm_001718,cust_00657,seg_002,2025-07-02T00:00:00,2025-08-01T00:00:00,2025-07-02T00:00:00
csm_001719,cust_00657,seg_003,2025-08-01T00:00:00,2025-09-30T00:00:00,2025-08-01T00:00:00
csm_001720,cust_00657,seg_008,2025-08-27T00:00:00,,2025-08-27T00:00:00
csm_001721,cust_00657,seg_004,2025-09-30T00:00:00,,2025-09-30T00:00:00
csm_001722,cust_00658,seg_005,2023-09-28T01:27:49,,2023-09-28T01:27:49
csm_001723,cust_00659,seg_001,2024-06-27T00:00:00,,2024-06-27T00:00:00
csm_001724,cust_00659,seg_007,2025-06-27T00:00:00,,2025-06-27T00:00:00
csm_001725,cust_00660,seg_002,2026-04-24T00:00:00,2026-05-24T00:00:00,2026-04-24T00:00:00
csm_001726,cust_00660,seg_003,2026-05-24T00:00:00,2026-07-23T00:00:00,2026-05-24T00:00:00
csm_001727,cust_00660,seg_008,2026-06-06T00:00:00,,2026-06-06T00:00:00
csm_001728,cust_00660,seg_004,2026-07-23T00:00:00,,2026-07-23T00:00:00
csm_001729,cust_00661,seg_002,2023-10-19T00:00:00,2023-11-18T00:00:00,2023-10-19T00:00:00
csm_001730,cust_00661,seg_003,2023-11-18T00:00:00,2024-01-17T00:00:00,2023-11-18T00:00:00
csm_001731,cust_00661,seg_004,2024-01-17T00:00:00,,2024-01-17T00:00:00
csm_001732,cust_00661,seg_008,2024-03-02T00:00:00,,2024-03-02T00:00:00
csm_001733,cust_00662,seg_002,2024-01-05T00:00:00,2024-02-04T00:00:00,2024-01-05T00:00:00
csm_001734,cust_00662,seg_008,2024-01-31T00:00:00,,2024-01-31T00:00:00
csm_001735,cust_00662,seg_003,2024-02-04T00:00:00,2024-04-04T00:00:00,2024-02-04T00:00:00
csm_001736,cust_00662,seg_004,2024-04-04T00:00:00,,2024-04-04T00:00:00
csm_001737,cust_00663,seg_005,2023-08-07T22:32:19,2024-03-08T00:00:00,2023-08-07T22:32:19
csm_001738,cust_00663,seg_002,2024-03-10T00:00:00,2024-04-09T00:00:00,2024-03-10T00:00:00
csm_001739,cust_00663,seg_003,2024-04-09T00:00:00,2024-06-08T00:00:00,2024-04-09T00:00:00
csm_001740,cust_00663,seg_004,2024-06-08T00:00:00,,2024-06-08T00:00:00
csm_001741,cust_00663,seg_008,2024-06-10T00:00:00,,2024-06-10T00:00:00
csm_001742,cust_00664,seg_005,2026-01-18T04:44:56,,2026-01-18T04:44:56
csm_001743,cust_00665,seg_005,2026-04-29T01:22:42,,2026-04-29T01:22:42
csm_001744,cust_00666,seg_002,2024-05-30T00:00:00,2024-06-29T00:00:00,2024-05-30T00:00:00
csm_001745,cust_00666,seg_003,2024-06-29T00:00:00,2024-08-28T00:00:00,2024-06-29T00:00:00
csm_001746,cust_00666,seg_004,2024-08-28T00:00:00,,2024-08-28T00:00:00
csm_001747,cust_00666,seg_008,2024-11-30T00:00:00,,2024-11-30T00:00:00
csm_001748,cust_00667,seg_005,2026-04-17T01:01:39,,2026-04-17T01:01:39
csm_001749,cust_00668,seg_002,2024-01-08T00:00:00,2024-02-07T00:00:00,2024-01-08T00:00:00
csm_001750,cust_00668,seg_003,2024-02-07T00:00:00,2024-04-07T00:00:00,2024-02-07T00:00:00
csm_001751,cust_00668,seg_008,2024-03-28T00:00:00,,2024-03-28T00:00:00
csm_001752,cust_00668,seg_004,2024-04-07T00:00:00,,2024-04-07T00:00:00
csm_001753,cust_00669,seg_005,2025-11-08T16:56:10,,2025-11-08T16:56:10
csm_001754,cust_00670,seg_005,2023-09-14T14:52:31,,2023-09-14T14:52:31
csm_001755,cust_00671,seg_002,2024-12-28T00:00:00,2025-01-27T00:00:00,2024-12-28T00:00:00
csm_001756,cust_00671,seg_003,2025-01-27T00:00:00,2025-03-28T00:00:00,2025-01-27T00:00:00
csm_001757,cust_00671,seg_004,2025-03-28T00:00:00,,2025-03-28T00:00:00
csm_001758,cust_00671,seg_008,2025-10-28T00:00:00,,2025-10-28T00:00:00
csm_001759,cust_00672,seg_002,2026-06-09T00:00:00,2026-07-09T00:00:00,2026-06-09T00:00:00
csm_001760,cust_00672,seg_003,2026-07-09T00:00:00,,2026-07-09T00:00:00
csm_001761,cust_00673,seg_005,2023-10-21T13:35:21,,2023-10-21T13:35:21
csm_001762,cust_00674,seg_002,2025-11-18T00:00:00,2025-12-18T00:00:00,2025-11-18T00:00:00
csm_001763,cust_00674,seg_003,2025-12-18T00:00:00,2026-02-16T00:00:00,2025-12-18T00:00:00
csm_001764,cust_00674,seg_004,2026-02-16T00:00:00,,2026-02-16T00:00:00
csm_001765,cust_00674,seg_008,2026-04-26T00:00:00,,2026-04-26T00:00:00
csm_001766,cust_00675,seg_005,2025-11-30T18:58:33,,2025-11-30T18:58:33
csm_001767,cust_00676,seg_002,2025-07-18T00:00:00,2025-08-17T00:00:00,2025-07-18T00:00:00
csm_001768,cust_00676,seg_003,2025-08-17T00:00:00,2025-10-16T00:00:00,2025-08-17T00:00:00
csm_001769,cust_00676,seg_008,2025-09-22T00:00:00,,2025-09-22T00:00:00
csm_001770,cust_00676,seg_004,2025-10-16T00:00:00,,2025-10-16T00:00:00
csm_001771,cust_00677,seg_005,2024-07-09T15:46:24,,2024-07-09T15:46:24
csm_001772,cust_00678,seg_002,2026-05-22T00:00:00,2026-06-21T00:00:00,2026-05-22T00:00:00
csm_001773,cust_00678,seg_008,2026-06-14T00:00:00,,2026-06-14T00:00:00
csm_001774,cust_00678,seg_003,2026-06-21T00:00:00,,2026-06-21T00:00:00
csm_001775,cust_00679,seg_001,2026-04-13T00:00:00,,2026-04-13T00:00:00
csm_001776,cust_00680,seg_001,2025-01-21T00:00:00,2025-04-21T00:00:00,2025-01-21T00:00:00
csm_001777,cust_00680,seg_002,2025-04-21T00:00:00,2025-05-21T00:00:00,2025-04-21T00:00:00
csm_001778,cust_00680,seg_003,2025-05-21T00:00:00,2025-07-20T00:00:00,2025-05-21T00:00:00
csm_001779,cust_00680,seg_004,2025-07-20T00:00:00,,2025-07-20T00:00:00
csm_001780,cust_00681,seg_005,2024-05-08T14:03:30,2025-01-02T00:00:00,2024-05-08T14:03:30
csm_001781,cust_00681,seg_001,2025-01-09T00:00:00,,2025-01-09T00:00:00
csm_001782,cust_00681,seg_007,2026-04-05T00:00:00,,2026-04-05T00:00:00
csm_001783,cust_00682,seg_001,2025-12-03T00:00:00,2026-03-03T00:00:00,2025-12-03T00:00:00
csm_001784,cust_00682,seg_002,2026-03-03T00:00:00,2026-04-02T00:00:00,2026-03-03T00:00:00
csm_001785,cust_00682,seg_003,2026-04-02T00:00:00,2026-06-01T00:00:00,2026-04-02T00:00:00
csm_001786,cust_00682,seg_004,2026-06-01T00:00:00,2026-07-14T00:00:00,2026-06-01T00:00:00
csm_001787,cust_00682,seg_001,2026-07-14T00:00:00,,2026-07-14T00:00:00
csm_001788,cust_00683,seg_002,2025-07-28T00:00:00,2025-08-27T00:00:00,2025-07-28T00:00:00
csm_001789,cust_00683,seg_003,2025-08-27T00:00:00,2025-10-26T00:00:00,2025-08-27T00:00:00
csm_001790,cust_00683,seg_004,2025-10-26T00:00:00,,2025-10-26T00:00:00
csm_001791,cust_00684,seg_001,2025-07-07T00:00:00,2025-08-07T00:00:00,2025-07-07T00:00:00
csm_001792,cust_00684,seg_002,2025-08-07T00:00:00,2025-09-06T00:00:00,2025-08-07T00:00:00
csm_001793,cust_00684,seg_003,2025-09-06T00:00:00,2025-11-05T00:00:00,2025-09-06T00:00:00
csm_001794,cust_00684,seg_004,2025-11-05T00:00:00,,2025-11-05T00:00:00
csm_001795,cust_00685,seg_001,2024-11-29T00:00:00,,2024-11-29T00:00:00
csm_001796,cust_00685,seg_007,2026-07-29T00:00:00,,2026-07-29T00:00:00
csm_001797,cust_00686,seg_001,2023-09-02T00:00:00,2023-11-02T00:00:00,2023-09-02T00:00:00
csm_001798,cust_00686,seg_002,2023-11-02T00:00:00,2023-12-02T00:00:00,2023-11-02T00:00:00
csm_001799,cust_00686,seg_003,2023-12-02T00:00:00,2024-01-31T00:00:00,2023-12-02T00:00:00
csm_001800,cust_00686,seg_004,2024-01-31T00:00:00,,2024-01-31T00:00:00
csm_001801,cust_00687,seg_002,2025-12-10T00:00:00,2026-01-09T00:00:00,2025-12-10T00:00:00
csm_001802,cust_00687,seg_003,2026-01-09T00:00:00,2026-03-10T00:00:00,2026-01-09T00:00:00
csm_001803,cust_00687,seg_008,2026-02-23T00:00:00,,2026-02-23T00:00:00
csm_001804,cust_00687,seg_004,2026-03-10T00:00:00,,2026-03-10T00:00:00
csm_001805,cust_00688,seg_002,2024-09-10T00:00:00,2024-10-10T00:00:00,2024-09-10T00:00:00
csm_001806,cust_00688,seg_003,2024-10-10T00:00:00,2024-12-09T00:00:00,2024-10-10T00:00:00
csm_001807,cust_00688,seg_004,2024-12-09T00:00:00,,2024-12-09T00:00:00
csm_001808,cust_00688,seg_008,2026-01-17T00:00:00,,2026-01-17T00:00:00
csm_001809,cust_00689,seg_005,2024-01-12T06:36:47,,2024-01-12T06:36:47
csm_001810,cust_00689,seg_007,2025-08-30T00:00:00,,2025-08-30T00:00:00
csm_001811,cust_00690,seg_005,2024-09-14T19:25:10,,2024-09-14T19:25:10
csm_001812,cust_00691,seg_005,2024-09-07T05:17:14,,2024-09-07T05:17:14
csm_001813,cust_00692,seg_001,2026-01-20T00:00:00,2026-06-20T00:00:00,2026-01-20T00:00:00
csm_001814,cust_00692,seg_002,2026-06-20T00:00:00,2026-07-20T00:00:00,2026-06-20T00:00:00
csm_001815,cust_00692,seg_003,2026-07-20T00:00:00,,2026-07-20T00:00:00
csm_001816,cust_00693,seg_002,2026-05-21T00:00:00,2026-06-20T00:00:00,2026-05-21T00:00:00
csm_001817,cust_00693,seg_003,2026-06-20T00:00:00,,2026-06-20T00:00:00
csm_001818,cust_00693,seg_008,2026-07-16T00:00:00,,2026-07-16T00:00:00
csm_001819,cust_00694,seg_005,2025-09-30T22:40:57,,2025-09-30T22:40:57
csm_001820,cust_00695,seg_005,2026-03-07T18:19:32,,2026-03-07T18:19:32
csm_001821,cust_00696,seg_005,2026-02-01T04:40:58,,2026-02-01T04:40:58
csm_001822,cust_00697,seg_005,2026-06-18T18:04:04,,2026-06-18T18:04:04
csm_001823,cust_00698,seg_005,2023-12-06T13:49:38,,2023-12-06T13:49:38
csm_001824,cust_00699,seg_001,2025-05-07T00:00:00,2025-06-07T00:00:00,2025-05-07T00:00:00
csm_001825,cust_00699,seg_002,2025-06-07T00:00:00,2025-07-07T00:00:00,2025-06-07T00:00:00
csm_001826,cust_00699,seg_003,2025-07-07T00:00:00,2025-09-05T00:00:00,2025-07-07T00:00:00
csm_001827,cust_00699,seg_004,2025-09-05T00:00:00,,2025-09-05T00:00:00
csm_001828,cust_00700,seg_002,2025-02-06T00:00:00,2025-03-08T00:00:00,2025-02-06T00:00:00
csm_001829,cust_00700,seg_003,2025-03-08T00:00:00,2025-05-07T00:00:00,2025-03-08T00:00:00
csm_001830,cust_00700,seg_004,2025-05-07T00:00:00,,2025-05-07T00:00:00
csm_001831,cust_00701,seg_001,2025-02-28T00:00:00,2025-03-28T00:00:00,2025-02-28T00:00:00
csm_001832,cust_00701,seg_002,2025-03-28T00:00:00,2025-04-27T00:00:00,2025-03-28T00:00:00
csm_001833,cust_00701,seg_003,2025-04-27T00:00:00,2025-06-26T00:00:00,2025-04-27T00:00:00
csm_001834,cust_00701,seg_004,2025-06-26T00:00:00,,2025-06-26T00:00:00
csm_001835,cust_00702,seg_002,2025-11-14T00:00:00,2025-12-14T00:00:00,2025-11-14T00:00:00
csm_001836,cust_00702,seg_003,2025-12-14T00:00:00,2026-02-12T00:00:00,2025-12-14T00:00:00
csm_001837,cust_00702,seg_004,2026-02-12T00:00:00,,2026-02-12T00:00:00
csm_001838,cust_00702,seg_008,2026-02-14T00:00:00,,2026-02-14T00:00:00
csm_001839,cust_00703,seg_001,2026-03-05T00:00:00,2026-04-05T00:00:00,2026-03-05T00:00:00
csm_001840,cust_00703,seg_002,2026-04-05T00:00:00,2026-05-05T00:00:00,2026-04-05T00:00:00
csm_001841,cust_00703,seg_003,2026-05-05T00:00:00,2026-07-04T00:00:00,2026-05-05T00:00:00
csm_001842,cust_00703,seg_004,2026-07-04T00:00:00,,2026-07-04T00:00:00
csm_001843,cust_00704,seg_001,2024-12-25T00:00:00,,2024-12-25T00:00:00
csm_001844,cust_00705,seg_005,2024-01-29T12:35:15,,2024-01-29T12:35:15
csm_001845,cust_00706,seg_005,2026-07-10T14:33:19,,2026-07-10T14:33:19
csm_001846,cust_00707,seg_005,2026-05-30T14:30:51,,2026-05-30T14:30:51
csm_001847,cust_00708,seg_005,2025-11-25T13:33:59,,2025-11-25T13:33:59
csm_001848,cust_00709,seg_002,2025-02-03T00:00:00,2025-03-05T00:00:00,2025-02-03T00:00:00
csm_001849,cust_00709,seg_003,2025-03-05T00:00:00,2025-05-04T00:00:00,2025-03-05T00:00:00
csm_001850,cust_00709,seg_004,2025-05-04T00:00:00,,2025-05-04T00:00:00
csm_001851,cust_00709,seg_008,2026-02-18T00:00:00,,2026-02-18T00:00:00
csm_001852,cust_00710,seg_005,2026-01-24T09:10:05,,2026-01-24T09:10:05
csm_001853,cust_00711,seg_002,2026-05-02T00:00:00,2026-06-01T00:00:00,2026-05-02T00:00:00
csm_001854,cust_00711,seg_008,2026-05-08T00:00:00,,2026-05-08T00:00:00
csm_001855,cust_00711,seg_003,2026-06-01T00:00:00,,2026-06-01T00:00:00
csm_001856,cust_00712,seg_001,2025-09-01T00:00:00,,2025-09-01T00:00:00
csm_001857,cust_00713,seg_002,2025-11-22T00:00:00,2025-12-22T00:00:00,2025-11-22T00:00:00
csm_001858,cust_00713,seg_003,2025-12-22T00:00:00,2026-02-20T00:00:00,2025-12-22T00:00:00
csm_001859,cust_00713,seg_004,2026-02-20T00:00:00,,2026-02-20T00:00:00
csm_001860,cust_00713,seg_008,2026-05-18T00:00:00,,2026-05-18T00:00:00
csm_001861,cust_00714,seg_005,2023-10-04T02:11:27,,2023-10-04T02:11:27
csm_001862,cust_00715,seg_002,2025-08-17T00:00:00,2025-09-16T00:00:00,2025-08-17T00:00:00
csm_001863,cust_00715,seg_003,2025-09-16T00:00:00,2025-11-15T00:00:00,2025-09-16T00:00:00
csm_001864,cust_00715,seg_004,2025-11-15T00:00:00,,2025-11-15T00:00:00
csm_001865,cust_00715,seg_008,2026-02-27T00:00:00,,2026-02-27T00:00:00
csm_001866,cust_00716,seg_005,2026-03-11T11:32:09,,2026-03-11T11:32:09
csm_001867,cust_00717,seg_005,2026-01-05T09:13:24,,2026-01-05T09:13:24
csm_001868,cust_00718,seg_002,2025-09-29T00:00:00,2025-10-29T00:00:00,2025-09-29T00:00:00
csm_001869,cust_00718,seg_003,2025-10-29T00:00:00,2025-12-28T00:00:00,2025-10-29T00:00:00
csm_001870,cust_00718,seg_004,2025-12-28T00:00:00,,2025-12-28T00:00:00
csm_001871,cust_00718,seg_008,2026-03-24T00:00:00,,2026-03-24T00:00:00
csm_001872,cust_00719,seg_005,2025-03-20T09:51:56,,2025-03-20T09:51:56
csm_001873,cust_00720,seg_002,2024-04-01T00:00:00,2024-05-01T00:00:00,2024-04-01T00:00:00
csm_001874,cust_00720,seg_008,2024-04-14T00:00:00,,2024-04-14T00:00:00
csm_001875,cust_00720,seg_003,2024-05-01T00:00:00,2024-06-30T00:00:00,2024-05-01T00:00:00
csm_001876,cust_00720,seg_004,2024-06-30T00:00:00,,2024-06-30T00:00:00
csm_001877,cust_00721,seg_005,2024-02-24T01:46:13,,2024-02-24T01:46:13
csm_001878,cust_00722,seg_005,2024-01-08T20:35:59,,2024-01-08T20:35:59
csm_001879,cust_00723,seg_002,2025-12-03T00:00:00,2026-01-02T00:00:00,2025-12-03T00:00:00
csm_001880,cust_00723,seg_003,2026-01-02T00:00:00,2026-03-03T00:00:00,2026-01-02T00:00:00
csm_001881,cust_00723,seg_004,2026-03-03T00:00:00,,2026-03-03T00:00:00
csm_001882,cust_00724,seg_001,2024-05-26T00:00:00,,2024-05-26T00:00:00
csm_001883,cust_00724,seg_007,2025-05-26T00:00:00,,2025-05-26T00:00:00
csm_001884,cust_00725,seg_002,2024-02-16T00:00:00,2024-03-17T00:00:00,2024-02-16T00:00:00
csm_001885,cust_00725,seg_003,2024-03-17T00:00:00,2024-05-16T00:00:00,2024-03-17T00:00:00
csm_001886,cust_00725,seg_004,2024-05-16T00:00:00,,2024-05-16T00:00:00
csm_001887,cust_00726,seg_001,2026-03-25T00:00:00,,2026-03-25T00:00:00
csm_001888,cust_00727,seg_005,2026-02-20T12:08:44,,2026-02-20T12:08:44
csm_001889,cust_00728,seg_005,2024-05-28T10:24:47,,2024-05-28T10:24:47
csm_001890,cust_00729,seg_001,2026-02-19T00:00:00,,2026-02-19T00:00:00
csm_001891,cust_00730,seg_002,2023-09-21T00:00:00,2023-10-21T00:00:00,2023-09-21T00:00:00
csm_001892,cust_00730,seg_003,2023-10-21T00:00:00,2023-12-20T00:00:00,2023-10-21T00:00:00
csm_001893,cust_00730,seg_004,2023-12-20T00:00:00,,2023-12-20T00:00:00
csm_001894,cust_00730,seg_008,2024-03-01T00:00:00,,2024-03-01T00:00:00
csm_001895,cust_00731,seg_002,2025-11-24T00:00:00,2025-12-24T00:00:00,2025-11-24T00:00:00
csm_001896,cust_00731,seg_003,2025-12-24T00:00:00,2026-02-22T00:00:00,2025-12-24T00:00:00
csm_001897,cust_00731,seg_008,2026-01-31T00:00:00,,2026-01-31T00:00:00
csm_001898,cust_00731,seg_004,2026-02-22T00:00:00,,2026-02-22T00:00:00
csm_001899,cust_00732,seg_005,2024-08-08T08:19:53,2025-05-06T00:00:00,2024-08-08T08:19:53
csm_001900,cust_00732,seg_001,2025-05-13T00:00:00,,2025-05-13T00:00:00
csm_001901,cust_00733,seg_005,2023-10-10T08:27:20,,2023-10-10T08:27:20
csm_001902,cust_00733,seg_007,2024-08-30T00:00:00,,2024-08-30T00:00:00
csm_001903,cust_00734,seg_001,2026-05-13T00:00:00,,2026-05-13T00:00:00
csm_001904,cust_00735,seg_005,2024-08-17T21:53:10,,2024-08-17T21:53:10
csm_001905,cust_00736,seg_005,2026-07-30T04:11:07,,2026-07-30T04:11:07
csm_001906,cust_00737,seg_002,2024-07-28T00:00:00,2024-08-27T00:00:00,2024-07-28T00:00:00
csm_001907,cust_00737,seg_003,2024-08-27T00:00:00,2024-10-26T00:00:00,2024-08-27T00:00:00
csm_001908,cust_00737,seg_004,2024-10-26T00:00:00,,2024-10-26T00:00:00
csm_001909,cust_00738,seg_002,2025-02-17T00:00:00,2025-03-19T00:00:00,2025-02-17T00:00:00
csm_001910,cust_00738,seg_003,2025-03-19T00:00:00,2025-05-18T00:00:00,2025-03-19T00:00:00
csm_001911,cust_00738,seg_004,2025-05-18T00:00:00,,2025-05-18T00:00:00
csm_001912,cust_00739,seg_005,2026-06-08T07:00:20,,2026-06-08T07:00:20
csm_001913,cust_00740,seg_002,2024-12-28T00:00:00,2025-01-27T00:00:00,2024-12-28T00:00:00
csm_001914,cust_00740,seg_003,2025-01-27T00:00:00,2025-03-28T00:00:00,2025-01-27T00:00:00
csm_001915,cust_00740,seg_004,2025-03-28T00:00:00,,2025-03-28T00:00:00
csm_001916,cust_00741,seg_002,2026-02-08T00:00:00,2026-03-10T00:00:00,2026-02-08T00:00:00
csm_001917,cust_00741,seg_008,2026-02-17T00:00:00,,2026-02-17T00:00:00
csm_001918,cust_00741,seg_003,2026-03-10T00:00:00,2026-05-09T00:00:00,2026-03-10T00:00:00
csm_001919,cust_00741,seg_004,2026-05-09T00:00:00,,2026-05-09T00:00:00
csm_001920,cust_00742,seg_005,2023-11-20T18:20:22,,2023-11-20T18:20:22
csm_001921,cust_00743,seg_005,2026-01-13T11:06:23,,2026-01-13T11:06:23
csm_001922,cust_00744,seg_005,2024-02-26T14:33:15,2024-09-26T00:00:00,2024-02-26T14:33:15
csm_001923,cust_00744,seg_002,2024-09-27T00:00:00,2024-10-27T00:00:00,2024-09-27T00:00:00
csm_001924,cust_00744,seg_003,2024-10-27T00:00:00,2024-12-26T00:00:00,2024-10-27T00:00:00
csm_001925,cust_00744,seg_008,2024-11-14T00:00:00,,2024-11-14T00:00:00
csm_001926,cust_00744,seg_004,2024-12-26T00:00:00,,2024-12-26T00:00:00
csm_001927,cust_00745,seg_002,2024-10-09T00:00:00,2024-11-08T00:00:00,2024-10-09T00:00:00
csm_001928,cust_00745,seg_003,2024-11-08T00:00:00,2025-01-07T00:00:00,2024-11-08T00:00:00
csm_001929,cust_00745,seg_004,2025-01-07T00:00:00,,2025-01-07T00:00:00
csm_001930,cust_00746,seg_002,2024-01-02T00:00:00,2024-02-01T00:00:00,2024-01-02T00:00:00
csm_001931,cust_00746,seg_003,2024-02-01T00:00:00,2024-04-01T00:00:00,2024-02-01T00:00:00
csm_001932,cust_00746,seg_004,2024-04-01T00:00:00,,2024-04-01T00:00:00
csm_001933,cust_00746,seg_008,2024-10-27T00:00:00,,2024-10-27T00:00:00
csm_001934,cust_00747,seg_005,2025-03-24T20:02:06,,2025-03-24T20:02:06
csm_001935,cust_00748,seg_005,2024-06-09T22:52:46,,2024-06-09T22:52:46
csm_001936,cust_00749,seg_001,2025-11-19T00:00:00,,2025-11-19T00:00:00
csm_001937,cust_00750,seg_002,2026-01-08T00:00:00,2026-02-07T00:00:00,2026-01-08T00:00:00
csm_001938,cust_00750,seg_003,2026-02-07T00:00:00,2026-04-08T00:00:00,2026-02-07T00:00:00
csm_001939,cust_00750,seg_004,2026-04-08T00:00:00,,2026-04-08T00:00:00
csm_001940,cust_00751,seg_005,2024-11-19T13:39:47,,2024-11-19T13:39:47
csm_001941,cust_00751,seg_007,2026-07-06T00:00:00,,2026-07-06T00:00:00
csm_001942,cust_00752,seg_005,2023-09-16T11:44:31,,2023-09-16T11:44:31
csm_001943,cust_00753,seg_002,2025-07-29T00:00:00,2025-08-28T00:00:00,2025-07-29T00:00:00
csm_001944,cust_00753,seg_003,2025-08-28T00:00:00,2025-10-27T00:00:00,2025-08-28T00:00:00
csm_001945,cust_00753,seg_008,2025-09-23T00:00:00,,2025-09-23T00:00:00
csm_001946,cust_00753,seg_004,2025-10-27T00:00:00,,2025-10-27T00:00:00
csm_001947,cust_00754,seg_005,2025-11-14T15:29:54,,2025-11-14T15:29:54
csm_001948,cust_00755,seg_005,2025-01-05T05:09:03,,2025-01-05T05:09:03
csm_001949,cust_00755,seg_007,2026-01-06T00:00:00,,2026-01-06T00:00:00
csm_001950,cust_00756,seg_001,2026-02-28T00:00:00,,2026-02-28T00:00:00
csm_001951,cust_00757,seg_005,2024-01-28T04:10:28,2025-09-30T00:00:00,2024-01-28T04:10:28
csm_001952,cust_00757,seg_002,2025-10-03T00:00:00,2025-11-02T00:00:00,2025-10-03T00:00:00
csm_001953,cust_00757,seg_008,2025-10-16T00:00:00,,2025-10-16T00:00:00
csm_001954,cust_00757,seg_003,2025-11-02T00:00:00,2026-01-01T00:00:00,2025-11-02T00:00:00
csm_001955,cust_00757,seg_004,2026-01-01T00:00:00,,2026-01-01T00:00:00
csm_001956,cust_00758,seg_002,2026-05-12T00:00:00,2026-06-11T00:00:00,2026-05-12T00:00:00
csm_001957,cust_00758,seg_003,2026-06-11T00:00:00,,2026-06-11T00:00:00
csm_001958,cust_00759,seg_005,2024-04-24T21:29:18,,2024-04-24T21:29:18
csm_001959,cust_00760,seg_005,2024-08-21T22:42:49,,2024-08-21T22:42:49
csm_001960,cust_00761,seg_002,2026-01-10T00:00:00,2026-02-09T00:00:00,2026-01-10T00:00:00
csm_001961,cust_00761,seg_008,2026-01-21T00:00:00,,2026-01-21T00:00:00
csm_001962,cust_00761,seg_003,2026-02-09T00:00:00,2026-04-10T00:00:00,2026-02-09T00:00:00
csm_001963,cust_00761,seg_004,2026-04-10T00:00:00,,2026-04-10T00:00:00
csm_001964,cust_00762,seg_002,2023-10-31T00:00:00,2023-11-30T00:00:00,2023-10-31T00:00:00
csm_001965,cust_00762,seg_003,2023-11-30T00:00:00,2024-01-29T00:00:00,2023-11-30T00:00:00
csm_001966,cust_00762,seg_004,2024-01-29T00:00:00,,2024-01-29T00:00:00
csm_001967,cust_00762,seg_008,2024-05-16T00:00:00,,2024-05-16T00:00:00
csm_001968,cust_00763,seg_002,2025-04-19T00:00:00,2025-05-19T00:00:00,2025-04-19T00:00:00
csm_001969,cust_00763,seg_003,2025-05-19T00:00:00,2025-07-18T00:00:00,2025-05-19T00:00:00
csm_001970,cust_00763,seg_004,2025-07-18T00:00:00,,2025-07-18T00:00:00
csm_001971,cust_00763,seg_008,2025-10-15T00:00:00,,2025-10-15T00:00:00
csm_001972,cust_00764,seg_005,2025-09-10T15:24:47,,2025-09-10T15:24:47
csm_001973,cust_00765,seg_001,2024-12-14T00:00:00,,2024-12-14T00:00:00
csm_001974,cust_00766,seg_005,2024-12-03T02:11:24,,2024-12-03T02:11:24
csm_001975,cust_00766,seg_007,2026-04-15T00:00:00,,2026-04-15T00:00:00
csm_001976,cust_00767,seg_005,2023-10-12T04:20:48,,2023-10-12T04:20:48
csm_001977,cust_00768,seg_001,2024-05-03T00:00:00,2024-06-03T00:00:00,2024-05-03T00:00:00
csm_001978,cust_00768,seg_002,2024-06-03T00:00:00,2024-07-03T00:00:00,2024-06-03T00:00:00
csm_001979,cust_00768,seg_003,2024-07-03T00:00:00,2024-09-01T00:00:00,2024-07-03T00:00:00
csm_001980,cust_00768,seg_004,2024-09-01T00:00:00,,2024-09-01T00:00:00
csm_001981,cust_00769,seg_001,2024-11-16T00:00:00,2025-01-16T00:00:00,2024-11-16T00:00:00
csm_001982,cust_00769,seg_002,2025-01-16T00:00:00,2025-02-15T00:00:00,2025-01-16T00:00:00
csm_001983,cust_00769,seg_003,2025-02-15T00:00:00,2025-04-16T00:00:00,2025-02-15T00:00:00
csm_001984,cust_00769,seg_004,2025-04-16T00:00:00,,2025-04-16T00:00:00
csm_001985,cust_00770,seg_002,2026-01-31T00:00:00,2026-03-02T00:00:00,2026-01-31T00:00:00
csm_001986,cust_00770,seg_008,2026-02-12T00:00:00,,2026-02-12T00:00:00
csm_001987,cust_00770,seg_003,2026-03-02T00:00:00,2026-05-01T00:00:00,2026-03-02T00:00:00
csm_001988,cust_00770,seg_004,2026-05-01T00:00:00,,2026-05-01T00:00:00
csm_001989,cust_00771,seg_002,2024-12-15T00:00:00,2025-01-14T00:00:00,2024-12-15T00:00:00
csm_001990,cust_00771,seg_003,2025-01-14T00:00:00,2025-03-15T00:00:00,2025-01-14T00:00:00
csm_001991,cust_00771,seg_004,2025-03-15T00:00:00,,2025-03-15T00:00:00
csm_001992,cust_00771,seg_008,2025-06-02T00:00:00,,2025-06-02T00:00:00
csm_001993,cust_00772,seg_005,2025-05-12T11:41:53,,2025-05-12T11:41:53
csm_001994,cust_00773,seg_005,2024-09-13T02:52:34,2026-01-12T00:00:00,2024-09-13T02:52:34
csm_001995,cust_00773,seg_002,2026-01-19T00:00:00,2026-02-18T00:00:00,2026-01-19T00:00:00
csm_001996,cust_00773,seg_003,2026-02-18T00:00:00,2026-04-19T00:00:00,2026-02-18T00:00:00
csm_001997,cust_00773,seg_004,2026-04-19T00:00:00,,2026-04-19T00:00:00
csm_001998,cust_00774,seg_002,2026-06-22T00:00:00,2026-07-22T00:00:00,2026-06-22T00:00:00
csm_001999,cust_00774,seg_003,2026-07-22T00:00:00,,2026-07-22T00:00:00
csm_002000,cust_00775,seg_002,2025-08-22T00:00:00,2025-09-21T00:00:00,2025-08-22T00:00:00
csm_002001,cust_00775,seg_003,2025-09-21T00:00:00,2025-11-20T00:00:00,2025-09-21T00:00:00
csm_002002,cust_00775,seg_008,2025-09-27T00:00:00,,2025-09-27T00:00:00
csm_002003,cust_00775,seg_004,2025-11-20T00:00:00,,2025-11-20T00:00:00
csm_002004,cust_00776,seg_005,2025-01-06T06:25:37,2025-12-19T00:00:00,2025-01-06T06:25:37
csm_002005,cust_00776,seg_002,2025-12-26T00:00:00,2026-01-25T00:00:00,2025-12-26T00:00:00
csm_002006,cust_00776,seg_003,2026-01-25T00:00:00,2026-03-26T00:00:00,2026-01-25T00:00:00
csm_002007,cust_00776,seg_008,2026-02-08T00:00:00,,2026-02-08T00:00:00
csm_002008,cust_00776,seg_004,2026-03-26T00:00:00,,2026-03-26T00:00:00
csm_002009,cust_00777,seg_002,2024-03-02T00:00:00,2024-04-01T00:00:00,2024-03-02T00:00:00
csm_002010,cust_00777,seg_003,2024-04-01T00:00:00,2024-05-31T00:00:00,2024-04-01T00:00:00
csm_002011,cust_00777,seg_004,2024-05-31T00:00:00,,2024-05-31T00:00:00
csm_002012,cust_00778,seg_001,2025-02-19T00:00:00,2025-09-19T00:00:00,2025-02-19T00:00:00
csm_002013,cust_00778,seg_002,2025-09-19T00:00:00,2025-10-19T00:00:00,2025-09-19T00:00:00
csm_002014,cust_00778,seg_003,2025-10-19T00:00:00,2025-12-18T00:00:00,2025-10-19T00:00:00
csm_002015,cust_00778,seg_004,2025-12-18T00:00:00,2026-01-03T00:00:00,2025-12-18T00:00:00
csm_002016,cust_00778,seg_001,2026-01-03T00:00:00,2026-02-03T00:00:00,2026-01-03T00:00:00
csm_002017,cust_00778,seg_002,2026-02-03T00:00:00,2026-03-05T00:00:00,2026-02-03T00:00:00
csm_002018,cust_00778,seg_003,2026-03-05T00:00:00,2026-05-04T00:00:00,2026-03-05T00:00:00
csm_002019,cust_00778,seg_004,2026-05-04T00:00:00,,2026-05-04T00:00:00
csm_002020,cust_00779,seg_002,2023-08-25T00:00:00,2023-09-24T00:00:00,2023-08-25T00:00:00
csm_002021,cust_00779,seg_003,2023-09-24T00:00:00,2023-11-23T00:00:00,2023-09-24T00:00:00
csm_002022,cust_00779,seg_004,2023-11-23T00:00:00,,2023-11-23T00:00:00
csm_002023,cust_00780,seg_002,2026-03-06T00:00:00,2026-04-05T00:00:00,2026-03-06T00:00:00
csm_002024,cust_00780,seg_003,2026-04-05T00:00:00,2026-06-04T00:00:00,2026-04-05T00:00:00
csm_002025,cust_00780,seg_008,2026-04-15T00:00:00,,2026-04-15T00:00:00
csm_002026,cust_00780,seg_004,2026-06-04T00:00:00,,2026-06-04T00:00:00
csm_002027,cust_00781,seg_002,2024-12-17T00:00:00,2025-01-16T00:00:00,2024-12-17T00:00:00
csm_002028,cust_00781,seg_003,2025-01-16T00:00:00,2025-03-17T00:00:00,2025-01-16T00:00:00
csm_002029,cust_00781,seg_004,2025-03-17T00:00:00,,2025-03-17T00:00:00
csm_002030,cust_00781,seg_008,2025-08-13T00:00:00,,2025-08-13T00:00:00
csm_002031,cust_00782,seg_005,2025-04-07T14:48:43,,2025-04-07T14:48:43
csm_002032,cust_00783,seg_002,2025-05-13T00:00:00,2025-06-12T00:00:00,2025-05-13T00:00:00
csm_002033,cust_00783,seg_003,2025-06-12T00:00:00,2025-08-11T00:00:00,2025-06-12T00:00:00
csm_002034,cust_00783,seg_004,2025-08-11T00:00:00,,2025-08-11T00:00:00
csm_002035,cust_00783,seg_008,2026-07-01T00:00:00,,2026-07-01T00:00:00
csm_002036,cust_00784,seg_005,2025-02-27T06:32:39,,2025-02-27T06:32:39
csm_002037,cust_00785,seg_001,2025-12-24T00:00:00,,2025-12-24T00:00:00
csm_002038,cust_00786,seg_002,2025-03-04T00:00:00,2025-04-03T00:00:00,2025-03-04T00:00:00
csm_002039,cust_00786,seg_008,2025-03-14T00:00:00,,2025-03-14T00:00:00
csm_002040,cust_00786,seg_003,2025-04-03T00:00:00,2025-06-02T00:00:00,2025-04-03T00:00:00
csm_002041,cust_00786,seg_004,2025-06-02T00:00:00,,2025-06-02T00:00:00
csm_002042,cust_00787,seg_005,2023-11-23T10:47:14,,2023-11-23T10:47:14
csm_002043,cust_00787,seg_007,2025-12-12T00:00:00,,2025-12-12T00:00:00
csm_002044,cust_00788,seg_002,2024-05-01T00:00:00,2024-05-31T00:00:00,2024-05-01T00:00:00
csm_002045,cust_00788,seg_008,2024-05-15T00:00:00,,2024-05-15T00:00:00
csm_002046,cust_00788,seg_003,2024-05-31T00:00:00,2024-07-30T00:00:00,2024-05-31T00:00:00
csm_002047,cust_00788,seg_004,2024-07-30T00:00:00,,2024-07-30T00:00:00
csm_002048,cust_00789,seg_005,2025-03-24T08:50:17,,2025-03-24T08:50:17
csm_002049,cust_00790,seg_001,2026-02-06T00:00:00,,2026-02-06T00:00:00
csm_002050,cust_00791,seg_005,2026-04-26T19:08:11,,2026-04-26T19:08:11
csm_002051,cust_00792,seg_005,2025-09-29T12:19:22,,2025-09-29T12:19:22
csm_002052,cust_00793,seg_002,2024-01-24T00:00:00,2024-02-23T00:00:00,2024-01-24T00:00:00
csm_002053,cust_00793,seg_003,2024-02-23T00:00:00,2024-04-23T00:00:00,2024-02-23T00:00:00
csm_002054,cust_00793,seg_004,2024-04-23T00:00:00,,2024-04-23T00:00:00
csm_002055,cust_00794,seg_002,2024-12-13T00:00:00,2025-01-12T00:00:00,2024-12-13T00:00:00
csm_002056,cust_00794,seg_003,2025-01-12T00:00:00,2025-03-13T00:00:00,2025-01-12T00:00:00
csm_002057,cust_00794,seg_008,2025-03-07T00:00:00,,2025-03-07T00:00:00
csm_002058,cust_00794,seg_004,2025-03-13T00:00:00,,2025-03-13T00:00:00
csm_002059,cust_00795,seg_001,2025-01-19T00:00:00,2025-08-19T00:00:00,2025-01-19T00:00:00
csm_002060,cust_00795,seg_002,2025-08-19T00:00:00,2025-09-18T00:00:00,2025-08-19T00:00:00
csm_002061,cust_00795,seg_003,2025-09-18T00:00:00,2025-11-17T00:00:00,2025-09-18T00:00:00
csm_002062,cust_00795,seg_004,2025-11-17T00:00:00,,2025-11-17T00:00:00
csm_002063,cust_00796,seg_002,2024-09-23T00:00:00,2024-10-23T00:00:00,2024-09-23T00:00:00
csm_002064,cust_00796,seg_003,2024-10-23T00:00:00,2024-12-22T00:00:00,2024-10-23T00:00:00
csm_002065,cust_00796,seg_004,2024-12-22T00:00:00,,2024-12-22T00:00:00
csm_002066,cust_00796,seg_008,2025-08-31T00:00:00,,2025-08-31T00:00:00
csm_002067,cust_00797,seg_005,2025-04-21T10:39:09,2026-02-09T00:00:00,2025-04-21T10:39:09
csm_002068,cust_00797,seg_001,2026-02-16T00:00:00,,2026-02-16T00:00:00
csm_002069,cust_00797,seg_007,2026-07-16T00:00:00,,2026-07-16T00:00:00
csm_002070,cust_00798,seg_005,2024-12-07T23:23:36,,2024-12-07T23:23:36
csm_002071,cust_00799,seg_001,2025-02-13T00:00:00,2025-08-13T00:00:00,2025-02-13T00:00:00
csm_002072,cust_00799,seg_002,2025-08-13T00:00:00,2025-09-12T00:00:00,2025-08-13T00:00:00
csm_002073,cust_00799,seg_003,2025-09-12T00:00:00,2025-11-11T00:00:00,2025-09-12T00:00:00
csm_002074,cust_00799,seg_004,2025-11-11T00:00:00,2026-05-14T00:00:00,2025-11-11T00:00:00
csm_002075,cust_00799,seg_008,2026-02-03T00:00:00,2026-05-14T00:00:00,2026-02-03T00:00:00
csm_002076,cust_00799,seg_001,2026-05-14T00:00:00,,2026-05-14T00:00:00
csm_002077,cust_00800,seg_005,2023-12-15T06:58:29,,2023-12-15T06:58:29
csm_002078,cust_00800,seg_007,2025-02-28T00:00:00,,2025-02-28T00:00:00
csm_002079,cust_00801,seg_002,2025-06-27T00:00:00,2025-07-27T00:00:00,2025-06-27T00:00:00
csm_002080,cust_00801,seg_003,2025-07-27T00:00:00,2025-09-25T00:00:00,2025-07-27T00:00:00
csm_002081,cust_00801,seg_004,2025-09-25T00:00:00,,2025-09-25T00:00:00
csm_002082,cust_00801,seg_008,2026-05-23T00:00:00,,2026-05-23T00:00:00
csm_002083,cust_00802,seg_005,2024-05-21T14:43:50,,2024-05-21T14:43:50
csm_002084,cust_00803,seg_001,2024-09-17T00:00:00,,2024-09-17T00:00:00
csm_002085,cust_00803,seg_007,2026-01-17T00:00:00,,2026-01-17T00:00:00
csm_002086,cust_00804,seg_005,2025-09-25T21:40:30,,2025-09-25T21:40:30
csm_002087,cust_00805,seg_001,2025-05-01T00:00:00,,2025-05-01T00:00:00
csm_002088,cust_00806,seg_005,2025-11-14T22:59:06,,2025-11-14T22:59:06
csm_002089,cust_00807,seg_002,2026-05-08T00:00:00,2026-06-07T00:00:00,2026-05-08T00:00:00
csm_002090,cust_00807,seg_008,2026-05-30T00:00:00,,2026-05-30T00:00:00
csm_002091,cust_00807,seg_003,2026-06-07T00:00:00,,2026-06-07T00:00:00
csm_002092,cust_00808,seg_002,2024-02-16T00:00:00,2024-03-17T00:00:00,2024-02-16T00:00:00
csm_002093,cust_00808,seg_003,2024-03-17T00:00:00,2024-05-16T00:00:00,2024-03-17T00:00:00
csm_002094,cust_00808,seg_004,2024-05-16T00:00:00,,2024-05-16T00:00:00
csm_002095,cust_00809,seg_002,2024-10-30T00:00:00,2024-11-29T00:00:00,2024-10-30T00:00:00
csm_002096,cust_00809,seg_003,2024-11-29T00:00:00,2025-01-28T00:00:00,2024-11-29T00:00:00
csm_002097,cust_00809,seg_008,2025-01-10T00:00:00,,2025-01-10T00:00:00
csm_002098,cust_00809,seg_004,2025-01-28T00:00:00,,2025-01-28T00:00:00
csm_002099,cust_00810,seg_002,2025-09-12T00:00:00,2025-10-12T00:00:00,2025-09-12T00:00:00
csm_002100,cust_00810,seg_003,2025-10-12T00:00:00,2025-12-11T00:00:00,2025-10-12T00:00:00
csm_002101,cust_00810,seg_008,2025-10-14T00:00:00,,2025-10-14T00:00:00
csm_002102,cust_00810,seg_004,2025-12-11T00:00:00,,2025-12-11T00:00:00
csm_002103,cust_00811,seg_002,2025-08-05T00:00:00,2025-09-04T00:00:00,2025-08-05T00:00:00
csm_002104,cust_00811,seg_003,2025-09-04T00:00:00,2025-11-03T00:00:00,2025-09-04T00:00:00
csm_002105,cust_00811,seg_004,2025-11-03T00:00:00,,2025-11-03T00:00:00
csm_002106,cust_00812,seg_002,2025-10-04T00:00:00,2025-11-03T00:00:00,2025-10-04T00:00:00
csm_002107,cust_00812,seg_003,2025-11-03T00:00:00,2026-01-02T00:00:00,2025-11-03T00:00:00
csm_002108,cust_00812,seg_004,2026-01-02T00:00:00,,2026-01-02T00:00:00
csm_002109,cust_00813,seg_001,2023-11-22T00:00:00,,2023-11-22T00:00:00
csm_002110,cust_00813,seg_007,2024-11-22T00:00:00,,2024-11-22T00:00:00
csm_002111,cust_00814,seg_005,2024-05-23T05:07:40,,2024-05-23T05:07:40
csm_002112,cust_00814,seg_007,2026-07-11T00:00:00,,2026-07-11T00:00:00
csm_002113,cust_00815,seg_002,2025-12-26T00:00:00,2026-01-25T00:00:00,2025-12-26T00:00:00
csm_002114,cust_00815,seg_003,2026-01-25T00:00:00,2026-03-26T00:00:00,2026-01-25T00:00:00
csm_002115,cust_00815,seg_004,2026-03-26T00:00:00,,2026-03-26T00:00:00
csm_002116,cust_00815,seg_008,2026-06-12T00:00:00,,2026-06-12T00:00:00
csm_002117,cust_00816,seg_001,2025-12-30T00:00:00,2026-05-30T00:00:00,2025-12-30T00:00:00
csm_002118,cust_00816,seg_002,2026-05-30T00:00:00,2026-06-29T00:00:00,2026-05-30T00:00:00
csm_002119,cust_00816,seg_003,2026-06-29T00:00:00,,2026-06-29T00:00:00
csm_002120,cust_00817,seg_005,2024-08-16T03:12:36,2025-09-30T00:00:00,2024-08-16T03:12:36
csm_002121,cust_00817,seg_001,2025-10-07T00:00:00,2025-12-07T00:00:00,2025-10-07T00:00:00
csm_002122,cust_00817,seg_002,2025-12-07T00:00:00,2026-01-06T00:00:00,2025-12-07T00:00:00
csm_002123,cust_00817,seg_003,2026-01-06T00:00:00,2026-03-07T00:00:00,2026-01-06T00:00:00
csm_002124,cust_00817,seg_008,2026-01-21T00:00:00,,2026-01-21T00:00:00
csm_002125,cust_00817,seg_004,2026-03-07T00:00:00,,2026-03-07T00:00:00
csm_002126,cust_00818,seg_005,2025-06-27T10:44:02,,2025-06-27T10:44:02
csm_002127,cust_00819,seg_005,2024-12-29T12:20:53,,2024-12-29T12:20:53
csm_002128,cust_00820,seg_002,2023-09-26T00:00:00,2023-10-26T00:00:00,2023-09-26T00:00:00
csm_002129,cust_00820,seg_003,2023-10-26T00:00:00,2023-12-25T00:00:00,2023-10-26T00:00:00
csm_002130,cust_00820,seg_004,2023-12-25T00:00:00,,2023-12-25T00:00:00
csm_002131,cust_00821,seg_005,2025-10-01T01:01:43,,2025-10-01T01:01:43
csm_002132,cust_00822,seg_005,2026-01-08T03:52:20,,2026-01-08T03:52:20
csm_002133,cust_00823,seg_001,2025-02-23T00:00:00,2025-03-23T00:00:00,2025-02-23T00:00:00
csm_002134,cust_00823,seg_002,2025-03-23T00:00:00,2025-04-22T00:00:00,2025-03-23T00:00:00
csm_002135,cust_00823,seg_003,2025-04-22T00:00:00,2025-06-21T00:00:00,2025-04-22T00:00:00
csm_002136,cust_00823,seg_004,2025-06-21T00:00:00,,2025-06-21T00:00:00
csm_002137,cust_00824,seg_005,2024-06-14T18:41:35,,2024-06-14T18:41:35
csm_002138,cust_00825,seg_005,2026-04-07T08:05:44,,2026-04-07T08:05:44
csm_002139,cust_00826,seg_001,2024-10-27T00:00:00,,2024-10-27T00:00:00
csm_002140,cust_00826,seg_007,2026-05-12T00:00:00,,2026-05-12T00:00:00
csm_002141,cust_00827,seg_005,2025-07-13T08:35:08,,2025-07-13T08:35:08
csm_002142,cust_00828,seg_001,2026-04-11T00:00:00,,2026-04-11T00:00:00
csm_002143,cust_00829,seg_002,2023-12-19T00:00:00,2024-01-18T00:00:00,2023-12-19T00:00:00
csm_002144,cust_00829,seg_003,2024-01-18T00:00:00,2024-03-18T00:00:00,2024-01-18T00:00:00
csm_002145,cust_00829,seg_004,2024-03-18T00:00:00,,2024-03-18T00:00:00
csm_002146,cust_00829,seg_008,2024-04-20T00:00:00,,2024-04-20T00:00:00
csm_002147,cust_00830,seg_002,2023-10-26T00:00:00,2023-11-25T00:00:00,2023-10-26T00:00:00
csm_002148,cust_00830,seg_003,2023-11-25T00:00:00,2024-01-24T00:00:00,2023-11-25T00:00:00
csm_002149,cust_00830,seg_004,2024-01-24T00:00:00,,2024-01-24T00:00:00
csm_002150,cust_00830,seg_008,2024-02-14T00:00:00,,2024-02-14T00:00:00
csm_002151,cust_00831,seg_005,2026-07-04T17:00:23,,2026-07-04T17:00:23
csm_002152,cust_00832,seg_002,2026-07-18T00:00:00,,2026-07-18T00:00:00
csm_002153,cust_00832,seg_008,2026-07-20T00:00:00,,2026-07-20T00:00:00
csm_002154,cust_00833,seg_005,2026-05-02T08:15:20,,2026-05-02T08:15:20
csm_002155,cust_00834,seg_001,2026-05-10T00:00:00,2026-06-10T00:00:00,2026-05-10T00:00:00
csm_002156,cust_00834,seg_002,2026-06-10T00:00:00,2026-07-10T00:00:00,2026-06-10T00:00:00
csm_002157,cust_00834,seg_003,2026-07-10T00:00:00,,2026-07-10T00:00:00
csm_002158,cust_00835,seg_005,2025-08-24T14:02:33,,2025-08-24T14:02:33
csm_002159,cust_00836,seg_002,2024-07-18T00:00:00,2024-08-17T00:00:00,2024-07-18T00:00:00
csm_002160,cust_00836,seg_003,2024-08-17T00:00:00,2024-10-16T00:00:00,2024-08-17T00:00:00
csm_002161,cust_00836,seg_004,2024-10-16T00:00:00,,2024-10-16T00:00:00
csm_002162,cust_00836,seg_008,2025-04-21T00:00:00,,2025-04-21T00:00:00
csm_002163,cust_00837,seg_002,2025-01-11T00:00:00,2025-02-10T00:00:00,2025-01-11T00:00:00
csm_002164,cust_00837,seg_003,2025-02-10T00:00:00,2025-04-11T00:00:00,2025-02-10T00:00:00
csm_002165,cust_00837,seg_004,2025-04-11T00:00:00,,2025-04-11T00:00:00
csm_002166,cust_00837,seg_008,2025-10-16T00:00:00,,2025-10-16T00:00:00
csm_002167,cust_00838,seg_002,2025-02-15T00:00:00,2025-03-17T00:00:00,2025-02-15T00:00:00
csm_002168,cust_00838,seg_003,2025-03-17T00:00:00,2025-05-16T00:00:00,2025-03-17T00:00:00
csm_002169,cust_00838,seg_004,2025-05-16T00:00:00,,2025-05-16T00:00:00
csm_002170,cust_00838,seg_008,2026-03-08T00:00:00,,2026-03-08T00:00:00
csm_002171,cust_00839,seg_001,2025-01-15T00:00:00,,2025-01-15T00:00:00
csm_002172,cust_00839,seg_007,2026-01-15T00:00:00,,2026-01-15T00:00:00
csm_002173,cust_00840,seg_005,2023-12-06T00:38:46,,2023-12-06T00:38:46
csm_002174,cust_00841,seg_005,2026-02-05T04:12:13,,2026-02-05T04:12:13
csm_002175,cust_00842,seg_002,2025-10-12T00:00:00,2025-11-11T00:00:00,2025-10-12T00:00:00
csm_002176,cust_00842,seg_008,2025-11-01T00:00:00,,2025-11-01T00:00:00
csm_002177,cust_00842,seg_003,2025-11-11T00:00:00,2026-01-10T00:00:00,2025-11-11T00:00:00
csm_002178,cust_00842,seg_004,2026-01-10T00:00:00,,2026-01-10T00:00:00
csm_002179,cust_00843,seg_005,2026-03-06T03:48:00,,2026-03-06T03:48:00
csm_002180,cust_00844,seg_005,2025-01-06T21:29:52,,2025-01-06T21:29:52
csm_002181,cust_00845,seg_001,2023-12-06T00:00:00,2024-02-06T00:00:00,2023-12-06T00:00:00
csm_002182,cust_00845,seg_002,2024-02-06T00:00:00,2024-03-07T00:00:00,2024-02-06T00:00:00
csm_002183,cust_00845,seg_003,2024-03-07T00:00:00,2024-05-06T00:00:00,2024-03-07T00:00:00
csm_002184,cust_00845,seg_004,2024-05-06T00:00:00,2025-01-05T00:00:00,2024-05-06T00:00:00
csm_002185,cust_00845,seg_008,2024-11-16T00:00:00,2025-01-05T00:00:00,2024-11-16T00:00:00
csm_002186,cust_00845,seg_001,2025-01-05T00:00:00,2025-03-05T00:00:00,2025-01-05T00:00:00
csm_002187,cust_00845,seg_007,2025-01-05T00:00:00,,2025-01-05T00:00:00
csm_002188,cust_00845,seg_002,2025-03-05T00:00:00,2025-04-04T00:00:00,2025-03-05T00:00:00
csm_002189,cust_00845,seg_003,2025-04-04T00:00:00,2025-06-03T00:00:00,2025-04-04T00:00:00
csm_002190,cust_00845,seg_004,2025-06-03T00:00:00,,2025-06-03T00:00:00
csm_002191,cust_00846,seg_002,2025-12-01T00:00:00,2025-12-31T00:00:00,2025-12-01T00:00:00
csm_002192,cust_00846,seg_003,2025-12-31T00:00:00,2026-03-01T00:00:00,2025-12-31T00:00:00
csm_002193,cust_00846,seg_008,2026-02-13T00:00:00,,2026-02-13T00:00:00
csm_002194,cust_00846,seg_004,2026-03-01T00:00:00,,2026-03-01T00:00:00
csm_002195,cust_00847,seg_002,2024-08-21T00:00:00,2024-09-20T00:00:00,2024-08-21T00:00:00
csm_002196,cust_00847,seg_003,2024-09-20T00:00:00,2024-11-19T00:00:00,2024-09-20T00:00:00
csm_002197,cust_00847,seg_008,2024-10-16T00:00:00,,2024-10-16T00:00:00
csm_002198,cust_00847,seg_004,2024-11-19T00:00:00,,2024-11-19T00:00:00
csm_002199,cust_00848,seg_001,2026-05-16T00:00:00,,2026-05-16T00:00:00
csm_002200,cust_00849,seg_002,2025-11-10T00:00:00,2025-12-10T00:00:00,2025-11-10T00:00:00
csm_002201,cust_00849,seg_008,2025-12-09T00:00:00,,2025-12-09T00:00:00
csm_002202,cust_00849,seg_003,2025-12-10T00:00:00,2026-02-08T00:00:00,2025-12-10T00:00:00
csm_002203,cust_00849,seg_004,2026-02-08T00:00:00,,2026-02-08T00:00:00
csm_002204,cust_00850,seg_002,2023-12-27T00:00:00,2024-01-26T00:00:00,2023-12-27T00:00:00
csm_002205,cust_00850,seg_003,2024-01-26T00:00:00,2024-03-26T00:00:00,2024-01-26T00:00:00
csm_002206,cust_00850,seg_004,2024-03-26T00:00:00,,2024-03-26T00:00:00
csm_002207,cust_00851,seg_005,2025-04-23T07:18:54,,2025-04-23T07:18:54
csm_002208,cust_00852,seg_005,2023-12-21T04:34:45,,2023-12-21T04:34:45
csm_002209,cust_00852,seg_007,2025-12-22T00:00:00,,2025-12-22T00:00:00
csm_002210,cust_00853,seg_005,2024-05-14T16:04:15,,2024-05-14T16:04:15
csm_002211,cust_00854,seg_001,2024-11-12T00:00:00,2024-12-12T00:00:00,2024-11-12T00:00:00
csm_002212,cust_00854,seg_002,2024-12-12T00:00:00,2025-01-11T00:00:00,2024-12-12T00:00:00
csm_002213,cust_00854,seg_003,2025-01-11T00:00:00,2025-03-12T00:00:00,2025-01-11T00:00:00
csm_002214,cust_00854,seg_004,2025-03-12T00:00:00,,2025-03-12T00:00:00
csm_002215,cust_00855,seg_002,2026-02-10T00:00:00,2026-03-12T00:00:00,2026-02-10T00:00:00
csm_002216,cust_00855,seg_003,2026-03-12T00:00:00,2026-05-11T00:00:00,2026-03-12T00:00:00
csm_002217,cust_00855,seg_004,2026-05-11T00:00:00,,2026-05-11T00:00:00
csm_002218,cust_00855,seg_008,2026-07-23T00:00:00,,2026-07-23T00:00:00
csm_002219,cust_00856,seg_002,2025-01-28T00:00:00,2025-02-27T00:00:00,2025-01-28T00:00:00
csm_002220,cust_00856,seg_003,2025-02-27T00:00:00,2025-04-28T00:00:00,2025-02-27T00:00:00
csm_002221,cust_00856,seg_004,2025-04-28T00:00:00,,2025-04-28T00:00:00
csm_002222,cust_00857,seg_002,2025-11-03T00:00:00,2025-12-03T00:00:00,2025-11-03T00:00:00
csm_002223,cust_00857,seg_003,2025-12-03T00:00:00,2026-02-01T00:00:00,2025-12-03T00:00:00
csm_002224,cust_00857,seg_004,2026-02-01T00:00:00,,2026-02-01T00:00:00
csm_002225,cust_00857,seg_008,2026-06-11T00:00:00,,2026-06-11T00:00:00
csm_002226,cust_00858,seg_002,2025-10-19T00:00:00,2025-11-18T00:00:00,2025-10-19T00:00:00
csm_002227,cust_00858,seg_003,2025-11-18T00:00:00,2026-01-17T00:00:00,2025-11-18T00:00:00
csm_002228,cust_00858,seg_004,2026-01-17T00:00:00,,2026-01-17T00:00:00
csm_002229,cust_00858,seg_008,2026-06-09T00:00:00,,2026-06-09T00:00:00
csm_002230,cust_00859,seg_005,2026-04-30T01:46:51,,2026-04-30T01:46:51
csm_002231,cust_00860,seg_002,2024-06-26T00:00:00,2024-07-26T00:00:00,2024-06-26T00:00:00
csm_002232,cust_00860,seg_003,2024-07-26T00:00:00,2024-09-24T00:00:00,2024-07-26T00:00:00
csm_002233,cust_00860,seg_004,2024-09-24T00:00:00,,2024-09-24T00:00:00
csm_002234,cust_00860,seg_008,2025-08-08T00:00:00,,2025-08-08T00:00:00
