campaign_id,ad_group_id,date,impressions,clicks,cost_micros,average_cpc_micros,ctr,conversions,conversions_value
179000000000000001,180000000000000001,2023-08-01,1688,42,42296962,1007071,0.024882,0.36,21.42
179000000000000001,180000000000000002,2023-08-01,1230,36,29875411,829873,0.029268,0.26,19.01
179000000000000002,180000000000000003,2023-08-01,418,21,16608945,790902,0.050239,0.84,74.41
179000000000000002,180000000000000004,2023-08-01,613,34,19477241,572860,0.055465,1.32,147.64
179000000000000003,180000000000000005,2023-08-01,591,28,24057457,859195,0.047377,0.42,31.78
179000000000000004,180000000000000006,2023-08-01,559,36,54868299,1524119,0.064401,1.08,115.73
179000000000000004,180000000000000007,2023-08-01,219,16,29332804,1833300,0.073059,0.57,61.11
179000000000000005,180000000000000008,2023-08-01,378,40,24057458,601436,0.10582,2.01,241.38
179000000000000001,180000000000000001,2023-08-02,1256,35,32588974,931114,0.027866,0.3,27.6
179000000000000001,180000000000000002,2023-08-02,734,21,18751602,892933,0.02861,0.15,10.81
179000000000000002,180000000000000003,2023-08-02,354,17,12430615,731213,0.048023,0.71,68.65
179000000000000002,180000000000000004,2023-08-02,420,19,13239673,696825,0.045238,0.81,107.92
179000000000000003,180000000000000005,2023-08-02,313,15,17113525,1140902,0.047923,0.25,29.31
179000000000000004,180000000000000006,2023-08-02,401,25,35213584,1408543,0.062344,0.77,54.79
179000000000000004,180000000000000007,2023-08-02,214,14,24683755,1763125,0.065421,0.47,30.5
179000000000000005,180000000000000008,2023-08-02,355,37,17113525,462528,0.104225,1.7,188.31
179000000000000001,180000000000000001,2023-08-03,1117,33,33278427,1008437,0.029543,0.26,21.9
179000000000000001,180000000000000002,2023-08-03,796,17,18166658,1068627,0.021357,0.11,14.38
179000000000000002,180000000000000003,2023-08-03,301,17,11541578,678916,0.056478,0.69,72.25
179000000000000002,180000000000000004,2023-08-03,447,16,14180964,886310,0.035794,0.56,50.65
179000000000000003,180000000000000005,2023-08-03,359,19,17148361,902545,0.052925,0.28,20.01
179000000000000004,180000000000000006,2023-08-03,185,15,33856508,2257101,0.081081,0.32,27.03
179000000000000004,180000000000000007,2023-08-03,191,14,26162758,1868768,0.073298,0.42,24.56
179000000000000005,180000000000000008,2023-08-03,298,31,17148362,553173,0.104027,1.37,113.47
179000000000000001,180000000000000001,2023-08-04,1739,40,32022910,800573,0.023002,0.37,29.54
179000000000000001,180000000000000002,2023-08-04,668,22,23969141,1089506,0.032934,0.18,13.8
179000000000000002,180000000000000003,2023-08-04,404,20,14326566,716328,0.049505,0.71,68.4
179000000000000002,180000000000000004,2023-08-04,390,17,13669459,804086,0.04359,0.44,23.56
179000000000000003,180000000000000005,2023-08-04,317,18,18664016,1036890,0.056782,0.26,25.39
179000000000000004,180000000000000006,2023-08-04,198,17,37753509,2220795,0.085859,0.43,38.85
179000000000000004,180000000000000007,2023-08-04,214,18,27570549,1531697,0.084112,0.46,44.9
179000000000000005,180000000000000008,2023-08-04,302,30,18664017,622134,0.099338,1.25,110.04
179000000000000001,180000000000000001,2023-08-05,1023,27,33074623,1224986,0.026393,0.19,20.08
179000000000000001,180000000000000002,2023-08-05,751,22,21165011,962046,0.029294,0.17,11.62
179000000000000002,180000000000000003,2023-08-05,281,16,12842721,802670,0.05694,0.64,56.08
179000000000000002,180000000000000004,2023-08-05,390,18,14277096,793172,0.046154,0.67,38.25
179000000000000003,180000000000000005,2023-08-05,341,18,18079878,1004438,0.052786,0.31,26.01
179000000000000004,180000000000000006,2023-08-05,276,25,41396186,1655847,0.09058,0.72,77.84
179000000000000004,180000000000000007,2023-08-05,83,6,12034988,2005831,0.072289,0.22,26.39
179000000000000005,180000000000000008,2023-08-05,510,48,18079878,376664,0.094118,2.12,173.4
179000000000000001,180000000000000001,2023-08-06,887,28,26083346,931548,0.031567,0.25,20.78
179000000000000001,180000000000000002,2023-08-06,571,14,14114261,1008162,0.024518,0.11,11.03
179000000000000002,180000000000000003,2023-08-06,270,13,10688168,822167,0.048148,0.5,42.45
179000000000000002,180000000000000004,2023-08-06,207,12,9410635,784220,0.057971,0.41,26.53
179000000000000003,180000000000000005,2023-08-06,284,13,13399202,1030708,0.045775,0.2,16.72
179000000000000004,180000000000000006,2023-08-06,160,13,25517757,1962904,0.08125,0.42,43.7
179000000000000004,180000000000000007,2023-08-06,117,10,21379450,2137945,0.08547,0.24,25.52
179000000000000005,180000000000000008,2023-08-06,330,31,13399201,432232,0.093939,1.44,114.22
179000000000000001,180000000000000001,2023-08-07,1350,28,31147304,1112404,0.020741,0.21,21.05
179000000000000001,180000000000000002,2023-08-07,790,24,21682484,903437,0.03038,0.22,23.28
179000000000000002,180000000000000003,2023-08-07,257,8,7409989,926249,0.031128,0.26,36.27
179000000000000002,180000000000000004,2023-08-07,262,14,12817158,915511,0.053435,0.58,56.05
179000000000000003,180000000000000005,2023-08-07,298,14,17609929,1257852,0.04698,0.26,22.61
179000000000000004,180000000000000006,2023-08-07,331,28,42736170,1526292,0.084592,0.78,89.59
179000000000000004,180000000000000007,2023-08-07,145,11,18898582,1718053,0.075862,0.3,22.98
179000000000000005,180000000000000008,2023-08-07,369,39,17609930,451537,0.105691,1.63,146.11
179000000000000001,180000000000000001,2023-08-08,713,23,23751990,1032695,0.032258,0.19,12.64
179000000000000001,180000000000000002,2023-08-08,748,18,21936134,1218674,0.024064,0.14,13.94
179000000000000002,180000000000000003,2023-08-08,414,24,13076106,544838,0.057971,0.74,80.27
179000000000000002,180000000000000004,2023-08-08,467,18,15523023,862390,0.038544,0.65,54.96
179000000000000003,180000000000000005,2023-08-08,382,17,19066086,1121534,0.044503,0.24,25.4
179000000000000004,180000000000000006,2023-08-08,118,12,23203014,1933584,0.101695,0.34,34.92
179000000000000004,180000000000000007,2023-08-08,277,18,30731271,1707293,0.064982,0.42,43.52
179000000000000005,180000000000000008,2023-08-08,352,36,19066086,529614,0.102273,1.71,144.32
179000000000000001,180000000000000001,2023-08-09,1973,38,37084766,975915,0.01926,0.36,35.15
179000000000000001,180000000000000002,2023-08-09,852,26,26186832,1007186,0.030516,0.22,23.33
179000000000000002,180000000000000003,2023-08-09,655,26,15133086,582042,0.039695,0.97,117.43
179000000000000002,180000000000000004,2023-08-09,358,19,16502713,868564,0.053073,0.6,66.41
179000000000000003,180000000000000005,2023-08-09,338,23,21090533,916980,0.068047,0.39,36.85
179000000000000004,180000000000000006,2023-08-09,224,20,41637870,2081894,0.089286,0.48,55.87
179000000000000004,180000000000000007,2023-08-09,245,17,32178993,1892882,0.069388,0.46,36.26
179000000000000005,180000000000000008,2023-08-09,353,40,14881064,372027,0.113314,2.0,166.98
179000000000000001,180000000000000001,2023-08-10,1292,37,35270172,953248,0.028638,0.3,26.56
179000000000000001,180000000000000002,2023-08-10,638,19,19877877,1046204,0.029781,0.18,13.52
179000000000000002,180000000000000003,2023-08-10,395,20,16729765,836488,0.050633,0.74,81.53
179000000000000003,180000000000000005,2023-08-10,333,15,18382683,1225512,0.045045,0.23,23.03
179000000000000004,180000000000000006,2023-08-10,402,25,41916745,1676670,0.062189,0.81,58.4
179000000000000004,180000000000000007,2023-08-10,152,10,22422646,2242265,0.065789,0.27,22.86
179000000000000005,180000000000000008,2023-08-10,332,40,18382683,459567,0.120482,1.9,102.04
179000000000000001,180000000000000001,2023-08-11,965,28,24216437,864873,0.029016,0.26,15.8
179000000000000001,180000000000000002,2023-08-11,699,19,19566456,1029813,0.027182,0.16,19.86
179000000000000002,180000000000000003,2023-08-11,407,17,13456052,791532,0.041769,0.5,42.64
179000000000000002,180000000000000004,2023-08-11,395,19,12483515,657027,0.048101,0.75,35.84
179000000000000003,180000000000000005,2023-08-11,98,7,6769971,967139,0.071429,0.13,6.86
179000000000000004,180000000000000006,2023-08-11,320,23,34425414,1496757,0.071875,0.65,56.39
179000000000000004,180000000000000007,2023-08-11,212,15,26100241,1740016,0.070755,0.4,28.25
179000000000000005,180000000000000008,2023-08-11,372,29,17293044,596312,0.077957,1.17,87.95
179000000000000001,180000000000000001,2023-08-12,2081,42,31123383,741033,0.020183,0.27,23.13
179000000000000001,180000000000000002,2023-08-12,604,15,17359836,1157322,0.024834,0.14,9.32
179000000000000002,180000000000000003,2023-08-12,267,17,12546215,738013,0.06367,0.67,39.35
179000000000000002,180000000000000004,2023-08-12,271,13,11695395,899646,0.04797,0.37,44.31
179000000000000003,180000000000000005,2023-08-12,312,15,16161073,1077405,0.048077,0.24,19.82
179000000000000004,180000000000000006,2023-08-12,189,15,30388574,2025905,0.079365,0.45,48.0
179000000000000004,180000000000000007,2023-08-12,216,17,26175181,1539717,0.078704,0.49,59.06
179000000000000005,180000000000000008,2023-08-12,372,39,16161073,414386,0.104839,1.62,107.45
179000000000000001,180000000000000001,2023-08-13,1103,38,33250319,875008,0.034451,0.3,29.14
179000000000000001,180000000000000002,2023-08-13,760,27,22233095,823448,0.035526,0.17,17.17
179000000000000002,180000000000000003,2023-08-13,279,16,14073581,879599,0.057348,0.56,42.27
179000000000000002,180000000000000004,2023-08-13,342,15,13668126,911208,0.04386,0.6,62.78
179000000000000003,180000000000000005,2023-08-13,365,18,18494471,1027471,0.049315,0.25,14.62
179000000000000004,180000000000000006,2023-08-13,305,22,39237056,1783503,0.072131,0.54,31.86
179000000000000004,180000000000000007,2023-08-13,260,19,25493594,1341768,0.073077,0.47,51.93
179000000000000005,180000000000000008,2023-08-13,454,44,18494471,420329,0.096916,1.97,176.1
179000000000000001,180000000000000001,2023-08-14,1386,31,29900232,964524,0.022367,0.23,24.05
179000000000000001,180000000000000002,2023-08-14,455,15,19177077,1278472,0.032967,0.13,16.08
179000000000000002,180000000000000003,2023-08-14,354,17,13326523,783913,0.048023,0.64,68.39
179000000000000002,180000000000000004,2023-08-14,332,17,11212132,659537,0.051205,0.7,66.57
179000000000000003,180000000000000005,2023-08-14,321,16,16359103,1022444,0.049844,0.26,30.55
179000000000000004,180000000000000006,2023-08-14,248,22,36857380,1675335,0.08871,0.69,82.39
179000000000000004,180000000000000007,2023-08-14,175,10,20399479,2039948,0.057143,0.28,13.02
179000000000000005,180000000000000008,2023-08-14,290,31,16359102,527713,0.106897,1.17,97.82
179000000000000001,180000000000000001,2023-08-15,1177,26,24158678,929180,0.02209,0.19,16.88
179000000000000001,180000000000000002,2023-08-15,697,20,16654488,832724,0.028694,0.15,20.58
179000000000000002,180000000000000003,2023-08-15,421,18,10728755,596042,0.042755,0.65,67.01
179000000000000002,180000000000000004,2023-08-15,231,14,9677828,691273,0.060606,0.51,36.54
179000000000000003,180000000000000005,2023-08-15,388,15,13604388,906959,0.03866,0.2,21.4
179000000000000004,180000000000000006,2023-08-15,274,17,29609284,1741723,0.062044,0.43,50.76
179000000000000004,180000000000000007,2023-08-15,172,11,18006077,1636916,0.063953,0.28,28.94
179000000000000005,180000000000000008,2023-08-15,382,30,13604389,453480,0.078534,1.25,114.05
179000000000000001,180000000000000001,2023-08-16,1691,43,36460699,847923,0.025429,0.33,29.73
179000000000000001,180000000000000002,2023-08-16,848,23,26059692,1133030,0.027123,0.16,17.26
179000000000000002,180000000000000003,2023-08-16,621,32,19018109,594316,0.05153,1.07,95.37
179000000000000002,180000000000000004,2023-08-16,486,20,12242087,612104,0.041152,0.74,56.26
179000000000000003,180000000000000005,2023-08-16,292,12,11394339,949528,0.041096,0.19,19.57
179000000000000004,180000000000000006,2023-08-16,248,24,40277583,1678233,0.096774,0.73,69.08
179000000000000004,180000000000000007,2023-08-16,330,24,32662874,1360953,0.072727,0.55,47.37
179000000000000005,180000000000000008,2023-08-16,556,49,20840130,425309,0.088129,2.07,151.94
179000000000000001,180000000000000001,2023-08-17,810,22,26554450,1207020,0.02716,0.16,17.05
179000000000000001,180000000000000002,2023-08-17,794,19,21108571,1110977,0.023929,0.14,11.52
179000000000000002,180000000000000003,2023-08-17,367,20,13600440,680022,0.054496,0.53,43.42
179000000000000002,180000000000000004,2023-08-17,317,11,10231070,930097,0.0347,0.37,41.59
179000000000000003,180000000000000005,2023-08-17,275,17,15887673,934569,0.061818,0.22,18.47
179000000000000004,180000000000000006,2023-08-17,165,14,19369227,1383516,0.084848,0.38,35.8
179000000000000004,180000000000000007,2023-08-17,268,19,26347874,1386730,0.070896,0.6,29.36
179000000000000005,180000000000000008,2023-08-17,229,24,15887673,661986,0.104803,0.92,94.0
179000000000000001,180000000000000001,2023-08-18,975,22,21728787,987672,0.022564,0.19,19.4
179000000000000001,180000000000000002,2023-08-18,488,12,11937277,994773,0.02459,0.08,11.1
179000000000000002,180000000000000003,2023-08-18,185,11,9421855,856532,0.059459,0.39,39.69
179000000000000002,180000000000000004,2023-08-18,351,18,13180002,732222,0.051282,0.69,42.52
179000000000000003,180000000000000005,2023-08-18,336,16,15067904,941744,0.047619,0.25,21.94
179000000000000004,180000000000000006,2023-08-18,186,16,31070514,1941907,0.086022,0.42,45.81
179000000000000004,180000000000000007,2023-08-18,224,16,21667152,1354197,0.071429,0.42,44.79
179000000000000005,180000000000000008,2023-08-18,305,27,15067904,558071,0.088525,1.3,69.97
179000000000000001,180000000000000001,2023-08-19,954,22,19223624,873801,0.023061,0.17,17.12
179000000000000001,180000000000000002,2023-08-19,833,25,17440989,697640,0.030012,0.21,11.92
179000000000000002,180000000000000003,2023-08-19,160,9,8335535,926171,0.05625,0.35,24.95
179000000000000002,180000000000000004,2023-08-19,303,15,9996771,666451,0.049505,0.41,54.36
179000000000000003,180000000000000005,2023-08-19,306,13,12221537,940118,0.042484,0.19,13.1
179000000000000004,180000000000000006,2023-08-19,170,12,17712773,1476064,0.070588,0.31,32.22
179000000000000004,180000000000000007,2023-08-19,107,8,16474776,2059347,0.074766,0.23,17.2
179000000000000005,180000000000000008,2023-08-19,249,26,12221538,470059,0.104418,1.03,89.94
179000000000000001,180000000000000001,2023-08-20,1062,25,24841600,993664,0.02354,0.2,13.98
179000000000000001,180000000000000002,2023-08-20,899,20,22314030,1115702,0.022247,0.14,15.74
179000000000000002,180000000000000003,2023-08-20,294,19,11388037,599370,0.064626,0.76,57.98
179000000000000002,180000000000000004,2023-08-20,444,22,12189778,554081,0.04955,0.81,50.45
179000000000000003,180000000000000005,2023-08-20,236,14,15718543,1122753,0.059322,0.16,20.79
179000000000000004,180000000000000006,2023-08-20,192,16,30608108,1913007,0.083333,0.39,38.03
179000000000000004,180000000000000007,2023-08-20,134,11,24406794,2218799,0.08209,0.35,41.92
179000000000000005,180000000000000008,2023-08-20,200,22,10434637,474302,0.11,0.75,72.19
179000000000000001,180000000000000001,2023-08-21,1575,39,32639437,836909,0.024762,0.36,23.76
179000000000000001,180000000000000002,2023-08-21,1333,35,30393007,868372,0.026257,0.26,22.21
179000000000000002,180000000000000003,2023-08-21,255,19,15253709,802827,0.07451,0.78,83.5
179000000000000002,180000000000000004,2023-08-21,432,20,16262513,813126,0.046296,0.72,62.92
179000000000000003,180000000000000005,2023-08-21,357,19,21010814,1105832,0.053221,0.32,43.12
179000000000000004,180000000000000006,2023-08-21,247,22,46357362,2107153,0.089069,0.52,33.0
179000000000000004,180000000000000007,2023-08-21,269,20,27180489,1359024,0.074349,0.46,44.02
179000000000000005,180000000000000008,2023-08-21,401,35,21010814,600309,0.087282,1.51,131.12
179000000000000001,180000000000000001,2023-08-22,1367,31,27596573,890212,0.022677,0.28,25.46
179000000000000001,180000000000000002,2023-08-22,695,26,19484248,749394,0.03741,0.2,21.32
179000000000000002,180000000000000003,2023-08-22,188,8,5878832,734854,0.042553,0.26,15.01
179000000000000002,180000000000000004,2023-08-22,289,18,9882021,549001,0.062284,0.48,39.67
179000000000000003,180000000000000005,2023-08-22,286,17,15693607,923153,0.059441,0.27,19.42
179000000000000004,180000000000000006,2023-08-22,128,10,20969096,2096910,0.078125,0.27,17.78
179000000000000004,180000000000000007,2023-08-22,221,15,23553551,1570237,0.067873,0.43,32.9
179000000000000005,180000000000000008,2023-08-22,246,20,10028161,501408,0.081301,0.93,68.26
179000000000000001,180000000000000001,2023-08-23,1491,38,35893785,944573,0.025486,0.36,38.27
179000000000000001,180000000000000002,2023-08-23,906,23,27969544,1216067,0.025386,0.21,22.77
179000000000000002,180000000000000003,2023-08-23,678,27,14688559,544021,0.039823,0.89,78.59
179000000000000002,180000000000000004,2023-08-23,364,19,17243105,907532,0.052198,0.7,70.65
179000000000000003,180000000000000005,2023-08-23,450,22,21287776,967626,0.048889,0.29,26.56
179000000000000004,180000000000000006,2023-08-23,278,21,41109068,1957575,0.07554,0.62,61.68
179000000000000004,180000000000000007,2023-08-23,312,20,33398149,1669907,0.064103,0.61,51.5
179000000000000005,180000000000000008,2023-08-23,458,41,21287777,519214,0.08952,1.99,164.72
179000000000000001,180000000000000001,2023-08-24,1853,39,33351663,855171,0.021047,0.36,33.32
179000000000000001,180000000000000002,2023-08-24,771,26,25432055,978156,0.033722,0.24,25.15
179000000000000002,180000000000000003,2023-08-24,319,22,14662015,666455,0.068966,0.93,85.18
179000000000000002,180000000000000004,2023-08-24,365,20,14729843,736492,0.054795,0.68,69.05
179000000000000003,180000000000000005,2023-08-24,286,18,19594573,1088587,0.062937,0.27,28.48
179000000000000004,180000000000000006,2023-08-24,295,23,40513565,1761459,0.077966,0.65,75.68
179000000000000004,180000000000000007,2023-08-24,210,14,28067438,2004817,0.066667,0.41,28.31
179000000000000005,180000000000000008,2023-08-24,376,41,19594572,477916,0.109043,1.82,165.08
179000000000000001,180000000000000001,2023-08-25,1441,37,36270535,980285,0.025677,0.26,26.03
179000000000000001,180000000000000002,2023-08-25,867,25,23074211,922968,0.028835,0.17,22.75
179000000000000002,180000000000000003,2023-08-25,391,23,15636468,679846,0.058824,0.85,89.89
179000000000000002,180000000000000004,2023-08-25,266,17,14035904,825641,0.06391,0.51,45.88
179000000000000003,180000000000000005,2023-08-25,129,7,8665585,1237941,0.054264,0.11,8.81
179000000000000004,180000000000000006,2023-08-25,221,20,40581406,2029070,0.090498,0.59,46.31
179000000000000004,180000000000000007,2023-08-25,150,14,28654131,2046724,0.093333,0.41,39.36
179000000000000005,180000000000000008,2023-08-25,425,35,19781581,565188,0.082353,1.72,191.33
179000000000000001,180000000000000001,2023-08-26,1962,58,46677864,804791,0.029562,0.47,41.92
179000000000000001,180000000000000002,2023-08-26,1073,23,28372925,1233605,0.021435,0.16,16.93
179000000000000002,180000000000000003,2023-08-26,590,28,18403331,657262,0.047458,1.0,82.64
179000000000000002,180000000000000004,2023-08-26,436,26,19122063,735464,0.059633,0.91,104.63
179000000000000003,180000000000000005,2023-08-26,544,25,25016929,1000677,0.045956,0.27,21.81
179000000000000004,180000000000000006,2023-08-26,315,27,52856141,1957635,0.085714,0.76,79.9
179000000000000004,180000000000000007,2023-08-26,273,18,34703112,1927951,0.065934,0.4,26.13
179000000000000005,180000000000000008,2023-08-26,492,47,25016930,532275,0.095528,2.24,241.2
179000000000000001,180000000000000001,2023-08-27,1234,32,28954735,904835,0.025932,0.26,20.63
179000000000000001,180000000000000002,2023-08-27,388,10,7278090,727809,0.025773,0.1,5.28
179000000000000002,180000000000000003,2023-08-27,309,18,13406654,744814,0.058252,0.62,75.32
179000000000000002,180000000000000004,2023-08-27,293,14,8238031,588431,0.047782,0.37,45.58
179000000000000003,180000000000000005,2023-08-27,400,19,14429790,759463,0.0475,0.23,18.0
179000000000000004,180000000000000006,2023-08-27,121,12,20170982,1680915,0.099174,0.32,32.55
179000000000000004,180000000000000007,2023-08-27,108,10,21564015,2156402,0.092593,0.33,27.67
179000000000000005,180000000000000008,2023-08-27,300,30,14429789,480993,0.1,1.57,171.84
179000000000000001,180000000000000001,2023-08-28,1203,25,18657687,746307,0.020781,0.16,13.72
179000000000000001,180000000000000002,2023-08-28,1057,32,22054621,689207,0.030274,0.26,27.47
179000000000000002,180000000000000003,2023-08-28,303,20,14129935,706497,0.066007,0.8,76.66
179000000000000002,180000000000000004,2023-08-28,340,17,12924401,760259,0.05,0.55,39.74
179000000000000003,180000000000000005,2023-08-28,336,16,18036223,1127264,0.047619,0.24,25.28
179000000000000004,180000000000000006,2023-08-28,236,19,36674595,1930242,0.080508,0.49,36.68
179000000000000004,180000000000000007,2023-08-28,235,18,26452187,1469566,0.076596,0.44,50.03
179000000000000005,180000000000000008,2023-08-28,373,35,18036224,515321,0.093834,1.19,122.95
179000000000000001,180000000000000001,2023-08-29,1770,39,34209967,877179,0.022034,0.32,28.46
179000000000000002,180000000000000003,2023-08-29,331,20,13889777,694489,0.060423,0.54,52.74
179000000000000002,180000000000000004,2023-08-29,462,23,16478851,716472,0.049784,0.82,73.15
179000000000000003,180000000000000005,2023-08-29,516,22,20245752,920261,0.042636,0.38,47.88
179000000000000004,180000000000000006,2023-08-29,342,29,41697841,1437857,0.084795,0.81,70.24
179000000000000004,180000000000000007,2023-08-29,264,19,29162294,1534858,0.07197,0.5,46.7
179000000000000005,180000000000000008,2023-08-29,470,44,20245753,460131,0.093617,2.41,188.95
179000000000000001,180000000000000001,2023-08-30,1361,46,41217873,896041,0.033799,0.35,33.85
179000000000000001,180000000000000002,2023-08-30,1766,40,28262743,706569,0.02265,0.28,15.12
179000000000000002,180000000000000003,2023-08-30,328,22,19038403,865382,0.067073,0.79,71.29
179000000000000002,180000000000000004,2023-08-30,335,19,15701904,826416,0.056716,0.55,48.75
179000000000000003,180000000000000005,2023-08-30,640,32,23160205,723756,0.05,0.51,43.01
179000000000000004,180000000000000006,2023-08-30,261,21,46993904,2237805,0.08046,0.62,47.74
179000000000000004,180000000000000007,2023-08-30,224,17,34066814,2003930,0.075893,0.56,57.0
179000000000000005,180000000000000008,2023-08-30,558,55,23160205,421095,0.098566,2.59,272.32
179000000000000001,180000000000000001,2023-08-31,1110,30,37648978,1254966,0.027027,0.23,26.67
179000000000000001,180000000000000002,2023-08-31,723,19,11619876,611572,0.026279,0.17,15.94
179000000000000002,180000000000000003,2023-08-31,430,21,16086359,766017,0.048837,0.74,66.07
179000000000000002,180000000000000004,2023-08-31,377,18,13725615,762534,0.047745,0.52,26.26
179000000000000003,180000000000000005,2023-08-31,415,26,19874650,764410,0.062651,0.33,41.96
179000000000000004,180000000000000006,2023-08-31,228,18,39152091,2175116,0.078947,0.52,52.78
179000000000000004,180000000000000007,2023-08-31,220,17,30409182,1788775,0.077273,0.36,31.71
179000000000000005,180000000000000008,2023-08-31,417,38,19874649,523017,0.091127,1.34,105.61
179000000000000001,180000000000000001,2023-09-01,1488,36,27523561,764543,0.024194,0.26,26.56
179000000000000001,180000000000000002,2023-09-01,803,17,23522936,1383702,0.021171,0.13,12.35
179000000000000002,180000000000000003,2023-09-01,575,25,13017763,520711,0.043478,0.87,92.54
179000000000000002,180000000000000004,2023-09-01,371,18,12505486,694749,0.048518,0.62,61.37
179000000000000003,180000000000000005,2023-09-01,273,16,17015499,1063469,0.058608,0.28,33.1
179000000000000004,180000000000000006,2023-09-01,227,21,33864325,1612587,0.092511,0.59,67.8
179000000000000004,180000000000000007,2023-09-01,62,6,9815564,1635927,0.096774,0.13,15.64
179000000000000005,180000000000000008,2023-09-01,270,30,17015499,567183,0.111111,1.17,127.73
179000000000000001,180000000000000001,2023-09-02,1158,34,31069644,913813,0.029361,0.29,37.97
179000000000000001,180000000000000002,2023-09-02,741,24,22845452,951894,0.032389,0.23,17.52
179000000000000002,180000000000000003,2023-09-02,310,17,11100383,652964,0.054839,0.55,43.68
179000000000000002,180000000000000004,2023-09-02,381,17,15857165,932774,0.044619,0.56,50.53
179000000000000003,180000000000000005,2023-09-02,382,20,17971698,898585,0.052356,0.29,25.93
179000000000000004,180000000000000006,2023-09-02,307,22,38915123,1768869,0.071661,0.65,82.4
179000000000000004,180000000000000007,2023-09-02,153,13,23985823,1845063,0.084967,0.45,30.1
179000000000000005,180000000000000008,2023-09-02,338,33,17971699,544597,0.097633,1.57,168.94
179000000000000001,180000000000000001,2023-09-03,508,13,14425229,1109633,0.025591,0.11,6.93
179000000000000001,180000000000000002,2023-09-03,247,12,10525857,877155,0.048583,0.08,4.13
179000000000000002,180000000000000003,2023-09-03,279,15,11798822,786588,0.053763,0.54,26.83
179000000000000002,180000000000000004,2023-09-03,275,17,11166524,656854,0.061818,0.53,61.78
179000000000000003,180000000000000005,2023-09-03,312,17,15310231,900602,0.054487,0.19,9.89
179000000000000004,180000000000000006,2023-09-03,276,19,37694584,1983925,0.068841,0.44,26.29
179000000000000004,180000000000000007,2023-09-03,91,5,7946658,1589332,0.054945,0.14,16.12
179000000000000005,180000000000000008,2023-09-03,235,27,15310231,567046,0.114894,1.2,74.64
179000000000000001,180000000000000001,2023-09-04,859,29,30734569,1059813,0.03376,0.19,12.8
179000000000000001,180000000000000002,2023-09-04,688,16,21275002,1329688,0.023256,0.14,12.16
179000000000000002,180000000000000003,2023-09-04,461,21,12750386,607161,0.045553,0.65,42.87
179000000000000002,180000000000000004,2023-09-04,130,7,6006907,858130,0.053846,0.29,29.67
179000000000000003,180000000000000005,2023-09-04,484,18,17336524,963140,0.03719,0.22,17.08
179000000000000004,180000000000000006,2023-09-04,247,23,39907308,1735100,0.093117,0.75,81.29
179000000000000004,180000000000000007,2023-09-04,143,11,20770526,1888230,0.076923,0.28,20.53
179000000000000005,180000000000000008,2023-09-04,389,38,17336524,456224,0.097686,2.12,180.57
179000000000000001,180000000000000001,2023-09-05,1139,24,23249602,968733,0.021071,0.2,23.04
179000000000000001,180000000000000002,2023-09-05,729,12,12735514,1061293,0.016461,0.1,10.84
179000000000000002,180000000000000003,2023-09-05,355,19,13072026,688001,0.053521,0.73,83.25
179000000000000002,180000000000000004,2023-09-05,325,15,10208415,680561,0.046154,0.51,62.79
179000000000000003,180000000000000005,2023-09-05,218,14,15520294,1108592,0.06422,0.23,26.61
179000000000000004,180000000000000006,2023-09-05,226,18,32300623,1794479,0.079646,0.52,47.42
179000000000000004,180000000000000007,2023-09-05,179,13,22020407,1693877,0.072626,0.32,28.91
179000000000000005,180000000000000008,2023-09-05,315,35,15520294,443437,0.111111,1.34,127.54
179000000000000001,180000000000000001,2023-09-06,1433,37,35521654,960045,0.02582,0.23,28.87
179000000000000001,180000000000000002,2023-09-06,970,21,26011714,1238653,0.021649,0.16,9.47
179000000000000002,180000000000000003,2023-09-06,369,17,15820365,930610,0.04607,0.56,43.27
179000000000000002,180000000000000004,2023-09-06,398,26,14946320,574858,0.065327,0.77,83.57
179000000000000003,180000000000000005,2023-09-06,535,23,20511123,891788,0.042991,0.29,35.11
179000000000000004,180000000000000006,2023-09-06,243,18,38567533,2142641,0.074074,0.49,53.14
179000000000000004,180000000000000007,2023-09-06,244,15,33221397,2214760,0.061475,0.36,34.18
179000000000000005,180000000000000008,2023-09-06,263,24,13695286,570637,0.091255,1.1,90.14
179000000000000001,180000000000000001,2023-09-07,1311,32,26129613,816550,0.024409,0.3,24.17
179000000000000001,180000000000000002,2023-09-07,641,15,16419016,1094601,0.023401,0.12,9.57
179000000000000002,180000000000000003,2023-09-07,349,17,10076604,592741,0.048711,0.52,53.19
179000000000000002,180000000000000004,2023-09-07,211,13,11197710,861362,0.061611,0.45,27.47
179000000000000003,180000000000000005,2023-09-07,467,19,14182877,746467,0.040685,0.23,20.9
179000000000000004,180000000000000006,2023-09-07,190,16,31275446,1954715,0.084211,0.42,40.87
179000000000000004,180000000000000007,2023-09-07,95,7,18364622,2623517,0.073684,0.21,18.26
179000000000000005,180000000000000008,2023-09-07,281,30,14182876,472763,0.106762,1.29,83.22
179000000000000001,180000000000000001,2023-09-08,1579,36,41858723,1162742,0.022799,0.28,27.4
179000000000000001,180000000000000002,2023-09-08,506,18,17806689,989260,0.035573,0.13,11.28
179000000000000002,180000000000000003,2023-09-08,308,20,13965137,698257,0.064935,0.69,35.52
179000000000000002,180000000000000004,2023-09-08,332,19,15867570,835135,0.057229,0.82,101.52
179000000000000003,180000000000000005,2023-09-08,540,24,19888471,828686,0.044444,0.38,41.96
179000000000000004,180000000000000006,2023-09-08,288,27,42032720,1556767,0.09375,0.71,61.85
179000000000000004,180000000000000007,2023-09-08,212,13,27576928,2121302,0.061321,0.29,28.19
179000000000000005,180000000000000008,2023-09-08,475,41,19888471,485085,0.086316,1.74,183.0
179000000000000001,180000000000000001,2023-09-09,1605,27,26364186,976451,0.016822,0.23,16.41
179000000000000001,180000000000000002,2023-09-09,841,22,23143785,1051990,0.026159,0.19,18.72
179000000000000002,180000000000000003,2023-09-09,386,20,15448713,772436,0.051813,0.54,56.77
179000000000000002,180000000000000004,2023-09-09,545,26,16426578,631791,0.047706,0.81,73.07
179000000000000003,180000000000000005,2023-09-09,173,11,11233273,1021207,0.063584,0.12,7.41
179000000000000004,180000000000000006,2023-09-09,322,23,43340741,1884380,0.071429,0.59,48.85
179000000000000004,180000000000000007,2023-09-09,220,14,31034941,2216782,0.063636,0.43,31.9
179000000000000005,180000000000000008,2023-09-09,548,54,21250195,393522,0.09854,2.66,272.82
179000000000000001,180000000000000001,2023-09-10,1139,26,27483791,1057069,0.022827,0.21,24.16
179000000000000001,180000000000000002,2023-09-10,774,16,17097042,1068565,0.020672,0.13,13.59
179000000000000002,180000000000000003,2023-09-10,310,21,12705558,605027,0.067742,0.68,78.56
179000000000000002,180000000000000004,2023-09-10,307,14,9584858,684633,0.045603,0.47,60.02
179000000000000003,180000000000000005,2023-09-10,267,12,14860277,1238356,0.044944,0.14,10.84
179000000000000004,180000000000000006,2023-09-10,253,20,34902433,1745122,0.079051,0.56,43.88
179000000000000004,180000000000000007,2023-09-10,154,9,17108538,1900949,0.058442,0.23,14.02
179000000000000005,180000000000000008,2023-09-10,248,29,14860278,512423,0.116935,1.32,142.79
179000000000000001,180000000000000001,2023-09-11,1597,40,39029505,975738,0.025047,0.33,38.17
179000000000000001,180000000000000002,2023-09-11,740,24,22891449,953810,0.032432,0.23,24.38
179000000000000002,180000000000000003,2023-09-11,482,20,14072552,703628,0.041494,0.73,58.34
179000000000000002,180000000000000004,2023-09-11,532,22,16887924,767633,0.041353,0.9,101.78
179000000000000003,180000000000000005,2023-09-11,648,26,20640318,793858,0.040123,0.36,26.94
179000000000000004,180000000000000006,2023-09-11,260,26,42241490,1624673,0.1,0.72,48.38
179000000000000004,180000000000000007,2023-09-11,182,12,29999624,2499969,0.065934,0.3,13.55
179000000000000005,180000000000000008,2023-09-11,405,46,20640317,448703,0.11358,2.34,232.72
179000000000000001,180000000000000001,2023-09-12,1179,28,27264598,973736,0.023749,0.21,14.87
179000000000000001,180000000000000002,2023-09-12,1220,26,20935699,805219,0.021311,0.21,19.92
179000000000000002,180000000000000003,2023-09-12,265,18,11335675,629760,0.067925,0.64,40.17
179000000000000002,180000000000000004,2023-09-12,517,21,12764473,607832,0.040619,0.84,88.49
179000000000000003,180000000000000005,2023-09-12,296,14,16066765,1147626,0.047297,0.23,20.21
179000000000000004,180000000000000006,2023-09-12,321,23,36097600,1569461,0.071651,0.7,65.26
179000000000000004,180000000000000007,2023-09-12,140,9,20136080,2237342,0.064286,0.26,33.62
179000000000000005,180000000000000008,2023-09-12,342,36,16066766,446299,0.105263,1.64,185.08
179000000000000001,180000000000000001,2023-09-13,1289,34,36944197,1086594,0.026377,0.27,16.4
179000000000000001,180000000000000002,2023-09-13,506,17,17808389,1047552,0.033597,0.17,11.83
179000000000000002,180000000000000003,2023-09-13,259,17,13793454,811380,0.065637,0.45,47.29
179000000000000002,180000000000000004,2023-09-13,198,8,6711737,838967,0.040404,0.25,24.39
179000000000000003,180000000000000005,2023-09-13,346,15,18250862,1216724,0.043353,0.27,23.57
179000000000000004,180000000000000006,2023-09-13,313,26,43356069,1667541,0.083067,0.75,90.96
179000000000000004,180000000000000007,2023-09-13,155,12,20521948,1710162,0.077419,0.36,41.43
179000000000000005,180000000000000008,2023-09-13,356,37,18250863,493267,0.103933,1.57,108.76
179000000000000001,180000000000000001,2023-09-14,1162,32,26801219,837538,0.027539,0.26,16.29
179000000000000001,180000000000000002,2023-09-14,795,27,29303542,1085316,0.033962,0.2,22.63
179000000000000002,180000000000000003,2023-09-14,405,23,17124517,744544,0.05679,0.68,74.45
179000000000000002,180000000000000004,2023-09-14,170,12,7803265,650272,0.070588,0.51,28.95
179000000000000003,180000000000000005,2023-09-14,368,19,22306901,1174047,0.05163,0.35,36.39
179000000000000004,180000000000000006,2023-09-14,289,25,46255941,1850238,0.086505,0.62,62.56
179000000000000004,180000000000000007,2023-09-14,228,17,31818212,1871660,0.074561,0.48,54.98
179000000000000005,180000000000000008,2023-09-14,411,42,22306901,531117,0.10219,1.97,124.42
179000000000000001,180000000000000001,2023-09-15,1738,37,44205848,1194753,0.021289,0.28,27.16
179000000000000001,180000000000000002,2023-09-15,1369,32,30692323,959135,0.023375,0.22,16.27
179000000000000002,180000000000000003,2023-09-15,386,23,18368331,798623,0.059585,0.7,57.11
179000000000000002,180000000000000004,2023-09-15,572,31,19080756,615508,0.054196,1.0,99.53
179000000000000003,180000000000000005,2023-09-15,431,23,24966057,1085481,0.053364,0.28,17.66
179000000000000004,180000000000000006,2023-09-15,440,30,49807466,1660249,0.068182,0.99,110.73
179000000000000004,180000000000000007,2023-09-15,292,22,37573734,1707897,0.075342,0.72,50.77
179000000000000005,180000000000000008,2023-09-15,573,58,24966057,430449,0.101222,2.89,258.48
179000000000000001,180000000000000001,2023-09-16,1477,35,39792010,1136915,0.023697,0.33,32.67
179000000000000001,180000000000000002,2023-09-16,529,14,16199501,1157107,0.026465,0.13,10.56
179000000000000002,180000000000000003,2023-09-16,350,18,12421692,690094,0.051429,0.59,45.63
179000000000000002,180000000000000004,2023-09-16,342,19,15574064,819688,0.055556,0.7,52.92
179000000000000003,180000000000000005,2023-09-16,389,20,18663837,933192,0.051414,0.34,28.34
179000000000000004,180000000000000006,2023-09-16,326,22,42020850,1910039,0.067485,0.74,57.57
179000000000000004,180000000000000007,2023-09-16,253,15,23302579,1553505,0.059289,0.48,40.33
179000000000000005,180000000000000008,2023-09-16,490,43,18663836,434043,0.087755,1.96,121.15
179000000000000001,180000000000000001,2023-09-17,1475,40,35697240,892431,0.027119,0.32,37.97
179000000000000001,180000000000000002,2023-09-17,730,21,21496087,1023623,0.028767,0.16,12.95
179000000000000002,180000000000000003,2023-09-17,280,17,14322524,842501,0.060714,0.64,36.1
179000000000000002,180000000000000004,2023-09-17,352,14,8370171,597869,0.039773,0.47,59.55
179000000000000003,180000000000000005,2023-09-17,421,17,19064443,1121438,0.04038,0.25,22.21
179000000000000004,180000000000000006,2023-09-17,324,24,36651301,1527138,0.074074,0.75,81.2
179000000000000004,180000000000000007,2023-09-17,341,23,30074247,1307576,0.067449,0.62,50.58
179000000000000005,180000000000000008,2023-09-17,386,43,19064443,443359,0.111399,1.85,120.39
179000000000000001,180000000000000001,2023-09-18,2127,48,41372771,861933,0.022567,0.37,34.64
179000000000000001,180000000000000002,2023-09-18,1473,41,31861747,777116,0.027834,0.34,32.49
179000000000000002,180000000000000003,2023-09-18,450,19,10949194,576273,0.042222,0.7,59.25
179000000000000002,180000000000000004,2023-09-18,477,23,18302813,795774,0.048218,0.85,100.76
179000000000000003,180000000000000005,2023-09-18,666,27,24411506,904130,0.040541,0.31,14.63
179000000000000004,180000000000000006,2023-09-18,386,27,49767895,1843255,0.069948,0.68,76.66
179000000000000004,180000000000000007,2023-09-18,257,19,35672378,1877494,0.07393,0.43,47.56
179000000000000005,180000000000000008,2023-09-18,606,52,24411506,469452,0.085809,2.49,199.97
179000000000000001,180000000000000001,2023-09-19,2570,60,48194206,803237,0.023346,0.54,44.76
179000000000000001,180000000000000002,2023-09-19,1110,35,30081751,859479,0.031532,0.21,16.58
179000000000000002,180000000000000003,2023-09-19,535,32,21635712,676116,0.059813,1.15,102.81
179000000000000002,180000000000000004,2023-09-19,452,27,17502267,648232,0.059735,1.01,127.01
179000000000000003,180000000000000005,2023-09-19,644,31,26091985,841677,0.048137,0.41,35.04
179000000000000004,180000000000000006,2023-09-19,360,27,52980922,1962256,0.075,0.77,98.89
179000000000000004,180000000000000007,2023-09-19,332,21,38341027,1825763,0.063253,0.6,64.12
179000000000000005,180000000000000008,2023-09-19,399,43,26091986,606790,0.107769,1.73,150.62
179000000000000001,180000000000000001,2023-09-20,1853,47,38427743,817612,0.025364,0.34,41.69
179000000000000001,180000000000000002,2023-09-20,1068,26,24647562,947983,0.024345,0.2,16.92
179000000000000002,180000000000000003,2023-09-20,487,20,14954496,747725,0.041068,0.61,42.63
179000000000000002,180000000000000004,2023-09-20,189,10,7387254,738725,0.05291,0.33,40.98
179000000000000003,180000000000000005,2023-09-20,400,19,21025102,1106584,0.0475,0.26,18.02
179000000000000004,180000000000000006,2023-09-20,342,29,46306475,1596775,0.084795,1.0,61.6
179000000000000004,180000000000000007,2023-09-20,278,19,27281380,1435862,0.068345,0.62,32.62
179000000000000005,180000000000000008,2023-09-20,384,36,21025102,584031,0.09375,1.97,143.41
179000000000000001,180000000000000001,2023-09-21,952,29,31525150,1087074,0.030462,0.23,19.85
179000000000000001,180000000000000002,2023-09-21,1012,36,25731985,714777,0.035573,0.25,28.99
179000000000000002,180000000000000003,2023-09-21,126,8,7380994,922624,0.063492,0.31,20.95
179000000000000002,180000000000000004,2023-09-21,259,15,14009200,933947,0.057915,0.44,38.77
179000000000000003,180000000000000005,2023-09-21,288,17,19085712,1122689,0.059028,0.24,25.79
179000000000000004,180000000000000006,2023-09-21,220,17,25828169,1519304,0.077273,0.59,57.47
179000000000000004,180000000000000007,2023-09-21,231,15,30283714,2018914,0.064935,0.39,33.11
179000000000000005,180000000000000008,2023-09-21,568,54,19085712,353439,0.09507,2.64,262.31
179000000000000001,180000000000000001,2023-09-22,1136,27,34105938,1263183,0.023768,0.19,16.99
179000000000000001,180000000000000002,2023-09-22,1052,19,18056497,950342,0.018061,0.19,24.59
179000000000000002,180000000000000003,2023-09-22,79,8,7051925,881491,0.101266,0.26,14.84
179000000000000002,180000000000000004,2023-09-22,433,25,17937565,717503,0.057737,0.82,86.03
179000000000000003,180000000000000005,2023-09-22,542,25,21702924,868117,0.046125,0.38,49.41
179000000000000004,180000000000000006,2023-09-22,242,19,29952575,1576451,0.078512,0.65,44.23
179000000000000004,180000000000000007,2023-09-22,303,17,29538684,1737570,0.056106,0.43,49.7
179000000000000005,180000000000000008,2023-09-22,292,36,16243201,451200,0.123288,1.68,168.18
179000000000000001,180000000000000001,2023-09-23,2212,61,49273193,807757,0.027577,0.53,44.88
179000000000000001,180000000000000002,2023-09-23,666,22,23430663,1065030,0.033033,0.2,15.34
179000000000000002,180000000000000003,2023-09-23,441,25,16554784,662191,0.056689,0.93,84.66
179000000000000002,180000000000000004,2023-09-23,478,23,19797143,860745,0.048117,0.72,70.33
179000000000000003,180000000000000005,2023-09-23,608,28,24234619,865522,0.046053,0.47,42.66
179000000000000004,180000000000000006,2023-09-23,409,29,52749877,1818961,0.070905,0.69,75.97
179000000000000004,180000000000000007,2023-09-23,244,16,32071288,2004456,0.065574,0.52,40.72
179000000000000005,180000000000000008,2023-09-23,351,37,16538198,446978,0.105413,1.85,117.62
179000000000000001,180000000000000001,2023-09-24,1437,40,39409494,985237,0.027836,0.34,44.77
179000000000000001,180000000000000002,2023-09-24,1150,28,27837581,994199,0.024348,0.2,20.31
179000000000000002,180000000000000003,2023-09-24,607,29,18501372,637978,0.047776,1.0,62.74
179000000000000002,180000000000000004,2023-09-24,537,23,15122166,657485,0.042831,0.8,68.71
179000000000000003,180000000000000005,2023-09-24,460,23,22415692,974595,0.05,0.39,41.98
179000000000000004,180000000000000006,2023-09-24,282,26,42582987,1637807,0.092199,0.83,75.73
179000000000000004,180000000000000007,2023-09-24,213,21,35871933,1708187,0.098592,0.6,58.44
179000000000000005,180000000000000008,2023-09-24,468,50,22415692,448314,0.106838,1.86,166.83
179000000000000001,180000000000000001,2023-09-25,1328,33,26227943,794786,0.024849,0.28,26.02
179000000000000001,180000000000000002,2023-09-25,936,22,17957432,816247,0.023504,0.2,17.16
179000000000000002,180000000000000003,2023-09-25,259,14,11446857,817633,0.054054,0.46,58.81
179000000000000002,180000000000000004,2023-09-25,300,14,10645830,760416,0.046667,0.39,30.78
179000000000000003,180000000000000005,2023-09-25,251,15,14728458,981897,0.059761,0.25,20.74
179000000000000004,180000000000000006,2023-09-25,340,21,33948908,1616615,0.061765,0.66,59.32
179000000000000004,180000000000000007,2023-09-25,158,13,17600695,1353900,0.082278,0.37,34.86
179000000000000005,180000000000000008,2023-09-25,257,30,14728459,490949,0.116732,1.14,141.47
179000000000000001,180000000000000001,2023-09-26,1774,50,41412980,828260,0.028185,0.31,31.14
179000000000000001,180000000000000002,2023-09-26,586,14,10726961,766212,0.023891,0.09,9.63
179000000000000002,180000000000000003,2023-09-26,232,16,15638213,977388,0.068966,0.56,40.74
179000000000000002,180000000000000004,2023-09-26,478,32,18285218,571413,0.066946,1.34,145.57
179000000000000003,180000000000000005,2023-09-26,429,23,22615620,983288,0.053613,0.31,25.74
179000000000000004,180000000000000006,2023-09-26,512,32,51757424,1617420,0.0625,0.9,74.23
179000000000000004,180000000000000007,2023-09-26,310,18,27397248,1522069,0.058065,0.5,58.06
179000000000000005,180000000000000008,2023-09-26,578,55,22615620,411193,0.095156,2.0,146.14
179000000000000001,180000000000000001,2023-09-27,2385,51,48821890,957292,0.021384,0.37,22.92
179000000000000001,180000000000000002,2023-09-27,638,22,21617027,982592,0.034483,0.2,14.13
179000000000000002,180000000000000003,2023-09-27,393,23,17460111,759135,0.058524,0.8,80.06
179000000000000002,180000000000000004,2023-09-27,494,21,17759346,845683,0.04251,0.78,84.2
179000000000000003,180000000000000005,2023-09-27,109,8,9166921,1145865,0.073394,0.15,6.8
179000000000000004,180000000000000006,2023-09-27,390,28,47102106,1682218,0.071795,0.61,61.89
179000000000000004,180000000000000007,2023-09-27,315,21,35076630,1670316,0.066667,0.47,40.97
179000000000000005,180000000000000008,2023-09-27,499,59,23479638,397960,0.118236,2.9,321.48
179000000000000001,180000000000000001,2023-09-28,1802,50,52399373,1047987,0.027747,0.33,28.51
179000000000000001,180000000000000002,2023-09-28,1349,29,30327638,1045781,0.021497,0.24,18.68
179000000000000002,180000000000000003,2023-09-28,648,32,22934753,716711,0.049383,1.35,79.75
179000000000000002,180000000000000004,2023-09-28,504,26,18428753,708798,0.051587,0.99,115.29
179000000000000003,180000000000000005,2023-09-28,566,28,27575670,984845,0.04947,0.47,50.3
179000000000000004,180000000000000006,2023-09-28,473,38,57539212,1514190,0.080338,0.97,80.61
179000000000000004,180000000000000007,2023-09-28,360,26,38975633,1499063,0.072222,0.7,78.14
179000000000000005,180000000000000008,2023-09-28,548,52,27575670,530301,0.094891,2.09,258.96
179000000000000001,180000000000000001,2023-09-29,2484,58,42247995,728414,0.023349,0.53,52.09
179000000000000001,180000000000000002,2023-09-29,1340,31,29138977,939967,0.023134,0.26,32.74
179000000000000002,180000000000000003,2023-09-29,459,21,18154830,864516,0.045752,0.8,78.65
179000000000000002,180000000000000004,2023-09-29,610,26,17538656,674564,0.042623,0.75,64.69
179000000000000003,180000000000000005,2023-09-29,480,29,23795657,820540,0.060417,0.41,26.25
179000000000000004,180000000000000006,2023-09-29,195,17,32034761,1884398,0.087179,0.53,50.3
179000000000000004,180000000000000007,2023-09-29,252,21,30535370,1454065,0.083333,0.74,70.25
179000000000000005,180000000000000008,2023-09-29,571,62,23795657,383801,0.108581,2.64,251.97
179000000000000001,180000000000000001,2023-09-30,1320,33,32352584,980381,0.025,0.29,31.65
179000000000000001,180000000000000002,2023-09-30,909,24,23261472,969228,0.026403,0.18,18.23
179000000000000002,180000000000000003,2023-09-30,358,21,13749234,654725,0.058659,0.74,36.42
179000000000000002,180000000000000004,2023-09-30,372,16,14057795,878612,0.043011,0.61,48.84
179000000000000003,180000000000000005,2023-09-30,342,15,18538019,1235868,0.04386,0.21,26.37
179000000000000004,180000000000000006,2023-09-30,105,11,23833331,2166666,0.104762,0.33,32.52
179000000000000004,180000000000000007,2023-09-30,151,10,25814715,2581472,0.066225,0.26,19.95
179000000000000005,180000000000000008,2023-09-30,244,30,18538019,617934,0.122951,1.26,120.44
179000000000000001,180000000000000001,2023-10-01,1455,45,37504088,833424,0.030928,0.38,32.57
179000000000000001,180000000000000002,2023-10-01,813,23,22070900,959604,0.02829,0.18,13.14
179000000000000002,180000000000000003,2023-10-01,315,22,14113264,641512,0.069841,0.9,93.64
179000000000000002,180000000000000004,2023-10-01,450,24,15674230,653093,0.053333,0.88,83.5
179000000000000003,180000000000000005,2023-10-01,238,13,10223018,786386,0.054622,0.2,25.02
179000000000000004,180000000000000006,2023-10-01,416,27,38112579,1411577,0.064904,0.71,46.01
179000000000000004,180000000000000007,2023-10-01,232,19,31391575,1652188,0.081897,0.6,51.24
179000000000000005,180000000000000008,2023-10-01,314,32,14002839,437589,0.101911,1.65,160.1
179000000000000001,180000000000000001,2023-10-02,1597,48,40363695,840910,0.030056,0.39,33.44
179000000000000001,180000000000000002,2023-10-02,266,9,12624153,1402684,0.033835,0.08,10.99
179000000000000002,180000000000000003,2023-10-02,356,24,15068071,627836,0.067416,0.63,62.64
179000000000000002,180000000000000004,2023-10-02,440,21,18698449,890402,0.047727,0.91,86.58
179000000000000003,180000000000000005,2023-10-02,422,22,22511013,1023228,0.052133,0.35,20.72
179000000000000004,180000000000000006,2023-10-02,450,28,45266954,1616677,0.062222,0.73,96.66
179000000000000004,180000000000000007,2023-10-02,229,19,33521593,1764294,0.082969,0.56,61.26
179000000000000005,180000000000000008,2023-10-02,467,45,22511013,500245,0.09636,2.41,211.02
179000000000000001,180000000000000001,2023-10-03,2172,49,46291192,944718,0.02256,0.49,49.98
179000000000000001,180000000000000002,2023-10-03,818,27,30244000,1120148,0.033007,0.2,15.98
179000000000000002,180000000000000003,2023-10-03,493,24,20433962,851415,0.048682,0.65,66.3
179000000000000002,180000000000000004,2023-10-03,437,20,17833634,891682,0.045767,0.72,64.76
179000000000000003,180000000000000005,2023-10-03,494,31,25511731,822959,0.062753,0.42,31.68
179000000000000004,180000000000000006,2023-10-03,305,23,52078005,2264261,0.07541,0.63,37.07
179000000000000004,180000000000000007,2023-10-03,291,21,37213053,1772050,0.072165,0.63,34.86
179000000000000005,180000000000000008,2023-10-03,449,48,25511730,531494,0.106904,2.24,168.32
179000000000000001,180000000000000001,2023-10-04,1350,41,44209412,1078278,0.03037,0.35,23.46
179000000000000001,180000000000000002,2023-10-04,1054,31,29951093,966164,0.029412,0.26,14.96
179000000000000002,180000000000000003,2023-10-04,491,34,20266673,596079,0.069246,0.96,126.73
179000000000000002,180000000000000004,2023-10-04,359,18,16813579,934088,0.050139,0.59,40.34
179000000000000003,180000000000000005,2023-10-04,337,19,24720168,1301061,0.05638,0.23,16.62
179000000000000004,180000000000000006,2023-10-04,524,30,55455292,1848510,0.057252,0.98,104.77
179000000000000004,180000000000000007,2023-10-04,324,21,31065297,1479300,0.064815,0.53,44.46
179000000000000005,180000000000000008,2023-10-04,585,66,24720168,374548,0.112821,2.63,309.13
179000000000000001,180000000000000001,2023-10-05,1322,34,30691005,902677,0.025719,0.3,38.15
179000000000000001,180000000000000002,2023-10-05,791,20,22569238,1128462,0.025284,0.14,15.08
179000000000000002,180000000000000003,2023-10-05,390,17,13515355,795021,0.04359,0.52,43.31
179000000000000002,180000000000000004,2023-10-05,443,20,13114765,655738,0.045147,0.71,61.87
179000000000000003,180000000000000005,2023-10-05,380,18,17753413,986301,0.047368,0.25,27.35
179000000000000004,180000000000000006,2023-10-05,322,22,35144571,1597480,0.068323,0.55,47.32
179000000000000004,180000000000000007,2023-10-05,191,13,26992378,2076337,0.068063,0.3,28.41
179000000000000005,180000000000000008,2023-10-05,494,38,17753413,467195,0.076923,1.68,153.29
179000000000000001,180000000000000001,2023-10-06,962,28,29001204,1035757,0.029106,0.22,13.91
179000000000000001,180000000000000002,2023-10-06,989,29,24929838,859650,0.029323,0.27,20.03
179000000000000002,180000000000000003,2023-10-06,312,15,13603366,906891,0.048077,0.42,50.12
179000000000000002,180000000000000004,2023-10-06,303,15,13362156,890810,0.049505,0.52,42.58
179000000000000003,180000000000000005,2023-10-06,368,19,17977014,946159,0.05163,0.24,22.64
179000000000000004,180000000000000006,2023-10-06,240,22,39701834,1804629,0.091667,0.63,81.17
179000000000000004,180000000000000007,2023-10-06,200,12,23217716,1934810,0.06,0.3,33.98
179000000000000005,180000000000000008,2023-10-06,238,30,17977015,599234,0.12605,1.45,144.07
179000000000000001,180000000000000001,2023-10-07,1101,31,32153389,1037206,0.028156,0.25,25.77
179000000000000001,180000000000000002,2023-10-07,1026,23,20431736,888336,0.022417,0.15,11.97
179000000000000002,180000000000000003,2023-10-07,187,14,12827474,916248,0.074866,0.46,37.87
179000000000000002,180000000000000004,2023-10-07,286,15,13465088,897673,0.052448,0.51,42.55
179000000000000003,180000000000000005,2023-10-07,496,19,17528375,922546,0.038306,0.23,31.63
179000000000000004,180000000000000006,2023-10-07,272,22,33601762,1527353,0.080882,0.64,57.34
179000000000000004,180000000000000007,2023-10-07,327,20,27747550,1387378,0.061162,0.44,42.38
179000000000000005,180000000000000008,2023-10-07,333,42,17528375,417342,0.126126,1.86,131.01
179000000000000001,180000000000000001,2023-10-08,1296,39,44133222,1131621,0.030093,0.29,26.42
179000000000000001,180000000000000002,2023-10-08,2360,45,33912779,753617,0.019068,0.4,37.67
179000000000000002,180000000000000003,2023-10-08,538,30,21519457,717315,0.055762,1.12,104.06
179000000000000002,180000000000000004,2023-10-08,425,20,17503544,875177,0.047059,0.69,53.03
179000000000000003,180000000000000005,2023-10-08,204,13,12491653,960896,0.063725,0.2,19.64
179000000000000004,180000000000000006,2023-10-08,459,34,50768070,1493179,0.074074,0.89,67.26
179000000000000004,180000000000000007,2023-10-08,255,22,40285597,1831164,0.086275,0.52,57.9
179000000000000005,180000000000000008,2023-10-08,407,39,16264514,417039,0.095823,1.73,114.88
179000000000000001,180000000000000001,2023-10-09,1218,29,32261340,1112460,0.02381,0.24,21.99
179000000000000001,180000000000000002,2023-10-09,1310,35,26811097,766031,0.026718,0.27,26.42
179000000000000002,180000000000000003,2023-10-09,274,17,14495680,852687,0.062044,0.5,44.44
179000000000000002,180000000000000004,2023-10-09,309,17,15040538,884738,0.055016,0.7,56.28
179000000000000003,180000000000000005,2023-10-09,291,16,19690813,1230676,0.054983,0.22,19.45
179000000000000004,180000000000000006,2023-10-09,306,23,42008991,1826478,0.075163,0.65,67.58
179000000000000004,180000000000000007,2023-10-09,228,14,26908852,1922061,0.061404,0.33,38.99
179000000000000005,180000000000000008,2023-10-09,414,50,19690812,393816,0.120773,2.27,195.24
179000000000000001,180000000000000001,2023-10-10,620,20,18694498,934725,0.032258,0.16,9.6
179000000000000001,180000000000000002,2023-10-10,666,22,19785440,899338,0.033033,0.18,17.59
179000000000000002,180000000000000003,2023-10-10,217,16,11922905,745182,0.073733,0.6,57.49
179000000000000002,180000000000000004,2023-10-10,317,14,12644002,903143,0.044164,0.41,43.09
179000000000000003,180000000000000005,2023-10-10,327,18,16377938,909885,0.055046,0.24,16.45
179000000000000004,180000000000000006,2023-10-10,255,18,34297248,1905403,0.070588,0.53,46.25
179000000000000004,180000000000000007,2023-10-10,178,13,23025535,1771195,0.073034,0.33,30.81
179000000000000005,180000000000000008,2023-10-10,313,34,16377938,481704,0.108626,1.77,157.21
179000000000000001,180000000000000001,2023-10-11,2306,63,40980820,650489,0.02732,0.51,43.81
179000000000000001,180000000000000002,2023-10-11,888,25,25545839,1021834,0.028153,0.21,13.84
179000000000000002,180000000000000003,2023-10-11,404,27,14373606,532356,0.066832,1.02,87.4
179000000000000002,180000000000000004,2023-10-11,398,26,18889723,726528,0.065327,0.84,97.7
179000000000000003,180000000000000005,2023-10-11,340,21,22175552,1055979,0.061765,0.3,14.88
179000000000000004,180000000000000006,2023-10-11,361,26,47751040,1836578,0.072022,0.61,53.42
179000000000000004,180000000000000007,2023-10-11,286,20,29863394,1493170,0.06993,0.62,43.79
179000000000000005,180000000000000008,2023-10-11,575,48,22175553,461991,0.083478,2.01,198.53
179000000000000001,180000000000000001,2023-10-12,1388,41,44172996,1077390,0.029539,0.36,30.15
179000000000000001,180000000000000002,2023-10-12,862,23,28495619,1238940,0.026682,0.17,16.41
179000000000000002,180000000000000003,2023-10-12,369,23,20284968,881955,0.062331,0.81,102.37
179000000000000002,180000000000000004,2023-10-12,400,19,16049340,844702,0.0475,0.63,43.13
179000000000000003,180000000000000005,2023-10-12,352,20,24222872,1211144,0.056818,0.3,28.33
179000000000000004,180000000000000006,2023-10-12,346,27,48072919,1780478,0.078035,0.66,60.25
179000000000000004,180000000000000007,2023-10-12,377,24,36707133,1529464,0.06366,0.84,52.71
179000000000000005,180000000000000008,2023-10-12,542,54,24222872,448572,0.099631,2.46,275.85
179000000000000001,180000000000000001,2023-10-13,2623,52,47270166,909042,0.019825,0.32,37.42
179000000000000001,180000000000000002,2023-10-13,703,19,23745055,1249740,0.027027,0.14,13.9
179000000000000002,180000000000000003,2023-10-13,355,22,15877964,721726,0.061972,0.93,90.53
179000000000000002,180000000000000004,2023-10-13,511,31,19629647,633214,0.060665,1.21,105.66
179000000000000003,180000000000000005,2023-10-13,561,24,23671741,986323,0.042781,0.37,39.25
179000000000000004,180000000000000006,2023-10-13,379,31,49431923,1594578,0.081794,0.91,77.55
179000000000000004,180000000000000007,2023-10-13,264,22,33419170,1519053,0.083333,0.73,74.57
179000000000000005,180000000000000008,2023-10-13,487,46,23671741,514603,0.094456,2.43,178.14
179000000000000001,180000000000000001,2023-10-14,2127,49,41185845,840527,0.023037,0.44,36.83
179000000000000001,180000000000000002,2023-10-14,829,29,33777648,1164746,0.034982,0.27,11.81
179000000000000002,180000000000000003,2023-10-14,488,25,20846550,833862,0.05123,0.91,92.12
179000000000000002,180000000000000004,2023-10-14,397,22,16635196,756145,0.055416,0.75,43.39
179000000000000003,180000000000000005,2023-10-14,409,25,24987831,999513,0.061125,0.33,19.76
179000000000000004,180000000000000006,2023-10-14,402,35,58609249,1674550,0.087065,1.06,91.9
179000000000000004,180000000000000007,2023-10-14,288,21,28848159,1373722,0.072917,0.63,66.5
179000000000000005,180000000000000008,2023-10-14,610,58,24987832,430825,0.095082,2.58,240.27
179000000000000001,180000000000000001,2023-10-15,1521,42,32034864,762735,0.027613,0.33,22.61
179000000000000001,180000000000000002,2023-10-15,775,24,21255979,885666,0.030968,0.22,28.7
179000000000000002,180000000000000003,2023-10-15,288,18,12683409,704634,0.0625,0.62,77.04
179000000000000002,180000000000000004,2023-10-15,357,18,13962012,775667,0.05042,0.73,81.1
179000000000000003,180000000000000005,2023-10-15,482,20,17763614,888181,0.041494,0.29,23.03
179000000000000004,180000000000000006,2023-10-15,333,22,38112655,1732393,0.066066,0.67,52.79
179000000000000004,180000000000000007,2023-10-15,197,13,24059995,1850769,0.06599,0.34,20.6
179000000000000005,180000000000000008,2023-10-15,295,29,17763614,612538,0.098305,1.21,130.16
179000000000000001,180000000000000001,2023-10-16,1166,28,33417108,1193468,0.024014,0.18,15.38
179000000000000001,180000000000000002,2023-10-16,1294,27,27904983,1033518,0.020866,0.21,25.3
179000000000000002,180000000000000003,2023-10-16,435,29,19226740,662991,0.066667,0.9,73.73
179000000000000002,180000000000000004,2023-10-16,583,28,20169315,720333,0.048027,0.88,81.66
179000000000000003,180000000000000005,2023-10-16,754,34,26264037,772472,0.045093,0.51,32.25
179000000000000004,180000000000000006,2023-10-16,505,39,58086239,1489391,0.077228,1.22,103.83
179000000000000004,180000000000000007,2023-10-16,219,13,17274195,1328784,0.059361,0.42,30.89
179000000000000005,180000000000000008,2023-10-16,402,47,26264037,558809,0.116915,2.15,201.04
179000000000000001,180000000000000001,2023-10-17,1253,37,46042380,1244389,0.029529,0.28,15.31
179000000000000001,180000000000000002,2023-10-17,397,15,19382486,1292166,0.037783,0.14,6.45
179000000000000002,180000000000000003,2023-10-17,752,29,21867770,754061,0.038564,0.85,80.79
179000000000000002,180000000000000004,2023-10-17,570,33,22133587,670715,0.057895,1.19,144.77
179000000000000003,180000000000000005,2023-10-17,534,32,29334238,916695,0.059925,0.43,33.63
179000000000000004,180000000000000006,2023-10-17,374,33,66214095,2006488,0.088235,0.9,89.88
179000000000000004,180000000000000007,2023-10-17,247,16,36455737,2278484,0.064777,0.5,49.65
179000000000000005,180000000000000008,2023-10-17,574,61,29334238,480889,0.106272,2.37,198.91
179000000000000001,180000000000000001,2023-10-18,2148,48,52512362,1094008,0.022346,0.43,42.48
179000000000000001,180000000000000002,2023-10-18,938,30,39661376,1322046,0.031983,0.28,24.82
179000000000000002,180000000000000003,2023-10-18,612,33,24854710,753173,0.053922,1.04,80.13
179000000000000002,180000000000000004,2023-10-18,744,27,21232159,786376,0.03629,0.85,79.33
179000000000000003,180000000000000005,2023-10-18,541,37,30724579,830394,0.068392,0.54,47.02
179000000000000004,180000000000000006,2023-10-18,416,36,61572719,1710353,0.086538,0.97,99.46
179000000000000004,180000000000000007,2023-10-18,470,31,45963309,1482687,0.065957,0.89,86.24
179000000000000005,180000000000000008,2023-10-18,598,63,30724579,487692,0.105351,3.07,285.98
179000000000000001,180000000000000001,2023-10-19,1528,40,39563435,989086,0.026178,0.27,17.67
179000000000000001,180000000000000002,2023-10-19,1040,29,28210888,972789,0.027885,0.22,27.38
179000000000000002,180000000000000003,2023-10-19,462,27,18560726,687434,0.058442,0.87,74.69
179000000000000002,180000000000000004,2023-10-19,469,25,15326436,613057,0.053305,0.7,92.85
179000000000000003,180000000000000005,2023-10-19,450,27,22591441,836720,0.06,0.44,43.53
179000000000000004,180000000000000006,2023-10-19,269,25,50695921,2027837,0.092937,0.76,49.34
179000000000000004,180000000000000007,2023-10-19,236,17,28374123,1669066,0.072034,0.34,19.55
179000000000000005,180000000000000008,2023-10-19,343,36,22591441,627540,0.104956,1.69,108.16
179000000000000001,180000000000000001,2023-10-20,2206,73,55968245,766688,0.033092,0.59,36.96
179000000000000001,180000000000000002,2023-10-20,1100,32,32972643,1030395,0.029091,0.28,31.56
179000000000000002,180000000000000003,2023-10-20,513,25,23488367,939535,0.048733,0.77,54.84
179000000000000002,180000000000000004,2023-10-20,472,30,20982077,699403,0.063559,1.05,80.43
179000000000000003,180000000000000005,2023-10-20,335,15,14671975,978132,0.044776,0.26,28.1
179000000000000004,180000000000000006,2023-10-20,366,30,60677368,2022579,0.081967,0.75,68.12
179000000000000004,180000000000000007,2023-10-20,261,19,43087003,2267737,0.072797,0.59,54.21
179000000000000005,180000000000000008,2023-10-20,522,53,29646963,559377,0.101533,2.29,282.64
179000000000000001,180000000000000001,2023-10-21,1570,46,42806801,930583,0.029299,0.36,32.65
179000000000000001,180000000000000002,2023-10-21,808,26,27299652,1049987,0.032178,0.24,16.86
179000000000000002,180000000000000003,2023-10-21,468,23,18880051,820872,0.049145,0.78,87.65
179000000000000002,180000000000000004,2023-10-21,404,19,16173175,851220,0.04703,0.59,29.26
179000000000000003,180000000000000005,2023-10-21,644,26,23368817,898801,0.040373,0.38,41.56
179000000000000004,180000000000000006,2023-10-21,385,30,50835377,1694513,0.077922,0.67,47.22
179000000000000004,180000000000000007,2023-10-21,276,21,30955482,1474071,0.076087,0.58,42.69
179000000000000005,180000000000000008,2023-10-21,509,45,23368818,519307,0.088409,2.26,203.21
179000000000000001,180000000000000001,2023-10-22,1630,47,49588936,1055084,0.028834,0.37,33.14
179000000000000001,180000000000000002,2023-10-22,1223,32,37341954,1166936,0.026165,0.27,15.62
179000000000000002,180000000000000003,2023-10-22,464,33,20043038,607365,0.071121,0.88,66.93
179000000000000002,180000000000000004,2023-10-22,653,25,23422407,936896,0.038285,0.73,66.53
179000000000000003,180000000000000005,2023-10-22,554,32,28976964,905530,0.057762,0.57,35.2
179000000000000004,180000000000000006,2023-10-22,400,36,59568949,1654693,0.09,1.02,75.97
179000000000000004,180000000000000007,2023-10-22,202,18,41850424,2325024,0.089109,0.45,26.34
179000000000000005,180000000000000008,2023-10-22,721,73,28976964,396945,0.101248,3.61,291.03
179000000000000001,180000000000000001,2023-10-23,1752,38,33756434,888327,0.021689,0.3,31.77
179000000000000001,180000000000000002,2023-10-23,1345,32,29708787,928400,0.023792,0.3,23.82
179000000000000002,180000000000000003,2023-10-23,302,19,15090617,794243,0.062914,0.55,42.58
179000000000000002,180000000000000004,2023-10-23,260,11,8390552,762777,0.042308,0.48,61.53
179000000000000003,180000000000000005,2023-10-23,183,8,9299794,1162474,0.043716,0.12,6.2
179000000000000004,180000000000000006,2023-10-23,384,29,51363087,1771141,0.075521,0.86,78.43
179000000000000004,180000000000000007,2023-10-23,164,14,22679670,1619976,0.085366,0.43,40.84
179000000000000005,180000000000000008,2023-10-23,368,42,21155073,503692,0.11413,1.91,168.14
179000000000000001,180000000000000001,2023-10-24,2235,54,48373167,895799,0.024161,0.48,39.8
179000000000000001,180000000000000002,2023-10-24,856,24,28192701,1174696,0.028037,0.23,12.9
179000000000000002,180000000000000003,2023-10-24,396,26,21856426,840632,0.065657,1.01,60.91
179000000000000002,180000000000000004,2023-10-24,431,25,16426507,657060,0.058005,0.77,57.44
179000000000000003,180000000000000005,2023-10-24,441,20,25521956,1276098,0.045351,0.24,27.01
179000000000000004,180000000000000006,2023-10-24,379,34,55609789,1635582,0.08971,1.04,86.89
179000000000000004,180000000000000007,2023-10-24,182,14,33717057,2408361,0.076923,0.46,28.76
179000000000000005,180000000000000008,2023-10-24,378,37,18045250,487709,0.097884,1.77,125.56
179000000000000001,180000000000000001,2023-10-25,941,27,33116344,1226531,0.028693,0.21,12.85
179000000000000001,180000000000000002,2023-10-25,1965,46,44593552,969425,0.02341,0.42,40.97
179000000000000002,180000000000000003,2023-10-25,544,32,26832884,838528,0.058824,0.99,56.19
179000000000000002,180000000000000004,2023-10-25,675,32,22025878,688309,0.047407,1.35,107.74
179000000000000003,180000000000000005,2023-10-25,652,36,32572508,904792,0.055215,0.53,32.5
179000000000000004,180000000000000006,2023-10-25,514,38,71929367,1892878,0.07393,1.07,88.65
179000000000000004,180000000000000007,2023-10-25,323,25,42074411,1682976,0.077399,0.75,70.9
179000000000000005,180000000000000008,2023-10-25,476,59,32572508,552076,0.12395,2.82,222.69
179000000000000001,180000000000000001,2023-10-26,1364,37,38602438,1043309,0.027126,0.32,39.51
179000000000000001,180000000000000002,2023-10-26,1227,25,24126309,965052,0.020375,0.24,19.23
179000000000000002,180000000000000003,2023-10-26,419,28,16346741,583812,0.066826,1.02,58.99
179000000000000002,180000000000000004,2023-10-26,119,7,5933727,847675,0.058824,0.2,10.63
179000000000000003,180000000000000005,2023-10-26,408,20,20909582,1045479,0.04902,0.28,26.99
179000000000000004,180000000000000006,2023-10-26,347,26,44649681,1717295,0.074928,0.71,52.52
179000000000000004,180000000000000007,2023-10-26,296,21,28533857,1358755,0.070946,0.58,43.14
179000000000000005,180000000000000008,2023-10-26,441,46,20909582,454556,0.104308,1.86,154.04
179000000000000001,180000000000000001,2023-10-27,1147,30,38898508,1296617,0.026155,0.23,12.44
179000000000000001,180000000000000002,2023-10-27,1038,26,25093501,965135,0.025048,0.22,27.54
179000000000000002,180000000000000003,2023-10-27,546,31,16624686,536280,0.056777,1.17,79.82
179000000000000002,180000000000000004,2023-10-27,490,21,15371318,731968,0.042857,0.61,60.05
179000000000000003,180000000000000005,2023-10-27,547,25,21330670,853227,0.045704,0.43,27.99
179000000000000004,180000000000000006,2023-10-27,301,24,38998452,1624936,0.079734,0.76,49.75
179000000000000004,180000000000000007,2023-10-27,278,24,35658892,1485787,0.086331,0.54,71.3
179000000000000005,180000000000000008,2023-10-27,457,42,21330670,507873,0.091904,1.91,181.23
179000000000000001,180000000000000001,2023-10-28,1727,41,41553342,1013496,0.023741,0.35,36.49
179000000000000001,180000000000000002,2023-10-28,1015,32,36005044,1125158,0.031527,0.28,32.22
179000000000000002,180000000000000003,2023-10-28,195,12,10867995,905666,0.061538,0.38,36.7
179000000000000002,180000000000000004,2023-10-28,502,25,20318348,812734,0.049801,0.85,67.96
179000000000000003,180000000000000005,2023-10-28,608,29,25852795,891476,0.047697,0.45,38.82
179000000000000004,180000000000000006,2023-10-28,336,28,57017201,2036329,0.083333,0.69,69.74
179000000000000004,180000000000000007,2023-10-28,256,22,33467582,1521254,0.085938,0.61,53.06
179000000000000005,180000000000000008,2023-10-28,461,49,25852795,527608,0.106291,2.15,170.39
179000000000000001,180000000000000001,2023-10-29,1855,50,50962946,1019259,0.026954,0.37,31.58
179000000000000001,180000000000000002,2023-10-29,1416,36,37989593,1055266,0.025424,0.26,25.68
179000000000000002,180000000000000003,2023-10-29,883,41,26360516,642939,0.046433,1.23,128.31
179000000000000002,180000000000000004,2023-10-29,577,31,18115754,584379,0.053726,1.0,114.33
179000000000000003,180000000000000005,2023-10-29,593,30,29650846,988362,0.05059,0.46,35.39
179000000000000004,180000000000000006,2023-10-29,409,31,63960663,2063247,0.075795,0.94,68.95
179000000000000004,180000000000000007,2023-10-29,291,20,39817301,1990865,0.068729,0.53,43.32
179000000000000005,180000000000000008,2023-10-29,662,57,29650847,520190,0.086103,2.86,268.15
179000000000000001,180000000000000001,2023-10-30,1697,40,37886384,947160,0.023571,0.32,24.06
179000000000000001,180000000000000002,2023-10-30,584,21,27917082,1329385,0.035959,0.18,18.06
179000000000000002,180000000000000003,2023-10-30,346,22,16176567,735298,0.063584,0.89,88.95
179000000000000002,180000000000000004,2023-10-30,345,21,16725167,796437,0.06087,0.86,90.63
179000000000000003,180000000000000005,2023-10-30,611,26,21934489,843634,0.042553,0.4,22.9
179000000000000004,180000000000000006,2023-10-30,397,30,45079771,1502659,0.075567,0.99,60.45
179000000000000004,180000000000000007,2023-10-30,211,16,31690941,1980684,0.075829,0.52,33.33
179000000000000005,180000000000000008,2023-10-30,238,20,13447067,672353,0.084034,0.67,55.55
179000000000000001,180000000000000001,2023-10-31,1496,34,37766772,1110787,0.022727,0.24,13.43
179000000000000001,180000000000000002,2023-10-31,939,23,27016749,1174641,0.024494,0.18,16.99
179000000000000002,180000000000000003,2023-10-31,277,18,16797149,933175,0.064982,0.66,26.66
179000000000000002,180000000000000004,2023-10-31,402,25,15594612,623784,0.062189,1.06,74.98
179000000000000003,180000000000000005,2023-10-31,499,23,21594507,938892,0.046092,0.32,20.01
179000000000000004,180000000000000006,2023-10-31,390,25,44135764,1765431,0.064103,0.65,44.96
179000000000000004,180000000000000007,2023-10-31,256,15,31445013,2096334,0.058594,0.31,37.3
179000000000000005,180000000000000008,2023-10-31,553,51,21594508,423422,0.092224,2.21,126.54
179000000000000001,180000000000000001,2023-11-01,1515,41,41824929,1020120,0.027063,0.29,27.68
179000000000000001,180000000000000002,2023-11-01,1131,34,32534307,956891,0.030062,0.24,16.69
179000000000000002,180000000000000003,2023-11-01,404,28,20604508,735875,0.069307,0.96,112.04
179000000000000002,180000000000000004,2023-11-01,390,24,16575111,690630,0.061538,0.84,79.71
179000000000000003,180000000000000005,2023-11-01,582,23,24786412,1077670,0.039519,0.34,26.83
179000000000000004,180000000000000006,2023-11-01,420,31,51843264,1672363,0.07381,0.92,93.76
179000000000000004,180000000000000007,2023-11-01,222,16,34909178,2181824,0.072072,0.45,40.08
179000000000000005,180000000000000008,2023-11-01,656,55,24786412,450662,0.083841,2.07,225.6
179000000000000001,180000000000000001,2023-11-02,885,20,22774093,1138705,0.022599,0.18,15.01
179000000000000001,180000000000000002,2023-11-02,1046,24,22008245,917010,0.022945,0.24,27.25
179000000000000002,180000000000000003,2023-11-02,253,16,12609441,788090,0.063241,0.46,57.24
179000000000000002,180000000000000004,2023-11-02,342,18,14064402,781356,0.052632,0.6,52.98
179000000000000003,180000000000000005,2023-11-02,448,16,17782563,1111410,0.035714,0.29,34.1
179000000000000004,180000000000000006,2023-11-02,320,24,39245798,1635242,0.075,0.65,53.27
179000000000000004,180000000000000007,2023-11-02,184,13,22993172,1768706,0.070652,0.32,41.25
179000000000000005,180000000000000008,2023-11-02,336,35,17782562,508073,0.104167,1.88,187.92
179000000000000001,180000000000000001,2023-11-03,1234,34,46740337,1374716,0.027553,0.25,17.21
179000000000000001,180000000000000002,2023-11-03,969,32,33405646,1043926,0.033024,0.22,13.82
179000000000000002,180000000000000003,2023-11-03,518,26,21181357,814668,0.050193,0.88,74.45
179000000000000002,180000000000000004,2023-11-03,551,28,18891634,674701,0.050817,0.92,117.55
179000000000000003,180000000000000005,2023-11-03,767,33,26715328,809555,0.043025,0.44,35.66
179000000000000004,180000000000000006,2023-11-03,573,37,52547498,1420203,0.064572,1.09,116.94
179000000000000004,180000000000000007,2023-11-03,297,19,40956149,2155587,0.063973,0.53,46.68
179000000000000005,180000000000000008,2023-11-03,558,63,26715327,424053,0.112903,2.91,236.56
179000000000000001,180000000000000001,2023-11-04,1467,35,33560571,958873,0.023858,0.26,23.82
179000000000000001,180000000000000002,2023-11-04,685,22,21722314,987378,0.032117,0.22,20.78
179000000000000002,180000000000000003,2023-11-04,331,22,13111432,595974,0.066465,0.8,49.28
179000000000000002,180000000000000004,2023-11-04,402,18,14530010,807223,0.044776,0.51,36.13
179000000000000003,180000000000000005,2023-11-04,431,20,18427628,921381,0.046404,0.28,28.53
179000000000000004,180000000000000006,2023-11-04,247,24,37204608,1550192,0.097166,0.65,52.47
179000000000000004,180000000000000007,2023-11-04,180,15,27292091,1819473,0.083333,0.51,33.82
179000000000000005,180000000000000008,2023-11-04,347,29,18427629,635435,0.083573,1.23,100.52
179000000000000001,180000000000000001,2023-11-05,2027,46,43440915,944368,0.022694,0.34,23.56
179000000000000001,180000000000000002,2023-11-05,1027,25,23480489,939220,0.024343,0.21,17.41
179000000000000002,180000000000000003,2023-11-05,368,19,15587952,820419,0.05163,0.78,53.64
179000000000000002,180000000000000004,2023-11-05,572,28,17872751,638313,0.048951,0.9,88.45
179000000000000003,180000000000000005,2023-11-05,414,19,22307135,1174060,0.045894,0.29,27.47
179000000000000004,180000000000000006,2023-11-05,283,25,46943270,1877731,0.088339,0.68,52.99
179000000000000004,180000000000000007,2023-11-05,240,17,31131702,1831277,0.070833,0.52,46.23
179000000000000005,180000000000000008,2023-11-05,437,46,22307135,484938,0.105263,2.19,171.64
179000000000000001,180000000000000001,2023-11-06,2316,57,52250144,916669,0.024611,0.35,31.21
179000000000000001,180000000000000002,2023-11-06,827,28,31409616,1121772,0.033857,0.2,21.74
179000000000000002,180000000000000003,2023-11-06,409,25,20868979,834759,0.061125,0.88,79.41
179000000000000002,180000000000000004,2023-11-06,592,26,20960901,806188,0.043919,1.02,77.46
179000000000000003,180000000000000005,2023-11-06,544,26,27886587,1072561,0.047794,0.39,43.5
179000000000000004,180000000000000006,2023-11-06,266,24,40745081,1697712,0.090226,0.77,87.08
179000000000000004,180000000000000007,2023-11-06,234,17,35827730,2107514,0.07265,0.57,40.62
179000000000000005,180000000000000008,2023-11-06,467,53,27886587,526162,0.11349,2.13,199.29
179000000000000001,180000000000000001,2023-11-07,2062,73,59183355,810731,0.035403,0.58,46.23
179000000000000001,180000000000000002,2023-11-07,1081,22,17095955,777089,0.020352,0.17,16.53
179000000000000002,180000000000000003,2023-11-07,279,24,14505457,604394,0.086022,0.79,50.49
179000000000000002,180000000000000004,2023-11-07,465,26,23345216,897893,0.055914,0.8,100.99
179000000000000003,180000000000000005,2023-11-07,515,26,32978982,1268422,0.050485,0.39,35.67
179000000000000004,180000000000000006,2023-11-07,455,35,74138393,2118240,0.076923,1.09,137.34
179000000000000004,180000000000000007,2023-11-07,373,24,41288046,1720335,0.064343,0.71,65.74
179000000000000005,180000000000000008,2023-11-07,544,54,32978983,610722,0.099265,2.25,181.48
179000000000000001,180000000000000001,2023-11-08,3151,77,78503846,1019530,0.024437,0.62,44.66
179000000000000001,180000000000000002,2023-11-08,1691,46,38463436,836162,0.027203,0.4,45.04
179000000000000002,180000000000000003,2023-11-08,369,24,16735890,697329,0.065041,0.61,37.27
179000000000000002,180000000000000004,2023-11-08,744,35,25944782,741279,0.047043,1.42,106.23
179000000000000003,180000000000000005,2023-11-08,689,21,17673245,841583,0.030479,0.39,42.53
179000000000000004,180000000000000006,2023-11-08,522,41,83686751,2041140,0.078544,1.23,124.65
179000000000000004,180000000000000007,2023-11-08,139,10,23011906,2301191,0.071942,0.21,28.22
179000000000000005,180000000000000008,2023-11-08,922,88,38989093,443058,0.095445,3.96,263.18
179000000000000001,180000000000000001,2023-11-09,2191,61,59326472,972565,0.027841,0.51,22.27
179000000000000001,180000000000000002,2023-11-09,1357,37,33990234,918655,0.027266,0.34,33.39
179000000000000002,180000000000000003,2023-11-09,551,32,21961087,686284,0.058076,1.0,87.88
179000000000000002,180000000000000004,2023-11-09,544,28,24697266,882045,0.051471,0.86,92.25
179000000000000003,180000000000000005,2023-11-09,689,27,31105569,1152058,0.039187,0.52,45.69
179000000000000004,180000000000000006,2023-11-09,332,28,55791372,1992549,0.084337,0.85,72.56
179000000000000004,180000000000000007,2023-11-09,480,33,53078119,1608428,0.06875,1.08,76.47
179000000000000005,180000000000000008,2023-11-09,563,54,21533197,398763,0.095915,2.62,200.21
179000000000000001,180000000000000001,2023-11-10,2888,56,55141298,984666,0.019391,0.48,44.35
179000000000000001,180000000000000002,2023-11-10,1731,35,37673016,1076372,0.02022,0.23,23.35
179000000000000002,180000000000000003,2023-11-10,589,32,22815005,712969,0.054329,1.42,89.36
179000000000000002,180000000000000004,2023-11-10,877,39,23592152,604927,0.04447,1.27,114.22
179000000000000003,180000000000000005,2023-11-10,982,36,30938104,859392,0.03666,0.57,43.74
179000000000000004,180000000000000006,2023-11-10,382,31,54728958,1765450,0.081152,0.8,78.56
179000000000000004,180000000000000007,2023-11-10,345,30,53554407,1785147,0.086957,0.96,94.1
179000000000000005,180000000000000008,2023-11-10,414,48,30938104,644544,0.115942,2.11,225.69
179000000000000001,180000000000000001,2023-11-11,4099,97,63696639,656666,0.023664,0.63,49.26
179000000000000001,180000000000000002,2023-11-11,1323,43,43432972,1010069,0.032502,0.34,37.05
179000000000000002,180000000000000003,2023-11-11,408,29,24769743,854129,0.071078,0.99,76.96
179000000000000002,180000000000000004,2023-11-11,1107,54,28795063,533242,0.04878,1.41,83.17
179000000000000003,180000000000000005,2023-11-11,1066,46,35709870,776302,0.043152,0.74,101.08
179000000000000004,180000000000000006,2023-11-11,369,33,68420693,2073354,0.089431,0.89,74.82
179000000000000004,180000000000000007,2023-11-11,387,26,56563853,2175533,0.067183,0.54,41.46
179000000000000005,180000000000000008,2023-11-11,584,64,35709871,557967,0.109589,2.67,223.9
179000000000000001,180000000000000001,2023-11-12,1782,47,48860634,1039588,0.026375,0.36,41.65
179000000000000001,180000000000000002,2023-11-12,1484,42,41361840,984806,0.028302,0.36,27.62
179000000000000002,180000000000000003,2023-11-12,438,29,21409697,738265,0.06621,1.12,69.31
179000000000000002,180000000000000004,2023-11-12,928,39,23701539,607732,0.042026,1.38,128.27
179000000000000003,180000000000000005,2023-11-12,799,37,30074158,812815,0.046308,0.54,46.52
179000000000000004,180000000000000006,2023-11-12,385,31,67379961,2173547,0.080519,0.82,49.23
179000000000000004,180000000000000007,2023-11-12,243,20,37879590,1893980,0.082305,0.63,80.25
179000000000000005,180000000000000008,2023-11-12,412,42,21059660,501420,0.101942,1.79,131.89
179000000000000001,180000000000000001,2023-11-13,1935,50,35006051,700121,0.02584,0.45,41.1
179000000000000001,180000000000000002,2023-11-13,1262,43,35227515,819245,0.034073,0.38,37.79
179000000000000002,180000000000000003,2023-11-13,428,30,20747675,691589,0.070093,1.14,99.39
179000000000000002,180000000000000004,2023-11-13,548,25,24095112,963804,0.04562,0.81,55.48
179000000000000003,180000000000000005,2023-11-13,1061,37,29895191,807978,0.034873,0.6,64.47
179000000000000004,180000000000000006,2023-11-13,639,45,63202331,1404496,0.070423,1.26,132.38
179000000000000004,180000000000000007,2023-11-13,320,24,41430838,1726285,0.075,0.59,70.18
179000000000000005,180000000000000008,2023-11-13,678,63,29895191,474527,0.09292,2.91,311.9
179000000000000001,180000000000000001,2023-11-14,3309,75,68578539,914381,0.022665,0.65,57.73
179000000000000001,180000000000000002,2023-11-14,1154,43,37419325,870217,0.037262,0.3,24.73
179000000000000002,180000000000000003,2023-11-14,749,41,28333592,691063,0.05474,1.48,133.83
179000000000000002,180000000000000004,2023-11-14,713,30,24665340,822178,0.042076,1.05,98.9
179000000000000003,180000000000000005,2023-11-14,201,15,17297148,1153143,0.074627,0.17,14.76
179000000000000004,180000000000000006,2023-11-14,491,46,73173407,1590726,0.093686,1.42,177.35
179000000000000004,180000000000000007,2023-11-14,399,29,50490768,1741061,0.072682,1.03,92.2
179000000000000005,180000000000000008,2023-11-14,891,88,35332622,401507,0.098765,3.71,267.95
179000000000000001,180000000000000001,2023-11-15,1927,54,49249638,912030,0.028023,0.45,50.87
179000000000000001,180000000000000002,2023-11-15,1202,42,36081999,859095,0.034942,0.31,30.65
179000000000000002,180000000000000003,2023-11-15,478,32,19262000,601938,0.066946,1.02,79.57
179000000000000002,180000000000000004,2023-11-15,396,17,9511555,559503,0.042929,0.75,49.53
179000000000000003,180000000000000005,2023-11-15,465,24,28443879,1185162,0.051613,0.39,35.85
179000000000000004,180000000000000006,2023-11-15,465,33,61789171,1872399,0.070968,0.9,56.59
179000000000000004,180000000000000007,2023-11-15,270,20,37764405,1888220,0.074074,0.56,58.81
179000000000000005,180000000000000008,2023-11-15,626,54,28443879,526738,0.086262,2.69,271.44
179000000000000001,180000000000000001,2023-11-16,2411,62,41778330,673844,0.025715,0.54,41.69
179000000000000001,180000000000000002,2023-11-16,1838,52,43425548,835107,0.028292,0.41,53.26
179000000000000002,180000000000000003,2023-11-16,515,30,24360503,812017,0.058252,1.06,106.84
179000000000000002,180000000000000004,2023-11-16,749,30,27081764,902725,0.040053,1.13,58.94
179000000000000003,180000000000000005,2023-11-16,523,32,34294845,1071714,0.061185,0.55,53.04
179000000000000004,180000000000000006,2023-11-16,582,48,79486426,1655967,0.082474,1.29,162.19
179000000000000004,180000000000000007,2023-11-16,306,20,40545530,2027276,0.065359,0.56,48.22
179000000000000005,180000000000000008,2023-11-16,485,56,34294844,612408,0.115464,2.49,239.05
179000000000000001,180000000000000001,2023-11-17,3312,82,62014001,756268,0.024758,0.64,51.62
179000000000000001,180000000000000002,2023-11-17,2028,51,43956065,861884,0.025148,0.42,31.61
179000000000000002,180000000000000003,2023-11-17,515,31,27036741,872153,0.060194,1.16,97.62
179000000000000002,180000000000000004,2023-11-17,252,15,14131359,942091,0.059524,0.55,24.77
179000000000000003,180000000000000005,2023-11-17,538,31,35323356,1139463,0.057621,0.51,31.27
179000000000000004,180000000000000006,2023-11-17,377,38,73753652,1940886,0.100796,1.05,128.19
179000000000000004,180000000000000007,2023-11-17,356,26,49878093,1918388,0.073034,0.6,44.59
179000000000000005,180000000000000008,2023-11-17,410,49,24102731,491892,0.119512,2.5,303.09
179000000000000001,180000000000000001,2023-11-18,2049,70,71776248,1025375,0.034163,0.64,77.55
179000000000000001,180000000000000002,2023-11-18,983,30,37031761,1234392,0.030519,0.22,15.59
179000000000000002,180000000000000003,2023-11-18,278,16,14611867,913242,0.057554,0.51,39.17
179000000000000002,180000000000000004,2023-11-18,456,25,23619084,944763,0.054825,0.93,79.54
179000000000000003,180000000000000005,2023-11-18,268,19,21110308,1111069,0.070896,0.33,46.18
179000000000000004,180000000000000006,2023-11-18,734,46,74410170,1617612,0.06267,1.2,111.51
179000000000000004,180000000000000007,2023-11-18,341,26,52532510,2020481,0.076246,0.86,71.28
179000000000000005,180000000000000008,2023-11-18,580,63,36269337,575704,0.108621,3.16,235.51
179000000000000001,180000000000000001,2023-11-19,2251,59,57913798,981590,0.026211,0.47,51.0
179000000000000001,180000000000000002,2023-11-19,1493,51,37372957,732803,0.034159,0.36,37.29
179000000000000002,180000000000000003,2023-11-19,599,32,24231552,757236,0.053422,1.34,87.12
179000000000000002,180000000000000004,2023-11-19,534,24,23411825,975493,0.044944,1.01,82.19
179000000000000003,180000000000000005,2023-11-19,867,37,31762252,858439,0.042676,0.49,33.39
179000000000000004,180000000000000006,2023-11-19,545,39,69714789,1787559,0.07156,1.01,88.23
179000000000000004,180000000000000007,2023-11-19,352,29,41453093,1429417,0.082386,0.94,83.76
179000000000000005,180000000000000008,2023-11-19,808,87,31762252,365083,0.107673,3.48,341.11
179000000000000001,180000000000000001,2023-11-20,3096,74,54577345,737532,0.023902,0.68,52.46
179000000000000001,180000000000000002,2023-11-20,1464,43,36777881,855300,0.029372,0.34,26.23
179000000000000002,180000000000000003,2023-11-20,629,36,21976966,610471,0.057234,1.35,84.61
179000000000000002,180000000000000004,2023-11-20,814,39,23700647,607709,0.047912,1.23,142.21
179000000000000003,180000000000000005,2023-11-20,782,34,30451742,895639,0.043478,0.48,31.3
179000000000000004,180000000000000006,2023-11-20,471,34,69474665,2043372,0.072187,1.0,81.22
179000000000000004,180000000000000007,2023-11-20,286,21,37106430,1766973,0.073427,0.56,64.98
179000000000000005,180000000000000008,2023-11-20,503,53,30451742,574561,0.105368,1.89,113.78
179000000000000001,180000000000000001,2023-11-21,1245,42,49707912,1183522,0.033735,0.41,37.31
179000000000000001,180000000000000002,2023-11-21,1500,32,25537627,798051,0.021333,0.3,28.22
179000000000000002,180000000000000003,2023-11-21,387,22,17801325,809151,0.056848,0.95,76.91
179000000000000002,180000000000000004,2023-11-21,663,27,19821445,734128,0.040724,0.9,71.63
179000000000000003,180000000000000005,2023-11-21,490,27,25081846,928957,0.055102,0.44,26.85
179000000000000004,180000000000000006,2023-11-21,392,34,56374607,1658077,0.086735,0.95,99.25
179000000000000004,180000000000000007,2023-11-21,194,19,31411855,1653256,0.097938,0.54,57.74
179000000000000005,180000000000000008,2023-11-21,586,67,25081847,374356,0.114334,3.02,298.21
179000000000000001,180000000000000001,2023-11-22,2159,43,53094568,1234757,0.019917,0.39,26.38
179000000000000001,180000000000000002,2023-11-22,1909,44,40672568,924377,0.023049,0.29,22.87
179000000000000002,180000000000000003,2023-11-22,704,33,23143137,701307,0.046875,0.99,100.61
179000000000000002,180000000000000004,2023-11-22,545,29,23740431,818636,0.053211,1.11,102.77
179000000000000003,180000000000000005,2023-11-22,697,33,31255712,947143,0.047346,0.41,43.7
179000000000000004,180000000000000006,2023-11-22,484,40,68033739,1700843,0.082645,1.28,136.27
179000000000000004,180000000000000007,2023-11-22,400,28,41361253,1477188,0.07,0.67,70.57
179000000000000005,180000000000000008,2023-11-22,917,83,31255713,376575,0.090513,3.58,436.31
179000000000000001,180000000000000001,2023-11-23,1385,40,46487883,1162197,0.028881,0.37,41.21
179000000000000001,180000000000000002,2023-11-23,575,17,12578692,739923,0.029565,0.12,10.33
179000000000000002,180000000000000003,2023-11-23,483,24,20679707,861654,0.049689,0.84,91.79
179000000000000002,180000000000000004,2023-11-23,440,25,17951127,718045,0.056818,0.97,101.56
179000000000000003,180000000000000005,2023-11-23,401,25,25753890,1030156,0.062344,0.34,29.64
179000000000000004,180000000000000006,2023-11-23,216,17,38671907,2274818,0.078704,0.46,37.81
179000000000000004,180000000000000007,2023-11-23,303,17,28826665,1695686,0.056106,0.51,47.28
179000000000000005,180000000000000008,2023-11-23,502,45,25753889,572309,0.089641,1.77,197.44
179000000000000001,180000000000000001,2023-11-24,2187,50,43578700,871574,0.022862,0.37,32.8
179000000000000001,180000000000000002,2023-11-24,766,15,14677220,978481,0.019582,0.11,11.67
179000000000000002,180000000000000003,2023-11-24,291,18,16330631,907257,0.061856,0.69,63.75
179000000000000002,180000000000000004,2023-11-24,487,31,19558527,630920,0.063655,1.19,68.84
179000000000000003,180000000000000005,2023-11-24,392,26,23926105,920235,0.066327,0.41,31.29
179000000000000004,180000000000000006,2023-11-24,361,28,46250381,1651799,0.077562,0.66,66.53
179000000000000004,180000000000000007,2023-11-24,347,22,37490987,1704136,0.063401,0.58,78.56
179000000000000005,180000000000000008,2023-11-24,131,19,7652935,402786,0.145038,0.92,63.46
179000000000000001,180000000000000001,2023-11-25,1534,46,36509841,793692,0.029987,0.39,27.86
179000000000000001,180000000000000002,2023-11-25,1006,23,26984366,1173233,0.022863,0.15,14.71
179000000000000002,180000000000000003,2023-11-25,431,23,15496722,673771,0.053364,0.73,53.68
179000000000000002,180000000000000004,2023-11-25,473,21,16250381,773828,0.044397,0.72,71.85
179000000000000003,180000000000000005,2023-11-25,453,26,21164736,814028,0.057395,0.43,34.68
179000000000000004,180000000000000006,2023-11-25,224,22,40771037,1853229,0.098214,0.64,60.75
179000000000000004,180000000000000007,2023-11-25,316,20,33305538,1665277,0.063291,0.54,50.58
179000000000000005,180000000000000008,2023-11-25,482,51,21164735,414995,0.105809,2.41,306.59
179000000000000001,180000000000000001,2023-11-26,1608,51,53998339,1058791,0.031716,0.44,31.57
179000000000000001,180000000000000002,2023-11-26,1441,39,34062459,873396,0.027065,0.26,16.44
179000000000000002,180000000000000003,2023-11-26,402,21,19919554,948550,0.052239,0.54,50.56
179000000000000002,180000000000000004,2023-11-26,647,30,24110845,803695,0.046368,1.23,149.89
179000000000000003,180000000000000005,2023-11-26,627,31,29353600,946890,0.049442,0.49,58.71
179000000000000004,180000000000000006,2023-11-26,283,23,44728498,1944717,0.081272,0.55,66.85
179000000000000004,180000000000000007,2023-11-26,170,13,23279919,1790763,0.076471,0.39,40.0
179000000000000005,180000000000000008,2023-11-26,316,37,20678864,558888,0.117089,1.99,137.68
179000000000000001,180000000000000001,2023-11-27,2009,53,52404559,988765,0.026381,0.52,46.19
179000000000000001,180000000000000002,2023-11-27,645,19,13720918,722154,0.029457,0.16,21.8
179000000000000002,180000000000000003,2023-11-27,501,33,22268206,674794,0.065868,1.05,72.71
179000000000000002,180000000000000004,2023-11-27,742,38,19865266,522770,0.051213,1.46,137.61
179000000000000003,180000000000000005,2023-11-27,711,31,28088981,906096,0.043601,0.44,39.82
179000000000000004,180000000000000006,2023-11-27,362,26,58488881,2249572,0.071823,0.78,87.48
179000000000000004,180000000000000007,2023-11-27,327,25,39822553,1592902,0.076453,0.54,63.91
179000000000000005,180000000000000008,2023-11-27,623,74,28088982,379581,0.11878,3.17,295.59
179000000000000001,180000000000000001,2023-11-28,2635,66,51118441,774522,0.025047,0.5,53.29
179000000000000001,180000000000000002,2023-11-28,1565,51,42293024,829275,0.032588,0.41,36.17
179000000000000002,180000000000000003,2023-11-28,369,25,20699063,827963,0.067751,1.02,124.91
179000000000000002,180000000000000004,2023-11-28,803,32,26006669,812708,0.039851,1.22,147.29
179000000000000003,180000000000000005,2023-11-28,583,30,31137154,1037905,0.051458,0.53,44.42
179000000000000004,180000000000000006,2023-11-28,718,46,66842421,1453096,0.064067,1.14,145.25
179000000000000004,180000000000000007,2023-11-28,301,25,42137621,1685505,0.083056,0.69,36.98
179000000000000005,180000000000000008,2023-11-28,623,55,31137155,566130,0.088283,2.41,235.02
179000000000000001,180000000000000001,2023-11-29,965,24,31079973,1294999,0.02487,0.22,16.52
179000000000000001,180000000000000002,2023-11-29,900,29,33050891,1139686,0.032222,0.21,21.17
179000000000000002,180000000000000003,2023-11-29,404,29,23041340,794529,0.071782,0.96,64.4
179000000000000002,180000000000000004,2023-11-29,431,24,17624249,734344,0.055684,1.02,96.68
179000000000000003,180000000000000005,2023-11-29,645,31,27110392,874529,0.048062,0.47,33.37
179000000000000004,180000000000000006,2023-11-29,411,36,62440933,1734470,0.087591,1.03,68.41
179000000000000004,180000000000000007,2023-11-29,197,16,32445440,2027840,0.081218,0.45,34.4
179000000000000005,180000000000000008,2023-11-29,519,51,20572877,403390,0.098266,2.43,251.16
179000000000000001,180000000000000001,2023-11-30,2111,63,55040664,873661,0.029844,0.48,56.39
179000000000000001,180000000000000002,2023-11-30,825,20,27123396,1356170,0.024242,0.16,11.41
179000000000000002,180000000000000003,2023-11-30,577,31,21104244,680782,0.053726,1.26,77.99
179000000000000002,180000000000000004,2023-11-30,586,25,19977787,799111,0.042662,0.93,88.85
179000000000000003,180000000000000005,2023-11-30,400,25,27388020,1095521,0.0625,0.31,40.61
179000000000000004,180000000000000006,2023-11-30,427,30,56977613,1899254,0.070258,0.95,115.45
179000000000000004,180000000000000007,2023-11-30,102,8,17844073,2230509,0.078431,0.23,14.62
179000000000000005,180000000000000008,2023-11-30,771,81,27388021,338124,0.105058,3.71,429.38
179000000000000001,180000000000000001,2023-12-01,2309,50,46238192,924764,0.021654,0.32,27.07
179000000000000001,180000000000000002,2023-12-01,2061,44,39519724,898176,0.021349,0.3,22.99
179000000000000002,180000000000000003,2023-12-01,643,46,31148075,677132,0.07154,1.36,164.8
179000000000000002,180000000000000004,2023-12-01,719,31,22919595,739342,0.043115,1.05,131.94
179000000000000003,180000000000000005,2023-12-01,730,40,36045113,901128,0.054795,0.73,48.97
179000000000000004,180000000000000006,2023-12-01,544,45,70580733,1568461,0.082721,1.21,126.83
179000000000000004,180000000000000007,2023-12-01,404,33,55577164,1684156,0.081683,1.07,63.72
179000000000000005,180000000000000008,2023-12-01,947,86,36045114,419129,0.090813,3.83,240.24
179000000000000001,180000000000000001,2023-12-02,1794,41,35959107,877051,0.022854,0.32,18.17
179000000000000001,180000000000000002,2023-12-02,1307,38,32517036,855711,0.029074,0.24,31.26
179000000000000002,180000000000000003,2023-12-02,433,22,18061297,820968,0.050808,0.94,63.04
179000000000000002,180000000000000004,2023-12-02,545,26,16176775,622184,0.047706,0.82,79.35
179000000000000003,180000000000000005,2023-12-02,374,24,22825381,951058,0.064171,0.37,43.47
179000000000000004,180000000000000006,2023-12-02,328,26,45050216,1732701,0.079268,0.64,49.16
179000000000000004,180000000000000007,2023-12-02,217,21,34838619,1658982,0.096774,0.48,66.27
179000000000000005,180000000000000008,2023-12-02,452,50,22825381,456508,0.110619,2.01,151.24
179000000000000001,180000000000000001,2023-12-03,1762,57,40220792,705628,0.03235,0.5,55.31
179000000000000001,180000000000000002,2023-12-03,2091,45,32263817,716974,0.021521,0.33,28.17
179000000000000002,180000000000000003,2023-12-03,685,32,24003262,750102,0.046715,0.92,63.44
179000000000000002,180000000000000004,2023-12-03,979,39,20635182,529107,0.039837,1.25,140.63
179000000000000003,180000000000000005,2023-12-03,196,14,14675201,1048229,0.071429,0.18,20.81
179000000000000004,180000000000000006,2023-12-03,403,36,64888130,1802448,0.08933,1.08,74.77
179000000000000004,180000000000000007,2023-12-03,259,20,39268237,1963412,0.07722,0.54,33.51
179000000000000005,180000000000000008,2023-12-03,543,54,29758961,551092,0.099448,2.31,167.55
179000000000000001,180000000000000001,2023-12-04,1735,41,43126448,1051865,0.023631,0.32,24.88
179000000000000001,180000000000000002,2023-12-04,1513,37,34115273,922034,0.024455,0.35,36.96
179000000000000002,180000000000000003,2023-12-04,510,26,16740856,643879,0.05098,1.09,104.62
179000000000000002,180000000000000004,2023-12-04,507,29,21880004,754483,0.057199,1.06,103.59
179000000000000003,180000000000000005,2023-12-04,450,25,25747240,1029890,0.055556,0.34,17.6
179000000000000004,180000000000000006,2023-12-04,379,27,54472528,2017501,0.07124,0.65,75.26
179000000000000004,180000000000000007,2023-12-04,310,21,35642812,1697277,0.067742,0.58,56.51
179000000000000005,180000000000000008,2023-12-04,587,60,25747240,429121,0.102215,2.88,270.57
179000000000000001,180000000000000001,2023-12-05,2355,44,39869817,906132,0.018684,0.38,42.13
179000000000000001,180000000000000002,2023-12-05,665,22,25224552,1146571,0.033083,0.19,14.06
179000000000000002,180000000000000003,2023-12-05,404,27,16519239,611824,0.066832,1.0,49.15
179000000000000002,180000000000000004,2023-12-05,268,18,16027945,890441,0.067164,0.55,45.78
179000000000000003,180000000000000005,2023-12-05,477,24,21698122,904088,0.050314,0.36,41.88
179000000000000004,180000000000000006,2023-12-05,380,28,46554847,1662673,0.073684,0.73,93.58
179000000000000004,180000000000000007,2023-12-05,150,12,17518331,1459861,0.08,0.3,28.67
179000000000000005,180000000000000008,2023-12-05,582,51,21698123,425453,0.087629,2.49,144.71
179000000000000001,180000000000000001,2023-12-06,2149,51,46245058,906766,0.023732,0.45,27.45
179000000000000001,180000000000000002,2023-12-06,830,22,28290848,1285948,0.026506,0.19,18.0
179000000000000002,180000000000000003,2023-12-06,397,23,18802506,817500,0.057935,0.91,70.81
179000000000000002,180000000000000004,2023-12-06,434,23,18465447,802846,0.052995,0.97,72.72
179000000000000003,180000000000000005,2023-12-06,386,20,24845302,1242265,0.051813,0.32,31.83
179000000000000004,180000000000000006,2023-12-06,193,15,33585094,2239006,0.07772,0.48,54.38
179000000000000004,180000000000000007,2023-12-06,184,17,31533065,1854886,0.092391,0.49,65.21
179000000000000005,180000000000000008,2023-12-06,452,40,24845303,621133,0.088496,1.55,127.43
179000000000000001,180000000000000001,2023-12-07,2103,48,46893680,976952,0.022825,0.4,38.49
179000000000000001,180000000000000002,2023-12-07,862,21,25785887,1227899,0.024362,0.18,13.65
179000000000000002,180000000000000003,2023-12-07,675,29,17848277,615458,0.042963,1.01,119.38
179000000000000002,180000000000000004,2023-12-07,484,23,18491506,803979,0.047521,0.76,69.18
179000000000000003,180000000000000005,2023-12-07,431,25,24226522,969061,0.058005,0.41,38.72
179000000000000004,180000000000000006,2023-12-07,467,36,49901855,1386163,0.077088,1.12,115.55
179000000000000004,180000000000000007,2023-12-07,316,25,34890973,1395639,0.079114,0.73,83.42
179000000000000005,180000000000000008,2023-12-07,422,52,17792035,342155,0.123223,2.67,184.09
179000000000000001,180000000000000001,2023-12-08,1600,41,36463781,889361,0.025625,0.27,20.02
179000000000000001,180000000000000002,2023-12-08,750,28,19855604,709129,0.037333,0.22,20.8
179000000000000002,180000000000000003,2023-12-08,392,19,13011396,684810,0.048469,0.61,60.89
179000000000000002,180000000000000004,2023-12-08,405,17,15148296,891076,0.041975,0.62,59.45
179000000000000003,180000000000000005,2023-12-08,348,16,18773128,1173320,0.045977,0.22,12.2
179000000000000004,180000000000000006,2023-12-08,286,23,38735124,1684136,0.08042,0.64,58.41
179000000000000004,180000000000000007,2023-12-08,191,12,26970826,2247569,0.062827,0.36,19.17
179000000000000005,180000000000000008,2023-12-08,423,38,18773129,494030,0.089835,1.97,204.61
179000000000000001,180000000000000001,2023-12-09,768,23,23194471,1008455,0.029948,0.2,22.7
179000000000000001,180000000000000002,2023-12-09,848,23,27434216,1192792,0.027123,0.2,19.6
179000000000000002,180000000000000003,2023-12-09,384,20,15794080,789704,0.052083,0.56,44.47
179000000000000002,180000000000000004,2023-12-09,418,24,15485974,645249,0.057416,0.92,94.02
179000000000000003,180000000000000005,2023-12-09,492,24,20853370,868890,0.04878,0.35,46.77
179000000000000004,180000000000000006,2023-12-09,297,23,42035344,1827624,0.077441,0.7,30.68
179000000000000004,180000000000000007,2023-12-09,236,21,30951450,1473879,0.088983,0.59,42.57
179000000000000005,180000000000000008,2023-12-09,329,38,20853370,548773,0.115502,1.39,65.86
179000000000000001,180000000000000001,2023-12-10,1982,44,52264938,1187840,0.0222,0.36,38.55
179000000000000001,180000000000000002,2023-12-10,1385,45,36273523,806078,0.032491,0.34,44.12
179000000000000002,180000000000000003,2023-12-10,718,34,22194862,652790,0.047354,1.3,92.84
179000000000000002,180000000000000004,2023-12-10,536,28,22074369,788370,0.052239,1.2,147.38
179000000000000003,180000000000000005,2023-12-10,576,28,29512820,1054029,0.048611,0.35,22.41
179000000000000004,180000000000000006,2023-12-10,616,38,59033233,1553506,0.061688,1.06,91.11
179000000000000004,180000000000000007,2023-12-10,391,29,44261639,1526263,0.074169,0.82,45.04
179000000000000005,180000000000000008,2023-12-10,597,51,29512820,578683,0.085427,1.9,133.29
179000000000000001,180000000000000001,2023-12-11,1958,63,55079709,874281,0.032176,0.52,68.07
179000000000000001,180000000000000002,2023-12-11,1628,37,33396430,902606,0.022727,0.33,22.28
179000000000000002,180000000000000003,2023-12-11,529,31,22000782,709703,0.058601,1.1,73.91
179000000000000002,180000000000000004,2023-12-11,263,15,10436521,695768,0.057034,0.37,18.21
179000000000000003,180000000000000005,2023-12-11,540,26,29492046,1134309,0.048148,0.43,48.33
179000000000000004,180000000000000006,2023-12-11,220,22,42576652,1935302,0.1,0.63,86.02
179000000000000004,180000000000000007,2023-12-11,350,29,43059902,1484824,0.082857,0.84,51.56
179000000000000005,180000000000000008,2023-12-11,509,48,29492047,614418,0.094303,1.95,158.08
179000000000000001,180000000000000001,2023-12-12,1937,54,49078509,908861,0.027878,0.36,30.76
179000000000000001,180000000000000002,2023-12-12,1185,41,36743013,896171,0.034599,0.29,23.47
179000000000000002,180000000000000003,2023-12-12,788,39,23400344,600009,0.049492,1.55,153.17
179000000000000002,180000000000000004,2023-12-12,464,23,19510416,848279,0.049569,0.82,67.92
179000000000000003,180000000000000005,2023-12-12,638,30,28607173,953572,0.047022,0.46,50.39
179000000000000004,180000000000000006,2023-12-12,396,31,68784578,2218857,0.078283,0.88,65.9
179000000000000004,180000000000000007,2023-12-12,241,18,31340531,1741141,0.074689,0.5,50.07
179000000000000005,180000000000000008,2023-12-12,467,41,18941323,461983,0.087794,2.1,226.53
179000000000000001,180000000000000001,2023-12-13,1833,57,48138601,844537,0.031097,0.47,23.67
179000000000000001,180000000000000002,2023-12-13,1219,34,31449801,924994,0.027892,0.24,19.6
179000000000000002,180000000000000003,2023-12-13,548,26,19054364,732860,0.047445,0.93,84.54
179000000000000002,180000000000000004,2023-12-13,685,28,20739836,740708,0.040876,0.87,87.35
179000000000000003,180000000000000005,2023-12-13,590,27,26529468,982573,0.045763,0.49,39.0
179000000000000004,180000000000000006,2023-12-13,405,31,57359529,1850307,0.076543,0.96,74.95
179000000000000004,180000000000000007,2023-12-13,378,24,35493606,1478900,0.063492,0.71,32.58
179000000000000005,180000000000000008,2023-12-13,308,34,18897825,555818,0.11039,1.55,162.41
179000000000000001,180000000000000001,2023-12-14,3005,71,59311488,835373,0.023627,0.47,35.85
179000000000000001,180000000000000002,2023-12-14,805,27,31995274,1185010,0.03354,0.22,19.11
179000000000000002,180000000000000003,2023-12-14,576,35,22171729,633478,0.060764,1.12,118.17
179000000000000002,180000000000000004,2023-12-14,602,25,23481653,939266,0.041528,0.83,109.8
179000000000000003,180000000000000005,2023-12-14,553,24,30435588,1268150,0.0434,0.38,37.98
179000000000000004,180000000000000006,2023-12-14,418,37,64411409,1740849,0.088517,1.13,64.81
179000000000000004,180000000000000007,2023-12-14,154,15,18421711,1228114,0.097403,0.47,26.04
179000000000000005,180000000000000008,2023-12-14,630,66,30435587,461145,0.104762,2.54,214.69
179000000000000001,180000000000000001,2023-12-15,2375,57,48050981,843000,0.024,0.47,47.76
179000000000000001,180000000000000002,2023-12-15,1806,43,41349882,961625,0.02381,0.32,35.29
179000000000000002,180000000000000003,2023-12-15,679,43,25128232,584377,0.063328,1.41,145.33
179000000000000002,180000000000000004,2023-12-15,490,30,19572200,652407,0.061224,0.91,88.86
179000000000000003,180000000000000005,2023-12-15,558,30,29800288,993343,0.053763,0.49,45.61
179000000000000004,180000000000000006,2023-12-15,367,30,63711192,2123706,0.081744,0.94,100.95
179000000000000004,180000000000000007,2023-12-15,348,23,40589817,1764775,0.066092,0.81,81.97
179000000000000005,180000000000000008,2023-12-15,718,78,29800288,382055,0.108635,3.46,243.3
179000000000000001,180000000000000001,2023-12-16,1817,51,34673763,679878,0.028068,0.47,58.56
179000000000000001,180000000000000002,2023-12-16,1556,37,40767509,1101825,0.023779,0.26,25.17
179000000000000002,180000000000000003,2023-12-16,633,39,28232748,723917,0.061611,1.38,115.66
179000000000000002,180000000000000004,2023-12-16,650,29,20479408,706186,0.044615,0.96,71.94
179000000000000003,180000000000000005,2023-12-16,747,36,32474772,902077,0.048193,0.48,42.37
179000000000000004,180000000000000006,2023-12-16,550,40,70916494,1772912,0.072727,1.2,109.93
179000000000000004,180000000000000007,2023-12-16,323,25,42745207,1709808,0.077399,0.7,79.97
179000000000000005,180000000000000008,2023-12-16,584,63,32474772,515473,0.107877,3.19,326.58
179000000000000001,180000000000000001,2023-12-17,2695,61,58489855,958850,0.022635,0.54,67.59
179000000000000001,180000000000000002,2023-12-17,850,24,23251244,968802,0.028235,0.2,20.25
179000000000000002,180000000000000003,2023-12-17,231,17,13376968,786880,0.073593,0.5,51.94
179000000000000002,180000000000000004,2023-12-17,725,22,14220825,646401,0.030345,0.7,61.55
179000000000000003,180000000000000005,2023-12-17,529,33,34099897,1033330,0.062382,0.53,42.47
179000000000000004,180000000000000006,2023-12-17,734,49,73133643,1492523,0.066757,1.31,125.53
179000000000000004,180000000000000007,2023-12-17,347,27,46215996,1711704,0.07781,0.74,43.61
179000000000000005,180000000000000008,2023-12-17,882,90,34099897,378888,0.102041,4.39,416.63
179000000000000001,180000000000000001,2023-12-18,2917,66,70169503,1063174,0.022626,0.47,39.54
179000000000000001,180000000000000002,2023-12-18,1896,58,43775360,754748,0.030591,0.58,69.02
179000000000000002,180000000000000003,2023-12-18,797,35,30041574,858331,0.043915,1.39,113.76
179000000000000002,180000000000000004,2023-12-18,569,29,26930859,928650,0.050967,1.13,99.62
179000000000000003,180000000000000005,2023-12-18,710,44,37981621,863219,0.061972,0.69,58.61
179000000000000004,180000000000000006,2023-12-18,458,31,46210248,1490653,0.067686,0.86,106.01
179000000000000004,180000000000000007,2023-12-18,291,25,54518483,2180739,0.085911,0.84,84.67
179000000000000005,180000000000000008,2023-12-18,160,22,14381356,653698,0.1375,1.11,95.66
179000000000000001,180000000000000001,2023-12-19,1557,51,45091099,884139,0.032755,0.4,47.22
179000000000000001,180000000000000002,2023-12-19,406,9,10924562,1213840,0.022167,0.08,8.14
179000000000000002,180000000000000003,2023-12-19,505,26,20069298,771896,0.051485,0.87,94.77
179000000000000002,180000000000000004,2023-12-19,589,27,17209903,637404,0.04584,1.11,135.34
179000000000000003,180000000000000005,2023-12-19,215,14,10960835,782917,0.065116,0.2,26.81
179000000000000004,180000000000000006,2023-12-19,370,30,56600147,1886672,0.081081,0.82,85.74
179000000000000004,180000000000000007,2023-12-19,273,16,30384654,1899041,0.058608,0.47,29.55
179000000000000005,180000000000000008,2023-12-19,507,52,24852800,477938,0.102564,2.09,229.96
179000000000000001,180000000000000001,2023-12-20,2337,68,53960264,793533,0.029097,0.53,53.87
179000000000000001,180000000000000002,2023-12-20,1410,35,24936241,712464,0.024823,0.34,31.11
179000000000000002,180000000000000003,2023-12-20,520,28,18690458,667516,0.053846,0.95,48.61
179000000000000002,180000000000000004,2023-12-20,345,15,11810888,787393,0.043478,0.61,51.11
179000000000000003,180000000000000005,2023-12-20,481,25,26298835,1051953,0.051975,0.3,27.91
179000000000000004,180000000000000006,2023-12-20,407,27,54640332,2023716,0.066339,0.69,50.93
179000000000000004,180000000000000007,2023-12-20,240,18,37405592,2078088,0.075,0.54,56.65
179000000000000005,180000000000000008,2023-12-20,724,65,26298836,404597,0.089779,2.6,231.4
179000000000000001,180000000000000001,2023-12-21,1788,49,47768167,974861,0.027405,0.41,43.59
179000000000000001,180000000000000002,2023-12-21,1526,41,32502308,792739,0.026868,0.34,18.64
179000000000000002,180000000000000003,2023-12-21,520,27,20656054,765039,0.051923,0.9,47.21
179000000000000002,180000000000000004,2023-12-21,445,23,19479183,846921,0.051685,0.81,81.43
179000000000000003,180000000000000005,2023-12-21,463,26,26756825,1029109,0.056156,0.35,30.28
179000000000000004,180000000000000006,2023-12-21,485,41,57228696,1395822,0.084536,1.04,92.29
179000000000000004,180000000000000007,2023-12-21,261,20,36420190,1821010,0.076628,0.54,36.42
179000000000000005,180000000000000008,2023-12-21,573,58,26756825,461325,0.101222,2.88,285.73
179000000000000001,180000000000000001,2023-12-22,2012,43,43594396,1013823,0.021372,0.32,23.36
179000000000000001,180000000000000002,2023-12-22,1328,33,34236946,1037483,0.024849,0.32,16.03
179000000000000002,180000000000000003,2023-12-22,380,21,17347196,826057,0.055263,0.75,84.81
179000000000000002,180000000000000004,2023-12-22,498,28,21568475,770303,0.056225,0.96,113.46
179000000000000003,180000000000000005,2023-12-22,543,26,25943781,997838,0.047882,0.41,46.37
179000000000000004,180000000000000006,2023-12-22,372,28,59774049,2134787,0.075269,0.76,78.23
179000000000000004,180000000000000007,2023-12-22,213,17,31029185,1825246,0.079812,0.46,54.85
179000000000000005,180000000000000008,2023-12-22,491,49,25943780,529465,0.099796,2.44,246.25
179000000000000001,180000000000000001,2023-12-23,1502,36,30357689,843269,0.023968,0.27,25.01
179000000000000001,180000000000000002,2023-12-23,1418,42,36173239,861268,0.029619,0.37,32.02
179000000000000002,180000000000000003,2023-12-23,465,33,20211869,612481,0.070968,1.22,97.22
179000000000000002,180000000000000004,2023-12-23,591,30,20905051,696835,0.050761,1.1,95.54
179000000000000003,180000000000000005,2023-12-23,781,30,27411280,913709,0.038412,0.39,25.06
179000000000000004,180000000000000006,2023-12-23,474,43,62640570,1456757,0.090717,1.2,107.0
179000000000000004,180000000000000007,2023-12-23,245,22,33298910,1513587,0.089796,0.66,68.08
179000000000000005,180000000000000008,2023-12-23,557,59,27411280,464598,0.105925,2.96,285.28
179000000000000001,180000000000000001,2023-12-24,1909,46,41060842,892627,0.024096,0.31,26.63
179000000000000001,180000000000000002,2023-12-24,1283,34,31057219,913448,0.0265,0.26,30.99
179000000000000002,180000000000000003,2023-12-24,541,29,18951731,653508,0.053604,0.95,60.27
179000000000000002,180000000000000004,2023-12-24,508,21,17107299,814633,0.041339,0.78,59.75
179000000000000003,180000000000000005,2023-12-24,342,19,24039353,1265229,0.055556,0.27,11.67
179000000000000004,180000000000000006,2023-12-24,299,25,46505298,1860212,0.083612,0.66,74.9
179000000000000004,180000000000000007,2023-12-24,273,20,37632440,1881622,0.07326,0.56,61.64
179000000000000005,180000000000000008,2023-12-24,458,50,24039353,480787,0.10917,2.28,218.75
179000000000000001,180000000000000001,2023-12-25,1149,29,27150994,936241,0.025239,0.21,22.96
179000000000000001,180000000000000002,2023-12-25,1013,33,33024513,1000743,0.032577,0.31,32.24
179000000000000002,180000000000000003,2023-12-25,800,40,22110741,552769,0.05,1.19,95.36
179000000000000002,180000000000000004,2023-12-25,405,20,17070335,853517,0.049383,0.71,50.0
179000000000000003,180000000000000005,2023-12-25,505,22,26120718,1187305,0.043564,0.39,26.75
179000000000000004,180000000000000006,2023-12-25,291,25,52640669,2105627,0.085911,0.69,64.38
179000000000000004,180000000000000007,2023-12-25,283,23,38781842,1686167,0.081272,0.49,30.5
179000000000000005,180000000000000008,2023-12-25,580,58,26120717,450357,0.1,3.01,298.96
179000000000000001,180000000000000001,2023-12-26,2438,54,54570806,1010570,0.022149,0.35,40.31
179000000000000001,180000000000000002,2023-12-26,1450,44,41093397,933941,0.030345,0.44,45.58
179000000000000002,180000000000000003,2023-12-26,498,30,22130665,737689,0.060241,1.21,164.25
179000000000000002,180000000000000004,2023-12-26,788,40,25701436,642536,0.050761,1.55,188.85
179000000000000003,180000000000000005,2023-12-26,928,37,31888068,861840,0.039871,0.54,60.7
179000000000000004,180000000000000006,2023-12-26,352,31,64633258,2084944,0.088068,0.84,71.43
179000000000000004,180000000000000007,2023-12-26,444,32,46974978,1467968,0.072072,0.72,64.28
179000000000000005,180000000000000008,2023-12-26,341,41,22198755,541433,0.120235,1.99,180.8
179000000000000001,180000000000000001,2023-12-27,1909,46,48848856,1061932,0.024096,0.33,26.2
179000000000000001,180000000000000002,2023-12-27,551,13,16211430,1247033,0.023593,0.08,6.43
179000000000000002,180000000000000003,2023-12-27,559,29,20817375,717841,0.051878,0.99,85.24
179000000000000002,180000000000000004,2023-12-27,550,30,21455960,715199,0.054545,1.14,67.23
179000000000000003,180000000000000005,2023-12-27,526,29,28182223,971801,0.055133,0.33,29.61
179000000000000004,180000000000000006,2023-12-27,341,31,59096309,1906333,0.090909,0.9,100.83
179000000000000004,180000000000000007,2023-12-27,277,17,39541473,2325969,0.061372,0.46,46.96
179000000000000005,180000000000000008,2023-12-27,633,53,28182223,531740,0.083728,2.48,278.34
179000000000000001,180000000000000001,2023-12-28,2190,48,42173873,878622,0.021918,0.38,40.74
179000000000000001,180000000000000002,2023-12-28,911,29,32688708,1127197,0.031833,0.27,26.42
179000000000000002,180000000000000003,2023-12-28,512,28,18770079,670360,0.054688,1.05,117.72
179000000000000002,180000000000000004,2023-12-28,590,26,18661212,717739,0.044068,0.79,74.91
179000000000000003,180000000000000005,2023-12-28,407,19,24954193,1313379,0.046683,0.23,24.3
179000000000000004,180000000000000006,2023-12-28,506,35,53983201,1542377,0.06917,1.13,114.0
179000000000000004,180000000000000007,2023-12-28,310,23,33356476,1450282,0.074194,0.74,67.71
179000000000000005,180000000000000008,2023-12-28,406,42,24954194,594147,0.103448,2.03,191.29
179000000000000001,180000000000000001,2023-12-29,1865,47,40585639,863524,0.025201,0.35,20.62
179000000000000001,180000000000000002,2023-12-29,1418,32,23511453,734733,0.022567,0.31,32.3
179000000000000002,180000000000000003,2023-12-29,503,26,14972721,575874,0.05169,0.88,47.01
179000000000000002,180000000000000004,2023-12-29,456,20,17075825,853791,0.04386,0.85,59.77
179000000000000003,180000000000000005,2023-12-29,369,17,21365697,1256806,0.04607,0.2,13.14
179000000000000004,180000000000000006,2023-12-29,196,14,27991756,1999411,0.071429,0.46,37.37
179000000000000004,180000000000000007,2023-12-29,296,23,30157557,1311198,0.077703,0.71,46.85
179000000000000005,180000000000000008,2023-12-29,394,34,21365696,628403,0.086294,1.29,104.0
179000000000000001,180000000000000001,2023-12-30,2138,49,38958357,795069,0.022919,0.41,40.22
179000000000000001,180000000000000002,2023-12-30,804,27,28381074,1051151,0.033582,0.24,15.96
179000000000000002,180000000000000003,2023-12-30,403,22,17658352,802652,0.054591,0.78,53.94
179000000000000002,180000000000000004,2023-12-30,425,22,16011363,727789,0.051765,0.93,78.67
179000000000000003,180000000000000005,2023-12-30,675,28,22446476,801660,0.041481,0.43,44.24
179000000000000004,180000000000000006,2023-12-30,278,28,43295496,1546268,0.100719,0.74,84.84
179000000000000004,180000000000000007,2023-12-30,355,19,35267172,1856167,0.053521,0.45,39.14
179000000000000005,180000000000000008,2023-12-30,361,38,14916200,392532,0.105263,1.54,142.53
179000000000000001,180000000000000001,2023-12-31,1501,39,40361288,1034905,0.025983,0.33,31.5
179000000000000001,180000000000000002,2023-12-31,1055,27,36016079,1333929,0.025592,0.21,22.72
179000000000000002,180000000000000003,2023-12-31,291,20,18311310,915566,0.068729,0.62,46.82
179000000000000002,180000000000000004,2023-12-31,381,24,19877373,828224,0.062992,0.63,46.66
179000000000000003,180000000000000005,2023-12-31,556,23,25459122,1106918,0.041367,0.38,34.15
179000000000000004,180000000000000006,2023-12-31,300,27,53396069,1977632,0.09,0.73,63.95
179000000000000004,180000000000000007,2023-12-31,261,20,35710859,1785543,0.076628,0.5,45.08
179000000000000005,180000000000000008,2023-12-31,516,55,25459121,462893,0.106589,2.25,176.09
179000000000000001,180000000000000001,2024-01-01,2641,82,90479935,1103414,0.031049,0.64,65.34
179000000000000001,180000000000000002,2024-01-01,1003,28,29032432,1036873,0.027916,0.2,8.1
179000000000000002,180000000000000003,2024-01-01,787,53,38806757,732203,0.067344,2.03,190.29
179000000000000002,180000000000000004,2024-01-01,1502,58,40744468,702491,0.038615,2.22,188.55
179000000000000003,180000000000000005,2024-01-01,1105,54,53034150,982114,0.048869,0.76,82.89
179000000000000004,180000000000000006,2024-01-01,751,58,110455258,1904401,0.07723,1.6,135.25
179000000000000004,180000000000000007,2024-01-01,876,57,75164266,1318671,0.065068,1.62,119.49
179000000000000005,180000000000000008,2024-01-01,1411,118,53034149,449442,0.083629,4.61,525.21
179000000000000001,180000000000000001,2024-01-02,3432,79,67751621,857615,0.023019,0.63,47.13
179000000000000001,180000000000000002,2024-01-02,966,24,21903958,912665,0.024845,0.19,16.15
179000000000000002,180000000000000003,2024-01-02,345,20,14556312,727816,0.057971,0.75,68.74
179000000000000002,180000000000000004,2024-01-02,730,37,30849236,833763,0.050685,1.51,153.29
179000000000000003,180000000000000005,2024-01-02,856,37,37311246,1008412,0.043224,0.68,70.8
179000000000000004,180000000000000006,2024-01-02,320,25,43944331,1757773,0.078125,0.73,47.71
179000000000000004,180000000000000007,2024-01-02,634,42,64046371,1524914,0.066246,1.23,104.05
179000000000000005,180000000000000008,2024-01-02,1312,102,37311246,365797,0.077744,3.74,359.3
179000000000000001,180000000000000001,2024-01-03,3659,92,74063986,805043,0.025143,0.85,77.52
179000000000000001,180000000000000002,2024-01-03,3168,65,46890574,721393,0.020518,0.48,46.04
179000000000000002,180000000000000003,2024-01-03,875,41,30262631,738113,0.046857,1.52,170.47
179000000000000002,180000000000000004,2024-01-03,1167,50,30214650,604293,0.042845,1.71,168.95
179000000000000003,180000000000000005,2024-01-03,750,39,40318187,1033800,0.052,0.52,59.42
179000000000000004,180000000000000006,2024-01-03,530,55,93474245,1699532,0.103774,1.64,110.47
179000000000000004,180000000000000007,2024-01-03,365,27,47639408,1764423,0.073973,0.74,39.57
179000000000000005,180000000000000008,2024-01-03,668,73,40318186,552304,0.109281,3.4,416.76
179000000000000001,180000000000000001,2024-01-04,2762,76,72406994,952724,0.027516,0.58,53.43
179000000000000001,180000000000000002,2024-01-04,1965,54,54943864,1017479,0.027481,0.38,36.76
179000000000000002,180000000000000003,2024-01-04,816,47,35110996,747042,0.057598,1.55,167.46
179000000000000002,180000000000000004,2024-01-04,626,35,28564432,816127,0.055911,1.14,93.47
179000000000000003,180000000000000005,2024-01-04,876,45,42450285,943340,0.05137,0.68,50.96
179000000000000004,180000000000000006,2024-01-04,571,41,88381893,2155656,0.071804,1.08,126.92
179000000000000004,180000000000000007,2024-01-04,423,35,60194108,1719832,0.082742,1.11,91.68
179000000000000005,180000000000000008,2024-01-04,1041,120,42450286,353752,0.115274,6.19,542.47
179000000000000001,180000000000000001,2024-01-05,2655,69,67142912,973086,0.025989,0.53,52.52
179000000000000001,180000000000000002,2024-01-05,2093,58,45048651,776701,0.027711,0.46,52.47
179000000000000002,180000000000000003,2024-01-05,298,27,18214022,674593,0.090604,0.72,100.01
179000000000000002,180000000000000004,2024-01-05,736,37,27227607,735881,0.050272,1.12,135.25
179000000000000003,180000000000000005,2024-01-05,557,23,17168154,746441,0.041293,0.43,32.18
179000000000000004,180000000000000006,2024-01-05,622,40,82915228,2072881,0.064309,1.2,90.81
179000000000000004,180000000000000007,2024-01-05,407,34,47974930,1411027,0.083538,0.9,93.98
179000000000000005,180000000000000008,2024-01-05,630,73,37397189,512290,0.115873,3.49,336.71
179000000000000001,180000000000000001,2024-01-06,4041,90,91755869,1019510,0.022272,0.63,45.32
179000000000000001,180000000000000002,2024-01-06,1812,55,60841135,1106202,0.030353,0.47,26.07
179000000000000002,180000000000000003,2024-01-06,1293,49,38218134,779962,0.037896,1.71,183.49
179000000000000002,180000000000000004,2024-01-06,950,51,38080368,746674,0.053684,1.43,112.2
179000000000000003,180000000000000005,2024-01-06,900,52,50865667,978186,0.057778,0.8,94.81
179000000000000004,180000000000000006,2024-01-06,597,40,88743502,2218588,0.067002,1.13,135.72
179000000000000004,180000000000000007,2024-01-06,678,49,89286335,1822170,0.072271,1.75,184.16
179000000000000005,180000000000000008,2024-01-06,1433,114,50865668,446190,0.079553,4.99,550.72
179000000000000001,180000000000000001,2024-01-07,2284,75,54616841,728225,0.032837,0.71,65.65
179000000000000001,180000000000000002,2024-01-07,931,19,22166089,1166636,0.020408,0.14,12.45
179000000000000002,180000000000000003,2024-01-07,687,42,32825128,781551,0.061135,1.19,108.54
179000000000000002,180000000000000004,2024-01-07,1030,45,39766976,883711,0.043689,1.44,145.05
179000000000000003,180000000000000005,2024-01-07,1336,65,48394736,744534,0.048653,0.76,70.87
179000000000000004,180000000000000006,2024-01-07,364,30,66232560,2207752,0.082418,0.92,51.88
179000000000000004,180000000000000007,2024-01-07,417,35,67374535,1924987,0.083933,1.04,135.72
179000000000000005,180000000000000008,2024-01-07,766,83,48394736,583069,0.108355,3.59,261.75
179000000000000001,180000000000000001,2024-01-08,3991,91,80856952,888538,0.022801,0.78,73.46
179000000000000001,180000000000000002,2024-01-08,2883,89,70069123,787294,0.030871,0.87,90.77
179000000000000002,180000000000000003,2024-01-08,691,45,41334988,918555,0.065123,1.83,162.52
179000000000000002,180000000000000004,2024-01-08,707,36,34128049,948001,0.050919,0.99,71.97
179000000000000003,180000000000000005,2024-01-08,440,29,30746759,1060233,0.065909,0.32,17.24
179000000000000004,180000000000000006,2024-01-08,741,57,111961922,1964244,0.076923,1.51,75.98
179000000000000004,180000000000000007,2024-01-08,609,34,64118500,1885838,0.055829,0.94,77.02
179000000000000005,180000000000000008,2024-01-08,1112,108,50308692,465821,0.097122,4.81,485.71
179000000000000001,180000000000000001,2024-01-09,2939,92,88243793,959172,0.031303,0.72,74.22
179000000000000001,180000000000000002,2024-01-09,1149,24,26087802,1086992,0.020888,0.18,20.04
179000000000000002,180000000000000003,2024-01-09,668,45,41130711,914016,0.067365,1.53,123.24
179000000000000002,180000000000000004,2024-01-09,994,50,35827175,716544,0.050302,1.78,208.39
179000000000000003,180000000000000005,2024-01-09,1635,62,51305257,827504,0.03792,0.76,63.11
179000000000000004,180000000000000006,2024-01-09,668,50,78398673,1567973,0.07485,1.42,114.09
179000000000000004,180000000000000007,2024-01-09,488,32,60694473,1896702,0.065574,1.12,112.08
179000000000000005,180000000000000008,2024-01-09,862,85,51305257,603591,0.098608,3.87,331.51
179000000000000001,180000000000000001,2024-01-10,4076,105,87315223,831574,0.025761,0.82,55.06
179000000000000001,180000000000000002,2024-01-10,2187,46,61575247,1338592,0.021033,0.38,23.46
179000000000000002,180000000000000003,2024-01-10,619,31,24366618,786020,0.050081,1.27,140.2
179000000000000002,180000000000000004,2024-01-10,998,55,36536132,664293,0.05511,2.08,190.74
179000000000000003,180000000000000005,2024-01-10,1147,50,49630156,992603,0.043592,0.69,36.32
179000000000000004,180000000000000006,2024-01-10,774,51,94145031,1845981,0.065891,1.35,106.78
179000000000000004,180000000000000007,2024-01-10,611,39,79560517,2040013,0.06383,0.96,115.31
179000000000000005,180000000000000008,2024-01-10,843,100,49630157,496302,0.118624,4.6,411.34
179000000000000001,180000000000000001,2024-01-11,3515,90,94079451,1045327,0.025605,0.72,58.97
179000000000000001,180000000000000002,2024-01-11,1604,60,59621223,993687,0.037406,0.57,33.77
179000000000000002,180000000000000003,2024-01-11,897,42,39495434,940367,0.046823,1.59,111.93
179000000000000002,180000000000000004,2024-01-11,1391,66,37354903,565983,0.047448,2.69,304.6
179000000000000003,180000000000000005,2024-01-11,1117,54,51233558,948770,0.048344,0.88,68.71
179000000000000004,180000000000000006,2024-01-11,803,55,102904869,1870998,0.068493,1.25,91.22
179000000000000004,180000000000000007,2024-01-11,434,42,76412585,1819347,0.096774,1.34,106.44
179000000000000005,180000000000000008,2024-01-11,953,98,51233559,522791,0.102833,4.15,258.7
179000000000000001,180000000000000001,2024-01-12,2205,62,62284954,1004596,0.028118,0.42,49.09
179000000000000001,180000000000000002,2024-01-12,1671,38,46163243,1214822,0.022741,0.29,26.65
179000000000000002,180000000000000003,2024-01-12,749,33,31996185,969581,0.044059,1.15,135.91
179000000000000002,180000000000000004,2024-01-12,536,34,22227914,653762,0.063433,0.92,60.11
179000000000000003,180000000000000005,2024-01-12,715,34,36149399,1063218,0.047552,0.45,47.0
179000000000000004,180000000000000006,2024-01-12,439,36,77653303,2157036,0.082005,0.99,97.82
179000000000000004,180000000000000007,2024-01-12,244,21,48869595,2327124,0.086066,0.71,77.73
179000000000000005,180000000000000008,2024-01-12,616,66,36149399,547718,0.107143,2.82,214.29
179000000000000001,180000000000000001,2024-01-13,3333,84,64577373,768778,0.025203,0.6,53.15
179000000000000001,180000000000000002,2024-01-13,2207,76,81169426,1068019,0.034436,0.69,94.3
179000000000000002,180000000000000003,2024-01-13,1352,84,50767260,604372,0.06213,3.15,286.96
179000000000000002,180000000000000004,2024-01-13,1437,58,39222335,676247,0.040362,2.03,231.0
179000000000000003,180000000000000005,2024-01-13,1494,62,59993063,967630,0.041499,1.09,110.49
179000000000000004,180000000000000006,2024-01-13,539,52,95571813,1837919,0.096475,1.57,127.67
179000000000000004,180000000000000007,2024-01-13,431,35,69556748,1987336,0.081206,0.73,60.21
179000000000000005,180000000000000008,2024-01-13,1185,135,59993063,444393,0.113924,6.67,451.47
179000000000000001,180000000000000001,2024-01-14,6347,145,112858151,778332,0.022845,1.23,89.74
179000000000000001,180000000000000002,2024-01-14,2122,62,57088337,920780,0.029218,0.5,41.54
179000000000000002,180000000000000003,2024-01-14,1006,61,47574926,779917,0.060636,1.87,182.48
179000000000000002,180000000000000004,2024-01-14,1059,41,37398317,912154,0.038716,1.51,153.98
179000000000000003,180000000000000005,2024-01-14,1876,71,56648829,797871,0.037846,0.95,104.89
179000000000000004,180000000000000006,2024-01-14,665,54,124540780,2306311,0.081203,1.6,121.77
179000000000000004,180000000000000007,2024-01-14,406,36,73730121,2048059,0.08867,0.95,119.87
179000000000000005,180000000000000008,2024-01-14,1409,160,56648829,354055,0.113556,7.71,745.22
179000000000000001,180000000000000001,2024-01-15,4435,118,87582861,742228,0.026607,1.11,65.68
179000000000000001,180000000000000002,2024-01-15,1551,40,50192271,1254807,0.02579,0.35,33.4
179000000000000002,180000000000000003,2024-01-15,1081,65,36812535,566347,0.06013,2.84,271.33
179000000000000002,180000000000000004,2024-01-15,815,37,32075032,866893,0.045399,1.22,115.93
179000000000000003,180000000000000005,2024-01-15,1029,55,45925044,835001,0.05345,0.87,65.86
179000000000000004,180000000000000006,2024-01-15,504,47,94754744,2016058,0.093254,1.18,130.8
179000000000000004,180000000000000007,2024-01-15,223,16,26769691,1673106,0.071749,0.56,36.12
179000000000000005,180000000000000008,2024-01-15,880,87,45925044,527874,0.098864,4.64,571.07
179000000000000001,180000000000000001,2024-01-16,1735,51,37788907,740959,0.029395,0.48,33.83
179000000000000001,180000000000000002,2024-01-16,381,17,15255749,897397,0.044619,0.15,19.81
179000000000000002,180000000000000003,2024-01-16,486,26,21202806,815493,0.053498,0.9,77.12
179000000000000002,180000000000000004,2024-01-16,588,31,27657899,892190,0.052721,1.1,129.21
179000000000000003,180000000000000005,2024-01-16,628,30,32573803,1085793,0.047771,0.41,49.21
179000000000000004,180000000000000006,2024-01-16,421,36,66995774,1860994,0.085511,0.84,70.38
179000000000000004,180000000000000007,2024-01-16,441,24,47012538,1958856,0.054422,0.55,44.1
179000000000000005,180000000000000008,2024-01-16,811,90,32573804,361931,0.110974,4.68,459.5
179000000000000001,180000000000000001,2024-01-17,3873,90,90366199,1004069,0.023238,0.57,60.76
179000000000000001,180000000000000002,2024-01-17,1672,51,56307052,1104060,0.030502,0.38,31.99
179000000000000002,180000000000000003,2024-01-17,1074,54,37553224,695430,0.050279,1.75,241.04
179000000000000002,180000000000000004,2024-01-17,887,47,35783402,761349,0.052988,2.0,141.8
179000000000000003,180000000000000005,2024-01-17,1066,57,48891084,857738,0.053471,0.89,118.87
179000000000000004,180000000000000006,2024-01-17,690,63,110109598,1747771,0.091304,1.66,137.41
179000000000000004,180000000000000007,2024-01-17,311,26,61009195,2346508,0.083601,0.74,82.37
179000000000000005,180000000000000008,2024-01-17,837,84,48891083,582037,0.100358,4.1,359.2
179000000000000001,180000000000000001,2024-01-18,4384,109,90359621,828987,0.024863,0.92,78.85
179000000000000001,180000000000000002,2024-01-18,2062,77,59693639,775242,0.037342,0.48,33.72
179000000000000002,180000000000000003,2024-01-18,696,47,44523349,947305,0.067529,1.5,92.98
179000000000000002,180000000000000004,2024-01-18,229,18,14670376,815021,0.078603,0.75,63.79
179000000000000003,180000000000000005,2024-01-18,1092,52,50017754,961880,0.047619,0.62,48.98
179000000000000004,180000000000000006,2024-01-18,749,70,118605215,1694360,0.093458,1.63,123.46
179000000000000004,180000000000000007,2024-01-18,306,26,56456922,2171420,0.084967,0.59,35.95
179000000000000005,180000000000000008,2024-01-18,1249,106,50017753,471866,0.084868,4.98,456.36
179000000000000001,180000000000000001,2024-01-19,2134,66,71511922,1083514,0.030928,0.57,55.88
179000000000000001,180000000000000002,2024-01-19,775,37,22726350,614226,0.047742,0.31,17.55
179000000000000002,180000000000000003,2024-01-19,389,26,25799915,992304,0.066838,0.82,67.26
179000000000000002,180000000000000004,2024-01-19,1461,53,33000868,622658,0.036277,1.88,131.98
179000000000000003,180000000000000005,2024-01-19,656,42,39200522,933346,0.064024,0.64,81.38
179000000000000004,180000000000000006,2024-01-19,737,50,89348208,1786964,0.067843,1.5,104.93
179000000000000004,180000000000000007,2024-01-19,381,26,47853621,1840524,0.068241,0.72,49.43
179000000000000005,180000000000000008,2024-01-19,1057,104,39200521,376928,0.098392,5.08,573.82
179000000000000001,180000000000000001,2024-01-20,3135,84,79184560,942673,0.026794,0.69,45.28
179000000000000001,180000000000000002,2024-01-20,1715,55,47230438,858735,0.03207,0.33,16.67
179000000000000002,180000000000000003,2024-01-20,776,34,32097929,944057,0.043814,1.33,88.17
179000000000000002,180000000000000004,2024-01-20,770,43,31109569,723478,0.055844,1.65,134.05
179000000000000003,180000000000000005,2024-01-20,1040,45,42138333,936407,0.043269,0.72,44.81
179000000000000004,180000000000000006,2024-01-20,776,54,84913719,1572476,0.069588,1.42,109.11
179000000000000004,180000000000000007,2024-01-20,380,21,31940961,1520998,0.055263,0.7,70.37
179000000000000005,180000000000000008,2024-01-20,742,79,42138332,533397,0.106469,3.61,374.05
179000000000000001,180000000000000001,2024-01-21,3818,102,89972695,882085,0.026716,0.88,92.21
179000000000000001,180000000000000002,2024-01-21,1464,43,45544079,1059165,0.029372,0.38,39.59
179000000000000002,180000000000000003,2024-01-21,1078,57,35646224,625372,0.052876,2.12,166.69
179000000000000002,180000000000000004,2024-01-21,825,44,32112163,729822,0.053333,1.7,201.83
179000000000000003,180000000000000005,2024-01-21,1350,62,45172258,728585,0.045926,0.89,78.56
179000000000000004,180000000000000006,2024-01-21,914,51,93916816,1841506,0.055799,1.21,86.57
179000000000000004,180000000000000007,2024-01-21,377,34,64186089,1887826,0.090186,1.19,117.49
179000000000000005,180000000000000008,2024-01-21,694,66,32704590,495524,0.095101,2.82,197.25
179000000000000001,180000000000000001,2024-01-22,3099,89,93495289,1050509,0.028719,0.71,62.25
179000000000000001,180000000000000002,2024-01-22,2043,48,62608845,1304351,0.023495,0.46,42.53
179000000000000002,180000000000000003,2024-01-22,1092,69,42437280,615033,0.063187,2.06,205.89
179000000000000002,180000000000000004,2024-01-22,991,54,35614787,659533,0.05449,1.81,117.79
179000000000000003,180000000000000005,2024-01-22,1012,64,52034711,813042,0.063241,0.75,73.91
179000000000000004,180000000000000006,2024-01-22,897,68,98642088,1450619,0.075808,2.02,119.27
179000000000000004,180000000000000007,2024-01-22,693,45,83479401,1855098,0.064935,1.31,101.89
179000000000000005,180000000000000008,2024-01-22,1071,96,52034711,542028,0.089636,4.5,420.11
179000000000000001,180000000000000001,2024-01-23,2758,60,72211983,1203533,0.021755,0.37,19.17
179000000000000001,180000000000000002,2024-01-23,1847,65,49324411,758837,0.035192,0.53,43.53
179000000000000002,180000000000000003,2024-01-23,756,55,35351122,642748,0.072751,1.89,170.58
179000000000000002,180000000000000004,2024-01-23,544,24,12319087,513295,0.044118,1.03,100.95
179000000000000003,180000000000000005,2024-01-23,869,42,40512131,964575,0.048331,0.72,42.55
179000000000000004,180000000000000006,2024-01-23,581,43,83176231,1934331,0.07401,1.46,141.98
179000000000000004,180000000000000007,2024-01-23,687,46,58616228,1274266,0.066958,1.47,127.49
179000000000000005,180000000000000008,2024-01-23,767,77,40512132,526132,0.100391,3.71,326.52
179000000000000001,180000000000000001,2024-01-24,3456,95,72658950,764831,0.027488,0.75,72.53
179000000000000001,180000000000000002,2024-01-24,2027,59,43801928,742406,0.029107,0.5,34.24
179000000000000002,180000000000000003,2024-01-24,733,34,32131600,945047,0.046385,1.38,145.87
179000000000000002,180000000000000004,2024-01-24,671,33,26098838,790874,0.04918,1.29,154.51
179000000000000003,180000000000000005,2024-01-24,928,38,38820292,1021587,0.040948,0.64,68.17
179000000000000004,180000000000000006,2024-01-24,385,29,60410556,2083123,0.075325,0.85,90.82
179000000000000004,180000000000000007,2024-01-24,426,28,51990712,1856811,0.065728,0.65,63.48
179000000000000005,180000000000000008,2024-01-24,678,76,38820293,510793,0.112094,2.72,133.7
179000000000000001,180000000000000001,2024-01-25,3307,73,83953775,1150052,0.022074,0.55,51.2
179000000000000001,180000000000000002,2024-01-25,2656,61,55594612,911387,0.022967,0.4,40.59
179000000000000002,180000000000000003,2024-01-25,894,44,38362867,871883,0.049217,1.65,149.54
179000000000000002,180000000000000004,2024-01-25,707,38,31411326,826614,0.053748,1.55,190.34
179000000000000003,180000000000000005,2024-01-25,748,45,46516129,1033692,0.06016,0.6,59.84
179000000000000004,180000000000000006,2024-01-25,585,47,93668270,1992942,0.080342,1.19,119.35
179000000000000004,180000000000000007,2024-01-25,625,44,69138181,1571322,0.0704,1.22,145.78
179000000000000005,180000000000000008,2024-01-25,1242,113,46516129,411647,0.090982,5.68,446.25
179000000000000001,180000000000000001,2024-01-26,4530,101,87572485,867054,0.022296,0.89,77.47
179000000000000001,180000000000000002,2024-01-26,1730,58,52715469,908887,0.033526,0.35,27.53
179000000000000002,180000000000000003,2024-01-26,341,24,20190175,841257,0.070381,0.75,54.07
179000000000000002,180000000000000004,2024-01-26,797,43,31161603,724688,0.053952,1.58,93.82
179000000000000003,180000000000000005,2024-01-26,917,50,46762651,935253,0.054526,0.78,69.2
179000000000000004,180000000000000006,2024-01-26,598,45,89903334,1997852,0.075251,1.35,72.82
179000000000000004,180000000000000007,2024-01-26,509,33,73765945,2235332,0.064833,0.78,76.54
179000000000000005,180000000000000008,2024-01-26,1290,130,46762652,359713,0.100775,5.85,458.19
179000000000000001,180000000000000001,2024-01-27,4407,111,74300282,669372,0.025187,0.78,67.05
179000000000000001,180000000000000002,2024-01-27,1701,56,50272706,897727,0.032922,0.56,26.9
179000000000000002,180000000000000003,2024-01-27,786,42,28814959,686070,0.053435,1.59,180.22
179000000000000002,180000000000000004,2024-01-27,836,47,33471535,712160,0.05622,1.69,161.2
179000000000000003,180000000000000005,2024-01-27,391,17,22077056,1298650,0.043478,0.22,13.75
179000000000000004,180000000000000006,2024-01-27,658,51,90338722,1771347,0.077508,1.44,127.32
179000000000000004,180000000000000007,2024-01-27,531,36,54996430,1527679,0.067797,1.1,109.56
179000000000000005,180000000000000008,2024-01-27,777,81,41524329,512646,0.104247,3.47,234.88
179000000000000001,180000000000000001,2024-01-28,2910,80,96979653,1212246,0.027491,0.66,45.07
179000000000000001,180000000000000002,2024-01-28,1578,51,51828538,1016246,0.032319,0.42,33.74
179000000000000002,180000000000000003,2024-01-28,677,49,35211201,718596,0.072378,1.68,171.04
179000000000000002,180000000000000004,2024-01-28,971,49,39192895,799855,0.050463,1.62,118.6
179000000000000003,180000000000000005,2024-01-28,870,47,49602731,1055377,0.054023,0.61,49.82
179000000000000004,180000000000000006,2024-01-28,570,48,104688152,2181003,0.084211,1.24,129.61
179000000000000004,180000000000000007,2024-01-28,448,33,68921404,2088527,0.073661,0.94,76.36
179000000000000005,180000000000000008,2024-01-28,1015,106,49602731,467950,0.104433,4.5,381.4
179000000000000001,180000000000000001,2024-01-29,2977,72,71877361,998297,0.024185,0.59,61.75
179000000000000001,180000000000000002,2024-01-29,2844,60,47632442,793874,0.021097,0.56,37.2
179000000000000002,180000000000000003,2024-01-29,808,42,30142271,717673,0.05198,1.55,180.7
179000000000000002,180000000000000004,2024-01-29,811,36,29612631,822573,0.04439,1.16,87.23
179000000000000003,180000000000000005,2024-01-29,728,39,39836601,1021451,0.053571,0.74,60.07
179000000000000004,180000000000000006,2024-01-29,558,45,80221156,1782692,0.080645,1.38,121.77
179000000000000004,180000000000000007,2024-01-29,575,47,59206947,1259722,0.081739,1.34,135.67
179000000000000005,180000000000000008,2024-01-29,698,76,39836601,524166,0.108883,3.85,257.97
179000000000000001,180000000000000001,2024-01-30,5820,117,92616547,791594,0.020103,1.02,94.58
179000000000000001,180000000000000002,2024-01-30,1807,54,57464615,1064160,0.029884,0.34,23.41
179000000000000002,180000000000000003,2024-01-30,997,53,41953681,791579,0.053159,2.16,242.0
179000000000000002,180000000000000004,2024-01-30,775,52,33086900,636287,0.067097,1.95,172.54
179000000000000003,180000000000000005,2024-01-30,1069,52,50027054,962059,0.048644,0.67,84.89
179000000000000004,180000000000000006,2024-01-30,560,53,112063452,2114405,0.094643,1.34,87.41
179000000000000004,180000000000000007,2024-01-30,389,33,63031236,1910037,0.084833,0.86,104.96
179000000000000005,180000000000000008,2024-01-30,1364,127,50027054,393914,0.093109,5.97,504.56
179000000000000001,180000000000000001,2024-01-31,3205,72,64562102,896696,0.022465,0.64,46.76
179000000000000001,180000000000000002,2024-01-31,1647,48,46542662,969639,0.029144,0.45,42.69
179000000000000002,180000000000000003,2024-01-31,978,42,32643998,777238,0.042945,1.38,88.9
179000000000000002,180000000000000004,2024-01-31,717,37,22908384,619146,0.051604,1.28,106.19
179000000000000003,180000000000000005,2024-01-31,1047,47,37034922,787977,0.04489,0.8,85.47
179000000000000004,180000000000000006,2024-01-31,415,28,52690390,1881800,0.06747,0.82,43.48
179000000000000004,180000000000000007,2024-01-31,405,29,53349598,1839641,0.071605,0.96,80.28
179000000000000005,180000000000000008,2024-01-31,943,91,37034921,406977,0.096501,4.37,293.6
179000000000000001,180000000000000001,2024-02-01,3440,101,83214570,823907,0.02936,0.85,59.08
179000000000000001,180000000000000002,2024-02-01,1911,46,56590804,1230235,0.024071,0.42,38.86
179000000000000002,180000000000000003,2024-02-01,719,40,30809396,770235,0.055633,1.27,138.22
179000000000000002,180000000000000004,2024-02-01,866,44,39093291,888484,0.050808,1.17,116.71
179000000000000003,180000000000000005,2024-02-01,771,40,46601792,1165045,0.051881,0.68,69.08
179000000000000004,180000000000000006,2024-02-01,603,46,93248151,2027134,0.076285,1.24,107.8
179000000000000004,180000000000000007,2024-02-01,328,18,37573462,2087415,0.054878,0.55,56.4
179000000000000005,180000000000000008,2024-02-01,777,69,46601792,675388,0.088803,3.56,287.06
179000000000000001,180000000000000001,2024-02-02,4090,125,97597948,780784,0.030562,1.11,114.62
179000000000000001,180000000000000002,2024-02-02,2224,55,57496590,1045393,0.02473,0.55,42.6
179000000000000002,180000000000000003,2024-02-02,1385,60,43477428,724624,0.043321,2.03,116.31
179000000000000002,180000000000000004,2024-02-02,877,47,34069841,724890,0.053592,1.91,196.16
179000000000000003,180000000000000005,2024-02-02,459,25,25199760,1007990,0.054466,0.26,33.07
179000000000000004,180000000000000006,2024-02-02,666,57,106535282,1869040,0.085586,1.75,140.93
179000000000000004,180000000000000007,2024-02-02,619,44,74408346,1691099,0.071082,1.2,134.85
179000000000000005,180000000000000008,2024-02-02,970,97,51698180,532971,0.1,4.85,473.78
179000000000000001,180000000000000001,2024-02-03,5175,122,88558494,725889,0.023575,0.94,74.01
179000000000000001,180000000000000002,2024-02-03,2875,68,70783746,1040937,0.023652,0.51,59.36
179000000000000002,180000000000000003,2024-02-03,1066,65,41389117,636756,0.060976,2.58,230.37
179000000000000002,180000000000000004,2024-02-03,1185,60,38282002,638033,0.050633,1.88,170.81
179000000000000003,180000000000000005,2024-02-03,912,55,53114079,965711,0.060307,0.87,56.99
179000000000000004,180000000000000006,2024-02-03,566,49,102602026,2093919,0.086572,1.64,198.28
179000000000000004,180000000000000007,2024-02-03,354,24,39952915,1664705,0.067797,0.84,100.25
179000000000000005,180000000000000008,2024-02-03,1361,120,53114080,442617,0.08817,4.56,328.32
179000000000000001,180000000000000001,2024-02-04,3818,101,93985587,930550,0.026454,0.73,81.05
179000000000000001,180000000000000002,2024-02-04,3369,72,64971061,902376,0.021371,0.57,54.04
179000000000000002,180000000000000003,2024-02-04,908,55,35685058,648819,0.060573,2.17,209.03
179000000000000002,180000000000000004,2024-02-04,1945,75,43793267,583910,0.03856,2.5,235.84
179000000000000003,180000000000000005,2024-02-04,1546,60,52985550,883092,0.03881,0.88,35.75
179000000000000004,180000000000000006,2024-02-04,710,65,100695614,1549163,0.091549,1.6,161.36
179000000000000004,180000000000000007,2024-02-04,464,40,84753809,2118845,0.086207,1.18,132.15
179000000000000005,180000000000000008,2024-02-04,1193,141,52985549,375784,0.118189,7.61,539.04
179000000000000001,180000000000000001,2024-02-05,3711,68,67060427,986183,0.018324,0.62,54.93
179000000000000001,180000000000000002,2024-02-05,2490,61,52360037,858361,0.024498,0.54,48.81
179000000000000002,180000000000000003,2024-02-05,778,44,31946339,726053,0.056555,1.56,124.39
179000000000000002,180000000000000004,2024-02-05,723,37,27763893,750375,0.051176,1.11,54.14
179000000000000003,180000000000000005,2024-02-05,899,40,39806821,995171,0.044494,0.5,44.95
179000000000000004,180000000000000006,2024-02-05,693,57,93331350,1637392,0.082251,1.85,122.04
179000000000000004,180000000000000007,2024-02-05,282,21,45992524,2190120,0.074468,0.68,70.38
179000000000000005,180000000000000008,2024-02-05,815,75,39806822,530758,0.092025,3.1,312.31
179000000000000001,180000000000000001,2024-02-06,3101,66,62570262,948034,0.021283,0.55,62.11
179000000000000001,180000000000000002,2024-02-06,488,19,20184492,1062342,0.038934,0.15,18.74
179000000000000002,180000000000000003,2024-02-06,523,29,20765648,716057,0.055449,0.89,55.65
179000000000000002,180000000000000004,2024-02-06,684,40,30165609,754140,0.05848,1.48,147.4
179000000000000003,180000000000000005,2024-02-06,615,30,33954172,1131806,0.04878,0.45,36.43
179000000000000004,180000000000000006,2024-02-06,462,40,69281563,1732039,0.08658,1.04,67.63
179000000000000004,180000000000000007,2024-02-06,373,28,49558037,1769930,0.075067,0.97,81.19
179000000000000005,180000000000000008,2024-02-06,481,57,33954171,595687,0.118503,2.37,183.47
179000000000000001,180000000000000001,2024-02-07,1577,39,39243638,1006247,0.024731,0.29,31.67
179000000000000001,180000000000000002,2024-02-07,828,29,33722089,1162831,0.035024,0.27,22.79
179000000000000002,180000000000000003,2024-02-07,386,27,21254388,787200,0.069948,0.77,36.42
179000000000000002,180000000000000004,2024-02-07,833,37,24928230,673736,0.044418,1.12,87.17
179000000000000003,180000000000000005,2024-02-07,471,28,30788412,1099586,0.059448,0.53,44.43
179000000000000004,180000000000000006,2024-02-07,353,31,66442616,2143310,0.087819,0.86,108.81
179000000000000004,180000000000000007,2024-02-07,292,21,41316829,1967468,0.071918,0.67,52.41
179000000000000005,180000000000000008,2024-02-07,949,79,30788413,389727,0.083246,3.32,329.48
179000000000000001,180000000000000001,2024-02-08,1665,44,37524680,852834,0.026426,0.35,31.14
179000000000000001,180000000000000002,2024-02-08,1477,41,36894180,899858,0.027759,0.31,19.41
179000000000000002,180000000000000003,2024-02-08,776,42,26514619,631300,0.054124,1.45,72.09
179000000000000002,180000000000000004,2024-02-08,505,25,20093958,803758,0.049505,0.78,92.3
179000000000000003,180000000000000005,2024-02-08,594,29,31072384,1071462,0.048822,0.37,33.14
179000000000000004,180000000000000006,2024-02-08,272,26,48163944,1852459,0.095588,0.64,66.0
179000000000000004,180000000000000007,2024-02-08,100,7,16870833,2410119,0.07,0.21,16.44
179000000000000005,180000000000000008,2024-02-08,870,83,31072385,374366,0.095402,4.0,349.83
179000000000000001,180000000000000001,2024-02-09,2262,50,49335595,986712,0.022104,0.38,35.85
179000000000000001,180000000000000002,2024-02-09,1327,29,26770590,923124,0.021854,0.24,25.41
179000000000000002,180000000000000003,2024-02-09,510,33,21675131,656822,0.064706,1.27,102.38
179000000000000002,180000000000000004,2024-02-09,335,19,16377962,861998,0.056716,0.73,66.65
179000000000000003,180000000000000005,2024-02-09,517,22,25368729,1153124,0.042553,0.31,39.31
179000000000000004,180000000000000006,2024-02-09,352,28,47201364,1685763,0.079545,0.69,56.8
179000000000000004,180000000000000007,2024-02-09,232,20,41589186,2079459,0.086207,0.5,53.02
179000000000000005,180000000000000008,2024-02-09,335,36,16945023,470695,0.107463,1.98,156.23
179000000000000001,180000000000000001,2024-02-10,1761,48,46314701,964890,0.027257,0.38,25.7
179000000000000001,180000000000000002,2024-02-10,1337,36,36573793,1015939,0.026926,0.3,23.04
179000000000000002,180000000000000003,2024-02-10,542,31,23898489,770919,0.057196,1.06,61.97
179000000000000002,180000000000000004,2024-02-10,432,19,17545759,923461,0.043981,0.54,49.8
179000000000000003,180000000000000005,2024-02-10,594,26,27629498,1062673,0.043771,0.49,46.34
179000000000000004,180000000000000006,2024-02-10,439,29,58363255,2012526,0.066059,0.79,86.85
179000000000000004,180000000000000007,2024-02-10,214,19,38339989,2017894,0.088785,0.61,66.66
179000000000000005,180000000000000008,2024-02-10,617,64,27629499,431711,0.103728,2.8,168.35
179000000000000001,180000000000000001,2024-02-11,1025,26,29174052,1122079,0.025366,0.25,17.97
179000000000000001,180000000000000002,2024-02-11,1215,35,33549781,958565,0.028807,0.26,22.38
179000000000000002,180000000000000003,2024-02-11,440,30,21036570,701219,0.068182,1.08,93.06
179000000000000002,180000000000000004,2024-02-11,412,24,17667566,736149,0.058252,0.92,66.33
179000000000000003,180000000000000005,2024-02-11,477,26,25802758,992414,0.054507,0.43,37.97
179000000000000004,180000000000000006,2024-02-11,363,28,52709663,1882488,0.077135,0.77,68.87
179000000000000004,180000000000000007,2024-02-11,263,17,37599990,2211764,0.064639,0.59,47.37
179000000000000005,180000000000000008,2024-02-11,262,26,17683176,680122,0.099237,0.88,101.78
179000000000000001,180000000000000001,2024-02-12,3199,61,49934909,818605,0.019068,0.43,43.38
179000000000000001,180000000000000002,2024-02-12,2044,50,34765121,695302,0.024462,0.36,39.04
179000000000000002,180000000000000003,2024-02-12,561,26,20751971,798153,0.046346,0.93,75.44
179000000000000002,180000000000000004,2024-02-12,603,30,21598044,719935,0.049751,1.21,86.66
179000000000000003,180000000000000005,2024-02-12,615,26,28233343,1085898,0.042276,0.36,40.07
179000000000000004,180000000000000006,2024-02-12,331,27,43707311,1618789,0.081571,0.82,80.59
179000000000000004,180000000000000007,2024-02-12,255,16,37805768,2362860,0.062745,0.43,40.63
179000000000000005,180000000000000008,2024-02-12,417,43,17320637,402806,0.103118,2.26,227.19
179000000000000001,180000000000000001,2024-02-13,2095,57,58096644,1019239,0.027208,0.47,34.41
179000000000000001,180000000000000002,2024-02-13,1271,41,36732287,895909,0.032258,0.31,32.66
179000000000000002,180000000000000003,2024-02-13,939,44,23818935,541339,0.046858,1.84,172.13
179000000000000002,180000000000000004,2024-02-13,505,31,23595531,761146,0.061386,0.99,117.24
179000000000000003,180000000000000005,2024-02-13,710,27,31609643,1170728,0.038028,0.37,30.33
179000000000000004,180000000000000006,2024-02-13,373,36,59518581,1653294,0.096515,1.18,129.74
179000000000000004,180000000000000007,2024-02-13,655,35,51115173,1460434,0.053435,0.97,64.09
179000000000000005,180000000000000008,2024-02-13,701,65,31609644,486302,0.092725,2.76,220.86
179000000000000001,180000000000000001,2024-02-14,1727,42,47127323,1122079,0.02432,0.33,28.25
179000000000000001,180000000000000002,2024-02-14,915,29,34537462,1190947,0.031694,0.29,27.96
179000000000000002,180000000000000003,2024-02-14,383,16,11213748,700859,0.041775,0.61,29.2
179000000000000002,180000000000000004,2024-02-14,639,29,19492829,672167,0.045383,1.06,93.88
179000000000000003,180000000000000005,2024-02-14,695,30,27221595,907386,0.043165,0.34,20.86
179000000000000004,180000000000000006,2024-02-14,440,35,53652393,1532926,0.079545,1.11,98.15
179000000000000004,180000000000000007,2024-02-14,212,19,41623190,2190694,0.089623,0.6,43.84
179000000000000005,180000000000000008,2024-02-14,466,52,27221595,523492,0.111588,2.5,177.64
179000000000000001,180000000000000001,2024-02-15,1935,49,58013580,1183951,0.025323,0.44,32.25
179000000000000001,180000000000000002,2024-02-15,1540,36,28110021,780834,0.023377,0.26,22.89
179000000000000002,180000000000000003,2024-02-15,412,24,20537580,855732,0.058252,0.84,100.46
179000000000000002,180000000000000004,2024-02-15,801,37,22524221,608763,0.046192,1.3,73.93
179000000000000003,180000000000000005,2024-02-15,735,30,28707868,956929,0.040816,0.42,39.97
179000000000000004,180000000000000006,2024-02-15,352,32,60987645,1905864,0.090909,0.73,68.57
179000000000000004,180000000000000007,2024-02-15,275,26,39489889,1518842,0.094545,0.78,91.07
179000000000000005,180000000000000008,2024-02-15,623,56,28707868,512640,0.089888,2.64,220.21
179000000000000001,180000000000000001,2024-02-16,2352,62,65318972,1053532,0.026361,0.55,55.01
179000000000000001,180000000000000002,2024-02-16,1375,32,41448627,1295270,0.023273,0.29,21.05
179000000000000002,180000000000000003,2024-02-16,545,37,26854829,725806,0.06789,1.48,181.0
179000000000000002,180000000000000004,2024-02-16,614,33,26528971,803908,0.053746,1.19,78.14
179000000000000003,180000000000000005,2024-02-16,703,41,35589200,868029,0.058321,0.61,57.45
179000000000000004,180000000000000006,2024-02-16,534,34,57415476,1688690,0.06367,1.01,131.8
179000000000000004,180000000000000007,2024-02-16,292,23,40954374,1780625,0.078767,0.68,66.15
179000000000000005,180000000000000008,2024-02-16,720,83,35589200,428786,0.115278,4.28,398.17
179000000000000001,180000000000000001,2024-02-17,2095,56,53665515,958313,0.02673,0.52,58.1
179000000000000001,180000000000000002,2024-02-17,1786,57,42910616,752818,0.031915,0.49,55.21
179000000000000002,180000000000000003,2024-02-17,471,36,26331555,731432,0.076433,1.25,81.92
179000000000000002,180000000000000004,2024-02-17,388,12,9373220,781102,0.030928,0.46,18.81
179000000000000003,180000000000000005,2024-02-17,675,37,32192044,870055,0.054815,0.64,72.17
179000000000000004,180000000000000006,2024-02-17,490,36,68316182,1897672,0.073469,0.93,65.01
179000000000000004,180000000000000007,2024-02-17,402,31,44355971,1430838,0.077114,0.65,63.84
179000000000000005,180000000000000008,2024-02-17,682,65,32192043,495262,0.095308,3.25,334.23
179000000000000001,180000000000000001,2024-02-18,3096,74,74890917,1012039,0.023902,0.58,61.3
179000000000000001,180000000000000002,2024-02-18,1234,42,39344246,936768,0.034036,0.36,41.86
179000000000000002,180000000000000003,2024-02-18,560,32,27367670,855240,0.057143,1.36,142.99
179000000000000002,180000000000000004,2024-02-18,376,22,18424069,837458,0.058511,0.7,93.81
179000000000000003,180000000000000005,2024-02-18,1337,50,38078388,761568,0.037397,0.85,79.13
179000000000000004,180000000000000006,2024-02-18,568,33,58631012,1776697,0.058099,0.81,62.98
179000000000000004,180000000000000007,2024-02-18,351,24,48397391,2016558,0.068376,0.58,37.09
179000000000000005,180000000000000008,2024-02-18,607,63,38078388,604419,0.103789,3.16,232.97
179000000000000001,180000000000000001,2024-02-19,2490,68,48528787,713659,0.027309,0.43,42.8
179000000000000001,180000000000000002,2024-02-19,1091,31,31283542,1009147,0.028414,0.31,14.97
179000000000000002,180000000000000003,2024-02-19,561,26,20587635,791832,0.046346,0.89,75.55
179000000000000002,180000000000000004,2024-02-19,680,25,19318531,772741,0.036765,0.82,48.52
179000000000000003,180000000000000005,2024-02-19,413,22,26604110,1209278,0.053269,0.32,37.94
179000000000000004,180000000000000006,2024-02-19,418,41,57155033,1394025,0.098086,1.39,145.19
179000000000000004,180000000000000007,2024-02-19,312,22,35959351,1634516,0.070513,0.48,54.55
179000000000000005,180000000000000008,2024-02-19,426,42,26604110,633431,0.098592,1.98,178.84
179000000000000001,180000000000000001,2024-02-20,2236,53,62725822,1183506,0.023703,0.43,46.68
179000000000000001,180000000000000002,2024-02-20,1224,39,35416527,908116,0.031863,0.33,21.54
179000000000000002,180000000000000003,2024-02-20,400,25,22105083,884203,0.0625,0.76,80.11
179000000000000002,180000000000000004,2024-02-20,378,16,12094739,755921,0.042328,0.49,67.82
179000000000000003,180000000000000005,2024-02-20,1013,40,32714117,817853,0.039487,0.53,58.31
179000000000000004,180000000000000006,2024-02-20,448,27,48987231,1814342,0.060268,0.91,104.66
179000000000000004,180000000000000007,2024-02-20,349,23,46908486,2039499,0.065903,0.66,76.45
179000000000000005,180000000000000008,2024-02-20,611,60,32714116,545235,0.0982,2.28,146.09
179000000000000001,180000000000000001,2024-02-21,3359,73,73659899,1009040,0.021733,0.59,41.79
179000000000000001,180000000000000002,2024-02-21,1035,30,34571865,1152396,0.028986,0.24,13.37
179000000000000002,180000000000000003,2024-02-21,951,44,29623536,673262,0.046267,1.68,181.5
179000000000000002,180000000000000004,2024-02-21,597,26,24492346,942013,0.043551,0.91,45.99
179000000000000003,180000000000000005,2024-02-21,730,36,36077255,1002146,0.049315,0.62,47.96
179000000000000004,180000000000000006,2024-02-21,551,45,75816549,1684812,0.08167,1.12,113.31
179000000000000004,180000000000000007,2024-02-21,354,28,50453841,1801923,0.079096,0.67,69.53
179000000000000005,180000000000000008,2024-02-21,723,70,36077254,515389,0.096819,3.08,307.83
179000000000000001,180000000000000001,2024-02-22,3055,80,73316866,916461,0.026187,0.73,61.66
179000000000000001,180000000000000002,2024-02-22,1445,30,37092265,1236409,0.020761,0.25,27.74
179000000000000002,180000000000000003,2024-02-22,771,34,21490707,632080,0.044099,1.27,91.3
179000000000000002,180000000000000004,2024-02-22,1119,54,33713859,624331,0.048257,2.12,166.31
179000000000000003,180000000000000005,2024-02-22,757,37,36803044,994677,0.048877,0.54,41.16
179000000000000004,180000000000000006,2024-02-22,338,28,50920517,1818590,0.08284,0.77,88.97
179000000000000004,180000000000000007,2024-02-22,430,36,54214346,1505954,0.083721,0.97,121.48
179000000000000005,180000000000000008,2024-02-22,1119,94,36803044,391522,0.084004,3.45,256.51
179000000000000001,180000000000000001,2024-02-23,2867,75,61544963,820600,0.02616,0.66,53.6
179000000000000001,180000000000000002,2024-02-23,323,14,17962878,1283063,0.043344,0.13,16.21
179000000000000002,180000000000000003,2024-02-23,548,30,23770302,792343,0.054745,1.16,112.24
179000000000000002,180000000000000004,2024-02-23,719,41,26827347,654326,0.057024,1.65,166.99
179000000000000003,180000000000000005,2024-02-23,558,36,33731766,936994,0.064516,0.47,58.9
179000000000000004,180000000000000006,2024-02-23,548,46,69879246,1519114,0.083942,1.33,117.62
179000000000000004,180000000000000007,2024-02-23,497,28,48181936,1720783,0.056338,0.64,59.73
179000000000000005,180000000000000008,2024-02-23,767,77,33731766,438075,0.100391,3.58,272.29
179000000000000001,180000000000000001,2024-02-24,3554,81,66336662,818971,0.022791,0.59,58.76
179000000000000001,180000000000000002,2024-02-24,1103,34,39911352,1173863,0.030825,0.32,20.16
179000000000000002,180000000000000003,2024-02-24,392,16,9713151,607072,0.040816,0.59,77.21
179000000000000002,180000000000000004,2024-02-24,680,29,27787647,958195,0.042647,0.87,71.32
179000000000000003,180000000000000005,2024-02-24,627,30,35416005,1180534,0.047847,0.43,24.44
179000000000000004,180000000000000006,2024-02-24,560,43,75214719,1749180,0.076786,1.36,120.95
179000000000000004,180000000000000007,2024-02-24,539,28,48741298,1740761,0.051948,0.66,50.57
179000000000000005,180000000000000008,2024-02-24,865,100,35416005,354160,0.115607,3.99,464.11
179000000000000001,180000000000000001,2024-02-25,1176,31,38512984,1242354,0.026361,0.28,23.01
179000000000000001,180000000000000002,2024-02-25,1470,41,34344571,837672,0.027891,0.34,26.09
179000000000000002,180000000000000003,2024-02-25,455,31,22184673,715635,0.068132,1.23,117.95
179000000000000002,180000000000000004,2024-02-25,564,33,25535915,773816,0.058511,1.16,87.0
179000000000000003,180000000000000005,2024-02-25,531,28,31813726,1136204,0.052731,0.38,40.03
179000000000000004,180000000000000006,2024-02-25,397,36,69390562,1927516,0.09068,0.96,87.2
179000000000000004,180000000000000007,2024-02-25,190,17,41957477,2468087,0.089474,0.5,47.4
179000000000000005,180000000000000008,2024-02-25,528,61,31813726,521536,0.11553,2.19,178.68
179000000000000001,180000000000000001,2024-02-26,1679,43,43642930,1014952,0.02561,0.39,26.56
179000000000000001,180000000000000002,2024-02-26,1573,38,27709351,729193,0.024158,0.32,28.37
179000000000000002,180000000000000003,2024-02-26,390,28,20129622,718915,0.071795,1.14,100.79
179000000000000002,180000000000000004,2024-02-26,359,20,15546519,777326,0.05571,0.68,63.91
179000000000000003,180000000000000005,2024-02-26,209,12,12926327,1077194,0.057416,0.13,11.14
179000000000000004,180000000000000006,2024-02-26,330,24,47490335,1978764,0.072727,0.74,80.93
179000000000000004,180000000000000007,2024-02-26,235,17,35753992,2103176,0.07234,0.46,36.45
179000000000000005,180000000000000008,2024-02-26,437,43,23784093,553118,0.098398,1.45,157.08
179000000000000001,180000000000000001,2024-02-27,3802,88,64908874,737601,0.023146,0.66,58.93
179000000000000001,180000000000000002,2024-02-27,2112,51,44654002,875569,0.024148,0.42,48.37
179000000000000002,180000000000000003,2024-02-27,678,35,25459688,727420,0.051622,1.29,129.48
179000000000000002,180000000000000004,2024-02-27,1164,53,29321750,553241,0.045533,1.81,240.3
179000000000000003,180000000000000005,2024-02-27,719,42,36520959,869547,0.058414,0.57,66.73
179000000000000004,180000000000000006,2024-02-27,690,43,79700830,1853508,0.062319,1.11,83.05
179000000000000004,180000000000000007,2024-02-27,339,24,48122526,2005105,0.070796,0.58,54.73
179000000000000005,180000000000000008,2024-02-27,667,61,36520958,598704,0.091454,2.66,170.03
179000000000000001,180000000000000001,2024-02-28,2214,46,55653618,1209861,0.020777,0.32,40.12
179000000000000001,180000000000000002,2024-02-28,988,35,39757265,1135922,0.035425,0.28,35.63
179000000000000002,180000000000000003,2024-02-28,760,34,24859492,731162,0.044737,1.22,154.53
179000000000000002,180000000000000004,2024-02-28,568,28,22845950,815927,0.049296,0.95,64.64
179000000000000003,180000000000000005,2024-02-28,620,40,31803627,795091,0.064516,0.67,58.58
179000000000000004,180000000000000006,2024-02-28,339,30,63038545,2101285,0.088496,0.81,63.3
179000000000000004,180000000000000007,2024-02-28,476,32,48274153,1508567,0.067227,0.82,83.56
179000000000000005,180000000000000008,2024-02-28,529,58,31803628,548338,0.109641,2.5,213.94
179000000000000001,180000000000000001,2024-02-29,1751,54,49104729,909347,0.03084,0.42,40.47
179000000000000001,180000000000000002,2024-02-29,1152,39,41811105,1072080,0.033854,0.32,26.09
179000000000000002,180000000000000003,2024-02-29,463,26,21186188,814853,0.056156,0.69,53.22
179000000000000002,180000000000000004,2024-02-29,649,41,24271729,591993,0.063174,1.42,174.72
179000000000000003,180000000000000005,2024-02-29,682,38,30305278,797507,0.055718,0.52,33.09
179000000000000004,180000000000000006,2024-02-29,377,34,58195393,1711629,0.090186,0.84,86.87
179000000000000004,180000000000000007,2024-02-29,528,32,47873080,1496034,0.060606,0.67,40.35
179000000000000005,180000000000000008,2024-02-29,747,66,30305278,459171,0.088353,2.67,279.23
179000000000000001,180000000000000001,2024-03-01,2811,67,63095726,941727,0.023835,0.52,43.69
179000000000000001,180000000000000002,2024-03-01,1681,56,38320555,684296,0.033314,0.44,51.14
179000000000000002,180000000000000003,2024-03-01,611,39,27215581,697835,0.06383,1.74,91.27
179000000000000002,180000000000000004,2024-03-01,708,29,23492560,810088,0.04096,1.04,80.46
179000000000000003,180000000000000005,2024-03-01,866,47,33805426,719264,0.054273,0.85,83.87
179000000000000004,180000000000000006,2024-03-01,351,31,49646597,1601503,0.088319,0.89,73.02
179000000000000004,180000000000000007,2024-03-01,139,9,17281105,1920123,0.064748,0.28,12.91
179000000000000005,180000000000000008,2024-03-01,356,44,23279191,529073,0.123596,2.25,237.45
179000000000000001,180000000000000001,2024-03-02,1921,53,44705066,843492,0.02759,0.45,31.22
179000000000000001,180000000000000002,2024-03-02,926,32,30768989,961531,0.034557,0.21,11.62
179000000000000002,180000000000000003,2024-03-02,482,22,17189242,781329,0.045643,0.74,59.38
179000000000000002,180000000000000004,2024-03-02,613,32,20547786,642118,0.052202,1.2,156.68
179000000000000003,180000000000000005,2024-03-02,664,28,25158018,898501,0.042169,0.48,35.08
179000000000000004,180000000000000006,2024-03-02,329,22,49736763,2260762,0.066869,0.59,55.09
179000000000000004,180000000000000007,2024-03-02,320,25,38316302,1532652,0.078125,0.65,36.46
179000000000000005,180000000000000008,2024-03-02,673,67,25158018,375493,0.099554,3.1,153.86
179000000000000001,180000000000000001,2024-03-03,2149,58,59656745,1028565,0.026989,0.48,28.87
179000000000000001,180000000000000002,2024-03-03,1730,46,38270356,831964,0.02659,0.41,37.09
179000000000000002,180000000000000003,2024-03-03,515,35,23661279,676037,0.067961,1.39,100.31
179000000000000002,180000000000000004,2024-03-03,589,33,25302271,766735,0.056027,1.24,99.47
179000000000000003,180000000000000005,2024-03-03,666,35,32642367,932639,0.052553,0.48,37.27
179000000000000004,180000000000000006,2024-03-03,593,44,67831804,1541632,0.074199,1.26,152.38
179000000000000004,180000000000000007,2024-03-03,313,21,46416479,2210309,0.067093,0.67,39.98
179000000000000005,180000000000000008,2024-03-03,459,56,20034544,357760,0.122004,2.67,266.26
179000000000000001,180000000000000001,2024-03-04,1651,55,57628138,1047784,0.033313,0.48,42.4
179000000000000001,180000000000000002,2024-03-04,1163,37,31798134,859409,0.031814,0.33,35.46
179000000000000002,180000000000000003,2024-03-04,340,25,22946897,917876,0.073529,0.65,45.78
179000000000000002,180000000000000004,2024-03-04,496,27,21766240,806157,0.054435,1.14,91.56
179000000000000003,180000000000000005,2024-03-04,754,31,29808757,961573,0.041114,0.37,47.69
179000000000000004,180000000000000006,2024-03-04,358,29,64869972,2236896,0.081006,0.94,58.17
179000000000000004,180000000000000007,2024-03-04,255,17,39460680,2321216,0.066667,0.47,46.88
179000000000000005,180000000000000008,2024-03-04,523,62,29808758,480786,0.118547,2.83,210.24
179000000000000001,180000000000000001,2024-03-05,2892,76,66575629,875995,0.026279,0.61,59.28
179000000000000001,180000000000000002,2024-03-05,1470,45,50651953,1125599,0.030612,0.43,49.75
179000000000000002,180000000000000003,2024-03-05,604,39,32864053,842668,0.06457,1.47,157.78
179000000000000002,180000000000000004,2024-03-05,1101,47,25749738,547867,0.042688,1.93,202.43
179000000000000003,180000000000000005,2024-03-05,596,37,39075861,1056104,0.062081,0.63,54.66
179000000000000004,180000000000000006,2024-03-05,704,54,82687658,1531253,0.076705,1.41,94.27
179000000000000004,180000000000000007,2024-03-05,420,30,54077854,1802595,0.071429,0.96,115.22
179000000000000005,180000000000000008,2024-03-05,879,101,39075860,386890,0.114903,5.06,434.33
179000000000000001,180000000000000001,2024-03-06,2897,74,67261096,908934,0.025544,0.58,64.76
179000000000000001,180000000000000002,2024-03-06,1835,56,46624666,832583,0.030518,0.43,42.79
179000000000000002,180000000000000003,2024-03-06,651,40,27107250,677681,0.061444,1.56,111.07
179000000000000002,180000000000000004,2024-03-06,648,39,29835630,765016,0.060185,1.56,175.8
179000000000000003,180000000000000005,2024-03-06,804,39,37961921,973383,0.048507,0.47,37.82
179000000000000004,180000000000000006,2024-03-06,542,44,83307273,1893347,0.081181,1.22,75.77
179000000000000004,180000000000000007,2024-03-06,339,24,49559449,2064977,0.070796,0.72,76.95
179000000000000005,180000000000000008,2024-03-06,685,71,37961921,534675,0.10365,3.12,196.01
179000000000000001,180000000000000001,2024-03-07,1842,43,51132889,1189137,0.023344,0.28,26.57
179000000000000001,180000000000000002,2024-03-07,2002,45,41885578,930791,0.022478,0.36,43.42
179000000000000002,180000000000000003,2024-03-07,562,34,20027336,589039,0.060498,1.46,124.69
179000000000000002,180000000000000004,2024-03-07,776,36,26481897,735608,0.046392,1.08,100.49
179000000000000003,180000000000000005,2024-03-07,541,31,31006156,1000199,0.057301,0.35,35.77
179000000000000004,180000000000000006,2024-03-07,374,31,60568714,1953829,0.082888,1.03,104.28
179000000000000004,180000000000000007,2024-03-07,303,28,47952831,1712601,0.092409,0.69,56.54
179000000000000005,180000000000000008,2024-03-07,895,83,31006156,373568,0.092737,3.84,284.89
179000000000000001,180000000000000001,2024-03-08,2172,56,47249646,843744,0.025783,0.44,39.59
179000000000000001,180000000000000002,2024-03-08,1044,27,36707214,1359526,0.025862,0.18,14.68
179000000000000002,180000000000000003,2024-03-08,638,33,21170691,641536,0.051724,0.96,101.87
179000000000000002,180000000000000004,2024-03-08,583,27,20807739,770657,0.046312,0.94,101.11
179000000000000003,180000000000000005,2024-03-08,594,27,27985621,1036504,0.045455,0.41,40.1
179000000000000004,180000000000000006,2024-03-08,587,41,59389747,1448530,0.069847,1.2,90.4
179000000000000004,180000000000000007,2024-03-08,251,16,38559924,2409995,0.063745,0.43,41.06
179000000000000005,180000000000000008,2024-03-08,641,60,27985620,466427,0.093604,2.82,224.66
179000000000000001,180000000000000001,2024-03-09,2707,77,66866869,868401,0.028445,0.6,59.05
179000000000000001,180000000000000002,2024-03-09,2521,67,51794568,773053,0.026577,0.44,32.44
179000000000000002,180000000000000003,2024-03-09,578,37,27585367,745550,0.064014,1.23,83.87
179000000000000002,180000000000000004,2024-03-09,825,42,31745351,755842,0.050909,1.65,183.28
179000000000000003,180000000000000005,2024-03-09,531,17,20104084,1182593,0.032015,0.32,15.44
179000000000000004,180000000000000006,2024-03-09,581,52,84657123,1628022,0.089501,1.12,113.82
179000000000000004,180000000000000007,2024-03-09,443,27,53781220,1991897,0.060948,0.87,73.83
179000000000000005,180000000000000008,2024-03-09,648,68,39553812,581674,0.104938,2.85,251.94
179000000000000001,180000000000000001,2024-03-10,1735,40,50316925,1257923,0.023055,0.35,26.47
179000000000000001,180000000000000002,2024-03-10,1051,38,36222022,953211,0.036156,0.29,22.04
179000000000000002,180000000000000003,2024-03-10,274,18,10688027,593779,0.065693,0.61,73.89
179000000000000002,180000000000000004,2024-03-10,677,27,22013313,815308,0.039882,0.89,113.43
179000000000000003,180000000000000005,2024-03-10,630,28,28846316,1030226,0.044444,0.37,34.02
179000000000000004,180000000000000006,2024-03-10,329,31,61541996,1985226,0.094225,1.06,97.29
179000000000000004,180000000000000007,2024-03-10,227,20,39420108,1971005,0.088106,0.64,62.03
179000000000000005,180000000000000008,2024-03-10,581,58,28846315,497350,0.099828,2.4,184.91
179000000000000001,180000000000000001,2024-03-11,1978,61,46241961,758065,0.030839,0.49,38.87
179000000000000001,180000000000000002,2024-03-11,1874,38,28249213,743400,0.020277,0.32,28.03
179000000000000002,180000000000000003,2024-03-11,265,16,9785107,611569,0.060377,0.7,63.57
179000000000000002,180000000000000004,2024-03-11,541,31,20339313,656107,0.057301,1.08,143.54
179000000000000003,180000000000000005,2024-03-11,449,23,24830392,1079582,0.051225,0.37,33.23
179000000000000004,180000000000000006,2024-03-11,236,20,30814133,1540707,0.084746,0.6,45.61
179000000000000004,180000000000000007,2024-03-11,323,29,36921974,1273172,0.089783,0.65,55.72
179000000000000005,180000000000000008,2024-03-11,625,56,24830392,443400,0.0896,2.37,182.93
179000000000000001,180000000000000001,2024-03-12,1931,52,46600303,896160,0.026929,0.4,42.61
179000000000000001,180000000000000002,2024-03-12,1719,39,41807966,1071999,0.022688,0.37,29.47
179000000000000002,180000000000000003,2024-03-12,737,33,24380967,738817,0.044776,1.14,82.36
179000000000000002,180000000000000004,2024-03-12,251,16,9866176,616636,0.063745,0.61,61.2
179000000000000003,180000000000000005,2024-03-12,441,26,29469423,1133439,0.058957,0.4,47.96
179000000000000004,180000000000000006,2024-03-12,357,30,41709219,1390307,0.084034,0.83,83.55
179000000000000004,180000000000000007,2024-03-12,353,27,39593320,1466419,0.076487,0.79,59.91
179000000000000005,180000000000000008,2024-03-12,500,47,29469422,627009,0.094,2.23,244.09
179000000000000001,180000000000000001,2024-03-13,2039,54,46513028,861352,0.026484,0.4,31.38
179000000000000002,180000000000000003,2024-03-13,459,22,17919966,814544,0.04793,0.88,110.19
179000000000000002,180000000000000004,2024-03-13,456,22,19424212,882919,0.048246,0.83,65.97
179000000000000003,180000000000000005,2024-03-13,418,23,24896120,1082440,0.055024,0.34,28.93
179000000000000004,180000000000000006,2024-03-13,374,31,52364964,1689192,0.082888,0.81,98.5
179000000000000004,180000000000000007,2024-03-13,263,21,34771454,1655784,0.079848,0.54,54.1
179000000000000005,180000000000000008,2024-03-13,454,53,24896120,469738,0.11674,2.07,201.72
179000000000000001,180000000000000001,2024-03-14,951,34,27621096,812385,0.035752,0.29,26.65
179000000000000001,180000000000000002,2024-03-14,1167,37,29682732,802236,0.031705,0.31,14.1
179000000000000002,180000000000000003,2024-03-14,412,25,18422859,736914,0.06068,0.72,51.5
179000000000000002,180000000000000004,2024-03-14,528,26,19264262,740933,0.049242,0.86,108.03
179000000000000003,180000000000000005,2024-03-14,764,32,25124748,785148,0.041885,0.48,54.31
179000000000000004,180000000000000006,2024-03-14,488,35,52387405,1496783,0.071721,0.89,97.43
179000000000000004,180000000000000007,2024-03-14,207,19,35549213,1871011,0.091787,0.59,51.8
179000000000000005,180000000000000008,2024-03-14,525,57,25124748,440785,0.108571,2.38,229.57
179000000000000001,180000000000000001,2024-03-15,1173,27,26147680,968433,0.023018,0.2,14.32
179000000000000001,180000000000000002,2024-03-15,1075,34,30786865,905496,0.031628,0.28,32.18
179000000000000002,180000000000000003,2024-03-15,387,21,17963312,855396,0.054264,0.64,45.5
179000000000000002,180000000000000004,2024-03-15,236,14,8592647,613760,0.059322,0.51,30.02
179000000000000003,180000000000000005,2024-03-15,348,14,12469509,890679,0.04023,0.22,15.27
179000000000000004,180000000000000006,2024-03-15,400,27,46414619,1719060,0.0675,0.83,100.67
179000000000000004,180000000000000007,2024-03-15,321,19,39546973,2081420,0.05919,0.54,32.42
179000000000000005,180000000000000008,2024-03-15,521,46,24560454,533923,0.088292,2.4,197.54
179000000000000001,180000000000000001,2024-03-16,2064,49,49623093,1012716,0.02374,0.44,33.11
179000000000000001,180000000000000002,2024-03-16,897,25,28379853,1135194,0.027871,0.16,16.4
179000000000000002,180000000000000003,2024-03-16,440,23,20080024,873045,0.052273,0.87,80.96
179000000000000002,180000000000000004,2024-03-16,487,29,18921449,652464,0.059548,1.19,80.4
179000000000000003,180000000000000005,2024-03-16,570,28,26000982,928606,0.049123,0.47,52.27
179000000000000004,180000000000000006,2024-03-16,331,31,54733638,1765601,0.093656,1.04,69.94
179000000000000004,180000000000000007,2024-03-16,230,19,36269799,1908937,0.082609,0.44,26.45
179000000000000005,180000000000000008,2024-03-16,661,69,26000982,376826,0.104387,3.09,242.69
179000000000000001,180000000000000001,2024-03-17,1654,44,39869082,906116,0.026602,0.34,24.61
179000000000000001,180000000000000002,2024-03-17,711,20,23665172,1183259,0.028129,0.12,13.6
179000000000000002,180000000000000003,2024-03-17,238,11,10307766,937070,0.046218,0.45,29.79
179000000000000002,180000000000000004,2024-03-17,454,25,15609569,624383,0.055066,0.94,113.67
179000000000000003,180000000000000005,2024-03-17,447,22,21178084,962640,0.049217,0.32,39.54
179000000000000004,180000000000000006,2024-03-17,400,28,40661129,1452183,0.07,0.84,79.73
179000000000000004,180000000000000007,2024-03-17,287,22,33462167,1521008,0.076655,0.52,39.14
179000000000000005,180000000000000008,2024-03-17,459,48,21178085,441210,0.104575,1.9,155.43
179000000000000001,180000000000000001,2024-03-18,1291,35,25920303,740580,0.027111,0.34,18.82
179000000000000001,180000000000000002,2024-03-18,1384,25,15722097,628884,0.018064,0.25,33.46
179000000000000002,180000000000000003,2024-03-18,585,36,19346800,537411,0.061538,0.96,79.08
179000000000000002,180000000000000004,2024-03-18,419,18,14765267,820293,0.042959,0.7,61.57
179000000000000003,180000000000000005,2024-03-18,501,21,22741379,1082923,0.041916,0.3,32.02
179000000000000004,180000000000000006,2024-03-18,160,17,26966773,1586281,0.10625,0.43,27.58
179000000000000004,180000000000000007,2024-03-18,271,21,32523408,1548734,0.077491,0.46,32.31
179000000000000005,180000000000000008,2024-03-18,453,47,22741379,483859,0.103753,1.92,214.86
179000000000000001,180000000000000001,2024-03-19,2487,59,52607461,891652,0.023723,0.45,52.06
179000000000000001,180000000000000002,2024-03-19,1300,34,31889070,937914,0.026154,0.3,27.82
179000000000000002,180000000000000003,2024-03-19,712,36,23224948,645137,0.050562,1.17,115.81
179000000000000002,180000000000000004,2024-03-19,421,23,19023317,827101,0.054632,0.73,61.02
179000000000000003,180000000000000005,2024-03-19,561,33,28165511,853500,0.058824,0.44,34.27
179000000000000004,180000000000000006,2024-03-19,441,37,62635579,1692853,0.0839,0.97,83.79
179000000000000004,180000000000000007,2024-03-19,202,18,35943707,1996873,0.089109,0.43,42.11
179000000000000005,180000000000000008,2024-03-19,778,74,28165510,380615,0.095116,3.29,221.13
179000000000000001,180000000000000001,2024-03-20,2416,55,59066142,1073930,0.022765,0.48,38.36
179000000000000001,180000000000000002,2024-03-20,1497,38,31216511,821487,0.025384,0.32,32.48
179000000000000002,180000000000000003,2024-03-20,673,31,21265061,685970,0.046062,1.03,122.98
179000000000000002,180000000000000004,2024-03-20,574,29,23876266,823320,0.050523,1.26,111.63
179000000000000003,180000000000000005,2024-03-20,730,34,30094217,885124,0.046575,0.37,22.41
179000000000000004,180000000000000006,2024-03-20,493,44,69703788,1584177,0.089249,1.25,114.42
179000000000000004,180000000000000007,2024-03-20,329,21,35625975,1696475,0.06383,0.66,76.14
179000000000000005,180000000000000008,2024-03-20,593,57,30094218,527969,0.096121,2.74,295.3
179000000000000001,180000000000000001,2024-03-21,1493,39,42314768,1084994,0.026122,0.37,42.83
179000000000000001,180000000000000002,2024-03-21,803,25,26376017,1055041,0.031133,0.23,24.04
179000000000000002,180000000000000003,2024-03-21,559,30,17586631,586221,0.053667,0.96,94.69
179000000000000002,180000000000000004,2024-03-21,534,28,16758761,598527,0.052434,1.03,111.45
179000000000000003,180000000000000005,2024-03-21,550,25,22896928,915877,0.045455,0.41,48.53
179000000000000004,180000000000000006,2024-03-21,450,35,54184826,1548138,0.077778,1.03,85.94
179000000000000004,180000000000000007,2024-03-21,294,20,25954422,1297721,0.068027,0.6,47.94
179000000000000005,180000000000000008,2024-03-21,723,61,22896928,375359,0.084371,3.33,371.08
179000000000000001,180000000000000001,2024-03-22,1293,34,37374932,1099263,0.026295,0.26,25.37
179000000000000001,180000000000000002,2024-03-22,959,30,19699924,656664,0.031283,0.18,15.93
179000000000000002,180000000000000003,2024-03-22,202,8,5459489,682436,0.039604,0.3,14.13
179000000000000002,180000000000000004,2024-03-22,171,9,8305990,922888,0.052632,0.28,17.41
179000000000000003,180000000000000005,2024-03-22,371,23,19024952,827172,0.061995,0.3,20.78
179000000000000004,180000000000000006,2024-03-22,242,22,37786804,1717582,0.090909,0.66,48.94
179000000000000004,180000000000000007,2024-03-22,201,14,28800528,2057181,0.069652,0.47,39.95
179000000000000005,180000000000000008,2024-03-22,424,47,19024951,404786,0.110849,1.63,168.36
179000000000000001,180000000000000001,2024-03-23,2086,43,49214994,1144535,0.020614,0.33,23.99
179000000000000001,180000000000000002,2024-03-23,1407,32,30756922,961154,0.022743,0.23,26.14
179000000000000002,180000000000000003,2024-03-23,601,28,20520263,732867,0.046589,0.95,72.12
179000000000000002,180000000000000004,2024-03-23,507,24,19465696,811071,0.047337,0.7,74.3
179000000000000003,180000000000000005,2024-03-23,662,29,26657306,919217,0.043807,0.47,57.4
179000000000000004,180000000000000006,2024-03-23,427,30,63948834,2131628,0.070258,0.81,96.08
179000000000000004,180000000000000007,2024-03-23,161,14,29351735,2096552,0.086957,0.41,47.4
179000000000000005,180000000000000008,2024-03-23,785,67,26657306,397870,0.08535,3.4,314.32
179000000000000001,180000000000000001,2024-03-24,1802,52,46844697,900860,0.028857,0.41,41.03
179000000000000001,180000000000000002,2024-03-24,699,24,29697180,1237382,0.034335,0.18,16.81
179000000000000002,180000000000000003,2024-03-24,274,12,9108400,759033,0.043796,0.5,57.25
179000000000000002,180000000000000004,2024-03-24,648,25,19309454,772378,0.03858,1.01,114.19
179000000000000003,180000000000000005,2024-03-24,359,21,25513959,1214950,0.058496,0.28,27.78
179000000000000004,180000000000000006,2024-03-24,346,28,53279286,1902832,0.080925,0.74,40.07
179000000000000004,180000000000000007,2024-03-24,306,19,36019572,1895767,0.062092,0.52,36.04
179000000000000005,180000000000000008,2024-03-24,519,67,25513959,380805,0.129094,2.65,270.32
179000000000000001,180000000000000001,2024-03-25,2457,53,47524086,896681,0.021571,0.41,32.51
179000000000000001,180000000000000002,2024-03-25,1456,40,31288839,782221,0.027473,0.33,23.14
179000000000000002,180000000000000003,2024-03-25,447,26,19657095,756042,0.058166,0.97,90.55
179000000000000002,180000000000000004,2024-03-25,496,24,19749368,822890,0.048387,0.76,61.36
179000000000000003,180000000000000005,2024-03-25,712,31,26270975,847451,0.043539,0.44,37.96
179000000000000004,180000000000000006,2024-03-25,545,37,58446128,1579625,0.06789,0.99,83.27
179000000000000004,180000000000000007,2024-03-25,192,15,33502283,2233486,0.078125,0.42,26.42
179000000000000005,180000000000000008,2024-03-25,506,55,26270975,477654,0.108696,2.22,193.47
179000000000000001,180000000000000001,2024-03-26,1544,44,38872033,883455,0.028497,0.34,21.5
179000000000000001,180000000000000002,2024-03-26,1343,39,36117827,926098,0.029039,0.33,32.95
179000000000000002,180000000000000003,2024-03-26,567,31,19594919,632094,0.054674,1.16,98.96
179000000000000002,180000000000000004,2024-03-26,395,22,17900011,813637,0.055696,0.78,71.19
179000000000000003,180000000000000005,2024-03-26,452,28,24996620,892736,0.061947,0.42,28.7
179000000000000004,180000000000000006,2024-03-26,363,34,50062158,1472416,0.093664,0.88,89.08
179000000000000004,180000000000000007,2024-03-26,348,22,37426012,1701182,0.063218,0.55,47.52
179000000000000005,180000000000000008,2024-03-26,505,60,24996620,416610,0.118812,2.78,353.31
179000000000000001,180000000000000001,2024-03-27,2159,54,50635359,937692,0.025012,0.37,38.78
179000000000000001,180000000000000002,2024-03-27,895,27,29247208,1083230,0.030168,0.23,16.64
179000000000000002,180000000000000003,2024-03-27,547,29,18106503,624362,0.053016,1.23,133.62
179000000000000002,180000000000000004,2024-03-27,545,26,21834781,839799,0.047706,0.77,45.38
179000000000000003,180000000000000005,2024-03-27,523,25,26627522,1065101,0.047801,0.46,38.59
179000000000000004,180000000000000006,2024-03-27,205,18,37543142,2085730,0.087805,0.54,50.33
179000000000000004,180000000000000007,2024-03-27,193,17,36038163,2119892,0.088083,0.4,31.39
179000000000000005,180000000000000008,2024-03-27,597,56,26627523,475491,0.093802,2.32,181.1
179000000000000001,180000000000000001,2024-03-28,1505,45,36188321,804185,0.0299,0.33,26.69
179000000000000001,180000000000000002,2024-03-28,780,23,25002783,1087078,0.029487,0.23,21.48
179000000000000002,180000000000000003,2024-03-28,448,27,16965897,628367,0.060268,0.95,96.14
179000000000000002,180000000000000004,2024-03-28,301,15,13629655,908644,0.049834,0.62,72.05
179000000000000003,180000000000000005,2024-03-28,588,23,20397035,886828,0.039116,0.41,42.44
179000000000000004,180000000000000006,2024-03-28,197,15,28888587,1925906,0.076142,0.44,33.8
179000000000000004,180000000000000007,2024-03-28,184,17,31160892,1832994,0.092391,0.57,44.16
179000000000000005,180000000000000008,2024-03-28,526,47,20397035,433979,0.089354,2.15,198.69
179000000000000001,180000000000000001,2024-03-29,1515,46,40647691,883645,0.030363,0.42,47.33
179000000000000001,180000000000000002,2024-03-29,1028,23,26040337,1132189,0.022374,0.16,17.46
179000000000000002,180000000000000003,2024-03-29,157,9,7297171,810797,0.057325,0.4,35.1
179000000000000002,180000000000000004,2024-03-29,638,27,14764370,546829,0.04232,0.94,87.98
179000000000000003,180000000000000005,2024-03-29,399,21,22229343,1058540,0.052632,0.33,22.8
179000000000000004,180000000000000006,2024-03-29,271,23,45603158,1982746,0.084871,0.79,46.49
179000000000000004,180000000000000007,2024-03-29,211,14,32199542,2299967,0.066351,0.36,29.01
179000000000000005,180000000000000008,2024-03-29,194,27,15699304,581456,0.139175,1.11,100.75
179000000000000001,180000000000000001,2024-03-30,1397,46,40115755,872082,0.032928,0.32,35.84
179000000000000001,180000000000000002,2024-03-30,679,22,24327805,1105809,0.032401,0.2,16.62
179000000000000002,180000000000000003,2024-03-30,250,17,14995751,882103,0.068,0.64,49.94
179000000000000002,180000000000000004,2024-03-30,620,29,17226029,594001,0.046774,1.0,98.14
179000000000000003,180000000000000005,2024-03-30,391,22,21481187,976418,0.056266,0.34,26.6
179000000000000004,180000000000000006,2024-03-30,400,32,44924525,1403891,0.08,0.76,49.57
179000000000000004,180000000000000007,2024-03-30,321,18,30259630,1681091,0.056075,0.48,25.91
179000000000000005,180000000000000008,2024-03-30,568,50,21481187,429624,0.088028,1.99,163.76
179000000000000001,180000000000000001,2024-03-31,1305,32,43519902,1359997,0.024521,0.23,29.44
179000000000000001,180000000000000002,2024-03-31,549,20,25017190,1250860,0.03643,0.15,11.51
179000000000000002,180000000000000003,2024-03-31,283,18,15911571,883976,0.063604,0.64,75.18
179000000000000002,180000000000000004,2024-03-31,532,28,18356975,655606,0.052632,1.04,62.43
179000000000000003,180000000000000005,2024-03-31,658,23,22845698,993291,0.034954,0.3,23.36
179000000000000004,180000000000000006,2024-03-31,340,23,50919810,2213905,0.067647,0.66,75.17
179000000000000004,180000000000000007,2024-03-31,89,5,13186308,2637262,0.05618,0.11,5.3
179000000000000005,180000000000000008,2024-03-31,227,21,13140138,625721,0.092511,1.05,118.83
179000000000000001,180000000000000001,2024-04-01,2165,59,45099241,764394,0.027252,0.55,41.66
179000000000000001,180000000000000002,2024-04-01,1028,40,29919332,747983,0.038911,0.39,41.3
179000000000000002,180000000000000003,2024-04-01,177,10,6969661,696966,0.056497,0.43,53.36
179000000000000002,180000000000000004,2024-04-01,365,24,21317802,888242,0.065753,0.79,87.1
179000000000000003,180000000000000005,2024-04-01,483,25,25006191,1000248,0.05176,0.32,34.6
179000000000000004,180000000000000006,2024-04-01,317,32,50967037,1592720,0.100946,0.86,93.04
179000000000000004,180000000000000007,2024-04-01,189,16,36554631,2284664,0.084656,0.46,38.29
179000000000000005,180000000000000008,2024-04-01,547,52,25006191,480888,0.095064,2.57,297.63
179000000000000001,180000000000000001,2024-04-02,2351,53,63293840,1194223,0.022544,0.45,45.04
179000000000000001,180000000000000002,2024-04-02,2425,80,63208382,790105,0.03299,0.76,79.28
179000000000000002,180000000000000003,2024-04-02,793,45,32078917,712865,0.056747,1.67,106.36
179000000000000002,180000000000000004,2024-04-02,937,48,31172194,649421,0.051227,1.62,167.07
179000000000000003,180000000000000005,2024-04-02,1005,40,42167407,1054185,0.039801,0.49,38.87
179000000000000004,180000000000000006,2024-04-02,710,47,82945093,1764789,0.066197,1.08,84.09
179000000000000004,180000000000000007,2024-04-02,640,41,64640833,1576606,0.064062,1.21,125.63
179000000000000005,180000000000000008,2024-04-02,837,70,42167407,602392,0.083632,3.55,303.21
179000000000000001,180000000000000001,2024-04-03,958,28,32594486,1164089,0.029228,0.25,31.04
179000000000000001,180000000000000002,2024-04-03,1635,43,31308499,728105,0.0263,0.35,28.1
179000000000000002,180000000000000003,2024-04-03,583,33,20840529,631531,0.056604,1.35,115.77
179000000000000002,180000000000000004,2024-04-03,372,23,18614791,809339,0.061828,0.8,72.19
179000000000000003,180000000000000005,2024-04-03,267,18,16500292,916683,0.067416,0.2,8.19
179000000000000004,180000000000000006,2024-04-03,311,23,52190295,2269143,0.073955,0.54,44.01
179000000000000004,180000000000000007,2024-04-03,270,23,39872118,1733570,0.085185,0.72,74.5
179000000000000005,180000000000000008,2024-04-03,803,66,26303546,398539,0.082192,3.24,341.41
179000000000000001,180000000000000001,2024-04-04,1700,38,32632165,858741,0.022353,0.35,23.12
179000000000000001,180000000000000002,2024-04-04,1502,47,32269087,686576,0.031292,0.46,57.44
179000000000000002,180000000000000003,2024-04-04,599,28,19889044,710323,0.046745,0.95,66.06
179000000000000002,180000000000000004,2024-04-04,734,34,21914894,644556,0.046322,1.27,66.73
179000000000000003,180000000000000005,2024-04-04,768,28,27869291,995332,0.036458,0.48,44.32
179000000000000004,180000000000000006,2024-04-04,328,28,56399308,2014261,0.085366,0.84,51.84
179000000000000004,180000000000000007,2024-04-04,268,21,41143213,1959201,0.078358,0.7,41.23
179000000000000005,180000000000000008,2024-04-04,565,66,27869291,422262,0.116814,2.72,235.4
179000000000000001,180000000000000001,2024-04-05,1252,31,35122632,1132988,0.02476,0.25,12.84
179000000000000001,180000000000000002,2024-04-05,387,10,12760257,1276026,0.02584,0.08,7.86
179000000000000002,180000000000000003,2024-04-05,309,21,16370627,779554,0.067961,0.67,53.8
179000000000000002,180000000000000004,2024-04-05,435,16,12281380,767586,0.036782,0.58,32.17
179000000000000003,180000000000000005,2024-04-05,330,20,19101339,955067,0.060606,0.28,25.67
179000000000000004,180000000000000006,2024-04-05,315,23,41263957,1794085,0.073016,0.71,79.2
179000000000000004,180000000000000007,2024-04-05,153,12,25590726,2132560,0.078431,0.36,24.7
179000000000000005,180000000000000008,2024-04-05,460,52,19101339,367333,0.113043,2.55,242.05
179000000000000001,180000000000000001,2024-04-06,2494,60,49310356,821839,0.024058,0.47,29.48
179000000000000001,180000000000000002,2024-04-06,896,20,22494122,1124706,0.022321,0.19,17.46
179000000000000002,180000000000000003,2024-04-06,365,22,14546160,661189,0.060274,0.69,60.19
179000000000000002,180000000000000004,2024-04-06,483,26,21356078,821388,0.05383,0.96,76.98
179000000000000003,180000000000000005,2024-04-06,538,26,23934826,920570,0.048327,0.45,57.75
179000000000000004,180000000000000006,2024-04-06,273,23,50174252,2181489,0.084249,0.57,63.86
179000000000000004,180000000000000007,2024-04-06,234,16,33597639,2099852,0.068376,0.5,54.96
179000000000000005,180000000000000008,2024-04-06,453,47,23934826,509252,0.103753,1.89,153.1
179000000000000001,180000000000000001,2024-04-07,1870,50,40273312,805466,0.026738,0.41,33.37
179000000000000001,180000000000000002,2024-04-07,788,25,26578899,1063156,0.031726,0.18,13.65
179000000000000002,180000000000000003,2024-04-07,252,14,8819853,629990,0.055556,0.4,41.59
179000000000000002,180000000000000004,2024-04-07,507,23,14890595,647417,0.045365,0.77,56.45
179000000000000003,180000000000000005,2024-04-07,465,25,22284070,891363,0.053763,0.45,51.01
179000000000000004,180000000000000006,2024-04-07,300,22,31444335,1429288,0.073333,0.79,73.35
179000000000000004,180000000000000007,2024-04-07,162,14,29895190,2135371,0.08642,0.31,27.81
179000000000000005,180000000000000008,2024-04-07,520,47,22284071,474129,0.090385,1.96,137.57
179000000000000001,180000000000000001,2024-04-08,2513,60,54204111,903402,0.023876,0.51,40.47
179000000000000001,180000000000000002,2024-04-08,2249,42,34731562,826942,0.018675,0.33,25.64
179000000000000002,180000000000000003,2024-04-08,570,38,22351669,588202,0.066667,1.16,53.02
179000000000000002,180000000000000004,2024-04-08,604,28,22116167,789863,0.046358,1.07,112.73
179000000000000003,180000000000000005,2024-04-08,881,38,29645224,780137,0.043133,0.57,63.74
179000000000000004,180000000000000006,2024-04-08,595,43,63026685,1465737,0.072269,1.09,78.12
179000000000000004,180000000000000007,2024-04-08,298,19,40731601,2143768,0.063758,0.6,45.15
179000000000000005,180000000000000008,2024-04-08,557,67,29645224,442466,0.120287,2.99,341.37
179000000000000001,180000000000000001,2024-04-09,2130,54,50500622,935197,0.025352,0.44,34.58
179000000000000001,180000000000000002,2024-04-09,1520,39,33267399,853010,0.025658,0.25,12.51
179000000000000002,180000000000000003,2024-04-09,524,33,22301084,675790,0.062977,1.3,64.36
179000000000000002,180000000000000004,2024-04-09,377,23,19582928,851432,0.061008,0.72,71.02
179000000000000003,180000000000000005,2024-04-09,631,32,27922674,872584,0.050713,0.48,24.74
179000000000000004,180000000000000006,2024-04-09,360,35,57367116,1639060,0.097222,1.1,95.58
179000000000000004,180000000000000007,2024-04-09,272,21,40362242,1922012,0.077206,0.62,60.12
179000000000000005,180000000000000008,2024-04-09,552,57,27922674,489871,0.103261,2.69,288.81
179000000000000001,180000000000000001,2024-04-10,2236,51,54767864,1073880,0.022809,0.47,44.24
179000000000000001,180000000000000002,2024-04-10,1041,30,33310401,1110347,0.028818,0.22,23.36
179000000000000002,180000000000000003,2024-04-10,609,31,25111395,810045,0.050903,1.11,99.5
179000000000000002,180000000000000004,2024-04-10,492,30,18927737,630925,0.060976,1.01,104.94
179000000000000003,180000000000000005,2024-04-10,538,29,29359422,1012394,0.053903,0.38,45.91
179000000000000004,180000000000000006,2024-04-10,400,30,52992750,1766425,0.075,0.78,86.92
179000000000000004,180000000000000007,2024-04-10,313,23,49765226,2163705,0.073482,0.68,81.79
179000000000000005,180000000000000008,2024-04-10,887,72,29359422,407770,0.081172,3.27,279.87
179000000000000001,180000000000000001,2024-04-11,2133,47,42549104,905300,0.022035,0.4,29.54
179000000000000001,180000000000000002,2024-04-11,1573,39,31788139,815080,0.024793,0.27,15.31
179000000000000002,180000000000000003,2024-04-11,417,23,17820732,774814,0.055156,0.79,72.33
179000000000000002,180000000000000004,2024-04-11,504,22,19347889,879450,0.043651,0.76,48.26
179000000000000003,180000000000000005,2024-04-11,361,22,24779081,1126322,0.060942,0.38,44.59
179000000000000004,180000000000000006,2024-04-11,504,31,51772620,1670085,0.061508,0.92,93.25
179000000000000004,180000000000000007,2024-04-11,247,17,34954165,2056127,0.068826,0.46,35.53
179000000000000005,180000000000000008,2024-04-11,575,59,24779081,419984,0.102609,2.15,208.84
179000000000000001,180000000000000001,2024-04-12,2124,56,43736005,781000,0.026365,0.47,46.0
179000000000000001,180000000000000002,2024-04-12,745,24,29129776,1213741,0.032215,0.19,16.97
179000000000000002,180000000000000003,2024-04-12,331,22,17265156,784780,0.066465,0.83,78.03
179000000000000002,180000000000000004,2024-04-12,560,24,19167735,798656,0.042857,0.63,44.49
179000000000000003,180000000000000005,2024-04-12,391,23,24288594,1056026,0.058824,0.31,32.47
179000000000000004,180000000000000006,2024-04-12,285,24,45434940,1893122,0.084211,0.57,47.82
179000000000000004,180000000000000007,2024-04-12,311,18,39575140,2198619,0.057878,0.52,24.69
179000000000000005,180000000000000008,2024-04-12,447,51,24288594,476247,0.114094,2.53,223.72
179000000000000001,180000000000000001,2024-04-13,2290,60,62969732,1049496,0.026201,0.51,30.74
179000000000000001,180000000000000002,2024-04-13,2561,52,37024144,712003,0.020305,0.46,52.4
179000000000000002,180000000000000003,2024-04-13,617,40,27258919,681473,0.06483,1.26,131.81
179000000000000002,180000000000000004,2024-04-13,316,16,11583165,723948,0.050633,0.5,45.2
179000000000000003,180000000000000005,2024-04-13,742,39,33331292,854649,0.052561,0.56,38.29
179000000000000004,180000000000000006,2024-04-13,514,38,70834994,1864079,0.07393,1.02,103.67
179000000000000004,180000000000000007,2024-04-13,305,25,45824528,1832981,0.081967,0.63,35.33
179000000000000005,180000000000000008,2024-04-13,534,47,22732204,483664,0.088015,1.91,210.09
179000000000000001,180000000000000001,2024-04-14,1889,44,46224140,1050549,0.023293,0.35,42.98
179000000000000001,180000000000000002,2024-04-14,757,23,32220469,1400890,0.030383,0.21,22.43
179000000000000002,180000000000000003,2024-04-14,587,31,20628276,665428,0.052811,0.99,65.04
179000000000000002,180000000000000004,2024-04-14,638,25,18594028,743761,0.039185,0.88,108.31
179000000000000003,180000000000000005,2024-04-14,470,25,26148202,1045928,0.053191,0.33,33.11
179000000000000004,180000000000000006,2024-04-14,534,38,59316747,1560967,0.071161,1.03,90.59
179000000000000004,180000000000000007,2024-04-14,288,18,32201963,1788998,0.0625,0.46,42.25
179000000000000005,180000000000000008,2024-04-14,585,63,26148203,415051,0.107692,3.24,311.14
179000000000000001,180000000000000001,2024-04-15,2597,63,56317223,893924,0.024259,0.58,47.26
179000000000000001,180000000000000002,2024-04-15,1069,34,31587741,929051,0.031805,0.3,23.03
179000000000000002,180000000000000003,2024-04-15,537,35,22886618,653903,0.065177,1.18,115.67
179000000000000002,180000000000000004,2024-04-15,543,30,21065864,702195,0.055249,1.16,135.4
179000000000000003,180000000000000005,2024-04-15,670,28,29301654,1046488,0.041791,0.45,37.12
179000000000000004,180000000000000006,2024-04-15,453,33,68836983,2085969,0.072848,0.8,90.23
179000000000000004,180000000000000007,2024-04-15,219,16,33718807,2107425,0.073059,0.38,24.53
179000000000000005,180000000000000008,2024-04-15,608,57,29301654,514064,0.09375,2.08,191.06
179000000000000001,180000000000000001,2024-04-16,1766,45,46064987,1023666,0.025481,0.36,37.92
179000000000000001,180000000000000002,2024-04-16,1113,26,22317423,858362,0.02336,0.2,26.33
179000000000000002,180000000000000003,2024-04-16,428,26,19288282,741857,0.060748,1.05,90.4
179000000000000002,180000000000000004,2024-04-16,436,20,14902922,745146,0.045872,0.68,73.62
179000000000000003,180000000000000005,2024-04-16,374,25,22794137,911765,0.066845,0.36,35.37
179000000000000004,180000000000000006,2024-04-16,323,30,47896800,1596560,0.092879,0.92,70.72
179000000000000004,180000000000000007,2024-04-16,240,15,31882677,2125512,0.0625,0.33,27.08
179000000000000005,180000000000000008,2024-04-16,509,49,22794136,465186,0.096267,2.19,231.46
179000000000000001,180000000000000001,2024-04-17,890,24,25317019,1054876,0.026966,0.18,18.75
179000000000000001,180000000000000002,2024-04-17,865,28,24718337,882798,0.03237,0.26,25.97
179000000000000002,180000000000000003,2024-04-17,569,26,17444242,670932,0.045694,0.77,81.98
179000000000000002,180000000000000004,2024-04-17,451,23,14725183,640225,0.050998,0.9,93.3
179000000000000003,180000000000000005,2024-04-17,467,22,21446284,974831,0.047109,0.26,21.36
179000000000000004,180000000000000006,2024-04-17,370,29,48366444,1667808,0.078378,0.84,80.68
179000000000000004,180000000000000007,2024-04-17,253,15,26695551,1779703,0.059289,0.47,52.76
179000000000000005,180000000000000008,2024-04-17,517,44,21446284,487416,0.085106,1.95,155.83
179000000000000001,180000000000000001,2024-04-18,1820,46,37827165,822330,0.025275,0.37,44.23
179000000000000001,180000000000000002,2024-04-18,1004,24,22140193,922508,0.023904,0.19,10.07
179000000000000002,180000000000000003,2024-04-18,520,24,16293605,678900,0.046154,0.76,68.71
179000000000000002,180000000000000004,2024-04-18,260,16,13690074,855630,0.061538,0.55,52.41
179000000000000003,180000000000000005,2024-04-18,321,18,19989119,1110507,0.056075,0.25,25.64
179000000000000004,180000000000000006,2024-04-18,135,13,27707146,2131319,0.096296,0.4,51.89
179000000000000004,180000000000000007,2024-04-18,226,16,25774332,1610896,0.070796,0.39,34.47
179000000000000005,180000000000000008,2024-04-18,266,31,13226516,426662,0.116541,1.08,77.97
179000000000000001,180000000000000001,2024-04-19,1814,49,39789676,812034,0.027012,0.34,22.24
179000000000000001,180000000000000002,2024-04-19,847,29,28893666,996333,0.034238,0.25,17.76
179000000000000002,180000000000000003,2024-04-19,552,25,16939040,677562,0.04529,0.9,45.19
179000000000000002,180000000000000004,2024-04-19,540,23,17402630,756636,0.042593,0.77,80.17
179000000000000003,180000000000000005,2024-04-19,363,23,22894448,995411,0.063361,0.34,23.73
179000000000000004,180000000000000006,2024-04-19,309,21,47605342,2266921,0.067961,0.52,56.97
179000000000000004,180000000000000007,2024-04-19,263,19,32525223,1711854,0.072243,0.49,25.51
179000000000000005,180000000000000008,2024-04-19,512,45,22894448,508766,0.087891,1.68,123.12
179000000000000001,180000000000000001,2024-04-20,1467,43,49685161,1155469,0.029312,0.31,24.43
179000000000000001,180000000000000002,2024-04-20,727,23,30814215,1339748,0.031637,0.18,22.52
179000000000000002,180000000000000003,2024-04-20,430,25,18287689,731508,0.05814,0.86,115.99
179000000000000002,180000000000000004,2024-04-20,377,20,10720616,536031,0.05305,0.83,93.95
179000000000000003,180000000000000005,2024-04-20,484,27,26833125,993819,0.055785,0.35,32.75
179000000000000004,180000000000000006,2024-04-20,311,32,53800091,1681253,0.102894,1.01,83.07
179000000000000004,180000000000000007,2024-04-20,169,12,16019095,1334925,0.071006,0.33,33.18
179000000000000005,180000000000000008,2024-04-20,628,62,26833126,432792,0.098726,3.25,257.89
179000000000000001,180000000000000001,2024-04-21,1510,44,37127042,843796,0.029139,0.29,20.21
179000000000000001,180000000000000002,2024-04-21,1604,39,25896103,664003,0.024314,0.39,18.74
179000000000000002,180000000000000003,2024-04-21,92,7,6802137,971734,0.076087,0.31,33.48
179000000000000002,180000000000000004,2024-04-21,469,28,17036588,608450,0.059701,1.04,50.19
179000000000000003,180000000000000005,2024-04-21,629,26,21007715,807989,0.041335,0.32,27.13
179000000000000004,180000000000000006,2024-04-21,374,25,37157994,1486320,0.066845,0.81,84.41
179000000000000004,180000000000000007,2024-04-21,253,22,36369009,1653137,0.086957,0.53,47.23
179000000000000005,180000000000000008,2024-04-21,521,48,21007716,437661,0.092131,2.21,212.9
179000000000000001,180000000000000001,2024-04-22,2552,54,48210612,892789,0.02116,0.42,26.56
179000000000000001,180000000000000002,2024-04-22,1173,34,30277652,890519,0.028986,0.3,26.51
179000000000000002,180000000000000003,2024-04-22,473,27,17365748,643176,0.057082,0.94,109.45
179000000000000002,180000000000000004,2024-04-22,565,32,21878383,683699,0.056637,1.01,50.77
179000000000000003,180000000000000005,2024-04-22,464,29,26162755,902164,0.0625,0.37,38.83
179000000000000004,180000000000000006,2024-04-22,178,14,30107822,2150559,0.078652,0.42,35.37
179000000000000004,180000000000000007,2024-04-22,498,31,43857529,1414759,0.062249,0.81,48.16
179000000000000005,180000000000000008,2024-04-22,545,60,26162754,436046,0.110092,3.13,255.65
179000000000000001,180000000000000001,2024-04-23,1988,48,46127243,960984,0.024145,0.36,23.99
179000000000000001,180000000000000002,2024-04-23,1792,55,48726841,885943,0.030692,0.5,47.0
179000000000000002,180000000000000003,2024-04-23,716,48,27391594,570658,0.067039,1.79,199.39
179000000000000002,180000000000000004,2024-04-23,521,27,20035448,742054,0.051823,0.94,91.67
179000000000000003,180000000000000005,2024-04-23,935,38,31618028,832053,0.040642,0.57,70.29
179000000000000004,180000000000000006,2024-04-23,213,22,40524259,1842012,0.103286,0.63,66.57
179000000000000004,180000000000000007,2024-04-23,372,32,47797204,1493663,0.086022,0.92,84.3
179000000000000005,180000000000000008,2024-04-23,867,68,31618028,464971,0.078431,2.5,220.12
179000000000000001,180000000000000001,2024-04-24,1471,36,41810943,1161415,0.024473,0.25,26.32
179000000000000001,180000000000000002,2024-04-24,1216,33,27238858,825420,0.027138,0.23,22.34
179000000000000002,180000000000000003,2024-04-24,608,26,17229956,662691,0.042763,0.93,67.75
179000000000000002,180000000000000004,2024-04-24,533,22,17294944,786134,0.041276,0.72,56.05
179000000000000003,180000000000000005,2024-04-24,205,15,13897789,926519,0.073171,0.21,17.28
179000000000000004,180000000000000006,2024-04-24,329,26,41673594,1602831,0.079027,0.84,45.36
179000000000000004,180000000000000007,2024-04-24,333,24,38884506,1620188,0.072072,0.76,57.47
179000000000000005,180000000000000008,2024-04-24,273,36,23016600,639350,0.131868,2.04,257.61
179000000000000001,180000000000000001,2024-04-25,2406,51,49171622,964149,0.021197,0.4,28.19
179000000000000001,180000000000000002,2024-04-25,502,15,18209696,1213980,0.02988,0.12,16.13
179000000000000002,180000000000000003,2024-04-25,480,26,22804642,877102,0.054167,0.86,85.89
179000000000000002,180000000000000004,2024-04-25,662,27,17785144,658709,0.040785,0.95,89.82
179000000000000003,180000000000000005,2024-04-25,354,23,27059857,1176516,0.064972,0.35,42.9
179000000000000004,180000000000000006,2024-04-25,482,36,60414220,1678173,0.074689,0.93,86.57
179000000000000004,180000000000000007,2024-04-25,245,21,34295279,1633109,0.085714,0.6,52.15
179000000000000005,180000000000000008,2024-04-25,560,57,27059857,474734,0.101786,2.96,213.01
179000000000000001,180000000000000001,2024-04-26,2458,44,31144972,707840,0.017901,0.29,16.13
179000000000000001,180000000000000002,2024-04-26,938,25,24715333,988613,0.026652,0.17,17.13
179000000000000002,180000000000000003,2024-04-26,403,24,19428156,809506,0.059553,0.77,86.63
179000000000000002,180000000000000004,2024-04-26,466,23,15155535,658936,0.049356,0.91,82.74
179000000000000003,180000000000000005,2024-04-26,154,9,8681126,964570,0.058442,0.12,8.15
179000000000000004,180000000000000006,2024-04-26,227,20,32860584,1643029,0.088106,0.64,68.52
179000000000000004,180000000000000007,2024-04-26,179,13,25730200,1979246,0.072626,0.31,21.33
179000000000000005,180000000000000008,2024-04-26,208,30,14773855,492462,0.144231,1.51,131.84
179000000000000001,180000000000000001,2024-04-27,1066,25,20786583,831463,0.023452,0.22,21.39
179000000000000001,180000000000000002,2024-04-27,879,23,22360130,972180,0.026166,0.15,11.27
179000000000000002,180000000000000003,2024-04-27,298,17,13175094,775006,0.057047,0.63,56.24
179000000000000002,180000000000000004,2024-04-27,413,20,14772559,738628,0.048426,0.76,55.04
179000000000000003,180000000000000005,2024-04-27,367,20,18631768,931588,0.054496,0.32,33.18
179000000000000004,180000000000000006,2024-04-27,391,26,39010712,1500412,0.066496,0.83,89.51
179000000000000004,180000000000000007,2024-04-27,178,12,26200478,2183373,0.067416,0.28,31.62
179000000000000005,180000000000000008,2024-04-27,292,33,12843310,389191,0.113014,1.7,189.75
179000000000000001,180000000000000001,2024-04-28,1489,42,39974076,951764,0.028207,0.34,36.85
179000000000000001,180000000000000002,2024-04-28,699,21,22635825,1077896,0.030043,0.18,11.35
179000000000000002,180000000000000003,2024-04-28,275,20,15705916,785296,0.072727,0.74,55.78
179000000000000002,180000000000000004,2024-04-28,493,19,15599034,821002,0.03854,0.75,76.86
179000000000000003,180000000000000005,2024-04-28,202,10,10579878,1057988,0.049505,0.15,10.88
179000000000000004,180000000000000006,2024-04-28,250,22,46165023,2098410,0.088,0.69,64.58
179000000000000004,180000000000000007,2024-04-28,62,6,14129281,2354880,0.096774,0.21,23.63
179000000000000005,180000000000000008,2024-04-28,493,54,20869968,386481,0.109533,2.31,232.66
179000000000000001,180000000000000001,2024-04-29,2648,57,53014494,930079,0.021526,0.38,34.17
179000000000000001,180000000000000002,2024-04-29,1302,28,32094933,1146248,0.021505,0.24,21.65
179000000000000002,180000000000000003,2024-04-29,757,29,20994252,723940,0.038309,1.03,95.06
179000000000000002,180000000000000004,2024-04-29,516,28,21560461,770016,0.054264,0.86,87.11
179000000000000003,180000000000000005,2024-04-29,636,29,28369809,978269,0.045597,0.44,33.4
179000000000000004,180000000000000006,2024-04-29,342,32,60212172,1881630,0.093567,1.0,96.29
179000000000000004,180000000000000007,2024-04-29,259,24,39082158,1628423,0.092664,0.53,27.05
179000000000000005,180000000000000008,2024-04-29,289,29,18388451,634085,0.100346,1.35,176.34
179000000000000001,180000000000000001,2024-04-30,1640,47,44539880,947657,0.028659,0.39,35.03
179000000000000001,180000000000000002,2024-04-30,2060,52,39004805,750092,0.025243,0.41,46.23
179000000000000002,180000000000000003,2024-04-30,570,34,21011979,617999,0.059649,1.07,128.97
179000000000000002,180000000000000004,2024-04-30,414,26,20760364,798476,0.062802,1.0,129.38
179000000000000003,180000000000000005,2024-04-30,622,24,27848229,1160343,0.038585,0.34,40.78
179000000000000004,180000000000000006,2024-04-30,252,19,40172267,2114330,0.075397,0.57,68.48
179000000000000004,180000000000000007,2024-04-30,374,24,32292386,1345516,0.064171,0.63,62.94
179000000000000005,180000000000000008,2024-04-30,423,49,27848229,568331,0.115839,2.26,277.42
179000000000000001,180000000000000001,2024-05-01,1689,39,39292049,1007488,0.023091,0.35,31.38
179000000000000001,180000000000000002,2024-05-01,1305,33,32840655,995171,0.025287,0.27,27.55
179000000000000002,180000000000000003,2024-05-01,477,29,19650120,677590,0.060797,1.02,110.16
179000000000000002,180000000000000004,2024-05-01,403,20,16416232,820812,0.049628,0.69,50.99
179000000000000003,180000000000000005,2024-05-01,593,29,24044235,829112,0.048904,0.48,51.92
179000000000000004,180000000000000006,2024-05-01,327,23,50543938,2197563,0.070336,0.67,73.93
179000000000000004,180000000000000007,2024-05-01,212,16,33610885,2100680,0.075472,0.42,28.02
179000000000000005,180000000000000008,2024-05-01,467,44,24044234,546460,0.094218,1.9,230.28
179000000000000001,180000000000000001,2024-05-02,2335,59,50923553,863111,0.025268,0.5,39.99
179000000000000001,180000000000000002,2024-05-02,1042,18,13473915,748551,0.017274,0.12,7.55
179000000000000002,180000000000000003,2024-05-02,337,18,17533848,974103,0.053412,0.58,65.17
179000000000000002,180000000000000004,2024-05-02,553,32,21322156,666317,0.057866,1.25,102.49
179000000000000003,180000000000000005,2024-05-02,441,23,25904002,1126261,0.052154,0.4,44.81
179000000000000004,180000000000000006,2024-05-02,321,28,54573449,1949052,0.087227,0.79,51.5
179000000000000004,180000000000000007,2024-05-02,332,24,36090560,1503773,0.072289,0.62,38.01
179000000000000005,180000000000000008,2024-05-02,612,67,25904002,386627,0.109477,2.67,234.28
179000000000000001,180000000000000001,2024-05-03,919,23,27501532,1195719,0.025027,0.16,17.41
179000000000000001,180000000000000002,2024-05-03,1130,25,25172173,1006887,0.022124,0.2,18.04
179000000000000002,180000000000000003,2024-05-03,371,25,18446382,737855,0.067385,0.85,69.8
179000000000000002,180000000000000004,2024-05-03,427,20,15272117,763606,0.046838,0.81,98.61
179000000000000003,180000000000000005,2024-05-03,610,25,22478999,899160,0.040984,0.42,45.14
179000000000000004,180000000000000006,2024-05-03,483,31,46236438,1491498,0.064182,0.79,62.48
179000000000000004,180000000000000007,2024-05-03,366,21,32440061,1544765,0.057377,0.72,84.27
179000000000000005,180000000000000008,2024-05-03,530,52,22478999,432288,0.098113,2.52,248.3
179000000000000001,180000000000000001,2024-05-04,1952,49,44425918,906651,0.025102,0.4,42.49
179000000000000001,180000000000000002,2024-05-04,883,28,28438432,1015658,0.03171,0.28,32.18
179000000000000002,180000000000000003,2024-05-04,574,25,17025135,681005,0.043554,0.86,74.77
179000000000000002,180000000000000004,2024-05-04,446,27,19407040,718779,0.060538,0.8,76.31
179000000000000003,180000000000000005,2024-05-04,436,27,24288116,899560,0.061927,0.41,49.36
179000000000000004,180000000000000006,2024-05-04,382,25,45586828,1823473,0.065445,0.75,68.74
179000000000000004,180000000000000007,2024-05-04,296,24,39421579,1642566,0.081081,0.56,32.16
179000000000000005,180000000000000008,2024-05-04,556,52,24288116,467079,0.093525,2.89,268.85
179000000000000001,180000000000000001,2024-05-05,1838,43,52776943,1227371,0.023395,0.34,21.27
179000000000000001,180000000000000002,2024-05-05,1253,29,32894695,1134300,0.023144,0.23,18.29
179000000000000002,180000000000000003,2024-05-05,445,25,18428501,737140,0.05618,1.03,119.18
179000000000000002,180000000000000004,2024-05-05,696,37,24407318,659657,0.053161,1.21,80.06
179000000000000003,180000000000000005,2024-05-05,553,27,28557213,1057675,0.048825,0.42,25.73
179000000000000004,180000000000000006,2024-05-05,380,30,63369088,2112303,0.078947,0.78,94.14
179000000000000004,180000000000000007,2024-05-05,255,22,36581156,1662780,0.086275,0.62,61.86
179000000000000005,180000000000000008,2024-05-05,581,70,28557212,407960,0.120482,2.87,191.1
179000000000000001,180000000000000001,2024-05-06,1785,38,42030885,1106076,0.021289,0.3,22.48
179000000000000001,180000000000000002,2024-05-06,1024,33,26293252,796765,0.032227,0.27,31.78
179000000000000002,180000000000000003,2024-05-06,310,20,14676461,733823,0.064516,0.86,61.52
179000000000000002,180000000000000004,2024-05-06,567,23,19485607,847200,0.040564,0.94,57.2
179000000000000003,180000000000000005,2024-05-06,422,24,22774713,948946,0.056872,0.37,34.01
179000000000000004,180000000000000006,2024-05-06,286,23,50640405,2201757,0.08042,0.69,65.08
179000000000000004,180000000000000007,2024-05-06,152,13,29071087,2236237,0.085526,0.39,29.83
179000000000000005,180000000000000008,2024-05-06,351,36,22774712,632631,0.102564,1.67,133.17
179000000000000001,180000000000000001,2024-05-07,1626,41,48862469,1191768,0.025215,0.26,23.63
179000000000000001,180000000000000002,2024-05-07,531,15,16432363,1095491,0.028249,0.13,7.54
179000000000000002,180000000000000003,2024-05-07,368,23,18213012,791870,0.0625,0.95,55.51
179000000000000002,180000000000000004,2024-05-07,635,34,23543404,692453,0.053543,1.27,123.14
179000000000000003,180000000000000005,2024-05-07,583,29,27837611,959918,0.049743,0.4,33.21
179000000000000004,180000000000000006,2024-05-07,276,24,40268641,1677860,0.086957,0.8,87.95
179000000000000004,180000000000000007,2024-05-07,241,15,35381063,2358738,0.062241,0.36,36.1
179000000000000005,180000000000000008,2024-05-07,439,52,27837610,535339,0.118451,2.34,197.04
179000000000000001,180000000000000001,2024-05-08,1654,42,46508433,1107344,0.025393,0.38,19.59
179000000000000001,180000000000000002,2024-05-08,891,33,40070818,1214267,0.037037,0.23,14.93
179000000000000002,180000000000000003,2024-05-08,402,27,23399372,866643,0.067164,0.97,80.33
179000000000000002,180000000000000004,2024-05-08,592,34,19890254,585007,0.057432,1.45,175.75
179000000000000003,180000000000000005,2024-05-08,660,33,28859751,874538,0.05,0.51,41.82
179000000000000004,180000000000000006,2024-05-08,274,29,58978583,2033744,0.105839,0.76,73.03
179000000000000004,180000000000000007,2024-05-08,339,26,42030544,1616559,0.076696,0.76,58.97
179000000000000005,180000000000000008,2024-05-08,603,64,28859750,450934,0.106136,2.89,280.0
179000000000000001,180000000000000001,2024-05-09,2374,54,42556682,788087,0.022746,0.41,41.32
179000000000000001,180000000000000002,2024-05-09,1473,40,31138828,778471,0.027155,0.27,23.55
179000000000000002,180000000000000003,2024-05-09,429,25,17525192,701008,0.058275,1.0,84.78
179000000000000002,180000000000000004,2024-05-09,642,27,19322562,715650,0.042056,1.05,139.5
179000000000000003,180000000000000005,2024-05-09,497,22,24565170,1116599,0.044266,0.37,27.75
179000000000000004,180000000000000006,2024-05-09,187,15,31539699,2102647,0.080214,0.5,48.9
179000000000000004,180000000000000007,2024-05-09,309,21,34666477,1650785,0.067961,0.62,39.28
179000000000000005,180000000000000008,2024-05-09,246,32,15468209,483382,0.130081,1.53,91.84
179000000000000001,180000000000000001,2024-05-10,3115,73,59265598,811858,0.023435,0.55,55.63
179000000000000001,180000000000000002,2024-05-10,1164,38,40612226,1068743,0.032646,0.36,32.7
179000000000000002,180000000000000003,2024-05-10,863,42,27952123,665527,0.048667,1.56,158.94
179000000000000002,180000000000000004,2024-05-10,421,24,21986789,916116,0.057007,0.86,113.42
179000000000000003,180000000000000005,2024-05-10,518,32,33292608,1040394,0.061776,0.42,55.44
179000000000000004,180000000000000006,2024-05-10,519,36,71088013,1974667,0.069364,1.08,94.9
179000000000000004,180000000000000007,2024-05-10,376,31,45436116,1465681,0.082447,0.95,67.16
179000000000000005,180000000000000008,2024-05-10,540,54,33292609,616530,0.1,1.87,217.78
179000000000000001,180000000000000001,2024-05-11,1562,50,50862303,1017246,0.03201,0.45,37.4
179000000000000001,180000000000000002,2024-05-11,1091,37,28295335,764739,0.033914,0.3,26.79
179000000000000002,180000000000000003,2024-05-11,442,29,18986884,654720,0.065611,0.9,64.18
179000000000000002,180000000000000004,2024-05-11,593,28,20591934,735426,0.047218,0.79,68.93
179000000000000003,180000000000000005,2024-05-11,687,29,26385879,909858,0.042213,0.46,45.21
179000000000000004,180000000000000006,2024-05-11,236,17,42320342,2489432,0.072034,0.51,49.17
179000000000000004,180000000000000007,2024-05-11,277,21,32810405,1562400,0.075812,0.6,41.92
179000000000000005,180000000000000008,2024-05-11,471,45,26385879,586353,0.095541,2.03,136.53
179000000000000001,180000000000000001,2024-05-12,1278,34,30288886,890850,0.026604,0.25,31.27
179000000000000001,180000000000000002,2024-05-12,1549,35,27668925,790541,0.022595,0.3,37.62
179000000000000002,180000000000000003,2024-05-12,520,34,21266453,625484,0.065385,1.13,69.68
179000000000000002,180000000000000004,2024-05-12,347,15,14561120,970741,0.043228,0.44,52.27
179000000000000003,180000000000000005,2024-05-12,519,23,23885050,1038480,0.044316,0.33,19.63
179000000000000004,180000000000000006,2024-05-12,351,23,46831539,2036154,0.065527,0.69,85.65
179000000000000004,180000000000000007,2024-05-12,287,23,36766132,1598527,0.080139,0.67,66.71
179000000000000005,180000000000000008,2024-05-12,433,49,23885049,487450,0.113164,2.63,280.68
179000000000000001,180000000000000001,2024-05-13,2584,62,37949417,612087,0.023994,0.46,40.12
179000000000000001,180000000000000002,2024-05-13,1077,30,27306705,910224,0.027855,0.25,18.07
179000000000000002,180000000000000003,2024-05-13,542,25,18752971,750119,0.046125,0.9,74.88
179000000000000002,180000000000000004,2024-05-13,82,6,5725358,954226,0.073171,0.17,9.34
179000000000000003,180000000000000005,2024-05-13,332,21,21752041,1035811,0.063253,0.35,31.03
179000000000000004,180000000000000006,2024-05-13,125,11,25203959,2291269,0.088,0.3,26.76
179000000000000004,180000000000000007,2024-05-13,367,22,33239399,1510882,0.059946,0.56,57.61
179000000000000005,180000000000000008,2024-05-13,586,49,21752041,443919,0.083618,2.36,272.0
179000000000000001,180000000000000001,2024-05-14,2889,70,61786112,882659,0.02423,0.5,55.12
179000000000000001,180000000000000002,2024-05-14,910,32,35748012,1117125,0.035165,0.28,21.28
179000000000000002,180000000000000003,2024-05-14,427,28,24021479,857910,0.065574,0.86,81.3
179000000000000002,180000000000000004,2024-05-14,426,23,13388042,582089,0.053991,0.81,71.12
179000000000000003,180000000000000005,2024-05-14,803,41,32511375,792960,0.051059,0.65,43.74
179000000000000004,180000000000000006,2024-05-14,862,50,70811470,1416229,0.058005,1.35,100.09
179000000000000004,180000000000000007,2024-05-14,314,26,42978343,1653013,0.082803,0.59,59.86
179000000000000005,180000000000000008,2024-05-14,680,75,32511375,433485,0.110294,3.43,350.25
179000000000000001,180000000000000001,2024-05-15,2065,51,42655619,836385,0.024697,0.4,42.61
179000000000000001,180000000000000002,2024-05-15,1647,45,33183339,737408,0.027322,0.33,34.34
179000000000000002,180000000000000003,2024-05-15,570,32,20673862,646058,0.05614,1.25,129.94
179000000000000002,180000000000000004,2024-05-15,576,27,17245617,638727,0.046875,1.03,66.93
179000000000000003,180000000000000005,2024-05-15,684,25,25279653,1011186,0.03655,0.28,17.43
179000000000000004,180000000000000006,2024-05-15,443,30,49460042,1648668,0.06772,0.85,65.37
179000000000000004,180000000000000007,2024-05-15,223,18,22321590,1240088,0.080717,0.61,67.57
179000000000000005,180000000000000008,2024-05-15,708,58,25279652,435856,0.081921,2.03,160.95
179000000000000001,180000000000000001,2024-05-16,1519,44,49292600,1120286,0.028966,0.32,31.17
179000000000000001,180000000000000002,2024-05-16,1283,37,33721686,911397,0.028839,0.25,17.81
179000000000000002,180000000000000003,2024-05-16,254,14,12847867,917705,0.055118,0.62,26.32
179000000000000002,180000000000000004,2024-05-16,362,19,17385452,915024,0.052486,0.52,59.18
179000000000000003,180000000000000005,2024-05-16,437,27,27671428,1024868,0.061785,0.37,37.66
179000000000000004,180000000000000006,2024-05-16,339,30,55508171,1850272,0.088496,0.82,80.03
179000000000000004,180000000000000007,2024-05-16,352,30,41341829,1378061,0.085227,0.73,53.84
179000000000000005,180000000000000008,2024-05-16,639,57,27671428,485464,0.089202,2.23,210.2
179000000000000001,180000000000000001,2024-05-17,2039,59,51517064,873171,0.028936,0.5,31.42
179000000000000001,180000000000000002,2024-05-17,1323,37,32947525,890474,0.027967,0.27,17.78
179000000000000002,180000000000000003,2024-05-17,504,27,21872603,810096,0.053571,1.03,121.1
179000000000000002,180000000000000004,2024-05-17,591,26,20359691,783065,0.043993,0.82,54.84
179000000000000003,180000000000000005,2024-05-17,509,27,28154862,1042773,0.053045,0.37,34.95
179000000000000004,180000000000000006,2024-05-17,449,31,56327527,1817017,0.069042,0.87,88.12
179000000000000004,180000000000000007,2024-05-17,293,23,42214492,1835413,0.078498,0.5,59.51
179000000000000005,180000000000000008,2024-05-17,457,55,28154862,511907,0.12035,2.35,204.75
179000000000000001,180000000000000001,2024-05-18,2134,51,49787042,976217,0.023899,0.37,21.4
179000000000000001,180000000000000002,2024-05-18,971,26,32740184,1259238,0.026777,0.25,27.22
179000000000000002,180000000000000003,2024-05-18,297,16,13532572,845786,0.053872,0.48,34.59
179000000000000002,180000000000000004,2024-05-18,475,28,17531324,626119,0.058947,1.02,126.85
179000000000000003,180000000000000005,2024-05-18,591,30,27509076,916969,0.050761,0.51,56.65
179000000000000004,180000000000000006,2024-05-18,587,42,67556017,1608477,0.07155,1.08,79.09
179000000000000004,180000000000000007,2024-05-18,163,13,28725747,2209673,0.079755,0.32,19.36
179000000000000005,180000000000000008,2024-05-18,735,68,27509076,404545,0.092517,2.66,240.1
179000000000000001,180000000000000001,2024-05-19,1432,33,24013168,727672,0.023045,0.3,24.34
179000000000000001,180000000000000002,2024-05-19,729,22,24060080,1093640,0.030178,0.16,13.35
179000000000000002,180000000000000003,2024-05-19,327,18,14926497,829250,0.055046,0.49,35.74
179000000000000002,180000000000000004,2024-05-19,161,8,6516802,814600,0.049689,0.21,22.21
179000000000000003,180000000000000005,2024-05-19,375,17,19748723,1161690,0.045333,0.22,26.96
179000000000000004,180000000000000006,2024-05-19,377,27,40475708,1499100,0.071618,0.67,66.93
179000000000000004,180000000000000007,2024-05-19,213,16,28644821,1790301,0.075117,0.46,46.31
179000000000000005,180000000000000008,2024-05-19,399,44,19748723,448835,0.110276,2.44,238.57
179000000000000001,180000000000000001,2024-05-20,1388,38,32791893,862945,0.027378,0.37,26.5
179000000000000001,180000000000000002,2024-05-20,1530,45,35027934,778399,0.029412,0.28,27.41
179000000000000002,180000000000000003,2024-05-20,694,29,20638102,711659,0.041787,0.76,44.21
179000000000000002,180000000000000004,2024-05-20,177,12,10586085,882174,0.067797,0.38,37.01
179000000000000003,180000000000000005,2024-05-20,518,25,28839174,1153567,0.048263,0.41,32.83
179000000000000004,180000000000000006,2024-05-20,364,34,69230157,2036181,0.093407,0.87,94.87
179000000000000004,180000000000000007,2024-05-20,225,22,31706951,1441225,0.097778,0.56,49.77
179000000000000005,180000000000000008,2024-05-20,594,62,28839174,465148,0.104377,2.8,239.28
179000000000000001,180000000000000001,2024-05-21,2196,65,54629909,840460,0.029599,0.6,57.42
179000000000000001,180000000000000002,2024-05-21,807,27,30640021,1134816,0.033457,0.18,12.86
179000000000000002,180000000000000003,2024-05-21,678,32,18180993,568156,0.047198,1.15,83.33
179000000000000002,180000000000000004,2024-05-21,832,42,24453972,582237,0.050481,1.83,108.4
179000000000000003,180000000000000005,2024-05-21,702,35,28423310,812095,0.049858,0.48,38.97
179000000000000004,180000000000000006,2024-05-21,373,33,64409181,1951793,0.088472,0.92,95.68
179000000000000004,180000000000000007,2024-05-21,252,19,35072403,1845916,0.075397,0.63,54.74
179000000000000005,180000000000000008,2024-05-21,536,54,28423310,526358,0.100746,2.5,232.17
179000000000000001,180000000000000001,2024-05-22,1691,43,39920745,928389,0.025429,0.29,24.96
179000000000000001,180000000000000002,2024-05-22,900,32,30310311,947197,0.035556,0.22,20.26
179000000000000002,180000000000000003,2024-05-22,523,28,17788560,635306,0.053537,1.03,66.3
179000000000000002,180000000000000004,2024-05-22,407,20,17326969,866348,0.04914,0.67,83.56
179000000000000003,180000000000000005,2024-05-22,450,23,23410352,1017841,0.051111,0.28,24.65
179000000000000004,180000000000000006,2024-05-22,443,32,53626650,1675833,0.072235,0.95,91.68
179000000000000004,180000000000000007,2024-05-22,278,19,28309581,1489978,0.068345,0.61,70.93
179000000000000005,180000000000000008,2024-05-22,422,47,23410351,498093,0.111374,2.11,170.11
179000000000000001,180000000000000001,2024-05-23,1511,37,43997987,1189135,0.024487,0.31,31.18
179000000000000001,180000000000000002,2024-05-23,1019,29,18895203,651559,0.028459,0.21,25.18
179000000000000002,180000000000000003,2024-05-23,518,35,19331202,552320,0.067568,1.12,121.94
179000000000000002,180000000000000004,2024-05-23,378,20,17635536,881777,0.05291,0.67,42.73
179000000000000003,180000000000000005,2024-05-23,618,24,24644492,1026854,0.038835,0.37,40.85
179000000000000004,180000000000000006,2024-05-23,409,31,50364635,1624666,0.075795,0.8,47.86
179000000000000004,180000000000000007,2024-05-23,287,23,35891088,1560482,0.080139,0.57,45.62
179000000000000005,180000000000000008,2024-05-23,624,62,24644492,397492,0.099359,2.56,182.25
179000000000000001,180000000000000001,2024-05-24,1320,41,40698531,992647,0.031061,0.34,24.2
179000000000000001,180000000000000002,2024-05-24,424,11,15449133,1404467,0.025943,0.07,6.03
179000000000000002,180000000000000003,2024-05-24,598,32,19648136,614004,0.053512,1.12,108.07
179000000000000002,180000000000000004,2024-05-24,366,20,16289462,814473,0.054645,0.64,39.71
179000000000000003,180000000000000005,2024-05-24,369,19,23958399,1260968,0.051491,0.28,24.82
179000000000000004,180000000000000006,2024-05-24,336,25,48135254,1925410,0.074405,0.64,72.72
179000000000000004,180000000000000007,2024-05-24,312,22,35719140,1623597,0.070513,0.58,62.8
179000000000000005,180000000000000008,2024-05-24,699,66,23958398,363006,0.094421,3.44,362.37
179000000000000001,180000000000000001,2024-05-25,1550,38,36791891,968208,0.024516,0.26,22.97
179000000000000001,180000000000000002,2024-05-25,651,20,22005056,1100253,0.030722,0.14,12.14
179000000000000002,180000000000000003,2024-05-25,292,20,12535889,626794,0.068493,0.56,56.66
179000000000000002,180000000000000004,2024-05-25,299,18,16862584,936810,0.060201,0.68,57.74
179000000000000003,180000000000000005,2024-05-25,490,24,19598982,816624,0.04898,0.39,33.22
179000000000000004,180000000000000006,2024-05-25,286,24,39695795,1653991,0.083916,0.74,65.71
179000000000000004,180000000000000007,2024-05-25,230,16,28900644,1806290,0.069565,0.36,25.67
179000000000000005,180000000000000008,2024-05-25,357,40,19598982,489975,0.112045,1.88,160.65
179000000000000001,180000000000000001,2024-05-26,1002,29,35075227,1209491,0.028942,0.18,18.93
179000000000000001,180000000000000002,2024-05-26,1446,47,34053010,724532,0.032503,0.36,22.81
179000000000000002,180000000000000003,2024-05-26,516,30,20519296,683977,0.05814,1.07,56.96
179000000000000002,180000000000000004,2024-05-26,630,30,19873814,662460,0.047619,1.23,134.0
179000000000000003,180000000000000005,2024-05-26,558,32,26928740,841523,0.057348,0.47,47.0
179000000000000004,180000000000000006,2024-05-26,202,16,32501018,2031314,0.079208,0.54,40.08
179000000000000004,180000000000000007,2024-05-26,398,26,39946343,1536398,0.065327,0.58,45.05
179000000000000005,180000000000000008,2024-05-26,651,68,26928741,396011,0.104455,3.41,327.58
179000000000000001,180000000000000001,2024-05-27,1376,26,25319384,973822,0.018895,0.23,27.41
179000000000000001,180000000000000002,2024-05-27,1229,29,26637717,918542,0.023596,0.23,16.85
179000000000000002,180000000000000003,2024-05-27,433,27,18614890,689440,0.062356,1.01,94.44
179000000000000002,180000000000000004,2024-05-27,496,19,14373525,756501,0.038306,0.51,40.58
179000000000000003,180000000000000005,2024-05-27,559,24,21992276,916345,0.042934,0.35,35.77
179000000000000004,180000000000000006,2024-05-27,391,28,41360508,1477161,0.071611,0.97,65.54
179000000000000004,180000000000000007,2024-05-27,307,21,35612460,1695831,0.068404,0.57,35.99
179000000000000005,180000000000000008,2024-05-27,612,48,21992277,458172,0.078431,2.39,215.21
179000000000000001,180000000000000001,2024-05-28,1444,34,36192822,1064495,0.023546,0.29,33.13
179000000000000001,180000000000000002,2024-05-28,1021,23,22578438,981671,0.022527,0.16,17.77
179000000000000002,180000000000000003,2024-05-28,355,15,13555292,903686,0.042254,0.48,53.06
179000000000000002,180000000000000004,2024-05-28,409,24,15830338,659597,0.05868,0.87,39.57
179000000000000003,180000000000000005,2024-05-28,405,19,19590420,1031075,0.046914,0.31,27.55
179000000000000004,180000000000000006,2024-05-28,241,19,37828483,1990973,0.078838,0.54,50.62
179000000000000004,180000000000000007,2024-05-28,269,15,30737987,2049199,0.055762,0.33,42.23
179000000000000005,180000000000000008,2024-05-28,536,47,19590420,416817,0.087687,1.86,160.13
179000000000000001,180000000000000001,2024-05-29,1370,36,30478552,846626,0.026277,0.29,20.99
179000000000000001,180000000000000002,2024-05-29,673,20,21481927,1074096,0.029718,0.16,16.48
179000000000000002,180000000000000003,2024-05-29,87,6,5681308,946885,0.068966,0.24,33.21
179000000000000002,180000000000000004,2024-05-29,307,17,11474705,674983,0.055375,0.67,79.54
179000000000000003,180000000000000005,2024-05-29,430,20,17320159,866008,0.046512,0.36,29.47
179000000000000004,180000000000000006,2024-05-29,143,14,28143919,2010280,0.097902,0.39,42.82
179000000000000004,180000000000000007,2024-05-29,165,10,20863093,2086309,0.060606,0.22,12.79
179000000000000005,180000000000000008,2024-05-29,515,44,17320159,393640,0.085437,2.22,224.86
179000000000000001,180000000000000001,2024-05-30,2892,71,46465333,654441,0.02455,0.49,31.1
179000000000000001,180000000000000002,2024-05-30,606,22,25984187,1181099,0.036304,0.17,18.91
179000000000000002,180000000000000003,2024-05-30,332,19,16143067,849635,0.057229,0.63,64.33
179000000000000002,180000000000000004,2024-05-30,676,38,20081693,528466,0.056213,1.22,103.9
179000000000000003,180000000000000005,2024-05-30,591,24,24149840,1006243,0.040609,0.26,25.71
179000000000000004,180000000000000006,2024-05-30,401,31,48365671,1560183,0.077307,0.89,81.59
179000000000000004,180000000000000007,2024-05-30,449,25,36158767,1446351,0.055679,0.61,61.6
179000000000000005,180000000000000008,2024-05-30,533,49,24149840,492854,0.091932,2.13,127.64
179000000000000001,180000000000000001,2024-05-31,1138,29,30690163,1058281,0.025483,0.28,23.65
179000000000000001,180000000000000002,2024-05-31,293,12,15189919,1265827,0.040956,0.08,7.18
179000000000000002,180000000000000003,2024-05-31,424,19,17288259,909908,0.044811,0.5,28.47
179000000000000002,180000000000000004,2024-05-31,398,23,17912391,778800,0.057789,0.82,87.89
179000000000000003,180000000000000005,2024-05-31,671,25,23467101,938684,0.037258,0.39,35.77
179000000000000004,180000000000000006,2024-05-31,172,16,34083666,2130229,0.093023,0.43,31.09
179000000000000004,180000000000000007,2024-05-31,181,14,32533194,2323800,0.077348,0.38,48.04
179000000000000005,180000000000000008,2024-05-31,521,44,23467100,533343,0.084453,2.24,250.03
179000000000000001,180000000000000001,2024-06-01,1822,38,44353067,1167186,0.020856,0.28,28.79
179000000000000001,180000000000000002,2024-06-01,1113,33,32811657,994293,0.02965,0.31,24.13
179000000000000002,180000000000000003,2024-06-01,483,31,18563315,598817,0.064182,0.93,55.79
179000000000000002,180000000000000004,2024-06-01,572,22,20019048,909957,0.038462,0.71,62.15
179000000000000003,180000000000000005,2024-06-01,532,28,25721575,918628,0.052632,0.43,41.03
179000000000000004,180000000000000006,2024-06-01,334,28,36198808,1292815,0.083832,0.69,58.54
179000000000000004,180000000000000007,2024-06-01,96,6,12432505,2072084,0.0625,0.19,13.8
179000000000000005,180000000000000008,2024-06-01,643,63,25721575,408279,0.097978,2.45,202.56
179000000000000001,180000000000000001,2024-06-02,2223,52,42379800,814996,0.023392,0.48,46.02
179000000000000001,180000000000000002,2024-06-02,585,19,22739304,1196805,0.032479,0.16,16.83
179000000000000002,180000000000000003,2024-06-02,486,22,17094114,777005,0.045267,0.79,85.26
179000000000000002,180000000000000004,2024-06-02,509,24,15465437,644393,0.047151,1.03,104.19
179000000000000003,180000000000000005,2024-06-02,356,18,21706368,1205909,0.050562,0.29,22.15
179000000000000004,180000000000000006,2024-06-02,304,25,45795991,1831840,0.082237,0.61,51.18
179000000000000004,180000000000000007,2024-06-02,177,9,17209757,1912195,0.050847,0.3,33.25
179000000000000005,180000000000000008,2024-06-02,498,53,21706367,409554,0.106426,2.21,184.96
179000000000000001,180000000000000001,2024-06-03,1352,42,39277510,935179,0.031065,0.26,25.31
179000000000000001,180000000000000002,2024-06-03,1111,26,28195611,1084447,0.023402,0.22,23.3
179000000000000002,180000000000000003,2024-06-03,394,17,9093291,534899,0.043147,0.45,62.47
179000000000000002,180000000000000004,2024-06-03,522,20,14544344,727217,0.038314,0.51,49.52
179000000000000003,180000000000000005,2024-06-03,375,22,22491040,1022320,0.058667,0.25,26.71
179000000000000004,180000000000000006,2024-06-03,348,26,47695197,1834431,0.074713,0.83,77.7
179000000000000004,180000000000000007,2024-06-03,205,14,31023446,2215960,0.068293,0.38,41.75
179000000000000005,180000000000000008,2024-06-03,547,52,22491040,432520,0.095064,2.36,244.1
179000000000000001,180000000000000001,2024-06-04,1167,33,36521831,1106722,0.028278,0.27,25.19
179000000000000001,180000000000000002,2024-06-04,785,22,27010839,1227765,0.028025,0.21,15.12
179000000000000002,180000000000000003,2024-06-04,461,26,18255652,702140,0.056399,0.88,82.91
179000000000000002,180000000000000004,2024-06-04,316,20,13510684,675534,0.063291,0.65,75.75
179000000000000003,180000000000000005,2024-06-04,440,24,21177557,882398,0.054545,0.36,42.26
179000000000000004,180000000000000006,2024-06-04,275,26,43337196,1666815,0.094545,0.78,60.56
179000000000000004,180000000000000007,2024-06-04,267,18,30784252,1710236,0.067416,0.53,46.93
179000000000000005,180000000000000008,2024-06-04,411,45,21177558,470612,0.109489,2.21,216.16
179000000000000001,180000000000000001,2024-06-05,1044,24,21880350,911681,0.022989,0.16,17.81
179000000000000001,180000000000000002,2024-06-05,1004,21,23437888,1116090,0.020916,0.19,17.2
179000000000000002,180000000000000003,2024-06-05,289,15,14004442,933629,0.051903,0.48,49.21
179000000000000002,180000000000000004,2024-06-05,295,17,13972293,821900,0.057627,0.62,59.36
179000000000000003,180000000000000005,2024-06-05,453,20,18651157,932558,0.04415,0.37,30.52
179000000000000004,180000000000000006,2024-06-05,267,23,35752112,1554440,0.086142,0.6,74.41
179000000000000004,180000000000000007,2024-06-05,185,13,29526937,2271303,0.07027,0.42,50.4
179000000000000005,180000000000000008,2024-06-05,389,46,18651157,405460,0.118252,1.91,165.11
179000000000000001,180000000000000001,2024-06-06,1250,34,38520160,1132946,0.0272,0.25,25.16
179000000000000001,180000000000000002,2024-06-06,798,23,25128653,1092550,0.028822,0.19,20.58
179000000000000002,180000000000000003,2024-06-06,423,18,16578461,921026,0.042553,0.56,41.15
179000000000000002,180000000000000004,2024-06-06,193,14,7277959,519854,0.072539,0.54,34.89
179000000000000003,180000000000000005,2024-06-06,495,19,13389135,704691,0.038384,0.23,15.3
179000000000000004,180000000000000006,2024-06-06,282,21,41133506,1958738,0.074468,0.62,83.49
179000000000000004,180000000000000007,2024-06-06,311,24,33123443,1380143,0.07717,0.69,66.65
179000000000000005,180000000000000008,2024-06-06,502,51,21216271,416005,0.101594,1.93,216.45
179000000000000001,180000000000000001,2024-06-07,1529,39,36014006,923436,0.025507,0.33,28.59
179000000000000001,180000000000000002,2024-06-07,558,17,20247835,1191049,0.030466,0.16,10.94
179000000000000002,180000000000000003,2024-06-07,455,20,14516023,725801,0.043956,0.55,55.42
179000000000000002,180000000000000004,2024-06-07,449,22,13614898,618859,0.048998,0.58,72.26
179000000000000003,180000000000000005,2024-06-07,104,8,7124514,890564,0.076923,0.11,5.97
179000000000000004,180000000000000006,2024-06-07,227,17,33415677,1965628,0.07489,0.5,44.25
179000000000000004,180000000000000007,2024-06-07,359,21,32223139,1534435,0.058496,0.7,52.43
179000000000000005,180000000000000008,2024-06-07,410,34,18753947,551587,0.082927,1.3,154.16
179000000000000001,180000000000000001,2024-06-08,1478,35,44992084,1285488,0.023681,0.31,29.62
179000000000000001,180000000000000002,2024-06-08,918,31,34270411,1105497,0.033769,0.26,19.26
179000000000000002,180000000000000003,2024-06-08,242,14,11566688,826192,0.057851,0.4,53.68
179000000000000002,180000000000000004,2024-06-08,344,20,19655037,982752,0.05814,0.69,77.69
179000000000000003,180000000000000005,2024-06-08,600,25,26420831,1056833,0.041667,0.37,27.63
179000000000000004,180000000000000006,2024-06-08,248,17,39726681,2336864,0.068548,0.52,25.61
179000000000000004,180000000000000007,2024-06-08,289,16,37904498,2369031,0.055363,0.46,49.14
179000000000000005,180000000000000008,2024-06-08,428,46,26420831,574366,0.107477,2.13,224.3
179000000000000001,180000000000000001,2024-06-09,1376,39,39717055,1018386,0.028343,0.27,23.37
179000000000000001,180000000000000002,2024-06-09,1327,28,19772563,706163,0.0211,0.24,21.56
179000000000000002,180000000000000003,2024-06-09,313,20,15614720,780736,0.063898,0.6,58.9
179000000000000002,180000000000000004,2024-06-09,337,19,14130088,743689,0.05638,0.59,68.85
179000000000000003,180000000000000005,2024-06-09,408,17,19829872,1166463,0.041667,0.24,24.13
179000000000000004,180000000000000006,2024-06-09,285,23,42938993,1866913,0.080702,0.64,69.21
179000000000000004,180000000000000007,2024-06-09,210,20,26465559,1323278,0.095238,0.52,44.64
179000000000000005,180000000000000008,2024-06-09,428,53,19829872,374149,0.123832,2.43,164.79
179000000000000001,180000000000000001,2024-06-10,1639,36,32927045,914640,0.021965,0.31,35.03
179000000000000001,180000000000000002,2024-06-10,785,25,22740601,909624,0.031847,0.24,25.4
179000000000000002,180000000000000003,2024-06-10,470,22,14769795,671354,0.046809,0.88,76.35
179000000000000002,180000000000000004,2024-06-10,356,17,13064029,768472,0.047753,0.65,67.68
179000000000000003,180000000000000005,2024-06-10,377,18,18555882,1030882,0.047745,0.28,15.89
179000000000000004,180000000000000006,2024-06-10,241,20,36906429,1845321,0.082988,0.63,57.92
179000000000000004,180000000000000007,2024-06-10,116,6,14696027,2449338,0.051724,0.18,8.75
179000000000000005,180000000000000008,2024-06-10,330,33,18555881,562299,0.1,1.57,137.1
179000000000000001,180000000000000001,2024-06-11,1211,32,34405436,1075170,0.026424,0.25,23.7
179000000000000001,180000000000000002,2024-06-11,815,27,25852499,957500,0.033129,0.27,22.73
179000000000000002,180000000000000003,2024-06-11,432,20,14691755,734588,0.046296,0.69,55.44
179000000000000002,180000000000000004,2024-06-11,398,24,15437212,643217,0.060302,0.63,62.24
179000000000000003,180000000000000005,2024-06-11,276,18,20085979,1115888,0.065217,0.31,23.83
179000000000000004,180000000000000006,2024-06-11,250,21,39782168,1894389,0.084,0.58,62.19
179000000000000004,180000000000000007,2024-06-11,220,17,30518757,1795221,0.077273,0.61,43.15
179000000000000005,180000000000000008,2024-06-11,326,37,20085979,542864,0.113497,1.48,140.06
179000000000000001,180000000000000001,2024-06-12,1623,44,45889645,1042946,0.02711,0.36,42.35
179000000000000001,180000000000000002,2024-06-12,1320,40,27313411,682835,0.030303,0.26,26.62
179000000000000002,180000000000000003,2024-06-12,505,28,16199865,578567,0.055446,1.26,83.48
179000000000000002,180000000000000004,2024-06-12,792,33,20401663,618232,0.041667,0.98,76.61
179000000000000003,180000000000000005,2024-06-12,398,21,24401019,1161953,0.052764,0.3,31.82
179000000000000004,180000000000000006,2024-06-12,282,24,49883291,2078470,0.085106,0.65,67.33
179000000000000004,180000000000000007,2024-06-12,303,21,35520274,1691442,0.069307,0.7,73.51
179000000000000005,180000000000000008,2024-06-12,347,40,24401019,610025,0.115274,1.81,192.17
179000000000000001,180000000000000001,2024-06-13,1719,44,35934003,816682,0.025596,0.3,20.69
179000000000000001,180000000000000002,2024-06-13,1018,35,25699067,734259,0.034381,0.26,29.13
179000000000000002,180000000000000003,2024-06-13,443,17,12178327,716372,0.038375,0.51,53.22
179000000000000002,180000000000000004,2024-06-13,238,11,10541063,958278,0.046218,0.4,31.44
179000000000000003,180000000000000005,2024-06-13,502,22,20544357,933834,0.043825,0.29,21.09
179000000000000004,180000000000000006,2024-06-13,264,22,43263638,1966529,0.083333,0.59,63.03
179000000000000004,180000000000000007,2024-06-13,176,14,28641611,2045829,0.079545,0.32,33.11
179000000000000005,180000000000000008,2024-06-13,404,42,20544357,489151,0.10396,1.54,110.74
179000000000000001,180000000000000001,2024-06-14,1743,56,48714991,869911,0.032129,0.53,46.46
179000000000000001,180000000000000002,2024-06-14,883,24,27398039,1141585,0.02718,0.18,15.43
179000000000000002,180000000000000003,2024-06-14,425,30,19019673,633989,0.070588,1.02,60.99
179000000000000002,180000000000000004,2024-06-14,532,25,19036842,761474,0.046992,0.65,81.74
179000000000000003,180000000000000005,2024-06-14,509,26,25371010,975808,0.051081,0.38,27.73
179000000000000004,180000000000000006,2024-06-14,484,32,49523550,1547611,0.066116,0.79,71.74
179000000000000004,180000000000000007,2024-06-14,117,11,19178714,1743519,0.094017,0.24,30.76
179000000000000005,180000000000000008,2024-06-14,507,52,25371010,487904,0.102564,2.26,196.1
179000000000000001,180000000000000001,2024-06-15,1361,41,33383442,814230,0.030125,0.31,35.17
179000000000000001,180000000000000002,2024-06-15,784,21,22164992,1055476,0.026786,0.16,10.87
179000000000000002,180000000000000003,2024-06-15,351,21,14734389,701638,0.059829,0.75,66.34
179000000000000002,180000000000000004,2024-06-15,166,9,6491109,721234,0.054217,0.35,45.91
179000000000000003,180000000000000005,2024-06-15,364,19,18516145,974534,0.052198,0.33,36.61
179000000000000004,180000000000000006,2024-06-15,220,18,37484370,2082465,0.081818,0.48,44.33
179000000000000004,180000000000000007,2024-06-15,180,13,27322137,2101703,0.072222,0.29,30.97
179000000000000005,180000000000000008,2024-06-15,363,37,18516145,500436,0.101928,1.95,187.95
179000000000000001,180000000000000001,2024-06-16,1962,57,41665358,730971,0.029052,0.44,34.86
179000000000000001,180000000000000002,2024-06-16,780,22,23284879,1058404,0.028205,0.17,19.86
179000000000000002,180000000000000003,2024-06-16,332,19,14764296,777068,0.057229,0.75,59.03
179000000000000002,180000000000000004,2024-06-16,337,20,17710823,885541,0.059347,0.7,82.99
179000000000000003,180000000000000005,2024-06-16,712,26,21650079,832695,0.036517,0.42,38.69
179000000000000004,180000000000000006,2024-06-16,272,24,44763788,1865158,0.088235,0.61,50.9
179000000000000004,180000000000000007,2024-06-16,230,14,31011489,2215106,0.06087,0.29,18.7
179000000000000005,180000000000000008,2024-06-16,525,56,21650079,386609,0.106667,2.6,318.76
179000000000000001,180000000000000001,2024-06-17,1540,45,42379505,941767,0.029221,0.34,27.31
179000000000000001,180000000000000002,2024-06-17,1702,53,32192710,607410,0.03114,0.43,29.07
179000000000000002,180000000000000003,2024-06-17,403,26,19486934,749497,0.064516,0.8,70.46
179000000000000002,180000000000000004,2024-06-17,388,22,17799172,809053,0.056701,0.85,53.77
179000000000000003,180000000000000005,2024-06-17,731,33,24857405,753255,0.045144,0.55,50.13
179000000000000004,180000000000000006,2024-06-17,451,32,56744422,1773263,0.070953,0.94,103.16
179000000000000004,180000000000000007,2024-06-17,223,13,30256496,2327423,0.058296,0.28,14.71
179000000000000005,180000000000000008,2024-06-17,464,53,24857405,469008,0.114224,2.48,290.37
179000000000000001,180000000000000001,2024-06-18,2125,54,58675858,1086590,0.025412,0.43,50.54
179000000000000001,180000000000000002,2024-06-18,583,20,21733909,1086695,0.034305,0.12,15.45
179000000000000002,180000000000000003,2024-06-18,760,42,23110385,550247,0.055263,1.5,115.84
179000000000000002,180000000000000004,2024-06-18,623,36,25155694,698769,0.057785,0.9,90.6
179000000000000003,180000000000000005,2024-06-18,692,27,32177385,1191755,0.039017,0.35,30.71
179000000000000004,180000000000000006,2024-06-18,413,36,66578545,1849404,0.087167,1.07,70.35
179000000000000004,180000000000000007,2024-06-18,449,30,46042304,1534743,0.066815,0.84,79.51
179000000000000005,180000000000000008,2024-06-18,894,76,32177386,423387,0.085011,3.5,297.7
179000000000000001,180000000000000001,2024-06-19,1749,43,40273629,936596,0.024585,0.37,40.05
179000000000000001,180000000000000002,2024-06-19,825,25,29184346,1167374,0.030303,0.23,23.37
179000000000000002,180000000000000003,2024-06-19,384,20,17467221,873361,0.052083,0.66,29.97
179000000000000002,180000000000000004,2024-06-19,520,25,17261766,690471,0.048077,1.02,104.77
179000000000000003,180000000000000005,2024-06-19,549,24,23152658,964694,0.043716,0.34,29.96
179000000000000004,180000000000000006,2024-06-19,374,25,48383712,1935348,0.066845,0.63,59.12
179000000000000004,180000000000000007,2024-06-19,291,24,32650591,1360441,0.082474,0.64,50.53
179000000000000005,180000000000000008,2024-06-19,482,46,23152658,503319,0.095436,2.17,204.15
179000000000000001,180000000000000001,2024-06-20,1244,38,29982587,789015,0.030547,0.37,36.71
179000000000000001,180000000000000002,2024-06-20,703,22,22073101,1003323,0.031294,0.22,23.43
179000000000000002,180000000000000003,2024-06-20,338,23,16456600,715504,0.068047,0.97,97.56
179000000000000002,180000000000000004,2024-06-20,539,23,15601255,678315,0.042672,0.86,60.57
179000000000000003,180000000000000005,2024-06-20,305,14,12032835,859488,0.045902,0.21,24.28
179000000000000004,180000000000000006,2024-06-20,355,26,47834323,1839782,0.073239,0.7,54.71
179000000000000004,180000000000000007,2024-06-20,199,12,26967338,2247278,0.060302,0.28,25.67
179000000000000005,180000000000000008,2024-06-20,497,44,21371903,485725,0.088531,2.18,139.05
179000000000000001,180000000000000001,2024-06-21,2119,43,41022716,954017,0.020293,0.36,30.27
179000000000000001,180000000000000002,2024-06-21,1143,32,31828089,994628,0.027997,0.22,19.51
179000000000000002,180000000000000003,2024-06-21,433,24,17080596,711692,0.055427,0.76,91.87
179000000000000002,180000000000000004,2024-06-21,549,26,19344807,744031,0.047359,1.0,124.42
179000000000000003,180000000000000005,2024-06-21,531,24,24283602,1011817,0.045198,0.31,26.33
179000000000000004,180000000000000006,2024-06-21,411,29,50977885,1757858,0.07056,0.81,80.76
179000000000000004,180000000000000007,2024-06-21,210,15,34014722,2267648,0.071429,0.48,33.43
179000000000000005,180000000000000008,2024-06-21,495,50,24283602,485672,0.10101,2.61,189.89
179000000000000001,180000000000000001,2024-06-22,1613,43,36665444,852685,0.026658,0.34,20.36
179000000000000001,180000000000000002,2024-06-22,1125,26,31536691,1212950,0.023111,0.26,23.62
179000000000000002,180000000000000003,2024-06-22,430,22,19591592,890527,0.051163,0.68,51.91
179000000000000002,180000000000000004,2024-06-22,356,16,14509475,906842,0.044944,0.61,54.72
179000000000000003,180000000000000005,2024-06-22,385,21,22734044,1082574,0.054545,0.3,15.59
179000000000000004,180000000000000006,2024-06-22,421,34,47044858,1383672,0.08076,0.89,62.75
179000000000000004,180000000000000007,2024-06-22,295,21,32524299,1548776,0.071186,0.56,49.8
179000000000000005,180000000000000008,2024-06-22,350,43,22734045,528699,0.122857,1.85,179.01
179000000000000001,180000000000000001,2024-06-23,2387,61,53589975,878524,0.025555,0.46,26.74
179000000000000001,180000000000000002,2024-06-23,1022,35,33291365,951182,0.034247,0.24,23.78
179000000000000002,180000000000000003,2024-06-23,809,43,25709222,597889,0.053152,1.51,115.72
179000000000000002,180000000000000004,2024-06-23,430,20,17731448,886572,0.046512,0.7,74.18
179000000000000003,180000000000000005,2024-06-23,540,26,28960447,1113863,0.048148,0.38,38.99
179000000000000004,180000000000000006,2024-06-23,550,43,65906523,1532710,0.078182,1.26,108.08
179000000000000004,180000000000000007,2024-06-23,147,8,17469072,2183634,0.054422,0.19,13.25
179000000000000005,180000000000000008,2024-06-23,640,62,28960447,467104,0.096875,2.77,213.36
179000000000000001,180000000000000001,2024-06-24,1175,33,38555556,1168350,0.028085,0.24,24.21
179000000000000001,180000000000000002,2024-06-24,1144,35,30864464,881842,0.030594,0.32,23.01
179000000000000002,180000000000000003,2024-06-24,357,22,17998369,818108,0.061625,0.64,34.72
179000000000000002,180000000000000004,2024-06-24,590,24,16711640,696318,0.040678,0.72,64.96
179000000000000003,180000000000000005,2024-06-24,453,24,23140007,964167,0.05298,0.39,46.16
179000000000000004,180000000000000006,2024-06-24,366,27,51432424,1904905,0.07377,0.7,55.34
179000000000000004,180000000000000007,2024-06-24,146,12,29557600,2463133,0.082192,0.29,28.21
179000000000000005,180000000000000008,2024-06-24,370,39,17082121,438003,0.105405,1.49,121.41
179000000000000001,180000000000000001,2024-06-25,1945,45,47206018,1049023,0.023136,0.36,29.39
179000000000000001,180000000000000002,2024-06-25,1378,36,33883922,941220,0.026125,0.27,21.99
179000000000000002,180000000000000003,2024-06-25,408,21,19861896,945805,0.051471,0.75,86.3
179000000000000002,180000000000000004,2024-06-25,582,28,20683074,738681,0.04811,1.06,63.07
179000000000000003,180000000000000005,2024-06-25,764,33,27029980,819090,0.043194,0.53,35.78
179000000000000004,180000000000000006,2024-06-25,392,26,39107186,1504123,0.066327,0.75,70.37
179000000000000004,180000000000000007,2024-06-25,346,22,37247363,1693062,0.063584,0.7,60.46
179000000000000005,180000000000000008,2024-06-25,769,60,27029980,450500,0.078023,2.59,206.78
179000000000000001,180000000000000001,2024-06-26,1014,31,27913815,900446,0.030572,0.22,17.66
179000000000000001,180000000000000002,2024-06-26,970,29,24784923,854653,0.029897,0.26,15.49
179000000000000002,180000000000000003,2024-06-26,317,23,16408790,713426,0.072555,0.97,110.73
179000000000000002,180000000000000004,2024-06-26,505,21,16960072,807622,0.041584,0.87,56.81
179000000000000003,180000000000000005,2024-06-26,394,21,22245909,1059329,0.053299,0.34,43.56
179000000000000004,180000000000000006,2024-06-26,271,20,31514598,1575730,0.073801,0.59,46.42
179000000000000004,180000000000000007,2024-06-26,117,11,27268913,2478992,0.094017,0.35,41.64
179000000000000005,180000000000000008,2024-06-26,729,65,22245908,342245,0.089163,2.69,336.63
179000000000000001,180000000000000001,2024-06-27,1214,31,37484860,1209189,0.025535,0.21,26.0
179000000000000001,180000000000000002,2024-06-27,1251,38,30357750,798888,0.030376,0.25,18.97
179000000000000002,180000000000000003,2024-06-27,488,21,18586803,885086,0.043033,0.7,80.84
179000000000000002,180000000000000004,2024-06-27,396,20,15334502,766725,0.050505,0.51,24.9
179000000000000003,180000000000000005,2024-06-27,506,25,22614204,904568,0.049407,0.37,33.78
179000000000000004,180000000000000006,2024-06-27,300,26,49278854,1895341,0.086667,0.68,49.74
179000000000000004,180000000000000007,2024-06-27,168,10,12805071,1280507,0.059524,0.28,21.87
179000000000000005,180000000000000008,2024-06-27,403,40,22614203,565355,0.099256,1.68,101.6
179000000000000001,180000000000000001,2024-06-28,2190,46,47229385,1026726,0.021005,0.38,37.41
179000000000000001,180000000000000002,2024-06-28,1347,35,30744434,878412,0.025984,0.28,19.68
179000000000000002,180000000000000003,2024-06-28,328,23,19091066,830046,0.070122,1.02,64.07
179000000000000002,180000000000000004,2024-06-28,653,30,19895844,663195,0.045942,1.26,59.66
179000000000000003,180000000000000005,2024-06-28,560,27,25991273,962640,0.048214,0.48,43.57
179000000000000004,180000000000000006,2024-06-28,342,29,58503332,2017356,0.084795,0.77,69.72
179000000000000004,180000000000000007,2024-06-28,287,24,32466124,1352755,0.083624,0.66,81.96
179000000000000005,180000000000000008,2024-06-28,541,58,25991273,448125,0.107209,2.68,193.44
179000000000000001,180000000000000001,2024-06-29,2270,47,42457723,903356,0.020705,0.35,36.42
179000000000000001,180000000000000002,2024-06-29,1050,36,29613828,822606,0.034286,0.25,23.95
179000000000000002,180000000000000003,2024-06-29,414,21,16261295,774347,0.050725,0.68,66.86
179000000000000002,180000000000000004,2024-06-29,412,25,19774480,790979,0.06068,1.03,76.56
179000000000000003,180000000000000005,2024-06-29,554,25,24023850,960954,0.045126,0.38,34.68
179000000000000004,180000000000000006,2024-06-29,324,26,44448850,1709571,0.080247,0.81,77.37
179000000000000004,180000000000000007,2024-06-29,327,22,39634626,1801574,0.067278,0.61,38.24
179000000000000005,180000000000000008,2024-06-29,671,52,24023850,461997,0.077496,2.66,264.33
179000000000000001,180000000000000001,2024-06-30,2435,54,40650046,752779,0.022177,0.43,54.53
179000000000000001,180000000000000002,2024-06-30,846,24,25038100,1043254,0.028369,0.2,11.69
179000000000000002,180000000000000003,2024-06-30,602,31,17383356,560753,0.051495,1.28,106.67
179000000000000002,180000000000000004,2024-06-30,360,19,15460716,813722,0.052778,0.74,61.29
179000000000000003,180000000000000005,2024-06-30,478,25,21896049,875842,0.052301,0.37,37.25
179000000000000004,180000000000000006,2024-06-30,358,32,46322473,1447577,0.089385,0.86,53.43
179000000000000004,180000000000000007,2024-06-30,259,21,30313699,1443509,0.081081,0.68,39.48
179000000000000005,180000000000000008,2024-06-30,378,42,21896049,521334,0.111111,1.73,160.85
179000000000000001,180000000000000001,2024-07-01,1892,38,32088574,844436,0.020085,0.29,29.42
179000000000000001,180000000000000002,2024-07-01,581,16,21752401,1359525,0.027539,0.14,12.1
179000000000000002,180000000000000003,2024-07-01,335,15,14837092,989139,0.044776,0.56,45.62
179000000000000002,180000000000000004,2024-07-01,174,9,5059087,562121,0.051724,0.28,24.49
179000000000000003,180000000000000005,2024-07-01,423,19,17946991,944578,0.044917,0.26,16.51
179000000000000004,180000000000000006,2024-07-01,280,21,36326282,1729823,0.075,0.53,50.16
179000000000000004,180000000000000007,2024-07-01,154,13,26488188,2037553,0.084416,0.39,42.27
179000000000000005,180000000000000008,2024-07-01,339,34,17946992,527853,0.100295,1.63,130.05
179000000000000001,180000000000000001,2024-07-02,1724,43,37751148,877934,0.024942,0.3,21.25
179000000000000001,180000000000000002,2024-07-02,893,22,21770518,989569,0.024636,0.19,16.66
179000000000000002,180000000000000003,2024-07-02,259,9,8657085,961898,0.034749,0.35,36.66
179000000000000002,180000000000000004,2024-07-02,501,20,14458460,722923,0.03992,0.66,67.74
179000000000000003,180000000000000005,2024-07-02,437,21,19840556,944788,0.048055,0.35,20.43
179000000000000004,180000000000000006,2024-07-02,332,27,38326563,1419502,0.081325,0.62,42.79
179000000000000004,180000000000000007,2024-07-02,237,19,31115380,1637652,0.080169,0.62,78.94
179000000000000005,180000000000000008,2024-07-02,410,42,19840555,472394,0.102439,1.99,177.55
179000000000000001,180000000000000001,2024-07-03,1476,43,39530286,919309,0.029133,0.35,26.21
179000000000000001,180000000000000002,2024-07-03,525,21,16766699,798414,0.04,0.14,9.24
179000000000000002,180000000000000003,2024-07-03,638,28,19553419,698336,0.043887,1.11,58.11
179000000000000002,180000000000000004,2024-07-03,462,22,15188768,690399,0.047619,0.65,73.06
179000000000000003,180000000000000005,2024-07-03,484,25,23161458,926458,0.051653,0.44,42.69
179000000000000004,180000000000000006,2024-07-03,327,30,50976339,1699211,0.091743,0.82,75.98
179000000000000004,180000000000000007,2024-07-03,232,15,30088766,2005918,0.064655,0.4,41.3
179000000000000005,180000000000000008,2024-07-03,320,36,23161458,643374,0.1125,1.85,159.35
179000000000000001,180000000000000001,2024-07-04,1727,53,44597605,841464,0.030689,0.41,50.53
179000000000000001,180000000000000002,2024-07-04,1213,33,31934217,967704,0.027205,0.3,35.6
179000000000000002,180000000000000003,2024-07-04,579,18,13063086,725727,0.031088,0.68,73.44
179000000000000002,180000000000000004,2024-07-04,275,18,15601226,866735,0.065455,0.62,68.36
179000000000000003,180000000000000005,2024-07-04,565,24,25510608,1062942,0.042478,0.3,19.4
179000000000000004,180000000000000006,2024-07-04,290,26,49075023,1887501,0.089655,0.74,81.1
179000000000000004,180000000000000007,2024-07-04,291,23,40212103,1748352,0.079038,0.69,56.65
179000000000000005,180000000000000008,2024-07-04,451,47,25510607,542779,0.104213,2.3,194.61
179000000000000001,180000000000000001,2024-07-05,2423,48,41396387,862425,0.01981,0.43,28.39
179000000000000001,180000000000000002,2024-07-05,2056,48,32036935,667436,0.023346,0.34,29.22
179000000000000002,180000000000000003,2024-07-05,505,34,19524889,574261,0.067327,1.22,102.93
179000000000000002,180000000000000004,2024-07-05,475,21,17191773,818656,0.044211,0.62,45.08
179000000000000003,180000000000000005,2024-07-05,454,27,24477774,906584,0.059471,0.41,38.02
179000000000000004,180000000000000006,2024-07-05,283,23,49036322,2132014,0.081272,0.5,48.73
179000000000000004,180000000000000007,2024-07-05,217,19,36635889,1928205,0.087558,0.49,26.43
179000000000000005,180000000000000008,2024-07-05,489,62,24477774,394803,0.126789,3.04,207.7
179000000000000001,180000000000000001,2024-07-06,1426,37,46588740,1259155,0.025947,0.3,26.86
179000000000000001,180000000000000002,2024-07-06,1732,44,39894156,906685,0.025404,0.4,40.65
179000000000000002,180000000000000003,2024-07-06,766,43,25341189,589330,0.056136,1.61,102.47
179000000000000002,180000000000000004,2024-07-06,398,21,17900260,852393,0.052764,0.65,51.66
179000000000000003,180000000000000005,2024-07-06,473,26,28827633,1108755,0.054968,0.3,18.86
179000000000000004,180000000000000006,2024-07-06,451,32,59847953,1870249,0.070953,1.03,82.38
179000000000000004,180000000000000007,2024-07-06,338,23,41048761,1784729,0.068047,0.58,50.57
179000000000000005,180000000000000008,2024-07-06,628,77,28827632,374385,0.122611,3.2,372.86
179000000000000001,180000000000000001,2024-07-07,1608,40,44224248,1105606,0.024876,0.31,25.64
179000000000000001,180000000000000002,2024-07-07,719,23,21977586,955547,0.031989,0.17,13.74
179000000000000002,180000000000000003,2024-07-07,390,21,16613306,791110,0.053846,0.67,71.52
179000000000000002,180000000000000004,2024-07-07,483,25,16487610,659504,0.05176,0.84,91.38
179000000000000003,180000000000000005,2024-07-07,523,21,22067278,1050823,0.040153,0.37,42.33
179000000000000004,180000000000000006,2024-07-07,375,28,45416223,1622008,0.074667,0.72,49.01
179000000000000004,180000000000000007,2024-07-07,196,15,31819250,2121283,0.076531,0.38,34.38
179000000000000005,180000000000000008,2024-07-07,391,41,22067278,538226,0.104859,1.75,194.86
179000000000000001,180000000000000001,2024-07-08,2003,53,42669435,805084,0.02646,0.49,38.73
179000000000000001,180000000000000002,2024-07-08,757,26,29771130,1145043,0.034346,0.21,24.52
179000000000000002,180000000000000003,2024-07-08,557,21,20110766,957656,0.037702,0.69,32.5
179000000000000002,180000000000000004,2024-07-08,173,10,8871677,887168,0.057803,0.38,40.34
179000000000000003,180000000000000005,2024-07-08,432,23,24146854,1049863,0.053241,0.4,28.78
179000000000000004,180000000000000006,2024-07-08,292,25,49721981,1988879,0.085616,0.69,63.89
179000000000000004,180000000000000007,2024-07-08,96,7,15788524,2255503,0.072917,0.21,12.74
179000000000000005,180000000000000008,2024-07-08,336,33,16920753,512750,0.098214,1.36,97.04
179000000000000001,180000000000000001,2024-07-09,1790,41,43417680,1058968,0.022905,0.32,25.82
179000000000000001,180000000000000002,2024-07-09,1513,35,31058289,887380,0.023133,0.3,38.83
179000000000000002,180000000000000003,2024-07-09,461,23,18754674,815421,0.049892,0.93,94.5
179000000000000002,180000000000000004,2024-07-09,530,29,18483310,637356,0.054717,0.96,98.44
179000000000000003,180000000000000005,2024-07-09,443,30,24825323,827511,0.06772,0.46,49.8
179000000000000004,180000000000000006,2024-07-09,345,25,51533208,2061328,0.072464,0.66,43.01
179000000000000004,180000000000000007,2024-07-09,236,21,35355420,1683591,0.088983,0.59,57.14
179000000000000005,180000000000000008,2024-07-09,542,46,24825323,539681,0.084871,2.27,215.02
179000000000000001,180000000000000001,2024-07-10,2175,53,43436192,819551,0.024368,0.37,25.08
179000000000000001,180000000000000002,2024-07-10,1177,31,31673981,1021741,0.026338,0.29,21.04
179000000000000002,180000000000000003,2024-07-10,456,26,20430834,785801,0.057018,0.79,41.22
179000000000000002,180000000000000004,2024-07-10,597,22,17124252,778375,0.036851,0.72,83.32
179000000000000003,180000000000000005,2024-07-10,845,30,25036724,834557,0.035503,0.49,34.46
179000000000000004,180000000000000006,2024-07-10,296,28,49741521,1776483,0.094595,0.92,82.1
179000000000000004,180000000000000007,2024-07-10,379,21,37887015,1804144,0.055409,0.54,62.49
179000000000000005,180000000000000008,2024-07-10,638,57,25036725,439241,0.089342,2.41,238.5
179000000000000001,180000000000000001,2024-07-11,1632,40,46543383,1163585,0.02451,0.29,33.42
179000000000000001,180000000000000002,2024-07-11,1085,31,23923785,771735,0.028571,0.26,28.51
179000000000000002,180000000000000003,2024-07-11,460,25,17611734,704469,0.054348,0.92,60.89
179000000000000002,180000000000000004,2024-07-11,470,26,17621850,677763,0.055319,0.73,56.34
179000000000000003,180000000000000005,2024-07-11,392,26,23489056,903425,0.066327,0.42,37.96
179000000000000004,180000000000000006,2024-07-11,350,29,49226556,1697467,0.082857,0.75,63.78
179000000000000004,180000000000000007,2024-07-11,138,13,32985141,2537319,0.094203,0.4,40.9
179000000000000005,180000000000000008,2024-07-11,527,52,23489056,451713,0.098672,2.25,181.83
179000000000000001,180000000000000001,2024-07-12,1485,35,36018801,1029109,0.023569,0.24,26.94
179000000000000001,180000000000000002,2024-07-12,1065,28,29586918,1056676,0.026291,0.16,15.6
179000000000000002,180000000000000003,2024-07-12,323,20,15914406,795720,0.06192,0.6,81.43
179000000000000002,180000000000000004,2024-07-12,142,11,10046912,913356,0.077465,0.33,16.02
179000000000000003,180000000000000005,2024-07-12,105,8,8993021,1124128,0.07619,0.1,7.87
179000000000000004,180000000000000006,2024-07-12,340,29,46432827,1601132,0.085294,0.7,78.58
179000000000000004,180000000000000007,2024-07-12,172,16,30107178,1881699,0.093023,0.49,42.75
179000000000000005,180000000000000008,2024-07-12,472,48,21868572,455595,0.101695,2.12,176.76
179000000000000001,180000000000000001,2024-07-13,1955,61,44428226,728332,0.031202,0.5,38.99
179000000000000001,180000000000000002,2024-07-13,902,30,30865838,1028861,0.033259,0.27,14.81
179000000000000002,180000000000000003,2024-07-13,374,20,19704918,985246,0.053476,0.68,89.68
179000000000000002,180000000000000004,2024-07-13,364,22,17942114,815551,0.06044,0.75,58.55
179000000000000003,180000000000000005,2024-07-13,494,26,25098021,965308,0.052632,0.38,31.52
179000000000000004,180000000000000006,2024-07-13,249,19,31334476,1649183,0.076305,0.48,60.51
179000000000000004,180000000000000007,2024-07-13,296,19,34687074,1825635,0.064189,0.57,43.06
179000000000000005,180000000000000008,2024-07-13,577,57,25098021,440316,0.098787,2.4,115.47
179000000000000001,180000000000000001,2024-07-14,1182,34,24233525,712751,0.028765,0.28,25.23
179000000000000001,180000000000000002,2024-07-14,765,17,10256647,603332,0.022222,0.1,13.82
179000000000000002,180000000000000003,2024-07-14,218,13,11730991,902384,0.059633,0.33,42.98
179000000000000002,180000000000000004,2024-07-14,128,6,4858765,809794,0.046875,0.2,21.49
179000000000000003,180000000000000005,2024-07-14,306,14,14491060,1035076,0.045752,0.23,18.03
179000000000000004,180000000000000006,2024-07-14,217,16,32188673,2011792,0.073733,0.38,30.34
179000000000000004,180000000000000007,2024-07-14,111,9,18530038,2058893,0.081081,0.22,17.05
179000000000000005,180000000000000008,2024-07-14,274,32,14491060,452846,0.116788,1.41,144.64
179000000000000001,180000000000000001,2024-07-15,1330,32,30365263,948914,0.02406,0.24,25.99
179000000000000001,180000000000000002,2024-07-15,905,30,28715297,957177,0.033149,0.2,16.48
179000000000000002,180000000000000003,2024-07-15,572,25,15208192,608328,0.043706,0.67,67.63
179000000000000002,180000000000000004,2024-07-15,390,22,14332087,651458,0.05641,0.68,82.34
179000000000000003,180000000000000005,2024-07-15,179,11,10875278,988662,0.061453,0.2,25.22
179000000000000004,180000000000000006,2024-07-15,272,20,40214261,2010713,0.073529,0.5,47.72
179000000000000004,180000000000000007,2024-07-15,204,14,28713058,2050933,0.068627,0.37,35.46
179000000000000005,180000000000000008,2024-07-15,434,47,19693521,419011,0.108295,2.07,145.44
179000000000000001,180000000000000001,2024-07-16,1965,43,35395289,823146,0.021883,0.34,43.42
179000000000000001,180000000000000002,2024-07-16,1257,30,26451341,881711,0.023866,0.28,29.61
179000000000000002,180000000000000003,2024-07-16,456,27,17777104,658411,0.059211,1.12,104.4
179000000000000002,180000000000000004,2024-07-16,238,16,13146211,821638,0.067227,0.47,31.33
179000000000000003,180000000000000005,2024-07-16,519,20,20615543,1030777,0.038536,0.26,21.52
179000000000000004,180000000000000006,2024-07-16,236,19,39630284,2085804,0.080508,0.57,54.85
179000000000000004,180000000000000007,2024-07-16,171,16,32524117,2032757,0.093567,0.47,34.51
179000000000000005,180000000000000008,2024-07-16,362,40,20615543,515389,0.110497,1.82,180.84
179000000000000001,180000000000000001,2024-07-17,981,29,35771701,1233507,0.029562,0.2,20.68
179000000000000001,180000000000000002,2024-07-17,718,21,19033210,906343,0.029248,0.15,16.79
179000000000000002,180000000000000003,2024-07-17,251,19,13788976,725736,0.075697,0.6,80.52
179000000000000002,180000000000000004,2024-07-17,323,18,13613478,756304,0.055728,0.63,42.57
179000000000000003,180000000000000005,2024-07-17,586,24,18268304,761179,0.040956,0.38,25.21
179000000000000004,180000000000000006,2024-07-17,186,16,38580149,2411259,0.086022,0.4,36.64
179000000000000004,180000000000000007,2024-07-17,156,14,25358914,1811351,0.089744,0.39,19.44
179000000000000005,180000000000000008,2024-07-17,378,41,18268303,445568,0.108466,2.04,107.19
179000000000000001,180000000000000001,2024-07-18,1846,44,46465831,1056042,0.023835,0.32,21.27
179000000000000001,180000000000000002,2024-07-18,764,24,22571054,940461,0.031414,0.21,14.24
179000000000000002,180000000000000003,2024-07-18,463,25,18697323,747893,0.053996,0.75,74.37
179000000000000002,180000000000000004,2024-07-18,405,21,15821120,753387,0.051852,0.83,102.9
179000000000000003,180000000000000005,2024-07-18,480,20,23012295,1150615,0.041667,0.31,18.86
179000000000000004,180000000000000006,2024-07-18,276,20,34367824,1718391,0.072464,0.46,53.34
179000000000000004,180000000000000007,2024-07-18,232,16,31448667,1965542,0.068966,0.42,28.95
179000000000000005,180000000000000008,2024-07-18,509,52,23012295,442544,0.102161,2.38,197.82
179000000000000001,180000000000000001,2024-07-19,1203,32,30572810,955400,0.0266,0.24,21.74
179000000000000001,180000000000000002,2024-07-19,832,25,24046237,961849,0.030048,0.21,17.03
179000000000000002,180000000000000003,2024-07-19,266,16,14797652,924853,0.06015,0.58,47.17
179000000000000002,180000000000000004,2024-07-19,358,18,12511871,695104,0.050279,0.58,37.8
179000000000000003,180000000000000005,2024-07-19,398,18,18206349,1011464,0.045226,0.26,26.11
179000000000000004,180000000000000006,2024-07-19,203,16,37527146,2345447,0.078818,0.47,43.63
179000000000000004,180000000000000007,2024-07-19,223,16,26195075,1637192,0.071749,0.54,42.29
179000000000000005,180000000000000008,2024-07-19,378,35,18206349,520181,0.092593,1.46,82.07
179000000000000001,180000000000000001,2024-07-20,1382,36,35124717,975687,0.026049,0.3,23.8
179000000000000001,180000000000000002,2024-07-20,280,14,10515643,751117,0.05,0.09,4.45
179000000000000002,180000000000000003,2024-07-20,445,24,15595232,649801,0.053933,0.7,69.42
179000000000000002,180000000000000004,2024-07-20,389,22,14435427,656156,0.056555,0.84,41.96
179000000000000003,180000000000000005,2024-07-20,168,10,9930208,993021,0.059524,0.11,13.47
179000000000000004,180000000000000006,2024-07-20,233,18,24004988,1333610,0.077253,0.45,53.61
179000000000000004,180000000000000007,2024-07-20,135,10,19963710,1996371,0.074074,0.22,30.22
179000000000000005,180000000000000008,2024-07-20,426,44,20020440,455010,0.103286,1.97,235.47
179000000000000001,180000000000000001,2024-07-21,1488,44,36316576,825377,0.02957,0.35,25.41
179000000000000001,180000000000000002,2024-07-21,1079,25,25336683,1013467,0.02317,0.19,19.41
179000000000000002,180000000000000003,2024-07-21,359,23,15488057,673394,0.064067,0.95,103.37
179000000000000002,180000000000000004,2024-07-21,485,23,15338572,666894,0.047423,0.86,80.46
179000000000000003,180000000000000005,2024-07-21,376,23,20551086,893525,0.06117,0.38,22.12
179000000000000004,180000000000000006,2024-07-21,294,26,45018772,1731491,0.088435,0.84,96.07
179000000000000004,180000000000000007,2024-07-21,219,15,26910029,1794002,0.068493,0.48,37.68
179000000000000005,180000000000000008,2024-07-21,420,42,20551086,489312,0.1,1.82,117.45
179000000000000001,180000000000000001,2024-07-22,1512,40,51865705,1296643,0.026455,0.36,25.98
179000000000000001,180000000000000002,2024-07-22,948,32,28878093,902440,0.033755,0.2,21.19
179000000000000002,180000000000000003,2024-07-22,431,27,21696178,803562,0.062645,0.89,72.05
179000000000000002,180000000000000004,2024-07-22,580,29,18675721,643990,0.05,1.2,116.51
179000000000000003,180000000000000005,2024-07-22,403,26,26914599,1035177,0.064516,0.3,25.65
179000000000000004,180000000000000006,2024-07-22,258,25,49695612,1987824,0.096899,0.71,65.35
179000000000000004,180000000000000007,2024-07-22,246,20,44505487,2225274,0.081301,0.6,25.1
179000000000000005,180000000000000008,2024-07-22,827,64,26914600,420541,0.077388,2.78,308.01
179000000000000001,180000000000000001,2024-07-23,2017,47,39865814,848209,0.023302,0.36,26.65
179000000000000001,180000000000000002,2024-07-23,942,22,22696322,1031651,0.023355,0.18,16.34
179000000000000002,180000000000000003,2024-07-23,285,18,15971906,887328,0.063158,0.62,46.61
179000000000000002,180000000000000004,2024-07-23,263,8,7311399,913925,0.030418,0.2,20.14
179000000000000003,180000000000000005,2024-07-23,465,24,20854045,868919,0.051613,0.4,39.24
179000000000000004,180000000000000006,2024-07-23,213,16,30414977,1900936,0.075117,0.49,60.34
179000000000000004,180000000000000007,2024-07-23,188,16,28512491,1782031,0.085106,0.43,43.28
179000000000000005,180000000000000008,2024-07-23,498,51,20854046,408903,0.10241,2.21,197.5
179000000000000001,180000000000000001,2024-07-24,1503,41,38139433,930230,0.027279,0.3,28.23
179000000000000001,180000000000000002,2024-07-24,1281,26,26546639,1021025,0.020297,0.21,20.38
179000000000000002,180000000000000003,2024-07-24,499,17,9340953,549468,0.034068,0.56,33.02
179000000000000002,180000000000000004,2024-07-24,424,19,16021312,843227,0.044811,0.62,36.29
179000000000000003,180000000000000005,2024-07-24,591,26,21562024,829309,0.043993,0.46,36.4
179000000000000004,180000000000000006,2024-07-24,274,21,50071229,2384344,0.076642,0.72,55.42
179000000000000004,180000000000000007,2024-07-24,231,18,25395855,1410881,0.077922,0.57,41.67
179000000000000005,180000000000000008,2024-07-24,550,53,21562024,406831,0.096364,2.07,160.63
179000000000000001,180000000000000001,2024-07-25,1426,43,43441500,1010267,0.030154,0.37,30.81
179000000000000001,180000000000000002,2024-07-25,854,24,23268877,969537,0.028103,0.24,21.15
179000000000000002,180000000000000003,2024-07-25,347,22,15920447,723657,0.063401,0.81,82.5
179000000000000002,180000000000000004,2024-07-25,326,20,17434743,871737,0.06135,0.62,62.79
179000000000000003,180000000000000005,2024-07-25,505,25,22236792,889472,0.049505,0.42,41.9
179000000000000004,180000000000000006,2024-07-25,292,21,34730469,1653832,0.071918,0.54,40.59
179000000000000004,180000000000000007,2024-07-25,157,13,26378224,2029094,0.082803,0.27,31.35
179000000000000005,180000000000000008,2024-07-25,549,53,22236792,419562,0.096539,2.32,259.38
179000000000000001,180000000000000001,2024-07-26,661,16,20949820,1309364,0.024206,0.12,8.42
179000000000000001,180000000000000002,2024-07-26,800,21,17445806,830753,0.02625,0.2,15.78
179000000000000002,180000000000000003,2024-07-26,277,15,13595896,906393,0.054152,0.57,29.99
179000000000000002,180000000000000004,2024-07-26,360,17,12091251,711250,0.047222,0.59,48.24
179000000000000003,180000000000000005,2024-07-26,352,17,17124765,1007339,0.048295,0.29,30.86
179000000000000004,180000000000000006,2024-07-26,306,21,36961353,1760064,0.068627,0.6,69.8
179000000000000004,180000000000000007,2024-07-26,165,10,22975324,2297532,0.060606,0.29,20.48
179000000000000005,180000000000000008,2024-07-26,301,38,17124765,450652,0.126246,1.64,137.34
179000000000000001,180000000000000001,2024-07-27,1578,46,45384475,986619,0.029151,0.35,25.22
179000000000000001,180000000000000002,2024-07-27,773,24,28538287,1189095,0.031048,0.16,14.4
179000000000000002,180000000000000003,2024-07-27,408,27,16830912,623367,0.066176,0.83,63.83
179000000000000002,180000000000000004,2024-07-27,352,21,20130469,958594,0.059659,0.89,78.96
179000000000000003,180000000000000005,2024-07-27,457,24,24640921,1026705,0.052516,0.31,35.51
179000000000000004,180000000000000006,2024-07-27,461,33,54934846,1664692,0.071584,0.97,76.83
179000000000000004,180000000000000007,2024-07-27,366,20,31308378,1565419,0.054645,0.67,40.8
179000000000000005,180000000000000008,2024-07-27,692,62,24640921,397434,0.089595,2.77,324.25
179000000000000001,180000000000000001,2024-07-28,792,21,22358823,1064706,0.026515,0.17,16.96
179000000000000001,180000000000000002,2024-07-28,640,16,17530746,1095672,0.025,0.15,12.21
179000000000000002,180000000000000003,2024-07-28,591,28,14745361,526620,0.047377,0.98,105.92
179000000000000002,180000000000000004,2024-07-28,293,16,11707560,731722,0.054608,0.65,80.16
179000000000000003,180000000000000005,2024-07-28,389,21,17635280,839775,0.053985,0.26,18.87
179000000000000004,180000000000000006,2024-07-28,266,20,34399282,1719964,0.075188,0.52,43.12
179000000000000004,180000000000000007,2024-07-28,242,17,27324198,1607306,0.070248,0.36,34.66
179000000000000005,180000000000000008,2024-07-28,314,36,17635280,489869,0.11465,1.45,122.83
179000000000000001,180000000000000001,2024-07-29,1056,33,32689725,990598,0.03125,0.24,26.97
179000000000000001,180000000000000002,2024-07-29,810,24,28383223,1182634,0.02963,0.22,16.94
179000000000000002,180000000000000003,2024-07-29,364,20,13941889,697094,0.054945,0.8,59.84
179000000000000002,180000000000000004,2024-07-29,498,22,16594585,754299,0.044177,0.75,86.2
179000000000000003,180000000000000005,2024-07-29,244,12,9437391,786449,0.04918,0.13,16.61
179000000000000004,180000000000000006,2024-07-29,184,12,29083466,2423622,0.065217,0.42,35.92
179000000000000004,180000000000000007,2024-07-29,215,20,29741747,1487087,0.093023,0.56,57.79
179000000000000005,180000000000000008,2024-07-29,359,33,20357649,616898,0.091922,1.6,138.63
179000000000000001,180000000000000001,2024-07-30,939,28,36134398,1290514,0.029819,0.24,24.17
179000000000000001,180000000000000002,2024-07-30,350,11,9056420,823311,0.031429,0.09,10.85
179000000000000002,180000000000000003,2024-07-30,340,23,16269661,707377,0.067647,0.65,62.0
179000000000000002,180000000000000004,2024-07-30,395,17,13829704,813512,0.043038,0.49,44.13
179000000000000003,180000000000000005,2024-07-30,391,16,20066244,1254140,0.040921,0.3,20.95
179000000000000004,180000000000000006,2024-07-30,265,20,40846155,2042308,0.075472,0.57,39.48
179000000000000004,180000000000000007,2024-07-30,272,18,29385701,1632539,0.066176,0.43,44.85
179000000000000005,180000000000000008,2024-07-30,408,45,20066245,445917,0.110294,2.38,198.22
179000000000000001,180000000000000001,2024-07-31,1070,28,34828862,1243888,0.026168,0.23,18.0
179000000000000001,180000000000000002,2024-07-31,856,25,31669428,1266777,0.029206,0.19,17.66
179000000000000002,180000000000000003,2024-07-31,532,28,16388927,585319,0.052632,0.74,69.71
179000000000000002,180000000000000004,2024-07-31,495,23,16860218,733053,0.046465,0.83,59.8
179000000000000003,180000000000000005,2024-07-31,325,20,22166097,1108305,0.061538,0.29,28.69
179000000000000004,180000000000000006,2024-07-31,313,25,45384681,1815387,0.079872,0.66,59.92
179000000000000004,180000000000000007,2024-07-31,198,15,32196657,2146444,0.075758,0.41,31.14
179000000000000005,180000000000000008,2024-07-31,543,50,22166097,443322,0.092081,2.26,210.1
179000000000000001,180000000000000001,2024-08-01,1369,41,42096312,1026739,0.029949,0.28,28.27
179000000000000001,180000000000000002,2024-08-01,795,25,30430062,1217202,0.031447,0.17,18.01
179000000000000002,180000000000000003,2024-08-01,484,26,19780429,760786,0.053719,0.89,81.33
179000000000000002,180000000000000004,2024-08-01,152,7,6254305,893472,0.046053,0.19,22.99
179000000000000003,180000000000000005,2024-08-01,483,27,24175458,895387,0.055901,0.34,31.56
179000000000000004,180000000000000006,2024-08-01,371,30,47302427,1576748,0.080863,0.82,89.55
179000000000000004,180000000000000007,2024-08-01,126,7,16594618,2370660,0.055556,0.21,29.02
179000000000000005,180000000000000008,2024-08-01,515,47,24175458,514371,0.091262,2.12,191.15
179000000000000001,180000000000000001,2024-08-02,1788,50,55323791,1106476,0.027964,0.36,25.84
179000000000000001,180000000000000002,2024-08-02,1293,30,35517807,1183927,0.023202,0.2,20.48
179000000000000002,180000000000000003,2024-08-02,382,27,22678103,839930,0.070681,0.98,90.28
179000000000000002,180000000000000004,2024-08-02,450,28,22742696,812239,0.062222,0.98,99.04
179000000000000003,180000000000000005,2024-08-02,842,39,30280533,776424,0.046318,0.61,46.48
179000000000000004,180000000000000006,2024-08-02,424,37,63306253,1710980,0.087264,1.07,93.04
179000000000000004,180000000000000007,2024-08-02,361,23,42675612,1855461,0.063712,0.63,76.22
179000000000000005,180000000000000008,2024-08-02,726,67,30280533,451948,0.092287,3.32,284.99
179000000000000001,180000000000000001,2024-08-03,1393,38,39255173,1033031,0.027279,0.32,23.69
179000000000000001,180000000000000002,2024-08-03,1043,28,27728653,990309,0.026846,0.25,17.75
179000000000000002,180000000000000003,2024-08-03,465,27,15954783,590918,0.058065,1.01,74.69
179000000000000002,180000000000000004,2024-08-03,471,22,17537129,797142,0.046709,0.81,62.68
179000000000000003,180000000000000005,2024-08-03,407,19,22327942,1175155,0.046683,0.24,26.01
179000000000000004,180000000000000006,2024-08-03,262,18,38782376,2154576,0.068702,0.49,51.2
179000000000000004,180000000000000007,2024-08-03,335,25,39365421,1574617,0.074627,0.66,54.48
179000000000000005,180000000000000008,2024-08-03,380,40,22327942,558199,0.105263,1.61,133.29
179000000000000001,180000000000000001,2024-08-04,2001,48,42867014,893063,0.023988,0.35,27.99
179000000000000001,180000000000000002,2024-08-04,1227,33,31717100,961124,0.026895,0.22,21.57
179000000000000002,180000000000000003,2024-08-04,566,32,20387932,637123,0.056537,1.23,116.11
179000000000000002,180000000000000004,2024-08-04,521,28,16904125,603719,0.053743,1.07,126.58
179000000000000003,180000000000000005,2024-08-04,547,27,24861371,920792,0.04936,0.44,21.66
179000000000000004,180000000000000006,2024-08-04,249,24,36927528,1538647,0.096386,0.64,49.56
179000000000000004,180000000000000007,2024-08-04,225,18,36829563,2046087,0.08,0.59,53.24
179000000000000005,180000000000000008,2024-08-04,485,47,24861371,528965,0.096907,1.99,229.65
179000000000000001,180000000000000001,2024-08-05,1175,35,37550644,1072876,0.029787,0.25,20.61
179000000000000001,180000000000000002,2024-08-05,819,23,20640829,897427,0.028083,0.2,17.26
179000000000000002,180000000000000003,2024-08-05,462,23,14938941,649519,0.049784,0.81,48.29
179000000000000002,180000000000000004,2024-08-05,492,23,14156795,615513,0.046748,0.85,63.15
179000000000000003,180000000000000005,2024-08-05,379,19,19397158,1020903,0.050132,0.32,19.97
179000000000000004,180000000000000006,2024-08-05,325,22,40873545,1857888,0.067692,0.68,67.21
179000000000000004,180000000000000007,2024-08-05,203,20,27016506,1350825,0.098522,0.5,66.91
179000000000000005,180000000000000008,2024-08-05,347,41,19397157,473101,0.118156,1.83,151.93
179000000000000001,180000000000000001,2024-08-06,884,20,26850442,1342522,0.022624,0.12,10.1
179000000000000001,180000000000000002,2024-08-06,1146,34,24617509,724044,0.029668,0.35,46.02
179000000000000002,180000000000000003,2024-08-06,375,21,14455237,688345,0.056,0.86,56.44
179000000000000002,180000000000000004,2024-08-06,386,19,17182356,904335,0.049223,0.74,75.85
179000000000000003,180000000000000005,2024-08-06,216,14,12913936,922424,0.064815,0.18,13.55
179000000000000004,180000000000000006,2024-08-06,393,26,42879891,1649227,0.066158,0.63,52.05
179000000000000004,180000000000000007,2024-08-06,206,15,30941159,2062744,0.072816,0.52,50.22
179000000000000005,180000000000000008,2024-08-06,467,54,21091728,390588,0.115632,1.85,126.18
179000000000000001,180000000000000001,2024-08-07,1417,32,36666330,1145823,0.022583,0.26,19.26
179000000000000001,180000000000000002,2024-08-07,1037,23,22272554,968372,0.022179,0.2,17.98
179000000000000002,180000000000000003,2024-08-07,296,18,15588296,866016,0.060811,0.56,70.57
179000000000000002,180000000000000004,2024-08-07,404,21,13881145,661007,0.05198,0.81,47.7
179000000000000003,180000000000000005,2024-08-07,474,25,19646294,785852,0.052743,0.33,22.87
179000000000000004,180000000000000006,2024-08-07,193,17,38792287,2281899,0.088083,0.44,38.61
179000000000000004,180000000000000007,2024-08-07,205,15,29969742,1997983,0.073171,0.49,47.87
179000000000000005,180000000000000008,2024-08-07,490,47,19646294,418006,0.095918,2.3,247.4
179000000000000001,180000000000000001,2024-08-08,1289,38,34692385,912958,0.02948,0.31,29.93
179000000000000001,180000000000000002,2024-08-08,794,18,19897865,1105437,0.02267,0.15,14.28
179000000000000002,180000000000000003,2024-08-08,334,19,16442593,865400,0.056886,0.77,89.87
179000000000000002,180000000000000004,2024-08-08,294,16,10852532,678283,0.054422,0.56,64.7
179000000000000003,180000000000000005,2024-08-08,323,19,18196751,957724,0.058824,0.26,23.0
179000000000000004,180000000000000006,2024-08-08,197,18,37367796,2075989,0.091371,0.57,59.37
179000000000000004,180000000000000007,2024-08-08,242,14,26320830,1880059,0.057851,0.43,37.82
179000000000000005,180000000000000008,2024-08-08,431,34,12989169,382034,0.078886,1.34,148.73
179000000000000001,180000000000000001,2024-08-09,798,22,20899538,949979,0.027569,0.16,14.8
179000000000000001,180000000000000002,2024-08-09,949,24,15295387,637308,0.02529,0.18,14.87
179000000000000002,180000000000000003,2024-08-09,320,15,13188770,879251,0.046875,0.46,54.18
179000000000000002,180000000000000004,2024-08-09,341,16,11157063,697316,0.046921,0.49,43.68
179000000000000003,180000000000000005,2024-08-09,323,16,16230556,1014410,0.049536,0.25,24.43
179000000000000004,180000000000000006,2024-08-09,369,24,37489358,1562057,0.065041,0.63,67.61
179000000000000004,180000000000000007,2024-08-09,206,12,19317588,1609799,0.058252,0.28,31.34
179000000000000005,180000000000000008,2024-08-09,354,34,16230556,477369,0.096045,1.47,122.96
179000000000000001,180000000000000001,2024-08-10,1992,55,46313805,842069,0.02761,0.42,37.96
179000000000000001,180000000000000002,2024-08-10,928,23,25405062,1104568,0.024784,0.18,15.85
179000000000000002,180000000000000003,2024-08-10,287,21,15380504,732405,0.073171,0.7,60.89
179000000000000002,180000000000000004,2024-08-10,733,29,20478929,706170,0.039563,0.98,96.62
179000000000000003,180000000000000005,2024-08-10,286,12,13238588,1103216,0.041958,0.17,17.52
179000000000000004,180000000000000006,2024-08-10,408,28,50235343,1794119,0.068627,0.86,65.91
179000000000000004,180000000000000007,2024-08-10,255,18,33436667,1857593,0.070588,0.56,63.76
179000000000000005,180000000000000008,2024-08-10,290,32,15077896,471184,0.110345,1.76,208.14
179000000000000001,180000000000000001,2024-08-11,933,21,25467875,1212756,0.022508,0.17,9.17
179000000000000001,180000000000000002,2024-08-11,655,22,21713270,986967,0.033588,0.16,9.93
179000000000000002,180000000000000003,2024-08-11,451,24,15712143,654673,0.053215,0.93,70.43
179000000000000002,180000000000000004,2024-08-11,296,18,14768321,820462,0.060811,0.75,83.88
179000000000000003,180000000000000005,2024-08-11,294,19,20320310,1069490,0.064626,0.29,27.74
179000000000000004,180000000000000006,2024-08-11,368,26,43494062,1672849,0.070652,0.75,50.45
179000000000000004,180000000000000007,2024-08-11,197,14,27627024,1973359,0.071066,0.48,43.7
179000000000000005,180000000000000008,2024-08-11,478,39,20320310,521034,0.08159,1.77,178.21
179000000000000001,180000000000000001,2024-08-12,1942,55,41382691,752413,0.028321,0.44,32.98
179000000000000001,180000000000000002,2024-08-12,957,21,24530722,1168130,0.021944,0.13,6.6
179000000000000002,180000000000000003,2024-08-12,509,29,18375003,633621,0.056974,1.09,81.22
179000000000000002,180000000000000004,2024-08-12,369,17,14581703,857747,0.04607,0.7,62.48
179000000000000003,180000000000000005,2024-08-12,416,21,21971138,1046245,0.050481,0.29,25.69
179000000000000004,180000000000000006,2024-08-12,317,21,45356834,2159849,0.066246,0.52,54.39
179000000000000004,180000000000000007,2024-08-12,220,13,31542147,2426319,0.059091,0.39,22.67
179000000000000005,180000000000000008,2024-08-12,339,41,21971137,535881,0.120944,1.88,159.23
179000000000000001,180000000000000001,2024-08-13,1867,45,36882249,819606,0.024103,0.35,28.55
179000000000000001,180000000000000002,2024-08-13,1361,32,26584229,830757,0.023512,0.2,13.95
179000000000000002,180000000000000003,2024-08-13,447,22,15811853,718721,0.049217,0.77,60.8
179000000000000002,180000000000000004,2024-08-13,146,7,7122199,1017457,0.047945,0.24,22.81
179000000000000003,180000000000000005,2024-08-13,492,23,21155492,919804,0.046748,0.31,28.8
179000000000000004,180000000000000006,2024-08-13,405,25,39062263,1562491,0.061728,0.74,63.71
179000000000000004,180000000000000007,2024-08-13,249,17,34981959,2057762,0.068273,0.54,46.86
179000000000000005,180000000000000008,2024-08-13,489,44,21155492,480807,0.08998,2.16,154.39
179000000000000001,180000000000000001,2024-08-14,2831,57,42405067,743949,0.020134,0.49,52.86
179000000000000001,180000000000000002,2024-08-14,407,20,17619409,880970,0.04914,0.17,10.97
179000000000000002,180000000000000003,2024-08-14,470,27,18474049,684224,0.057447,0.97,120.13
179000000000000002,180000000000000004,2024-08-14,485,25,20295035,811801,0.051546,0.95,71.23
179000000000000003,180000000000000005,2024-08-14,573,29,25846057,891243,0.050611,0.52,64.93
179000000000000004,180000000000000006,2024-08-14,373,26,57814287,2223626,0.069705,0.66,50.68
179000000000000004,180000000000000007,2024-08-14,210,15,32646911,2176461,0.071429,0.45,37.4
179000000000000005,180000000000000008,2024-08-14,720,67,25846057,385762,0.093056,3.01,294.02
179000000000000001,180000000000000001,2024-08-15,1998,42,36385150,866313,0.021021,0.37,30.83
179000000000000001,180000000000000002,2024-08-15,1440,33,24714948,748938,0.022917,0.28,20.64
179000000000000002,180000000000000003,2024-08-15,279,19,15149952,797366,0.0681,0.82,69.56
179000000000000002,180000000000000004,2024-08-15,442,23,15400096,669569,0.052036,0.82,72.83
179000000000000003,180000000000000005,2024-08-15,480,22,20366700,925759,0.045833,0.41,46.08
179000000000000004,180000000000000006,2024-08-15,268,18,42851876,2380660,0.067164,0.58,33.98
179000000000000004,180000000000000007,2024-08-15,228,13,28431572,2187044,0.057018,0.28,33.43
179000000000000005,180000000000000008,2024-08-15,417,43,20366700,473644,0.103118,1.88,189.0
179000000000000001,180000000000000001,2024-08-16,1598,45,34275614,761680,0.02816,0.29,31.94
179000000000000001,180000000000000002,2024-08-16,1460,31,28533415,920433,0.021233,0.24,14.54
179000000000000002,180000000000000003,2024-08-16,355,21,16884042,804002,0.059155,0.78,69.94
179000000000000002,180000000000000004,2024-08-16,268,17,14520473,854145,0.063433,0.63,34.78
179000000000000003,180000000000000005,2024-08-16,508,24,20936344,872348,0.047244,0.33,35.67
179000000000000004,180000000000000006,2024-08-16,340,27,42147498,1561018,0.079412,0.65,77.18
179000000000000004,180000000000000007,2024-08-16,391,22,31129703,1414986,0.056266,0.7,83.68
179000000000000005,180000000000000008,2024-08-16,479,49,20936343,427272,0.102296,2.47,238.84
179000000000000001,180000000000000001,2024-08-17,1489,31,32544393,1049819,0.020819,0.27,26.02
179000000000000001,180000000000000002,2024-08-17,622,21,20591974,980570,0.033762,0.18,13.43
179000000000000002,180000000000000003,2024-08-17,296,20,12434962,621748,0.067568,0.78,85.46
179000000000000002,180000000000000004,2024-08-17,481,19,14133222,743854,0.039501,0.68,77.36
179000000000000003,180000000000000005,2024-08-17,362,21,17712123,843434,0.058011,0.29,28.08
179000000000000004,180000000000000006,2024-08-17,275,19,36168253,1903592,0.069091,0.48,51.59
179000000000000004,180000000000000007,2024-08-17,216,17,25824174,1519069,0.078704,0.52,57.63
179000000000000005,180000000000000008,2024-08-17,335,34,17712122,520945,0.101493,1.43,105.64
179000000000000001,180000000000000001,2024-08-18,1513,38,35020365,921589,0.025116,0.37,27.06
179000000000000001,180000000000000002,2024-08-18,1064,31,26407373,851851,0.029135,0.24,20.94
179000000000000002,180000000000000003,2024-08-18,391,20,16615885,830794,0.051151,0.8,72.15
179000000000000002,180000000000000004,2024-08-18,510,24,14097985,587416,0.047059,0.71,78.58
179000000000000003,180000000000000005,2024-08-18,478,20,20475913,1023796,0.041841,0.3,31.05
179000000000000004,180000000000000006,2024-08-18,330,27,42842523,1586760,0.081818,0.74,72.32
179000000000000004,180000000000000007,2024-08-18,113,10,16173280,1617328,0.088496,0.27,34.61
179000000000000005,180000000000000008,2024-08-18,497,53,20475912,386338,0.10664,2.6,286.5
179000000000000001,180000000000000001,2024-08-19,1622,37,33531250,906250,0.022811,0.34,27.18
179000000000000001,180000000000000002,2024-08-19,1213,34,39902517,1173603,0.02803,0.2,16.04
179000000000000002,180000000000000003,2024-08-19,512,29,23260717,802094,0.056641,1.05,55.18
179000000000000002,180000000000000004,2024-08-19,537,27,20902994,774185,0.050279,1.0,57.4
179000000000000003,180000000000000005,2024-08-19,476,28,29442475,1051517,0.058824,0.37,37.87
179000000000000004,180000000000000006,2024-08-19,435,35,62928649,1797961,0.08046,0.97,72.2
179000000000000004,180000000000000007,2024-08-19,512,27,40120011,1485926,0.052734,0.85,100.93
179000000000000005,180000000000000008,2024-08-19,787,81,29442475,363487,0.102922,3.69,434.66
179000000000000001,180000000000000001,2024-08-20,1026,27,30365434,1124646,0.026316,0.24,18.36
179000000000000001,180000000000000002,2024-08-20,822,20,22322497,1116125,0.024331,0.17,21.49
179000000000000002,180000000000000003,2024-08-20,330,16,12075668,754729,0.048485,0.66,59.48
179000000000000002,180000000000000004,2024-08-20,416,20,14268297,713415,0.048077,0.66,79.11
179000000000000003,180000000000000005,2024-08-20,400,18,17562644,975702,0.045,0.22,15.6
179000000000000004,180000000000000006,2024-08-20,173,14,23816647,1701189,0.080925,0.45,26.23
179000000000000004,180000000000000007,2024-08-20,148,12,23030751,1919229,0.081081,0.33,37.96
179000000000000005,180000000000000008,2024-08-20,432,36,17562644,487851,0.083333,1.93,169.81
179000000000000001,180000000000000001,2024-08-21,1045,32,25290142,790317,0.030622,0.27,26.29
179000000000000001,180000000000000002,2024-08-21,964,22,21740612,988210,0.022822,0.19,14.78
179000000000000002,180000000000000003,2024-08-21,223,13,11374306,874947,0.058296,0.51,57.01
179000000000000002,180000000000000004,2024-08-21,359,16,12141072,758817,0.044568,0.52,34.16
179000000000000003,180000000000000005,2024-08-21,294,16,15676919,979807,0.054422,0.21,21.79
179000000000000004,180000000000000006,2024-08-21,234,20,31098735,1554937,0.08547,0.51,46.38
179000000000000004,180000000000000007,2024-08-21,184,14,23770481,1697892,0.076087,0.38,29.62
179000000000000005,180000000000000008,2024-08-21,314,34,15676919,461086,0.10828,1.82,128.62
179000000000000001,180000000000000001,2024-08-22,1901,43,41617032,967838,0.02262,0.38,34.63
179000000000000001,180000000000000002,2024-08-22,1134,33,26215622,794413,0.029101,0.29,29.87
179000000000000002,180000000000000003,2024-08-22,449,28,18943622,676558,0.062361,0.89,77.11
179000000000000002,180000000000000004,2024-08-22,389,18,14972705,831817,0.046272,0.64,54.56
179000000000000003,180000000000000005,2024-08-22,483,27,22610885,837440,0.055901,0.37,38.36
179000000000000004,180000000000000006,2024-08-22,415,27,45132155,1671561,0.06506,0.66,67.77
179000000000000004,180000000000000007,2024-08-22,97,7,16477004,2353858,0.072165,0.2,13.4
179000000000000005,180000000000000008,2024-08-22,636,63,22610885,358903,0.099057,2.83,328.71
179000000000000001,180000000000000001,2024-08-23,1330,32,41414492,1294203,0.02406,0.21,16.52
179000000000000001,180000000000000002,2024-08-23,711,20,23985029,1199251,0.028129,0.18,21.18
179000000000000002,180000000000000003,2024-08-23,411,27,16432684,608618,0.065693,1.05,84.25
179000000000000002,180000000000000004,2024-08-23,387,22,16267076,739413,0.056848,0.84,59.34
179000000000000003,180000000000000005,2024-08-23,415,22,21799840,990902,0.053012,0.33,39.42
179000000000000004,180000000000000006,2024-08-23,246,21,30011091,1429100,0.085366,0.73,64.96
179000000000000004,180000000000000007,2024-08-23,331,22,29546024,1343001,0.066465,0.73,65.92
179000000000000005,180000000000000008,2024-08-23,522,49,21799841,444895,0.09387,2.01,215.19
179000000000000001,180000000000000001,2024-08-24,1996,43,45381235,1055378,0.021543,0.38,34.25
179000000000000001,180000000000000002,2024-08-24,920,31,31271250,1008750,0.033696,0.24,21.39
179000000000000002,180000000000000003,2024-08-24,390,23,18690223,812618,0.058974,0.75,56.6
179000000000000002,180000000000000004,2024-08-24,456,30,19636019,654534,0.065789,0.83,58.06
179000000000000003,180000000000000005,2024-08-24,611,24,25550828,1064618,0.03928,0.41,20.08
179000000000000004,180000000000000006,2024-08-24,412,31,54033188,1743006,0.075243,0.85,87.15
179000000000000004,180000000000000007,2024-08-24,206,17,35394711,2082042,0.082524,0.49,49.54
179000000000000005,180000000000000008,2024-08-24,699,68,25550828,375747,0.097282,3.32,389.83
179000000000000001,180000000000000001,2024-08-25,1143,31,30392516,980404,0.027122,0.24,16.62
179000000000000001,180000000000000002,2024-08-25,1425,34,25277950,743469,0.02386,0.33,31.17
179000000000000002,180000000000000003,2024-08-25,371,21,13153894,626376,0.056604,0.74,63.4
179000000000000002,180000000000000004,2024-08-25,442,23,14681339,638319,0.052036,0.8,74.35
179000000000000003,180000000000000005,2024-08-25,485,20,18556822,927841,0.041237,0.28,23.76
179000000000000004,180000000000000006,2024-08-25,253,16,37095377,2318461,0.063241,0.52,41.64
179000000000000004,180000000000000007,2024-08-25,190,14,27853499,1989536,0.073684,0.37,25.42
179000000000000005,180000000000000008,2024-08-25,396,39,18556822,475816,0.098485,1.52,117.66
179000000000000001,180000000000000001,2024-08-26,909,23,30733019,1336218,0.025303,0.18,14.26
179000000000000001,180000000000000002,2024-08-26,1227,39,37693733,966506,0.031785,0.27,29.67
179000000000000002,180000000000000003,2024-08-26,582,32,18568359,580261,0.054983,1.26,121.27
179000000000000002,180000000000000004,2024-08-26,748,38,24834059,653528,0.050802,1.07,106.56
179000000000000003,180000000000000005,2024-08-26,479,30,28934946,964498,0.06263,0.39,39.34
179000000000000004,180000000000000006,2024-08-26,322,27,47350888,1753737,0.083851,0.8,98.89
179000000000000004,180000000000000007,2024-08-26,349,23,37200579,1617416,0.065903,0.56,41.4
179000000000000005,180000000000000008,2024-08-26,501,61,28934945,474343,0.121756,3.14,335.86
179000000000000001,180000000000000001,2024-08-27,1602,41,47609852,1161216,0.025593,0.37,43.01
179000000000000001,180000000000000002,2024-08-27,982,29,25001878,862134,0.029532,0.24,16.44
179000000000000002,180000000000000003,2024-08-27,351,23,17120287,744360,0.065527,0.67,32.76
179000000000000002,180000000000000004,2024-08-27,525,27,19185579,710577,0.051429,0.76,43.59
179000000000000003,180000000000000005,2024-08-27,577,24,24203910,1008496,0.041594,0.36,36.5
179000000000000004,180000000000000006,2024-08-27,348,25,52413485,2096539,0.071839,0.72,39.72
179000000000000004,180000000000000007,2024-08-27,235,19,32300200,1700011,0.080851,0.6,64.85
179000000000000005,180000000000000008,2024-08-27,529,62,24203910,390386,0.117202,2.91,366.77
179000000000000001,180000000000000001,2024-08-28,1801,59,42042954,712592,0.03276,0.42,31.26
179000000000000001,180000000000000002,2024-08-28,709,22,22646430,1029383,0.03103,0.14,17.15
179000000000000002,180000000000000003,2024-08-28,289,21,14864888,707852,0.072664,0.81,85.14
179000000000000002,180000000000000004,2024-08-28,194,15,8619537,574636,0.07732,0.45,43.79
179000000000000003,180000000000000005,2024-08-28,253,11,8633405,784855,0.043478,0.12,13.26
179000000000000004,180000000000000006,2024-08-28,302,24,43649052,1818710,0.07947,0.66,66.27
179000000000000004,180000000000000007,2024-08-28,282,15,31821895,2121460,0.053191,0.37,43.11
179000000000000005,180000000000000008,2024-08-28,473,43,21563128,501468,0.090909,1.66,96.9
179000000000000001,180000000000000001,2024-08-29,1849,46,36459811,792605,0.024878,0.37,37.72
179000000000000001,180000000000000002,2024-08-29,1163,27,25968784,961807,0.023216,0.22,26.47
179000000000000002,180000000000000003,2024-08-29,239,16,14787681,924230,0.066946,0.56,61.08
179000000000000002,180000000000000004,2024-08-29,480,22,16426617,746664,0.045833,0.72,61.09
179000000000000003,180000000000000005,2024-08-29,559,21,20809532,990930,0.037567,0.29,21.78
179000000000000004,180000000000000006,2024-08-29,264,25,47110384,1884415,0.094697,0.64,63.47
179000000000000004,180000000000000007,2024-08-29,192,14,25722977,1837356,0.072917,0.35,26.71
179000000000000005,180000000000000008,2024-08-29,457,48,20809532,433532,0.105033,1.96,201.57
179000000000000001,180000000000000001,2024-08-30,1674,42,35667003,849214,0.02509,0.39,44.19
179000000000000001,180000000000000002,2024-08-30,361,13,13007155,1000550,0.036011,0.12,13.42
179000000000000002,180000000000000003,2024-08-30,577,25,15325149,613006,0.043328,0.89,83.08
179000000000000002,180000000000000004,2024-08-30,523,27,17273206,639748,0.051625,1.11,83.29
179000000000000003,180000000000000005,2024-08-30,404,17,21732237,1278367,0.042079,0.29,29.25
179000000000000004,180000000000000006,2024-08-30,316,22,45898456,2086293,0.06962,0.61,50.88
179000000000000004,180000000000000007,2024-08-30,225,16,30164374,1885273,0.071111,0.38,21.54
179000000000000005,180000000000000008,2024-08-30,398,35,21732237,620921,0.08794,1.5,126.87
179000000000000001,180000000000000001,2024-08-31,1190,31,34887042,1125388,0.02605,0.24,16.34
179000000000000001,180000000000000002,2024-08-31,753,22,19351932,879633,0.029216,0.19,9.85
179000000000000002,180000000000000003,2024-08-31,289,20,13476877,673844,0.069204,0.65,52.6
179000000000000002,180000000000000004,2024-08-31,461,22,13642609,620119,0.047722,0.75,47.4
179000000000000003,180000000000000005,2024-08-31,465,20,18079658,903983,0.043011,0.36,19.23
179000000000000004,180000000000000006,2024-08-31,258,18,39886454,2215914,0.069767,0.49,49.84
179000000000000004,180000000000000007,2024-08-31,155,14,23392348,1670882,0.090323,0.42,42.17
179000000000000005,180000000000000008,2024-08-31,404,44,18079658,410901,0.108911,1.85,182.35
179000000000000001,180000000000000001,2024-09-01,1519,36,33347454,926318,0.0237,0.27,24.17
179000000000000001,180000000000000002,2024-09-01,616,18,22228135,1234896,0.029221,0.17,17.94
179000000000000002,180000000000000003,2024-09-01,522,22,15250599,693209,0.042146,0.63,72.93
179000000000000002,180000000000000004,2024-09-01,292,16,12537196,783575,0.054795,0.62,53.0
179000000000000003,180000000000000005,2024-09-01,286,15,18525197,1235013,0.052448,0.26,19.58
179000000000000004,180000000000000006,2024-09-01,214,20,40490277,2024514,0.093458,0.62,71.39
179000000000000004,180000000000000007,2024-09-01,78,5,13562372,2712474,0.064103,0.13,15.23
179000000000000005,180000000000000008,2024-09-01,305,34,18525196,544859,0.111475,1.56,175.76
179000000000000001,180000000000000001,2024-09-02,2031,51,46368327,909183,0.025111,0.46,46.99
179000000000000001,180000000000000002,2024-09-02,223,10,13101980,1310198,0.044843,0.09,3.79
179000000000000002,180000000000000003,2024-09-02,364,16,15613119,975820,0.043956,0.5,24.05
179000000000000002,180000000000000004,2024-09-02,707,30,21171973,705732,0.042433,0.91,102.25
179000000000000003,180000000000000005,2024-09-02,449,27,24523395,908274,0.060134,0.46,55.13
179000000000000004,180000000000000006,2024-09-02,308,29,51155807,1763993,0.094156,0.76,51.9
179000000000000004,180000000000000007,2024-09-02,204,18,34676076,1926449,0.088235,0.55,54.65
179000000000000005,180000000000000008,2024-09-02,414,47,24523395,521774,0.113527,2.01,150.4
179000000000000001,180000000000000001,2024-09-03,3102,96,70492607,734298,0.030948,0.69,67.87
179000000000000001,180000000000000002,2024-09-03,1810,48,42384404,883008,0.026519,0.43,24.18
179000000000000002,180000000000000003,2024-09-03,840,44,30629975,696136,0.052381,1.33,159.45
179000000000000002,180000000000000004,2024-09-03,896,38,25808531,679172,0.042411,1.33,138.79
179000000000000003,180000000000000005,2024-09-03,711,38,37625670,990149,0.053446,0.54,43.84
179000000000000004,180000000000000006,2024-09-03,465,44,82556480,1876284,0.094624,1.02,72.02
179000000000000004,180000000000000007,2024-09-03,258,22,49133368,2233335,0.085271,0.66,63.18
179000000000000005,180000000000000008,2024-09-03,751,70,37625670,537510,0.093209,2.92,233.56
179000000000000001,180000000000000001,2024-09-04,2134,48,53596114,1116586,0.022493,0.42,27.83
179000000000000001,180000000000000002,2024-09-04,1049,40,36342482,908562,0.038132,0.34,29.92
179000000000000002,180000000000000003,2024-09-04,537,30,20251749,675058,0.055866,1.15,113.5
179000000000000002,180000000000000004,2024-09-04,609,34,24717549,726987,0.055829,1.22,92.12
179000000000000003,180000000000000005,2024-09-04,589,29,29979533,1033777,0.049236,0.45,36.0
179000000000000004,180000000000000006,2024-09-04,341,29,62336928,2149549,0.085044,0.82,62.78
179000000000000004,180000000000000007,2024-09-04,339,25,42591435,1703657,0.073746,0.55,47.24
179000000000000005,180000000000000008,2024-09-04,514,62,29979532,483541,0.120623,2.86,198.05
179000000000000001,180000000000000001,2024-09-05,3393,61,60501779,991832,0.017978,0.57,31.26
179000000000000001,180000000000000002,2024-09-05,1393,42,40556834,965639,0.030151,0.37,25.96
179000000000000002,180000000000000003,2024-09-05,737,35,28322271,809208,0.04749,0.94,68.61
179000000000000002,180000000000000004,2024-09-05,400,25,22207036,888281,0.0625,0.82,63.15
179000000000000003,180000000000000005,2024-09-05,853,39,33686204,863749,0.045721,0.56,66.37
179000000000000004,180000000000000006,2024-09-05,508,46,69515464,1511206,0.090551,1.43,137.37
179000000000000004,180000000000000007,2024-09-05,338,28,48386252,1728080,0.08284,0.74,57.85
179000000000000005,180000000000000008,2024-09-05,600,52,33686205,647812,0.086667,2.88,271.01
179000000000000001,180000000000000001,2024-09-06,2151,49,50670060,1034083,0.02278,0.34,31.39
179000000000000001,180000000000000002,2024-09-06,1562,33,32605559,988047,0.021127,0.33,19.07
179000000000000002,180000000000000003,2024-09-06,478,26,24175269,929818,0.054393,0.86,69.67
179000000000000002,180000000000000004,2024-09-06,400,24,17462540,727606,0.06,0.66,69.95
179000000000000003,180000000000000005,2024-09-06,571,25,27758540,1110342,0.043783,0.47,47.56
179000000000000004,180000000000000006,2024-09-06,360,30,54765463,1825515,0.083333,0.73,59.03
179000000000000004,180000000000000007,2024-09-06,303,21,42389425,2018544,0.069307,0.5,45.92
179000000000000005,180000000000000008,2024-09-06,590,61,27758539,455058,0.10339,2.34,220.39
179000000000000001,180000000000000001,2024-09-07,2066,46,45557491,990380,0.022265,0.34,26.18
179000000000000001,180000000000000002,2024-09-07,1984,35,31751446,907184,0.017641,0.32,43.36
179000000000000002,180000000000000003,2024-09-07,487,29,18060165,622764,0.059548,1.08,120.48
179000000000000002,180000000000000004,2024-09-07,659,31,20594303,664332,0.047041,0.9,63.91
179000000000000003,180000000000000005,2024-09-07,658,28,25769645,920344,0.042553,0.41,38.06
179000000000000004,180000000000000006,2024-09-07,451,38,58553266,1540875,0.084257,1.16,97.11
179000000000000004,180000000000000007,2024-09-07,289,19,31640492,1665289,0.065744,0.49,36.3
179000000000000005,180000000000000008,2024-09-07,288,34,16031113,471503,0.118056,1.25,119.99
179000000000000001,180000000000000001,2024-09-08,2534,63,65490769,1039536,0.024862,0.5,45.0
179000000000000001,180000000000000002,2024-09-08,1665,59,50324304,852954,0.035435,0.35,22.97
179000000000000002,180000000000000003,2024-09-08,529,32,29688246,927758,0.060491,1.01,92.83
179000000000000002,180000000000000004,2024-09-08,646,31,28219290,910300,0.047988,0.87,81.76
179000000000000003,180000000000000005,2024-09-08,797,37,38605024,1043379,0.046424,0.56,48.26
179000000000000004,180000000000000006,2024-09-08,500,39,77943107,1998541,0.078,0.98,78.89
179000000000000004,180000000000000007,2024-09-08,579,41,57174477,1394499,0.070812,0.98,75.26
179000000000000005,180000000000000008,2024-09-08,938,87,38605023,443736,0.092751,3.56,417.49
179000000000000001,180000000000000001,2024-09-09,1832,58,49106819,846669,0.031659,0.45,35.45
179000000000000001,180000000000000002,2024-09-09,2060,54,40237985,745148,0.026214,0.34,34.88
179000000000000002,180000000000000003,2024-09-09,866,47,27099978,576595,0.054273,1.21,91.62
179000000000000002,180000000000000004,2024-09-09,639,41,29782629,726406,0.064163,1.41,99.93
179000000000000003,180000000000000005,2024-09-09,886,42,37921738,902899,0.047404,0.58,32.17
179000000000000004,180000000000000006,2024-09-09,640,48,80926252,1685964,0.075,1.22,98.26
179000000000000004,180000000000000007,2024-09-09,282,26,51799833,1992301,0.092199,0.62,71.02
179000000000000005,180000000000000008,2024-09-09,789,82,37921739,462460,0.103929,3.48,304.14
179000000000000001,180000000000000001,2024-09-10,2674,74,63666490,860358,0.027674,0.58,47.23
179000000000000001,180000000000000002,2024-09-10,1772,43,37686705,876435,0.024266,0.34,25.3
179000000000000002,180000000000000003,2024-09-10,579,29,23765819,819511,0.050086,1.14,102.3
179000000000000002,180000000000000004,2024-09-10,769,37,26910777,727318,0.048114,1.4,128.92
179000000000000003,180000000000000005,2024-09-10,544,33,33784398,1023770,0.060662,0.52,31.32
179000000000000004,180000000000000006,2024-09-10,531,39,71733650,1839324,0.073446,1.16,93.86
179000000000000004,180000000000000007,2024-09-10,416,31,46511743,1500379,0.074519,0.81,95.54
179000000000000005,180000000000000008,2024-09-10,1032,83,33784399,407041,0.080426,4.42,333.09
179000000000000001,180000000000000001,2024-09-11,2447,60,48872507,814542,0.02452,0.46,51.17
179000000000000001,180000000000000002,2024-09-11,1364,40,31554543,788864,0.029326,0.27,28.09
179000000000000002,180000000000000003,2024-09-11,273,20,19684238,984212,0.07326,0.74,57.4
179000000000000002,180000000000000004,2024-09-11,539,25,20529287,821171,0.046382,0.92,91.02
179000000000000003,180000000000000005,2024-09-11,638,26,26809017,1031116,0.040752,0.4,49.06
179000000000000004,180000000000000006,2024-09-11,376,30,53931631,1797721,0.079787,0.8,93.61
179000000000000004,180000000000000007,2024-09-11,338,27,39899927,1477775,0.079882,0.7,55.39
179000000000000005,180000000000000008,2024-09-11,600,62,26809016,432403,0.103333,2.47,211.21
179000000000000001,180000000000000001,2024-09-12,3079,68,66492369,977829,0.022085,0.47,43.6
179000000000000001,180000000000000002,2024-09-12,1490,38,35593213,936664,0.025503,0.29,28.02
179000000000000002,180000000000000003,2024-09-12,541,32,26721410,835044,0.05915,1.28,91.34
179000000000000002,180000000000000004,2024-09-12,585,30,24321382,810713,0.051282,0.97,109.36
179000000000000003,180000000000000005,2024-09-12,639,33,34028527,1031167,0.051643,0.58,61.33
179000000000000004,180000000000000006,2024-09-12,646,47,70850285,1507453,0.072755,1.33,151.2
179000000000000004,180000000000000007,2024-09-12,280,25,48249562,1929982,0.089286,0.68,62.42
179000000000000005,180000000000000008,2024-09-12,612,66,34028528,515584,0.107843,2.78,262.93
179000000000000001,180000000000000001,2024-09-13,2264,50,54951082,1099022,0.022085,0.39,40.53
179000000000000001,180000000000000002,2024-09-13,1032,32,37706348,1178323,0.031008,0.27,15.54
179000000000000002,180000000000000003,2024-09-13,557,32,25375934,792998,0.057451,1.3,86.57
179000000000000002,180000000000000004,2024-09-13,445,29,20952780,722510,0.065169,0.97,114.92
179000000000000003,180000000000000005,2024-09-13,590,26,30885810,1187916,0.044068,0.4,19.73
179000000000000004,180000000000000006,2024-09-13,533,35,69300259,1980007,0.065666,0.86,98.71
179000000000000004,180000000000000007,2024-09-13,196,11,17488449,1589859,0.056122,0.26,16.65
179000000000000005,180000000000000008,2024-09-13,586,64,30885809,482591,0.109215,2.66,141.1
179000000000000001,180000000000000001,2024-09-14,2508,61,56152419,920531,0.024322,0.44,36.99
179000000000000001,180000000000000002,2024-09-14,2000,46,37351248,811984,0.023,0.45,57.53
179000000000000002,180000000000000003,2024-09-14,855,37,24661462,666526,0.043275,1.3,108.86
179000000000000002,180000000000000004,2024-09-14,880,42,22090372,525961,0.047727,1.72,130.4
179000000000000003,180000000000000005,2024-09-14,656,20,14766311,738316,0.030488,0.34,20.55
179000000000000004,180000000000000006,2024-09-14,465,35,67387711,1925363,0.075269,0.94,67.88
179000000000000004,180000000000000007,2024-09-14,439,25,41699900,1667996,0.056948,0.68,88.02
179000000000000005,180000000000000008,2024-09-14,821,83,31167889,375517,0.101096,4.46,390.56
179000000000000001,180000000000000001,2024-09-15,981,34,45391507,1335044,0.034659,0.32,36.23
179000000000000001,180000000000000002,2024-09-15,1901,52,52797562,1015338,0.027354,0.47,43.04
179000000000000002,180000000000000003,2024-09-15,512,34,30951132,910327,0.066406,1.09,94.53
179000000000000002,180000000000000004,2024-09-15,319,25,16592767,663711,0.07837,0.66,77.64
179000000000000003,180000000000000005,2024-09-15,825,50,41042550,820851,0.060606,0.8,74.12
179000000000000004,180000000000000006,2024-09-15,473,39,83951218,2152595,0.082452,1.3,128.19
179000000000000004,180000000000000007,2024-09-15,719,39,59697707,1530710,0.054242,1.26,120.58
179000000000000005,180000000000000008,2024-09-15,793,74,41042550,554629,0.093317,3.52,266.36
179000000000000001,180000000000000001,2024-09-16,2572,58,41794321,720592,0.022551,0.39,28.63
179000000000000001,180000000000000002,2024-09-16,578,19,20674608,1088137,0.032872,0.18,15.29
179000000000000002,180000000000000003,2024-09-16,410,23,16132405,701409,0.056098,0.91,76.3
179000000000000002,180000000000000004,2024-09-16,382,25,15102060,604082,0.065445,0.82,49.24
179000000000000003,180000000000000005,2024-09-16,432,24,20822976,867624,0.055556,0.36,40.71
179000000000000004,180000000000000006,2024-09-16,306,21,36211331,1724349,0.068627,0.7,68.37
179000000000000004,180000000000000007,2024-09-16,210,16,36669085,2291818,0.07619,0.49,30.27
179000000000000005,180000000000000008,2024-09-16,301,35,20822976,594942,0.116279,1.63,107.98
179000000000000001,180000000000000001,2024-09-17,1291,40,42082983,1052075,0.030984,0.33,25.02
179000000000000001,180000000000000002,2024-09-17,977,21,27713960,1319712,0.021494,0.17,9.87
179000000000000002,180000000000000003,2024-09-17,466,29,20081362,692461,0.062232,1.02,98.61
179000000000000002,180000000000000004,2024-09-17,425,21,14817110,705577,0.049412,0.63,35.73
179000000000000003,180000000000000005,2024-09-17,456,22,23265647,1057529,0.048246,0.31,21.15
179000000000000004,180000000000000006,2024-09-17,416,32,52358579,1636206,0.076923,0.96,83.67
179000000000000004,180000000000000007,2024-09-17,257,17,29071188,1710070,0.066148,0.37,36.88
179000000000000005,180000000000000008,2024-09-17,392,40,23265648,581641,0.102041,1.78,134.48
179000000000000001,180000000000000001,2024-09-18,2394,74,61434715,830199,0.030911,0.6,55.19
179000000000000001,180000000000000002,2024-09-18,1479,37,33388487,902392,0.025017,0.3,22.61
179000000000000002,180000000000000003,2024-09-18,691,31,22573939,728192,0.044863,1.03,125.64
179000000000000002,180000000000000004,2024-09-18,894,45,24837662,551948,0.050336,1.64,175.33
179000000000000003,180000000000000005,2024-09-18,828,32,31607734,987742,0.038647,0.4,33.42
179000000000000004,180000000000000006,2024-09-18,296,20,36718850,1835942,0.067568,0.6,34.26
179000000000000004,180000000000000007,2024-09-18,481,28,46804837,1671601,0.058212,0.58,60.42
179000000000000005,180000000000000008,2024-09-18,844,68,31607734,464820,0.080569,3.43,321.21
179000000000000001,180000000000000001,2024-09-19,755,23,19497885,847734,0.030464,0.13,8.39
179000000000000001,180000000000000002,2024-09-19,1400,37,35659969,963783,0.026429,0.27,26.94
179000000000000002,180000000000000003,2024-09-19,684,38,24143428,635353,0.055556,1.21,101.0
179000000000000002,180000000000000004,2024-09-19,462,23,20332471,884020,0.049784,0.87,68.03
179000000000000003,180000000000000005,2024-09-19,774,30,29650600,988353,0.03876,0.49,48.56
179000000000000004,180000000000000006,2024-09-19,485,36,67514543,1875404,0.074227,0.91,74.62
179000000000000004,180000000000000007,2024-09-19,326,24,36262557,1510940,0.07362,0.58,66.36
179000000000000005,180000000000000008,2024-09-19,782,66,29650600,449252,0.084399,3.01,147.98
179000000000000001,180000000000000001,2024-09-20,1739,41,43515866,1061363,0.023577,0.32,31.55
179000000000000001,180000000000000002,2024-09-20,871,27,30212937,1118998,0.030999,0.27,28.08
179000000000000002,180000000000000003,2024-09-20,422,30,16965109,565504,0.07109,1.07,101.41
179000000000000002,180000000000000004,2024-09-20,657,31,19899293,641913,0.047184,0.89,88.76
179000000000000003,180000000000000005,2024-09-20,329,20,24576268,1228813,0.06079,0.31,15.89
179000000000000004,180000000000000006,2024-09-20,203,19,35670664,1877403,0.093596,0.53,37.3
179000000000000004,180000000000000007,2024-09-20,169,14,28090866,2006490,0.08284,0.47,50.04
179000000000000005,180000000000000008,2024-09-20,469,38,17555398,461984,0.081023,1.71,214.12
179000000000000001,180000000000000001,2024-09-21,2037,57,58458975,1025596,0.027982,0.39,35.23
179000000000000001,180000000000000002,2024-09-21,1431,34,34401203,1011800,0.02376,0.28,19.26
179000000000000002,180000000000000003,2024-09-21,272,15,9269449,617963,0.055147,0.67,90.33
179000000000000002,180000000000000004,2024-09-21,503,29,24799164,855144,0.057654,1.22,140.94
179000000000000003,180000000000000005,2024-09-21,760,31,30953392,998497,0.040789,0.47,35.88
179000000000000004,180000000000000006,2024-09-21,356,22,43671833,1985083,0.061798,0.51,40.06
179000000000000004,180000000000000007,2024-09-21,256,17,38497621,2264566,0.066406,0.46,38.21
179000000000000005,180000000000000008,2024-09-21,467,47,30953393,658583,0.100642,1.75,115.21
179000000000000001,180000000000000001,2024-09-22,2615,74,53065925,717107,0.028298,0.62,64.48
179000000000000002,180000000000000003,2024-09-22,663,34,23584248,693654,0.051282,1.04,138.86
179000000000000002,180000000000000004,2024-09-22,648,35,23231330,663752,0.054012,1.56,159.82
179000000000000003,180000000000000005,2024-09-22,853,42,31210385,743104,0.049238,0.71,75.75
179000000000000004,180000000000000006,2024-09-22,318,25,37479933,1499197,0.078616,0.68,42.32
179000000000000004,180000000000000007,2024-09-22,318,23,47225373,2053277,0.072327,0.79,47.14
179000000000000005,180000000000000008,2024-09-22,791,71,31210385,439583,0.08976,2.94,324.43
179000000000000001,180000000000000001,2024-09-23,2614,91,85514668,939722,0.034813,0.85,95.1
179000000000000001,180000000000000002,2024-09-23,1786,45,58800659,1306681,0.025196,0.35,35.57
179000000000000002,180000000000000003,2024-09-23,561,36,33320034,925556,0.064171,1.27,129.21
179000000000000002,180000000000000004,2024-09-23,716,45,38837630,863058,0.062849,1.65,131.91
179000000000000003,180000000000000005,2024-09-23,1093,54,48105109,890835,0.049405,0.82,49.54
179000000000000004,180000000000000006,2024-09-23,928,76,101633259,1337280,0.081897,2.35,141.99
179000000000000004,180000000000000007,2024-09-23,400,31,66734623,2152730,0.0775,0.89,60.03
179000000000000005,180000000000000008,2024-09-23,1122,104,48105109,462549,0.092692,4.72,272.06
179000000000000001,180000000000000001,2024-09-24,2400,62,62316099,1005098,0.025833,0.45,33.48
179000000000000001,180000000000000002,2024-09-24,1124,39,39802124,1020567,0.034698,0.31,37.22
179000000000000002,180000000000000003,2024-09-24,460,31,26173011,844291,0.067391,1.18,112.46
179000000000000002,180000000000000004,2024-09-24,1035,39,24886100,638105,0.037681,1.49,183.76
179000000000000003,180000000000000005,2024-09-24,781,29,34039408,1173773,0.037132,0.42,40.75
179000000000000004,180000000000000006,2024-09-24,259,25,47278668,1891147,0.096525,0.8,54.39
179000000000000004,180000000000000007,2024-09-24,262,22,40516674,1841667,0.083969,0.55,66.6
179000000000000005,180000000000000008,2024-09-24,953,83,34039409,410113,0.087093,3.18,275.08
179000000000000001,180000000000000001,2024-09-25,1992,41,37567439,916279,0.020582,0.29,29.52
179000000000000001,180000000000000002,2024-09-25,2268,56,39584993,706875,0.024691,0.53,46.8
179000000000000002,180000000000000003,2024-09-25,646,28,25268246,902437,0.043344,1.03,103.07
179000000000000002,180000000000000004,2024-09-25,539,26,20576232,791394,0.048237,0.98,52.46
179000000000000003,180000000000000005,2024-09-25,485,28,30562986,1091535,0.057732,0.33,33.37
179000000000000004,180000000000000006,2024-09-25,733,52,67953746,1306803,0.070941,1.26,127.9
179000000000000004,180000000000000007,2024-09-25,426,28,39016704,1393454,0.065728,0.66,44.95
179000000000000005,180000000000000008,2024-09-25,591,62,30562985,492951,0.104907,2.71,287.26
179000000000000001,180000000000000001,2024-09-26,3607,81,67399213,832089,0.022456,0.61,63.81
179000000000000001,180000000000000002,2024-09-26,1962,50,33819259,676385,0.025484,0.46,37.65
179000000000000002,180000000000000003,2024-09-26,610,34,26302254,773596,0.055738,1.21,104.9
179000000000000002,180000000000000004,2024-09-26,559,33,24306981,736575,0.059034,1.27,119.76
179000000000000003,180000000000000005,2024-09-26,596,31,33739491,1088371,0.052013,0.49,45.27
179000000000000004,180000000000000006,2024-09-26,356,36,68854739,1912632,0.101124,1.22,121.04
179000000000000004,180000000000000007,2024-09-26,566,36,49233479,1367597,0.063604,1.2,106.8
179000000000000005,180000000000000008,2024-09-26,797,82,33739491,411457,0.102886,4.04,492.36
179000000000000001,180000000000000001,2024-09-27,4030,88,74160453,842732,0.021836,0.79,88.21
179000000000000001,180000000000000002,2024-09-27,1437,43,41632890,968207,0.029923,0.41,41.56
179000000000000002,180000000000000003,2024-09-27,654,36,26093685,724825,0.055046,1.22,135.9
179000000000000002,180000000000000004,2024-09-27,833,38,31802986,836921,0.045618,1.51,128.82
179000000000000003,180000000000000005,2024-09-27,868,42,38597782,918995,0.048387,0.65,79.27
179000000000000004,180000000000000006,2024-09-27,709,49,87039989,1776326,0.069111,1.48,106.16
179000000000000004,180000000000000007,2024-09-27,373,29,48052244,1656974,0.077748,0.74,46.94
179000000000000005,180000000000000008,2024-09-27,810,83,38597782,465034,0.102469,3.63,272.24
179000000000000001,180000000000000001,2024-09-28,2028,51,56002536,1098089,0.025148,0.4,30.23
179000000000000001,180000000000000002,2024-09-28,1465,37,34949056,944569,0.025256,0.37,17.49
179000000000000002,180000000000000003,2024-09-28,456,25,23398197,935928,0.054825,0.97,79.62
179000000000000002,180000000000000004,2024-09-28,546,27,22077599,817689,0.049451,0.78,68.95
179000000000000003,180000000000000005,2024-09-28,687,34,30317197,891682,0.049491,0.51,62.3
179000000000000004,180000000000000006,2024-09-28,533,37,62821002,1697865,0.069418,0.95,84.06
179000000000000004,180000000000000007,2024-09-28,421,29,43289188,1492731,0.068884,0.86,88.81
179000000000000005,180000000000000008,2024-09-28,727,76,30317197,398910,0.104539,3.05,230.05
179000000000000001,180000000000000001,2024-09-29,2168,56,56603321,1010774,0.02583,0.45,30.4
179000000000000001,180000000000000002,2024-09-29,2284,63,41616532,660580,0.027583,0.45,56.0
179000000000000002,180000000000000003,2024-09-29,619,35,24880391,710868,0.056543,1.0,94.81
179000000000000002,180000000000000004,2024-09-29,520,26,24229536,931905,0.05,0.9,116.94
179000000000000003,180000000000000005,2024-09-29,501,31,32739951,1056127,0.061876,0.48,40.55
179000000000000004,180000000000000006,2024-09-29,692,44,76718343,1743599,0.063584,1.06,86.67
179000000000000004,180000000000000007,2024-09-29,207,18,37871486,2103971,0.086957,0.51,34.12
179000000000000005,180000000000000008,2024-09-29,665,68,32739952,481470,0.102256,3.23,351.01
179000000000000001,180000000000000001,2024-09-30,2617,53,49484598,933672,0.020252,0.36,33.79
179000000000000001,180000000000000002,2024-09-30,1182,35,33731719,963763,0.029611,0.21,12.06
179000000000000002,180000000000000003,2024-09-30,870,41,22922625,559088,0.047126,1.68,116.96
179000000000000002,180000000000000004,2024-09-30,151,10,7191689,719169,0.066225,0.34,34.33
179000000000000003,180000000000000005,2024-09-30,442,18,13756504,764250,0.040724,0.26,17.99
179000000000000004,180000000000000006,2024-09-30,455,33,54899938,1663634,0.072527,0.96,106.54
179000000000000004,180000000000000007,2024-09-30,293,22,42185766,1917535,0.075085,0.52,41.48
179000000000000005,180000000000000008,2024-09-30,350,30,17344970,578166,0.085714,1.19,65.09
179000000000000001,180000000000000001,2024-10-01,2633,52,50008592,961704,0.019749,0.41,42.68
179000000000000001,180000000000000002,2024-10-01,1266,27,29361477,1087462,0.021327,0.23,17.92
179000000000000002,180000000000000003,2024-10-01,240,11,10889692,989972,0.045833,0.47,60.99
179000000000000002,180000000000000004,2024-10-01,531,24,15799630,658318,0.045198,1.0,95.36
179000000000000003,180000000000000005,2024-10-01,461,29,26456690,912300,0.062907,0.45,35.47
179000000000000004,180000000000000006,2024-10-01,380,26,42482124,1633928,0.068421,0.68,53.61
179000000000000004,180000000000000007,2024-10-01,181,17,36917913,2171642,0.093923,0.37,40.42
179000000000000005,180000000000000008,2024-10-01,426,47,26456690,562908,0.110329,1.99,147.91
179000000000000001,180000000000000001,2024-10-02,936,27,31776879,1176921,0.028846,0.18,21.42
179000000000000001,180000000000000002,2024-10-02,430,15,14940124,996008,0.034884,0.14,8.9
179000000000000002,180000000000000003,2024-10-02,291,19,15047188,791957,0.065292,0.71,73.54
179000000000000002,180000000000000004,2024-10-02,292,18,16630070,923893,0.061644,0.67,35.68
179000000000000003,180000000000000005,2024-10-02,504,26,21118172,812237,0.051587,0.34,33.94
179000000000000004,180000000000000006,2024-10-02,324,28,45788678,1635310,0.08642,0.73,53.19
179000000000000004,180000000000000007,2024-10-02,214,16,28124924,1757808,0.074766,0.34,34.95
179000000000000005,180000000000000008,2024-10-02,545,54,21118173,391077,0.099083,2.23,161.21
179000000000000001,180000000000000001,2024-10-03,3288,68,59661324,877372,0.020681,0.55,54.35
179000000000000001,180000000000000002,2024-10-03,751,27,36263099,1343078,0.035952,0.19,21.72
179000000000000002,180000000000000003,2024-10-03,456,31,22798267,735428,0.067982,1.31,95.41
179000000000000002,180000000000000004,2024-10-03,989,37,25163944,680107,0.037412,1.26,99.91
179000000000000003,180000000000000005,2024-10-03,456,25,31974808,1278992,0.054825,0.39,35.77
179000000000000004,180000000000000006,2024-10-03,516,36,72708697,2019686,0.069767,1.08,95.66
179000000000000004,180000000000000007,2024-10-03,351,25,39203130,1568125,0.071225,0.59,68.16
179000000000000005,180000000000000008,2024-10-03,625,57,31974808,560962,0.0912,3.2,325.15
179000000000000001,180000000000000001,2024-10-04,3637,74,65565732,886023,0.020346,0.59,75.98
179000000000000001,180000000000000002,2024-10-04,1993,63,42902725,680996,0.031611,0.43,50.92
179000000000000002,180000000000000003,2024-10-04,370,16,12591221,786951,0.043243,0.65,81.58
179000000000000002,180000000000000004,2024-10-04,693,40,28303043,707576,0.05772,1.07,105.7
179000000000000003,180000000000000005,2024-10-04,956,43,36156153,840841,0.044979,0.49,56.76
179000000000000004,180000000000000006,2024-10-04,598,41,65480115,1597076,0.068562,0.95,109.4
179000000000000004,180000000000000007,2024-10-04,584,41,61066418,1489425,0.070205,0.95,110.52
179000000000000005,180000000000000008,2024-10-04,795,92,36156152,393002,0.115723,4.47,250.33
179000000000000001,180000000000000001,2024-10-05,2484,54,45337580,839585,0.021739,0.47,36.64
179000000000000001,180000000000000002,2024-10-05,1109,29,28694134,989453,0.02615,0.27,20.86
179000000000000002,180000000000000003,2024-10-05,481,27,23665027,876482,0.056133,0.98,44.69
179000000000000002,180000000000000004,2024-10-05,494,22,13350830,606856,0.044534,0.68,37.54
179000000000000003,180000000000000005,2024-10-05,452,24,24677238,1028218,0.053097,0.4,38.36
179000000000000004,180000000000000006,2024-10-05,424,33,56676626,1717474,0.07783,1.02,93.53
179000000000000004,180000000000000007,2024-10-05,255,18,29693706,1649650,0.070588,0.58,63.35
179000000000000005,180000000000000008,2024-10-05,306,30,16220065,540669,0.098039,1.31,131.8
179000000000000001,180000000000000001,2024-10-06,1699,50,40609836,812197,0.029429,0.43,31.64
179000000000000001,180000000000000002,2024-10-06,528,18,14500655,805592,0.034091,0.17,15.89
179000000000000002,180000000000000003,2024-10-06,348,22,16365125,743869,0.063218,0.8,69.58
179000000000000002,180000000000000004,2024-10-06,533,27,20271872,750810,0.050657,0.96,75.21
179000000000000003,180000000000000005,2024-10-06,727,27,24424664,904617,0.037139,0.31,30.64
179000000000000004,180000000000000006,2024-10-06,328,28,48195924,1721283,0.085366,0.69,60.22
179000000000000004,180000000000000007,2024-10-06,116,11,16713389,1519399,0.094828,0.34,27.89
179000000000000005,180000000000000008,2024-10-06,463,50,24424664,488493,0.107991,2.13,160.19
179000000000000001,180000000000000001,2024-10-07,2508,49,44588904,909978,0.019537,0.39,27.39
179000000000000001,180000000000000002,2024-10-07,1363,39,37118514,951757,0.028613,0.34,21.46
179000000000000002,180000000000000003,2024-10-07,372,26,19306251,742548,0.069892,0.89,95.14
179000000000000002,180000000000000004,2024-10-07,736,33,21547458,652953,0.044837,1.4,114.82
179000000000000003,180000000000000005,2024-10-07,507,27,27235806,1008734,0.053254,0.32,27.1
179000000000000004,180000000000000006,2024-10-07,348,30,53260455,1775348,0.086207,0.75,83.04
179000000000000004,180000000000000007,2024-10-07,367,24,42064865,1752703,0.065395,0.65,61.35
179000000000000005,180000000000000008,2024-10-07,771,67,27235806,406505,0.0869,3.09,242.03
179000000000000001,180000000000000001,2024-10-08,2484,55,48088105,874329,0.022142,0.4,44.74
179000000000000001,180000000000000002,2024-10-08,1050,31,35891137,1157779,0.029524,0.25,13.07
179000000000000002,180000000000000003,2024-10-08,609,26,20705483,796365,0.042693,0.83,58.47
179000000000000002,180000000000000004,2024-10-08,542,28,21284137,760148,0.051661,0.92,79.75
179000000000000003,180000000000000005,2024-10-08,644,32,27993081,874784,0.049689,0.49,62.16
179000000000000004,180000000000000006,2024-10-08,466,37,61565549,1663934,0.079399,1.15,96.25
179000000000000004,180000000000000007,2024-10-08,248,21,36410233,1733821,0.084677,0.56,40.75
179000000000000005,180000000000000008,2024-10-08,505,42,17350053,413096,0.083168,1.83,115.4
179000000000000001,180000000000000001,2024-10-09,2633,74,87918011,1188081,0.028105,0.5,51.55
179000000000000001,180000000000000002,2024-10-09,2885,65,54026232,831173,0.02253,0.5,47.9
179000000000000002,180000000000000003,2024-10-09,1006,52,36022735,692745,0.05169,1.64,149.91
179000000000000002,180000000000000004,2024-10-09,811,43,34949386,812776,0.053021,1.83,192.56
179000000000000003,180000000000000005,2024-10-09,1302,57,47314747,830083,0.043779,0.82,101.71
179000000000000004,180000000000000006,2024-10-09,677,51,81688625,1601738,0.075332,1.62,186.11
179000000000000004,180000000000000007,2024-10-09,756,44,83912992,1907113,0.058201,1.4,82.89
179000000000000005,180000000000000008,2024-10-09,905,83,47314748,570057,0.091713,3.37,216.02
179000000000000001,180000000000000001,2024-10-10,1666,49,47840400,976335,0.029412,0.46,47.84
179000000000000001,180000000000000002,2024-10-10,1278,41,30576764,745775,0.032081,0.38,35.13
179000000000000002,180000000000000003,2024-10-10,488,26,18234908,701343,0.053279,0.81,90.51
179000000000000002,180000000000000004,2024-10-10,515,33,20973675,635566,0.064078,1.33,95.65
179000000000000003,180000000000000005,2024-10-10,737,29,26139055,901347,0.039349,0.35,41.46
179000000000000004,180000000000000006,2024-10-10,333,26,50502143,1942390,0.078078,0.61,49.47
179000000000000004,180000000000000007,2024-10-10,357,24,40984549,1707690,0.067227,0.55,66.86
179000000000000005,180000000000000008,2024-10-10,481,47,26139054,556150,0.097713,2.3,195.48
179000000000000001,180000000000000001,2024-10-11,1984,54,56075279,1038431,0.027218,0.4,27.93
179000000000000001,180000000000000002,2024-10-11,1279,38,33879982,891578,0.029711,0.29,35.2
179000000000000002,180000000000000003,2024-10-11,553,37,22230123,600814,0.066908,1.38,155.73
179000000000000002,180000000000000004,2024-10-11,635,35,22747508,649929,0.055118,1.14,105.32
179000000000000003,180000000000000005,2024-10-11,612,28,29985087,1070896,0.045752,0.38,28.16
179000000000000004,180000000000000006,2024-10-11,481,40,62520248,1563006,0.08316,1.2,116.63
179000000000000004,180000000000000007,2024-10-11,344,27,42427557,1571391,0.078488,0.8,95.1
179000000000000005,180000000000000008,2024-10-11,612,62,29985088,483630,0.101307,2.47,132.54
179000000000000001,180000000000000001,2024-10-12,1083,37,36497658,986423,0.034164,0.26,17.42
179000000000000001,180000000000000002,2024-10-12,1263,29,31285730,1078818,0.022961,0.25,32.17
179000000000000002,180000000000000003,2024-10-12,638,24,17769625,740401,0.037618,0.9,50.44
179000000000000002,180000000000000004,2024-10-12,748,44,25664477,583284,0.058824,1.68,104.56
179000000000000003,180000000000000005,2024-10-12,643,35,28956069,827316,0.054432,0.53,60.36
179000000000000004,180000000000000006,2024-10-12,356,34,67195400,1976335,0.095506,1.04,101.83
179000000000000004,180000000000000007,2024-10-12,292,21,34150840,1626230,0.071918,0.66,65.85
179000000000000005,180000000000000008,2024-10-12,759,73,28956069,396658,0.096179,3.81,315.04
179000000000000001,180000000000000001,2024-10-13,1765,39,43066358,1104266,0.022096,0.31,23.75
179000000000000001,180000000000000002,2024-10-13,817,30,29499830,983328,0.03672,0.25,21.28
179000000000000002,180000000000000003,2024-10-13,308,12,7587035,632253,0.038961,0.49,35.18
179000000000000002,180000000000000004,2024-10-13,401,22,17870382,812290,0.054863,0.79,83.63
179000000000000003,180000000000000005,2024-10-13,643,26,24188729,930336,0.040435,0.41,52.83
179000000000000004,180000000000000006,2024-10-13,375,27,50010732,1852249,0.072,0.72,53.79
179000000000000004,180000000000000007,2024-10-13,212,17,34649820,2038225,0.080189,0.45,60.97
179000000000000005,180000000000000008,2024-10-13,479,52,24188730,465168,0.108559,2.0,169.54
179000000000000001,180000000000000001,2024-10-14,1620,41,40433982,986195,0.025309,0.31,31.45
179000000000000001,180000000000000002,2024-10-14,933,31,35335398,1139852,0.033226,0.19,15.42
179000000000000002,180000000000000003,2024-10-14,726,35,23743818,678395,0.048209,1.36,129.8
179000000000000002,180000000000000004,2024-10-14,634,34,23108012,679647,0.053628,1.13,88.83
179000000000000003,180000000000000005,2024-10-14,664,38,31234554,821962,0.057229,0.54,31.62
179000000000000004,180000000000000006,2024-10-14,437,36,61288349,1702454,0.08238,1.05,105.34
179000000000000004,180000000000000007,2024-10-14,353,30,48032588,1601086,0.084986,0.88,85.6
179000000000000005,180000000000000008,2024-10-14,694,69,31234554,452675,0.099424,2.83,362.07
179000000000000001,180000000000000001,2024-10-15,2720,77,67683602,879008,0.028309,0.77,62.4
179000000000000001,180000000000000002,2024-10-15,1533,43,40601215,944214,0.02805,0.34,31.2
179000000000000002,180000000000000003,2024-10-15,512,28,25563493,912982,0.054688,1.02,61.97
179000000000000002,180000000000000004,2024-10-15,839,32,28578916,893091,0.038141,1.1,111.83
179000000000000003,180000000000000005,2024-10-15,813,34,36094940,1061616,0.04182,0.49,61.45
179000000000000004,180000000000000006,2024-10-15,543,36,76958447,2137735,0.066298,1.02,122.67
179000000000000004,180000000000000007,2024-10-15,336,26,49373841,1898994,0.077381,0.73,72.06
179000000000000005,180000000000000008,2024-10-15,649,73,36094940,494451,0.112481,3.46,269.1
179000000000000001,180000000000000001,2024-10-16,1846,49,42384143,864983,0.026544,0.37,23.12
179000000000000001,180000000000000002,2024-10-16,1490,50,33538973,670779,0.033557,0.37,45.52
179000000000000002,180000000000000003,2024-10-16,389,25,19489885,779595,0.064267,1.08,70.9
179000000000000002,180000000000000004,2024-10-16,627,30,18471673,615722,0.047847,1.16,154.72
179000000000000003,180000000000000005,2024-10-16,579,28,25307706,903847,0.048359,0.48,35.96
179000000000000004,180000000000000006,2024-10-16,246,24,53844906,2243538,0.097561,0.69,77.23
179000000000000004,180000000000000007,2024-10-16,309,20,34732063,1736603,0.064725,0.5,45.83
179000000000000005,180000000000000008,2024-10-16,664,61,25307705,414880,0.091867,3.02,295.2
179000000000000001,180000000000000001,2024-10-17,2036,51,51115660,1002268,0.025049,0.39,36.35
179000000000000001,180000000000000002,2024-10-17,731,22,25818325,1173560,0.030096,0.16,21.55
179000000000000002,180000000000000003,2024-10-17,373,25,16133013,645321,0.067024,0.85,92.27
179000000000000002,180000000000000004,2024-10-17,705,34,22333980,656882,0.048227,1.06,112.68
179000000000000003,180000000000000005,2024-10-17,524,30,25644661,854822,0.057252,0.54,41.69
179000000000000004,180000000000000006,2024-10-17,260,21,32885009,1565953,0.080769,0.71,77.67
179000000000000004,180000000000000007,2024-10-17,352,25,38547643,1541906,0.071023,0.66,52.52
179000000000000005,180000000000000008,2024-10-17,251,32,17961696,561303,0.12749,1.38,156.79
179000000000000001,180000000000000001,2024-10-18,2796,78,54409690,697560,0.027897,0.67,73.69
179000000000000001,180000000000000002,2024-10-18,842,34,30464610,896018,0.04038,0.29,33.59
179000000000000002,180000000000000003,2024-10-18,575,28,19697229,703472,0.048696,0.94,100.74
179000000000000002,180000000000000004,2024-10-18,496,31,22739922,733546,0.0625,1.09,93.15
179000000000000003,180000000000000005,2024-10-18,459,28,28291434,1010408,0.061002,0.43,46.95
179000000000000004,180000000000000006,2024-10-18,387,31,66204348,2135624,0.080103,0.94,71.05
179000000000000004,180000000000000007,2024-10-18,312,21,32815671,1562651,0.067308,0.68,31.52
179000000000000005,180000000000000008,2024-10-18,563,49,28291433,577376,0.087034,2.2,183.93
179000000000000001,180000000000000001,2024-10-19,2235,43,35188548,818338,0.019239,0.3,22.16
179000000000000001,180000000000000002,2024-10-19,1791,42,33326167,793480,0.023451,0.33,31.07
179000000000000002,180000000000000003,2024-10-19,639,28,22115932,789855,0.043818,0.95,118.28
179000000000000002,180000000000000004,2024-10-19,427,22,20847390,947609,0.051522,0.77,61.59
179000000000000003,180000000000000005,2024-10-19,778,35,28642214,818349,0.044987,0.52,36.64
179000000000000004,180000000000000006,2024-10-19,384,33,59855107,1813791,0.085938,0.88,65.81
179000000000000004,180000000000000007,2024-10-19,348,26,40392645,1553563,0.074713,0.67,44.13
179000000000000005,180000000000000008,2024-10-19,628,67,28642214,427496,0.106688,3.24,256.4
179000000000000001,180000000000000001,2024-10-20,4387,81,66438231,820225,0.018464,0.64,41.93
179000000000000001,180000000000000002,2024-10-20,1598,25,27384975,1095399,0.015645,0.22,9.1
179000000000000002,180000000000000003,2024-10-20,414,15,14691432,979429,0.036232,0.5,23.68
179000000000000002,180000000000000004,2024-10-20,889,45,26833156,596292,0.050619,1.33,141.87
179000000000000003,180000000000000005,2024-10-20,520,31,36733832,1184962,0.059615,0.52,39.2
179000000000000004,180000000000000006,2024-10-20,580,42,82236630,1958015,0.072414,1.23,111.01
179000000000000004,180000000000000007,2024-10-20,337,27,46331781,1715992,0.080119,0.56,69.82
179000000000000005,180000000000000008,2024-10-20,930,84,36733832,437308,0.090323,3.51,312.63
179000000000000001,180000000000000001,2024-10-21,1883,53,53600545,1011331,0.028147,0.49,40.83
179000000000000001,180000000000000002,2024-10-21,1943,48,38056834,792851,0.024704,0.4,37.29
179000000000000002,180000000000000003,2024-10-21,774,36,22862593,635072,0.046512,1.32,154.05
179000000000000002,180000000000000004,2024-10-21,643,32,22966095,717690,0.049767,1.21,119.1
179000000000000003,180000000000000005,2024-10-21,514,25,30552459,1222098,0.048638,0.38,24.66
179000000000000004,180000000000000006,2024-10-21,488,45,67640759,1503128,0.092213,1.24,88.1
179000000000000004,180000000000000007,2024-10-21,355,23,39292849,1708385,0.064789,0.57,54.69
179000000000000005,180000000000000008,2024-10-21,661,71,30552459,430316,0.107413,3.39,333.23
179000000000000001,180000000000000001,2024-10-22,1846,39,41760088,1070771,0.021127,0.29,25.83
179000000000000001,180000000000000002,2024-10-22,826,24,22110034,921251,0.029056,0.18,17.57
179000000000000002,180000000000000003,2024-10-22,376,16,13983326,873958,0.042553,0.57,74.69
179000000000000002,180000000000000004,2024-10-22,486,32,17951735,560992,0.065844,1.08,54.8
179000000000000003,180000000000000005,2024-10-22,580,23,21290041,925654,0.039655,0.38,41.93
179000000000000004,180000000000000006,2024-10-22,112,9,13001032,1444559,0.080357,0.21,28.79
179000000000000004,180000000000000007,2024-10-22,257,21,30767579,1465123,0.081712,0.71,80.06
179000000000000005,180000000000000008,2024-10-22,474,51,21290041,417452,0.107595,2.02,166.91
179000000000000001,180000000000000001,2024-10-23,1818,52,43033045,827559,0.028603,0.41,20.4
179000000000000001,180000000000000002,2024-10-23,1084,31,38001452,1225853,0.028598,0.25,14.67
179000000000000002,180000000000000003,2024-10-23,569,33,23870666,723354,0.057996,1.1,132.65
179000000000000002,180000000000000004,2024-10-23,562,23,16646582,723764,0.040925,0.75,88.95
179000000000000003,180000000000000005,2024-10-23,358,22,27011499,1227795,0.061453,0.34,29.97
179000000000000004,180000000000000006,2024-10-23,291,28,53523249,1911545,0.09622,0.69,55.05
179000000000000004,180000000000000007,2024-10-23,420,31,41016997,1323129,0.07381,0.83,86.06
179000000000000005,180000000000000008,2024-10-23,553,69,27011499,391471,0.124774,2.58,216.35
179000000000000001,180000000000000001,2024-10-24,1690,47,48812048,1038554,0.027811,0.32,26.85
179000000000000001,180000000000000002,2024-10-24,1545,49,42276851,862793,0.031715,0.31,31.04
179000000000000002,180000000000000003,2024-10-24,479,29,21091716,727301,0.060543,1.18,151.49
179000000000000002,180000000000000004,2024-10-24,635,32,24452732,764148,0.050394,1.39,145.63
179000000000000003,180000000000000005,2024-10-24,603,27,30362966,1124554,0.044776,0.43,47.27
179000000000000004,180000000000000006,2024-10-24,351,35,67961980,1941771,0.099715,1.01,94.5
179000000000000004,180000000000000007,2024-10-24,325,20,38308401,1915420,0.061538,0.6,55.69
179000000000000005,180000000000000008,2024-10-24,622,71,30362966,427647,0.114148,3.29,388.75
179000000000000001,180000000000000001,2024-10-25,1954,60,58411287,973521,0.030706,0.54,64.52
179000000000000001,180000000000000002,2024-10-25,1487,38,29233756,769309,0.025555,0.34,15.95
179000000000000002,180000000000000003,2024-10-25,666,29,19574797,674993,0.043544,0.96,65.55
179000000000000002,180000000000000004,2024-10-25,400,27,24247724,898064,0.0675,0.9,70.2
179000000000000003,180000000000000005,2024-10-25,539,28,29215014,1043393,0.051948,0.4,43.66
179000000000000004,180000000000000006,2024-10-25,376,31,55868212,1802200,0.082447,0.72,77.56
179000000000000004,180000000000000007,2024-10-25,163,12,19949146,1662429,0.07362,0.41,47.53
179000000000000005,180000000000000008,2024-10-25,408,36,17704242,491784,0.088235,1.62,103.47
179000000000000001,180000000000000001,2024-10-26,2217,53,53714393,1013479,0.023906,0.51,32.83
179000000000000001,180000000000000002,2024-10-26,1526,37,38216248,1032872,0.024246,0.35,23.99
179000000000000002,180000000000000003,2024-10-26,601,29,23751271,819009,0.048253,0.89,70.14
179000000000000002,180000000000000004,2024-10-26,615,37,22214050,600380,0.060163,1.0,93.88
179000000000000003,180000000000000005,2024-10-26,736,26,30643547,1178598,0.035326,0.31,40.13
179000000000000004,180000000000000006,2024-10-26,342,31,64749411,2088691,0.090643,0.89,98.54
179000000000000004,180000000000000007,2024-10-26,320,27,42503002,1574185,0.084375,0.77,80.35
179000000000000005,180000000000000008,2024-10-26,487,52,30643547,589299,0.106776,2.03,255.4
179000000000000001,180000000000000001,2024-10-27,3907,87,74816206,859956,0.022268,0.74,62.59
179000000000000001,180000000000000002,2024-10-27,524,22,18551862,843266,0.041985,0.22,12.27
179000000000000002,180000000000000003,2024-10-27,423,29,27696421,955049,0.068558,1.25,85.47
179000000000000002,180000000000000004,2024-10-27,597,31,28159460,908370,0.051926,1.18,130.66
179000000000000003,180000000000000005,2024-10-27,666,37,37237253,1006412,0.055556,0.59,32.79
179000000000000004,180000000000000006,2024-10-27,511,45,77637368,1725275,0.088063,1.49,121.13
179000000000000004,180000000000000007,2024-10-27,399,26,52693021,2026655,0.065163,0.73,68.94
179000000000000005,180000000000000008,2024-10-27,835,81,37237254,459719,0.097006,3.71,330.01
179000000000000001,180000000000000001,2024-10-28,2230,51,40917038,802295,0.02287,0.43,38.54
179000000000000001,180000000000000002,2024-10-28,824,26,28135701,1082142,0.031553,0.2,20.62
179000000000000002,180000000000000003,2024-10-28,406,24,16564552,690190,0.059113,0.8,81.67
179000000000000002,180000000000000004,2024-10-28,424,20,17961817,898091,0.04717,0.72,58.9
179000000000000003,180000000000000005,2024-10-28,477,23,23017580,1000764,0.048218,0.3,32.65
179000000000000004,180000000000000006,2024-10-28,210,18,37169752,2064986,0.085714,0.42,28.0
179000000000000004,180000000000000007,2024-10-28,157,14,29265612,2090401,0.089172,0.39,28.62
179000000000000005,180000000000000008,2024-10-28,449,46,23017580,500382,0.10245,2.29,183.13
179000000000000001,180000000000000001,2024-10-29,3598,72,60321978,837805,0.020011,0.53,42.9
179000000000000001,180000000000000002,2024-10-29,2423,49,35208963,718550,0.020223,0.42,17.51
179000000000000002,180000000000000003,2024-10-29,720,47,25459112,541683,0.065278,1.52,155.83
179000000000000002,180000000000000004,2024-10-29,583,26,22306359,857937,0.044597,0.82,54.33
179000000000000003,180000000000000005,2024-10-29,627,27,31843647,1179394,0.043062,0.37,40.28
179000000000000004,180000000000000006,2024-10-29,699,51,68703349,1347124,0.072961,1.35,138.23
179000000000000004,180000000000000007,2024-10-29,342,28,42749415,1526765,0.081871,0.92,80.61
179000000000000005,180000000000000008,2024-10-29,683,60,31843647,530727,0.087848,2.32,139.29
179000000000000001,180000000000000001,2024-10-30,2895,63,65287441,1036309,0.021762,0.39,23.83
179000000000000001,180000000000000002,2024-10-30,1076,28,33524339,1197298,0.026022,0.23,15.91
179000000000000002,180000000000000003,2024-10-30,818,38,23349441,614459,0.046455,1.47,100.82
179000000000000002,180000000000000004,2024-10-30,708,40,26056449,651411,0.056497,1.66,109.55
179000000000000003,180000000000000005,2024-10-30,825,42,32937260,784220,0.050909,0.66,53.2
179000000000000004,180000000000000006,2024-10-30,499,41,73954543,1803769,0.082164,1.07,110.57
179000000000000004,180000000000000007,2024-10-30,284,23,41325867,1796777,0.080986,0.51,43.03
179000000000000005,180000000000000008,2024-10-30,698,67,32937259,491601,0.095989,3.07,191.24
179000000000000001,180000000000000001,2024-10-31,1674,50,53070026,1061401,0.029869,0.42,52.86
179000000000000001,180000000000000002,2024-10-31,1378,45,42748602,949969,0.032656,0.44,33.94
179000000000000002,180000000000000003,2024-10-31,607,40,23322632,583066,0.065898,1.46,109.42
179000000000000002,180000000000000004,2024-10-31,1023,37,24586681,664505,0.036168,1.36,72.32
179000000000000003,180000000000000005,2024-10-31,621,30,31939543,1064651,0.048309,0.52,24.01
179000000000000004,180000000000000006,2024-10-31,446,45,69487157,1544159,0.100897,1.23,91.95
179000000000000004,180000000000000007,2024-10-31,390,27,42301244,1566713,0.069231,0.66,40.86
179000000000000005,180000000000000008,2024-10-31,611,66,31939543,483932,0.10802,2.95,295.13
179000000000000001,180000000000000001,2024-11-01,2921,62,65134181,1050551,0.021226,0.44,38.27
179000000000000001,180000000000000002,2024-11-01,1094,22,25821276,1173694,0.02011,0.18,22.93
179000000000000002,180000000000000003,2024-11-01,567,30,28177646,939255,0.05291,1.05,131.0
179000000000000002,180000000000000004,2024-11-01,664,28,24904848,889459,0.042169,1.1,62.77
179000000000000003,180000000000000005,2024-11-01,939,43,35388329,822984,0.045793,0.6,44.19
179000000000000004,180000000000000006,2024-11-01,544,39,77022634,1974939,0.071691,1.15,84.33
179000000000000004,180000000000000007,2024-11-01,296,22,46836517,2128933,0.074324,0.7,80.02
179000000000000005,180000000000000008,2024-11-01,844,65,35388328,544436,0.077014,2.72,287.73
179000000000000001,180000000000000001,2024-11-02,3276,73,68111998,933041,0.022283,0.64,52.37
179000000000000001,180000000000000002,2024-11-02,1782,47,40024805,851592,0.026375,0.44,37.77
179000000000000002,180000000000000003,2024-11-02,723,39,26913325,690085,0.053942,1.37,85.4
179000000000000002,180000000000000004,2024-11-02,1021,45,27155076,603446,0.044074,1.61,132.4
179000000000000003,180000000000000005,2024-11-02,769,37,36045601,974205,0.048114,0.6,62.41
179000000000000004,180000000000000006,2024-11-02,545,37,76674877,2072294,0.06789,1.03,82.69
179000000000000004,180000000000000007,2024-11-02,337,24,49484726,2061864,0.071217,0.75,75.99
179000000000000005,180000000000000008,2024-11-02,936,87,36045601,414317,0.092949,3.59,322.35
179000000000000001,180000000000000001,2024-11-03,3917,91,67193433,738389,0.023232,0.75,71.59
179000000000000001,180000000000000002,2024-11-03,1802,54,41282263,764486,0.029967,0.43,59.34
179000000000000002,180000000000000003,2024-11-03,510,27,15205310,563160,0.052941,1.01,138.71
179000000000000002,180000000000000004,2024-11-03,699,42,28105621,669181,0.060086,1.75,170.16
179000000000000003,180000000000000005,2024-11-03,825,34,36158566,1063487,0.041212,0.51,34.19
179000000000000004,180000000000000006,2024-11-03,604,44,75880971,1724568,0.072848,1.11,101.78
179000000000000004,180000000000000007,2024-11-03,452,35,50674009,1447829,0.077434,0.82,74.88
179000000000000005,180000000000000008,2024-11-03,748,80,36158565,451982,0.106952,3.64,316.86
179000000000000001,180000000000000001,2024-11-04,1970,57,47031299,825111,0.028934,0.47,35.35
179000000000000001,180000000000000002,2024-11-04,2046,68,56817352,835549,0.033236,0.59,60.51
179000000000000002,180000000000000003,2024-11-04,705,45,31698857,704419,0.06383,1.52,108.88
179000000000000002,180000000000000004,2024-11-04,1097,46,30776867,669062,0.041933,1.55,174.84
179000000000000003,180000000000000005,2024-11-04,637,37,41650482,1125689,0.058085,0.58,49.62
179000000000000004,180000000000000006,2024-11-04,560,45,84000395,1866675,0.080357,1.39,145.27
179000000000000004,180000000000000007,2024-11-04,453,29,61776295,2130217,0.064018,0.8,70.32
179000000000000005,180000000000000008,2024-11-04,860,93,41650482,447855,0.10814,4.87,518.4
179000000000000001,180000000000000001,2024-11-05,2521,65,58622625,901887,0.025783,0.53,53.13
179000000000000001,180000000000000002,2024-11-05,1444,37,48247615,1303990,0.025623,0.3,29.62
179000000000000002,180000000000000003,2024-11-05,527,29,26119629,900677,0.055028,1.07,98.62
179000000000000002,180000000000000004,2024-11-05,559,21,13385091,637385,0.037567,0.56,60.51
179000000000000003,180000000000000005,2024-11-05,601,28,35623414,1272265,0.046589,0.41,40.0
179000000000000004,180000000000000006,2024-11-05,389,29,52916046,1824691,0.07455,0.97,57.36
179000000000000004,180000000000000007,2024-11-05,459,29,45542468,1570430,0.063181,0.66,53.96
179000000000000005,180000000000000008,2024-11-05,773,82,35623414,434432,0.10608,3.58,273.91
179000000000000001,180000000000000001,2024-11-06,3486,72,75556325,1049393,0.020654,0.5,48.05
179000000000000001,180000000000000002,2024-11-06,1898,59,56111025,951034,0.031085,0.55,27.29
179000000000000002,180000000000000003,2024-11-06,776,51,34317535,672893,0.065722,1.99,114.79
179000000000000002,180000000000000004,2024-11-06,1047,42,31516139,750384,0.040115,1.62,107.28
179000000000000003,180000000000000005,2024-11-06,903,37,43889116,1186192,0.040975,0.57,32.06
179000000000000004,180000000000000006,2024-11-06,468,48,94328434,1965176,0.102564,1.32,114.89
179000000000000004,180000000000000007,2024-11-06,331,27,59283474,2195684,0.081571,0.71,66.4
179000000000000005,180000000000000008,2024-11-06,505,62,31651340,510505,0.122772,2.5,226.93
179000000000000001,180000000000000001,2024-11-07,4263,92,80003213,869600,0.021581,0.72,81.63
179000000000000001,180000000000000002,2024-11-07,1144,30,21387034,712901,0.026224,0.24,11.69
179000000000000002,180000000000000003,2024-11-07,1150,53,37650734,710391,0.046087,1.46,128.75
179000000000000002,180000000000000004,2024-11-07,556,22,13603648,618348,0.039568,0.77,85.43
179000000000000003,180000000000000005,2024-11-07,857,50,44372100,887442,0.058343,0.78,72.24
179000000000000004,180000000000000006,2024-11-07,628,50,91686094,1833722,0.079618,1.28,147.01
179000000000000004,180000000000000007,2024-11-07,290,17,23160537,1362385,0.058621,0.45,25.37
179000000000000005,180000000000000008,2024-11-07,975,83,44372100,534604,0.085128,3.58,307.2
179000000000000001,180000000000000001,2024-11-08,3499,78,88390305,1133209,0.022292,0.72,66.64
179000000000000001,180000000000000002,2024-11-08,2308,71,75375865,1061632,0.030763,0.65,56.07
179000000000000002,180000000000000003,2024-11-08,880,51,41649898,816665,0.057955,2.08,136.9
179000000000000002,180000000000000004,2024-11-08,1337,61,40233187,659560,0.045625,2.57,288.86
179000000000000003,180000000000000005,2024-11-08,424,24,24509838,1021243,0.056604,0.44,37.43
179000000000000004,180000000000000006,2024-11-08,957,81,113456789,1400701,0.084639,1.94,214.33
179000000000000004,180000000000000007,2024-11-08,512,43,77603744,1804738,0.083984,1.19,111.52
179000000000000005,180000000000000008,2024-11-08,1199,132,54588724,413551,0.110092,5.73,406.06
179000000000000001,180000000000000001,2024-11-09,3853,100,91961719,919617,0.025954,0.71,37.84
179000000000000001,180000000000000002,2024-11-09,2766,63,67896803,1077727,0.022777,0.57,39.73
179000000000000002,180000000000000003,2024-11-09,726,49,40720261,831026,0.067493,1.82,128.66
179000000000000002,180000000000000004,2024-11-09,938,46,39209000,852370,0.049041,1.61,174.45
179000000000000003,180000000000000005,2024-11-09,1237,60,53286174,888103,0.048504,0.94,91.29
179000000000000004,180000000000000006,2024-11-09,983,81,113703265,1403744,0.082401,1.79,179.59
179000000000000004,180000000000000007,2024-11-09,284,22,43918113,1996278,0.077465,0.69,64.35
179000000000000005,180000000000000008,2024-11-09,1432,148,53286174,360042,0.103352,5.6,483.48
179000000000000001,180000000000000001,2024-11-10,4067,88,71160054,808637,0.021638,0.73,69.9
179000000000000001,180000000000000002,2024-11-10,1689,59,46690785,791369,0.034932,0.38,32.71
179000000000000002,180000000000000003,2024-11-10,877,48,30795910,641581,0.054732,1.52,187.84
179000000000000002,180000000000000004,2024-11-10,835,32,28129509,879047,0.038323,1.22,107.5
179000000000000003,180000000000000005,2024-11-10,854,41,39283613,958137,0.048009,0.54,37.77
179000000000000004,180000000000000006,2024-11-10,603,39,71659514,1837423,0.064677,1.11,121.27
179000000000000004,180000000000000007,2024-11-10,657,40,65833130,1645828,0.060883,1.35,131.82
179000000000000005,180000000000000008,2024-11-10,1026,86,39283613,456786,0.083821,3.49,247.64
179000000000000001,180000000000000001,2024-11-11,2774,80,74529551,931619,0.028839,0.58,57.83
179000000000000001,180000000000000002,2024-11-11,1912,49,40834274,833353,0.025628,0.31,33.25
179000000000000002,180000000000000003,2024-11-11,583,35,27096400,774183,0.060034,1.15,87.74
179000000000000002,180000000000000004,2024-11-11,631,37,30585513,826635,0.058637,1.22,115.26
179000000000000003,180000000000000005,2024-11-11,1025,48,38454608,801138,0.046829,0.83,79.68
179000000000000004,180000000000000006,2024-11-11,734,50,83410344,1668207,0.06812,1.53,150.68
179000000000000004,180000000000000007,2024-11-11,434,32,51180785,1599400,0.073733,0.89,96.76
179000000000000005,180000000000000008,2024-11-11,831,84,38454609,457793,0.101083,3.64,196.65
179000000000000001,180000000000000001,2024-11-12,2683,67,63341467,945395,0.024972,0.5,40.79
179000000000000001,180000000000000002,2024-11-12,1883,61,47001609,770518,0.032395,0.46,31.57
179000000000000002,180000000000000003,2024-11-12,645,44,27110007,616137,0.068217,1.38,138.04
179000000000000002,180000000000000004,2024-11-12,648,38,28061531,738461,0.058642,1.28,117.41
179000000000000003,180000000000000005,2024-11-12,799,32,36781025,1149407,0.04005,0.4,32.86
179000000000000004,180000000000000006,2024-11-12,755,47,78598488,1672308,0.062252,1.12,77.42
179000000000000004,180000000000000007,2024-11-12,316,26,50135100,1928273,0.082278,0.62,39.68
179000000000000005,180000000000000008,2024-11-12,803,88,36781025,417966,0.109589,4.55,563.87
179000000000000001,180000000000000001,2024-11-13,4511,105,76503171,728602,0.023276,0.86,93.68
179000000000000001,180000000000000002,2024-11-13,1496,46,47759339,1038246,0.030749,0.32,30.97
179000000000000002,180000000000000003,2024-11-13,691,39,29849168,765363,0.05644,1.35,121.02
179000000000000002,180000000000000004,2024-11-13,1153,43,32282088,750746,0.037294,1.56,144.02
179000000000000003,180000000000000005,2024-11-13,639,36,41420837,1150579,0.056338,0.55,34.96
179000000000000004,180000000000000006,2024-11-13,509,52,84302337,1621199,0.102161,1.33,126.63
179000000000000004,180000000000000007,2024-11-13,452,40,60670592,1516765,0.088496,1.25,89.49
179000000000000005,180000000000000008,2024-11-13,924,91,41420836,455174,0.098485,4.72,442.15
179000000000000001,180000000000000001,2024-11-14,2842,80,67396479,842456,0.028149,0.52,54.7
179000000000000001,180000000000000002,2024-11-14,1165,41,37350764,910994,0.035193,0.26,28.54
179000000000000002,180000000000000003,2024-11-14,773,35,26971942,770627,0.045278,1.17,60.59
179000000000000002,180000000000000004,2024-11-14,993,44,25401680,577311,0.04431,1.57,129.22
179000000000000003,180000000000000005,2024-11-14,614,36,34915748,969882,0.058632,0.4,32.57
179000000000000004,180000000000000006,2024-11-14,545,36,56137389,1559372,0.066055,1.12,66.77
179000000000000004,180000000000000007,2024-11-14,349,28,42408585,1514592,0.080229,0.97,108.08
179000000000000005,180000000000000008,2024-11-14,671,70,34915748,498796,0.104322,3.37,290.53
179000000000000001,180000000000000001,2024-11-15,2802,61,67412712,1105126,0.02177,0.42,34.47
179000000000000001,180000000000000002,2024-11-15,1332,42,35756412,851343,0.031532,0.26,28.52
179000000000000002,180000000000000003,2024-11-15,686,29,23389073,806520,0.042274,1.12,82.56
179000000000000002,180000000000000004,2024-11-15,830,49,28195489,575418,0.059036,2.04,144.63
179000000000000003,180000000000000005,2024-11-15,556,36,34389708,955270,0.064748,0.47,46.55
179000000000000004,180000000000000006,2024-11-15,299,30,52059433,1735314,0.100334,0.89,92.4
179000000000000004,180000000000000007,2024-11-15,238,21,40690997,1937667,0.088235,0.54,66.31
179000000000000005,180000000000000008,2024-11-15,604,62,34389708,554673,0.102649,2.67,230.39
179000000000000001,180000000000000001,2024-11-16,2860,84,92895398,1105898,0.029371,0.79,53.76
179000000000000001,180000000000000002,2024-11-16,1424,48,40943082,852981,0.033708,0.41,37.01
179000000000000002,180000000000000003,2024-11-16,1181,43,33616953,781790,0.03641,1.75,232.07
179000000000000002,180000000000000004,2024-11-16,928,40,33302287,832557,0.043103,1.14,68.74
179000000000000003,180000000000000005,2024-11-16,995,40,44612827,1115321,0.040201,0.53,40.54
179000000000000004,180000000000000006,2024-11-16,259,28,62540563,2233592,0.108108,0.94,76.9
179000000000000004,180000000000000007,2024-11-16,322,29,61146435,2108498,0.090062,0.69,52.78
179000000000000005,180000000000000008,2024-11-16,947,89,44612827,501268,0.093981,3.46,307.23
179000000000000001,180000000000000001,2024-11-17,2680,70,70076147,1001088,0.026119,0.64,54.34
179000000000000001,180000000000000002,2024-11-17,1695,49,52147100,1064227,0.028909,0.37,36.69
179000000000000002,180000000000000003,2024-11-17,553,33,29711206,900340,0.059675,1.13,102.83
179000000000000002,180000000000000004,2024-11-17,1062,47,31400416,668094,0.044256,1.9,125.62
179000000000000003,180000000000000005,2024-11-17,834,50,40741083,814822,0.059952,0.7,54.17
179000000000000004,180000000000000006,2024-11-17,612,55,87688016,1594328,0.089869,1.32,152.96
179000000000000004,180000000000000007,2024-11-17,469,31,54905772,1771154,0.066098,1.04,120.68
179000000000000005,180000000000000008,2024-11-17,850,100,40741082,407411,0.117647,4.22,376.17
179000000000000001,180000000000000001,2024-11-18,3955,87,85778577,985961,0.021997,0.66,46.08
179000000000000001,180000000000000002,2024-11-18,1824,60,57235505,953925,0.032895,0.52,50.47
179000000000000002,180000000000000003,2024-11-18,1564,68,39853999,586088,0.043478,2.42,266.83
179000000000000002,180000000000000004,2024-11-18,740,42,31653042,753644,0.056757,1.47,100.57
179000000000000003,180000000000000005,2024-11-18,921,45,47671360,1059364,0.04886,0.67,70.38
179000000000000004,180000000000000006,2024-11-18,690,50,103530961,2070619,0.072464,1.58,163.71
179000000000000004,180000000000000007,2024-11-18,660,37,63318801,1711319,0.056061,1.09,117.72
179000000000000005,180000000000000008,2024-11-18,1040,73,32328261,442853,0.070192,3.29,279.11
179000000000000001,180000000000000001,2024-11-19,2630,62,63150084,1018550,0.023574,0.53,62.19
179000000000000001,180000000000000002,2024-11-19,1192,37,29666352,801793,0.03104,0.27,29.37
179000000000000002,180000000000000003,2024-11-19,382,13,12370198,951554,0.034031,0.34,25.46
179000000000000002,180000000000000004,2024-11-19,597,27,22465824,832068,0.045226,0.95,66.14
179000000000000003,180000000000000005,2024-11-19,694,33,30938812,937540,0.04755,0.6,81.43
179000000000000004,180000000000000006,2024-11-19,449,36,57024011,1584000,0.080178,0.99,88.78
179000000000000004,180000000000000007,2024-11-19,429,30,51261831,1708728,0.06993,1.02,122.15
179000000000000005,180000000000000008,2024-11-19,686,70,30938812,441983,0.102041,3.02,162.1
179000000000000001,180000000000000001,2024-11-20,3583,77,66043244,857704,0.02149,0.67,70.19
179000000000000001,180000000000000002,2024-11-20,1796,48,43555095,907398,0.026726,0.36,35.55
179000000000000002,180000000000000003,2024-11-20,743,42,33082619,787681,0.056528,1.15,104.08
179000000000000002,180000000000000004,2024-11-20,589,29,21716551,748847,0.049236,1.08,133.49
179000000000000003,180000000000000005,2024-11-20,1037,46,36532780,794191,0.044359,0.66,27.31
179000000000000004,180000000000000006,2024-11-20,550,40,78608498,1965212,0.072727,1.25,69.65
179000000000000004,180000000000000007,2024-11-20,427,30,49256230,1641874,0.070258,0.99,81.87
179000000000000005,180000000000000008,2024-11-20,666,65,36532779,562043,0.097598,2.73,189.33
179000000000000001,180000000000000001,2024-11-21,2148,55,49747157,904494,0.025605,0.43,48.15
179000000000000001,180000000000000002,2024-11-21,1496,38,38694731,1018282,0.025401,0.31,29.67
179000000000000002,180000000000000003,2024-11-21,520,34,20581037,605325,0.065385,0.96,98.53
179000000000000002,180000000000000004,2024-11-21,664,31,23639908,762578,0.046687,1.27,132.41
179000000000000003,180000000000000005,2024-11-21,703,34,29480629,867077,0.048364,0.55,25.28
179000000000000004,180000000000000006,2024-11-21,521,40,67134419,1678360,0.076775,1.16,71.35
179000000000000004,180000000000000007,2024-11-21,296,23,36047785,1567295,0.077703,0.61,60.94
179000000000000005,180000000000000008,2024-11-21,711,57,29480629,517204,0.080169,2.78,212.37
179000000000000001,180000000000000001,2024-11-22,4501,101,69006852,683236,0.022439,0.88,65.42
179000000000000001,180000000000000002,2024-11-22,1752,45,42959536,954656,0.025685,0.29,32.58
179000000000000002,180000000000000003,2024-11-22,593,32,27927004,872719,0.053963,1.25,110.67
179000000000000002,180000000000000004,2024-11-22,254,15,12126748,808450,0.059055,0.54,24.65
179000000000000003,180000000000000005,2024-11-22,1046,44,37322129,848230,0.042065,0.71,36.85
179000000000000004,180000000000000006,2024-11-22,615,48,78200284,1629173,0.078049,1.23,77.93
179000000000000004,180000000000000007,2024-11-22,511,33,52427168,1588702,0.064579,0.73,78.22
179000000000000005,180000000000000008,2024-11-22,727,67,37322130,557047,0.09216,3.3,252.86
179000000000000001,180000000000000001,2024-11-23,2961,85,78813652,927219,0.028707,0.74,81.94
179000000000000001,180000000000000002,2024-11-23,3623,76,52780010,694474,0.020977,0.67,47.76
179000000000000002,180000000000000003,2024-11-23,675,40,32035138,800878,0.059259,1.17,111.95
179000000000000002,180000000000000004,2024-11-23,637,37,33761693,912478,0.058085,1.46,117.07
179000000000000003,180000000000000005,2024-11-23,669,43,43864554,1020106,0.064275,0.6,65.46
179000000000000004,180000000000000006,2024-11-23,889,67,94520302,1410751,0.075366,1.85,153.36
179000000000000004,180000000000000007,2024-11-23,452,30,59005637,1966855,0.066372,0.88,83.54
179000000000000005,180000000000000008,2024-11-23,883,84,43864554,522197,0.09513,3.77,218.07
179000000000000001,180000000000000001,2024-11-24,7229,131,104652824,798877,0.018121,1.07,85.27
179000000000000001,180000000000000002,2024-11-24,2440,59,48908224,828953,0.02418,0.5,51.18
179000000000000002,180000000000000003,2024-11-24,898,50,41463143,829263,0.055679,1.56,140.75
179000000000000002,180000000000000004,2024-11-24,835,50,35317381,706348,0.05988,1.82,114.93
179000000000000003,180000000000000005,2024-11-24,440,33,28106400,851709,0.075,0.64,75.76
179000000000000004,180000000000000006,2024-11-24,826,68,105000815,1544130,0.082324,1.96,219.18
179000000000000004,180000000000000007,2024-11-24,569,45,74153741,1647861,0.079086,1.13,89.39
179000000000000005,180000000000000008,2024-11-24,790,81,35346698,436379,0.102532,3.22,280.59
179000000000000001,180000000000000001,2024-11-25,1664,50,44231243,884625,0.030048,0.46,47.39
179000000000000001,180000000000000002,2024-11-25,658,34,23341693,686520,0.051672,0.29,20.72
179000000000000002,180000000000000003,2024-11-25,1029,50,33580032,671601,0.048591,2.01,249.83
179000000000000002,180000000000000004,2024-11-25,623,30,27345644,911521,0.048154,0.99,97.32
179000000000000003,180000000000000005,2024-11-25,789,45,40617116,902603,0.057034,0.58,62.09
179000000000000004,180000000000000006,2024-11-25,681,56,81565574,1456528,0.082232,1.78,128.8
179000000000000004,180000000000000007,2024-11-25,506,39,60594332,1553701,0.077075,0.93,78.62
179000000000000005,180000000000000008,2024-11-25,840,81,40617116,501446,0.096429,3.92,299.42
179000000000000001,180000000000000001,2024-11-26,2679,78,85434907,1095319,0.029115,0.65,61.68
179000000000000001,180000000000000002,2024-11-26,3719,98,64507894,658244,0.026351,0.87,48.61
179000000000000002,180000000000000003,2024-11-26,996,45,33809201,751316,0.045181,1.52,114.37
179000000000000002,180000000000000004,2024-11-26,1149,57,41162199,722144,0.049608,2.0,99.69
179000000000000003,180000000000000005,2024-11-26,756,44,49980933,1135930,0.058201,0.62,43.93
179000000000000004,180000000000000006,2024-11-26,544,48,79623403,1658821,0.088235,1.55,176.21
179000000000000004,180000000000000007,2024-11-26,511,45,62149987,1381111,0.088063,1.02,106.04
179000000000000005,180000000000000008,2024-11-26,1365,116,49980933,430870,0.084982,6.19,409.22
179000000000000001,180000000000000001,2024-11-27,4747,101,78523442,777460,0.021277,0.91,55.25
179000000000000001,180000000000000002,2024-11-27,1612,55,49486370,899752,0.034119,0.44,53.3
179000000000000002,180000000000000003,2024-11-27,180,18,16756148,930897,0.1,0.57,47.81
179000000000000002,180000000000000004,2024-11-27,1049,46,30973912,673346,0.043851,1.95,164.59
179000000000000003,180000000000000005,2024-11-27,770,47,42669938,907871,0.061039,0.82,92.45
179000000000000004,180000000000000006,2024-11-27,692,47,85349370,1815944,0.067919,1.36,123.85
179000000000000004,180000000000000007,2024-11-27,654,46,63995412,1391205,0.070336,1.43,131.54
179000000000000005,180000000000000008,2024-11-27,918,89,42669938,479438,0.09695,3.78,303.07
179000000000000001,180000000000000001,2024-11-28,4461,87,79912964,918540,0.019502,0.56,67.05
179000000000000001,180000000000000002,2024-11-28,1357,32,41578652,1299333,0.023581,0.2,18.57
179000000000000002,180000000000000003,2024-11-28,803,37,28017818,757238,0.046077,1.37,140.96
179000000000000002,180000000000000004,2024-11-28,716,34,32727990,962588,0.047486,1.2,126.96
179000000000000003,180000000000000005,2024-11-28,694,39,40497205,1038390,0.056196,0.65,53.4
179000000000000004,180000000000000006,2024-11-28,398,30,51783387,1726113,0.075377,0.82,73.04
179000000000000004,180000000000000007,2024-11-28,397,33,56153780,1701630,0.083123,1.09,105.47
179000000000000005,180000000000000008,2024-11-28,1028,91,40497205,445024,0.088521,3.92,443.57
179000000000000001,180000000000000001,2024-11-29,3932,96,93775569,976829,0.024415,0.89,85.68
179000000000000001,180000000000000002,2024-11-29,3295,81,80360940,992110,0.024583,0.57,67.6
179000000000000002,180000000000000003,2024-11-29,879,56,43998265,785683,0.063709,1.52,159.73
179000000000000002,180000000000000004,2024-11-29,1362,54,43069989,797592,0.039648,1.97,111.69
179000000000000003,180000000000000005,2024-11-29,1443,78,58045503,744173,0.054054,1.14,120.61
179000000000000004,180000000000000006,2024-11-29,858,84,121377842,1444974,0.097902,1.92,209.97
179000000000000004,180000000000000007,2024-11-29,572,43,81781418,1901893,0.075175,1.52,84.32
179000000000000005,180000000000000008,2024-11-29,1310,133,58045503,436432,0.101527,5.36,629.74
179000000000000001,180000000000000001,2024-11-30,3094,71,59913589,843853,0.022948,0.55,37.53
179000000000000001,180000000000000002,2024-11-30,1527,36,36932181,1025894,0.023576,0.27,18.47
179000000000000002,180000000000000003,2024-11-30,562,34,24943027,733618,0.060498,1.18,88.38
179000000000000002,180000000000000004,2024-11-30,816,38,23479858,617891,0.046569,1.67,147.41
179000000000000003,180000000000000005,2024-11-30,761,28,32281923,1152926,0.036794,0.44,51.0
179000000000000004,180000000000000006,2024-11-30,449,39,65768360,1686368,0.08686,1.14,102.68
179000000000000004,180000000000000007,2024-11-30,361,31,47218371,1523173,0.085873,0.73,51.82
179000000000000005,180000000000000008,2024-11-30,725,70,32281923,461170,0.096552,2.6,158.8
179000000000000001,180000000000000001,2024-12-01,4276,82,101157600,1233629,0.019177,0.53,61.61
179000000000000001,180000000000000002,2024-12-01,2078,65,63736522,980562,0.03128,0.51,38.7
179000000000000002,180000000000000003,2024-12-01,969,56,44905374,801882,0.057792,2.08,164.09
179000000000000002,180000000000000004,2024-12-01,1124,44,37541687,853220,0.039146,1.31,133.71
179000000000000003,180000000000000005,2024-12-01,769,25,21463092,858524,0.03251,0.38,51.64
179000000000000004,180000000000000006,2024-12-01,754,61,108093522,1772025,0.080902,1.84,114.26
179000000000000004,180000000000000007,2024-12-01,743,47,84282955,1793254,0.063257,1.37,107.89
179000000000000005,180000000000000008,2024-12-01,1116,115,54964708,477954,0.103047,4.76,334.03
179000000000000001,180000000000000001,2024-12-02,2129,56,48522404,866472,0.026303,0.4,43.3
179000000000000001,180000000000000002,2024-12-02,2793,68,46479308,683519,0.024347,0.51,36.98
179000000000000002,180000000000000003,2024-12-02,822,37,26146432,706660,0.045012,1.36,90.98
179000000000000002,180000000000000004,2024-12-02,736,41,31097089,758466,0.055707,1.11,67.27
179000000000000003,180000000000000005,2024-12-02,831,41,38162347,930789,0.049338,0.62,74.66
179000000000000004,180000000000000006,2024-12-02,453,39,70684636,1812427,0.086093,1.06,101.36
179000000000000004,180000000000000007,2024-12-02,403,39,62883580,1612399,0.096774,1.29,142.78
179000000000000005,180000000000000008,2024-12-02,652,71,38162347,537498,0.108896,2.72,186.79
179000000000000001,180000000000000001,2024-12-03,1941,60,57411218,956854,0.030912,0.5,35.66
179000000000000001,180000000000000002,2024-12-03,1493,53,43836584,827105,0.035499,0.39,30.28
179000000000000002,180000000000000003,2024-12-03,1207,51,28489451,558617,0.042254,1.84,137.5
179000000000000002,180000000000000004,2024-12-03,374,25,22134450,885378,0.066845,0.78,96.14
179000000000000003,180000000000000005,2024-12-03,485,31,33749267,1088686,0.063918,0.47,49.51
179000000000000004,180000000000000006,2024-12-03,506,43,72662784,1689832,0.08498,1.16,91.96
179000000000000004,180000000000000007,2024-12-03,573,32,45459652,1420614,0.055846,0.82,73.35
179000000000000005,180000000000000008,2024-12-03,827,65,33749267,519219,0.078597,2.59,224.26
179000000000000001,180000000000000001,2024-12-04,4541,101,88556280,876795,0.022242,0.97,59.74
179000000000000001,180000000000000002,2024-12-04,1823,44,49718350,1129962,0.024136,0.28,17.41
179000000000000002,180000000000000003,2024-12-04,728,40,33539819,838495,0.054945,1.62,140.82
179000000000000002,180000000000000004,2024-12-04,1554,57,35597497,624517,0.03668,2.39,250.47
179000000000000003,180000000000000005,2024-12-04,1161,49,46091544,940644,0.042205,0.8,77.73
179000000000000004,180000000000000006,2024-12-04,709,54,96336755,1784014,0.076164,1.43,171.75
179000000000000004,180000000000000007,2024-12-04,351,31,64983648,2096247,0.088319,0.94,114.36
179000000000000005,180000000000000008,2024-12-04,987,94,46091543,490336,0.095238,4.56,288.41
179000000000000001,180000000000000001,2024-12-05,2048,60,62120462,1035341,0.029297,0.37,30.83
179000000000000001,180000000000000002,2024-12-05,1900,51,40058007,785451,0.026842,0.44,49.51
179000000000000002,180000000000000003,2024-12-05,761,44,29774870,676702,0.057819,1.56,157.73
179000000000000002,180000000000000004,2024-12-05,773,33,21314364,645890,0.042691,0.84,78.37
179000000000000003,180000000000000005,2024-12-05,607,28,34059490,1216410,0.046129,0.44,40.83
179000000000000004,180000000000000006,2024-12-05,374,38,68406292,1800166,0.101604,1.01,71.84
179000000000000004,180000000000000007,2024-12-05,396,27,50801921,1881553,0.068182,0.57,56.41
179000000000000005,180000000000000008,2024-12-05,791,82,34059490,415360,0.103666,4.19,449.72
179000000000000001,180000000000000001,2024-12-06,3208,78,69675099,893270,0.024314,0.57,45.82
179000000000000001,180000000000000002,2024-12-06,2156,57,41421658,726696,0.026438,0.41,25.52
179000000000000002,180000000000000003,2024-12-06,745,40,29583266,739582,0.053691,1.22,56.08
179000000000000002,180000000000000004,2024-12-06,603,28,25965112,927325,0.046434,1.13,98.01
179000000000000003,180000000000000005,2024-12-06,935,41,37032252,903226,0.04385,0.56,65.9
179000000000000004,180000000000000006,2024-12-06,718,43,87499770,2034878,0.059889,1.15,105.07
179000000000000004,180000000000000007,2024-12-06,296,22,42113112,1914232,0.074324,0.63,44.8
179000000000000005,180000000000000008,2024-12-06,668,70,37032252,529032,0.10479,2.77,235.13
179000000000000001,180000000000000001,2024-12-07,1945,56,57243998,1022214,0.028792,0.42,22.86
179000000000000001,180000000000000002,2024-12-07,1467,37,46952786,1268994,0.025222,0.27,29.25
179000000000000002,180000000000000003,2024-12-07,756,45,28489298,633096,0.059524,1.15,141.41
179000000000000002,180000000000000004,2024-12-07,736,36,23609095,655808,0.048913,1.42,125.1
179000000000000003,180000000000000005,2024-12-07,724,31,34732261,1120396,0.042818,0.52,40.63
179000000000000004,180000000000000006,2024-12-07,391,34,79156712,2328139,0.086957,0.84,63.17
179000000000000004,180000000000000007,2024-12-07,280,19,42406205,2231906,0.067857,0.53,49.8
179000000000000005,180000000000000008,2024-12-07,690,71,34732261,489187,0.102899,3.52,268.53
179000000000000001,180000000000000001,2024-12-08,1556,40,53676898,1341922,0.025707,0.31,28.07
179000000000000001,180000000000000002,2024-12-08,1631,52,47957846,922266,0.031882,0.32,23.83
179000000000000002,180000000000000003,2024-12-08,533,36,27220480,756124,0.067542,1.15,124.29
179000000000000002,180000000000000004,2024-12-08,640,42,23596893,561831,0.065625,1.31,127.6
179000000000000003,180000000000000005,2024-12-08,1137,48,33878248,705797,0.042216,0.63,60.36
179000000000000004,180000000000000006,2024-12-08,600,45,73590764,1635350,0.075,1.37,156.48
179000000000000004,180000000000000007,2024-12-08,255,22,44983105,2044687,0.086275,0.5,29.87
179000000000000005,180000000000000008,2024-12-08,492,55,33878248,615968,0.111789,2.16,257.7
179000000000000001,180000000000000001,2024-12-09,2817,67,51202505,764216,0.023784,0.5,52.62
179000000000000001,180000000000000002,2024-12-09,797,24,27518999,1146625,0.030113,0.24,20.88
179000000000000002,180000000000000003,2024-12-09,404,26,18922037,727771,0.064356,0.85,42.86
179000000000000002,180000000000000004,2024-12-09,648,26,20438715,786104,0.040123,0.99,77.56
179000000000000003,180000000000000005,2024-12-09,546,31,26240501,846468,0.056777,0.53,25.59
179000000000000004,180000000000000006,2024-12-09,504,37,52874601,1429043,0.073413,0.88,69.96
179000000000000004,180000000000000007,2024-12-09,230,16,38967154,2435447,0.069565,0.45,53.04
179000000000000005,180000000000000008,2024-12-09,647,68,26240502,385890,0.1051,3.1,270.09
179000000000000001,180000000000000001,2024-12-10,2510,55,50540365,918916,0.021912,0.42,48.37
179000000000000001,180000000000000002,2024-12-10,1119,39,44473473,1140345,0.034853,0.27,18.65
179000000000000002,180000000000000003,2024-12-10,178,16,15107224,944202,0.089888,0.53,68.03
179000000000000002,180000000000000004,2024-12-10,467,31,22014849,710156,0.066381,1.33,109.65
179000000000000003,180000000000000005,2024-12-10,762,39,31671279,812084,0.051181,0.48,37.76
179000000000000004,180000000000000006,2024-12-10,477,39,67339318,1726649,0.081761,0.99,79.68
179000000000000004,180000000000000007,2024-12-10,345,29,43510159,1500350,0.084058,0.9,42.76
179000000000000005,180000000000000008,2024-12-10,1127,96,31671279,329909,0.085182,4.31,446.21
179000000000000001,180000000000000001,2024-12-11,2041,50,49842502,996850,0.024498,0.38,38.21
179000000000000001,180000000000000002,2024-12-11,2110,41,31287053,763099,0.019431,0.38,26.46
179000000000000002,180000000000000003,2024-12-11,553,23,19912675,865768,0.041591,0.93,81.28
179000000000000002,180000000000000004,2024-12-11,350,11,10579811,961801,0.031429,0.28,30.89
179000000000000003,180000000000000005,2024-12-11,553,23,27043185,1175791,0.041591,0.39,46.67
179000000000000004,180000000000000006,2024-12-11,414,33,60248208,1825703,0.07971,1.02,93.82
179000000000000004,180000000000000007,2024-12-11,225,16,34402938,2150184,0.071111,0.55,36.06
179000000000000005,180000000000000008,2024-12-11,731,57,27043185,474442,0.077975,2.61,246.06
179000000000000001,180000000000000001,2024-12-12,3445,79,61992240,784712,0.022932,0.6,57.55
179000000000000001,180000000000000002,2024-12-12,901,17,14082840,828402,0.018868,0.17,12.81
179000000000000002,180000000000000003,2024-12-12,881,38,23507436,618617,0.043133,1.16,129.59
179000000000000002,180000000000000004,2024-12-12,997,41,26392592,643722,0.041123,1.59,165.5
179000000000000003,180000000000000005,2024-12-12,859,35,33266686,950477,0.040745,0.54,38.77
179000000000000004,180000000000000006,2024-12-12,390,37,69612119,1881409,0.094872,1.17,111.93
179000000000000004,180000000000000007,2024-12-12,584,35,46821282,1337751,0.059932,0.92,85.96
179000000000000005,180000000000000008,2024-12-12,779,77,33266686,432035,0.098845,3.37,232.33
179000000000000001,180000000000000001,2024-12-13,3676,72,54963979,763389,0.019587,0.52,60.82
179000000000000001,180000000000000002,2024-12-13,1061,34,31764616,934253,0.032045,0.28,15.51
179000000000000002,180000000000000003,2024-12-13,716,37,22194686,599856,0.051676,1.47,134.45
179000000000000002,180000000000000004,2024-12-13,474,31,21169611,682891,0.065401,1.17,118.73
179000000000000003,180000000000000005,2024-12-13,595,30,28909532,963651,0.05042,0.38,23.8
179000000000000004,180000000000000006,2024-12-13,494,34,63469416,1866748,0.068826,0.97,61.44
179000000000000004,180000000000000007,2024-12-13,218,19,37713945,1984944,0.087156,0.42,36.32
179000000000000005,180000000000000008,2024-12-13,328,37,20663434,558471,0.112805,1.93,221.13
179000000000000001,180000000000000001,2024-12-14,1449,43,44345089,1031281,0.029676,0.33,24.27
179000000000000001,180000000000000002,2024-12-14,1229,33,34400296,1042433,0.026851,0.27,33.91
179000000000000002,180000000000000003,2024-12-14,468,30,21832163,727739,0.064103,1.06,63.72
179000000000000002,180000000000000004,2024-12-14,236,13,10398338,799872,0.055085,0.35,35.76
179000000000000003,180000000000000005,2024-12-14,541,25,26248461,1049938,0.046211,0.4,35.77
179000000000000004,180000000000000006,2024-12-14,294,21,34012352,1619636,0.071429,0.64,59.44
179000000000000004,180000000000000007,2024-12-14,391,26,35517430,1366055,0.066496,0.75,85.56
179000000000000005,180000000000000008,2024-12-14,505,44,26248461,596556,0.087129,2.13,180.94
179000000000000001,180000000000000001,2024-12-15,3022,69,65759569,953037,0.022833,0.63,66.73
179000000000000001,180000000000000002,2024-12-15,1889,53,48630412,917555,0.028057,0.45,38.18
179000000000000002,180000000000000003,2024-12-15,684,40,26952727,673818,0.05848,1.58,197.5
179000000000000002,180000000000000004,2024-12-15,779,38,30242264,795849,0.04878,1.46,167.71
179000000000000003,180000000000000005,2024-12-15,641,34,38129994,1121470,0.053042,0.55,48.38
179000000000000004,180000000000000006,2024-12-15,654,50,83698887,1673978,0.076453,1.35,123.71
179000000000000004,180000000000000007,2024-12-15,458,32,49756092,1554878,0.069869,0.78,74.85
179000000000000005,180000000000000008,2024-12-15,1068,95,38129994,401368,0.088951,3.85,320.87
179000000000000001,180000000000000001,2024-12-16,1989,55,49956039,908292,0.027652,0.5,47.52
179000000000000001,180000000000000002,2024-12-16,1609,36,38681324,1074481,0.022374,0.33,37.92
179000000000000002,180000000000000003,2024-12-16,466,29,22632588,780434,0.062232,0.87,94.66
179000000000000002,180000000000000004,2024-12-16,739,29,21686093,747796,0.039242,1.13,134.26
179000000000000003,180000000000000005,2024-12-16,881,37,29545787,798535,0.041998,0.61,40.73
179000000000000004,180000000000000006,2024-12-16,521,46,67563751,1468777,0.088292,1.39,109.83
179000000000000004,180000000000000007,2024-12-16,168,14,19948148,1424868,0.083333,0.39,37.29
179000000000000005,180000000000000008,2024-12-16,578,56,29545788,527603,0.096886,2.78,176.87
179000000000000001,180000000000000001,2024-12-17,3440,77,67945600,882410,0.022384,0.63,48.6
179000000000000001,180000000000000002,2024-12-17,1207,39,45825712,1175018,0.032312,0.32,21.86
179000000000000002,180000000000000003,2024-12-17,552,30,25109258,836975,0.054348,1.12,116.34
179000000000000002,180000000000000004,2024-12-17,742,40,31776398,794410,0.053908,1.41,174.45
179000000000000003,180000000000000005,2024-12-17,606,41,37923770,924970,0.067657,0.53,71.44
179000000000000004,180000000000000006,2024-12-17,573,44,84509558,1920672,0.076789,1.0,71.47
179000000000000004,180000000000000007,2024-12-17,405,28,48223638,1722273,0.069136,0.86,45.71
179000000000000005,180000000000000008,2024-12-17,705,71,37923771,534138,0.100709,3.38,420.96
179000000000000001,180000000000000001,2024-12-18,2809,58,53762130,926933,0.020648,0.46,37.43
179000000000000001,180000000000000002,2024-12-18,931,31,31607352,1019592,0.033298,0.24,30.94
179000000000000002,180000000000000003,2024-12-18,490,35,21049725,601421,0.071429,1.26,148.77
179000000000000002,180000000000000004,2024-12-18,857,37,21635017,584730,0.043174,1.49,117.35
179000000000000003,180000000000000005,2024-12-18,583,31,28456495,917951,0.053173,0.43,30.28
179000000000000004,180000000000000006,2024-12-18,409,30,57723698,1924123,0.07335,0.9,100.52
179000000000000004,180000000000000007,2024-12-18,332,29,41874033,1443932,0.087349,0.85,61.35
179000000000000005,180000000000000008,2024-12-18,716,72,28456494,395229,0.100559,3.29,330.34
179000000000000001,180000000000000001,2024-12-19,1778,55,58293488,1059882,0.030934,0.43,37.51
179000000000000001,180000000000000002,2024-12-19,1257,31,33030711,1065507,0.024662,0.25,21.67
179000000000000002,180000000000000003,2024-12-19,550,34,21268951,625557,0.061818,1.4,165.53
179000000000000002,180000000000000004,2024-12-19,637,35,24393148,696947,0.054945,1.0,60.99
179000000000000003,180000000000000005,2024-12-19,686,33,30441399,922467,0.048105,0.47,23.22
179000000000000004,180000000000000006,2024-12-19,553,41,63593471,1551060,0.074141,1.05,75.9
179000000000000004,180000000000000007,2024-12-19,332,25,42951428,1718057,0.075301,0.57,68.51
179000000000000005,180000000000000008,2024-12-19,502,50,30441399,608828,0.099602,2.1,187.38
179000000000000001,180000000000000001,2024-12-20,1985,49,50860032,1037960,0.024685,0.4,40.24
179000000000000001,180000000000000002,2024-12-20,665,23,27401447,1191367,0.034586,0.2,16.19
179000000000000002,180000000000000003,2024-12-20,708,29,19652632,677677,0.04096,1.01,119.08
179000000000000002,180000000000000004,2024-12-20,751,27,19478108,721411,0.035952,1.07,54.01
179000000000000003,180000000000000005,2024-12-20,579,30,26087159,869572,0.051813,0.47,40.19
179000000000000004,180000000000000006,2024-12-20,382,28,54612576,1950449,0.073298,0.83,96.54
179000000000000004,180000000000000007,2024-12-20,300,22,36692483,1667840,0.073333,0.74,49.15
179000000000000005,180000000000000008,2024-12-20,377,42,26087159,621123,0.111406,1.94,165.42
179000000000000001,180000000000000001,2024-12-21,1990,48,44726515,931802,0.024121,0.34,28.48
179000000000000001,180000000000000002,2024-12-21,1285,37,33748726,912128,0.028794,0.33,23.45
179000000000000002,180000000000000003,2024-12-21,611,27,16802901,622330,0.04419,1.18,102.61
179000000000000002,180000000000000004,2024-12-21,527,28,22434720,801240,0.053131,0.82,57.1
179000000000000003,180000000000000005,2024-12-21,546,26,26158413,1006093,0.047619,0.36,37.65
179000000000000004,180000000000000006,2024-12-21,343,32,58800666,1837521,0.093294,0.83,76.63
179000000000000004,180000000000000007,2024-12-21,177,14,32753782,2339556,0.079096,0.43,26.99
179000000000000005,180000000000000008,2024-12-21,554,62,26158413,421910,0.111913,2.91,325.52
179000000000000001,180000000000000001,2024-12-22,2031,59,47793037,810051,0.02905,0.49,62.74
179000000000000001,180000000000000002,2024-12-22,1175,34,29732485,874485,0.028936,0.28,26.55
179000000000000002,180000000000000003,2024-12-22,500,27,19864440,735720,0.054,1.2,81.14
179000000000000002,180000000000000004,2024-12-22,719,28,18898323,674940,0.038943,0.74,68.22
179000000000000003,180000000000000005,2024-12-22,404,24,25841841,1076743,0.059406,0.41,40.2
179000000000000004,180000000000000006,2024-12-22,479,35,50509606,1443132,0.073069,1.07,78.22
179000000000000004,180000000000000007,2024-12-22,296,19,39936838,2101939,0.064189,0.5,52.99
179000000000000005,180000000000000008,2024-12-22,426,48,25841841,538372,0.112676,2.22,226.64
179000000000000001,180000000000000001,2024-12-23,1385,40,44057343,1101434,0.028881,0.3,37.86
179000000000000001,180000000000000002,2024-12-23,1128,38,35538065,935212,0.033688,0.22,23.05
179000000000000002,180000000000000003,2024-12-23,495,29,19367230,667836,0.058586,0.94,105.74
179000000000000002,180000000000000004,2024-12-23,435,22,20430474,928658,0.050575,0.76,77.17
179000000000000003,180000000000000005,2024-12-23,501,26,26531803,1020454,0.051896,0.41,41.86
179000000000000004,180000000000000006,2024-12-23,345,25,50399568,2015983,0.072464,0.78,78.4
179000000000000004,180000000000000007,2024-12-23,329,26,42461741,1633144,0.079027,0.56,60.01
179000000000000005,180000000000000008,2024-12-23,608,54,26531802,491330,0.088816,2.29,198.71
179000000000000001,180000000000000001,2024-12-24,2237,56,50116186,894932,0.025034,0.43,46.6
179000000000000001,180000000000000002,2024-12-24,1034,16,20169118,1260570,0.015474,0.14,6.48
179000000000000002,180000000000000003,2024-12-24,390,26,17428469,670326,0.066667,0.82,66.22
179000000000000002,180000000000000004,2024-12-24,823,39,23955652,614247,0.047388,1.32,146.72
179000000000000003,180000000000000005,2024-12-24,448,22,27589414,1254064,0.049107,0.26,26.67
179000000000000004,180000000000000006,2024-12-24,442,37,55266750,1493696,0.08371,0.89,96.42
179000000000000004,180000000000000007,2024-12-24,256,23,41296200,1795487,0.089844,0.68,82.86
179000000000000005,180000000000000008,2024-12-24,521,46,27589414,599770,0.088292,2.56,217.82
179000000000000001,180000000000000001,2024-12-25,1561,39,51308706,1315608,0.024984,0.3,19.68
179000000000000001,180000000000000002,2024-12-25,1322,43,34773518,808686,0.032526,0.32,18.85
179000000000000002,180000000000000003,2024-12-25,473,30,19160629,638688,0.063425,0.92,70.76
179000000000000002,180000000000000004,2024-12-25,788,34,23880483,702367,0.043147,1.36,146.0
179000000000000003,180000000000000005,2024-12-25,605,29,28694075,989451,0.047934,0.44,48.73
179000000000000004,180000000000000006,2024-12-25,410,32,61929506,1935297,0.078049,0.86,93.08
179000000000000004,180000000000000007,2024-12-25,240,19,38499755,2026303,0.079167,0.62,34.5
179000000000000005,180000000000000008,2024-12-25,629,59,28694074,486340,0.0938,2.25,178.68
179000000000000001,180000000000000001,2024-12-26,2671,56,63152784,1127728,0.020966,0.37,36.01
179000000000000001,180000000000000002,2024-12-26,1535,46,41120369,893921,0.029967,0.36,33.0
179000000000000002,180000000000000003,2024-12-26,702,46,29968900,651498,0.065527,1.44,126.18
179000000000000002,180000000000000004,2024-12-26,541,28,22167677,791703,0.051756,0.78,71.23
179000000000000003,180000000000000005,2024-12-26,218,13,16616060,1278158,0.059633,0.2,12.2
179000000000000004,180000000000000006,2024-12-26,674,48,72367679,1507660,0.071217,1.42,166.52
179000000000000004,180000000000000007,2024-12-26,402,35,49284334,1408124,0.087065,0.71,73.73
179000000000000005,180000000000000008,2024-12-26,696,65,34757718,534734,0.093391,2.71,188.22
179000000000000001,180000000000000001,2024-12-27,1074,34,43531630,1280342,0.031657,0.3,23.64
179000000000000001,180000000000000002,2024-12-27,1281,29,35187720,1213370,0.022639,0.18,18.18
179000000000000002,180000000000000003,2024-12-27,307,22,18456303,838923,0.071661,0.84,100.51
179000000000000002,180000000000000004,2024-12-27,720,34,20903372,614805,0.047222,1.27,129.51
179000000000000003,180000000000000005,2024-12-27,263,14,14350469,1025034,0.053232,0.15,19.33
179000000000000004,180000000000000006,2024-12-27,565,38,58866841,1549127,0.067257,0.9,103.14
179000000000000004,180000000000000007,2024-12-27,261,20,32972401,1648620,0.076628,0.52,41.87
179000000000000005,180000000000000008,2024-12-27,546,54,26239784,485922,0.098901,2.41,173.13
179000000000000001,180000000000000001,2024-12-28,2724,73,81138063,1111480,0.026799,0.54,31.96
179000000000000001,180000000000000002,2024-12-28,966,34,34340294,1010009,0.035197,0.26,26.13
179000000000000002,180000000000000003,2024-12-28,865,48,32139134,669565,0.055491,1.72,138.75
179000000000000002,180000000000000004,2024-12-28,976,37,25600045,691893,0.03791,1.3,100.37
179000000000000003,180000000000000005,2024-12-28,499,31,38492786,1241703,0.062124,0.43,28.07
179000000000000004,180000000000000006,2024-12-28,505,34,72613602,2135694,0.067327,1.01,86.24
179000000000000004,180000000000000007,2024-12-28,479,33,62111149,1882156,0.068894,0.87,77.34
179000000000000005,180000000000000008,2024-12-28,736,74,38492786,520173,0.100543,3.56,295.14
179000000000000001,180000000000000001,2024-12-29,2698,59,47575629,806367,0.021868,0.45,27.19
179000000000000001,180000000000000002,2024-12-29,1032,34,27740827,815907,0.032946,0.28,30.03
179000000000000002,180000000000000003,2024-12-29,595,35,18625727,532164,0.058824,1.17,113.14
179000000000000002,180000000000000004,2024-12-29,758,30,19032502,634417,0.039578,1.09,144.51
179000000000000003,180000000000000005,2024-12-29,615,29,25105486,865706,0.047154,0.39,31.61
179000000000000004,180000000000000006,2024-12-29,408,33,53537174,1622339,0.080882,1.11,83.02
179000000000000004,180000000000000007,2024-12-29,224,17,34332025,2019531,0.075893,0.49,42.01
179000000000000005,180000000000000008,2024-12-29,680,64,25105486,392273,0.094118,2.86,307.43
179000000000000001,180000000000000001,2024-12-30,3124,94,75277174,800821,0.03009,0.76,86.36
179000000000000001,180000000000000002,2024-12-30,1606,45,52092752,1157617,0.02802,0.36,36.81
179000000000000002,180000000000000003,2024-12-30,729,46,32354834,703366,0.0631,1.64,75.3
179000000000000002,180000000000000004,2024-12-30,258,18,11446376,635910,0.069767,0.79,82.21
179000000000000003,180000000000000005,2024-12-30,779,40,42456642,1061416,0.051348,0.67,79.14
179000000000000004,180000000000000006,2024-12-30,651,56,92172958,1645946,0.086022,1.27,69.05
179000000000000004,180000000000000007,2024-12-30,476,33,56425289,1709857,0.069328,0.85,105.58
179000000000000005,180000000000000008,2024-12-30,870,89,42456642,477041,0.102299,3.59,273.43
179000000000000001,180000000000000001,2024-12-31,2374,54,67623285,1252283,0.022746,0.5,42.51
179000000000000001,180000000000000002,2024-12-31,2982,65,47275504,727315,0.021797,0.54,39.75
179000000000000002,180000000000000003,2024-12-31,702,31,22710214,732588,0.04416,0.94,121.31
179000000000000002,180000000000000004,2024-12-31,1029,53,34739181,655456,0.051506,2.2,158.83
179000000000000003,180000000000000005,2024-12-31,701,36,38299597,1063878,0.051355,0.42,48.6
179000000000000004,180000000000000006,2024-12-31,586,51,82890507,1625304,0.087031,1.57,105.95
179000000000000004,180000000000000007,2024-12-31,470,27,51158081,1894744,0.057447,0.84,52.91
179000000000000005,180000000000000008,2024-12-31,666,70,38299597,547137,0.105105,3.22,198.65
179000000000000001,180000000000000001,2025-01-01,3349,70,67113900,958770,0.020902,0.55,53.2
179000000000000001,180000000000000002,2025-01-01,2011,51,55290109,1084120,0.025361,0.45,42.66
179000000000000002,180000000000000003,2025-01-01,1163,54,27780605,514456,0.046432,1.88,183.28
179000000000000002,180000000000000004,2025-01-01,994,45,33421399,742698,0.045272,1.48,178.92
179000000000000003,180000000000000005,2025-01-01,1076,48,40801336,850028,0.04461,0.85,69.8
179000000000000004,180000000000000006,2025-01-01,523,43,83309163,1937422,0.082218,1.11,88.55
179000000000000004,180000000000000007,2025-01-01,622,46,59495515,1293381,0.073955,1.37,111.22
179000000000000005,180000000000000008,2025-01-01,905,84,40801337,485730,0.092818,4.12,272.96
179000000000000001,180000000000000001,2025-01-02,3983,94,89285024,949841,0.0236,0.64,76.07
179000000000000001,180000000000000002,2025-01-02,1057,36,47882072,1330058,0.034059,0.28,13.21
179000000000000002,180000000000000003,2025-01-02,893,51,34902792,684368,0.057111,2.17,180.23
179000000000000002,180000000000000004,2025-01-02,728,46,33680756,732190,0.063187,1.53,150.13
179000000000000003,180000000000000005,2025-01-02,1237,50,45722365,914447,0.04042,0.62,59.82
179000000000000004,180000000000000006,2025-01-02,631,50,105557474,2111149,0.079239,1.4,117.06
179000000000000004,180000000000000007,2025-01-02,368,21,25739176,1225675,0.057065,0.45,52.3
179000000000000005,180000000000000008,2025-01-02,1176,105,45722365,435451,0.089286,5.22,408.59
179000000000000001,180000000000000001,2025-01-03,1777,53,57224756,1079712,0.029826,0.41,32.22
179000000000000001,180000000000000002,2025-01-03,1426,43,41769499,971384,0.030154,0.3,33.83
179000000000000002,180000000000000003,2025-01-03,592,30,26132207,871074,0.050676,0.89,59.3
179000000000000002,180000000000000004,2025-01-03,673,28,23364921,834461,0.041605,1.08,100.75
179000000000000003,180000000000000005,2025-01-03,827,41,32998085,804831,0.049577,0.59,73.8
179000000000000004,180000000000000006,2025-01-03,419,41,70937809,1730190,0.097852,1.1,88.33
179000000000000004,180000000000000007,2025-01-03,335,32,44555488,1392359,0.095522,0.76,70.39
179000000000000005,180000000000000008,2025-01-03,564,62,32998084,532227,0.109929,3.19,192.31
179000000000000001,180000000000000001,2025-01-04,4547,130,86599484,666150,0.02859,1.05,95.54
179000000000000001,180000000000000002,2025-01-04,1128,30,36539329,1217978,0.026596,0.27,27.11
179000000000000002,180000000000000003,2025-01-04,856,60,34615699,576928,0.070093,1.69,137.68
179000000000000002,180000000000000004,2025-01-04,1193,53,39929990,753396,0.044426,1.66,131.08
179000000000000003,180000000000000005,2025-01-04,879,47,49697126,1057386,0.05347,0.83,45.14
179000000000000004,180000000000000006,2025-01-04,989,63,102195640,1622153,0.063701,1.74,119.78
179000000000000004,180000000000000007,2025-01-04,273,16,39192074,2449505,0.058608,0.49,35.43
179000000000000005,180000000000000008,2025-01-04,1201,108,49697126,460159,0.089925,5.05,276.68
179000000000000001,180000000000000001,2025-01-05,2585,56,59604994,1064375,0.021663,0.46,29.37
179000000000000001,180000000000000002,2025-01-05,1454,47,40182465,854946,0.032325,0.34,37.7
179000000000000002,180000000000000003,2025-01-05,555,38,24010437,631854,0.068468,1.07,113.13
179000000000000002,180000000000000004,2025-01-05,744,38,25883292,681139,0.051075,1.58,96.28
179000000000000003,180000000000000005,2025-01-05,756,38,33262486,875329,0.050265,0.56,31.86
179000000000000004,180000000000000006,2025-01-05,402,24,47335757,1972323,0.059701,0.74,63.29
179000000000000004,180000000000000007,2025-01-05,459,35,50720006,1449143,0.076253,1.07,72.81
179000000000000005,180000000000000008,2025-01-05,578,61,33262485,545287,0.105536,2.55,217.36
179000000000000001,180000000000000001,2025-01-06,3167,72,85723858,1190609,0.022734,0.63,54.8
179000000000000001,180000000000000002,2025-01-06,2204,54,49818274,922561,0.024501,0.5,47.48
179000000000000002,180000000000000003,2025-01-06,282,29,15518571,535123,0.102837,1.2,127.79
179000000000000002,180000000000000004,2025-01-06,773,34,33269596,978518,0.043984,1.19,115.75
179000000000000003,180000000000000005,2025-01-06,777,24,19575274,815636,0.030888,0.33,38.59
179000000000000004,180000000000000006,2025-01-06,744,59,99893096,1693103,0.079301,1.64,155.29
179000000000000004,180000000000000007,2025-01-06,445,30,58239391,1941313,0.067416,0.84,84.09
179000000000000005,180000000000000008,2025-01-06,1071,90,45180711,502008,0.084034,4.43,523.27
179000000000000001,180000000000000001,2025-01-07,5207,95,88366889,930178,0.018245,0.72,71.58
179000000000000001,180000000000000002,2025-01-07,2433,62,50593414,816023,0.025483,0.58,62.49
179000000000000002,180000000000000003,2025-01-07,349,20,16355884,817794,0.057307,0.7,83.17
179000000000000002,180000000000000004,2025-01-07,1126,50,35699165,713983,0.044405,1.97,147.34
179000000000000003,180000000000000005,2025-01-07,997,57,46320101,812633,0.057172,0.84,70.54
179000000000000004,180000000000000006,2025-01-07,552,39,94395973,2420410,0.070652,1.19,117.82
179000000000000004,180000000000000007,2025-01-07,476,37,67724382,1830389,0.077731,0.98,67.14
179000000000000005,180000000000000008,2025-01-07,926,104,46320101,445386,0.112311,4.78,464.14
179000000000000001,180000000000000001,2025-01-08,3961,98,102351997,1044408,0.024741,0.87,94.99
179000000000000001,180000000000000002,2025-01-08,3278,95,76157499,801658,0.028981,0.79,61.5
179000000000000002,180000000000000003,2025-01-08,1194,54,44953286,832468,0.045226,1.84,139.32
179000000000000002,180000000000000004,2025-01-08,1423,59,44301462,750872,0.041462,1.98,184.64
179000000000000003,180000000000000005,2025-01-08,1010,61,59503165,975462,0.060396,0.92,90.74
179000000000000004,180000000000000006,2025-01-08,1183,87,131299855,1509194,0.073542,2.5,189.13
179000000000000004,180000000000000007,2025-01-08,557,49,76961222,1570637,0.087971,1.05,94.39
179000000000000005,180000000000000008,2025-01-08,1208,126,59503165,472247,0.104305,5.6,478.11
179000000000000001,180000000000000001,2025-01-09,4240,93,70755443,760811,0.021934,0.67,60.5
179000000000000001,180000000000000002,2025-01-09,3481,76,89653814,1179655,0.021833,0.57,56.24
179000000000000002,180000000000000003,2025-01-09,1437,70,58566195,836660,0.048713,1.93,154.78
179000000000000002,180000000000000004,2025-01-09,388,23,22361474,972238,0.059278,0.92,64.09
179000000000000003,180000000000000005,2025-01-09,1015,54,67271652,1245771,0.053202,0.73,72.32
179000000000000004,180000000000000006,2025-01-09,1463,100,154262047,1542620,0.068353,2.7,200.76
179000000000000004,180000000000000007,2025-01-09,537,42,81188735,1933065,0.078212,1.34,142.25
179000000000000005,180000000000000008,2025-01-09,1706,184,67271652,365607,0.107855,9.23,587.83
179000000000000001,180000000000000001,2025-01-10,6113,149,102505015,687953,0.024374,1.36,150.25
179000000000000001,180000000000000002,2025-01-10,1052,22,26104374,1186562,0.020913,0.15,18.59
179000000000000002,180000000000000003,2025-01-10,724,50,40507991,810160,0.069061,1.71,84.06
179000000000000002,180000000000000004,2025-01-10,740,38,36867153,970188,0.051351,1.38,106.2
179000000000000003,180000000000000005,2025-01-10,846,46,51583429,1121379,0.054374,0.59,55.8
179000000000000004,180000000000000006,2025-01-10,885,71,105020204,1479158,0.080226,2.21,178.46
179000000000000004,180000000000000007,2025-01-10,448,34,75521798,2221229,0.075893,0.92,112.74
179000000000000005,180000000000000008,2025-01-10,1149,103,51583429,500810,0.089643,4.43,458.04
179000000000000001,180000000000000001,2025-01-11,6462,157,131937784,840368,0.024296,1.36,118.36
179000000000000001,180000000000000002,2025-01-11,2774,66,87181406,1320930,0.023792,0.56,54.06
179000000000000002,180000000000000003,2025-01-11,1339,78,52945345,678786,0.058252,3.02,329.28
179000000000000002,180000000000000004,2025-01-11,467,23,22970446,998715,0.049251,1.03,102.84
179000000000000003,180000000000000005,2025-01-11,1268,65,73039730,1123688,0.051262,1.02,89.42
179000000000000004,180000000000000006,2025-01-11,1829,113,162637583,1439271,0.061782,2.82,230.41
179000000000000004,180000000000000007,2025-01-11,826,59,93001471,1576296,0.071429,1.94,250.33
179000000000000005,180000000000000008,2025-01-11,1785,171,73039730,427133,0.095798,8.33,818.6
179000000000000001,180000000000000001,2025-01-12,2046,67,73415976,1095761,0.032747,0.48,35.93
179000000000000001,180000000000000002,2025-01-12,2503,82,71499218,871942,0.032761,0.8,82.61
179000000000000002,180000000000000003,2025-01-12,1704,77,46870246,608704,0.045188,2.25,190.66
179000000000000002,180000000000000004,2025-01-12,1112,50,40281804,805636,0.044964,1.81,104.93
179000000000000003,180000000000000005,2025-01-12,1248,63,58101367,922244,0.050481,0.77,95.52
179000000000000004,180000000000000006,2025-01-12,968,84,125821246,1497872,0.086777,2.33,147.23
179000000000000004,180000000000000007,2025-01-12,655,41,77533539,1891062,0.062595,0.9,92.9
179000000000000005,180000000000000008,2025-01-12,1657,137,58101367,424098,0.08268,6.15,636.17
179000000000000001,180000000000000001,2025-01-13,1636,58,58403746,1006961,0.035452,0.42,25.56
179000000000000001,180000000000000002,2025-01-13,1036,36,34652230,962562,0.034749,0.35,21.0
179000000000000002,180000000000000003,2025-01-13,756,47,31714585,674778,0.062169,1.6,117.53
179000000000000002,180000000000000004,2025-01-13,1359,57,37691919,661262,0.041943,2.2,235.19
179000000000000003,180000000000000005,2025-01-13,724,42,46271003,1101691,0.058011,0.64,69.07
179000000000000004,180000000000000006,2025-01-13,691,51,105814109,2074786,0.073806,1.64,96.29
179000000000000004,180000000000000007,2025-01-13,474,34,56134399,1651012,0.07173,1.05,87.57
179000000000000005,180000000000000008,2025-01-13,755,74,46271002,625284,0.098013,3.16,269.42
179000000000000001,180000000000000001,2025-01-14,4833,130,93490483,719158,0.026898,1.09,126.45
179000000000000001,180000000000000002,2025-01-14,1223,40,51964623,1299116,0.032706,0.4,33.94
179000000000000002,180000000000000003,2025-01-14,717,45,36328538,807301,0.062762,1.59,99.65
179000000000000002,180000000000000004,2025-01-14,957,49,36399014,742837,0.051202,2.07,124.46
179000000000000003,180000000000000005,2025-01-14,1220,50,48485035,969701,0.040984,0.71,66.82
179000000000000004,180000000000000006,2025-01-14,702,53,96669965,1823962,0.075499,1.43,160.52
179000000000000004,180000000000000007,2025-01-14,618,48,73027658,1521410,0.07767,1.08,69.49
179000000000000005,180000000000000008,2025-01-14,831,80,48485036,606063,0.09627,3.38,243.06
179000000000000001,180000000000000001,2025-01-15,4195,99,110596459,1117136,0.0236,0.83,101.41
179000000000000001,180000000000000002,2025-01-15,2193,71,72463983,1020619,0.032376,0.56,58.62
179000000000000002,180000000000000003,2025-01-15,1106,64,54103954,845374,0.057866,2.69,237.85
179000000000000002,180000000000000004,2025-01-15,1488,70,37426266,534661,0.047043,2.35,137.41
179000000000000003,180000000000000005,2025-01-15,1555,69,61020147,884350,0.044373,1.1,89.69
179000000000000004,180000000000000006,2025-01-15,791,70,121803340,1740048,0.088496,1.97,168.86
179000000000000004,180000000000000007,2025-01-15,681,48,91767174,1911816,0.070485,1.27,94.9
179000000000000005,180000000000000008,2025-01-15,988,126,61020147,484287,0.12753,5.65,393.73
179000000000000001,180000000000000001,2025-01-16,3696,109,110896173,1017396,0.029491,0.78,78.49
179000000000000001,180000000000000002,2025-01-16,5523,110,97022518,882023,0.019917,0.8,54.53
179000000000000002,180000000000000003,2025-01-16,1208,79,53733315,680169,0.065397,2.73,313.39
179000000000000002,180000000000000004,2025-01-16,469,24,21815051,908960,0.051173,0.96,87.88
179000000000000003,180000000000000005,2025-01-16,1852,74,69306230,936571,0.039957,1.02,95.63
179000000000000004,180000000000000006,2025-01-16,877,77,137463430,1785239,0.087799,2.24,276.27
179000000000000004,180000000000000007,2025-01-16,979,63,105108376,1668387,0.064351,1.91,163.67
179000000000000005,180000000000000008,2025-01-16,1283,155,69306230,447137,0.120811,6.19,692.06
179000000000000001,180000000000000001,2025-01-17,4825,118,134079578,1136268,0.024456,1.05,76.81
179000000000000001,180000000000000002,2025-01-17,5511,146,107007221,732926,0.026492,1.12,97.67
179000000000000002,180000000000000003,2025-01-17,1949,101,68108446,674341,0.051821,3.85,415.55
179000000000000002,180000000000000004,2025-01-17,1121,69,52434954,759927,0.061552,2.36,178.24
179000000000000003,180000000000000005,2025-01-17,2099,81,80362266,992127,0.03859,0.94,61.97
179000000000000004,180000000000000006,2025-01-17,1322,96,167305096,1742761,0.072617,2.49,277.39
179000000000000004,180000000000000007,2025-01-17,750,49,113962835,2325772,0.065333,1.45,169.4
179000000000000005,180000000000000008,2025-01-17,1275,121,80362266,664151,0.094902,5.22,449.76
179000000000000001,180000000000000001,2025-01-18,2704,73,78182112,1070988,0.026997,0.54,58.06
179000000000000001,180000000000000002,2025-01-18,3525,112,73499654,656247,0.031773,0.81,68.73
179000000000000002,180000000000000003,2025-01-18,954,65,46453430,714668,0.068134,2.31,267.44
179000000000000002,180000000000000004,2025-01-18,1068,45,22806973,506822,0.042135,1.52,184.9
179000000000000003,180000000000000005,2025-01-18,1161,68,60418791,888512,0.05857,1.1,89.04
179000000000000004,180000000000000006,2025-01-18,507,42,82275335,1958937,0.08284,0.92,63.78
179000000000000004,180000000000000007,2025-01-18,676,41,97614516,2380842,0.060651,1.07,118.69
179000000000000005,180000000000000008,2025-01-18,1001,102,60418791,592341,0.101898,4.92,664.39
179000000000000001,180000000000000001,2025-01-19,8193,198,145025663,732453,0.024167,1.45,142.38
179000000000000001,180000000000000002,2025-01-19,3327,100,101288749,1012887,0.030057,0.83,51.36
179000000000000002,180000000000000003,2025-01-19,1537,109,65025047,596560,0.070917,3.27,298.15
179000000000000002,180000000000000004,2025-01-19,1594,85,58132160,683908,0.053325,2.73,264.57
179000000000000003,180000000000000005,2025-01-19,1625,78,82104803,1052626,0.048,1.13,71.39
179000000000000004,180000000000000006,2025-01-19,1269,103,178345696,1731512,0.081166,2.97,342.39
179000000000000004,180000000000000007,2025-01-19,578,47,109021117,2319598,0.081315,1.17,53.08
179000000000000005,180000000000000008,2025-01-19,2131,202,82104804,406459,0.094791,7.56,685.68
179000000000000001,180000000000000001,2025-01-20,2955,85,92401928,1087082,0.028765,0.66,62.72
179000000000000001,180000000000000002,2025-01-20,1538,50,43523532,870471,0.03251,0.35,41.13
179000000000000002,180000000000000003,2025-01-20,787,38,33194100,873529,0.048285,1.65,135.31
179000000000000002,180000000000000004,2025-01-20,731,40,34768630,869216,0.05472,1.57,158.77
179000000000000003,180000000000000005,2025-01-20,784,47,45308486,964010,0.059949,0.71,50.54
179000000000000004,180000000000000006,2025-01-20,718,56,101882337,1819327,0.077994,1.47,122.3
179000000000000004,180000000000000007,2025-01-20,497,32,56697366,1771793,0.064386,0.97,86.3
179000000000000005,180000000000000008,2025-01-20,976,89,45308487,509084,0.091189,3.53,301.36
179000000000000001,180000000000000001,2025-01-21,5594,120,109795344,914961,0.021452,1.14,92.8
179000000000000001,180000000000000002,2025-01-21,2177,74,89725476,1212506,0.033992,0.58,48.05
179000000000000002,180000000000000003,2025-01-21,838,36,18818202,522728,0.042959,1.28,132.17
179000000000000002,180000000000000004,2025-01-21,1435,76,61543670,809785,0.052962,3.05,244.18
179000000000000003,180000000000000005,2025-01-21,1896,80,66506940,831337,0.042194,1.39,137.02
179000000000000004,180000000000000006,2025-01-21,809,79,139575686,1766781,0.097651,2.44,205.31
179000000000000004,180000000000000007,2025-01-21,895,55,93198603,1694520,0.061453,1.72,132.17
179000000000000005,180000000000000008,2025-01-21,1197,125,66506940,532056,0.104428,5.89,565.61
179000000000000001,180000000000000001,2025-01-22,6159,131,111856549,853867,0.02127,1.22,78.98
179000000000000001,180000000000000002,2025-01-22,2403,79,89213976,1129291,0.032876,0.73,64.71
179000000000000002,180000000000000003,2025-01-22,1266,79,56350689,713300,0.062401,2.31,220.56
179000000000000002,180000000000000004,2025-01-22,1718,77,44184573,573826,0.04482,2.82,235.8
179000000000000003,180000000000000005,2025-01-22,475,35,40685950,1162456,0.073684,0.5,64.5
179000000000000004,180000000000000006,2025-01-22,993,75,149244357,1989925,0.075529,2.29,286.85
179000000000000004,180000000000000007,2025-01-22,689,53,85337922,1610149,0.076923,1.37,115.29
179000000000000005,180000000000000008,2025-01-22,1104,108,67023508,620588,0.097826,4.89,578.26
179000000000000001,180000000000000001,2025-01-23,3396,91,97017113,1066122,0.026796,0.59,54.41
179000000000000001,180000000000000002,2025-01-23,633,20,25804227,1290211,0.031596,0.12,8.73
179000000000000002,180000000000000003,2025-01-23,582,33,30242166,916429,0.056701,1.03,126.48
179000000000000002,180000000000000004,2025-01-23,588,36,22353811,620939,0.061224,1.1,68.11
179000000000000003,180000000000000005,2025-01-23,970,52,50159214,964600,0.053608,0.92,72.6
179000000000000004,180000000000000006,2025-01-23,951,65,98244620,1511456,0.068349,1.98,181.98
179000000000000004,180000000000000007,2025-01-23,823,51,77312630,1515934,0.061968,1.57,82.24
179000000000000005,180000000000000008,2025-01-23,1456,129,50159215,388831,0.088599,5.86,498.32
179000000000000001,180000000000000001,2025-01-24,4350,121,122542441,1012747,0.027816,0.89,61.31
179000000000000001,180000000000000002,2025-01-24,2832,90,87339243,970436,0.03178,0.54,38.9
179000000000000002,180000000000000003,2025-01-24,1125,65,46068777,708750,0.057778,2.49,319.13
179000000000000002,180000000000000004,2025-01-24,1784,84,58872066,700858,0.047085,3.0,142.94
179000000000000003,180000000000000005,2025-01-24,1199,65,69960562,1076316,0.054212,0.78,54.3
179000000000000004,180000000000000006,2025-01-24,1327,89,140429072,1577855,0.067069,2.25,236.86
179000000000000004,180000000000000007,2025-01-24,791,59,104432894,1770049,0.074589,2.03,223.86
179000000000000005,180000000000000008,2025-01-24,1776,155,69960562,451358,0.087275,7.02,699.63
179000000000000001,180000000000000001,2025-01-25,4657,106,108096947,1019783,0.022761,0.8,48.26
179000000000000001,180000000000000002,2025-01-25,2897,75,59297467,790633,0.025889,0.77,75.86
179000000000000002,180000000000000003,2025-01-25,1570,72,44570087,619029,0.04586,2.94,176.95
179000000000000002,180000000000000004,2025-01-25,1188,56,39127121,698699,0.047138,2.32,283.21
179000000000000003,180000000000000005,2025-01-25,1149,56,55798138,996395,0.048738,0.87,82.86
179000000000000004,180000000000000006,2025-01-25,833,71,109631635,1544108,0.085234,2.09,171.83
179000000000000004,180000000000000007,2025-01-25,653,57,85661850,1502839,0.087289,1.41,139.51
179000000000000005,180000000000000008,2025-01-25,1252,132,55798138,422713,0.105431,5.91,605.83
179000000000000001,180000000000000001,2025-01-26,2514,53,58716436,1107857,0.021082,0.43,33.03
179000000000000001,180000000000000002,2025-01-26,3209,76,70536488,928112,0.023683,0.57,62.6
179000000000000002,180000000000000003,2025-01-26,795,43,23064556,536385,0.054088,1.28,115.65
179000000000000002,180000000000000004,2025-01-26,1288,55,36246741,659032,0.042702,2.04,197.23
179000000000000003,180000000000000005,2025-01-26,1125,52,52073488,1001413,0.046222,0.86,85.08
179000000000000004,180000000000000006,2025-01-26,625,61,101106857,1657489,0.0976,1.74,159.74
179000000000000004,180000000000000007,2025-01-26,630,47,81150351,1726603,0.074603,1.45,132.59
179000000000000005,180000000000000008,2025-01-26,570,60,38109407,635157,0.105263,3.19,377.73
179000000000000001,180000000000000001,2025-01-27,5095,131,127205808,971037,0.025711,1.05,83.04
179000000000000001,180000000000000002,2025-01-27,3045,86,70402092,818629,0.028243,0.61,70.12
179000000000000002,180000000000000003,2025-01-27,1295,74,53145530,718183,0.057143,2.08,207.02
179000000000000002,180000000000000004,2025-01-27,1140,58,45658419,787214,0.050877,2.11,221.64
179000000000000003,180000000000000005,2025-01-27,1224,72,65869299,914851,0.058824,0.9,58.9
179000000000000004,180000000000000006,2025-01-27,1136,80,150469031,1880863,0.070423,2.64,238.01
179000000000000004,180000000000000007,2025-01-27,539,46,80073519,1740729,0.085343,1.27,113.39
179000000000000005,180000000000000008,2025-01-27,1622,174,65869299,378559,0.107275,7.82,837.04
179000000000000001,180000000000000001,2025-01-28,3381,110,97284243,884402,0.032535,0.85,79.58
179000000000000001,180000000000000002,2025-01-28,4393,100,74833030,748330,0.022763,0.9,85.73
179000000000000002,180000000000000003,2025-01-28,1243,68,46884778,689482,0.054706,2.15,162.52
179000000000000002,180000000000000004,2025-01-28,1227,55,39173858,712252,0.044825,1.91,109.99
179000000000000003,180000000000000005,2025-01-28,1076,42,30115302,717031,0.039033,0.8,82.2
179000000000000004,180000000000000006,2025-01-28,921,72,126228781,1753178,0.078176,2.33,228.61
179000000000000004,180000000000000007,2025-01-28,525,41,74574704,1818895,0.078095,1.16,63.93
179000000000000005,180000000000000008,2025-01-28,996,114,57372424,503267,0.114458,4.97,618.35
179000000000000001,180000000000000001,2025-01-29,4507,130,125482599,965251,0.028844,1.2,138.83
179000000000000001,180000000000000002,2025-01-29,3314,91,73787531,810852,0.027459,0.69,91.11
179000000000000002,180000000000000003,2025-01-29,949,55,50778680,923249,0.057956,1.55,145.48
179000000000000002,180000000000000004,2025-01-29,1216,72,48856385,678561,0.059211,2.4,258.76
179000000000000003,180000000000000005,2025-01-29,1457,65,66423377,1021898,0.044612,0.81,75.04
179000000000000004,180000000000000006,2025-01-29,1230,91,148387371,1630630,0.073984,2.51,186.32
179000000000000004,180000000000000007,2025-01-29,685,51,84094449,1648911,0.074453,1.1,135.91
179000000000000005,180000000000000008,2025-01-29,1319,120,66423377,553528,0.090978,5.29,611.68
179000000000000001,180000000000000001,2025-01-30,2791,86,116486973,1354500,0.030813,0.64,33.9
179000000000000001,180000000000000002,2025-01-30,3908,90,64634788,718164,0.02303,0.78,57.38
179000000000000002,180000000000000003,2025-01-30,923,50,43322944,866459,0.054171,1.7,168.15
179000000000000002,180000000000000004,2025-01-30,1294,70,47237937,674828,0.054096,2.99,267.15
179000000000000003,180000000000000005,2025-01-30,1192,69,60373921,874984,0.057886,1.01,102.94
179000000000000004,180000000000000006,2025-01-30,692,63,103507622,1642978,0.09104,1.54,121.52
179000000000000004,180000000000000007,2025-01-30,735,57,107801098,1891247,0.077551,1.62,154.37
179000000000000005,180000000000000008,2025-01-30,1169,132,60373920,457378,0.112917,5.43,467.81
179000000000000001,180000000000000001,2025-01-31,3654,78,84380704,1081804,0.021346,0.57,56.69
179000000000000001,180000000000000002,2025-01-31,1222,21,24529036,1168049,0.017185,0.16,19.62
179000000000000002,180000000000000003,2025-01-31,611,41,36348609,886551,0.067103,1.45,157.17
179000000000000002,180000000000000004,2025-01-31,418,22,16227299,737604,0.052632,0.84,41.38
179000000000000003,180000000000000005,2025-01-31,1472,66,49967135,757078,0.044837,0.81,78.98
179000000000000004,180000000000000006,2025-01-31,887,63,100296966,1592015,0.071026,1.46,121.12
179000000000000004,180000000000000007,2025-01-31,561,42,74588006,1775905,0.074866,1.42,123.24
179000000000000005,180000000000000008,2025-01-31,758,84,49967134,594847,0.110818,4.02,429.01
179000000000000001,180000000000000001,2025-02-01,5273,160,142852649,892829,0.030343,1.48,84.23
179000000000000001,180000000000000002,2025-02-01,3566,79,84736411,1072613,0.022154,0.58,43.4
179000000000000002,180000000000000003,2025-02-01,2024,89,55902788,628121,0.043972,2.63,202.26
179000000000000002,180000000000000004,2025-02-01,1723,74,57891742,782321,0.042948,2.41,195.69
179000000000000003,180000000000000005,2025-02-01,1823,78,75863021,972603,0.042787,1.22,131.25
179000000000000004,180000000000000006,2025-02-01,1375,93,147838158,1589658,0.067636,2.69,278.08
179000000000000004,180000000000000007,2025-02-01,1090,71,117682413,1657499,0.065138,2.07,168.86
179000000000000005,180000000000000008,2025-02-01,1593,161,75863020,471199,0.101067,7.1,740.84
179000000000000001,180000000000000001,2025-02-02,4588,127,105816075,833197,0.027681,1.01,100.18
179000000000000001,180000000000000002,2025-02-02,2984,87,58579770,673331,0.029155,0.86,89.81
179000000000000002,180000000000000003,2025-02-02,1050,65,41158000,633200,0.061905,2.57,112.34
179000000000000002,180000000000000004,2025-02-02,1136,61,41039922,672786,0.053697,1.84,163.72
179000000000000003,180000000000000005,2025-02-02,946,45,54798614,1217747,0.047569,0.7,28.74
179000000000000004,180000000000000006,2025-02-02,910,78,126827305,1625991,0.085714,2.31,230.67
179000000000000004,180000000000000007,2025-02-02,438,39,64967847,1665842,0.089041,1.07,100.8
179000000000000005,180000000000000008,2025-02-02,1267,118,54798615,464395,0.093133,5.11,453.28
179000000000000001,180000000000000001,2025-02-03,3035,67,60554635,903801,0.022076,0.46,38.54
179000000000000001,180000000000000002,2025-02-03,3344,63,54655027,867540,0.01884,0.44,26.45
179000000000000002,180000000000000003,2025-02-03,375,21,20842264,992489,0.056,0.65,55.0
179000000000000002,180000000000000004,2025-02-03,750,38,32239215,848400,0.050667,1.13,107.05
179000000000000003,180000000000000005,2025-02-03,1286,59,46901315,794938,0.045879,0.73,55.37
179000000000000004,180000000000000006,2025-02-03,543,46,85236848,1852975,0.084715,1.33,121.68
179000000000000004,180000000000000007,2025-02-03,433,36,78917756,2192160,0.083141,0.72,39.13
179000000000000005,180000000000000008,2025-02-03,914,83,46901316,565076,0.09081,3.59,420.61
179000000000000001,180000000000000001,2025-02-04,3637,76,68122560,896349,0.020896,0.56,51.05
179000000000000001,180000000000000002,2025-02-04,1162,37,36552325,987901,0.031842,0.32,25.6
179000000000000002,180000000000000003,2025-02-04,485,34,25652897,754497,0.070103,1.24,151.46
179000000000000002,180000000000000004,2025-02-04,831,41,26684545,650843,0.049338,1.19,111.69
179000000000000003,180000000000000005,2025-02-04,983,41,34891628,851015,0.041709,0.67,61.7
179000000000000004,180000000000000006,2025-02-04,296,30,45793826,1526461,0.101351,0.76,65.06
179000000000000004,180000000000000007,2025-02-04,370,25,31560692,1262428,0.067568,0.66,71.55
179000000000000005,180000000000000008,2025-02-04,805,83,34891628,420381,0.103106,3.98,283.61
179000000000000001,180000000000000001,2025-02-05,1745,52,49878651,959205,0.029799,0.49,52.93
179000000000000001,180000000000000002,2025-02-05,1362,44,46342681,1053243,0.032305,0.33,30.51
179000000000000002,180000000000000003,2025-02-05,1043,59,35169398,596091,0.056568,1.97,170.65
179000000000000002,180000000000000004,2025-02-05,884,45,26193772,582084,0.050905,1.46,118.33
179000000000000003,180000000000000005,2025-02-05,684,36,40908781,1136355,0.052632,0.51,39.99
179000000000000004,180000000000000006,2025-02-05,459,37,57633884,1557673,0.08061,1.08,112.42
179000000000000004,180000000000000007,2025-02-05,418,25,54377796,2175112,0.059809,0.73,88.3
179000000000000005,180000000000000008,2025-02-05,981,102,40908780,401066,0.103976,4.35,449.67
179000000000000001,180000000000000001,2025-02-06,3405,73,64909592,889172,0.021439,0.59,40.59
179000000000000001,180000000000000002,2025-02-06,1971,48,54059077,1126231,0.024353,0.34,30.56
179000000000000002,180000000000000003,2025-02-06,848,40,29920811,748020,0.04717,1.27,80.98
179000000000000002,180000000000000004,2025-02-06,901,43,29563523,687524,0.047725,1.07,55.04
179000000000000003,180000000000000005,2025-02-06,826,37,39656223,1071790,0.044794,0.51,52.39
179000000000000004,180000000000000006,2025-02-06,261,26,55471064,2133502,0.099617,0.8,80.82
179000000000000004,180000000000000007,2025-02-06,316,26,61224402,2354785,0.082278,0.83,70.76
179000000000000005,180000000000000008,2025-02-06,1120,95,39656223,417434,0.084821,4.04,464.36
179000000000000001,180000000000000001,2025-02-07,1190,38,37684895,991708,0.031933,0.27,35.42
179000000000000001,180000000000000002,2025-02-07,2644,61,44874481,735647,0.023071,0.54,42.19
179000000000000002,180000000000000003,2025-02-07,786,36,26553090,737586,0.045802,1.32,121.5
179000000000000002,180000000000000004,2025-02-07,563,35,26799889,765711,0.062167,1.49,142.71
179000000000000003,180000000000000005,2025-02-07,933,45,35568653,790415,0.048232,0.75,59.25
179000000000000004,180000000000000006,2025-02-07,464,44,77531444,1762078,0.094828,1.06,109.81
179000000000000004,180000000000000007,2025-02-07,454,28,46958842,1677102,0.061674,0.93,90.28
179000000000000005,180000000000000008,2025-02-07,810,76,35568652,468009,0.093827,3.02,170.48
179000000000000001,180000000000000001,2025-02-08,2140,58,72629925,1252240,0.027103,0.47,54.82
179000000000000001,180000000000000002,2025-02-08,2005,60,43297196,721620,0.029925,0.51,36.37
179000000000000002,180000000000000003,2025-02-08,869,44,29291680,665720,0.050633,1.83,104.24
179000000000000002,180000000000000004,2025-02-08,570,30,28671881,955729,0.052632,1.31,86.06
179000000000000003,180000000000000005,2025-02-08,690,33,38642373,1170981,0.047826,0.5,47.5
179000000000000004,180000000000000006,2025-02-08,554,38,73275385,1928300,0.068592,1.09,109.17
179000000000000004,180000000000000007,2025-02-08,474,32,61972922,1936654,0.067511,0.72,36.89
179000000000000005,180000000000000008,2025-02-08,647,82,38642374,471248,0.126739,3.8,329.9
179000000000000001,180000000000000001,2025-02-09,2980,63,72223369,1146403,0.021141,0.56,47.14
179000000000000001,180000000000000002,2025-02-09,2034,52,43210527,830972,0.025565,0.41,26.74
179000000000000002,180000000000000003,2025-02-09,1033,56,32581334,581810,0.054211,1.65,180.52
179000000000000002,180000000000000004,2025-02-09,730,40,25135614,628390,0.054795,1.51,172.03
179000000000000003,180000000000000005,2025-02-09,814,34,38477965,1131705,0.041769,0.49,51.36
179000000000000004,180000000000000006,2025-02-09,483,43,88349725,2054645,0.089027,1.4,132.02
179000000000000004,180000000000000007,2025-02-09,144,13,22652285,1742483,0.090278,0.32,42.09
179000000000000005,180000000000000008,2025-02-09,966,88,38477965,437250,0.091097,4.02,451.39
179000000000000001,180000000000000001,2025-02-10,4445,93,87776064,943829,0.020922,0.75,45.74
179000000000000001,180000000000000002,2025-02-10,1962,56,43030946,768410,0.028542,0.48,57.21
179000000000000002,180000000000000003,2025-02-10,702,43,34182539,794943,0.061254,1.52,148.21
179000000000000002,180000000000000004,2025-02-10,849,45,31220965,693799,0.053004,1.61,174.75
179000000000000003,180000000000000005,2025-02-10,235,14,17109105,1222079,0.059574,0.21,11.82
179000000000000004,180000000000000006,2025-02-10,554,39,85823771,2200610,0.070397,1.12,111.17
179000000000000004,180000000000000007,2025-02-10,701,50,66784408,1335688,0.071327,1.34,130.9
179000000000000005,180000000000000008,2025-02-10,509,54,26156041,484371,0.10609,2.89,241.41
179000000000000001,180000000000000001,2025-02-11,2635,70,53440019,763429,0.026565,0.56,57.89
179000000000000001,180000000000000002,2025-02-11,1480,42,35745302,851079,0.028378,0.31,15.6
179000000000000002,180000000000000003,2025-02-11,466,30,26043048,868102,0.064378,1.12,68.11
179000000000000002,180000000000000004,2025-02-11,587,26,18549613,713447,0.044293,0.88,66.26
179000000000000003,180000000000000005,2025-02-11,772,36,29728440,825790,0.046632,0.52,51.43
179000000000000004,180000000000000006,2025-02-11,568,40,62245014,1556125,0.070423,1.23,103.32
179000000000000004,180000000000000007,2025-02-11,185,18,41804528,2322474,0.097297,0.55,37.91
179000000000000005,180000000000000008,2025-02-11,552,59,29728440,503872,0.106884,2.7,275.0
179000000000000001,180000000000000001,2025-02-12,1502,41,52158790,1272166,0.027297,0.36,31.92
179000000000000001,180000000000000002,2025-02-12,1313,31,29225996,942774,0.02361,0.19,15.12
179000000000000002,180000000000000003,2025-02-12,320,10,8870628,887063,0.03125,0.34,33.42
179000000000000002,180000000000000004,2025-02-12,463,23,20503114,891440,0.049676,0.74,71.75
179000000000000003,180000000000000005,2025-02-12,695,26,27128262,1043395,0.03741,0.36,32.0
179000000000000004,180000000000000006,2025-02-12,354,30,59413505,1980450,0.084746,0.87,64.66
179000000000000004,180000000000000007,2025-02-12,162,10,15497562,1549756,0.061728,0.32,37.95
179000000000000005,180000000000000008,2025-02-12,543,64,27128262,423879,0.117864,2.52,267.99
179000000000000001,180000000000000001,2025-02-13,4122,96,76814862,800155,0.02329,0.85,99.03
179000000000000001,180000000000000002,2025-02-13,395,16,19279301,1204956,0.040506,0.11,10.5
179000000000000002,180000000000000003,2025-02-13,939,48,31378663,653722,0.051118,1.95,120.74
179000000000000002,180000000000000004,2025-02-13,692,32,30218983,944343,0.046243,1.09,95.67
179000000000000003,180000000000000005,2025-02-13,703,37,41065098,1109868,0.052632,0.43,52.42
179000000000000004,180000000000000006,2025-02-13,468,39,85465937,2191434,0.083333,1.01,100.16
179000000000000004,180000000000000007,2025-02-13,482,33,58261905,1765512,0.068465,0.76,72.02
179000000000000005,180000000000000008,2025-02-13,705,71,41065097,578382,0.100709,3.2,372.0
179000000000000001,180000000000000001,2025-02-14,2357,46,37110461,806749,0.019516,0.39,38.12
179000000000000001,180000000000000002,2025-02-14,1194,33,39051684,1183384,0.027638,0.26,33.7
179000000000000002,180000000000000003,2025-02-14,402,28,25179695,899275,0.069652,0.93,68.86
179000000000000002,180000000000000004,2025-02-14,772,33,24464374,741345,0.042746,1.04,58.93
179000000000000003,180000000000000005,2025-02-14,479,27,33096046,1225779,0.056367,0.44,44.73
179000000000000004,180000000000000006,2025-02-14,471,38,72621799,1911100,0.080679,0.88,102.77
179000000000000004,180000000000000007,2025-02-14,400,30,43214365,1440479,0.075,0.9,71.04
179000000000000005,180000000000000008,2025-02-14,639,64,33096047,517126,0.100156,2.93,212.06
179000000000000001,180000000000000001,2025-02-15,1602,36,43990054,1221946,0.022472,0.29,30.34
179000000000000001,180000000000000002,2025-02-15,2471,51,47538231,932122,0.020639,0.46,54.32
179000000000000002,180000000000000003,2025-02-15,419,28,15682485,560089,0.066826,0.89,90.54
179000000000000002,180000000000000004,2025-02-15,648,36,27308864,758580,0.055556,1.18,68.94
179000000000000003,180000000000000005,2025-02-15,1037,40,36007331,900183,0.038573,0.63,45.95
179000000000000004,180000000000000006,2025-02-15,404,38,70417210,1853084,0.094059,1.03,90.0
179000000000000004,180000000000000007,2025-02-15,364,30,55608444,1853615,0.082418,0.82,104.26
179000000000000005,180000000000000008,2025-02-15,942,95,36007330,379025,0.100849,4.24,317.87
179000000000000001,180000000000000001,2025-02-16,2741,76,70584648,928745,0.027727,0.69,52.55
179000000000000001,180000000000000002,2025-02-16,1085,36,48679408,1352206,0.03318,0.31,21.28
179000000000000002,180000000000000003,2025-02-16,667,47,28310298,602347,0.070465,1.71,188.48
179000000000000002,180000000000000004,2025-02-16,707,34,31321730,921227,0.048091,1.29,111.12
179000000000000003,180000000000000005,2025-02-16,650,38,39754685,1046176,0.058462,0.68,85.09
179000000000000004,180000000000000006,2025-02-16,484,39,77057232,1975826,0.080579,1.24,70.89
179000000000000004,180000000000000007,2025-02-16,560,32,62084167,1940130,0.057143,0.96,96.0
179000000000000005,180000000000000008,2025-02-16,908,83,39754685,478972,0.09141,3.54,350.0
179000000000000001,180000000000000001,2025-02-17,2311,49,44710601,912461,0.021203,0.39,42.03
179000000000000001,180000000000000002,2025-02-17,1506,47,54394916,1157339,0.031208,0.37,36.96
179000000000000002,180000000000000003,2025-02-17,854,47,31057294,660793,0.055035,1.44,137.0
179000000000000002,180000000000000004,2025-02-17,1205,46,31275519,679903,0.038174,1.87,157.69
179000000000000003,180000000000000005,2025-02-17,797,37,41555209,1123114,0.046424,0.46,53.48
179000000000000004,180000000000000006,2025-02-17,368,31,59546564,1920857,0.084239,0.84,78.3
179000000000000004,180000000000000007,2025-02-17,389,31,52155466,1682434,0.079692,0.96,59.06
179000000000000005,180000000000000008,2025-02-17,1007,88,41555209,472218,0.087388,3.84,460.25
179000000000000001,180000000000000001,2025-02-18,3589,91,82091083,902100,0.025355,0.66,49.77
179000000000000001,180000000000000002,2025-02-18,1483,39,48751463,1250038,0.026298,0.3,31.08
179000000000000002,180000000000000003,2025-02-18,1419,61,36809771,603439,0.042988,1.73,207.68
179000000000000002,180000000000000004,2025-02-18,896,41,28611502,697842,0.045759,1.24,126.63
179000000000000003,180000000000000005,2025-02-18,919,46,43614182,948134,0.050054,0.79,64.0
179000000000000004,180000000000000006,2025-02-18,636,52,69679403,1339989,0.081761,1.6,127.28
179000000000000004,180000000000000007,2025-02-18,569,32,56778298,1774322,0.056239,0.73,84.63
179000000000000005,180000000000000008,2025-02-18,405,52,25470415,489816,0.128395,2.88,294.77
179000000000000001,180000000000000001,2025-02-19,3034,72,68406498,950090,0.023731,0.5,48.73
179000000000000001,180000000000000002,2025-02-19,1607,40,45493708,1137343,0.024891,0.33,35.83
179000000000000002,180000000000000003,2025-02-19,638,33,28847707,874173,0.051724,0.88,46.08
179000000000000002,180000000000000004,2025-02-19,671,37,28102396,759524,0.055142,1.45,177.63
179000000000000003,180000000000000005,2025-02-19,843,40,37966735,949168,0.04745,0.68,56.98
179000000000000004,180000000000000006,2025-02-19,627,45,79519508,1767100,0.07177,1.18,111.74
179000000000000004,180000000000000007,2025-02-19,459,28,53364064,1905859,0.061002,0.74,64.19
179000000000000005,180000000000000008,2025-02-19,918,86,37966735,441474,0.093682,3.85,437.2
179000000000000001,180000000000000001,2025-02-20,4434,98,82285211,839645,0.022102,0.8,80.48
179000000000000001,180000000000000002,2025-02-20,2327,51,55363340,1085556,0.021917,0.49,53.74
179000000000000002,180000000000000003,2025-02-20,901,59,36427938,617423,0.065483,2.34,121.82
179000000000000002,180000000000000004,2025-02-20,765,43,32396338,753403,0.056209,1.84,103.75
179000000000000003,180000000000000005,2025-02-20,885,44,45882850,1042792,0.049718,0.52,30.59
179000000000000004,180000000000000006,2025-02-20,740,63,106274383,1686895,0.085135,1.73,177.1
179000000000000004,180000000000000007,2025-02-20,494,41,54315594,1324771,0.082996,1.01,131.07
179000000000000005,180000000000000008,2025-02-20,1103,108,45882850,424841,0.097915,4.23,335.59
179000000000000001,180000000000000001,2025-02-21,3414,78,74633723,956843,0.022847,0.69,55.35
179000000000000001,180000000000000002,2025-02-21,1642,51,53225193,1043631,0.03106,0.35,24.99
179000000000000002,180000000000000003,2025-02-21,534,33,30155882,913815,0.061798,0.99,53.19
179000000000000002,180000000000000004,2025-02-21,702,42,33773576,804133,0.059829,1.1,104.92
179000000000000003,180000000000000005,2025-02-21,574,36,42619639,1183879,0.062718,0.54,63.93
179000000000000004,180000000000000006,2025-02-21,588,51,94665095,1856178,0.086735,1.34,106.17
179000000000000004,180000000000000007,2025-02-21,399,29,54503641,1879436,0.072682,0.73,34.7
179000000000000005,180000000000000008,2025-02-21,673,58,27483501,473853,0.086181,2.5,313.62
179000000000000001,180000000000000001,2025-02-22,2770,73,80121891,1097560,0.026354,0.57,50.42
179000000000000001,180000000000000002,2025-02-22,1328,42,53562512,1275298,0.031627,0.36,28.73
179000000000000002,180000000000000003,2025-02-22,1009,46,33382813,725713,0.04559,1.58,121.38
179000000000000002,180000000000000004,2025-02-22,987,44,33459389,760441,0.04458,1.51,121.77
179000000000000003,180000000000000005,2025-02-22,620,40,44561467,1114037,0.064516,0.5,54.59
179000000000000004,180000000000000006,2025-02-22,547,46,93491673,2032428,0.084095,1.08,100.05
179000000000000004,180000000000000007,2025-02-22,381,30,62473464,2082449,0.07874,0.9,69.62
179000000000000005,180000000000000008,2025-02-22,733,60,29484535,491409,0.081855,3.3,254.5
179000000000000001,180000000000000001,2025-02-23,4434,112,85601618,764300,0.025259,0.95,68.56
179000000000000001,180000000000000002,2025-02-23,1433,46,45499042,989110,0.0321,0.27,18.87
179000000000000002,180000000000000003,2025-02-23,706,43,31070705,722575,0.060907,1.46,153.84
179000000000000002,180000000000000004,2025-02-23,846,42,34479625,820943,0.049645,1.72,153.44
179000000000000003,180000000000000005,2025-02-23,1060,41,43700219,1065859,0.038679,0.61,51.15
179000000000000004,180000000000000006,2025-02-23,670,56,99391086,1774841,0.083582,1.46,141.12
179000000000000004,180000000000000007,2025-02-23,497,38,53559682,1409465,0.076459,0.99,64.85
179000000000000005,180000000000000008,2025-02-23,861,91,43700219,480222,0.105691,4.21,426.45
179000000000000001,180000000000000001,2025-02-24,2527,71,73158205,1030397,0.028097,0.58,47.32
179000000000000001,180000000000000002,2025-02-24,2671,53,50425286,951420,0.019843,0.32,29.2
179000000000000002,180000000000000003,2025-02-24,593,37,31404599,848773,0.062395,1.42,127.51
179000000000000002,180000000000000004,2025-02-24,977,45,30387146,675270,0.046059,1.61,191.83
179000000000000003,180000000000000005,2025-02-24,965,44,41194497,936239,0.045596,0.71,38.53
179000000000000004,180000000000000006,2025-02-24,480,46,85421682,1856993,0.095833,1.18,113.47
179000000000000004,180000000000000007,2025-02-24,342,28,58759059,2098538,0.081871,0.72,86.93
179000000000000005,180000000000000008,2025-02-24,505,46,29144552,633577,0.091089,2.63,150.92
179000000000000001,180000000000000001,2025-02-25,2867,68,58664469,862713,0.023718,0.55,64.03
179000000000000001,180000000000000002,2025-02-25,1776,45,37308581,829080,0.025338,0.38,39.29
179000000000000002,180000000000000003,2025-02-25,472,29,21416697,738507,0.061441,0.91,87.12
179000000000000002,180000000000000004,2025-02-25,729,31,26569827,857091,0.042524,0.89,80.57
179000000000000003,180000000000000005,2025-02-25,269,20,18070076,903504,0.074349,0.34,24.54
179000000000000004,180000000000000006,2025-02-25,460,39,71991715,1845941,0.084783,1.04,101.67
179000000000000004,180000000000000007,2025-02-25,215,19,39976843,2104044,0.088372,0.56,29.47
179000000000000005,180000000000000008,2025-02-25,503,43,21428919,498347,0.085487,2.38,190.9
179000000000000001,180000000000000001,2025-02-26,2091,50,53889261,1077785,0.023912,0.41,25.0
179000000000000001,180000000000000002,2025-02-26,1351,44,36462223,828687,0.032568,0.37,24.0
179000000000000002,180000000000000003,2025-02-26,924,39,29383386,753420,0.042208,1.36,116.29
179000000000000002,180000000000000004,2025-02-26,741,37,28505559,770421,0.049933,1.2,73.76
179000000000000003,180000000000000005,2025-02-26,706,41,38592630,941284,0.058074,0.52,52.49
179000000000000004,180000000000000006,2025-02-26,540,46,78825542,1713599,0.085185,1.27,100.9
179000000000000004,180000000000000007,2025-02-26,421,28,56248663,2008881,0.066508,0.67,56.19
179000000000000005,180000000000000008,2025-02-26,1177,91,38592630,424095,0.077315,3.74,241.07
179000000000000001,180000000000000001,2025-02-27,2048,46,38980155,847395,0.022461,0.35,32.1
179000000000000001,180000000000000002,2025-02-27,1714,45,47828816,1062863,0.026254,0.34,40.06
179000000000000002,180000000000000003,2025-02-27,653,43,27777662,645992,0.06585,1.21,98.58
179000000000000002,180000000000000004,2025-02-27,851,40,29211285,730282,0.047004,1.46,158.1
179000000000000003,180000000000000005,2025-02-27,606,38,37992630,999806,0.062706,0.56,71.46
179000000000000004,180000000000000006,2025-02-27,437,42,75625609,1800610,0.09611,1.27,115.41
179000000000000004,180000000000000007,2025-02-27,586,39,57348599,1470477,0.066553,0.92,87.53
179000000000000005,180000000000000008,2025-02-27,891,85,37992630,446972,0.095398,3.38,355.12
179000000000000001,180000000000000001,2025-02-28,2577,63,66012193,1047813,0.024447,0.49,47.06
179000000000000001,180000000000000002,2025-02-28,1272,43,42631352,991427,0.033805,0.34,38.5
179000000000000002,180000000000000003,2025-02-28,763,25,14584688,583388,0.032765,0.93,57.13
179000000000000002,180000000000000004,2025-02-28,1027,44,25257692,574038,0.042843,1.56,174.61
179000000000000003,180000000000000005,2025-02-28,787,43,36214515,842198,0.054638,0.65,60.37
179000000000000004,180000000000000006,2025-02-28,498,36,75252651,2090351,0.072289,1.01,97.93
179000000000000004,180000000000000007,2025-02-28,334,23,51498151,2239050,0.068862,0.5,40.45
179000000000000005,180000000000000008,2025-02-28,693,73,36214515,496089,0.105339,2.95,303.56
179000000000000001,180000000000000001,2025-03-01,2244,57,52015327,912550,0.025401,0.38,34.51
179000000000000001,180000000000000002,2025-03-01,1789,41,34798459,848743,0.022918,0.41,43.13
179000000000000002,180000000000000003,2025-03-01,546,31,21979022,709001,0.056777,1.18,117.69
179000000000000002,180000000000000004,2025-03-01,627,35,21427871,612225,0.055821,0.91,77.65
179000000000000003,180000000000000005,2025-03-01,729,36,28937929,803831,0.049383,0.51,34.14
179000000000000004,180000000000000006,2025-03-01,537,37,65992354,1783577,0.068901,0.98,99.69
179000000000000004,180000000000000007,2025-03-01,356,22,35290397,1604109,0.061798,0.6,40.06
179000000000000005,180000000000000008,2025-03-01,632,68,28937929,425558,0.107595,2.49,218.78
179000000000000001,180000000000000001,2025-03-02,2166,74,77527458,1047668,0.034164,0.55,56.32
179000000000000001,180000000000000002,2025-03-02,1806,61,43045844,705670,0.033776,0.45,42.57
179000000000000002,180000000000000003,2025-03-02,706,39,25803330,661624,0.055241,1.45,109.93
179000000000000002,180000000000000004,2025-03-02,747,41,34483321,841057,0.054886,1.03,59.36
179000000000000003,180000000000000005,2025-03-02,979,42,40191100,956931,0.042901,0.66,68.77
179000000000000004,180000000000000006,2025-03-02,654,59,86595436,1467719,0.090214,1.63,122.45
179000000000000004,180000000000000007,2025-03-02,512,35,54073417,1544955,0.068359,0.8,66.51
179000000000000005,180000000000000008,2025-03-02,941,89,40191101,451585,0.09458,4.56,356.25
179000000000000001,180000000000000001,2025-03-03,3088,62,52609196,848535,0.020078,0.48,48.75
179000000000000001,180000000000000002,2025-03-03,1346,45,37261524,828034,0.033432,0.35,35.12
179000000000000002,180000000000000003,2025-03-03,549,26,23192642,892025,0.047359,1.0,76.22
179000000000000002,180000000000000004,2025-03-03,776,34,21742718,639492,0.043814,1.12,78.65
179000000000000003,180000000000000005,2025-03-03,722,32,29956907,936153,0.044321,0.39,31.86
179000000000000004,180000000000000006,2025-03-03,449,33,56447317,1710525,0.073497,0.91,55.14
179000000000000004,180000000000000007,2025-03-03,351,30,48401856,1613395,0.08547,0.74,67.74
179000000000000005,180000000000000008,2025-03-03,645,57,29956907,525560,0.088372,2.98,279.08
179000000000000001,180000000000000001,2025-03-04,1770,47,51555312,1096922,0.026554,0.38,23.49
179000000000000001,180000000000000002,2025-03-04,971,31,34349532,1108049,0.031926,0.26,17.25
179000000000000002,180000000000000003,2025-03-04,439,29,22279597,768262,0.066059,0.9,87.89
179000000000000002,180000000000000004,2025-03-04,795,34,20672825,608024,0.042767,1.46,118.12
179000000000000003,180000000000000005,2025-03-04,757,34,28634947,842204,0.044914,0.65,49.77
179000000000000004,180000000000000006,2025-03-04,397,33,64977677,1969021,0.083123,1.14,84.57
179000000000000004,180000000000000007,2025-03-04,214,16,35244639,2202790,0.074766,0.33,32.89
179000000000000005,180000000000000008,2025-03-04,677,72,28634948,397708,0.106352,2.74,253.26
179000000000000001,180000000000000001,2025-03-05,1177,34,42227044,1241972,0.028887,0.25,15.2
179000000000000001,180000000000000002,2025-03-05,1085,36,31561792,876716,0.03318,0.29,27.18
179000000000000002,180000000000000003,2025-03-05,534,22,16604224,754737,0.041199,0.8,63.02
179000000000000002,180000000000000004,2025-03-05,493,27,20290195,751489,0.054767,1.09,87.86
179000000000000003,180000000000000005,2025-03-05,560,20,24596279,1229814,0.035714,0.29,22.1
179000000000000004,180000000000000006,2025-03-05,412,30,52237261,1741242,0.072816,0.67,56.09
179000000000000004,180000000000000007,2025-03-05,291,20,33849715,1692486,0.068729,0.64,76.37
179000000000000005,180000000000000008,2025-03-05,582,51,24596279,482280,0.087629,2.5,221.33
179000000000000001,180000000000000001,2025-03-06,2317,49,44789861,914079,0.021148,0.39,32.07
179000000000000001,180000000000000002,2025-03-06,1187,35,31070034,887715,0.029486,0.3,13.87
179000000000000002,180000000000000003,2025-03-06,539,31,23355827,753414,0.057514,1.33,101.67
179000000000000002,180000000000000004,2025-03-06,1111,45,25962593,576947,0.040504,1.43,100.74
179000000000000003,180000000000000005,2025-03-06,577,30,32878947,1095965,0.051993,0.43,32.17
179000000000000004,180000000000000006,2025-03-06,453,33,61390892,1860330,0.072848,0.97,86.88
179000000000000004,180000000000000007,2025-03-06,225,13,29109278,2239175,0.057778,0.35,20.93
179000000000000005,180000000000000008,2025-03-06,746,79,32878947,416189,0.105898,3.69,297.12
179000000000000001,180000000000000001,2025-03-07,3043,64,47231924,737999,0.021032,0.44,40.1
179000000000000001,180000000000000002,2025-03-07,954,33,30863025,935243,0.034591,0.26,19.74
179000000000000002,180000000000000003,2025-03-07,372,23,17970233,781314,0.061828,0.67,59.84
179000000000000002,180000000000000004,2025-03-07,596,28,21077241,752759,0.04698,0.89,107.71
179000000000000003,180000000000000005,2025-03-07,425,26,26031649,1001217,0.061176,0.35,28.41
179000000000000004,180000000000000006,2025-03-07,195,19,37733499,1985974,0.097436,0.62,49.64
179000000000000004,180000000000000007,2025-03-07,312,21,37068488,1765166,0.067308,0.5,54.94
179000000000000005,180000000000000008,2025-03-07,358,42,26031650,619801,0.117318,1.52,92.35
179000000000000001,180000000000000001,2025-03-08,2350,54,51856471,960305,0.022979,0.49,48.43
179000000000000001,180000000000000002,2025-03-08,2417,47,44228994,941042,0.019446,0.43,53.91
179000000000000002,180000000000000003,2025-03-08,711,36,27301664,758380,0.050633,1.2,92.0
179000000000000002,180000000000000004,2025-03-08,528,24,20741068,864211,0.045455,0.93,107.56
179000000000000003,180000000000000005,2025-03-08,801,32,32028489,1000890,0.03995,0.54,67.57
179000000000000004,180000000000000006,2025-03-08,454,44,73115452,1661715,0.096916,1.23,94.44
179000000000000004,180000000000000007,2025-03-08,220,17,38984256,2293192,0.077273,0.45,27.02
179000000000000005,180000000000000008,2025-03-08,782,79,32028488,405424,0.101023,3.62,277.77
179000000000000001,180000000000000001,2025-03-09,1981,53,59948799,1131109,0.026754,0.5,54.87
179000000000000001,180000000000000002,2025-03-09,1579,45,50503973,1122311,0.028499,0.28,23.56
179000000000000002,180000000000000003,2025-03-09,936,45,26770615,594903,0.048077,1.39,106.28
179000000000000002,180000000000000004,2025-03-09,653,42,28455771,677518,0.064319,1.62,142.58
179000000000000003,180000000000000005,2025-03-09,902,36,36817591,1022711,0.039911,0.59,41.14
179000000000000004,180000000000000006,2025-03-09,435,38,85630106,2253424,0.087356,1.16,116.08
179000000000000004,180000000000000007,2025-03-09,436,25,43231460,1729258,0.057339,0.57,37.63
179000000000000005,180000000000000008,2025-03-09,623,73,36817591,504351,0.117175,2.56,335.55
179000000000000001,180000000000000001,2025-03-10,1559,42,42733210,1017457,0.02694,0.32,31.98
179000000000000001,180000000000000002,2025-03-10,991,33,32267000,977788,0.0333,0.22,16.3
179000000000000002,180000000000000003,2025-03-10,252,15,8394492,559633,0.059524,0.38,17.87
179000000000000002,180000000000000004,2025-03-10,646,29,22018162,759247,0.044892,1.27,130.64
179000000000000003,180000000000000005,2025-03-10,482,24,25000070,1041670,0.049793,0.34,37.08
179000000000000004,180000000000000006,2025-03-10,399,31,48491315,1564236,0.077694,0.96,70.51
179000000000000004,180000000000000007,2025-03-10,436,27,39008932,1444775,0.061927,0.65,55.53
179000000000000005,180000000000000008,2025-03-10,504,48,25000071,520835,0.095238,2.24,247.62
179000000000000001,180000000000000001,2025-03-11,1672,48,55570592,1157721,0.028708,0.42,45.31
179000000000000001,180000000000000002,2025-03-11,2261,51,38282179,750631,0.022556,0.48,43.03
179000000000000002,180000000000000003,2025-03-11,1005,45,27084322,601874,0.044776,1.76,143.55
179000000000000002,180000000000000004,2025-03-11,390,21,19842064,944860,0.053846,0.7,74.53
179000000000000003,180000000000000005,2025-03-11,264,14,14151135,1010795,0.05303,0.15,13.84
179000000000000004,180000000000000006,2025-03-11,551,35,66966510,1913329,0.063521,1.1,117.93
179000000000000004,180000000000000007,2025-03-11,392,27,42528391,1575126,0.068878,0.63,46.43
179000000000000005,180000000000000008,2025-03-11,528,54,31284258,579338,0.102273,2.57,281.26
179000000000000001,180000000000000001,2025-03-12,2555,63,63153902,1002443,0.024658,0.59,58.18
179000000000000001,180000000000000002,2025-03-12,1452,43,36713615,853805,0.029614,0.44,31.65
179000000000000002,180000000000000003,2025-03-12,663,31,25071233,808749,0.046757,0.87,67.13
179000000000000002,180000000000000004,2025-03-12,393,12,9272716,772726,0.030534,0.44,55.63
179000000000000003,180000000000000005,2025-03-12,633,30,33289172,1109639,0.047393,0.54,40.82
179000000000000004,180000000000000006,2025-03-12,608,52,74845935,1439345,0.085526,1.16,85.52
179000000000000004,180000000000000007,2025-03-12,286,21,41666168,1984103,0.073427,0.61,70.02
179000000000000005,180000000000000008,2025-03-12,646,60,33289172,554820,0.092879,2.66,320.06
179000000000000001,180000000000000001,2025-03-13,2761,67,74245280,1108139,0.024267,0.58,54.85
179000000000000001,180000000000000002,2025-03-13,1525,44,39562360,899145,0.028852,0.39,33.3
179000000000000002,180000000000000003,2025-03-13,689,41,25047459,610914,0.059507,1.47,146.78
179000000000000002,180000000000000004,2025-03-13,882,42,31856362,758485,0.047619,1.75,105.73
179000000000000003,180000000000000005,2025-03-13,868,36,37935880,1053774,0.041475,0.54,34.87
179000000000000004,180000000000000006,2025-03-13,306,31,46328441,1494466,0.101307,0.81,60.09
179000000000000004,180000000000000007,2025-03-13,515,43,61899948,1439534,0.083495,1.04,77.09
179000000000000005,180000000000000008,2025-03-13,867,84,37935880,451618,0.096886,3.7,472.98
179000000000000001,180000000000000001,2025-03-14,2091,49,52212756,1065566,0.023434,0.35,36.74
179000000000000001,180000000000000002,2025-03-14,1201,32,35398020,1106188,0.026644,0.23,21.59
179000000000000002,180000000000000003,2025-03-14,592,35,21008523,600244,0.059122,1.02,124.44
179000000000000002,180000000000000004,2025-03-14,601,34,22796865,670496,0.056572,1.08,103.08
179000000000000003,180000000000000005,2025-03-14,550,27,29203592,1081615,0.049091,0.34,23.97
179000000000000004,180000000000000006,2025-03-14,368,30,57174459,1905815,0.081522,0.84,80.72
179000000000000004,180000000000000007,2025-03-14,391,22,45038114,2047187,0.056266,0.69,77.08
179000000000000005,180000000000000008,2025-03-14,669,60,29203593,486727,0.089686,2.25,186.58
179000000000000001,180000000000000001,2025-03-15,2403,53,59875473,1129726,0.022056,0.45,39.7
179000000000000001,180000000000000002,2025-03-15,1561,52,45042011,866193,0.033312,0.39,23.12
179000000000000002,180000000000000003,2025-03-15,575,28,25917169,925613,0.048696,1.18,114.07
179000000000000002,180000000000000004,2025-03-15,628,41,26541573,647355,0.065287,1.18,123.66
179000000000000003,180000000000000005,2025-03-15,713,40,34972495,874312,0.056101,0.62,61.15
179000000000000004,180000000000000006,2025-03-15,475,35,78554923,2244426,0.073684,1.0,85.18
179000000000000004,180000000000000007,2025-03-15,394,31,43848808,1414478,0.07868,0.68,63.04
179000000000000005,180000000000000008,2025-03-15,1161,100,34972495,349725,0.086133,4.11,407.94
179000000000000001,180000000000000001,2025-03-16,1757,46,43526088,946219,0.026181,0.3,20.8
179000000000000001,180000000000000002,2025-03-16,816,25,29176701,1167068,0.030637,0.21,20.83
179000000000000002,180000000000000003,2025-03-16,141,10,7980801,798080,0.070922,0.41,25.77
179000000000000002,180000000000000004,2025-03-16,770,28,17692276,631867,0.036364,1.07,52.96
179000000000000003,180000000000000005,2025-03-16,457,26,24234263,932087,0.056893,0.32,36.85
179000000000000004,180000000000000006,2025-03-16,528,41,54060572,1318551,0.077652,1.21,79.6
179000000000000004,180000000000000007,2025-03-16,221,17,30759349,1809373,0.076923,0.56,55.96
179000000000000005,180000000000000008,2025-03-16,231,26,15787811,607224,0.112554,1.05,116.16
179000000000000001,180000000000000001,2025-03-17,2332,49,53838104,1098737,0.021012,0.41,24.85
179000000000000001,180000000000000002,2025-03-17,1050,29,36212357,1248702,0.027619,0.22,17.75
179000000000000002,180000000000000003,2025-03-17,252,14,11513396,822385,0.055556,0.57,39.7
179000000000000002,180000000000000004,2025-03-17,748,30,21911501,730383,0.040107,0.98,64.7
179000000000000003,180000000000000005,2025-03-17,546,28,30016821,1072029,0.051282,0.35,33.81
179000000000000004,180000000000000006,2025-03-17,375,31,60157714,1940571,0.082667,0.75,68.78
179000000000000004,180000000000000007,2025-03-17,322,29,44901158,1548316,0.090062,0.71,76.57
179000000000000005,180000000000000008,2025-03-17,557,64,30016820,469013,0.114901,2.96,301.22
179000000000000001,180000000000000001,2025-03-18,2347,61,69789438,1144089,0.025991,0.48,41.59
179000000000000001,180000000000000002,2025-03-18,2441,47,33471840,712167,0.019254,0.41,32.94
179000000000000002,180000000000000003,2025-03-18,807,37,26219864,708645,0.045849,1.55,145.73
179000000000000002,180000000000000004,2025-03-18,701,40,25410775,635269,0.057061,1.56,198.5
179000000000000003,180000000000000005,2025-03-18,719,34,34420426,1012365,0.047288,0.52,38.0
179000000000000004,180000000000000006,2025-03-18,407,40,73951924,1848798,0.09828,1.18,100.48
179000000000000004,180000000000000007,2025-03-18,267,22,46519566,2114526,0.082397,0.7,72.91
179000000000000005,180000000000000008,2025-03-18,594,64,25068387,391694,0.107744,3.08,155.39
179000000000000001,180000000000000001,2025-03-19,2226,54,57687547,1068288,0.024259,0.35,40.8
179000000000000001,180000000000000002,2025-03-19,1455,36,40254019,1118167,0.024742,0.26,16.87
179000000000000002,180000000000000003,2025-03-19,659,40,26695210,667380,0.060698,1.44,89.25
179000000000000002,180000000000000004,2025-03-19,532,28,22275572,795556,0.052632,0.87,99.18
179000000000000003,180000000000000005,2025-03-19,624,36,32647189,906866,0.057692,0.55,42.36
179000000000000004,180000000000000006,2025-03-19,406,36,73735428,2048206,0.08867,0.99,80.38
179000000000000004,180000000000000007,2025-03-19,281,20,40529731,2026487,0.071174,0.52,62.91
179000000000000005,180000000000000008,2025-03-19,900,94,32647188,347311,0.104444,3.44,372.74
179000000000000001,180000000000000001,2025-03-20,2942,71,63567784,895321,0.024133,0.49,55.09
179000000000000001,180000000000000002,2025-03-20,1125,41,35564588,867429,0.036444,0.39,33.92
179000000000000002,180000000000000003,2025-03-20,611,36,22382680,621741,0.05892,1.07,113.47
179000000000000002,180000000000000004,2025-03-20,706,31,27183505,876887,0.043909,1.18,97.63
179000000000000003,180000000000000005,2025-03-20,836,39,33044123,847285,0.046651,0.66,52.98
179000000000000004,180000000000000006,2025-03-20,416,36,63436998,1762139,0.086538,0.95,75.23
179000000000000004,180000000000000007,2025-03-20,347,27,52217435,1933979,0.07781,0.89,87.8
179000000000000005,180000000000000008,2025-03-20,637,74,33044123,446542,0.11617,3.78,356.54
179000000000000001,180000000000000001,2025-03-21,2107,65,55638985,855984,0.03085,0.43,29.45
179000000000000001,180000000000000002,2025-03-21,375,16,21221441,1326340,0.042667,0.16,14.11
179000000000000002,180000000000000003,2025-03-21,630,26,25586101,984081,0.04127,0.98,88.17
179000000000000002,180000000000000004,2025-03-21,627,31,24201822,780704,0.049442,1.14,95.93
179000000000000003,180000000000000005,2025-03-21,243,16,15277263,954829,0.065844,0.27,34.17
179000000000000004,180000000000000006,2025-03-21,582,47,66570818,1416400,0.080756,1.29,118.19
179000000000000004,180000000000000007,2025-03-21,425,34,49601003,1458853,0.08,0.98,95.43
179000000000000005,180000000000000008,2025-03-21,569,62,33191949,535354,0.108963,3.09,341.72
179000000000000001,180000000000000001,2025-03-22,1682,42,47868690,1139731,0.02497,0.33,22.39
179000000000000001,180000000000000002,2025-03-22,1271,32,33140293,1035634,0.025177,0.24,18.79
179000000000000002,180000000000000003,2025-03-22,413,29,21362490,736638,0.070218,0.96,91.69
179000000000000002,180000000000000004,2025-03-22,591,31,19142001,617484,0.052453,1.13,104.32
179000000000000003,180000000000000005,2025-03-22,607,25,27002995,1080120,0.041186,0.31,25.17
179000000000000004,180000000000000006,2025-03-22,335,23,41077814,1785992,0.068657,0.66,62.06
179000000000000004,180000000000000007,2025-03-22,327,18,34023924,1890218,0.055046,0.43,48.94
179000000000000005,180000000000000008,2025-03-22,630,59,27002994,457678,0.093651,2.54,226.56
179000000000000001,180000000000000001,2025-03-23,366,18,21776574,1209810,0.04918,0.15,19.23
179000000000000001,180000000000000002,2025-03-23,885,25,27557340,1102294,0.028249,0.2,19.11
179000000000000002,180000000000000003,2025-03-23,450,25,17581558,703262,0.055556,0.71,60.53
179000000000000002,180000000000000004,2025-03-23,542,35,21036980,601057,0.064576,1.06,107.44
179000000000000003,180000000000000005,2025-03-23,501,26,25745692,990219,0.051896,0.33,38.34
179000000000000004,180000000000000006,2025-03-23,442,33,54922127,1664307,0.074661,1.02,94.74
179000000000000004,180000000000000007,2025-03-23,219,18,35187796,1954878,0.082192,0.52,36.69
179000000000000005,180000000000000008,2025-03-23,762,71,25745692,362615,0.093176,3.67,347.85
179000000000000001,180000000000000001,2025-03-24,4137,88,78341091,890240,0.021271,0.7,37.6
179000000000000001,180000000000000002,2025-03-24,1237,35,45863383,1310382,0.028294,0.26,20.42
179000000000000002,180000000000000003,2025-03-24,611,32,27422756,856961,0.052373,1.03,94.9
179000000000000002,180000000000000004,2025-03-24,1095,56,34679482,619276,0.051142,1.77,194.91
179000000000000003,180000000000000005,2025-03-24,826,39,41401492,1061577,0.047215,0.53,51.85
179000000000000004,180000000000000006,2025-03-24,771,59,89955073,1524662,0.076524,1.42,107.72
179000000000000004,180000000000000007,2025-03-24,440,31,54950147,1772585,0.070455,1.05,126.82
179000000000000005,180000000000000008,2025-03-24,804,81,41401492,511130,0.100746,3.91,314.88
179000000000000001,180000000000000001,2025-03-25,3619,97,75547945,778845,0.026803,0.86,80.89
179000000000000001,180000000000000002,2025-03-25,1920,59,56287001,954017,0.030729,0.49,42.22
179000000000000002,180000000000000003,2025-03-25,778,51,39363476,771833,0.065553,1.75,212.29
179000000000000002,180000000000000004,2025-03-25,621,30,26553997,885133,0.048309,1.07,114.94
179000000000000003,180000000000000005,2025-03-25,939,42,43944982,1046309,0.044728,0.63,58.7
179000000000000004,180000000000000006,2025-03-25,751,50,90021608,1800432,0.066578,1.54,166.53
179000000000000004,180000000000000007,2025-03-25,667,41,63785829,1555752,0.061469,1.02,87.91
179000000000000005,180000000000000008,2025-03-25,420,51,30820151,604317,0.121429,2.06,202.4
179000000000000001,180000000000000001,2025-03-26,3023,68,65112599,957538,0.022494,0.56,52.0
179000000000000001,180000000000000002,2025-03-26,1720,39,44570544,1142834,0.022674,0.33,42.93
179000000000000002,180000000000000003,2025-03-26,668,33,27788389,842072,0.049401,1.1,125.27
179000000000000002,180000000000000004,2025-03-26,644,39,27053182,693671,0.060559,1.46,74.55
179000000000000003,180000000000000005,2025-03-26,731,38,36561047,962133,0.051984,0.53,50.24
179000000000000004,180000000000000006,2025-03-26,425,34,72513554,2132752,0.08,0.88,81.71
179000000000000004,180000000000000007,2025-03-26,403,30,55450112,1848337,0.074442,0.67,40.16
179000000000000005,180000000000000008,2025-03-26,458,40,26323491,658087,0.087336,1.91,173.99
179000000000000001,180000000000000001,2025-03-27,2706,74,68167729,921186,0.027347,0.6,49.52
179000000000000001,180000000000000002,2025-03-27,1084,40,31585523,789638,0.0369,0.38,38.92
179000000000000002,180000000000000003,2025-03-27,551,28,21010507,750375,0.050817,0.75,51.28
179000000000000002,180000000000000004,2025-03-27,941,49,28866119,589104,0.052072,1.31,144.29
179000000000000003,180000000000000005,2025-03-27,886,37,33251084,898678,0.041761,0.46,55.36
179000000000000004,180000000000000006,2025-03-27,518,42,66717939,1588522,0.081081,1.17,157.36
179000000000000004,180000000000000007,2025-03-27,380,31,49660856,1601963,0.081579,0.82,88.6
179000000000000005,180000000000000008,2025-03-27,709,80,33251084,415639,0.112835,4.36,295.43
179000000000000001,180000000000000001,2025-03-28,3710,86,76469997,889186,0.023181,0.6,61.39
179000000000000001,180000000000000002,2025-03-28,2428,56,41632018,743429,0.023064,0.47,28.33
179000000000000002,180000000000000003,2025-03-28,379,17,14956651,879803,0.044855,0.61,68.71
179000000000000002,180000000000000004,2025-03-28,936,52,32125270,617794,0.055556,1.69,144.06
179000000000000003,180000000000000005,2025-03-28,998,46,39367338,855812,0.046092,0.61,49.73
179000000000000004,180000000000000006,2025-03-28,656,43,95849438,2229057,0.065549,1.4,140.91
179000000000000004,180000000000000007,2025-03-28,254,20,41936247,2096812,0.07874,0.59,71.59
179000000000000005,180000000000000008,2025-03-28,645,65,39367338,605651,0.100775,2.89,304.77
179000000000000001,180000000000000001,2025-03-29,2305,55,66190634,1203466,0.023861,0.41,52.97
179000000000000001,180000000000000002,2025-03-29,2089,53,46993164,886663,0.025371,0.47,47.32
179000000000000002,180000000000000003,2025-03-29,1131,42,26859140,639503,0.037135,1.48,126.49
179000000000000002,180000000000000004,2025-03-29,719,43,29732760,691460,0.059805,1.48,163.16
179000000000000003,180000000000000005,2025-03-29,518,35,37727932,1077941,0.067568,0.46,41.77
179000000000000004,180000000000000006,2025-03-29,367,35,62505194,1785863,0.095368,0.84,93.49
179000000000000004,180000000000000007,2025-03-29,507,27,47829604,1771467,0.053254,0.74,83.5
179000000000000005,180000000000000008,2025-03-29,774,84,37727932,449142,0.108527,3.93,335.13
179000000000000001,180000000000000001,2025-03-30,1915,58,61627140,1062537,0.030287,0.39,32.68
179000000000000001,180000000000000002,2025-03-30,1061,38,31634264,832481,0.035815,0.23,16.99
179000000000000002,180000000000000003,2025-03-30,414,22,19620336,891833,0.05314,0.69,68.98
179000000000000002,180000000000000004,2025-03-30,883,40,27010365,675259,0.0453,1.27,101.99
179000000000000003,180000000000000005,2025-03-30,601,32,31087134,971473,0.053245,0.5,57.11
179000000000000004,180000000000000006,2025-03-30,475,30,62747159,2091572,0.063158,0.96,89.42
179000000000000004,180000000000000007,2025-03-30,424,28,46057812,1644922,0.066038,0.98,56.83
179000000000000005,180000000000000008,2025-03-30,681,55,31087134,565221,0.080764,2.44,212.62
179000000000000001,180000000000000001,2025-03-31,3488,73,58112829,796066,0.020929,0.64,52.73
179000000000000001,180000000000000002,2025-03-31,1615,45,41250362,916675,0.027864,0.44,34.13
179000000000000002,180000000000000003,2025-03-31,593,40,23443008,586075,0.067454,1.49,67.07
179000000000000002,180000000000000004,2025-03-31,698,32,26238587,819956,0.045845,1.27,122.25
179000000000000003,180000000000000005,2025-03-31,702,42,33121063,788597,0.059829,0.65,62.18
179000000000000004,180000000000000006,2025-03-31,472,35,66398067,1897088,0.074153,1.05,92.93
179000000000000004,180000000000000007,2025-03-31,317,25,49525657,1981026,0.078864,0.61,46.21
179000000000000005,180000000000000008,2025-03-31,1029,86,33121064,385129,0.083576,3.31,343.06
179000000000000001,180000000000000001,2025-04-01,1571,43,33534706,779877,0.027371,0.34,40.4
179000000000000001,180000000000000002,2025-04-01,1351,50,36648447,732969,0.03701,0.47,40.84
179000000000000002,180000000000000003,2025-04-01,587,27,22007273,815084,0.045997,0.69,69.97
179000000000000002,180000000000000004,2025-04-01,551,21,12483501,594452,0.038113,0.55,42.31
179000000000000003,180000000000000005,2025-04-01,665,33,28148358,852981,0.049624,0.42,38.11
179000000000000004,180000000000000006,2025-04-01,346,28,36628916,1308176,0.080925,0.74,83.1
179000000000000004,180000000000000007,2025-04-01,296,20,42568266,2128413,0.067568,0.55,65.29
179000000000000005,180000000000000008,2025-04-01,440,48,28148357,586424,0.109091,1.77,128.12
179000000000000001,180000000000000001,2025-04-02,2622,75,79153357,1055378,0.028604,0.66,79.87
179000000000000001,180000000000000002,2025-04-02,1872,41,44376718,1082359,0.021902,0.36,40.91
179000000000000002,180000000000000003,2025-04-02,705,41,30667301,747983,0.058156,1.48,157.38
179000000000000002,180000000000000004,2025-04-02,643,36,31097736,863826,0.055988,1.07,98.57
179000000000000003,180000000000000005,2025-04-02,916,50,41176692,823534,0.054585,0.81,68.59
179000000000000004,180000000000000006,2025-04-02,410,26,47849844,1840379,0.063415,0.84,66.8
179000000000000004,180000000000000007,2025-04-02,427,30,64353327,2145111,0.070258,0.9,96.82
179000000000000005,180000000000000008,2025-04-02,690,73,41176692,564064,0.105797,3.52,227.81
179000000000000001,180000000000000001,2025-04-03,3170,75,65757244,876763,0.023659,0.68,72.33
179000000000000001,180000000000000002,2025-04-03,1069,36,36914998,1025417,0.033676,0.31,31.3
179000000000000002,180000000000000003,2025-04-03,857,50,28120960,562419,0.058343,1.94,126.85
179000000000000002,180000000000000004,2025-04-03,643,33,23215161,703490,0.051322,1.24,90.02
179000000000000003,180000000000000005,2025-04-03,695,39,34224081,877541,0.056115,0.67,62.17
179000000000000004,180000000000000006,2025-04-03,409,38,74446068,1959107,0.09291,1.03,100.28
179000000000000004,180000000000000007,2025-04-03,393,31,45338215,1462523,0.07888,1.02,115.29
179000000000000005,180000000000000008,2025-04-03,1088,96,34224081,356501,0.088235,3.87,380.84
179000000000000001,180000000000000001,2025-04-04,2343,55,42619549,774901,0.023474,0.42,25.25
179000000000000001,180000000000000002,2025-04-04,868,31,28748489,927371,0.035714,0.26,22.02
179000000000000002,180000000000000003,2025-04-04,380,27,17079813,632586,0.071053,0.96,105.04
179000000000000002,180000000000000004,2025-04-04,558,31,18604207,600136,0.055556,1.09,63.75
179000000000000003,180000000000000005,2025-04-04,464,26,23789346,914975,0.056034,0.44,40.6
179000000000000004,180000000000000006,2025-04-04,393,33,47385459,1435923,0.083969,0.87,86.08
179000000000000004,180000000000000007,2025-04-04,151,14,35877251,2562661,0.092715,0.45,52.39
179000000000000005,180000000000000008,2025-04-04,463,38,23789346,626035,0.082073,1.89,176.57
179000000000000001,180000000000000001,2025-04-05,2739,87,64675646,743398,0.031763,0.64,55.62
179000000000000001,180000000000000002,2025-04-05,1079,33,33805812,1024419,0.030584,0.28,18.73
179000000000000002,180000000000000003,2025-04-05,724,43,25311412,588637,0.059392,1.19,107.8
179000000000000002,180000000000000004,2025-04-05,382,13,11268370,866798,0.034031,0.39,30.04
179000000000000003,180000000000000005,2025-04-05,805,36,32827153,911865,0.04472,0.63,37.84
179000000000000004,180000000000000006,2025-04-05,273,29,47995438,1655015,0.106227,0.7,90.7
179000000000000004,180000000000000007,2025-04-05,290,22,43105013,1959319,0.075862,0.57,39.86
179000000000000005,180000000000000008,2025-04-05,375,48,18649384,388529,0.128,1.65,159.78
179000000000000001,180000000000000001,2025-04-06,2876,64,57872364,904256,0.022253,0.48,41.89
179000000000000001,180000000000000002,2025-04-06,1279,41,36245482,884036,0.032056,0.27,19.54
179000000000000002,180000000000000003,2025-04-06,555,34,22280964,655322,0.061261,1.28,111.01
179000000000000002,180000000000000004,2025-04-06,349,14,9085304,648950,0.040115,0.6,68.2
179000000000000003,180000000000000005,2025-04-06,534,32,31372615,980394,0.059925,0.39,34.25
179000000000000004,180000000000000006,2025-04-06,322,34,63278113,1861121,0.10559,0.98,53.94
179000000000000004,180000000000000007,2025-04-06,332,24,46526041,1938585,0.072289,0.59,31.96
179000000000000005,180000000000000008,2025-04-06,909,84,31372615,373484,0.092409,3.44,288.14
179000000000000001,180000000000000001,2025-04-07,1310,34,42290728,1243845,0.025954,0.28,28.22
179000000000000001,180000000000000002,2025-04-07,1178,29,30762104,1060762,0.024618,0.24,11.14
179000000000000002,180000000000000003,2025-04-07,469,22,17230134,783188,0.046908,0.63,61.9
179000000000000002,180000000000000004,2025-04-07,545,22,19296281,877104,0.040367,0.74,61.06
179000000000000003,180000000000000005,2025-04-07,535,23,24350943,1058737,0.042991,0.31,27.67
179000000000000004,180000000000000006,2025-04-07,239,20,46360710,2318036,0.083682,0.52,53.57
179000000000000004,180000000000000007,2025-04-07,219,19,38867592,2045663,0.086758,0.54,57.53
179000000000000005,180000000000000008,2025-04-07,844,64,24350944,380484,0.075829,2.66,183.07
179000000000000001,180000000000000001,2025-04-08,1998,62,68021239,1097117,0.031031,0.52,41.11
179000000000000001,180000000000000002,2025-04-08,1972,49,37219844,759589,0.024848,0.4,34.96
179000000000000002,180000000000000003,2025-04-08,990,52,27871320,535987,0.052525,1.43,103.81
179000000000000002,180000000000000004,2025-04-08,535,34,24749223,727918,0.063551,1.03,80.84
179000000000000003,180000000000000005,2025-04-08,661,31,35080361,1131625,0.046899,0.53,47.76
179000000000000004,180000000000000006,2025-04-08,447,43,55633481,1293802,0.096197,1.23,110.89
179000000000000004,180000000000000007,2025-04-08,292,18,42301893,2350105,0.061644,0.58,76.06
179000000000000005,180000000000000008,2025-04-08,714,91,35080362,385498,0.127451,3.75,272.78
179000000000000001,180000000000000001,2025-04-09,2724,71,64447002,907704,0.026065,0.5,45.9
179000000000000001,180000000000000002,2025-04-09,1944,58,49160487,847595,0.029835,0.44,35.33
179000000000000002,180000000000000003,2025-04-09,598,37,32362268,874656,0.061873,1.27,144.5
179000000000000002,180000000000000004,2025-04-09,579,35,24441476,698328,0.060449,1.21,119.74
179000000000000003,180000000000000005,2025-04-09,697,23,19280006,838261,0.032999,0.41,52.97
179000000000000004,180000000000000006,2025-04-09,495,43,78081028,1815838,0.086869,1.44,82.36
179000000000000004,180000000000000007,2025-04-09,379,26,54461041,2094655,0.068602,0.55,31.53
179000000000000005,180000000000000008,2025-04-09,800,78,37869162,485502,0.0975,3.38,349.94
179000000000000001,180000000000000001,2025-04-10,1180,29,26588179,916834,0.024576,0.26,27.28
179000000000000001,180000000000000002,2025-04-10,1102,33,33618806,1018752,0.029946,0.29,24.45
179000000000000002,180000000000000003,2025-04-10,406,30,20407898,680263,0.073892,0.97,123.46
179000000000000002,180000000000000004,2025-04-10,459,25,16800538,672022,0.054466,0.8,98.61
179000000000000003,180000000000000005,2025-04-10,583,20,24805624,1240281,0.034305,0.3,22.23
179000000000000004,180000000000000006,2025-04-10,348,27,49495335,1833161,0.077586,0.8,52.92
179000000000000004,180000000000000007,2025-04-10,292,20,37324348,1866217,0.068493,0.68,72.54
179000000000000005,180000000000000008,2025-04-10,488,51,24805623,486385,0.104508,1.97,221.0
179000000000000001,180000000000000001,2025-04-11,2483,51,49215409,965008,0.02054,0.4,34.69
179000000000000001,180000000000000002,2025-04-11,1197,36,36243259,1006757,0.030075,0.3,19.22
179000000000000002,180000000000000003,2025-04-11,560,28,20678418,738515,0.05,1.19,159.12
179000000000000002,180000000000000004,2025-04-11,297,15,9982747,665516,0.050505,0.62,66.75
179000000000000003,180000000000000005,2025-04-11,706,35,28486223,813892,0.049575,0.47,32.48
179000000000000004,180000000000000006,2025-04-11,523,35,62636957,1789627,0.066922,0.83,61.51
179000000000000004,180000000000000007,2025-04-11,240,19,37064824,1950780,0.079167,0.61,47.85
179000000000000005,180000000000000008,2025-04-11,700,62,28486224,459455,0.088571,3.15,237.45
179000000000000001,180000000000000001,2025-04-12,2846,58,67012709,1155392,0.020379,0.49,51.17
179000000000000001,180000000000000002,2025-04-12,2052,51,46315048,908138,0.024854,0.4,35.73
179000000000000002,180000000000000003,2025-04-12,571,37,30744585,830935,0.064799,1.27,93.22
179000000000000002,180000000000000004,2025-04-12,946,46,25919293,563463,0.048626,1.56,126.31
179000000000000003,180000000000000005,2025-04-12,632,42,37775919,899427,0.066456,0.5,35.93
179000000000000004,180000000000000006,2025-04-12,549,44,75825343,1723303,0.080146,1.37,111.71
179000000000000004,180000000000000007,2025-04-12,382,29,56390373,1944496,0.075916,0.79,74.82
179000000000000005,180000000000000008,2025-04-12,720,66,37775918,572362,0.091667,3.45,286.19
179000000000000001,180000000000000001,2025-04-13,1454,36,30230284,839730,0.024759,0.3,35.38
179000000000000001,180000000000000002,2025-04-13,874,29,38037467,1311637,0.033181,0.23,25.38
179000000000000002,180000000000000003,2025-04-13,508,28,21097385,753478,0.055118,0.89,65.54
179000000000000002,180000000000000004,2025-04-13,451,26,18838275,724549,0.05765,0.85,106.54
179000000000000003,180000000000000005,2025-04-13,463,23,26623774,1157555,0.049676,0.26,19.35
179000000000000004,180000000000000006,2025-04-13,389,29,55928986,1928586,0.07455,0.78,67.91
179000000000000004,180000000000000007,2025-04-13,253,18,37254222,2069679,0.071146,0.43,47.72
179000000000000005,180000000000000008,2025-04-13,666,55,26623774,484069,0.082583,2.36,273.29
179000000000000001,180000000000000001,2025-04-14,3899,106,70773511,667675,0.027186,1.01,113.16
179000000000000001,180000000000000002,2025-04-14,2067,62,53161621,857446,0.029995,0.55,28.39
179000000000000002,180000000000000003,2025-04-14,694,41,30741215,749786,0.059078,1.12,90.27
179000000000000002,180000000000000004,2025-04-14,253,14,13666364,976169,0.055336,0.59,68.68
179000000000000003,180000000000000005,2025-04-14,604,38,41311711,1087150,0.062914,0.64,50.57
179000000000000004,180000000000000006,2025-04-14,655,54,81531313,1509839,0.082443,1.48,133.27
179000000000000004,180000000000000007,2025-04-14,485,34,63059673,1854696,0.070103,1.19,116.55
179000000000000005,180000000000000008,2025-04-14,670,78,41311711,529637,0.116418,3.86,451.37
179000000000000001,180000000000000001,2025-04-15,3827,95,68172070,717601,0.024824,0.64,42.98
179000000000000001,180000000000000002,2025-04-15,1462,34,34131158,1003858,0.023256,0.2,19.6
179000000000000002,180000000000000003,2025-04-15,725,39,26797047,687104,0.053793,1.34,184.74
179000000000000002,180000000000000004,2025-04-15,568,28,24354567,869806,0.049296,0.89,89.39
179000000000000003,180000000000000005,2025-04-15,750,40,34101076,852527,0.053333,0.66,35.82
179000000000000004,180000000000000006,2025-04-15,552,48,73202720,1525057,0.086957,1.0,125.54
179000000000000004,180000000000000007,2025-04-15,302,25,46151047,1846042,0.082781,0.62,40.91
179000000000000005,180000000000000008,2025-04-15,441,53,20763304,391760,0.120181,2.59,269.03
179000000000000001,180000000000000001,2025-04-16,2734,74,61233144,827475,0.027067,0.52,37.8
179000000000000001,180000000000000002,2025-04-16,1907,56,41164961,735089,0.029365,0.53,41.47
179000000000000002,180000000000000003,2025-04-16,445,27,22691212,840415,0.060674,1.14,88.3
179000000000000002,180000000000000004,2025-04-16,995,49,28507840,581793,0.049246,2.02,148.8
179000000000000003,180000000000000005,2025-04-16,670,35,34132702,975220,0.052239,0.43,35.8
179000000000000004,180000000000000006,2025-04-16,752,54,75287258,1394208,0.071809,1.58,153.8
179000000000000004,180000000000000007,2025-04-16,309,20,44177198,2208860,0.064725,0.49,62.17
179000000000000005,180000000000000008,2025-04-16,662,71,34132702,480742,0.107251,3.4,225.56
179000000000000001,180000000000000001,2025-04-17,1811,43,49718696,1156249,0.023744,0.36,42.19
179000000000000001,180000000000000002,2025-04-17,1589,38,40874926,1075656,0.023914,0.31,15.14
179000000000000002,180000000000000003,2025-04-17,598,36,22498742,624965,0.060201,1.15,130.21
179000000000000002,180000000000000004,2025-04-17,469,26,22798069,876849,0.055437,0.72,83.19
179000000000000003,180000000000000005,2025-04-17,419,27,30197874,1118440,0.064439,0.5,51.27
179000000000000004,180000000000000006,2025-04-17,437,34,61234764,1801022,0.077803,0.97,63.94
179000000000000004,180000000000000007,2025-04-17,331,25,44457795,1778312,0.075529,0.62,55.65
179000000000000005,180000000000000008,2025-04-17,552,65,30197874,464583,0.117754,2.82,228.37
179000000000000001,180000000000000001,2025-04-18,1849,49,52639566,1074277,0.026501,0.37,24.18
179000000000000001,180000000000000002,2025-04-18,1348,36,42371106,1176975,0.026706,0.26,13.21
179000000000000002,180000000000000003,2025-04-18,445,32,23039632,719988,0.07191,1.11,104.16
179000000000000002,180000000000000004,2025-04-18,574,39,24465703,627326,0.067944,1.53,134.75
179000000000000003,180000000000000005,2025-04-18,695,32,31670224,989694,0.046043,0.47,47.7
179000000000000004,180000000000000006,2025-04-18,397,35,59178689,1690820,0.088161,0.98,111.33
179000000000000004,180000000000000007,2025-04-18,308,26,51667095,1987196,0.084416,0.79,58.44
179000000000000005,180000000000000008,2025-04-18,657,65,31670224,487234,0.098935,2.73,241.41
179000000000000001,180000000000000001,2025-04-19,3000,80,81310636,1016383,0.026667,0.66,55.41
179000000000000001,180000000000000002,2025-04-19,2047,55,46348426,842699,0.026869,0.34,39.94
179000000000000002,180000000000000003,2025-04-19,785,44,30187843,686087,0.056051,1.93,248.68
179000000000000002,180000000000000004,2025-04-19,1141,54,33641687,622994,0.047327,2.33,135.88
179000000000000003,180000000000000005,2025-04-19,687,45,42553020,945623,0.065502,0.68,68.92
179000000000000004,180000000000000006,2025-04-19,481,41,61224486,1493280,0.085239,1.0,101.57
179000000000000004,180000000000000007,2025-04-19,514,29,53065156,1829833,0.05642,0.81,69.04
179000000000000005,180000000000000008,2025-04-19,675,74,42553021,575041,0.10963,2.96,207.96
179000000000000001,180000000000000001,2025-04-20,1897,40,40236977,1005924,0.021086,0.27,30.56
179000000000000001,180000000000000002,2025-04-20,698,27,18540995,686704,0.038682,0.2,20.85
179000000000000002,180000000000000003,2025-04-20,676,38,23826202,627005,0.056213,1.06,79.53
179000000000000002,180000000000000004,2025-04-20,487,22,20714493,941568,0.045175,0.66,55.45
179000000000000003,180000000000000005,2025-04-20,665,33,29693796,899812,0.049624,0.55,42.54
179000000000000004,180000000000000006,2025-04-20,436,38,66674627,1754595,0.087156,1.29,88.75
179000000000000004,180000000000000007,2025-04-20,383,26,37253659,1432833,0.067885,0.55,28.87
179000000000000005,180000000000000008,2025-04-20,642,76,29693796,390708,0.11838,3.56,352.4
179000000000000001,180000000000000001,2025-04-21,1776,38,49272803,1296653,0.021396,0.35,31.21
179000000000000001,180000000000000002,2025-04-21,1248,37,37461727,1012479,0.029647,0.32,15.88
179000000000000002,180000000000000003,2025-04-21,605,37,23367347,631550,0.061157,1.51,65.37
179000000000000002,180000000000000004,2025-04-21,745,36,29150132,809726,0.048322,1.3,131.21
179000000000000003,180000000000000005,2025-04-21,880,42,35011653,833611,0.047727,0.67,54.92
179000000000000004,180000000000000006,2025-04-21,484,36,65819506,1828320,0.07438,0.93,48.84
179000000000000004,180000000000000007,2025-04-21,687,45,56721279,1260473,0.065502,1.23,94.16
179000000000000005,180000000000000008,2025-04-21,541,56,35011653,625208,0.103512,2.84,219.8
179000000000000001,180000000000000001,2025-04-22,1016,39,40323390,1033933,0.038386,0.29,26.19
179000000000000001,180000000000000002,2025-04-22,1308,31,37497586,1209600,0.0237,0.25,27.66
179000000000000002,180000000000000003,2025-04-22,507,32,27394692,856084,0.063116,1.02,97.07
179000000000000002,180000000000000004,2025-04-22,629,39,22109943,566922,0.062003,1.57,192.63
179000000000000003,180000000000000005,2025-04-22,1041,45,33003090,733402,0.043228,0.8,91.81
179000000000000004,180000000000000006,2025-04-22,452,37,68139077,1841597,0.081858,1.09,125.64
179000000000000004,180000000000000007,2025-04-22,377,32,47371738,1480367,0.084881,0.75,62.16
179000000000000005,180000000000000008,2025-04-22,432,51,33003090,647119,0.118056,2.25,225.63
179000000000000001,180000000000000001,2025-04-23,2541,80,66155998,826950,0.031484,0.66,84.56
179000000000000001,180000000000000002,2025-04-23,2070,55,45176700,821395,0.02657,0.41,43.85
179000000000000002,180000000000000003,2025-04-23,508,34,24530399,721482,0.066929,1.36,109.93
179000000000000002,180000000000000004,2025-04-23,679,38,31135950,819367,0.055965,1.42,82.56
179000000000000003,180000000000000005,2025-04-23,1098,41,37110899,905144,0.037341,0.68,37.42
179000000000000004,180000000000000006,2025-04-23,629,48,79393783,1654037,0.076312,1.47,162.1
179000000000000004,180000000000000007,2025-04-23,345,27,50494365,1870162,0.078261,0.73,87.22
179000000000000005,180000000000000008,2025-04-23,764,85,37110900,436599,0.111257,3.78,346.88
179000000000000001,180000000000000001,2025-04-24,2367,62,55247380,891087,0.026193,0.46,32.53
179000000000000001,180000000000000002,2025-04-24,1583,33,37337054,1131426,0.020846,0.31,31.09
179000000000000002,180000000000000003,2025-04-24,521,29,22678269,782009,0.055662,0.84,83.05
179000000000000002,180000000000000004,2025-04-24,969,41,23613948,575950,0.042312,1.61,105.52
179000000000000003,180000000000000005,2025-04-24,667,36,30861478,857263,0.053973,0.66,55.21
179000000000000004,180000000000000006,2025-04-24,396,37,45485489,1229338,0.093434,1.15,83.83
179000000000000004,180000000000000007,2025-04-24,316,21,43330108,2063338,0.066456,0.52,39.8
179000000000000005,180000000000000008,2025-04-24,703,84,30861477,367399,0.119488,3.55,318.72
179000000000000001,180000000000000001,2025-04-25,2306,56,62878032,1122822,0.024284,0.43,36.87
179000000000000001,180000000000000002,2025-04-25,1519,41,35387122,863101,0.026991,0.37,27.19
179000000000000002,180000000000000003,2025-04-25,450,31,25556451,824402,0.068889,1.18,154.6
179000000000000002,180000000000000004,2025-04-25,591,28,23576125,842004,0.047377,1.03,111.35
179000000000000003,180000000000000005,2025-04-25,570,30,32755051,1091835,0.052632,0.48,26.08
179000000000000004,180000000000000006,2025-04-25,587,41,67050180,1635370,0.069847,1.24,121.69
179000000000000004,180000000000000007,2025-04-25,356,22,47592498,2163295,0.061798,0.62,58.68
179000000000000005,180000000000000008,2025-04-25,797,83,32755051,394639,0.104141,3.85,294.11
179000000000000001,180000000000000001,2025-04-26,1969,49,50421980,1029020,0.024886,0.37,29.4
179000000000000001,180000000000000002,2025-04-26,1609,49,33819745,690199,0.030454,0.33,35.75
179000000000000002,180000000000000003,2025-04-26,408,30,23836055,794535,0.073529,0.98,124.07
179000000000000002,180000000000000004,2025-04-26,231,10,8177303,817730,0.04329,0.34,46.44
179000000000000003,180000000000000005,2025-04-26,505,28,28080575,1002878,0.055446,0.5,39.58
179000000000000004,180000000000000006,2025-04-26,408,35,59039695,1686848,0.085784,0.97,100.24
179000000000000004,180000000000000007,2025-04-26,219,20,39242318,1962116,0.091324,0.48,45.78
179000000000000005,180000000000000008,2025-04-26,378,47,28080575,597459,0.124339,2.13,192.2
179000000000000001,180000000000000001,2025-04-27,2107,58,56972125,982278,0.027527,0.4,49.18
179000000000000001,180000000000000002,2025-04-27,751,32,22869656,714677,0.04261,0.18,10.99
179000000000000002,180000000000000003,2025-04-27,761,33,25495615,772594,0.043364,1.03,118.89
179000000000000002,180000000000000004,2025-04-27,566,26,24117286,927588,0.045936,0.85,80.34
179000000000000003,180000000000000005,2025-04-27,560,34,33075267,972802,0.060714,0.54,50.86
179000000000000004,180000000000000006,2025-04-27,263,23,40661613,1767896,0.087452,0.76,74.02
179000000000000004,180000000000000007,2025-04-27,252,21,48661100,2317195,0.083333,0.59,61.13
179000000000000005,180000000000000008,2025-04-27,860,86,33075266,384596,0.1,4.17,453.62
179000000000000001,180000000000000001,2025-04-28,1662,57,59304552,1040431,0.034296,0.41,24.42
179000000000000001,180000000000000002,2025-04-28,1335,38,49755766,1309362,0.028464,0.24,26.54
179000000000000002,180000000000000003,2025-04-28,545,34,26919748,791757,0.062385,1.11,88.16
179000000000000002,180000000000000004,2025-04-28,839,43,27610412,642103,0.051251,1.51,156.6
179000000000000003,180000000000000005,2025-04-28,868,38,36353439,956669,0.043779,0.51,33.87
179000000000000004,180000000000000006,2025-04-28,479,40,73945434,1848636,0.083507,0.92,88.11
179000000000000004,180000000000000007,2025-04-28,390,25,53291604,2131664,0.064103,0.64,28.87
179000000000000005,180000000000000008,2025-04-28,840,84,36353439,432779,0.1,4.13,367.31
179000000000000001,180000000000000001,2025-04-29,3312,77,77186616,1002424,0.023249,0.57,42.99
179000000000000001,180000000000000002,2025-04-29,2195,71,53696982,756296,0.032346,0.54,28.02
179000000000000002,180000000000000003,2025-04-29,857,49,33357530,680766,0.057176,1.56,83.11
179000000000000002,180000000000000004,2025-04-29,926,41,32084269,782543,0.044276,1.58,180.38
179000000000000003,180000000000000005,2025-04-29,898,50,43627866,872557,0.055679,0.78,67.6
179000000000000004,180000000000000006,2025-04-29,704,51,97150218,1904906,0.072443,1.47,142.87
179000000000000004,180000000000000007,2025-04-29,402,33,55547314,1683252,0.08209,1.11,123.98
179000000000000005,180000000000000008,2025-04-29,1017,109,43627865,400256,0.107178,6.08,473.76
179000000000000001,180000000000000001,2025-04-30,1980,52,66242829,1273901,0.026263,0.44,39.51
179000000000000001,180000000000000002,2025-04-30,1175,40,44858337,1121458,0.034043,0.36,41.94
179000000000000002,180000000000000003,2025-04-30,800,39,27471107,704387,0.04875,1.32,146.0
179000000000000002,180000000000000004,2025-04-30,782,37,28079476,758905,0.047315,0.91,55.29
179000000000000003,180000000000000005,2025-04-30,795,37,37033722,1000911,0.046541,0.48,45.94
179000000000000004,180000000000000006,2025-04-30,424,38,84399442,2221038,0.089623,1.12,128.92
179000000000000004,180000000000000007,2025-04-30,320,21,45218586,2153266,0.065625,0.66,53.38
179000000000000005,180000000000000008,2025-04-30,808,73,37033722,507311,0.090347,3.7,244.55
179000000000000001,180000000000000001,2025-05-01,3826,115,89129034,775035,0.030058,0.74,76.6
179000000000000002,180000000000000003,2025-05-01,757,58,34830911,600533,0.076618,1.64,169.26
179000000000000002,180000000000000004,2025-05-01,935,42,36507907,869236,0.04492,1.62,78.36
179000000000000003,180000000000000005,2025-05-01,755,25,20813915,832557,0.033113,0.27,26.4
179000000000000004,180000000000000006,2025-05-01,582,44,71175779,1617631,0.075601,1.22,155.89
179000000000000004,180000000000000007,2025-05-01,492,36,63630837,1767523,0.073171,1.29,91.01
179000000000000005,180000000000000008,2025-05-01,928,99,47559212,480396,0.106681,3.95,370.0
179000000000000001,180000000000000001,2025-05-02,2599,87,63322842,727849,0.033474,0.74,60.48
179000000000000001,180000000000000002,2025-05-02,1004,33,34271040,1038516,0.032869,0.26,26.14
179000000000000002,180000000000000003,2025-05-02,309,18,12535811,696434,0.058252,0.6,55.84
179000000000000002,180000000000000004,2025-05-02,689,39,24216840,620945,0.056604,1.32,128.24
179000000000000003,180000000000000005,2025-05-02,771,34,32531294,956803,0.044099,0.52,48.43
179000000000000004,180000000000000006,2025-05-02,650,40,78875260,1971882,0.061538,0.95,114.25
179000000000000004,180000000000000007,2025-05-02,275,21,34984269,1665918,0.076364,0.6,41.84
179000000000000005,180000000000000008,2025-05-02,813,67,32531294,485542,0.082411,3.08,248.9
179000000000000001,180000000000000001,2025-05-03,2281,64,65806864,1028232,0.028058,0.47,53.01
179000000000000001,180000000000000002,2025-05-03,2374,46,40529187,881069,0.019377,0.44,46.77
179000000000000002,180000000000000003,2025-05-03,667,33,28118878,852087,0.049475,0.98,119.09
179000000000000002,180000000000000004,2025-05-03,989,42,25049147,596408,0.042467,1.42,125.3
179000000000000003,180000000000000005,2025-05-03,628,37,35445350,957982,0.058917,0.64,69.92
179000000000000004,180000000000000006,2025-05-03,763,56,75423619,1346850,0.073394,1.64,103.54
179000000000000004,180000000000000007,2025-05-03,312,23,48635106,2114570,0.073718,0.59,66.4
179000000000000005,180000000000000008,2025-05-03,718,72,35445350,492297,0.100279,3.18,348.38
179000000000000001,180000000000000001,2025-05-04,2168,55,64630143,1175094,0.025369,0.44,28.12
179000000000000001,180000000000000002,2025-05-04,1736,45,43387168,964159,0.025922,0.28,23.02
179000000000000002,180000000000000003,2025-05-04,702,42,29853470,710797,0.059829,1.39,91.9
179000000000000002,180000000000000004,2025-05-04,724,34,24155186,710447,0.046961,1.18,62.73
179000000000000003,180000000000000005,2025-05-04,606,36,36005770,1000160,0.059406,0.5,53.1
179000000000000004,180000000000000006,2025-05-04,543,51,80433660,1577131,0.093923,1.52,121.16
179000000000000004,180000000000000007,2025-05-04,209,13,28019558,2155351,0.062201,0.33,35.09
179000000000000005,180000000000000008,2025-05-04,531,55,36005770,654650,0.103578,2.56,260.02
179000000000000001,180000000000000001,2025-05-05,2071,50,47799907,955998,0.024143,0.45,51.29
179000000000000001,180000000000000002,2025-05-05,1117,34,32387335,952569,0.030439,0.24,25.09
179000000000000002,180000000000000003,2025-05-05,518,27,19450030,720371,0.052124,0.92,49.4
179000000000000002,180000000000000004,2025-05-05,591,22,20643590,938345,0.037225,0.92,49.97
179000000000000003,180000000000000005,2025-05-05,692,30,26729081,890969,0.043353,0.52,27.71
179000000000000004,180000000000000006,2025-05-05,377,26,56140885,2159265,0.068966,0.63,43.75
179000000000000004,180000000000000007,2025-05-05,292,24,37410898,1558787,0.082192,0.59,64.67
179000000000000005,180000000000000008,2025-05-05,362,38,15043447,395880,0.104972,1.96,120.19
179000000000000001,180000000000000001,2025-05-06,3341,84,62381429,742636,0.025142,0.72,74.95
179000000000000001,180000000000000002,2025-05-06,910,32,39036539,1219892,0.035165,0.27,35.52
179000000000000002,180000000000000003,2025-05-06,567,35,27411626,783189,0.061728,1.19,85.18
179000000000000002,180000000000000004,2025-05-06,198,14,9939800,709986,0.070707,0.4,54.23
179000000000000003,180000000000000005,2025-05-06,538,29,33805988,1165724,0.053903,0.33,29.6
179000000000000004,180000000000000006,2025-05-06,391,34,71987340,2117275,0.086957,0.95,59.77
179000000000000004,180000000000000007,2025-05-06,358,29,46333620,1597711,0.081006,0.96,91.72
179000000000000005,180000000000000008,2025-05-06,712,75,33805990,450747,0.105337,3.99,388.97
179000000000000001,180000000000000001,2025-05-07,3039,71,57355866,807829,0.023363,0.52,37.78
179000000000000001,180000000000000002,2025-05-07,1132,35,35011350,1000324,0.030919,0.29,24.21
179000000000000002,180000000000000003,2025-05-07,551,36,26123300,725647,0.065336,1.35,130.54
179000000000000002,180000000000000004,2025-05-07,474,28,20060309,716440,0.059072,0.98,63.4
179000000000000003,180000000000000005,2025-05-07,567,27,30789072,1140336,0.047619,0.41,53.05
179000000000000004,180000000000000006,2025-05-07,512,42,69996689,1666588,0.082031,1.23,150.98
179000000000000004,180000000000000007,2025-05-07,282,23,37765062,1641959,0.08156,0.66,47.84
179000000000000005,180000000000000008,2025-05-07,622,70,30789072,439844,0.11254,3.24,346.5
179000000000000001,180000000000000001,2025-05-08,2041,46,39398017,856479,0.022538,0.32,28.37
179000000000000001,180000000000000002,2025-05-08,1848,55,35966243,653932,0.029762,0.46,39.91
179000000000000002,180000000000000003,2025-05-08,441,27,25045440,927609,0.061224,0.77,79.48
179000000000000002,180000000000000004,2025-05-08,532,28,21862847,780816,0.052632,0.97,103.77
179000000000000003,180000000000000005,2025-05-08,483,15,16145727,1076382,0.031056,0.2,18.33
179000000000000004,180000000000000006,2025-05-08,392,39,64722432,1659550,0.09949,1.2,75.65
179000000000000004,180000000000000007,2025-05-08,363,29,44730240,1542422,0.07989,0.73,62.71
179000000000000005,180000000000000008,2025-05-08,627,71,31272191,440453,0.113238,2.73,265.57
179000000000000001,180000000000000001,2025-05-09,1698,55,45836123,833384,0.032391,0.54,45.09
179000000000000001,180000000000000002,2025-05-09,1726,35,40049901,1144283,0.020278,0.3,13.22
179000000000000002,180000000000000003,2025-05-09,844,36,27046052,751279,0.042654,1.32,143.38
179000000000000002,180000000000000004,2025-05-09,610,30,24199708,806657,0.04918,1.1,128.22
179000000000000003,180000000000000005,2025-05-09,784,39,34163840,875996,0.049745,0.48,61.52
179000000000000004,180000000000000006,2025-05-09,419,32,73775014,2305469,0.076372,0.88,97.93
179000000000000004,180000000000000007,2025-05-09,312,19,45798427,2410444,0.060897,0.51,55.4
179000000000000005,180000000000000008,2025-05-09,706,79,34163841,432454,0.111898,2.89,160.17
179000000000000001,180000000000000001,2025-05-10,2682,55,52674945,957726,0.020507,0.39,40.58
179000000000000001,180000000000000002,2025-05-10,1754,35,31708896,905968,0.019954,0.35,26.3
179000000000000002,180000000000000003,2025-05-10,519,34,21112152,620946,0.065511,1.13,96.77
179000000000000002,180000000000000004,2025-05-10,520,34,21079767,619993,0.065385,1.03,81.08
179000000000000003,180000000000000005,2025-05-10,546,26,28127947,1081844,0.047619,0.29,33.93
179000000000000004,180000000000000006,2025-05-10,489,37,60976208,1648006,0.075665,0.82,71.6
179000000000000004,180000000000000007,2025-05-10,330,20,37471606,1873580,0.060606,0.58,52.09
179000000000000005,180000000000000008,2025-05-10,596,60,28127947,468799,0.100671,2.71,274.09
179000000000000001,180000000000000001,2025-05-11,2560,58,68150881,1175015,0.022656,0.58,42.41
179000000000000001,180000000000000002,2025-05-11,1243,37,35543310,960630,0.029767,0.23,24.96
179000000000000002,180000000000000003,2025-05-11,402,27,23931621,886356,0.067164,1.1,111.41
179000000000000002,180000000000000004,2025-05-11,646,32,27915474,872359,0.049536,1.04,92.41
179000000000000003,180000000000000005,2025-05-11,800,41,34564731,843042,0.05125,0.68,75.21
179000000000000004,180000000000000006,2025-05-11,397,35,70799118,2022832,0.088161,0.99,87.23
179000000000000004,180000000000000007,2025-05-11,382,26,50177439,1929902,0.068063,0.74,82.06
179000000000000005,180000000000000008,2025-05-11,829,76,34564731,454799,0.091677,3.19,345.51
179000000000000001,180000000000000001,2025-05-12,1949,41,43884002,1070342,0.021036,0.35,28.92
179000000000000001,180000000000000002,2025-05-12,2000,44,32263093,733252,0.022,0.34,37.69
179000000000000002,180000000000000003,2025-05-12,441,24,15643803,651825,0.054422,0.89,95.55
179000000000000002,180000000000000004,2025-05-12,414,25,22429745,897190,0.060386,0.71,53.24
179000000000000003,180000000000000005,2025-05-12,449,23,25382365,1103581,0.051225,0.32,35.61
179000000000000004,180000000000000006,2025-05-12,369,29,50979529,1757915,0.078591,0.89,99.66
179000000000000004,180000000000000007,2025-05-12,330,24,37858748,1577448,0.072727,0.66,70.32
179000000000000005,180000000000000008,2025-05-12,374,38,16173198,425610,0.101604,1.58,154.46
179000000000000001,180000000000000001,2025-05-13,2006,54,46699568,864807,0.026919,0.35,34.89
179000000000000001,180000000000000002,2025-05-13,1404,36,25075858,696552,0.025641,0.25,27.94
179000000000000002,180000000000000003,2025-05-13,302,19,15524924,817101,0.062914,0.65,59.91
179000000000000002,180000000000000004,2025-05-13,419,22,20362789,925581,0.052506,0.68,57.91
179000000000000003,180000000000000005,2025-05-13,565,27,23925142,886116,0.047788,0.47,40.85
179000000000000004,180000000000000006,2025-05-13,385,34,49940967,1468852,0.088312,0.79,87.37
179000000000000004,180000000000000007,2025-05-13,199,17,33797030,1988061,0.085427,0.51,32.23
179000000000000005,180000000000000008,2025-05-13,453,56,23925142,427235,0.12362,2.89,271.62
179000000000000001,180000000000000001,2025-05-14,2166,50,59777822,1195556,0.023084,0.35,26.93
179000000000000001,180000000000000002,2025-05-14,2104,57,35869320,629286,0.027091,0.57,57.38
179000000000000002,180000000000000003,2025-05-14,437,29,23067269,795423,0.066362,0.98,124.19
179000000000000002,180000000000000004,2025-05-14,910,39,24756303,634777,0.042857,1.25,134.81
179000000000000003,180000000000000005,2025-05-14,905,37,31882381,861686,0.040884,0.41,41.86
179000000000000004,180000000000000006,2025-05-14,459,42,64610400,1538343,0.091503,1.24,110.03
179000000000000004,180000000000000007,2025-05-14,295,24,46977933,1957414,0.081356,0.78,47.83
179000000000000005,180000000000000008,2025-05-14,761,74,31882380,430843,0.09724,3.71,217.53
179000000000000001,180000000000000001,2025-05-15,2035,56,57561273,1027880,0.027518,0.51,39.21
179000000000000001,180000000000000002,2025-05-15,2015,40,48027237,1200681,0.019851,0.26,22.43
179000000000000002,180000000000000003,2025-05-15,316,18,16741179,930066,0.056962,0.76,89.86
179000000000000002,180000000000000004,2025-05-15,393,26,19692296,757396,0.066158,0.92,92.06
179000000000000003,180000000000000005,2025-05-15,687,33,35196170,1066551,0.048035,0.41,27.81
179000000000000004,180000000000000006,2025-05-15,719,42,67685493,1611559,0.058414,1.03,106.43
179000000000000004,180000000000000007,2025-05-15,398,28,55501103,1982182,0.070352,0.85,65.97
179000000000000005,180000000000000008,2025-05-15,638,67,35196170,525316,0.105016,3.21,312.3
179000000000000001,180000000000000001,2025-05-16,2311,57,60093065,1054264,0.024665,0.57,49.1
179000000000000001,180000000000000002,2025-05-16,1309,36,30331469,842541,0.027502,0.36,38.48
179000000000000002,180000000000000003,2025-05-16,496,27,20764731,769064,0.054435,0.92,78.67
179000000000000002,180000000000000004,2025-05-16,623,34,24447536,719045,0.054575,1.18,72.89
179000000000000003,180000000000000005,2025-05-16,749,36,30141511,837264,0.048064,0.58,66.5
179000000000000004,180000000000000006,2025-05-16,474,38,60810427,1600274,0.080169,1.14,119.65
179000000000000004,180000000000000007,2025-05-16,340,23,44684862,1942820,0.067647,0.61,46.5
179000000000000005,180000000000000008,2025-05-16,626,72,30141511,418632,0.115016,3.21,303.3
179000000000000001,180000000000000001,2025-05-17,3064,66,51176128,775396,0.02154,0.49,38.63
179000000000000001,180000000000000002,2025-05-17,892,25,32929916,1317197,0.028027,0.17,9.76
179000000000000002,180000000000000003,2025-05-17,439,34,19255804,566347,0.077449,0.95,78.06
179000000000000002,180000000000000004,2025-05-17,537,33,22797218,690825,0.061453,1.15,137.81
179000000000000003,180000000000000005,2025-05-17,587,26,28035348,1078283,0.044293,0.43,35.95
179000000000000004,180000000000000006,2025-05-17,340,28,58234880,2079817,0.082353,0.75,66.06
179000000000000004,180000000000000007,2025-05-17,368,24,39888839,1662035,0.065217,0.66,38.17
179000000000000005,180000000000000008,2025-05-17,856,77,28035348,364095,0.089953,3.4,354.25
179000000000000001,180000000000000001,2025-05-18,3340,79,63475070,803482,0.023653,0.55,57.02
179000000000000001,180000000000000002,2025-05-18,1474,38,36906236,971217,0.02578,0.39,31.08
179000000000000002,180000000000000003,2025-05-18,560,30,22707929,756931,0.053571,1.08,117.96
179000000000000002,180000000000000004,2025-05-18,898,41,27482724,670310,0.045657,1.32,143.06
179000000000000003,180000000000000005,2025-05-18,780,34,33460435,984130,0.04359,0.61,57.79
179000000000000004,180000000000000006,2025-05-18,455,40,70041933,1751048,0.087912,0.98,112.84
179000000000000004,180000000000000007,2025-05-18,305,23,47069590,2046504,0.07541,0.49,34.92
179000000000000005,180000000000000008,2025-05-18,342,36,21714199,603172,0.105263,1.6,145.92
179000000000000001,180000000000000001,2025-05-19,1796,43,50231799,1168181,0.023942,0.35,29.41
179000000000000001,180000000000000002,2025-05-19,1995,43,38275299,890123,0.021554,0.31,29.13
179000000000000002,180000000000000003,2025-05-19,360,26,21246498,817173,0.072222,0.75,70.39
179000000000000002,180000000000000004,2025-05-19,873,35,23007051,657344,0.040092,1.34,150.7
179000000000000003,180000000000000005,2025-05-19,917,34,29502366,867717,0.037077,0.46,34.12
179000000000000004,180000000000000006,2025-05-19,375,35,62126695,1775048,0.093333,0.97,112.87
179000000000000004,180000000000000007,2025-05-19,352,20,41131585,2056579,0.056818,0.55,53.09
179000000000000005,180000000000000008,2025-05-19,760,76,29502366,388189,0.1,3.8,385.32
179000000000000001,180000000000000001,2025-05-20,2553,59,73762660,1250215,0.02311,0.5,43.24
179000000000000001,180000000000000002,2025-05-20,1269,32,38825292,1213290,0.025217,0.27,12.93
179000000000000002,180000000000000003,2025-05-20,639,31,25879818,834833,0.048513,1.21,105.72
179000000000000002,180000000000000004,2025-05-20,773,46,30414158,661177,0.059508,1.45,71.36
179000000000000003,180000000000000005,2025-05-20,824,47,37529318,798496,0.057039,0.69,78.59
179000000000000004,180000000000000006,2025-05-20,428,39,76056342,1950163,0.091121,1.21,137.32
179000000000000004,180000000000000007,2025-05-20,357,28,55296268,1974867,0.078431,0.66,79.92
179000000000000005,180000000000000008,2025-05-20,844,90,37529317,416992,0.106635,3.93,410.29
179000000000000001,180000000000000001,2025-05-21,1914,52,46000643,884628,0.027168,0.48,32.95
179000000000000001,180000000000000002,2025-05-21,1422,42,37695881,897521,0.029536,0.38,44.03
179000000000000002,180000000000000003,2025-05-21,524,31,24321853,784576,0.05916,1.04,99.08
179000000000000002,180000000000000004,2025-05-21,809,34,28250746,830904,0.042027,1.06,71.79
179000000000000003,180000000000000005,2025-05-21,838,32,35048399,1095262,0.038186,0.56,44.8
179000000000000004,180000000000000006,2025-05-21,480,39,68429356,1754599,0.08125,1.22,94.07
179000000000000004,180000000000000007,2025-05-21,395,29,54240039,1870346,0.073418,0.84,83.5
179000000000000005,180000000000000008,2025-05-21,891,70,35048399,500691,0.078563,3.38,386.96
179000000000000001,180000000000000001,2025-05-22,2301,59,60481222,1025105,0.025641,0.46,29.74
179000000000000001,180000000000000002,2025-05-22,1055,30,35188161,1172939,0.028436,0.21,14.68
179000000000000002,180000000000000003,2025-05-22,580,33,21335242,646522,0.056897,1.25,102.41
179000000000000002,180000000000000004,2025-05-22,578,33,26499450,803014,0.057093,0.9,114.39
179000000000000003,180000000000000005,2025-05-22,534,28,31889795,1138921,0.052434,0.32,27.34
179000000000000004,180000000000000006,2025-05-22,552,33,67601636,2048534,0.059783,0.88,91.64
179000000000000004,180000000000000007,2025-05-22,304,21,44012644,2095840,0.069079,0.51,38.68
179000000000000005,180000000000000008,2025-05-22,503,49,31889795,650812,0.097416,2.07,146.99
179000000000000001,180000000000000001,2025-05-23,2433,50,45478221,909564,0.020551,0.39,33.8
179000000000000001,180000000000000002,2025-05-23,1735,44,40385090,917843,0.02536,0.31,31.56
179000000000000002,180000000000000003,2025-05-23,423,28,18868390,673871,0.066194,1.23,116.85
179000000000000002,180000000000000004,2025-05-23,583,28,24063265,859402,0.048027,1.05,109.95
179000000000000003,180000000000000005,2025-05-23,260,12,15640774,1303398,0.046154,0.2,24.84
179000000000000004,180000000000000006,2025-05-23,468,40,56364946,1409124,0.08547,0.99,83.87
179000000000000004,180000000000000007,2025-05-23,276,23,43808915,1904735,0.083333,0.66,38.69
179000000000000005,180000000000000008,2025-05-23,330,33,19007037,575971,0.1,1.35,137.58
179000000000000001,180000000000000001,2025-05-24,1902,48,56945951,1186374,0.025237,0.36,24.11
179000000000000001,180000000000000002,2025-05-24,1341,36,37589070,1044141,0.026846,0.3,35.49
179000000000000002,180000000000000003,2025-05-24,476,30,24110353,803678,0.063025,1.22,107.2
179000000000000002,180000000000000004,2025-05-24,580,28,23157157,827041,0.048276,1.09,105.75
179000000000000003,180000000000000005,2025-05-24,533,25,31511673,1260467,0.046904,0.37,34.8
179000000000000004,180000000000000006,2025-05-24,483,33,64771690,1962778,0.068323,0.98,108.66
179000000000000004,180000000000000007,2025-05-24,288,26,45519166,1750737,0.090278,0.68,58.57
179000000000000005,180000000000000008,2025-05-24,659,60,31511674,525195,0.091047,2.13,263.8
179000000000000001,180000000000000001,2025-05-25,1739,39,49943328,1280598,0.022427,0.35,25.31
179000000000000001,180000000000000002,2025-05-25,1536,45,37506127,833469,0.029297,0.35,39.43
179000000000000002,180000000000000003,2025-05-25,669,34,18271130,537386,0.050822,1.22,105.1
179000000000000002,180000000000000004,2025-05-25,682,32,25453598,795425,0.046921,1.14,74.36
179000000000000003,180000000000000005,2025-05-25,672,25,29149818,1165993,0.037202,0.39,18.98
179000000000000004,180000000000000006,2025-05-25,481,37,45464539,1228771,0.076923,0.91,96.53
179000000000000004,180000000000000007,2025-05-25,295,20,36147350,1807368,0.067797,0.62,32.82
179000000000000005,180000000000000008,2025-05-25,842,86,29149817,338951,0.102138,3.9,452.69
179000000000000001,180000000000000001,2025-05-26,2028,46,47191445,1025901,0.022682,0.36,37.29
179000000000000001,180000000000000002,2025-05-26,1333,27,24973098,924930,0.020255,0.23,18.06
179000000000000002,180000000000000003,2025-05-26,469,25,18968773,758751,0.053305,0.82,75.08
179000000000000002,180000000000000004,2025-05-26,538,27,17113498,633833,0.050186,0.74,85.59
179000000000000003,180000000000000005,2025-05-26,442,23,24054847,1045863,0.052036,0.28,23.62
179000000000000004,180000000000000006,2025-05-26,358,23,53910035,2343915,0.064246,0.64,52.92
179000000000000004,180000000000000007,2025-05-26,291,16,30281930,1892621,0.054983,0.48,60.6
179000000000000005,180000000000000008,2025-05-26,321,40,15511318,387783,0.124611,1.69,189.07
179000000000000001,180000000000000001,2025-05-27,1057,35,39455698,1127306,0.033113,0.29,34.58
179000000000000001,180000000000000002,2025-05-27,1158,23,24833602,1079722,0.019862,0.21,21.47
179000000000000002,180000000000000003,2025-05-27,431,23,14946397,649843,0.053364,0.81,35.59
179000000000000002,180000000000000004,2025-05-27,398,21,17198252,818964,0.052764,0.75,54.43
179000000000000003,180000000000000005,2025-05-27,301,16,12372170,773261,0.053156,0.27,29.93
179000000000000004,180000000000000006,2025-05-27,376,32,43963638,1373864,0.085106,0.84,82.64
179000000000000004,180000000000000007,2025-05-27,184,14,31040544,2217182,0.076087,0.39,33.94
179000000000000005,180000000000000008,2025-05-27,556,58,21429766,369479,0.104317,2.3,189.57
179000000000000001,180000000000000001,2025-05-28,3015,64,53665550,838524,0.021227,0.6,34.63
179000000000000001,180000000000000002,2025-05-28,1034,28,27105981,968071,0.027079,0.22,17.31
179000000000000002,180000000000000003,2025-05-28,459,29,21211580,731434,0.063181,0.79,85.91
179000000000000002,180000000000000004,2025-05-28,417,25,19174186,766967,0.059952,0.95,100.85
179000000000000003,180000000000000005,2025-05-28,820,33,26923844,815874,0.040244,0.46,38.43
179000000000000004,180000000000000006,2025-05-28,474,34,54768666,1610843,0.07173,0.82,88.46
179000000000000004,180000000000000007,2025-05-28,236,19,39464788,2077094,0.080508,0.46,48.35
179000000000000005,180000000000000008,2025-05-28,312,29,16610619,572780,0.092949,1.31,79.43
179000000000000001,180000000000000001,2025-05-29,1496,44,35647806,810177,0.029412,0.33,20.95
179000000000000001,180000000000000002,2025-05-29,713,19,19445067,1023425,0.026648,0.14,14.39
179000000000000002,180000000000000003,2025-05-29,249,16,13666128,854133,0.064257,0.53,54.24
179000000000000002,180000000000000004,2025-05-29,455,18,13880308,771128,0.03956,0.74,56.72
179000000000000003,180000000000000005,2025-05-29,327,16,18364291,1147768,0.04893,0.3,30.61
179000000000000004,180000000000000006,2025-05-29,335,22,39403688,1791077,0.065672,0.55,38.53
179000000000000004,180000000000000007,2025-05-29,171,11,24871330,2261030,0.064327,0.35,30.24
179000000000000005,180000000000000008,2025-05-29,437,39,18364291,470879,0.089245,1.86,134.85
179000000000000001,180000000000000001,2025-05-30,2196,53,41778650,788276,0.024135,0.37,37.08
179000000000000001,180000000000000002,2025-05-30,1278,30,25215665,840522,0.023474,0.24,22.11
179000000000000002,180000000000000003,2025-05-30,350,24,14323746,596823,0.068571,0.72,55.09
179000000000000002,180000000000000004,2025-05-30,516,26,19173411,737439,0.050388,1.01,113.11
179000000000000003,180000000000000005,2025-05-30,421,22,22331438,1015065,0.052257,0.37,39.31
179000000000000004,180000000000000006,2025-05-30,281,26,46397182,1784507,0.092527,0.78,71.94
179000000000000004,180000000000000007,2025-05-30,172,15,31762850,2117523,0.087209,0.44,53.59
179000000000000005,180000000000000008,2025-05-30,396,48,22331438,465238,0.121212,2.06,208.56
179000000000000001,180000000000000001,2025-05-31,1742,40,44448643,1111216,0.022962,0.3,28.83
179000000000000001,180000000000000002,2025-05-31,1342,45,40915074,909224,0.033532,0.44,45.3
179000000000000002,180000000000000003,2025-05-31,448,25,19887046,795482,0.055804,0.96,119.72
179000000000000002,180000000000000004,2025-05-31,660,31,22794812,735317,0.04697,1.07,82.36
179000000000000003,180000000000000005,2025-05-31,439,29,28454572,981192,0.066059,0.41,43.22
179000000000000004,180000000000000006,2025-05-31,461,36,57129550,1586932,0.078091,1.04,66.31
179000000000000004,180000000000000007,2025-05-31,221,20,42461453,2123073,0.090498,0.69,73.03
179000000000000005,180000000000000008,2025-05-31,573,70,28454573,406494,0.122164,2.93,335.97
179000000000000001,180000000000000001,2025-06-01,2132,56,48103474,858991,0.026266,0.54,50.28
179000000000000001,180000000000000002,2025-06-01,1032,27,24044232,890527,0.026163,0.21,25.86
179000000000000002,180000000000000003,2025-06-01,378,22,18122073,823731,0.058201,0.86,59.32
179000000000000002,180000000000000004,2025-06-01,400,22,17951779,815990,0.055,0.95,111.71
179000000000000003,180000000000000005,2025-06-01,468,24,24049235,1002051,0.051282,0.38,39.65
179000000000000004,180000000000000006,2025-06-01,273,19,42883140,2257007,0.069597,0.6,62.15
179000000000000004,180000000000000007,2025-06-01,327,22,41289182,1876781,0.067278,0.64,68.02
179000000000000005,180000000000000008,2025-06-01,306,27,16672939,617516,0.088235,1.06,134.21
179000000000000001,180000000000000001,2025-06-02,1756,38,35879039,944185,0.02164,0.29,27.26
179000000000000001,180000000000000002,2025-06-02,942,26,26929366,1035745,0.027601,0.19,17.45
179000000000000002,180000000000000003,2025-06-02,403,25,16748902,669956,0.062035,1.04,101.13
179000000000000002,180000000000000004,2025-06-02,417,18,14655300,814183,0.043165,0.69,51.88
179000000000000003,180000000000000005,2025-06-02,456,18,20936135,1163119,0.039474,0.2,20.51
179000000000000004,180000000000000006,2025-06-02,205,19,43572705,2293300,0.092683,0.63,69.07
179000000000000004,180000000000000007,2025-06-02,155,9,11487023,1276336,0.058065,0.32,33.61
179000000000000005,180000000000000008,2025-06-02,447,49,20936135,427268,0.10962,2.27,259.39
179000000000000001,180000000000000001,2025-06-03,872,29,32156906,1108859,0.033257,0.2,13.34
179000000000000001,180000000000000002,2025-06-03,1022,28,34268654,1223880,0.027397,0.2,15.16
179000000000000002,180000000000000003,2025-06-03,482,31,18657094,601842,0.064315,1.09,118.88
179000000000000002,180000000000000004,2025-06-03,630,34,21643112,636562,0.053968,0.93,122.65
179000000000000003,180000000000000005,2025-06-03,280,14,16079895,1148564,0.05,0.15,12.76
179000000000000004,180000000000000006,2025-06-03,443,33,57602173,1745520,0.074492,0.94,68.6
179000000000000004,180000000000000007,2025-06-03,294,19,36431639,1917455,0.064626,0.54,43.45
179000000000000005,180000000000000008,2025-06-03,629,61,26866803,440439,0.096979,3.3,173.72
179000000000000001,180000000000000001,2025-06-04,1970,48,41176047,857834,0.024365,0.37,28.12
179000000000000001,180000000000000002,2025-06-04,1684,41,32032490,781280,0.024347,0.34,27.88
179000000000000002,180000000000000003,2025-06-04,434,27,14874291,550900,0.062212,0.99,72.72
179000000000000002,180000000000000004,2025-06-04,525,24,21729976,905416,0.045714,0.83,55.01
179000000000000003,180000000000000005,2025-06-04,587,27,24402846,903809,0.045997,0.38,38.82
179000000000000004,180000000000000006,2025-06-04,290,27,50409258,1867010,0.093103,0.73,70.02
179000000000000004,180000000000000007,2025-06-04,219,18,35000702,1944483,0.082192,0.47,34.21
179000000000000005,180000000000000008,2025-06-04,492,36,14980916,416137,0.073171,1.91,199.44
179000000000000001,180000000000000001,2025-06-05,1611,42,43393413,1033176,0.026071,0.38,28.27
179000000000000001,180000000000000002,2025-06-05,667,20,21600718,1080036,0.029985,0.16,13.98
179000000000000002,180000000000000003,2025-06-05,575,25,16923666,676947,0.043478,0.67,54.74
179000000000000002,180000000000000004,2025-06-05,480,25,15573399,622936,0.052083,0.94,57.99
179000000000000003,180000000000000005,2025-06-05,479,23,21664710,941944,0.048017,0.38,32.22
179000000000000004,180000000000000006,2025-06-05,235,22,44731943,2033270,0.093617,0.74,62.26
179000000000000004,180000000000000007,2025-06-05,287,21,31094542,1480692,0.073171,0.66,49.69
179000000000000005,180000000000000008,2025-06-05,640,52,21664710,416629,0.08125,2.05,174.06
179000000000000001,180000000000000001,2025-06-06,1958,44,43954813,998973,0.022472,0.37,30.82
179000000000000001,180000000000000002,2025-06-06,1409,32,24369715,761554,0.022711,0.24,24.81
179000000000000002,180000000000000003,2025-06-06,312,17,9967881,586346,0.054487,0.49,50.72
179000000000000002,180000000000000004,2025-06-06,418,22,17522142,796461,0.052632,0.8,88.42
179000000000000003,180000000000000005,2025-06-06,639,23,22774843,990211,0.035994,0.35,34.48
179000000000000004,180000000000000006,2025-06-06,338,28,48178342,1720655,0.08284,0.71,75.2
179000000000000004,180000000000000007,2025-06-06,162,14,31533607,2252400,0.08642,0.47,21.79
179000000000000005,180000000000000008,2025-06-06,277,31,15340154,494844,0.111913,1.42,120.16
179000000000000001,180000000000000001,2025-06-07,614,19,19196424,1010338,0.030945,0.18,20.54
179000000000000001,180000000000000002,2025-06-07,784,22,22815649,1037075,0.028061,0.18,16.8
179000000000000002,180000000000000003,2025-06-07,422,19,15029607,791032,0.045024,0.67,58.16
179000000000000002,180000000000000004,2025-06-07,140,8,5526453,690807,0.057143,0.28,31.2
179000000000000003,180000000000000005,2025-06-07,305,17,17845119,1049713,0.055738,0.32,27.76
179000000000000004,180000000000000006,2025-06-07,301,20,36891612,1844581,0.066445,0.5,32.84
179000000000000004,180000000000000007,2025-06-07,172,13,25566306,1966639,0.075581,0.4,39.45
179000000000000005,180000000000000008,2025-06-07,369,38,17845119,469608,0.102981,2.0,213.66
179000000000000001,180000000000000001,2025-06-08,2046,46,41543033,903109,0.022483,0.36,29.56
179000000000000001,180000000000000002,2025-06-08,751,25,31563194,1262528,0.033289,0.17,13.24
179000000000000002,180000000000000003,2025-06-08,377,26,19350393,744246,0.068966,1.0,90.08
179000000000000002,180000000000000004,2025-06-08,437,26,17202720,661643,0.059497,1.01,66.47
179000000000000003,180000000000000005,2025-06-08,514,24,24368742,1015364,0.046693,0.45,45.17
179000000000000004,180000000000000006,2025-06-08,361,26,49476455,1902941,0.072022,0.68,74.05
179000000000000004,180000000000000007,2025-06-08,216,20,35814143,1790707,0.092593,0.65,74.01
179000000000000005,180000000000000008,2025-06-08,476,56,24368743,435156,0.117647,2.18,256.88
179000000000000001,180000000000000001,2025-06-09,755,27,29796928,1103590,0.035762,0.21,19.22
179000000000000001,180000000000000002,2025-06-09,911,23,23539167,1023442,0.025247,0.16,17.96
179000000000000002,180000000000000003,2025-06-09,391,22,18933562,860616,0.056266,0.65,71.28
179000000000000002,180000000000000004,2025-06-09,353,23,15554130,676267,0.065156,0.89,89.09
179000000000000003,180000000000000005,2025-06-09,717,24,22991795,957991,0.033473,0.39,31.94
179000000000000004,180000000000000006,2025-06-09,375,32,51485954,1608936,0.085333,0.89,62.82
179000000000000004,180000000000000007,2025-06-09,203,13,28985330,2229641,0.064039,0.34,31.18
179000000000000005,180000000000000008,2025-06-09,390,40,22991795,574795,0.102564,1.48,159.08
179000000000000001,180000000000000001,2025-06-10,1562,45,46484010,1032978,0.028809,0.38,29.41
179000000000000001,180000000000000002,2025-06-10,1043,31,33051331,1066172,0.029722,0.3,29.93
179000000000000002,180000000000000003,2025-06-10,589,32,19962845,623839,0.054329,0.84,103.61
179000000000000002,180000000000000004,2025-06-10,579,29,19804825,682925,0.050086,0.9,100.65
179000000000000003,180000000000000005,2025-06-10,561,34,26511780,779758,0.060606,0.56,37.31
179000000000000004,180000000000000006,2025-06-10,567,40,59274314,1481858,0.070547,1.1,59.02
179000000000000004,180000000000000007,2025-06-10,93,6,13409258,2234876,0.064516,0.21,27.31
179000000000000005,180000000000000008,2025-06-10,531,46,18077475,392989,0.086629,2.4,200.08
179000000000000001,180000000000000001,2025-06-11,1734,34,42666751,1254904,0.019608,0.32,31.07
179000000000000001,180000000000000002,2025-06-11,850,28,25484229,910151,0.032941,0.19,10.87
179000000000000002,180000000000000003,2025-06-11,134,12,10123683,843640,0.089552,0.46,39.12
179000000000000002,180000000000000004,2025-06-11,367,17,16571598,974800,0.046322,0.7,60.33
179000000000000003,180000000000000005,2025-06-11,405,20,22716993,1135850,0.049383,0.3,26.13
179000000000000004,180000000000000006,2025-06-11,343,25,45563478,1822539,0.072886,0.73,70.59
179000000000000004,180000000000000007,2025-06-11,262,20,33945998,1697300,0.076336,0.54,37.72
179000000000000005,180000000000000008,2025-06-11,530,58,22716994,391672,0.109434,2.45,183.25
179000000000000001,180000000000000001,2025-06-12,1454,36,37851024,1051417,0.024759,0.35,20.2
179000000000000001,180000000000000002,2025-06-12,933,31,24899529,803211,0.033226,0.31,27.81
179000000000000002,180000000000000003,2025-06-12,336,24,15028331,626180,0.071429,0.8,81.48
179000000000000002,180000000000000004,2025-06-12,212,10,9539782,953978,0.04717,0.3,16.2
179000000000000003,180000000000000005,2025-06-12,390,19,20916851,1100887,0.048718,0.34,30.75
179000000000000004,180000000000000006,2025-06-12,171,17,30969546,1821738,0.099415,0.48,33.84
179000000000000004,180000000000000007,2025-06-12,220,17,29492557,1734856,0.077273,0.45,48.67
179000000000000005,180000000000000008,2025-06-12,485,44,20916851,475383,0.090722,2.36,244.01
179000000000000001,180000000000000001,2025-06-13,1197,33,29047165,880217,0.027569,0.22,23.08
179000000000000001,180000000000000002,2025-06-13,1195,35,32268248,921950,0.029289,0.28,22.43
179000000000000002,180000000000000003,2025-06-13,323,17,15705047,923826,0.052632,0.63,81.06
179000000000000002,180000000000000004,2025-06-13,445,25,20431868,817275,0.05618,0.68,80.1
179000000000000003,180000000000000005,2025-06-13,452,21,24091277,1147204,0.04646,0.33,28.51
179000000000000004,180000000000000006,2025-06-13,340,29,51937735,1790956,0.085294,1.04,81.56
179000000000000004,180000000000000007,2025-06-13,234,16,32381732,2023858,0.068376,0.46,25.71
179000000000000005,180000000000000008,2025-06-13,487,41,24091276,587592,0.084189,1.63,149.31
179000000000000001,180000000000000001,2025-06-14,2703,63,62470176,991590,0.023307,0.5,42.99
179000000000000001,180000000000000002,2025-06-14,1420,44,36272056,824365,0.030986,0.35,23.93
179000000000000002,180000000000000003,2025-06-14,716,30,23532372,784412,0.041899,1.26,71.32
179000000000000002,180000000000000004,2025-06-14,602,30,25838744,861291,0.049834,0.83,71.63
179000000000000003,180000000000000005,2025-06-14,874,37,32914077,889570,0.042334,0.47,50.9
179000000000000004,180000000000000006,2025-06-14,269,24,39647491,1651979,0.089219,0.75,78.7
179000000000000004,180000000000000007,2025-06-14,325,30,54797792,1826593,0.092308,0.85,66.96
179000000000000005,180000000000000008,2025-06-14,631,65,32914078,506370,0.103011,3.34,218.83
179000000000000001,180000000000000001,2025-06-15,1221,30,20609355,686978,0.02457,0.24,19.36
179000000000000001,180000000000000002,2025-06-15,1354,39,27437429,703524,0.028804,0.33,28.02
179000000000000002,180000000000000003,2025-06-15,408,20,15417533,770877,0.04902,0.6,65.65
179000000000000002,180000000000000004,2025-06-15,524,22,15450510,702296,0.041985,0.74,76.78
179000000000000003,180000000000000005,2025-06-15,375,19,20578695,1083089,0.050667,0.23,13.86
179000000000000004,180000000000000006,2025-06-15,325,27,42445992,1572074,0.083077,0.81,59.08
179000000000000004,180000000000000007,2025-06-15,215,18,29579440,1643302,0.083721,0.42,24.69
179000000000000005,180000000000000008,2025-06-15,518,50,20578695,411574,0.096525,2.35,214.24
179000000000000001,180000000000000001,2025-06-16,1225,31,36020374,1161948,0.025306,0.26,19.54
179000000000000001,180000000000000002,2025-06-16,732,27,20944862,775736,0.036885,0.26,27.46
179000000000000002,180000000000000003,2025-06-16,267,19,12796121,673480,0.071161,0.77,58.9
179000000000000002,180000000000000004,2025-06-16,376,18,15686496,871472,0.047872,0.5,44.8
179000000000000003,180000000000000005,2025-06-16,445,19,18988412,999390,0.042697,0.29,23.84
179000000000000004,180000000000000006,2025-06-16,288,27,45570340,1687790,0.09375,0.74,61.74
179000000000000004,180000000000000007,2025-06-16,61,5,12092693,2418539,0.081967,0.13,10.61
179000000000000005,180000000000000008,2025-06-16,332,35,18988412,542526,0.105422,1.73,166.94
179000000000000001,180000000000000001,2025-06-17,1489,41,42423704,1034724,0.027535,0.29,35.86
179000000000000001,180000000000000002,2025-06-17,743,20,18587525,929376,0.026918,0.15,20.71
179000000000000002,180000000000000003,2025-06-17,375,21,18665332,888825,0.056,0.57,48.62
179000000000000002,180000000000000004,2025-06-17,134,8,7154856,894357,0.059701,0.28,19.46
179000000000000003,180000000000000005,2025-06-17,402,25,24129540,965182,0.062189,0.39,29.97
179000000000000004,180000000000000006,2025-06-17,292,27,51232606,1897504,0.092466,0.67,66.92
179000000000000004,180000000000000007,2025-06-17,246,17,33220783,1954164,0.069106,0.58,55.74
179000000000000005,180000000000000008,2025-06-17,441,48,24129540,502699,0.108844,1.89,215.83
179000000000000001,180000000000000001,2025-06-18,1250,33,38819096,1176336,0.0264,0.26,16.38
179000000000000001,180000000000000002,2025-06-18,1393,40,27617346,690434,0.028715,0.36,35.79
179000000000000002,180000000000000003,2025-06-18,442,25,12870326,514813,0.056561,0.85,88.71
179000000000000002,180000000000000004,2025-06-18,489,27,20347896,753626,0.055215,0.89,57.14
179000000000000003,180000000000000005,2025-06-18,277,18,22145481,1230304,0.064982,0.29,30.25
179000000000000004,180000000000000006,2025-06-18,348,26,47566608,1829485,0.074713,0.65,60.64
179000000000000004,180000000000000007,2025-06-18,215,15,29942574,1996172,0.069767,0.37,40.1
179000000000000005,180000000000000008,2025-06-18,435,43,22145480,515011,0.098851,2.0,135.81
179000000000000001,180000000000000001,2025-06-19,1373,37,37947014,1025595,0.026948,0.31,30.42
179000000000000001,180000000000000002,2025-06-19,631,20,24956421,1247821,0.031696,0.18,15.03
179000000000000002,180000000000000003,2025-06-19,428,22,17134839,778856,0.051402,0.72,60.57
179000000000000002,180000000000000004,2025-06-19,136,8,7543515,942939,0.058824,0.3,13.02
179000000000000003,180000000000000005,2025-06-19,404,21,20967811,998467,0.05198,0.36,39.01
179000000000000004,180000000000000006,2025-06-19,178,17,36739043,2161120,0.095506,0.47,52.86
179000000000000004,180000000000000007,2025-06-19,384,26,36648299,1409550,0.067708,0.65,49.12
179000000000000005,180000000000000008,2025-06-19,397,40,20967812,524195,0.100756,1.91,194.04
179000000000000001,180000000000000001,2025-06-20,1835,46,49719713,1080863,0.025068,0.36,29.42
179000000000000001,180000000000000002,2025-06-20,1749,34,33982134,999475,0.01944,0.22,13.98
179000000000000002,180000000000000003,2025-06-20,615,38,23462863,617444,0.061789,1.14,104.14
179000000000000002,180000000000000004,2025-06-20,482,30,18388061,612935,0.062241,1.25,107.28
179000000000000003,180000000000000005,2025-06-20,854,30,27900616,930021,0.035129,0.45,41.75
179000000000000004,180000000000000006,2025-06-20,391,33,58159317,1762404,0.084399,0.92,117.63
179000000000000004,180000000000000007,2025-06-20,328,26,39492840,1518955,0.079268,0.87,78.6
179000000000000005,180000000000000008,2025-06-20,775,76,27900615,367113,0.098065,3.62,323.24
179000000000000001,180000000000000001,2025-06-21,1173,33,32097586,972654,0.028133,0.25,18.35
179000000000000001,180000000000000002,2025-06-21,1023,29,23839116,822038,0.028348,0.22,20.87
179000000000000002,180000000000000003,2025-06-21,265,16,13884134,867758,0.060377,0.46,43.55
179000000000000002,180000000000000004,2025-06-21,386,20,14084218,704211,0.051813,0.67,35.71
179000000000000003,180000000000000005,2025-06-21,324,21,18645568,887884,0.064815,0.3,31.03
179000000000000004,180000000000000006,2025-06-21,270,23,39412828,1713601,0.085185,0.64,34.92
179000000000000004,180000000000000007,2025-06-21,190,13,25846660,1988205,0.068421,0.3,32.88
179000000000000005,180000000000000008,2025-06-21,400,42,18645568,443942,0.105,1.58,148.11
179000000000000001,180000000000000001,2025-06-22,2486,62,54609813,880803,0.02494,0.57,54.71
179000000000000001,180000000000000002,2025-06-22,1247,39,36064772,924738,0.031275,0.26,13.41
179000000000000002,180000000000000004,2025-06-22,532,23,17296692,752030,0.043233,0.86,77.34
179000000000000003,180000000000000005,2025-06-22,757,32,30224862,944527,0.042272,0.47,35.91
179000000000000004,180000000000000006,2025-06-22,478,38,60838243,1601006,0.079498,1.25,83.31
179000000000000004,180000000000000007,2025-06-22,333,27,44948774,1664769,0.081081,0.74,76.77
179000000000000005,180000000000000008,2025-06-22,655,69,30224862,438041,0.105344,2.77,277.15
179000000000000001,180000000000000001,2025-06-23,1391,37,39862808,1077373,0.0266,0.3,28.68
179000000000000001,180000000000000002,2025-06-23,1117,28,29039996,1037143,0.025067,0.22,22.72
179000000000000002,180000000000000003,2025-06-23,426,19,17915793,942936,0.044601,0.63,38.33
179000000000000002,180000000000000004,2025-06-23,288,18,16535609,918645,0.0625,0.78,101.36
179000000000000003,180000000000000005,2025-06-23,416,23,22967602,998591,0.055288,0.27,16.9
179000000000000004,180000000000000006,2025-06-23,381,30,47646483,1588216,0.07874,0.84,86.96
179000000000000004,180000000000000007,2025-06-23,255,17,32740124,1925890,0.066667,0.5,36.87
179000000000000005,180000000000000008,2025-06-23,496,48,22967602,478492,0.096774,2.06,224.3
179000000000000001,180000000000000001,2025-06-24,2011,55,64319368,1169443,0.02735,0.48,48.64
179000000000000001,180000000000000002,2025-06-24,1065,29,30826129,1062970,0.02723,0.28,31.84
179000000000000002,180000000000000003,2025-06-24,452,26,22538566,866868,0.057522,0.87,57.38
179000000000000002,180000000000000004,2025-06-24,700,30,25034182,834473,0.042857,1.03,70.86
179000000000000003,180000000000000005,2025-06-24,962,40,31715166,792879,0.04158,0.61,65.36
179000000000000004,180000000000000006,2025-06-24,611,37,63053669,1704153,0.060556,0.93,91.97
179000000000000004,180000000000000007,2025-06-24,433,27,47949412,1775904,0.062356,0.8,88.08
179000000000000005,180000000000000008,2025-06-24,643,70,31715166,453074,0.108865,2.3,238.7
179000000000000001,180000000000000001,2025-06-25,2071,44,36458967,828613,0.021246,0.34,29.07
179000000000000001,180000000000000002,2025-06-25,1408,37,40351487,1090581,0.026278,0.34,36.57
179000000000000002,180000000000000003,2025-06-25,922,38,26073081,686134,0.041215,1.5,118.04
179000000000000002,180000000000000004,2025-06-25,560,28,24163827,862994,0.05,0.87,108.51
179000000000000003,180000000000000005,2025-06-25,919,36,33491272,930313,0.039173,0.62,40.36
179000000000000004,180000000000000006,2025-06-25,328,33,58627278,1776584,0.10061,0.94,97.11
179000000000000004,180000000000000007,2025-06-25,445,37,58592172,1583572,0.083146,0.86,59.73
179000000000000005,180000000000000008,2025-06-25,588,77,33491272,434952,0.130952,4.06,478.18
179000000000000001,180000000000000001,2025-06-26,2150,61,49773329,815956,0.028372,0.38,37.77
179000000000000001,180000000000000002,2025-06-26,1584,45,36388405,808631,0.028409,0.29,28.27
179000000000000002,180000000000000003,2025-06-26,658,33,22324703,676506,0.050152,1.02,107.52
179000000000000002,180000000000000004,2025-06-26,593,27,20756165,768747,0.045531,0.89,109.68
179000000000000003,180000000000000005,2025-06-26,550,27,28720578,1063725,0.049091,0.51,51.61
179000000000000004,180000000000000006,2025-06-26,274,22,49256593,2238936,0.080292,0.62,47.66
179000000000000004,180000000000000007,2025-06-26,267,18,31386920,1743718,0.067416,0.45,37.36
179000000000000005,180000000000000008,2025-06-26,733,70,28720579,410294,0.095498,2.66,321.03
179000000000000001,180000000000000001,2025-06-27,1459,45,45070093,1001558,0.030843,0.37,30.02
179000000000000001,180000000000000002,2025-06-27,1831,41,30979010,755586,0.022392,0.32,28.71
179000000000000002,180000000000000003,2025-06-27,597,38,20284989,533816,0.063652,1.12,72.86
179000000000000002,180000000000000004,2025-06-27,161,12,10016142,834678,0.074534,0.3,18.36
179000000000000003,180000000000000005,2025-06-27,536,27,25349701,938878,0.050373,0.31,28.8
179000000000000004,180000000000000006,2025-06-27,398,29,50049700,1725852,0.072864,0.86,59.65
179000000000000004,180000000000000007,2025-06-27,276,26,38674253,1487471,0.094203,0.8,44.8
179000000000000005,180000000000000008,2025-06-27,435,48,25349701,528119,0.110345,1.96,158.14
179000000000000001,180000000000000001,2025-06-28,2360,55,46636075,847929,0.023305,0.44,33.66
179000000000000001,180000000000000002,2025-06-28,1055,38,36553520,961935,0.036019,0.28,24.06
179000000000000002,180000000000000003,2025-06-28,351,19,17249941,907892,0.054131,0.74,51.53
179000000000000002,180000000000000004,2025-06-28,820,44,24344857,553292,0.053659,1.57,83.38
179000000000000003,180000000000000005,2025-06-28,359,23,27729866,1205646,0.064067,0.41,32.9
179000000000000004,180000000000000006,2025-06-28,479,32,58658302,1833072,0.066806,0.98,53.62
179000000000000004,180000000000000007,2025-06-28,228,22,38396227,1745283,0.096491,0.49,54.78
179000000000000005,180000000000000008,2025-06-28,810,66,27729865,420149,0.081481,2.99,380.64
179000000000000001,180000000000000001,2025-06-29,2230,66,53278172,807245,0.029596,0.45,32.7
179000000000000001,180000000000000002,2025-06-29,1415,43,32349802,752321,0.030389,0.27,19.06
179000000000000002,180000000000000003,2025-06-29,555,30,20933169,697772,0.054054,0.97,83.29
179000000000000002,180000000000000004,2025-06-29,598,32,21880819,683776,0.053512,1.05,106.61
179000000000000003,180000000000000005,2025-06-29,647,34,28542658,839490,0.05255,0.59,56.51
179000000000000004,180000000000000006,2025-06-29,151,16,38049291,2378081,0.10596,0.55,35.23
179000000000000004,180000000000000007,2025-06-29,412,29,44908639,1548574,0.070388,0.89,93.34
179000000000000005,180000000000000008,2025-06-29,436,35,18043951,515541,0.080275,1.9,146.83
179000000000000001,180000000000000001,2025-06-30,1257,33,43554991,1319848,0.026253,0.22,22.61
179000000000000001,180000000000000002,2025-06-30,857,26,29384113,1130158,0.030338,0.21,15.65
179000000000000002,180000000000000003,2025-06-30,367,20,16199373,809969,0.054496,0.72,49.24
179000000000000002,180000000000000004,2025-06-30,502,21,20270179,965247,0.041833,0.6,36.93
179000000000000003,180000000000000005,2025-06-30,411,21,24313035,1157764,0.051095,0.29,13.59
179000000000000004,180000000000000006,2025-06-30,327,23,36111127,1570049,0.070336,0.59,74.9
179000000000000004,180000000000000007,2025-06-30,316,21,33311312,1586253,0.066456,0.66,43.29
179000000000000005,180000000000000008,2025-06-30,467,49,24313035,496184,0.104925,2.06,152.71
179000000000000001,180000000000000001,2025-07-01,1446,35,40553448,1158670,0.024205,0.27,26.95
179000000000000001,180000000000000002,2025-07-01,1264,31,29028353,936398,0.024525,0.27,29.15
179000000000000002,180000000000000003,2025-07-01,557,30,20039972,667999,0.05386,1.11,72.55
179000000000000002,180000000000000004,2025-07-01,411,22,14750928,670497,0.053528,0.84,67.3
179000000000000003,180000000000000005,2025-07-01,592,27,23193934,859035,0.045608,0.31,28.53
179000000000000004,180000000000000006,2025-07-01,322,27,48567928,1798812,0.083851,0.7,83.74
179000000000000004,180000000000000007,2025-07-01,302,21,32610840,1552897,0.069536,0.56,58.78
179000000000000005,180000000000000008,2025-07-01,461,55,23193934,421708,0.119306,2.37,156.79
179000000000000001,180000000000000001,2025-07-02,1564,39,40699095,1043567,0.024936,0.31,30.02
179000000000000001,180000000000000002,2025-07-02,583,12,16636380,1386365,0.020583,0.08,9.82
179000000000000002,180000000000000003,2025-07-02,338,23,15158342,659058,0.068047,0.7,75.71
179000000000000002,180000000000000004,2025-07-02,775,32,19498352,609324,0.04129,1.28,157.09
179000000000000003,180000000000000005,2025-07-02,431,26,23104463,888633,0.060325,0.33,35.34
179000000000000004,180000000000000006,2025-07-02,274,22,42343682,1924713,0.080292,0.72,55.02
179000000000000004,180000000000000007,2025-07-02,319,26,38521939,1481613,0.081505,0.86,88.43
179000000000000005,180000000000000008,2025-07-02,530,51,23104463,453029,0.096226,2.34,192.17
179000000000000001,180000000000000001,2025-07-03,1384,37,31981780,864372,0.026734,0.32,27.0
179000000000000001,180000000000000002,2025-07-03,1696,38,31476821,828337,0.022406,0.29,32.94
179000000000000002,180000000000000003,2025-07-03,391,21,20696951,985569,0.053708,0.74,43.97
179000000000000002,180000000000000004,2025-07-03,333,22,18659944,848179,0.066066,0.85,105.27
179000000000000003,180000000000000005,2025-07-03,626,30,26237930,874598,0.047923,0.44,40.57
179000000000000004,180000000000000006,2025-07-03,471,30,53192130,1773071,0.063694,0.89,90.51
179000000000000004,180000000000000007,2025-07-03,277,17,38640622,2272978,0.061372,0.51,57.11
179000000000000005,180000000000000008,2025-07-03,519,58,26237929,452378,0.111753,2.28,230.51
179000000000000001,180000000000000001,2025-07-04,1002,23,26602131,1156614,0.022954,0.14,9.39
179000000000000001,180000000000000002,2025-07-04,888,27,27524016,1019408,0.030405,0.22,16.99
179000000000000002,180000000000000003,2025-07-04,384,19,16636249,875592,0.049479,0.69,92.85
179000000000000002,180000000000000004,2025-07-04,488,23,18319785,796512,0.047131,0.85,71.43
179000000000000003,180000000000000005,2025-07-04,450,26,23304022,896309,0.057778,0.41,36.14
179000000000000004,180000000000000006,2025-07-04,335,29,50975729,1757784,0.086567,0.71,63.9
179000000000000004,180000000000000007,2025-07-04,228,14,30588348,2184882,0.061404,0.32,15.34
179000000000000005,180000000000000008,2025-07-04,455,52,23304022,448154,0.114286,2.27,235.89
179000000000000001,180000000000000001,2025-07-05,1648,42,34875932,830379,0.025485,0.3,29.47
179000000000000001,180000000000000002,2025-07-05,1040,35,25939269,741122,0.033654,0.24,26.93
179000000000000002,180000000000000003,2025-07-05,458,26,16368595,629561,0.056769,0.7,81.87
179000000000000002,180000000000000004,2025-07-05,391,18,14039006,779945,0.046036,0.49,34.68
179000000000000003,180000000000000005,2025-07-05,421,18,20271734,1126207,0.042755,0.28,24.52
179000000000000004,180000000000000006,2025-07-05,293,24,42299543,1762481,0.081911,0.69,76.04
179000000000000004,180000000000000007,2025-07-05,254,18,28651525,1591751,0.070866,0.61,76.5
179000000000000005,180000000000000008,2025-07-05,362,36,20271735,563104,0.099448,1.92,171.71
179000000000000001,180000000000000001,2025-07-06,1928,48,40863961,851333,0.024896,0.39,40.59
179000000000000001,180000000000000002,2025-07-06,1060,26,28371848,1091225,0.024528,0.24,28.06
179000000000000002,180000000000000003,2025-07-06,453,23,19443423,845366,0.050773,0.81,88.63
179000000000000002,180000000000000004,2025-07-06,307,17,15174481,892617,0.055375,0.56,47.68
179000000000000003,180000000000000005,2025-07-06,597,29,23078603,795814,0.048576,0.44,39.5
179000000000000004,180000000000000006,2025-07-06,503,32,49620537,1550642,0.063618,0.75,65.69
179000000000000004,180000000000000007,2025-07-06,271,16,19691301,1230706,0.059041,0.38,36.18
179000000000000005,180000000000000008,2025-07-06,375,41,23078603,562893,0.109333,1.89,187.43
179000000000000001,180000000000000001,2025-07-07,1586,44,50553064,1148933,0.027743,0.37,20.16
179000000000000001,180000000000000002,2025-07-07,1587,47,46085603,980545,0.029616,0.44,46.74
179000000000000002,180000000000000003,2025-07-07,409,22,22173574,1007890,0.05379,0.59,32.21
179000000000000002,180000000000000004,2025-07-07,744,31,26145759,843412,0.041667,1.23,101.42
179000000000000003,180000000000000005,2025-07-07,405,27,32212889,1193070,0.066667,0.46,44.24
179000000000000004,180000000000000006,2025-07-07,637,42,72635844,1729425,0.065934,1.34,141.77
179000000000000004,180000000000000007,2025-07-07,307,20,40109268,2005463,0.065147,0.46,40.0
179000000000000005,180000000000000008,2025-07-07,596,65,32212889,495583,0.10906,2.71,227.99
179000000000000001,180000000000000001,2025-07-08,1063,33,29858325,904798,0.031044,0.27,12.17
179000000000000001,180000000000000002,2025-07-08,848,24,31448490,1310354,0.028302,0.19,8.38
179000000000000002,180000000000000003,2025-07-08,553,28,16819686,600703,0.050633,0.89,80.28
179000000000000002,180000000000000004,2025-07-08,721,37,20033271,541440,0.051318,1.09,72.1
179000000000000003,180000000000000005,2025-07-08,513,26,24568638,944948,0.050682,0.36,40.23
179000000000000004,180000000000000006,2025-07-08,335,28,48026036,1715216,0.083582,0.73,73.2
179000000000000004,180000000000000007,2025-07-08,319,20,37964197,1898210,0.062696,0.63,38.84
179000000000000005,180000000000000008,2025-07-08,419,44,24568638,558378,0.105012,2.01,196.66
179000000000000001,180000000000000001,2025-07-09,1551,37,48402420,1308174,0.023856,0.3,26.06
179000000000000001,180000000000000002,2025-07-09,1112,25,25042729,1001709,0.022482,0.17,9.97
179000000000000002,180000000000000003,2025-07-09,399,15,8868406,591227,0.037594,0.41,47.26
179000000000000002,180000000000000004,2025-07-09,638,28,20950597,748236,0.043887,1.08,59.82
179000000000000003,180000000000000005,2025-07-09,518,22,24481717,1112805,0.042471,0.32,16.56
179000000000000004,180000000000000006,2025-07-09,511,35,50950007,1455714,0.068493,0.79,59.89
179000000000000004,180000000000000007,2025-07-09,231,21,34736001,1654095,0.090909,0.6,48.28
179000000000000005,180000000000000008,2025-07-09,515,48,24481716,510036,0.093204,2.02,197.84
179000000000000001,180000000000000001,2025-07-10,1993,48,32186707,670556,0.024084,0.41,29.93
179000000000000001,180000000000000002,2025-07-10,1081,32,34777280,1086790,0.029602,0.21,20.93
179000000000000002,180000000000000003,2025-07-10,165,11,11242116,1022011,0.066667,0.38,32.2
179000000000000002,180000000000000004,2025-07-10,425,25,16887624,675505,0.058824,0.97,105.34
179000000000000003,180000000000000005,2025-07-10,793,32,27033633,844801,0.040353,0.59,47.32
179000000000000004,180000000000000006,2025-07-10,396,34,56815453,1671043,0.085859,0.91,93.14
179000000000000004,180000000000000007,2025-07-10,274,17,37802261,2223662,0.062044,0.5,35.65
179000000000000005,180000000000000008,2025-07-10,654,57,27033633,474274,0.087156,2.67,321.48
179000000000000001,180000000000000001,2025-07-11,1404,49,47566088,970736,0.0349,0.41,37.54
179000000000000001,180000000000000002,2025-07-11,1048,30,24592927,819764,0.028626,0.27,19.61
179000000000000002,180000000000000003,2025-07-11,417,25,17710671,708427,0.059952,1.01,113.52
179000000000000002,180000000000000004,2025-07-11,534,28,18368836,656030,0.052434,0.87,55.69
179000000000000003,180000000000000005,2025-07-11,397,25,24053004,962120,0.062972,0.43,41.5
179000000000000004,180000000000000006,2025-07-11,379,27,52327354,1938050,0.07124,0.81,73.78
179000000000000004,180000000000000007,2025-07-11,253,19,31858163,1676745,0.075099,0.51,55.05
179000000000000005,180000000000000008,2025-07-11,734,54,24053005,445426,0.073569,2.64,177.29
179000000000000001,180000000000000001,2025-07-12,1551,42,45210146,1076432,0.027079,0.34,29.86
179000000000000001,180000000000000002,2025-07-12,1091,33,30593952,927089,0.030247,0.21,20.24
179000000000000002,180000000000000003,2025-07-12,375,28,18396736,657026,0.074667,1.08,128.38
179000000000000002,180000000000000004,2025-07-12,732,27,19505313,722419,0.036885,1.16,130.0
179000000000000003,180000000000000005,2025-07-12,307,20,25268033,1263402,0.065147,0.31,30.47
179000000000000004,180000000000000006,2025-07-12,352,27,54215500,2007981,0.076705,0.87,99.44
179000000000000004,180000000000000007,2025-07-12,434,23,34222615,1487940,0.052995,0.74,71.8
179000000000000005,180000000000000008,2025-07-12,427,53,25268033,476755,0.124122,2.48,157.18
179000000000000001,180000000000000001,2025-07-13,2507,60,47835426,797257,0.023933,0.43,29.88
179000000000000001,180000000000000002,2025-07-13,1028,29,29838571,1028916,0.02821,0.23,22.96
179000000000000002,180000000000000003,2025-07-13,504,25,16802586,672103,0.049603,1.03,106.53
179000000000000002,180000000000000004,2025-07-13,457,28,22034412,786943,0.061269,0.83,96.37
179000000000000003,180000000000000005,2025-07-13,593,29,25891332,892805,0.048904,0.47,54.45
179000000000000004,180000000000000006,2025-07-13,500,32,53625452,1675795,0.064,0.74,80.35
179000000000000004,180000000000000007,2025-07-13,257,22,36994212,1681555,0.085603,0.76,78.33
179000000000000005,180000000000000008,2025-07-13,451,43,25891333,602124,0.095344,2.23,201.4
179000000000000001,180000000000000001,2025-07-14,1974,50,43277749,865555,0.025329,0.42,45.45
179000000000000001,180000000000000002,2025-07-14,1127,29,35493487,1223913,0.025732,0.19,24.81
179000000000000002,180000000000000003,2025-07-14,706,34,23763347,698922,0.048159,1.1,84.07
179000000000000002,180000000000000004,2025-07-14,802,35,25813217,737520,0.043641,1.35,109.61
179000000000000003,180000000000000005,2025-07-14,715,30,33051043,1101701,0.041958,0.45,46.46
179000000000000004,180000000000000006,2025-07-14,481,38,71126941,1871762,0.079002,1.09,80.44
179000000000000004,180000000000000007,2025-07-14,477,27,44551709,1650063,0.056604,0.54,44.73
179000000000000005,180000000000000008,2025-07-14,681,69,33051043,479001,0.101322,3.43,215.3
179000000000000001,180000000000000001,2025-07-15,1956,48,56551888,1178164,0.02454,0.39,27.69
179000000000000001,180000000000000002,2025-07-15,1160,39,35205966,902717,0.033621,0.37,27.83
179000000000000002,180000000000000003,2025-07-15,448,28,23562198,841507,0.0625,0.94,78.25
179000000000000002,180000000000000004,2025-07-15,768,35,22316729,637621,0.045573,1.38,112.52
179000000000000003,180000000000000005,2025-07-15,891,39,30585951,784255,0.043771,0.69,58.99
179000000000000004,180000000000000006,2025-07-15,400,34,67991254,1999743,0.085,0.95,86.19
179000000000000005,180000000000000008,2025-07-15,489,48,30585952,637207,0.09816,1.95,142.42
179000000000000001,180000000000000001,2025-07-16,1515,36,42235947,1173221,0.023762,0.32,35.77
179000000000000001,180000000000000002,2025-07-16,1162,33,27486979,832939,0.028399,0.2,20.28
179000000000000002,180000000000000003,2025-07-16,260,19,15256635,802981,0.073077,0.75,58.96
179000000000000002,180000000000000004,2025-07-16,575,30,19604829,653494,0.052174,1.3,147.33
179000000000000003,180000000000000005,2025-07-16,372,20,23240975,1162049,0.053763,0.28,19.49
179000000000000004,180000000000000006,2025-07-16,338,29,48718140,1679936,0.085799,0.79,59.83
179000000000000004,180000000000000007,2025-07-16,159,14,32625272,2330377,0.08805,0.39,23.47
179000000000000005,180000000000000008,2025-07-16,520,51,23240976,455705,0.098077,2.31,189.84
179000000000000001,180000000000000001,2025-07-17,930,25,31140939,1245638,0.026882,0.21,13.49
179000000000000001,180000000000000002,2025-07-17,1824,52,38199497,734606,0.028509,0.42,34.24
179000000000000002,180000000000000003,2025-07-17,586,27,22424197,830526,0.046075,0.9,49.73
179000000000000002,180000000000000004,2025-07-17,665,31,21762320,702010,0.046617,1.08,113.44
179000000000000003,180000000000000005,2025-07-17,471,23,29457678,1280769,0.048832,0.35,32.27
179000000000000004,180000000000000006,2025-07-17,398,32,63919309,1997478,0.080402,0.7,55.28
179000000000000004,180000000000000007,2025-07-17,347,23,39182562,1703590,0.066282,0.67,70.7
179000000000000005,180000000000000008,2025-07-17,622,64,29457678,460276,0.102894,2.37,152.13
179000000000000001,180000000000000001,2025-07-18,2694,60,62847856,1047464,0.022272,0.5,40.47
179000000000000001,180000000000000002,2025-07-18,1570,37,34975484,945283,0.023567,0.27,19.46
179000000000000002,180000000000000003,2025-07-18,401,15,12219594,814640,0.037406,0.41,20.83
179000000000000002,180000000000000004,2025-07-18,622,37,27102830,732509,0.059486,1.21,94.42
179000000000000003,180000000000000005,2025-07-18,663,39,32607780,836097,0.058824,0.59,67.72
179000000000000004,180000000000000006,2025-07-18,430,36,65412104,1817003,0.083721,0.83,85.33
179000000000000004,180000000000000007,2025-07-18,310,26,48715128,1873659,0.083871,0.81,76.19
179000000000000005,180000000000000008,2025-07-18,720,63,32607780,517584,0.0875,3.02,315.73
179000000000000001,180000000000000001,2025-07-19,2687,61,51056143,836986,0.022702,0.52,52.56
179000000000000001,180000000000000002,2025-07-19,2239,54,34395411,636952,0.024118,0.43,46.25
179000000000000002,180000000000000003,2025-07-19,486,31,23823956,768515,0.063786,0.86,78.02
179000000000000002,180000000000000004,2025-07-19,463,21,18901820,900087,0.045356,0.68,33.67
179000000000000003,180000000000000005,2025-07-19,700,33,28483852,863147,0.047143,0.54,45.82
179000000000000004,180000000000000006,2025-07-19,394,33,57992160,1757338,0.083756,0.84,78.16
179000000000000004,180000000000000007,2025-07-19,290,24,41701320,1737555,0.082759,0.77,64.44
179000000000000005,180000000000000008,2025-07-19,660,60,28483852,474731,0.090909,3.02,274.44
179000000000000001,180000000000000001,2025-07-20,2413,53,50812274,958722,0.021964,0.41,47.34
179000000000000001,180000000000000002,2025-07-20,1403,38,31468042,828106,0.027085,0.36,24.49
179000000000000002,180000000000000003,2025-07-20,572,35,20974385,599268,0.061189,0.91,99.58
179000000000000002,180000000000000004,2025-07-20,411,23,20165773,876773,0.055961,0.67,56.13
179000000000000003,180000000000000005,2025-07-20,406,25,27426772,1097071,0.061576,0.4,22.91
179000000000000004,180000000000000006,2025-07-20,374,28,54356050,1941288,0.074866,0.81,71.6
179000000000000004,180000000000000007,2025-07-20,448,26,41637653,1601448,0.058036,0.58,37.66
179000000000000005,180000000000000008,2025-07-20,668,72,27426772,380927,0.107784,3.9,318.86
179000000000000001,180000000000000001,2025-07-21,1656,46,48093407,1045509,0.027778,0.32,34.32
179000000000000001,180000000000000002,2025-07-21,1546,38,31485929,828577,0.02458,0.26,20.65
179000000000000002,180000000000000003,2025-07-21,417,23,21093729,917119,0.055156,0.85,91.38
179000000000000002,180000000000000004,2025-07-21,568,30,18695939,623198,0.052817,1.01,79.15
179000000000000003,180000000000000005,2025-07-21,781,30,26526446,884215,0.038412,0.37,33.03
179000000000000004,180000000000000006,2025-07-21,568,38,56261790,1480573,0.066901,1.22,154.56
179000000000000004,180000000000000007,2025-07-21,194,14,17517410,1251244,0.072165,0.37,47.75
179000000000000005,180000000000000008,2025-07-21,400,37,17056205,460979,0.0925,1.6,139.6
179000000000000001,180000000000000001,2025-07-22,2011,41,38326751,934799,0.020388,0.31,31.6
179000000000000001,180000000000000002,2025-07-22,851,26,30870450,1187325,0.030552,0.22,17.26
179000000000000002,180000000000000003,2025-07-22,380,29,20212866,696995,0.076316,1.25,91.04
179000000000000002,180000000000000004,2025-07-22,534,27,20337024,753223,0.050562,0.9,53.08
179000000000000003,180000000000000005,2025-07-22,404,26,27033259,1039741,0.064356,0.39,26.77
179000000000000004,180000000000000006,2025-07-22,508,42,61434725,1462732,0.082677,1.23,116.34
179000000000000004,180000000000000007,2025-07-22,267,19,33181683,1746404,0.071161,0.57,42.78
179000000000000005,180000000000000008,2025-07-22,702,68,27033260,397548,0.096866,3.26,206.47
179000000000000001,180000000000000001,2025-07-23,1829,44,45293230,1029392,0.024057,0.42,36.74
179000000000000001,180000000000000002,2025-07-23,1233,39,34238534,877911,0.03163,0.34,32.25
179000000000000002,180000000000000003,2025-07-23,411,24,19250078,802087,0.058394,0.65,56.94
179000000000000002,180000000000000004,2025-07-23,344,22,20515804,932537,0.063953,0.75,94.11
179000000000000003,180000000000000005,2025-07-23,393,12,13084784,1090399,0.030534,0.14,14.42
179000000000000004,180000000000000006,2025-07-23,441,33,61315144,1858035,0.07483,0.73,86.64
179000000000000004,180000000000000007,2025-07-23,179,16,31471914,1966995,0.089385,0.55,44.37
179000000000000005,180000000000000008,2025-07-23,516,41,26510588,646600,0.079457,1.76,115.73
179000000000000001,180000000000000001,2025-07-24,2007,48,51121135,1065024,0.023916,0.42,36.08
179000000000000001,180000000000000002,2025-07-24,946,27,29147324,1079531,0.028541,0.23,25.6
179000000000000002,180000000000000003,2025-07-24,559,30,17039830,567994,0.053667,1.01,100.92
179000000000000002,180000000000000004,2025-07-24,748,26,13777868,529918,0.034759,1.14,53.75
179000000000000003,180000000000000005,2025-07-24,668,27,26756153,990969,0.040419,0.46,50.73
179000000000000004,180000000000000006,2025-07-24,325,28,58257471,2080624,0.086154,0.78,89.59
179000000000000004,180000000000000007,2025-07-24,423,26,35389065,1361118,0.061466,0.83,35.84
179000000000000005,180000000000000008,2025-07-24,458,46,26756154,581656,0.100437,2.36,215.92
179000000000000001,180000000000000001,2025-07-25,1718,47,46082624,980481,0.027357,0.4,42.83
179000000000000001,180000000000000002,2025-07-25,421,11,13454938,1223176,0.026128,0.09,7.2
179000000000000002,180000000000000003,2025-07-25,522,22,18501558,840980,0.042146,0.61,52.25
179000000000000002,180000000000000004,2025-07-25,365,21,20162044,960097,0.057534,0.71,32.29
179000000000000003,180000000000000005,2025-07-25,615,26,25775734,991374,0.042276,0.31,35.22
179000000000000004,180000000000000006,2025-07-25,291,24,32135687,1338987,0.082474,0.68,55.73
179000000000000004,180000000000000007,2025-07-25,344,21,40527995,1929905,0.061047,0.55,36.91
179000000000000005,180000000000000008,2025-07-25,627,59,25775735,436877,0.094099,2.44,228.26
179000000000000001,180000000000000001,2025-07-26,1925,40,40491398,1012285,0.020779,0.29,32.46
179000000000000001,180000000000000002,2025-07-26,664,22,23055616,1047983,0.033133,0.17,15.02
179000000000000002,180000000000000003,2025-07-26,405,21,16351843,778659,0.051852,0.83,101.09
179000000000000002,180000000000000004,2025-07-26,425,22,15421665,700985,0.051765,0.63,41.26
179000000000000003,180000000000000005,2025-07-26,518,23,21182338,920971,0.044402,0.37,40.37
179000000000000004,180000000000000006,2025-07-26,368,30,42765506,1425517,0.081522,0.85,56.19
179000000000000004,180000000000000007,2025-07-26,90,8,15537799,1942225,0.088889,0.19,15.55
179000000000000005,180000000000000008,2025-07-26,389,50,21182338,423647,0.128535,2.37,212.04
179000000000000001,180000000000000001,2025-07-27,1778,41,40729913,993413,0.02306,0.29,20.14
179000000000000001,180000000000000002,2025-07-27,1079,30,28415826,947194,0.027804,0.22,12.42
179000000000000002,180000000000000003,2025-07-27,432,22,16264287,739286,0.050926,0.66,56.23
179000000000000002,180000000000000004,2025-07-27,548,23,18308582,796025,0.041971,0.9,92.17
179000000000000003,180000000000000005,2025-07-27,482,23,23048579,1002112,0.047718,0.38,19.44
179000000000000004,180000000000000006,2025-07-27,305,27,48546957,1798035,0.088525,0.7,68.86
179000000000000004,180000000000000007,2025-07-27,301,25,32123072,1284923,0.083056,0.68,64.79
179000000000000005,180000000000000008,2025-07-27,406,42,23048579,548776,0.103448,2.09,195.43
179000000000000001,180000000000000001,2025-07-28,2277,55,57094411,1038080,0.024155,0.39,39.6
179000000000000001,180000000000000002,2025-07-28,775,26,26948377,1036476,0.033548,0.21,23.61
179000000000000002,180000000000000003,2025-07-28,831,44,25700032,584092,0.052948,1.48,79.71
179000000000000002,180000000000000004,2025-07-28,438,21,16321363,777208,0.047945,0.73,41.43
179000000000000003,180000000000000005,2025-07-28,650,28,28014262,1000509,0.043077,0.34,22.29
179000000000000004,180000000000000006,2025-07-28,445,32,61379481,1918109,0.07191,0.82,81.28
179000000000000004,180000000000000007,2025-07-28,253,17,36670439,2157085,0.067194,0.49,34.88
179000000000000005,180000000000000008,2025-07-28,530,54,28014262,518783,0.101887,2.28,193.59
179000000000000001,180000000000000001,2025-07-29,2033,57,50791874,891086,0.028037,0.46,31.58
179000000000000001,180000000000000002,2025-07-29,1304,42,39592742,942684,0.032209,0.35,39.22
179000000000000002,180000000000000003,2025-07-29,501,34,24849075,730855,0.067864,1.31,114.25
179000000000000002,180000000000000004,2025-07-29,228,13,11252164,865551,0.057018,0.42,54.02
179000000000000003,180000000000000005,2025-07-29,823,34,30128205,886124,0.041312,0.46,39.57
179000000000000004,180000000000000006,2025-07-29,398,32,61386428,1918326,0.080402,0.92,81.28
179000000000000004,180000000000000007,2025-07-29,291,18,23514743,1306375,0.061856,0.46,63.05
179000000000000005,180000000000000008,2025-07-29,800,77,30128205,391275,0.09625,3.27,236.9
179000000000000001,180000000000000001,2025-07-30,2336,53,49334754,930844,0.022688,0.38,40.45
179000000000000001,180000000000000002,2025-07-30,1063,30,27166489,905550,0.028222,0.24,20.29
179000000000000002,180000000000000003,2025-07-30,533,29,20273419,699083,0.054409,0.96,94.51
179000000000000002,180000000000000004,2025-07-30,498,23,17977202,781617,0.046185,0.71,75.66
179000000000000003,180000000000000005,2025-07-30,485,23,25500414,1108714,0.047423,0.42,36.42
179000000000000004,180000000000000006,2025-07-30,450,34,57538470,1692308,0.075556,0.98,80.98
179000000000000004,180000000000000007,2025-07-30,267,14,31712981,2265213,0.052434,0.39,37.71
179000000000000005,180000000000000008,2025-07-30,506,46,25500414,554357,0.090909,2.03,183.22
179000000000000001,180000000000000001,2025-07-31,1809,44,41301131,938662,0.024323,0.3,26.2
179000000000000001,180000000000000002,2025-07-31,1228,37,27368715,739695,0.03013,0.27,20.82
179000000000000002,180000000000000003,2025-07-31,766,32,18857170,589287,0.041775,1.16,90.96
179000000000000002,180000000000000004,2025-07-31,436,18,15477753,859875,0.041284,0.69,38.87
179000000000000003,180000000000000005,2025-07-31,409,20,22889948,1144497,0.0489,0.33,41.21
179000000000000004,180000000000000006,2025-07-31,289,25,43420461,1736818,0.086505,0.66,48.21
179000000000000004,180000000000000007,2025-07-31,253,22,36694359,1667925,0.086957,0.6,63.03
179000000000000005,180000000000000008,2025-07-31,594,59,22889949,387965,0.099327,2.83,242.58
179000000000000001,180000000000000001,2025-08-01,2642,60,45428550,757142,0.02271,0.44,34.31
179000000000000001,180000000000000002,2025-08-01,1686,51,46562674,912994,0.030249,0.35,21.61
179000000000000002,180000000000000003,2025-08-01,495,34,23129108,680268,0.068687,1.34,131.09
179000000000000002,180000000000000004,2025-08-01,688,38,22866505,601750,0.055233,1.56,159.85
179000000000000003,180000000000000005,2025-08-01,744,29,30663741,1057370,0.038978,0.42,29.7
179000000000000004,180000000000000006,2025-08-01,486,34,63316499,1862250,0.069959,1.04,92.49
179000000000000004,180000000000000007,2025-08-01,292,21,44006595,2095552,0.071918,0.59,57.56
179000000000000005,180000000000000008,2025-08-01,648,71,30663741,431884,0.109568,3.56,367.61
179000000000000001,180000000000000001,2025-08-02,2745,80,59852352,748154,0.029144,0.73,65.05
179000000000000001,180000000000000002,2025-08-02,2048,49,44476160,907677,0.023926,0.42,53.23
179000000000000002,180000000000000003,2025-08-02,619,30,26018752,867292,0.048465,1.07,117.23
179000000000000002,180000000000000004,2025-08-02,810,35,26145505,747014,0.04321,0.97,110.28
179000000000000003,180000000000000005,2025-08-02,505,28,34776171,1242006,0.055446,0.44,51.86
179000000000000004,180000000000000006,2025-08-02,440,39,76175530,1953219,0.088636,0.98,74.44
179000000000000004,180000000000000007,2025-08-02,323,25,45541067,1821643,0.077399,0.78,76.72
179000000000000005,180000000000000008,2025-08-02,904,71,34776171,489805,0.07854,3.29,274.09
179000000000000001,180000000000000001,2025-08-03,1901,46,47817123,1039503,0.024198,0.31,25.29
179000000000000001,180000000000000002,2025-08-03,1386,43,37825159,879655,0.031025,0.39,51.38
179000000000000002,180000000000000003,2025-08-03,378,26,19555406,752131,0.068783,0.88,81.38
179000000000000002,180000000000000004,2025-08-03,518,28,23265736,830919,0.054054,0.97,113.4
179000000000000003,180000000000000005,2025-08-03,556,27,28547428,1057312,0.048561,0.47,47.26
179000000000000004,180000000000000006,2025-08-03,282,25,57105964,2284239,0.088652,0.78,65.71
179000000000000004,180000000000000007,2025-08-03,372,25,42810032,1712401,0.067204,0.77,65.69
179000000000000005,180000000000000008,2025-08-03,609,58,28547428,492197,0.095238,2.12,183.2
179000000000000001,180000000000000001,2025-08-04,1559,36,42551439,1181984,0.023092,0.32,27.06
179000000000000001,180000000000000002,2025-08-04,651,20,22643145,1132157,0.030722,0.15,8.44
179000000000000002,180000000000000003,2025-08-04,460,31,17777910,573481,0.067391,1.05,91.7
179000000000000002,180000000000000004,2025-08-04,415,17,14819383,871728,0.040964,0.56,56.92
179000000000000003,180000000000000005,2025-08-04,498,20,21731529,1086576,0.040161,0.34,25.2
179000000000000004,180000000000000006,2025-08-04,331,27,51725065,1915743,0.081571,0.71,67.7
179000000000000004,180000000000000007,2025-08-04,125,8,11868822,1483603,0.064,0.24,23.77
179000000000000005,180000000000000008,2025-08-04,308,40,21731528,543288,0.12987,1.85,185.9
179000000000000001,180000000000000001,2025-08-05,1594,45,47394426,1053209,0.028231,0.43,43.75
179000000000000001,180000000000000002,2025-08-05,1784,51,35623019,698491,0.028587,0.38,40.69
179000000000000002,180000000000000003,2025-08-05,471,32,20393396,637294,0.067941,1.17,90.39
179000000000000002,180000000000000004,2025-08-05,625,26,21115326,812128,0.0416,0.94,105.81
179000000000000003,180000000000000005,2025-08-05,629,29,27672482,954224,0.046105,0.43,49.45
179000000000000004,180000000000000006,2025-08-05,507,36,58088352,1613565,0.071006,1.06,103.18
179000000000000004,180000000000000007,2025-08-05,412,23,38765335,1685449,0.055825,0.7,55.86
179000000000000005,180000000000000008,2025-08-05,856,76,27672482,364112,0.088785,3.22,348.75
179000000000000001,180000000000000001,2025-08-06,1778,56,53020324,946792,0.031496,0.52,50.35
179000000000000001,180000000000000002,2025-08-06,932,24,26252042,1093835,0.025751,0.22,23.64
179000000000000002,180000000000000003,2025-08-06,602,30,20400513,680017,0.049834,1.15,101.39
179000000000000002,180000000000000004,2025-08-06,654,26,19235670,739833,0.039755,1.09,77.66
179000000000000003,180000000000000005,2025-08-06,737,29,26424122,911177,0.039349,0.36,31.63
179000000000000004,180000000000000006,2025-08-06,354,29,58616944,2021274,0.081921,0.76,52.59
179000000000000004,180000000000000007,2025-08-06,171,17,33867482,1992205,0.099415,0.48,38.3
179000000000000005,180000000000000008,2025-08-06,748,66,26424122,400365,0.088235,3.16,416.86
179000000000000001,180000000000000001,2025-08-07,931,19,25485243,1341329,0.020408,0.16,14.32
179000000000000001,180000000000000002,2025-08-07,775,22,23004285,1045649,0.028387,0.21,16.68
179000000000000002,180000000000000003,2025-08-07,341,23,13987256,608142,0.067449,0.8,89.53
179000000000000002,180000000000000004,2025-08-07,482,25,16609054,664362,0.051867,0.78,71.34
179000000000000003,180000000000000005,2025-08-07,551,26,20397540,784521,0.047187,0.38,38.27
179000000000000004,180000000000000006,2025-08-07,328,26,45085465,1734056,0.079268,0.82,76.81
179000000000000004,180000000000000007,2025-08-07,182,16,26305926,1644120,0.087912,0.35,27.7
179000000000000005,180000000000000008,2025-08-07,526,54,20397541,377732,0.102662,2.18,282.37
179000000000000001,180000000000000001,2025-08-08,2156,51,38204769,749113,0.023655,0.37,33.47
179000000000000001,180000000000000002,2025-08-08,733,21,27508304,1309919,0.028649,0.18,13.38
179000000000000002,180000000000000003,2025-08-08,364,23,15603145,678398,0.063187,0.94,62.27
179000000000000002,180000000000000004,2025-08-08,321,19,17253392,908073,0.05919,0.63,44.08
179000000000000003,180000000000000005,2025-08-08,437,24,21904358,912682,0.05492,0.35,43.22
179000000000000004,180000000000000006,2025-08-08,361,28,46870055,1673931,0.077562,0.93,88.87
179000000000000004,180000000000000007,2025-08-08,223,17,29795196,1752659,0.076233,0.43,42.65
179000000000000005,180000000000000008,2025-08-08,259,35,14049554,401416,0.135135,1.83,145.07
179000000000000001,180000000000000001,2025-08-09,1906,42,47993906,1142712,0.022036,0.31,29.5
179000000000000001,180000000000000002,2025-08-09,1216,29,28749694,991369,0.023849,0.19,16.42
179000000000000002,180000000000000003,2025-08-09,346,24,18369719,765405,0.069364,1.0,73.15
179000000000000002,180000000000000004,2025-08-09,619,31,20002082,645228,0.050081,1.26,126.99
179000000000000003,180000000000000005,2025-08-09,580,22,25581200,1162782,0.037931,0.33,31.53
179000000000000004,180000000000000006,2025-08-09,323,26,56677071,2179887,0.080495,0.74,77.03
179000000000000004,180000000000000007,2025-08-09,264,19,32857129,1729323,0.07197,0.6,29.55
179000000000000005,180000000000000008,2025-08-09,677,54,25581200,473726,0.079764,2.72,256.94
179000000000000001,180000000000000001,2025-08-10,1797,40,43825808,1095645,0.022259,0.35,34.44
179000000000000001,180000000000000002,2025-08-10,1407,37,32145255,868791,0.026297,0.34,43.28
179000000000000002,180000000000000003,2025-08-10,619,31,19349448,624176,0.050081,1.01,75.81
179000000000000002,180000000000000004,2025-08-10,89,7,6871685,981669,0.078652,0.25,31.38
179000000000000003,180000000000000005,2025-08-10,512,29,25323688,873231,0.056641,0.5,39.94
179000000000000004,180000000000000006,2025-08-10,421,30,52555650,1751855,0.071259,0.87,88.65
179000000000000004,180000000000000007,2025-08-10,328,21,36077256,1717965,0.064024,0.71,59.42
179000000000000005,180000000000000008,2025-08-10,584,56,25323688,452209,0.09589,2.53,238.99
179000000000000001,180000000000000001,2025-08-11,1588,48,48242542,1005053,0.030227,0.39,22.68
179000000000000001,180000000000000002,2025-08-11,732,16,17894319,1118395,0.021858,0.16,15.6
179000000000000002,180000000000000003,2025-08-11,809,37,23195676,626910,0.045735,1.02,80.29
179000000000000002,180000000000000004,2025-08-11,467,27,20745271,768343,0.057816,1.06,88.02
179000000000000003,180000000000000005,2025-08-11,616,34,29293964,861587,0.055195,0.55,46.88
179000000000000004,180000000000000006,2025-08-11,411,33,58727189,1779612,0.080292,0.98,97.89
179000000000000004,180000000000000007,2025-08-11,256,18,43801688,2433427,0.070312,0.55,71.16
179000000000000005,180000000000000008,2025-08-11,543,70,29293966,418485,0.128913,2.49,190.54
179000000000000001,180000000000000001,2025-08-12,964,31,38182648,1231698,0.032158,0.24,29.76
179000000000000001,180000000000000002,2025-08-12,1617,46,40083017,871370,0.028448,0.45,47.69
179000000000000002,180000000000000003,2025-08-12,692,29,23443156,808385,0.041908,1.07,70.39
179000000000000002,180000000000000004,2025-08-12,270,18,12645646,702536,0.066667,0.51,39.31
179000000000000003,180000000000000005,2025-08-12,543,32,32287279,1008977,0.058932,0.38,42.5
179000000000000004,180000000000000006,2025-08-12,494,45,67115187,1491449,0.091093,1.35,121.89
179000000000000004,180000000000000007,2025-08-12,335,27,45890291,1699640,0.080597,0.88,63.44
179000000000000005,180000000000000008,2025-08-12,502,61,32287280,529300,0.121514,2.35,233.8
179000000000000001,180000000000000001,2025-08-13,2475,64,57143933,892874,0.025859,0.47,48.61
179000000000000001,180000000000000002,2025-08-13,984,25,31247814,1249913,0.025407,0.16,15.75
179000000000000002,180000000000000003,2025-08-13,588,31,19936685,643119,0.052721,0.93,76.74
179000000000000002,180000000000000004,2025-08-13,593,30,24259189,808640,0.05059,0.87,75.08
179000000000000003,180000000000000005,2025-08-13,534,32,29463916,920747,0.059925,0.45,36.31
179000000000000004,180000000000000006,2025-08-13,326,25,45155785,1806231,0.076687,0.67,56.89
179000000000000004,180000000000000007,2025-08-13,304,22,41613559,1891525,0.072368,0.54,68.36
179000000000000005,180000000000000008,2025-08-13,535,50,29463915,589278,0.093458,1.88,155.45
179000000000000001,180000000000000001,2025-08-14,2476,54,53736899,995128,0.021809,0.49,51.1
179000000000000001,180000000000000002,2025-08-14,1369,31,33428869,1078351,0.022644,0.23,18.8
179000000000000002,180000000000000003,2025-08-14,677,30,22427122,747571,0.044313,1.05,84.49
179000000000000002,180000000000000004,2025-08-14,736,29,21155762,729509,0.039402,0.96,97.09
179000000000000003,180000000000000005,2025-08-14,229,15,11166801,744453,0.065502,0.27,22.03
179000000000000004,180000000000000006,2025-08-14,276,20,43038031,2151902,0.072464,0.54,46.54
179000000000000004,180000000000000007,2025-08-14,409,21,34592550,1647264,0.051345,0.61,51.74
179000000000000005,180000000000000008,2025-08-14,595,56,29055255,518844,0.094118,2.7,239.66
179000000000000001,180000000000000001,2025-08-15,2198,52,42823271,823524,0.023658,0.41,37.56
179000000000000001,180000000000000002,2025-08-15,1058,22,26726278,1214831,0.020794,0.18,19.46
179000000000000002,180000000000000003,2025-08-15,502,21,14393259,685393,0.041833,0.67,49.63
179000000000000002,180000000000000004,2025-08-15,621,27,20381516,754871,0.043478,0.87,70.71
179000000000000003,180000000000000005,2025-08-15,428,21,23183184,1103961,0.049065,0.29,19.7
179000000000000004,180000000000000006,2025-08-15,287,27,46529659,1723321,0.094077,0.78,51.24
179000000000000004,180000000000000007,2025-08-15,309,23,34611482,1504847,0.074434,0.77,94.76
179000000000000005,180000000000000008,2025-08-15,467,45,23183183,515182,0.09636,1.9,166.5
179000000000000001,180000000000000001,2025-08-16,2543,64,45704463,714132,0.025167,0.49,41.1
179000000000000001,180000000000000002,2025-08-16,1316,45,36750317,816674,0.034195,0.37,36.26
179000000000000002,180000000000000003,2025-08-16,594,26,22420405,862323,0.043771,0.7,47.64
179000000000000002,180000000000000004,2025-08-16,537,24,18806985,783624,0.044693,0.63,58.08
179000000000000003,180000000000000005,2025-08-16,593,24,27484927,1145205,0.040472,0.38,31.85
179000000000000004,180000000000000006,2025-08-16,504,31,58014957,1871450,0.061508,0.88,62.12
179000000000000004,180000000000000007,2025-08-16,268,22,38182285,1735558,0.08209,0.61,38.74
179000000000000005,180000000000000008,2025-08-16,614,60,27484925,458082,0.09772,2.9,230.0
179000000000000001,180000000000000001,2025-08-17,2083,53,55172735,1040995,0.025444,0.36,29.08
179000000000000001,180000000000000002,2025-08-17,1251,28,27719422,989979,0.022382,0.2,15.84
179000000000000002,180000000000000003,2025-08-17,468,28,19710777,703956,0.059829,0.93,86.07
179000000000000002,180000000000000004,2025-08-17,655,31,21735301,701139,0.047328,1.24,97.98
179000000000000003,180000000000000005,2025-08-17,268,11,14432744,1312068,0.041045,0.15,19.65
179000000000000004,180000000000000006,2025-08-17,376,33,56570165,1714247,0.087766,0.87,91.37
179000000000000004,180000000000000007,2025-08-17,196,18,40137352,2229853,0.091837,0.47,50.25
179000000000000005,180000000000000008,2025-08-17,543,60,27630719,460512,0.110497,2.43,174.08
179000000000000001,180000000000000001,2025-08-18,1840,47,40393055,859427,0.025543,0.4,47.82
179000000000000001,180000000000000002,2025-08-18,1690,45,33766144,750359,0.026627,0.44,46.61
179000000000000002,180000000000000003,2025-08-18,432,25,18501042,740042,0.05787,0.75,58.89
179000000000000002,180000000000000004,2025-08-18,681,31,18578558,599308,0.045521,1.06,139.69
179000000000000003,180000000000000005,2025-08-18,692,32,24719733,772492,0.046243,0.48,51.19
179000000000000004,180000000000000006,2025-08-18,469,35,58117132,1660489,0.074627,0.97,89.06
179000000000000004,180000000000000007,2025-08-18,253,15,28401936,1893462,0.059289,0.41,45.14
179000000000000005,180000000000000008,2025-08-18,573,58,24719734,426202,0.101222,2.58,263.57
179000000000000001,180000000000000001,2025-08-19,1797,47,42823656,911142,0.026155,0.28,22.35
179000000000000001,180000000000000002,2025-08-19,1034,26,31855219,1225201,0.025145,0.18,12.3
179000000000000002,180000000000000003,2025-08-19,695,31,27007937,871224,0.044604,1.13,143.22
179000000000000002,180000000000000004,2025-08-19,556,35,22950940,655741,0.06295,1.15,94.24
179000000000000003,180000000000000005,2025-08-19,652,34,33305918,979586,0.052147,0.51,38.33
179000000000000004,180000000000000006,2025-08-19,674,43,76999659,1790690,0.063798,1.43,153.56
179000000000000004,180000000000000007,2025-08-19,313,22,39571054,1798684,0.070288,0.46,58.48
179000000000000005,180000000000000008,2025-08-19,930,82,33305917,406170,0.088172,3.7,367.66
179000000000000001,180000000000000001,2025-08-20,1488,37,40255659,1087991,0.024866,0.26,30.41
179000000000000001,180000000000000002,2025-08-20,836,18,22705556,1261420,0.021531,0.14,10.26
179000000000000002,180000000000000003,2025-08-20,536,22,15567112,707596,0.041045,0.72,64.42
179000000000000002,180000000000000004,2025-08-20,305,20,15913495,795675,0.065574,0.67,52.81
179000000000000003,180000000000000005,2025-08-20,469,20,20987072,1049354,0.042644,0.37,44.61
179000000000000004,180000000000000006,2025-08-20,350,27,40468532,1498835,0.077143,0.78,65.12
179000000000000004,180000000000000007,2025-08-20,371,26,32986220,1268701,0.070081,0.62,54.02
179000000000000005,180000000000000008,2025-08-20,447,49,20987072,428308,0.10962,2.03,127.09
179000000000000001,180000000000000001,2025-08-21,2720,64,67813589,1059587,0.023529,0.43,35.13
179000000000000001,180000000000000002,2025-08-21,1525,45,41063163,912515,0.029508,0.34,43.21
179000000000000002,180000000000000003,2025-08-21,945,55,30438222,553422,0.058201,1.82,122.11
179000000000000002,180000000000000004,2025-08-21,713,30,24000154,800005,0.042076,0.94,95.89
179000000000000003,180000000000000005,2025-08-21,635,37,36292250,980872,0.058268,0.51,63.01
179000000000000004,180000000000000006,2025-08-21,539,44,76079930,1729089,0.081633,1.22,79.53
179000000000000004,180000000000000007,2025-08-21,476,29,50942947,1756653,0.060924,0.85,64.98
179000000000000005,180000000000000008,2025-08-21,840,68,36292250,533710,0.080952,3.33,317.93
179000000000000001,180000000000000001,2025-08-22,2917,71,53913747,759349,0.02434,0.64,49.8
179000000000000001,180000000000000002,2025-08-22,1071,31,37339634,1204504,0.028945,0.27,18.54
179000000000000002,180000000000000003,2025-08-22,855,37,24255088,655543,0.043275,1.16,141.41
179000000000000002,180000000000000004,2025-08-22,440,25,21371603,854864,0.056818,0.94,85.4
179000000000000003,180000000000000005,2025-08-22,840,36,30417794,844939,0.042857,0.6,59.9
179000000000000004,180000000000000006,2025-08-22,574,41,71203415,1736669,0.071429,0.94,67.75
179000000000000004,180000000000000007,2025-08-22,222,17,35258861,2074051,0.076577,0.46,37.22
179000000000000005,180000000000000008,2025-08-22,590,52,30417793,584958,0.088136,2.53,241.01
179000000000000001,180000000000000001,2025-08-23,3033,70,53551272,765018,0.023079,0.62,49.58
179000000000000001,180000000000000002,2025-08-23,1262,36,29820266,828341,0.028526,0.3,23.17
179000000000000002,180000000000000003,2025-08-23,666,36,21948664,609685,0.054054,1.23,68.89
179000000000000002,180000000000000004,2025-08-23,607,34,19737105,580503,0.056013,1.35,130.86
179000000000000003,180000000000000005,2025-08-23,496,32,27790513,868454,0.064516,0.4,29.85
179000000000000004,180000000000000006,2025-08-23,283,26,54847660,2109525,0.091873,0.69,56.01
179000000000000004,180000000000000007,2025-08-23,333,22,42419134,1928142,0.066066,0.61,74.44
179000000000000005,180000000000000008,2025-08-23,396,45,20055481,445677,0.113636,2.01,200.12
179000000000000001,180000000000000001,2025-08-24,2261,47,41539273,883814,0.020787,0.33,39.94
179000000000000001,180000000000000002,2025-08-24,1374,32,28756462,898639,0.02329,0.29,32.22
179000000000000002,180000000000000003,2025-08-24,564,29,18039710,622059,0.051418,1.17,120.08
179000000000000002,180000000000000004,2025-08-24,557,26,17108158,658006,0.046679,0.71,54.29
179000000000000003,180000000000000005,2025-08-24,510,26,23431911,901227,0.05098,0.38,26.22
179000000000000004,180000000000000006,2025-08-24,372,32,57139102,1785597,0.086022,0.97,96.6
179000000000000004,180000000000000007,2025-08-24,185,10,24872587,2487259,0.054054,0.23,19.7
179000000000000005,180000000000000008,2025-08-24,553,49,23431911,478202,0.088608,2.38,187.74
179000000000000001,180000000000000001,2025-08-25,2125,57,56603795,993049,0.026824,0.52,51.63
179000000000000001,180000000000000002,2025-08-25,1754,47,37077110,788875,0.026796,0.35,18.12
179000000000000002,180000000000000003,2025-08-25,479,28,23548157,841006,0.058455,1.08,96.14
179000000000000002,180000000000000004,2025-08-25,692,32,23292296,727884,0.046243,1.37,150.65
179000000000000003,180000000000000005,2025-08-25,714,28,31226969,1115249,0.039216,0.53,32.64
179000000000000004,180000000000000006,2025-08-25,470,37,66911772,1808426,0.078723,0.97,80.55
179000000000000004,180000000000000007,2025-08-25,270,20,42382618,2119131,0.074074,0.5,40.27
179000000000000005,180000000000000008,2025-08-25,850,76,31226969,410881,0.089412,3.36,258.73
179000000000000001,180000000000000001,2025-08-26,1525,44,46921376,1066395,0.028852,0.32,32.95
179000000000000001,180000000000000002,2025-08-26,765,25,18464876,738595,0.03268,0.15,20.11
179000000000000002,180000000000000003,2025-08-26,527,33,20871079,632457,0.062619,1.22,74.24
179000000000000002,180000000000000004,2025-08-26,583,26,18111841,696609,0.044597,0.93,80.39
179000000000000003,180000000000000005,2025-08-26,466,23,25988614,1129940,0.049356,0.35,26.36
179000000000000004,180000000000000006,2025-08-26,374,30,52563676,1752123,0.080214,0.88,74.05
179000000000000004,180000000000000007,2025-08-26,332,24,38396469,1599853,0.072289,0.77,53.31
179000000000000005,180000000000000008,2025-08-26,462,37,16470298,445143,0.080087,1.55,178.18
179000000000000001,180000000000000001,2025-08-27,1172,32,37662393,1176950,0.027304,0.25,15.68
179000000000000001,180000000000000002,2025-08-27,890,26,29448080,1132618,0.029213,0.22,17.15
179000000000000002,180000000000000003,2025-08-27,405,26,17782821,683955,0.064198,0.85,55.26
179000000000000002,180000000000000004,2025-08-27,417,20,15772414,788621,0.047962,0.72,68.18
179000000000000003,180000000000000005,2025-08-27,522,24,22370158,932090,0.045977,0.28,24.12
179000000000000004,180000000000000006,2025-08-27,145,13,27782342,2137103,0.089655,0.43,42.12
179000000000000004,180000000000000007,2025-08-27,310,21,32564160,1550674,0.067742,0.64,61.22
179000000000000005,180000000000000008,2025-08-27,518,54,22370157,414262,0.104247,2.23,223.51
179000000000000001,180000000000000001,2025-08-28,2132,65,56021796,861874,0.030488,0.47,60.64
179000000000000001,180000000000000002,2025-08-28,753,27,33878039,1254742,0.035857,0.21,21.5
179000000000000002,180000000000000003,2025-08-28,406,25,20333078,813323,0.061576,0.8,46.53
179000000000000002,180000000000000004,2025-08-28,696,30,24616840,820561,0.043103,1.06,125.86
179000000000000003,180000000000000005,2025-08-28,615,35,29966611,856189,0.056911,0.55,54.02
179000000000000004,180000000000000006,2025-08-28,462,40,61919150,1547979,0.08658,1.06,117.02
179000000000000004,180000000000000007,2025-08-28,342,23,42963992,1868000,0.067251,0.63,73.46
179000000000000005,180000000000000008,2025-08-28,515,55,29966612,544847,0.106796,2.67,200.07
179000000000000001,180000000000000001,2025-08-29,1091,33,28738960,870878,0.030247,0.2,13.52
179000000000000001,180000000000000002,2025-08-29,1268,33,29181462,884287,0.026025,0.27,27.54
179000000000000002,180000000000000003,2025-08-29,157,13,9212234,708633,0.082803,0.59,28.49
179000000000000002,180000000000000004,2025-08-29,196,15,8267445,551163,0.076531,0.44,42.22
179000000000000003,180000000000000005,2025-08-29,691,26,24475823,941378,0.037627,0.34,37.33
179000000000000004,180000000000000006,2025-08-29,308,25,51668184,2066727,0.081169,0.66,42.23
179000000000000004,180000000000000007,2025-08-29,178,16,33997195,2124825,0.089888,0.54,53.12
179000000000000005,180000000000000008,2025-08-29,563,53,24475823,461808,0.094139,2.72,259.72
179000000000000001,180000000000000001,2025-08-30,1872,52,49668848,955170,0.027778,0.46,39.79
179000000000000001,180000000000000002,2025-08-30,1228,38,39417611,1037306,0.030945,0.29,20.46
179000000000000002,180000000000000003,2025-08-30,508,28,20869632,745344,0.055118,1.12,130.0
179000000000000002,180000000000000004,2025-08-30,485,29,23673598,816331,0.059794,0.83,51.09
179000000000000003,180000000000000005,2025-08-30,434,19,15040439,791602,0.043779,0.23,30.19
179000000000000004,180000000000000006,2025-08-30,479,37,67311618,1819233,0.077244,0.89,82.03
179000000000000004,180000000000000007,2025-08-30,350,28,36622584,1307949,0.08,0.84,51.62
179000000000000005,180000000000000008,2025-08-30,564,54,29695486,549916,0.095745,2.44,270.45
179000000000000001,180000000000000001,2025-08-31,2829,60,50045472,834091,0.021209,0.42,42.4
179000000000000001,180000000000000002,2025-08-31,1252,36,42663803,1185106,0.028754,0.28,30.54
179000000000000002,180000000000000003,2025-08-31,483,34,23623775,694817,0.070393,0.97,76.04
179000000000000002,180000000000000004,2025-08-31,553,31,22730863,733254,0.056058,1.38,104.72
179000000000000003,180000000000000005,2025-08-31,518,29,30903092,1065624,0.055985,0.48,41.95
179000000000000004,180000000000000006,2025-08-31,384,34,60600262,1782361,0.088542,1.11,62.07
179000000000000004,180000000000000007,2025-08-31,387,25,47560561,1902422,0.064599,0.78,89.43
179000000000000005,180000000000000008,2025-08-31,887,83,30903091,372326,0.093574,3.89,367.4
179000000000000001,180000000000000001,2025-09-01,2839,75,66018360,880245,0.026418,0.64,36.41
179000000000000001,180000000000000002,2025-09-01,1632,46,45655516,992511,0.028186,0.42,49.84
179000000000000002,180000000000000003,2025-09-01,602,34,29465519,866633,0.056478,1.31,123.79
179000000000000002,180000000000000004,2025-09-01,656,34,26371420,775630,0.051829,0.94,62.02
179000000000000003,180000000000000005,2025-09-01,343,16,17614032,1100877,0.046647,0.28,14.69
179000000000000004,180000000000000006,2025-09-01,468,42,75156842,1789449,0.089744,1.12,125.28
179000000000000004,180000000000000007,2025-09-01,460,26,55129349,2120360,0.056522,0.59,55.03
179000000000000005,180000000000000008,2025-09-01,799,85,37224626,437937,0.106383,4.09,466.84
179000000000000001,180000000000000001,2025-09-02,2893,84,70730373,842028,0.029036,0.72,77.41
179000000000000001,180000000000000002,2025-09-02,1312,43,50065454,1164313,0.032774,0.24,20.73
179000000000000002,180000000000000003,2025-09-02,827,57,32517519,570483,0.068924,2.15,126.55
179000000000000002,180000000000000004,2025-09-02,840,37,27880395,753524,0.044048,1.28,155.97
179000000000000003,180000000000000005,2025-09-02,820,51,40265276,789515,0.062195,0.82,73.44
179000000000000004,180000000000000006,2025-09-02,477,39,59737256,1531725,0.081761,1.05,77.07
179000000000000004,180000000000000007,2025-09-02,301,27,51409911,1904071,0.089701,0.65,47.58
179000000000000005,180000000000000008,2025-09-02,914,100,40265275,402653,0.109409,4.44,530.66
179000000000000001,180000000000000001,2025-09-03,2805,70,74109220,1058703,0.024955,0.59,70.18
179000000000000001,180000000000000002,2025-09-03,1847,61,58478109,958658,0.033027,0.57,55.96
179000000000000002,180000000000000003,2025-09-03,692,33,29303714,887991,0.047688,1.18,100.16
179000000000000002,180000000000000004,2025-09-03,851,43,36989951,860231,0.050529,1.47,104.31
179000000000000003,180000000000000005,2025-09-03,741,39,44195776,1133225,0.052632,0.61,55.76
179000000000000004,180000000000000006,2025-09-03,939,57,88717346,1556445,0.060703,1.55,141.31
179000000000000004,180000000000000007,2025-09-03,378,30,65967871,2198929,0.079365,0.86,38.54
179000000000000005,180000000000000008,2025-09-03,759,84,44195777,526140,0.110672,4.59,328.48
179000000000000001,180000000000000001,2025-09-04,2407,64,74736805,1167763,0.026589,0.54,68.02
179000000000000001,180000000000000002,2025-09-04,2044,53,61473633,1159880,0.02593,0.46,38.77
179000000000000002,180000000000000004,2025-09-04,364,23,21336326,927666,0.063187,0.73,77.95
179000000000000003,180000000000000005,2025-09-04,1021,56,45403479,810776,0.054848,0.69,43.51
179000000000000004,180000000000000006,2025-09-04,745,53,95856922,1808621,0.071141,1.44,175.73
179000000000000004,180000000000000007,2025-09-04,312,26,63055255,2425202,0.083333,0.73,73.61
179000000000000005,180000000000000008,2025-09-04,1226,108,45403479,420403,0.088091,3.9,424.52
179000000000000001,180000000000000001,2025-09-05,1355,38,44679619,1175779,0.028044,0.27,19.53
179000000000000001,180000000000000002,2025-09-05,1619,48,46841348,975861,0.029648,0.47,48.21
179000000000000002,180000000000000003,2025-09-05,542,31,24561820,792317,0.057196,1.15,142.14
179000000000000002,180000000000000004,2025-09-05,253,12,11100326,925027,0.047431,0.38,35.91
179000000000000003,180000000000000005,2025-09-05,641,37,37321853,1008699,0.057722,0.45,45.53
179000000000000004,180000000000000006,2025-09-05,663,45,79122772,1758284,0.067873,0.93,81.94
179000000000000004,180000000000000007,2025-09-05,457,32,51503717,1609491,0.070022,0.94,82.73
179000000000000005,180000000000000008,2025-09-05,795,102,37321854,365901,0.128302,3.69,294.94
179000000000000001,180000000000000001,2025-09-06,3416,103,81839967,794563,0.030152,0.81,77.18
179000000000000001,180000000000000002,2025-09-06,2546,68,48837892,718204,0.026709,0.57,62.16
179000000000000002,180000000000000003,2025-09-06,1029,41,30184818,736215,0.039845,1.56,174.68
179000000000000002,180000000000000004,2025-09-06,479,32,17567245,548976,0.066806,0.87,57.52
179000000000000003,180000000000000005,2025-09-06,725,48,43559286,907485,0.066207,0.76,80.1
179000000000000004,180000000000000006,2025-09-06,539,51,82430469,1616284,0.09462,1.4,125.0
179000000000000004,180000000000000007,2025-09-06,460,36,70027033,1945195,0.078261,0.91,78.37
179000000000000005,180000000000000008,2025-09-06,1040,108,43559286,403327,0.103846,5.46,741.07
179000000000000001,180000000000000001,2025-09-07,3088,91,82374897,905219,0.029469,0.82,59.14
179000000000000001,180000000000000002,2025-09-07,2327,72,54205572,752855,0.030941,0.56,57.18
179000000000000002,180000000000000003,2025-09-07,920,40,34002008,850050,0.043478,1.54,114.09
179000000000000002,180000000000000004,2025-09-07,715,37,34288226,926709,0.051748,1.28,70.29
179000000000000003,180000000000000005,2025-09-07,835,47,45526824,968656,0.056287,0.71,65.17
179000000000000004,180000000000000006,2025-09-07,1007,62,104712456,1688911,0.061569,1.63,168.6
179000000000000004,180000000000000007,2025-09-07,405,30,54631426,1821048,0.074074,0.78,82.79
179000000000000005,180000000000000008,2025-09-07,784,94,45526823,484328,0.119898,4.82,542.9
179000000000000001,180000000000000001,2025-09-08,1778,53,47820128,902267,0.029809,0.5,40.77
179000000000000001,180000000000000002,2025-09-08,989,33,25756406,780497,0.033367,0.32,22.04
179000000000000002,180000000000000003,2025-09-08,502,20,16580415,829021,0.039841,0.68,76.6
179000000000000002,180000000000000004,2025-09-08,760,33,20207851,612359,0.043421,0.85,92.6
179000000000000003,180000000000000005,2025-09-08,486,26,24525511,943289,0.053498,0.47,40.36
179000000000000004,180000000000000006,2025-09-08,253,23,47743030,2075784,0.090909,0.56,62.15
179000000000000004,180000000000000007,2025-09-08,249,19,38096259,2005066,0.076305,0.54,43.73
179000000000000005,180000000000000008,2025-09-08,230,31,17325733,558895,0.134783,1.18,100.49
179000000000000001,180000000000000001,2025-09-09,2009,53,62044733,1170655,0.026381,0.46,51.43
179000000000000001,180000000000000002,2025-09-09,1220,45,37362468,830277,0.036885,0.42,35.11
179000000000000002,180000000000000003,2025-09-09,522,27,25461660,943024,0.051724,0.95,89.41
179000000000000002,180000000000000004,2025-09-09,781,36,24241941,673387,0.046095,1.41,97.38
179000000000000003,180000000000000005,2025-09-09,669,32,33135733,1035492,0.047833,0.45,39.64
179000000000000004,180000000000000006,2025-09-09,569,38,74256998,1954132,0.066784,0.86,79.67
179000000000000004,180000000000000007,2025-09-09,279,20,41718070,2085904,0.071685,0.58,56.28
179000000000000005,180000000000000008,2025-09-09,644,58,23340491,402422,0.090062,2.33,155.87
179000000000000001,180000000000000001,2025-09-10,2230,59,55758641,945062,0.026457,0.44,35.21
179000000000000001,180000000000000002,2025-09-10,1783,41,34291159,836370,0.022995,0.4,30.37
179000000000000002,180000000000000003,2025-09-10,256,12,11702079,975173,0.046875,0.51,40.24
179000000000000002,180000000000000004,2025-09-10,688,26,22588827,868801,0.037791,1.12,130.11
179000000000000003,180000000000000005,2025-09-10,491,25,30016600,1200664,0.050916,0.39,36.65
179000000000000004,180000000000000006,2025-09-10,573,44,63459856,1442269,0.076789,1.22,87.21
179000000000000004,180000000000000007,2025-09-10,367,33,41598244,1260553,0.089918,0.78,83.0
179000000000000005,180000000000000008,2025-09-10,672,71,30016599,422769,0.105655,3.14,308.75
179000000000000001,180000000000000001,2025-09-11,2480,48,48009925,1000207,0.019355,0.37,34.22
179000000000000001,180000000000000002,2025-09-11,1404,39,35819540,918450,0.027778,0.3,38.4
179000000000000002,180000000000000003,2025-09-11,425,24,19536266,814011,0.056471,0.94,78.92
179000000000000002,180000000000000004,2025-09-11,561,31,22378466,721886,0.055258,0.97,53.19
179000000000000003,180000000000000005,2025-09-11,573,23,27943155,1214920,0.04014,0.35,39.81
179000000000000004,180000000000000006,2025-09-11,631,42,56854573,1353680,0.066561,1.19,84.74
179000000000000004,180000000000000007,2025-09-11,142,8,19052729,2381591,0.056338,0.21,21.28
179000000000000005,180000000000000008,2025-09-11,484,40,20461084,511527,0.082645,1.53,133.44
179000000000000001,180000000000000001,2025-09-12,2028,61,45133260,739890,0.030079,0.46,39.22
179000000000000001,180000000000000002,2025-09-12,1338,39,32942723,844685,0.029148,0.36,41.57
179000000000000002,180000000000000003,2025-09-12,502,24,17051626,710484,0.047809,0.74,38.25
179000000000000002,180000000000000004,2025-09-12,549,33,21986366,666254,0.060109,1.2,140.6
179000000000000003,180000000000000005,2025-09-12,657,33,26025328,788646,0.050228,0.52,29.87
179000000000000004,180000000000000006,2025-09-12,352,28,55061302,1966475,0.079545,0.81,71.23
179000000000000004,180000000000000007,2025-09-12,235,17,36027347,2119256,0.07234,0.4,41.1
179000000000000005,180000000000000008,2025-09-12,433,41,26025328,634764,0.094688,1.89,201.34
179000000000000001,180000000000000001,2025-09-13,2265,56,50299864,898212,0.024724,0.46,29.41
179000000000000001,180000000000000002,2025-09-13,1374,45,42455180,943448,0.032751,0.33,28.13
179000000000000002,180000000000000003,2025-09-13,820,45,26505565,589013,0.054878,1.91,194.43
179000000000000002,180000000000000004,2025-09-13,566,25,19871957,794878,0.04417,1.04,89.28
179000000000000003,180000000000000005,2025-09-13,661,33,30918348,936920,0.049924,0.41,21.11
179000000000000004,180000000000000006,2025-09-13,281,25,42212950,1688518,0.088968,0.76,87.87
179000000000000004,180000000000000007,2025-09-13,463,25,40676216,1627049,0.053996,0.69,48.25
179000000000000005,180000000000000008,2025-09-13,577,56,30918349,552113,0.097054,2.6,245.9
179000000000000001,180000000000000001,2025-09-14,2263,55,53947019,980855,0.024304,0.47,44.8
179000000000000001,180000000000000002,2025-09-14,1464,31,36811491,1187467,0.021175,0.28,25.14
179000000000000002,180000000000000003,2025-09-14,680,40,26685546,667139,0.058824,1.2,97.59
179000000000000002,180000000000000004,2025-09-14,594,31,18693709,603023,0.052189,1.23,85.03
179000000000000003,180000000000000005,2025-09-14,759,36,30252836,840357,0.047431,0.53,44.89
179000000000000004,180000000000000006,2025-09-14,495,37,62989182,1702410,0.074747,1.13,77.72
179000000000000004,180000000000000007,2025-09-14,231,23,42895747,1865032,0.099567,0.55,29.33
179000000000000005,180000000000000008,2025-09-14,569,51,30252837,593193,0.089631,2.09,206.32
179000000000000001,180000000000000001,2025-09-15,2194,70,78206866,1117241,0.031905,0.58,54.29
179000000000000001,180000000000000002,2025-09-15,1387,22,30473711,1385169,0.015862,0.21,18.41
179000000000000002,180000000000000003,2025-09-15,611,35,34189228,976835,0.057283,1.2,58.15
179000000000000002,180000000000000004,2025-09-15,561,23,21613573,939721,0.040998,1.02,106.82
179000000000000003,180000000000000005,2025-09-15,1225,47,45671759,971740,0.038367,0.74,72.6
179000000000000004,180000000000000006,2025-09-15,844,58,89216704,1538219,0.06872,1.81,177.13
179000000000000004,180000000000000007,2025-09-15,683,37,70634453,1909039,0.054173,1.13,83.86
179000000000000005,180000000000000008,2025-09-15,953,78,45671759,585535,0.081847,2.74,216.1
179000000000000001,180000000000000001,2025-09-16,2943,60,73500427,1225007,0.020387,0.43,44.9
179000000000000001,180000000000000002,2025-09-16,1660,50,40467251,809345,0.03012,0.37,31.46
179000000000000002,180000000000000003,2025-09-16,585,34,25929032,762619,0.05812,1.38,168.61
179000000000000002,180000000000000004,2025-09-16,514,32,31054807,970463,0.062257,1.07,83.13
179000000000000003,180000000000000005,2025-09-16,1049,39,37989226,974083,0.037178,0.73,48.81
179000000000000004,180000000000000006,2025-09-16,547,43,86504258,2011727,0.078611,1.08,107.01
179000000000000004,180000000000000007,2025-09-16,351,30,46458033,1548601,0.08547,1.04,119.25
179000000000000005,180000000000000008,2025-09-16,776,84,37989226,452253,0.108247,4.07,358.9
179000000000000001,180000000000000001,2025-09-17,3329,79,74545095,943609,0.023731,0.72,49.07
179000000000000001,180000000000000002,2025-09-17,1163,47,40068796,852528,0.040413,0.42,46.79
179000000000000002,180000000000000003,2025-09-17,487,39,29085839,745791,0.080082,1.27,137.9
179000000000000002,180000000000000004,2025-09-17,574,30,28221108,940704,0.052265,1.2,80.42
179000000000000003,180000000000000005,2025-09-17,727,36,38204631,1061240,0.049519,0.48,38.23
179000000000000004,180000000000000006,2025-09-17,570,46,80460831,1749148,0.080702,1.13,94.34
179000000000000004,180000000000000007,2025-09-17,351,26,53255376,2048284,0.074074,0.86,93.92
179000000000000005,180000000000000008,2025-09-17,865,100,38204631,382046,0.115607,4.38,385.02
179000000000000001,180000000000000001,2025-09-18,3279,87,96287993,1106759,0.026532,0.53,53.03
179000000000000001,180000000000000002,2025-09-18,2056,51,53526142,1049532,0.024805,0.44,27.04
179000000000000002,180000000000000003,2025-09-18,1464,76,41037776,539971,0.051913,3.06,319.08
179000000000000002,180000000000000004,2025-09-18,1259,59,33869292,574056,0.046863,2.0,141.99
179000000000000003,180000000000000005,2025-09-18,896,45,49938045,1109734,0.050223,0.65,73.09
179000000000000004,180000000000000006,2025-09-18,774,73,109952984,1506205,0.094315,2.3,195.56
179000000000000004,180000000000000007,2025-09-18,310,25,40476018,1619041,0.080645,0.5,60.19
179000000000000005,180000000000000008,2025-09-18,891,94,49938046,531256,0.105499,5.26,391.94
179000000000000001,180000000000000001,2025-09-19,3683,84,84665169,1007919,0.022807,0.73,73.86
179000000000000001,180000000000000002,2025-09-19,2086,62,59241930,955515,0.029722,0.52,52.04
179000000000000002,180000000000000003,2025-09-19,710,49,34148976,696918,0.069014,2.0,135.68
179000000000000002,180000000000000004,2025-09-19,1389,56,37804573,675082,0.040317,1.76,235.1
179000000000000003,180000000000000005,2025-09-19,1263,54,47969033,888315,0.042755,0.75,83.86
179000000000000004,180000000000000006,2025-09-19,532,45,103695835,2304352,0.084586,1.4,149.89
179000000000000004,180000000000000007,2025-09-19,503,36,64195781,1783216,0.071571,1.13,71.2
179000000000000005,180000000000000008,2025-09-19,1037,106,47969033,452538,0.102218,3.93,343.77
179000000000000001,180000000000000001,2025-09-20,3030,73,70804443,969924,0.024092,0.68,52.34
179000000000000001,180000000000000002,2025-09-20,1707,50,42379138,847583,0.029291,0.43,55.25
179000000000000002,180000000000000003,2025-09-20,662,32,26694924,834216,0.048338,0.91,63.69
179000000000000002,180000000000000004,2025-09-20,1209,49,29896868,610140,0.040529,1.95,236.39
179000000000000003,180000000000000005,2025-09-20,1228,44,37727860,857451,0.035831,0.62,46.99
179000000000000004,180000000000000006,2025-09-20,482,34,56942300,1674774,0.070539,0.88,87.04
179000000000000004,180000000000000007,2025-09-20,386,31,49021505,1581339,0.080311,0.96,112.71
179000000000000005,180000000000000008,2025-09-20,637,55,24104612,438266,0.086342,2.42,152.75
179000000000000001,180000000000000001,2025-09-21,3887,78,65681240,842067,0.020067,0.71,59.8
179000000000000001,180000000000000002,2025-09-21,1643,41,42430013,1034878,0.024954,0.24,25.52
179000000000000002,180000000000000003,2025-09-21,368,27,23223079,860114,0.07337,1.21,137.71
179000000000000002,180000000000000004,2025-09-21,1148,45,30832548,685168,0.039199,1.67,200.31
179000000000000003,180000000000000005,2025-09-21,728,36,36037084,1001030,0.049451,0.48,39.8
179000000000000004,180000000000000006,2025-09-21,437,41,76847959,1874340,0.093822,1.19,71.92
179000000000000004,180000000000000007,2025-09-21,293,27,49281836,1825253,0.09215,0.79,75.14
179000000000000005,180000000000000008,2025-09-21,697,65,36037084,554417,0.093257,3.06,271.11
179000000000000001,180000000000000001,2025-09-22,3542,93,71101090,764528,0.026256,0.66,63.73
179000000000000001,180000000000000002,2025-09-22,1769,54,50680848,938534,0.030526,0.37,33.36
179000000000000002,180000000000000003,2025-09-22,662,34,25975751,763993,0.05136,1.26,103.9
179000000000000002,180000000000000004,2025-09-22,1164,56,34915217,623486,0.04811,2.2,207.0
179000000000000003,180000000000000005,2025-09-22,763,40,40593979,1014849,0.052425,0.59,63.82
179000000000000004,180000000000000006,2025-09-22,666,42,86802571,2066728,0.063063,1.05,87.16
179000000000000004,180000000000000007,2025-09-22,294,24,55276355,2303181,0.081633,0.77,95.58
179000000000000005,180000000000000008,2025-09-22,892,92,40593978,441239,0.103139,3.93,346.77
179000000000000001,180000000000000001,2025-09-23,4072,103,74335685,721706,0.025295,0.82,78.27
179000000000000001,180000000000000002,2025-09-23,1413,42,49249504,1172607,0.029724,0.34,20.88
179000000000000002,180000000000000003,2025-09-23,1271,59,37373207,633444,0.04642,1.67,139.59
179000000000000002,180000000000000004,2025-09-23,647,37,24419388,659983,0.057187,1.21,125.8
179000000000000003,180000000000000005,2025-09-23,1083,47,41195062,876491,0.043398,0.74,70.33
179000000000000004,180000000000000006,2025-09-23,522,42,82683906,1968664,0.08046,1.11,80.37
179000000000000004,180000000000000007,2025-09-23,573,34,61498815,1808789,0.059337,0.9,108.77
179000000000000005,180000000000000008,2025-09-23,609,76,41195062,542040,0.124795,3.39,239.63
179000000000000001,180000000000000001,2025-09-24,2691,62,60777599,980284,0.02304,0.56,34.47
179000000000000001,180000000000000002,2025-09-24,1615,49,40553707,827627,0.030341,0.3,34.13
179000000000000002,180000000000000003,2025-09-24,620,32,22358028,698688,0.051613,1.01,105.9
179000000000000002,180000000000000004,2025-09-24,748,37,28307626,765071,0.049465,1.58,133.74
179000000000000003,180000000000000005,2025-09-24,540,34,33777103,993444,0.062963,0.4,28.47
179000000000000004,180000000000000006,2025-09-24,470,42,75800794,1804781,0.089362,1.08,71.02
179000000000000004,180000000000000007,2025-09-24,250,23,42419063,1844307,0.092,0.46,42.45
179000000000000005,180000000000000008,2025-09-24,587,52,33777103,649560,0.088586,2.73,257.32
179000000000000001,180000000000000001,2025-09-25,2882,51,37798948,741156,0.017696,0.43,31.47
179000000000000001,180000000000000002,2025-09-25,1504,44,50254422,1142146,0.029255,0.36,41.33
179000000000000002,180000000000000003,2025-09-25,935,44,26926679,611970,0.047059,1.44,113.13
179000000000000002,180000000000000004,2025-09-25,994,51,30275917,593645,0.051308,1.94,229.99
179000000000000003,180000000000000005,2025-09-25,709,35,38135063,1089573,0.049365,0.66,67.2
179000000000000004,180000000000000006,2025-09-25,724,56,81797147,1460663,0.077348,1.36,138.14
179000000000000004,180000000000000007,2025-09-25,575,35,51675576,1476445,0.06087,0.75,47.62
179000000000000005,180000000000000008,2025-09-25,1034,84,38135064,453989,0.081238,3.47,389.36
179000000000000001,180000000000000001,2025-09-26,2313,67,78067138,1165181,0.028967,0.56,38.57
179000000000000001,180000000000000002,2025-09-26,1542,43,50182402,1167033,0.027886,0.27,24.19
179000000000000002,180000000000000003,2025-09-26,829,39,30788778,789456,0.047045,1.46,94.05
179000000000000002,180000000000000004,2025-09-26,1298,54,33335992,617333,0.041602,1.72,136.46
179000000000000003,180000000000000005,2025-09-26,980,41,42749847,1042679,0.041837,0.58,41.74
179000000000000004,180000000000000006,2025-09-26,506,50,86428551,1728571,0.098814,1.27,71.78
179000000000000004,180000000000000007,2025-09-26,700,43,63195913,1469672,0.061429,1.29,57.06
179000000000000005,180000000000000008,2025-09-26,1295,109,42749847,392200,0.08417,4.25,402.86
179000000000000001,180000000000000001,2025-09-27,2000,64,76851029,1200797,0.032,0.49,39.11
179000000000000001,180000000000000002,2025-09-27,2376,51,53781683,1054543,0.021465,0.47,46.05
179000000000000002,180000000000000003,2025-09-27,674,39,31783970,814974,0.057864,1.53,161.86
179000000000000002,180000000000000004,2025-09-27,399,24,18944305,789346,0.06015,0.67,47.73
179000000000000003,180000000000000005,2025-09-27,1003,44,43544237,989642,0.043868,0.61,44.15
179000000000000004,180000000000000006,2025-09-27,595,47,80173153,1705812,0.078992,1.14,71.84
179000000000000004,180000000000000007,2025-09-27,489,36,72231678,2006436,0.07362,1.28,131.09
179000000000000005,180000000000000008,2025-09-27,832,84,43544237,518384,0.100962,3.8,370.23
179000000000000001,180000000000000001,2025-09-28,2917,85,71965423,846652,0.02914,0.53,36.73
179000000000000001,180000000000000002,2025-09-28,1653,45,45257420,1005720,0.027223,0.37,30.73
179000000000000002,180000000000000003,2025-09-28,552,32,30806458,962702,0.057971,1.21,116.06
179000000000000002,180000000000000004,2025-09-28,990,37,27804964,751486,0.037374,1.28,86.86
179000000000000003,180000000000000005,2025-09-28,968,45,39074281,868317,0.046488,0.67,73.74
179000000000000004,180000000000000006,2025-09-28,526,33,62568634,1896019,0.062738,0.86,38.61
179000000000000004,180000000000000007,2025-09-28,307,29,43028180,1483730,0.094463,0.74,55.2
179000000000000005,180000000000000008,2025-09-28,732,75,39074280,520990,0.102459,3.34,362.73
179000000000000001,180000000000000001,2025-09-29,2309,76,76381123,1005015,0.032915,0.55,58.9
179000000000000001,180000000000000002,2025-09-29,2135,49,51656879,1054222,0.022951,0.38,35.89
179000000000000002,180000000000000003,2025-09-29,672,42,29787249,709220,0.0625,1.82,206.75
179000000000000002,180000000000000004,2025-09-29,1141,54,34231752,633921,0.047327,1.76,137.77
179000000000000003,180000000000000005,2025-09-29,791,48,42679333,889153,0.060683,0.67,64.92
179000000000000004,180000000000000006,2025-09-29,626,51,95497966,1872509,0.08147,1.4,91.1
179000000000000004,180000000000000007,2025-09-29,329,32,53879703,1683741,0.097264,0.9,86.63
179000000000000005,180000000000000008,2025-09-29,1179,100,42679333,426793,0.084818,4.16,500.16
179000000000000001,180000000000000001,2025-09-30,1757,46,58881306,1280028,0.026181,0.31,25.69
179000000000000001,180000000000000002,2025-09-30,1660,52,33340301,641160,0.031325,0.5,49.57
179000000000000002,180000000000000003,2025-09-30,430,27,21247577,786947,0.062791,0.73,63.91
179000000000000002,180000000000000004,2025-09-30,536,31,24863226,802040,0.057836,1.05,79.65
179000000000000003,180000000000000005,2025-09-30,562,34,30740535,904133,0.060498,0.48,31.36
179000000000000004,180000000000000006,2025-09-30,455,36,64637896,1795497,0.079121,0.94,97.53
179000000000000004,180000000000000007,2025-09-30,242,23,42953976,1867564,0.095041,0.57,35.36
179000000000000005,180000000000000008,2025-09-30,494,55,30740535,558919,0.111336,2.28,286.06
179000000000000001,180000000000000001,2025-10-01,3078,75,64196370,855952,0.024366,0.47,56.0
179000000000000001,180000000000000002,2025-10-01,2132,53,53201477,1003801,0.024859,0.49,43.32
179000000000000002,180000000000000003,2025-10-01,551,38,27164830,714864,0.068966,1.25,126.27
179000000000000002,180000000000000004,2025-10-01,1100,48,31534095,656960,0.043636,1.75,162.81
179000000000000003,180000000000000005,2025-10-01,701,43,39132616,910061,0.061341,0.54,40.34
179000000000000004,180000000000000006,2025-10-01,291,29,53059143,1829626,0.099656,0.84,74.32
179000000000000004,180000000000000007,2025-10-01,371,33,51237818,1552661,0.088949,0.76,94.69
179000000000000005,180000000000000008,2025-10-01,924,86,39132616,455030,0.093074,4.03,335.23
179000000000000001,180000000000000001,2025-10-02,1876,50,51325586,1026512,0.026652,0.44,36.1
179000000000000001,180000000000000002,2025-10-02,1469,43,42801275,995378,0.029272,0.38,47.1
179000000000000002,180000000000000003,2025-10-02,582,31,27349632,882246,0.053265,1.09,102.98
179000000000000002,180000000000000004,2025-10-02,401,21,19713798,938752,0.052369,0.74,32.33
179000000000000003,180000000000000005,2025-10-02,313,16,19040826,1190052,0.051118,0.23,20.05
179000000000000004,180000000000000006,2025-10-02,683,39,63703869,1633433,0.057101,1.02,96.91
179000000000000004,180000000000000007,2025-10-02,359,29,46110802,1590028,0.08078,0.67,78.17
179000000000000005,180000000000000008,2025-10-02,579,68,31375620,461406,0.117444,3.5,268.02
179000000000000001,180000000000000001,2025-10-03,2361,64,67564976,1055703,0.027107,0.41,28.93
179000000000000001,180000000000000002,2025-10-03,2087,51,51431700,1008465,0.024437,0.46,46.99
179000000000000002,180000000000000003,2025-10-03,1293,51,30602897,600057,0.039443,1.91,211.74
179000000000000002,180000000000000004,2025-10-03,565,34,28895442,849866,0.060177,0.99,119.76
179000000000000003,180000000000000005,2025-10-03,799,41,39665558,967453,0.051314,0.73,65.59
179000000000000004,180000000000000006,2025-10-03,704,52,91142053,1752732,0.073864,1.51,101.55
179000000000000004,180000000000000007,2025-10-03,310,24,47687402,1986975,0.077419,0.59,42.66
179000000000000005,180000000000000008,2025-10-03,739,83,39665559,477898,0.112314,3.93,320.44
179000000000000001,180000000000000001,2025-10-04,1476,39,43132770,1105968,0.026423,0.3,32.95
179000000000000001,180000000000000002,2025-10-04,1345,48,37143013,773813,0.035688,0.31,32.76
179000000000000002,180000000000000003,2025-10-04,508,31,23350615,753246,0.061024,1.07,75.24
179000000000000002,180000000000000004,2025-10-04,996,44,24244190,551004,0.044177,1.55,149.65
179000000000000003,180000000000000005,2025-10-04,505,30,31729869,1057662,0.059406,0.46,31.96
179000000000000004,180000000000000006,2025-10-04,579,44,70398659,1599970,0.075993,1.36,100.55
179000000000000004,180000000000000007,2025-10-04,355,21,40655885,1935995,0.059155,0.57,52.36
179000000000000005,180000000000000008,2025-10-04,570,61,31729870,520162,0.107018,2.38,231.63
179000000000000001,180000000000000001,2025-10-05,2090,57,59742123,1048107,0.027273,0.44,34.66
179000000000000001,180000000000000002,2025-10-05,1659,64,48015508,750242,0.038577,0.5,28.57
179000000000000002,180000000000000003,2025-10-05,373,26,22733742,874375,0.069705,1.06,118.05
179000000000000002,180000000000000004,2025-10-05,883,36,31145073,865141,0.04077,0.98,79.21
179000000000000003,180000000000000005,2025-10-05,841,36,35919210,997756,0.042806,0.56,28.5
179000000000000004,180000000000000006,2025-10-05,343,29,47518432,1638567,0.084548,0.74,68.13
179000000000000004,180000000000000007,2025-10-05,427,26,49306169,1896391,0.06089,0.68,48.95
179000000000000005,180000000000000008,2025-10-05,882,90,35919210,399102,0.102041,3.97,312.42
179000000000000001,180000000000000001,2025-10-06,2652,57,48437322,849778,0.021493,0.5,55.36
179000000000000001,180000000000000002,2025-10-06,1875,37,32163969,869296,0.019733,0.29,24.76
179000000000000002,180000000000000003,2025-10-06,415,20,19090577,954529,0.048193,0.84,67.46
179000000000000002,180000000000000004,2025-10-06,681,33,21210068,642729,0.048458,1.2,140.32
179000000000000003,180000000000000005,2025-10-06,670,28,26867098,959539,0.041791,0.36,37.05
179000000000000004,180000000000000006,2025-10-06,393,33,53944942,1634695,0.083969,1.02,121.63
179000000000000004,180000000000000007,2025-10-06,340,26,40089898,1541919,0.076471,0.84,70.44
179000000000000005,180000000000000008,2025-10-06,689,75,26867097,358228,0.108853,3.34,252.86
179000000000000001,180000000000000001,2025-10-07,2514,57,46536305,816426,0.022673,0.5,40.85
179000000000000001,180000000000000002,2025-10-07,763,26,33177125,1276043,0.034076,0.22,20.3
179000000000000002,180000000000000003,2025-10-07,186,17,10248576,602857,0.091398,0.69,42.4
179000000000000002,180000000000000004,2025-10-07,706,34,19404045,570707,0.048159,1.3,78.06
179000000000000003,180000000000000005,2025-10-07,461,25,26571144,1062846,0.05423,0.33,38.95
179000000000000004,180000000000000006,2025-10-07,313,24,51797870,2158245,0.076677,0.65,71.92
179000000000000004,180000000000000007,2025-10-07,266,19,41201132,2168481,0.071429,0.58,65.69
179000000000000005,180000000000000008,2025-10-07,630,65,26571143,408787,0.103175,3.53,268.86
179000000000000001,180000000000000001,2025-10-08,2501,72,68813101,955738,0.028788,0.55,50.42
179000000000000001,180000000000000002,2025-10-08,1681,50,31120189,622404,0.029744,0.38,36.35
179000000000000002,180000000000000003,2025-10-08,617,19,12696711,668248,0.030794,0.57,41.77
179000000000000002,180000000000000004,2025-10-08,777,38,23741865,624786,0.048906,1.52,163.74
179000000000000003,180000000000000005,2025-10-08,397,21,14884093,708766,0.052897,0.31,39.74
179000000000000004,180000000000000006,2025-10-08,566,43,72255300,1680356,0.075972,1.23,92.21
179000000000000004,180000000000000007,2025-10-08,370,30,44333537,1477785,0.081081,0.93,65.7
179000000000000005,180000000000000008,2025-10-08,578,60,33311096,555185,0.103806,3.4,319.92
179000000000000001,180000000000000001,2025-10-09,1607,41,44856138,1094052,0.025513,0.33,27.9
179000000000000001,180000000000000002,2025-10-09,260,13,13136296,1010484,0.05,0.13,12.27
179000000000000002,180000000000000003,2025-10-09,477,28,19101736,682205,0.0587,1.1,99.3
179000000000000002,180000000000000004,2025-10-09,586,28,18307167,653827,0.047782,1.07,89.8
179000000000000003,180000000000000005,2025-10-09,402,26,24939268,959203,0.064677,0.35,33.76
179000000000000004,180000000000000006,2025-10-09,363,28,54551139,1948255,0.077135,0.96,100.36
179000000000000004,180000000000000007,2025-10-09,317,24,32736299,1364012,0.07571,0.63,62.96
179000000000000005,180000000000000008,2025-10-09,412,51,24939268,489005,0.123786,2.05,121.69
179000000000000001,180000000000000001,2025-10-10,3172,76,53711961,706736,0.02396,0.54,47.26
179000000000000001,180000000000000002,2025-10-10,1204,39,33199565,851271,0.032392,0.26,18.64
179000000000000002,180000000000000003,2025-10-10,579,35,20095755,574164,0.060449,1.2,112.48
179000000000000002,180000000000000004,2025-10-10,464,27,23360008,865185,0.05819,1.01,92.88
179000000000000003,180000000000000005,2025-10-10,714,40,28970508,724263,0.056022,0.53,49.9
179000000000000004,180000000000000006,2025-10-10,557,39,60360878,1547715,0.070018,1.21,113.86
179000000000000004,180000000000000007,2025-10-10,293,23,41035902,1784170,0.078498,0.64,51.02
179000000000000005,180000000000000008,2025-10-10,286,28,18302555,653663,0.097902,1.53,167.89
179000000000000001,180000000000000001,2025-10-11,2161,45,49487558,1099724,0.020824,0.37,35.99
179000000000000001,180000000000000002,2025-10-11,361,13,14294607,1099585,0.036011,0.1,12.83
179000000000000002,180000000000000003,2025-10-11,704,29,21235699,732265,0.041193,1.06,112.44
179000000000000002,180000000000000004,2025-10-11,757,31,22080817,712284,0.040951,1.32,77.79
179000000000000003,180000000000000005,2025-10-11,518,31,28877678,931538,0.059846,0.46,54.7
179000000000000004,180000000000000006,2025-10-11,534,37,54817896,1481565,0.069288,0.99,84.98
179000000000000005,180000000000000008,2025-10-11,463,55,28877678,525049,0.11879,2.63,247.65
179000000000000001,180000000000000001,2025-10-12,2084,57,69942174,1227056,0.027351,0.39,34.25
179000000000000001,180000000000000002,2025-10-12,1988,49,47125286,961741,0.024648,0.42,46.06
179000000000000002,180000000000000003,2025-10-12,881,46,28093408,610726,0.052213,1.72,184.91
179000000000000002,180000000000000004,2025-10-12,846,44,30440322,691826,0.052009,1.52,103.46
179000000000000003,180000000000000005,2025-10-12,655,36,39022487,1083958,0.054962,0.52,53.51
179000000000000004,180000000000000006,2025-10-12,915,60,87505062,1458418,0.065574,1.68,133.88
179000000000000004,180000000000000007,2025-10-12,429,33,49073642,1487080,0.076923,0.86,83.98
179000000000000005,180000000000000008,2025-10-12,609,65,39022487,600346,0.106732,2.64,216.37
179000000000000001,180000000000000001,2025-10-13,1412,42,48496678,1154683,0.029745,0.27,18.48
179000000000000001,180000000000000002,2025-10-13,1855,56,40176950,717446,0.030189,0.35,26.04
179000000000000002,180000000000000003,2025-10-13,517,31,26579521,857404,0.059961,1.01,74.33
179000000000000002,180000000000000004,2025-10-13,525,27,17757292,657677,0.051429,1.06,140.25
179000000000000003,180000000000000005,2025-10-13,646,31,29557876,953480,0.047988,0.41,39.28
179000000000000004,180000000000000006,2025-10-13,421,35,57803662,1651533,0.083135,1.17,93.51
179000000000000004,180000000000000007,2025-10-13,220,14,28637524,2045537,0.063636,0.49,41.63
179000000000000005,180000000000000008,2025-10-13,476,46,29557876,642563,0.096639,2.3,275.37
179000000000000001,180000000000000001,2025-10-14,3597,100,75215349,752153,0.027801,0.75,55.28
179000000000000001,180000000000000002,2025-10-14,1148,41,44288877,1080217,0.035714,0.24,25.1
179000000000000002,180000000000000003,2025-10-14,648,37,28715922,776106,0.057099,1.44,70.75
179000000000000002,180000000000000004,2025-10-14,1184,54,31036190,574744,0.045608,2.39,257.99
179000000000000003,180000000000000005,2025-10-14,1012,46,39834742,865973,0.045455,0.84,91.26
179000000000000004,180000000000000006,2025-10-14,547,46,81368851,1768888,0.084095,1.13,125.65
179000000000000004,180000000000000007,2025-10-14,468,35,58052745,1658650,0.074786,1.12,86.7
179000000000000005,180000000000000008,2025-10-14,994,106,39834742,375799,0.10664,4.18,401.08
179000000000000001,180000000000000001,2025-10-15,1918,55,66309459,1205627,0.028676,0.4,35.88
179000000000000001,180000000000000002,2025-10-15,2044,62,48469113,781760,0.030333,0.43,24.76
179000000000000002,180000000000000003,2025-10-15,890,43,27459335,638589,0.048315,1.24,86.18
179000000000000002,180000000000000004,2025-10-15,917,44,29929951,680226,0.047983,1.6,98.84
179000000000000003,180000000000000005,2025-10-15,805,41,38259524,933159,0.050932,0.75,72.59
179000000000000004,180000000000000006,2025-10-15,526,46,80067003,1740587,0.087452,1.17,98.3
179000000000000004,180000000000000007,2025-10-15,499,30,53841331,1794711,0.06012,0.73,87.57
179000000000000005,180000000000000008,2025-10-15,768,77,38259524,496877,0.10026,2.89,291.88
179000000000000001,180000000000000001,2025-10-16,3890,95,101783817,1071409,0.024422,0.8,63.57
179000000000000001,180000000000000002,2025-10-16,3298,66,53750424,814400,0.020012,0.5,61.36
179000000000000002,180000000000000003,2025-10-16,668,41,38277219,933591,0.061377,1.24,115.85
179000000000000002,180000000000000004,2025-10-16,623,31,19962394,643948,0.049759,1.41,78.29
179000000000000003,180000000000000005,2025-10-16,1056,45,51844747,1152105,0.042614,0.79,92.62
179000000000000004,180000000000000006,2025-10-16,747,60,101006040,1683434,0.080321,1.99,205.95
179000000000000004,180000000000000007,2025-10-16,660,44,80450575,1828422,0.066667,1.15,137.07
179000000000000005,180000000000000008,2025-10-16,891,109,51844747,475640,0.122334,5.03,413.21
179000000000000001,180000000000000001,2025-10-17,2055,58,53407496,920819,0.028224,0.44,31.07
179000000000000001,180000000000000002,2025-10-17,2082,51,35011849,686507,0.024496,0.45,48.02
179000000000000002,180000000000000003,2025-10-17,673,37,19834878,536078,0.054978,1.39,124.15
179000000000000002,180000000000000004,2025-10-17,634,25,24374794,974992,0.039432,0.89,114.32
179000000000000003,180000000000000005,2025-10-17,569,33,29473115,893125,0.057996,0.48,62.54
179000000000000004,180000000000000006,2025-10-17,366,33,55414451,1679226,0.090164,0.91,106.26
179000000000000004,180000000000000007,2025-10-17,466,29,47741451,1646257,0.062232,0.8,73.36
179000000000000005,180000000000000008,2025-10-17,701,62,29473115,475373,0.088445,2.94,314.36
179000000000000001,180000000000000001,2025-10-18,3672,85,69159129,813637,0.023148,0.79,81.31
179000000000000001,180000000000000002,2025-10-18,3406,73,58244586,797871,0.021433,0.71,66.95
179000000000000002,180000000000000003,2025-10-18,424,15,13478264,898551,0.035377,0.43,38.72
179000000000000002,180000000000000004,2025-10-18,1178,44,27912094,634366,0.037351,1.74,155.43
179000000000000003,180000000000000005,2025-10-18,1028,54,42467905,786443,0.052529,0.93,64.56
179000000000000004,180000000000000006,2025-10-18,409,32,60938804,1904338,0.07824,0.84,111.61
179000000000000004,180000000000000007,2025-10-18,463,37,56634372,1530659,0.079914,0.88,105.95
179000000000000005,180000000000000008,2025-10-18,938,98,42467905,433346,0.104478,4.25,367.57
179000000000000001,180000000000000001,2025-10-19,2220,73,87893056,1204014,0.032883,0.52,61.2
179000000000000001,180000000000000002,2025-10-19,2358,52,53567224,1030139,0.022053,0.46,33.02
179000000000000002,180000000000000003,2025-10-19,940,54,35662568,660418,0.057447,1.9,203.6
179000000000000002,180000000000000004,2025-10-19,1074,49,35067572,715665,0.045624,1.55,115.48
179000000000000003,180000000000000005,2025-10-19,775,49,47153426,962315,0.063226,0.73,82.58
179000000000000004,180000000000000006,2025-10-19,128,10,22529427,2252943,0.078125,0.35,36.48
179000000000000004,180000000000000007,2025-10-19,370,34,68046298,2001362,0.091892,0.98,93.93
179000000000000005,180000000000000008,2025-10-19,1275,124,47153427,380270,0.097255,4.48,392.95
179000000000000001,180000000000000001,2025-10-20,1152,33,34697388,1051436,0.028646,0.24,24.04
179000000000000001,180000000000000002,2025-10-20,1047,31,37889086,1222229,0.029608,0.23,15.45
179000000000000002,180000000000000003,2025-10-20,691,30,24220906,807364,0.043415,1.22,64.97
179000000000000002,180000000000000004,2025-10-20,734,29,23131983,797655,0.03951,0.95,52.28
179000000000000003,180000000000000005,2025-10-20,585,27,31568592,1169207,0.046154,0.4,27.28
179000000000000004,180000000000000006,2025-10-20,537,43,62865011,1461977,0.080074,1.31,160.2
179000000000000004,180000000000000007,2025-10-20,344,30,47625063,1587502,0.087209,0.63,67.4
179000000000000005,180000000000000008,2025-10-20,568,46,20439708,444341,0.080986,2.45,286.29
179000000000000001,180000000000000001,2025-10-21,2512,59,50701796,859352,0.023487,0.5,38.01
179000000000000001,180000000000000002,2025-10-21,1706,50,39544479,790890,0.029308,0.5,57.44
179000000000000002,180000000000000003,2025-10-21,589,36,26305616,730712,0.061121,1.31,86.86
179000000000000002,180000000000000004,2025-10-21,447,23,18817521,818153,0.051454,0.58,47.23
179000000000000003,180000000000000005,2025-10-21,572,31,30082092,970390,0.054196,0.35,28.35
179000000000000004,180000000000000006,2025-10-21,368,34,69744164,2051299,0.092391,0.84,74.11
179000000000000004,180000000000000007,2025-10-21,366,23,35543157,1545355,0.062842,0.7,57.02
179000000000000005,180000000000000008,2025-10-21,634,58,30082092,518657,0.091483,2.93,296.15
179000000000000001,180000000000000001,2025-10-22,1794,43,50916009,1184093,0.023969,0.33,34.45
179000000000000001,180000000000000002,2025-10-22,1191,37,32951326,890576,0.031066,0.29,17.26
179000000000000002,180000000000000003,2025-10-22,607,32,19327313,603979,0.052718,1.14,117.98
179000000000000002,180000000000000004,2025-10-22,640,31,22606355,729237,0.048438,0.91,89.0
179000000000000003,180000000000000005,2025-10-22,814,32,27955779,873618,0.039312,0.49,40.69
179000000000000004,180000000000000006,2025-10-22,398,32,56574325,1767948,0.080402,0.78,73.94
179000000000000004,180000000000000007,2025-10-22,312,24,41270901,1719621,0.076923,0.72,55.22
179000000000000005,180000000000000008,2025-10-22,667,68,27955779,411114,0.101949,3.35,298.56
179000000000000001,180000000000000001,2025-10-23,3223,79,69781653,883312,0.024511,0.59,70.69
179000000000000001,180000000000000002,2025-10-23,2059,47,55115491,1172670,0.022827,0.29,28.46
179000000000000002,180000000000000003,2025-10-23,778,47,33866897,720572,0.060411,1.8,151.28
179000000000000002,180000000000000004,2025-10-23,890,40,28581675,714542,0.044944,1.54,110.1
179000000000000003,180000000000000005,2025-10-23,634,41,41632381,1015424,0.064669,0.55,41.39
179000000000000004,180000000000000006,2025-10-23,915,61,87195022,1429427,0.066667,1.59,127.29
179000000000000004,180000000000000007,2025-10-23,725,44,58518312,1329962,0.06069,1.35,160.49
179000000000000005,180000000000000008,2025-10-23,1271,111,41632381,375066,0.087333,5.51,306.22
179000000000000001,180000000000000001,2025-10-24,2821,60,51132632,852211,0.021269,0.56,44.83
179000000000000001,180000000000000002,2025-10-24,1506,37,45593980,1232270,0.024568,0.28,22.3
179000000000000002,180000000000000003,2025-10-24,778,44,28393092,645298,0.056555,1.92,141.48
179000000000000002,180000000000000004,2025-10-24,552,29,28545683,984334,0.052536,1.11,118.54
179000000000000003,180000000000000005,2025-10-24,938,45,37959183,843537,0.047974,0.75,62.85
179000000000000004,180000000000000006,2025-10-24,539,44,74888457,1702010,0.081633,1.15,79.53
179000000000000004,180000000000000007,2025-10-24,505,41,57968685,1413870,0.081188,1.16,102.37
179000000000000005,180000000000000008,2025-10-24,642,55,23097186,419949,0.08567,2.19,252.79
179000000000000001,180000000000000001,2025-10-25,1637,36,35888270,996896,0.021991,0.22,20.24
179000000000000001,180000000000000002,2025-10-25,1511,36,31602503,877847,0.023825,0.31,24.42
179000000000000002,180000000000000003,2025-10-25,708,34,18653339,548628,0.048023,0.91,103.61
179000000000000002,180000000000000004,2025-10-25,480,22,15092047,686002,0.045833,0.84,73.97
179000000000000003,180000000000000005,2025-10-25,518,25,22496925,899877,0.048263,0.35,28.18
179000000000000004,180000000000000006,2025-10-25,380,26,43897938,1688382,0.068421,0.73,67.47
179000000000000004,180000000000000007,2025-10-25,391,24,34841298,1451721,0.061381,0.76,86.58
179000000000000005,180000000000000008,2025-10-25,430,39,22496924,576844,0.090698,1.94,167.34
179000000000000001,180000000000000001,2025-10-26,3679,69,63966562,927052,0.018755,0.45,54.19
179000000000000001,180000000000000002,2025-10-26,1227,31,38097465,1228950,0.025265,0.24,32.45
179000000000000002,180000000000000003,2025-10-26,657,31,23647666,762828,0.047184,0.94,61.72
179000000000000002,180000000000000004,2025-10-26,639,37,27384348,740118,0.057903,1.27,78.05
179000000000000003,180000000000000005,2025-10-26,623,32,34021342,1063167,0.051364,0.51,60.65
179000000000000004,180000000000000006,2025-10-26,689,50,78491516,1569830,0.072569,1.58,135.64
179000000000000004,180000000000000007,2025-10-26,244,18,40583180,2254621,0.07377,0.4,21.92
179000000000000005,180000000000000008,2025-10-26,955,85,34021342,400251,0.089005,3.98,434.09
179000000000000001,180000000000000001,2025-10-27,2499,66,65314488,989613,0.026411,0.52,54.05
179000000000000001,180000000000000002,2025-10-27,1794,52,45558387,876123,0.028986,0.36,41.62
179000000000000002,180000000000000003,2025-10-27,878,47,31042329,660475,0.053531,1.95,200.52
179000000000000002,180000000000000004,2025-10-27,633,33,24394109,739215,0.052133,1.02,109.5
179000000000000003,180000000000000005,2025-10-27,694,31,36957625,1192181,0.044669,0.42,41.93
179000000000000004,180000000000000006,2025-10-27,604,41,87147129,2125540,0.067881,1.11,101.23
179000000000000004,180000000000000007,2025-10-27,313,20,42204558,2110228,0.063898,0.46,37.88
179000000000000005,180000000000000008,2025-10-27,943,84,36957625,439972,0.089077,3.64,243.75
179000000000000001,180000000000000001,2025-10-28,3228,69,58931224,854076,0.021375,0.51,47.53
179000000000000001,180000000000000002,2025-10-28,1186,33,33452785,1013721,0.027825,0.27,24.43
179000000000000002,180000000000000003,2025-10-28,461,28,22689859,810352,0.060738,0.82,48.18
179000000000000002,180000000000000004,2025-10-28,892,36,23502145,652837,0.040359,1.23,156.26
179000000000000003,180000000000000005,2025-10-28,530,25,30794669,1231787,0.04717,0.34,26.89
179000000000000004,180000000000000006,2025-10-28,307,24,47976996,1999042,0.078176,0.8,90.75
179000000000000004,180000000000000007,2025-10-28,326,23,41746772,1815077,0.070552,0.54,45.69
179000000000000005,180000000000000008,2025-10-28,359,38,19799276,521034,0.10585,1.62,175.39
179000000000000001,180000000000000001,2025-10-29,2434,67,60584703,904249,0.027527,0.55,48.13
179000000000000001,180000000000000002,2025-10-29,1604,58,39394721,679219,0.03616,0.58,45.15
179000000000000002,180000000000000003,2025-10-29,488,30,19692836,656428,0.061475,0.82,106.22
179000000000000002,180000000000000004,2025-10-29,972,40,30296876,757422,0.041152,1.21,85.36
179000000000000003,180000000000000005,2025-10-29,707,34,33326475,980190,0.048091,0.58,46.18
179000000000000004,180000000000000006,2025-10-29,505,42,69554464,1656059,0.083168,1.13,123.41
179000000000000004,180000000000000007,2025-10-29,376,28,47088198,1681721,0.074468,0.64,80.86
179000000000000005,180000000000000008,2025-10-29,554,58,33326474,574594,0.104693,2.76,240.93
179000000000000001,180000000000000001,2025-10-30,1943,58,61300722,1056909,0.029851,0.46,37.58
179000000000000001,180000000000000002,2025-10-30,1486,42,37355419,889415,0.028264,0.25,26.7
179000000000000002,180000000000000003,2025-10-30,735,36,24140924,670581,0.04898,1.2,113.95
179000000000000002,180000000000000004,2025-10-30,641,33,25187147,763247,0.051482,1.12,73.68
179000000000000003,180000000000000005,2025-10-30,631,29,32885380,1133979,0.045959,0.38,27.72
179000000000000004,180000000000000006,2025-10-30,463,31,71462608,2305245,0.066955,0.84,85.72
179000000000000004,180000000000000007,2025-10-30,145,12,22148674,1845723,0.082759,0.25,33.72
179000000000000005,180000000000000008,2025-10-30,803,66,32885380,498263,0.082192,2.73,267.48
179000000000000001,180000000000000001,2025-10-31,2518,57,64510331,1131760,0.022637,0.51,46.7
179000000000000001,180000000000000002,2025-10-31,2501,59,56581468,959008,0.023591,0.55,48.26
179000000000000002,180000000000000003,2025-10-31,1143,59,38052533,644958,0.051619,2.3,239.31
179000000000000002,180000000000000004,2025-10-31,652,41,35419275,863885,0.062883,1.12,104.96
179000000000000003,180000000000000005,2025-10-31,816,43,48981206,1139098,0.052696,0.64,50.61
179000000000000004,180000000000000006,2025-10-31,816,56,107698884,1923194,0.068627,1.74,173.4
179000000000000004,180000000000000007,2025-10-31,304,28,36603183,1307257,0.092105,0.66,69.78
179000000000000005,180000000000000008,2025-10-31,665,79,28999627,367084,0.118797,3.02,331.44
179000000000000001,180000000000000001,2025-11-01,4748,112,83367090,744349,0.023589,0.91,74.02
179000000000000001,180000000000000002,2025-11-01,2256,59,47951541,812738,0.026152,0.48,43.59
179000000000000002,180000000000000003,2025-11-01,695,45,32425664,720570,0.064748,1.66,121.01
179000000000000002,180000000000000004,2025-11-01,953,51,33233652,651640,0.053515,1.69,101.84
179000000000000003,180000000000000005,2025-11-01,827,51,43772877,858292,0.061669,0.71,56.33
179000000000000004,180000000000000006,2025-11-01,513,39,92634916,2375254,0.076023,1.18,150.22
179000000000000004,180000000000000007,2025-11-01,626,42,60570154,1442147,0.067093,1.18,83.29
179000000000000005,180000000000000008,2025-11-01,885,79,43772877,554087,0.089266,2.6,331.87
179000000000000001,180000000000000001,2025-11-02,2734,87,87437618,1005030,0.031822,0.75,54.82
179000000000000001,180000000000000002,2025-11-02,359,17,20746166,1220363,0.047354,0.13,17.87
179000000000000002,180000000000000003,2025-11-02,831,40,32632552,815814,0.048135,1.19,111.86
179000000000000002,180000000000000004,2025-11-02,817,40,32093946,802349,0.04896,1.54,171.99
179000000000000003,180000000000000005,2025-11-02,767,46,43150998,938065,0.059974,0.73,60.1
179000000000000004,180000000000000006,2025-11-02,719,47,91119774,1938719,0.065369,1.23,145.79
179000000000000004,180000000000000007,2025-11-02,340,31,59908721,1932539,0.091176,0.78,65.58
179000000000000005,180000000000000008,2025-11-02,910,82,43150999,526232,0.09011,3.4,272.54
179000000000000001,180000000000000001,2025-11-03,2221,58,79743330,1374885,0.026114,0.48,52.54
179000000000000001,180000000000000002,2025-11-03,1640,40,47970461,1199262,0.02439,0.34,42.0
179000000000000002,180000000000000003,2025-11-03,928,50,34613219,692264,0.053879,1.93,212.19
179000000000000002,180000000000000004,2025-11-03,1017,41,29243676,713260,0.040315,1.58,137.81
179000000000000003,180000000000000005,2025-11-03,533,35,42571263,1216322,0.065666,0.52,47.71
179000000000000004,180000000000000006,2025-11-03,692,57,92338322,1619971,0.08237,1.98,202.19
179000000000000004,180000000000000007,2025-11-03,306,27,56661101,2098559,0.088235,0.83,94.33
179000000000000005,180000000000000008,2025-11-03,870,92,42571264,462731,0.105747,3.85,376.27
179000000000000001,180000000000000001,2025-11-04,3757,102,90363464,885916,0.027149,0.77,57.06
179000000000000001,180000000000000002,2025-11-04,2474,71,58081260,818046,0.028698,0.7,44.44
179000000000000002,180000000000000003,2025-11-04,1058,39,20316337,520932,0.036862,1.76,112.69
179000000000000002,180000000000000004,2025-11-04,953,46,37653165,818547,0.048269,1.62,123.08
179000000000000003,180000000000000005,2025-11-04,1443,64,49481575,773150,0.044352,1.04,86.67
179000000000000004,180000000000000006,2025-11-04,801,62,97842557,1578106,0.077403,1.58,154.62
179000000000000004,180000000000000007,2025-11-04,554,42,75342955,1793880,0.075812,1.46,102.54
179000000000000005,180000000000000008,2025-11-04,740,89,49481575,555973,0.12027,4.07,441.81
179000000000000001,180000000000000001,2025-11-05,2867,59,68009129,1152697,0.020579,0.56,24.0
179000000000000001,180000000000000002,2025-11-05,2377,68,68685328,1010078,0.028607,0.65,38.78
179000000000000002,180000000000000003,2025-11-05,1577,62,38402303,619392,0.039315,2.67,162.09
179000000000000002,180000000000000004,2025-11-05,429,24,22547187,939466,0.055944,0.69,42.71
179000000000000003,180000000000000005,2025-11-05,1359,49,55240916,1127366,0.036056,0.57,37.25
179000000000000004,180000000000000006,2025-11-05,1267,88,126218578,1434302,0.069455,2.63,215.71
179000000000000004,180000000000000007,2025-11-05,560,37,67124627,1814179,0.066071,0.99,62.85
179000000000000005,180000000000000008,2025-11-05,1115,118,55240916,468143,0.10583,5.06,343.13
179000000000000001,180000000000000001,2025-11-06,3405,90,94780947,1053122,0.026432,0.73,81.33
179000000000000001,180000000000000002,2025-11-06,2752,76,55406033,729027,0.027616,0.58,46.11
179000000000000002,180000000000000003,2025-11-06,836,52,41915804,806073,0.062201,1.98,126.88
179000000000000002,180000000000000004,2025-11-06,822,49,33177687,677096,0.059611,1.83,208.17
179000000000000003,180000000000000005,2025-11-06,850,48,50062327,1042965,0.056471,0.67,67.82
179000000000000004,180000000000000006,2025-11-06,915,71,103750484,1461274,0.077596,2.05,202.89
179000000000000004,180000000000000007,2025-11-06,424,31,71467660,2305408,0.073113,0.94,117.23
179000000000000005,180000000000000008,2025-11-06,1232,116,50062327,431572,0.094156,5.61,700.02
179000000000000001,180000000000000001,2025-11-07,4755,113,96808401,856712,0.023764,0.78,62.81
179000000000000001,180000000000000002,2025-11-07,388,16,22640973,1415061,0.041237,0.09,3.82
179000000000000002,180000000000000003,2025-11-07,722,40,35812410,895310,0.055402,1.25,92.38
179000000000000002,180000000000000004,2025-11-07,1449,57,40283457,706727,0.039337,2.04,136.87
179000000000000003,180000000000000005,2025-11-07,810,40,50730578,1268264,0.049383,0.65,36.14
179000000000000004,180000000000000006,2025-11-07,460,43,72021044,1674908,0.093478,1.19,103.68
179000000000000004,180000000000000007,2025-11-07,653,38,65127787,1713889,0.058193,0.88,95.0
179000000000000005,180000000000000008,2025-11-07,1040,127,50730578,399453,0.122115,5.91,589.53
179000000000000001,180000000000000001,2025-11-08,1799,64,70746095,1105408,0.035575,0.47,49.5
179000000000000001,180000000000000002,2025-11-08,2284,67,68167637,1017427,0.029335,0.49,65.75
179000000000000002,180000000000000003,2025-11-08,1147,61,48340237,792463,0.053182,2.38,154.63
179000000000000002,180000000000000004,2025-11-08,1077,51,36314929,712057,0.047354,1.97,136.42
179000000000000003,180000000000000005,2025-11-08,857,35,31894157,911262,0.04084,0.46,44.31
179000000000000004,180000000000000006,2025-11-08,785,60,111008628,1850144,0.076433,1.42,141.66
179000000000000004,180000000000000007,2025-11-08,829,55,86520093,1573093,0.066345,1.41,102.25
179000000000000005,180000000000000008,2025-11-08,1251,132,56436777,427551,0.105516,6.48,622.41
179000000000000001,180000000000000001,2025-11-09,3162,84,75816208,902574,0.026565,0.65,70.53
179000000000000001,180000000000000002,2025-11-09,1795,40,42880336,1072008,0.022284,0.35,22.4
179000000000000002,180000000000000003,2025-11-09,814,48,32810863,683560,0.058968,2.03,162.01
179000000000000002,180000000000000004,2025-11-09,552,33,26537410,804164,0.059783,1.48,163.72
179000000000000003,180000000000000005,2025-11-09,373,22,21848244,993102,0.058981,0.24,29.56
179000000000000004,180000000000000006,2025-11-09,507,39,78107498,2002756,0.076923,1.18,85.4
179000000000000004,180000000000000007,2025-11-09,641,41,60371803,1472483,0.063963,1.33,93.56
179000000000000005,180000000000000008,2025-11-09,829,87,39565515,454776,0.104946,3.74,318.48
179000000000000001,180000000000000001,2025-11-10,3766,97,83901217,864961,0.025757,0.8,51.07
179000000000000001,180000000000000002,2025-11-10,1658,54,59982066,1110779,0.032569,0.36,27.88
179000000000000002,180000000000000003,2025-11-10,1006,48,33424159,696337,0.047714,1.67,94.2
179000000000000002,180000000000000004,2025-11-10,1323,56,38517482,687812,0.042328,2.04,98.72
179000000000000003,180000000000000005,2025-11-10,1424,57,47961095,841423,0.040028,0.87,85.54
179000000000000004,180000000000000006,2025-11-10,557,44,94284463,2142829,0.078995,1.38,114.35
179000000000000004,180000000000000007,2025-11-10,571,48,73579367,1532903,0.084063,1.43,109.51
179000000000000005,180000000000000008,2025-11-10,776,72,47961094,666126,0.092784,3.03,164.6
179000000000000001,180000000000000001,2025-11-11,4028,115,129583418,1126812,0.02855,0.95,74.59
179000000000000001,180000000000000002,2025-11-11,1738,71,51728742,728574,0.040852,0.69,85.34
179000000000000002,180000000000000003,2025-11-11,1608,83,57540126,693255,0.051617,3.09,338.33
179000000000000002,180000000000000004,2025-11-11,1178,66,59790329,905914,0.056027,2.44,224.86
179000000000000003,180000000000000005,2025-11-11,1659,85,78220303,920239,0.051236,1.3,138.64
179000000000000004,180000000000000006,2025-11-11,1051,94,167979756,1787019,0.089439,2.55,237.89
179000000000000004,180000000000000007,2025-11-11,709,51,105791305,2074339,0.071932,1.38,114.6
179000000000000005,180000000000000008,2025-11-11,2196,200,78220302,391102,0.091075,9.22,732.48
179000000000000001,180000000000000001,2025-11-12,3664,86,84192756,978986,0.023472,0.66,36.14
179000000000000001,180000000000000002,2025-11-12,2587,69,62036104,899074,0.026672,0.46,45.61
179000000000000002,180000000000000003,2025-11-12,887,47,29895899,636083,0.052988,1.36,87.08
179000000000000002,180000000000000004,2025-11-12,1017,50,43218531,864371,0.049164,1.69,139.29
179000000000000003,180000000000000005,2025-11-12,1251,56,48742953,870410,0.044764,0.79,64.84
179000000000000004,180000000000000006,2025-11-12,708,54,105799819,1959256,0.076271,1.36,109.01
179000000000000004,180000000000000007,2025-11-12,343,29,64800517,2234501,0.084548,0.84,99.72
179000000000000005,180000000000000008,2025-11-12,1225,126,48742953,386849,0.102857,5.69,653.99
179000000000000001,180000000000000001,2025-11-13,3942,114,117979150,1034905,0.028919,0.92,90.78
179000000000000001,180000000000000002,2025-11-13,1556,52,63679972,1224615,0.033419,0.41,26.12
179000000000000002,180000000000000003,2025-11-13,798,51,44951257,881397,0.06391,1.89,205.98
179000000000000002,180000000000000004,2025-11-13,1160,64,45878305,716849,0.055172,2.03,237.62
179000000000000003,180000000000000005,2025-11-13,961,54,60553041,1121353,0.056191,0.81,80.28
179000000000000004,180000000000000006,2025-11-13,1045,76,136676149,1798370,0.072727,2.33,258.28
179000000000000004,180000000000000007,2025-11-13,521,27,34658983,1283666,0.051823,0.73,50.99
179000000000000005,180000000000000008,2025-11-13,1296,131,60553041,462237,0.10108,5.77,369.07
179000000000000001,180000000000000001,2025-11-14,5676,134,121965461,910190,0.023608,1.01,91.69
179000000000000001,180000000000000002,2025-11-14,2943,95,76546645,805754,0.03228,0.78,103.79
179000000000000002,180000000000000003,2025-11-14,1102,58,50109871,863963,0.052632,2.4,148.61
179000000000000002,180000000000000004,2025-11-14,1416,60,49146182,819103,0.042373,2.25,242.51
179000000000000003,180000000000000005,2025-11-14,1592,90,66170701,735230,0.056533,1.46,119.84
179000000000000004,180000000000000006,2025-11-14,1001,86,142264866,1654243,0.085914,2.35,196.64
179000000000000004,180000000000000007,2025-11-14,729,55,89332592,1624229,0.075446,1.65,103.22
179000000000000005,180000000000000008,2025-11-14,1294,150,66170702,441138,0.11592,6.22,441.72
179000000000000001,180000000000000001,2025-11-15,2912,75,77279560,1030394,0.025755,0.61,51.84
179000000000000001,180000000000000002,2025-11-15,2128,44,55205369,1254667,0.020677,0.4,26.89
179000000000000002,180000000000000003,2025-11-15,441,24,18291954,762165,0.054422,0.87,96.88
179000000000000002,180000000000000004,2025-11-15,1072,42,33519310,798079,0.039179,1.2,117.41
179000000000000003,180000000000000005,2025-11-15,899,46,44161643,960036,0.051168,0.84,49.17
179000000000000004,180000000000000006,2025-11-15,685,56,96832723,1729156,0.081752,1.57,136.1
179000000000000004,180000000000000007,2025-11-15,550,31,57733029,1862356,0.056364,0.9,41.89
179000000000000005,180000000000000008,2025-11-15,554,70,28116247,401661,0.126354,3.48,239.32
179000000000000001,180000000000000001,2025-11-16,4869,125,129840880,1038727,0.025673,0.92,113.73
179000000000000001,180000000000000002,2025-11-16,2184,81,64184583,792402,0.037088,0.82,59.31
179000000000000002,180000000000000003,2025-11-16,1362,70,56154037,802201,0.051395,3.07,237.42
179000000000000002,180000000000000004,2025-11-16,1284,60,40858694,680978,0.046729,1.65,214.69
179000000000000003,180000000000000005,2025-11-16,1139,56,64675154,1154913,0.049166,0.85,79.51
179000000000000004,180000000000000006,2025-11-16,1059,71,124979954,1760281,0.067044,1.78,141.44
179000000000000004,180000000000000007,2025-11-16,429,42,101383084,2413883,0.097902,1.21,91.73
179000000000000005,180000000000000008,2025-11-16,1177,108,64675154,598844,0.091759,5.94,439.87
179000000000000001,180000000000000001,2025-11-17,3558,86,97545514,1134250,0.024171,0.73,71.91
179000000000000001,180000000000000002,2025-11-17,1751,66,50329403,762567,0.037693,0.45,45.56
179000000000000002,180000000000000003,2025-11-17,575,41,38991918,951022,0.071304,1.84,160.7
179000000000000002,180000000000000004,2025-11-17,762,41,34945540,852330,0.053806,1.58,132.35
179000000000000003,180000000000000005,2025-11-17,1079,42,49291639,1173610,0.038925,0.6,53.16
179000000000000004,180000000000000006,2025-11-17,599,53,106114138,2002154,0.088481,1.49,153.08
179000000000000004,180000000000000007,2025-11-17,522,41,66406598,1619673,0.078544,1.31,125.68
179000000000000005,180000000000000008,2025-11-17,808,91,49291639,541666,0.112624,4.3,316.61
179000000000000001,180000000000000001,2025-11-18,2159,49,49893238,1018229,0.022696,0.39,30.94
179000000000000001,180000000000000002,2025-11-18,2094,56,49148076,877644,0.026743,0.4,33.54
179000000000000002,180000000000000003,2025-11-18,816,38,31750974,835552,0.046569,1.67,116.2
179000000000000002,180000000000000004,2025-11-18,570,33,30503670,924354,0.057895,1.04,63.71
179000000000000003,180000000000000005,2025-11-18,832,34,41503096,1220679,0.040865,0.44,36.21
179000000000000004,180000000000000006,2025-11-18,582,52,92778977,1784211,0.089347,1.83,175.8
179000000000000004,180000000000000007,2025-11-18,431,41,52481859,1280045,0.095128,1.1,119.24
179000000000000005,180000000000000008,2025-11-18,933,80,41503096,518789,0.085745,3.68,241.52
179000000000000001,180000000000000001,2025-11-19,2829,87,64847415,745373,0.030753,0.77,50.41
179000000000000001,180000000000000002,2025-11-19,2433,64,58284484,910695,0.026305,0.47,49.97
179000000000000002,180000000000000003,2025-11-19,760,48,37420717,779598,0.063158,1.67,155.66
179000000000000002,180000000000000004,2025-11-19,1515,58,38591224,665366,0.038284,1.75,163.96
179000000000000003,180000000000000005,2025-11-19,1370,56,50674627,904904,0.040876,0.72,54.98
179000000000000004,180000000000000006,2025-11-19,638,51,99133319,1943791,0.079937,1.36,120.41
179000000000000004,180000000000000007,2025-11-19,637,44,78227879,1777906,0.069074,1.24,97.55
179000000000000005,180000000000000008,2025-11-19,1119,96,50674628,527861,0.085791,4.94,479.57
179000000000000001,180000000000000001,2025-11-20,3977,107,103343710,965829,0.026905,0.88,76.01
179000000000000001,180000000000000002,2025-11-20,1786,53,59788457,1128084,0.029675,0.43,36.52
179000000000000002,180000000000000003,2025-11-20,348,23,21982893,955778,0.066092,0.65,77.07
179000000000000002,180000000000000004,2025-11-20,1613,72,41259257,573045,0.044637,2.03,171.39
179000000000000003,180000000000000005,2025-11-20,1199,49,54377390,1109743,0.040867,0.73,64.72
179000000000000004,180000000000000006,2025-11-20,619,49,109440154,2233473,0.07916,1.41,127.89
179000000000000004,180000000000000007,2025-11-20,586,49,80880709,1650627,0.083618,1.2,158.4
179000000000000005,180000000000000008,2025-11-20,1234,128,54377390,424823,0.103728,5.94,661.91
179000000000000001,180000000000000001,2025-11-21,4133,97,61434459,633345,0.02347,0.8,71.15
179000000000000001,180000000000000002,2025-11-21,355,17,18997998,1117529,0.047887,0.18,15.57
179000000000000002,180000000000000003,2025-11-21,628,38,28564862,751707,0.06051,1.06,65.0
179000000000000002,180000000000000004,2025-11-21,713,37,24095827,651239,0.051893,1.15,98.76
179000000000000003,180000000000000005,2025-11-21,574,32,35107126,1097098,0.055749,0.45,31.99
179000000000000004,180000000000000006,2025-11-21,655,47,70411181,1498110,0.071756,1.15,81.82
179000000000000004,180000000000000007,2025-11-21,356,32,52463761,1639493,0.089888,0.96,118.58
179000000000000005,180000000000000008,2025-11-21,811,74,35107126,474421,0.091245,3.5,276.1
179000000000000001,180000000000000001,2025-11-22,3395,90,73486734,816519,0.02651,0.75,76.19
179000000000000001,180000000000000002,2025-11-22,1566,41,41735856,1017948,0.026181,0.35,19.64
179000000000000002,180000000000000003,2025-11-22,457,26,24358806,936877,0.056893,1.14,97.95
179000000000000002,180000000000000004,2025-11-22,995,47,33252489,707500,0.047236,1.65,166.4
179000000000000003,180000000000000005,2025-11-22,609,36,38407530,1066876,0.059113,0.49,34.54
179000000000000004,180000000000000006,2025-11-22,519,47,83378840,1774018,0.090559,1.2,91.5
179000000000000004,180000000000000007,2025-11-22,417,26,51047516,1963366,0.06235,0.88,70.94
179000000000000005,180000000000000008,2025-11-22,772,75,38407531,512100,0.09715,3.32,221.52
179000000000000001,180000000000000001,2025-11-23,3045,82,86720231,1057564,0.026929,0.67,63.1
179000000000000001,180000000000000002,2025-11-23,1682,43,53195513,1237105,0.025565,0.35,37.68
179000000000000002,180000000000000003,2025-11-23,816,49,37375852,762772,0.060049,1.69,118.94
179000000000000002,180000000000000004,2025-11-23,761,37,32582020,880595,0.04862,1.06,94.23
179000000000000003,180000000000000005,2025-11-23,894,46,46638581,1013882,0.051454,0.8,61.98
179000000000000004,180000000000000006,2025-11-23,819,49,110014998,2245204,0.059829,1.55,118.47
179000000000000004,180000000000000007,2025-11-23,516,29,53220034,1835174,0.056202,0.88,94.15
179000000000000005,180000000000000008,2025-11-23,712,91,46638581,512512,0.127809,3.95,422.58
179000000000000001,180000000000000001,2025-11-24,3025,77,52401500,680539,0.025455,0.66,57.73
179000000000000001,180000000000000002,2025-11-24,1919,49,40004299,816414,0.025534,0.39,25.06
179000000000000002,180000000000000003,2025-11-24,811,46,33202963,721804,0.05672,2.03,180.4
179000000000000002,180000000000000004,2025-11-24,1284,51,29550665,579425,0.03972,1.67,150.86
179000000000000003,180000000000000005,2025-11-24,831,47,41835752,890122,0.056558,0.81,61.84
179000000000000004,180000000000000006,2025-11-24,533,49,93272550,1903521,0.091932,1.32,162.78
179000000000000004,180000000000000007,2025-11-24,356,32,53152582,1661018,0.089888,0.84,105.15
179000000000000005,180000000000000008,2025-11-24,754,89,41835752,470065,0.118037,4.02,354.78
179000000000000001,180000000000000001,2025-11-25,2868,97,94758341,976890,0.033821,0.77,51.7
179000000000000001,180000000000000002,2025-11-25,1373,46,62717551,1363425,0.033503,0.32,27.99
179000000000000002,180000000000000003,2025-11-25,637,39,37232376,954676,0.061224,1.28,70.48
179000000000000002,180000000000000004,2025-11-25,1589,76,41505570,546126,0.047829,2.5,234.88
179000000000000003,180000000000000005,2025-11-25,1412,66,52491964,795333,0.046742,0.78,77.48
179000000000000004,180000000000000006,2025-11-25,750,66,112867705,1710117,0.088,1.73,190.48
179000000000000004,180000000000000007,2025-11-25,419,24,43865530,1827730,0.057279,0.62,42.76
179000000000000005,180000000000000008,2025-11-25,1102,105,52491964,499923,0.095281,4.69,283.18
179000000000000001,180000000000000001,2025-11-26,4128,103,82308849,799115,0.024952,0.84,66.75
179000000000000001,180000000000000002,2025-11-26,2327,46,51262568,1114404,0.019768,0.4,37.76
179000000000000002,180000000000000003,2025-11-26,1157,50,35287403,705748,0.043215,1.61,167.35
179000000000000002,180000000000000004,2025-11-26,601,34,31498306,926421,0.056572,1.23,106.14
179000000000000003,180000000000000005,2025-11-26,1330,56,44523806,795068,0.042105,0.73,65.95
179000000000000004,180000000000000006,2025-11-26,676,57,100305377,1759743,0.08432,1.78,111.9
179000000000000004,180000000000000007,2025-11-26,416,37,55527942,1500755,0.088942,1.05,144.47
179000000000000005,180000000000000008,2025-11-26,1312,120,44523805,371032,0.091463,5.38,525.97
179000000000000001,180000000000000001,2025-11-27,1482,47,39493823,840294,0.031714,0.34,35.09
179000000000000001,180000000000000002,2025-11-27,1387,50,37754485,755090,0.036049,0.35,27.98
179000000000000002,180000000000000003,2025-11-27,472,25,20138315,805533,0.052966,0.75,54.24
179000000000000002,180000000000000004,2025-11-27,763,32,26423689,825740,0.04194,0.97,99.23
179000000000000003,180000000000000005,2025-11-27,491,27,31041336,1149679,0.05499,0.43,42.31
179000000000000004,180000000000000006,2025-11-27,484,43,67179962,1562325,0.088843,1.3,92.96
179000000000000004,180000000000000007,2025-11-27,280,21,41464715,1974510,0.075,0.72,75.23
179000000000000005,180000000000000008,2025-11-27,706,64,31041337,485021,0.090652,2.75,181.54
179000000000000001,180000000000000001,2025-11-28,3102,74,68490781,925551,0.023856,0.55,60.14
179000000000000001,180000000000000002,2025-11-28,3180,71,58576380,825019,0.022327,0.57,39.55
179000000000000002,180000000000000003,2025-11-28,343,20,14180162,709008,0.058309,0.6,51.65
179000000000000002,180000000000000004,2025-11-28,480,32,16837728,526179,0.066667,0.89,38.9
179000000000000003,180000000000000005,2025-11-28,784,36,42355721,1176548,0.045918,0.63,63.66
179000000000000004,180000000000000006,2025-11-28,1107,64,90798739,1418730,0.057814,1.86,173.22
179000000000000004,180000000000000007,2025-11-28,550,32,57446283,1795196,0.058182,1.11,133.46
179000000000000005,180000000000000008,2025-11-28,864,100,42355721,423557,0.115741,4.33,457.48
179000000000000001,180000000000000001,2025-11-29,4606,110,83729140,761174,0.023882,0.95,109.8
179000000000000001,180000000000000002,2025-11-29,3064,70,51386241,734089,0.022846,0.41,42.27
179000000000000002,180000000000000003,2025-11-29,845,50,34072020,681440,0.059172,2.0,209.02
179000000000000002,180000000000000004,2025-11-29,819,42,33485670,797278,0.051282,1.4,120.52
179000000000000003,180000000000000005,2025-11-29,945,48,45038460,938301,0.050794,0.74,56.23
179000000000000004,180000000000000006,2025-11-29,567,57,93859802,1646663,0.100529,1.94,104.24
179000000000000004,180000000000000007,2025-11-29,743,47,63774808,1356911,0.063257,1.21,89.22
179000000000000005,180000000000000008,2025-11-29,738,88,45038460,511801,0.119241,4.25,467.54
179000000000000001,180000000000000001,2025-11-30,1582,49,61593266,1257005,0.030973,0.32,26.08
179000000000000001,180000000000000002,2025-11-30,2115,65,44024299,677297,0.030733,0.43,24.43
179000000000000002,180000000000000003,2025-11-30,823,45,28212571,626946,0.054678,1.66,161.14
179000000000000002,180000000000000004,2025-11-30,729,22,11984425,544747,0.030178,0.69,83.36
179000000000000003,180000000000000005,2025-11-30,639,35,35205855,1005882,0.054773,0.52,36.73
179000000000000004,180000000000000006,2025-11-30,405,36,75296301,2091564,0.088889,0.91,98.91
179000000000000004,180000000000000007,2025-11-30,445,28,47924193,1711578,0.062921,0.87,88.95
179000000000000005,180000000000000008,2025-11-30,125,18,11010805,611711,0.144,0.68,29.26
179000000000000001,180000000000000001,2025-12-01,4071,103,82353143,799545,0.025301,0.95,80.44
179000000000000001,180000000000000002,2025-12-01,2130,60,48540435,809007,0.028169,0.45,41.37
179000000000000002,180000000000000003,2025-12-01,1202,52,32316136,621464,0.043261,2.28,182.75
179000000000000002,180000000000000004,2025-12-01,1019,54,33130652,613531,0.052993,1.92,183.18
179000000000000003,180000000000000005,2025-12-01,933,49,43631193,890433,0.052519,0.8,89.28
179000000000000004,180000000000000006,2025-12-01,841,68,96111028,1413397,0.080856,1.98,193.73
179000000000000004,180000000000000007,2025-12-01,403,34,56598147,1664651,0.084367,0.96,70.7
179000000000000005,180000000000000008,2025-12-01,889,89,43631192,490238,0.100112,4.12,379.59
179000000000000001,180000000000000001,2025-12-02,3032,61,74467063,1220772,0.020119,0.38,20.13
179000000000000001,180000000000000002,2025-12-02,1678,38,45431572,1195568,0.022646,0.34,23.01
179000000000000002,180000000000000003,2025-12-02,894,39,30034803,770123,0.043624,1.39,89.24
179000000000000002,180000000000000004,2025-12-02,719,35,29914515,854700,0.048679,0.96,55.82
179000000000000003,180000000000000005,2025-12-02,780,38,39966212,1051742,0.048718,0.62,59.65
179000000000000004,180000000000000006,2025-12-02,800,54,79113711,1465069,0.0675,1.75,103.99
179000000000000004,180000000000000007,2025-12-02,712,43,60768032,1413210,0.060393,1.0,106.62
179000000000000005,180000000000000008,2025-12-02,670,77,39966213,519042,0.114925,3.65,228.61
179000000000000001,180000000000000001,2025-12-03,3390,84,63978144,761645,0.024779,0.74,63.91
179000000000000001,180000000000000002,2025-12-03,1825,53,46744054,881963,0.029041,0.42,43.47
179000000000000002,180000000000000003,2025-12-03,560,30,26878303,895943,0.053571,1.2,128.08
179000000000000002,180000000000000004,2025-12-03,609,32,28482796,890087,0.052545,1.06,121.43
179000000000000003,180000000000000005,2025-12-03,640,34,36907400,1085512,0.053125,0.56,43.57
179000000000000004,180000000000000006,2025-12-03,617,45,72347011,1607711,0.072934,1.15,114.43
179000000000000004,180000000000000007,2025-12-03,416,38,56828887,1495497,0.091346,0.88,108.1
179000000000000005,180000000000000008,2025-12-03,854,81,36907399,455647,0.094848,3.82,315.73
179000000000000001,180000000000000001,2025-12-04,2976,80,77234741,965434,0.026882,0.57,58.99
179000000000000001,180000000000000002,2025-12-04,1208,37,40638697,1098343,0.030629,0.23,27.44
179000000000000002,180000000000000003,2025-12-04,979,50,32810216,656204,0.051073,1.56,166.8
179000000000000002,180000000000000004,2025-12-04,440,28,26126503,933089,0.063636,0.8,62.64
179000000000000003,180000000000000005,2025-12-04,834,41,39291146,958321,0.049161,0.73,68.19
179000000000000004,180000000000000006,2025-12-04,507,35,81568917,2330540,0.069034,1.07,105.28
179000000000000004,180000000000000007,2025-12-04,643,39,55950095,1434618,0.060653,1.09,66.36
179000000000000005,180000000000000008,2025-12-04,882,94,39291146,417991,0.106576,4.09,424.02
179000000000000001,180000000000000001,2025-12-05,2896,62,76052578,1226654,0.021409,0.53,43.89
179000000000000001,180000000000000002,2025-12-05,1576,42,47768054,1137335,0.02665,0.37,26.07
179000000000000002,180000000000000003,2025-12-05,586,40,28167416,704185,0.068259,1.22,109.22
179000000000000002,180000000000000004,2025-12-05,768,43,33742899,784719,0.05599,1.21,150.04
179000000000000003,180000000000000005,2025-12-05,836,36,41273543,1146487,0.043062,0.45,30.2
179000000000000004,180000000000000006,2025-12-05,629,62,89083566,1436832,0.098569,1.8,169.91
179000000000000004,180000000000000007,2025-12-05,513,34,55373838,1628642,0.066277,1.09,96.69
179000000000000005,180000000000000008,2025-12-05,974,119,41273544,346837,0.122177,5.71,369.63
179000000000000001,180000000000000001,2025-12-06,2999,89,75915082,852978,0.029677,0.62,59.7
179000000000000001,180000000000000002,2025-12-06,1304,35,39749350,1135696,0.02684,0.29,27.4
179000000000000002,180000000000000003,2025-12-06,648,45,28302247,628939,0.069444,1.66,208.59
179000000000000002,180000000000000004,2025-12-06,793,38,29529970,777104,0.047919,1.14,98.26
179000000000000003,180000000000000005,2025-12-06,732,33,38554810,1168328,0.045082,0.56,62.0
179000000000000004,180000000000000006,2025-12-06,711,50,87160167,1743203,0.070323,1.54,170.19
179000000000000004,180000000000000007,2025-12-06,523,30,47781670,1592722,0.057361,0.75,67.25
179000000000000005,180000000000000008,2025-12-06,1110,97,38554811,397472,0.087387,4.92,477.01
179000000000000001,180000000000000001,2025-12-07,2384,51,62020127,1216081,0.021393,0.44,33.79
179000000000000001,180000000000000002,2025-12-07,1430,42,41141545,979561,0.029371,0.26,32.06
179000000000000002,180000000000000003,2025-12-07,640,40,26802971,670074,0.0625,1.08,102.12
179000000000000002,180000000000000004,2025-12-07,656,31,24777865,799286,0.047256,0.99,131.13
179000000000000003,180000000000000005,2025-12-07,808,36,34387224,955201,0.044554,0.63,54.97
179000000000000004,180000000000000006,2025-12-07,481,29,53205028,1834656,0.060291,0.93,80.69
179000000000000004,180000000000000007,2025-12-07,322,23,37570700,1633509,0.071429,0.61,54.91
179000000000000005,180000000000000008,2025-12-07,577,64,23129773,361403,0.110919,3.11,405.92
179000000000000001,180000000000000001,2025-12-08,1847,35,33142055,946916,0.01895,0.3,37.68
179000000000000001,180000000000000002,2025-12-08,1266,32,30912911,966028,0.025276,0.21,19.72
179000000000000002,180000000000000003,2025-12-08,461,25,22096340,883854,0.05423,0.82,75.95
179000000000000002,180000000000000004,2025-12-08,406,24,17938943,747456,0.059113,0.64,47.67
179000000000000003,180000000000000005,2025-12-08,447,29,26690188,920351,0.064877,0.4,52.96
179000000000000004,180000000000000006,2025-12-08,295,27,53291582,1973762,0.091525,0.85,96.59
179000000000000004,180000000000000007,2025-12-08,338,25,40124077,1604963,0.073964,0.73,81.25
179000000000000005,180000000000000008,2025-12-08,500,39,26690188,684364,0.078,1.83,140.01
179000000000000001,180000000000000001,2025-12-09,3557,82,84610550,1031836,0.023053,0.58,38.42
179000000000000001,180000000000000002,2025-12-09,2642,67,59046632,881293,0.02536,0.49,59.27
179000000000000002,180000000000000003,2025-12-09,1119,70,42746783,610668,0.062556,2.59,207.24
179000000000000002,180000000000000004,2025-12-09,846,36,29081807,807828,0.042553,1.49,159.61
179000000000000003,180000000000000005,2025-12-09,814,42,47885727,1140136,0.051597,0.6,62.38
179000000000000004,180000000000000006,2025-12-09,885,66,95347351,1444657,0.074576,1.79,130.37
179000000000000004,180000000000000007,2025-12-09,687,39,72252694,1852633,0.056769,0.94,66.51
179000000000000005,180000000000000008,2025-12-09,899,94,47885727,509423,0.104561,4.47,375.56
179000000000000001,180000000000000001,2025-12-10,3563,70,62235389,889077,0.019646,0.51,33.32
179000000000000001,180000000000000002,2025-12-10,2790,69,56530132,819277,0.024731,0.47,43.85
179000000000000002,180000000000000003,2025-12-10,1024,43,35900764,834901,0.041992,1.14,110.49
179000000000000002,180000000000000004,2025-12-10,1474,65,42784560,658224,0.044098,2.0,114.78
179000000000000003,180000000000000005,2025-12-10,584,24,26809462,1117061,0.041096,0.34,16.83
179000000000000004,180000000000000006,2025-12-10,794,65,119291728,1835257,0.081864,1.69,121.41
179000000000000004,180000000000000007,2025-12-10,382,28,64307358,2296691,0.073298,0.82,75.38
179000000000000005,180000000000000008,2025-12-10,1511,140,52456882,374692,0.092654,5.69,552.59
179000000000000001,180000000000000001,2025-12-11,3008,81,75861506,936562,0.026928,0.54,63.44
179000000000000001,180000000000000002,2025-12-11,1777,44,55817827,1268587,0.024761,0.36,32.35
179000000000000002,180000000000000003,2025-12-11,1079,53,29386973,554471,0.04912,1.7,134.85
179000000000000002,180000000000000004,2025-12-11,1121,43,36452694,847737,0.038359,1.23,167.89
179000000000000003,180000000000000005,2025-12-11,1219,50,43893111,877862,0.041017,0.68,66.15
179000000000000004,180000000000000006,2025-12-11,498,45,88415177,1964782,0.090361,1.39,123.35
179000000000000004,180000000000000007,2025-12-11,438,30,65210711,2173690,0.068493,0.74,59.64
179000000000000005,180000000000000008,2025-12-11,966,85,43893111,516390,0.087992,3.87,334.97
179000000000000001,180000000000000001,2025-12-12,2311,51,51206526,1004050,0.022068,0.33,24.78
179000000000000001,180000000000000002,2025-12-12,1028,37,39170021,1058649,0.035992,0.27,21.47
179000000000000002,180000000000000003,2025-12-12,516,32,24262344,758198,0.062016,1.08,95.46
179000000000000002,180000000000000004,2025-12-12,400,26,20925929,804843,0.065,0.95,71.19
179000000000000003,180000000000000005,2025-12-12,583,29,30125516,1038811,0.049743,0.41,47.84
179000000000000004,180000000000000006,2025-12-12,531,45,67696052,1504357,0.084746,1.58,182.96
179000000000000004,180000000000000007,2025-12-12,344,24,37743251,1572635,0.069767,0.69,80.53
179000000000000005,180000000000000008,2025-12-12,1072,79,30125515,381336,0.073694,4.05,397.47
179000000000000001,180000000000000001,2025-12-13,2834,69,72239783,1046953,0.024347,0.64,66.17
179000000000000001,180000000000000002,2025-12-13,2170,61,65273139,1070051,0.028111,0.52,57.08
179000000000000002,180000000000000003,2025-12-13,927,52,31885102,613175,0.056095,2.15,132.28
179000000000000002,180000000000000004,2025-12-13,1143,54,36871359,682803,0.047244,2.23,158.83
179000000000000003,180000000000000005,2025-12-13,718,39,45837640,1175324,0.054318,0.55,43.7
179000000000000004,180000000000000006,2025-12-13,482,41,89431463,2181255,0.085062,1.07,130.65
179000000000000004,180000000000000007,2025-12-13,525,41,71000279,1731714,0.078095,1.22,71.24
179000000000000005,180000000000000008,2025-12-13,866,90,45837640,509307,0.103926,3.69,276.08
179000000000000001,180000000000000001,2025-12-14,2795,71,69439209,978017,0.025403,0.53,65.08
179000000000000001,180000000000000002,2025-12-14,2056,61,54157282,887824,0.029669,0.5,48.49
179000000000000002,180000000000000003,2025-12-14,601,40,32593196,814830,0.066556,1.35,112.59
179000000000000002,180000000000000004,2025-12-14,756,46,29205051,634892,0.060847,1.73,207.85
179000000000000003,180000000000000005,2025-12-14,1059,44,41198831,936337,0.041549,0.65,72.98
179000000000000004,180000000000000006,2025-12-14,608,53,91144560,1719709,0.087171,1.44,145.48
179000000000000004,180000000000000007,2025-12-14,410,24,53051346,2210473,0.058537,0.64,57.93
179000000000000005,180000000000000008,2025-12-14,994,95,41198831,433672,0.095573,4.57,487.06
179000000000000001,180000000000000001,2025-12-15,5937,112,105664681,943435,0.018865,0.83,68.05
179000000000000001,180000000000000002,2025-12-15,1978,47,57854730,1230952,0.023761,0.4,20.97
179000000000000002,180000000000000003,2025-12-15,868,52,41910224,805966,0.059908,1.76,152.25
179000000000000002,180000000000000004,2025-12-15,1419,71,39849480,561260,0.050035,2.52,274.68
179000000000000003,180000000000000005,2025-12-15,1446,65,54506470,838561,0.044952,0.83,88.25
179000000000000004,180000000000000006,2025-12-15,881,62,119112974,1921177,0.070375,1.71,166.72
179000000000000004,180000000000000007,2025-12-15,515,34,71659671,2107637,0.066019,0.83,73.89
179000000000000005,180000000000000008,2025-12-15,947,91,54506469,598972,0.096093,4.09,268.35
179000000000000001,180000000000000001,2025-12-16,5043,119,90690358,762104,0.023597,0.92,65.45
179000000000000001,180000000000000002,2025-12-16,1955,43,41022270,954006,0.021995,0.35,43.61
179000000000000002,180000000000000003,2025-12-16,858,55,36109590,656538,0.064103,2.0,185.1
179000000000000002,180000000000000004,2025-12-16,915,53,42684313,805364,0.057923,2.23,150.88
179000000000000003,180000000000000005,2025-12-16,1131,54,52529268,972764,0.047745,0.83,111.79
179000000000000004,180000000000000006,2025-12-16,773,63,113774937,1805951,0.081501,1.81,152.61
179000000000000004,180000000000000007,2025-12-16,487,48,70077504,1459948,0.098563,1.45,67.48
179000000000000005,180000000000000008,2025-12-16,831,84,52529269,625348,0.101083,4.17,351.77
179000000000000001,180000000000000001,2025-12-17,3851,78,68898649,883316,0.020254,0.63,37.74
179000000000000001,180000000000000002,2025-12-17,2631,69,54788115,794031,0.026226,0.5,42.43
179000000000000002,180000000000000003,2025-12-17,1137,47,29934191,636898,0.041337,1.53,126.78
179000000000000002,180000000000000004,2025-12-17,751,44,31909191,725209,0.058589,1.33,91.22
179000000000000003,180000000000000005,2025-12-17,832,42,41228922,981641,0.050481,0.63,68.17
179000000000000004,180000000000000006,2025-12-17,513,43,82657803,1922274,0.083821,1.06,109.63
179000000000000004,180000000000000007,2025-12-17,592,43,61643421,1433568,0.072635,1.01,116.91
179000000000000005,180000000000000008,2025-12-17,960,85,41228922,485046,0.088542,3.38,318.78
179000000000000001,180000000000000001,2025-12-18,3812,100,82543772,825438,0.026233,0.76,78.27
179000000000000001,180000000000000002,2025-12-18,3263,92,71576082,778001,0.028195,0.64,87.28
179000000000000002,180000000000000003,2025-12-18,600,32,25434406,794825,0.053333,0.88,74.12
179000000000000002,180000000000000004,2025-12-18,920,49,35143020,717204,0.053261,1.56,128.05
179000000000000003,180000000000000005,2025-12-18,1712,62,51373285,828601,0.036215,0.83,48.58
179000000000000004,180000000000000006,2025-12-18,1191,73,122403074,1676754,0.061293,1.85,163.93
179000000000000004,180000000000000007,2025-12-18,289,24,57403424,2391809,0.083045,0.73,67.71
179000000000000005,180000000000000008,2025-12-18,1188,99,51373284,518922,0.083333,4.18,477.18
179000000000000001,180000000000000001,2025-12-19,3860,98,90740641,925925,0.025389,0.82,63.66
179000000000000001,180000000000000002,2025-12-19,2427,63,76135778,1208504,0.025958,0.53,37.79
179000000000000002,180000000000000003,2025-12-19,806,46,41222305,896137,0.057072,1.24,80.92
179000000000000002,180000000000000004,2025-12-19,1419,65,42215905,649475,0.045807,2.79,188.41
179000000000000003,180000000000000005,2025-12-19,1432,64,55625474,869148,0.044693,0.79,81.75
179000000000000004,180000000000000006,2025-12-19,942,69,111769578,1619849,0.073248,2.22,136.38
179000000000000004,180000000000000007,2025-12-19,527,45,82919578,1842657,0.085389,1.02,78.41
179000000000000005,180000000000000008,2025-12-19,1226,117,55625473,475431,0.095432,6.23,557.36
179000000000000001,180000000000000001,2025-12-20,5028,136,106110691,780226,0.027049,1.33,83.2
179000000000000001,180000000000000002,2025-12-20,2564,78,63517020,814321,0.030421,0.54,58.52
179000000000000002,180000000000000003,2025-12-20,766,43,40927673,951806,0.056136,1.34,141.38
179000000000000002,180000000000000004,2025-12-20,1232,63,43886183,696606,0.051136,2.05,98.65
179000000000000003,180000000000000005,2025-12-20,1068,59,56542570,958349,0.055243,0.71,68.01
179000000000000004,180000000000000006,2025-12-20,907,64,119545499,1867898,0.070562,1.68,168.12
179000000000000004,180000000000000007,2025-12-20,611,45,78353497,1741189,0.07365,1.22,111.79
179000000000000005,180000000000000008,2025-12-20,1326,130,56542570,434943,0.098039,5.27,519.25
179000000000000001,180000000000000001,2025-12-21,2794,80,85043327,1063042,0.028633,0.73,76.39
179000000000000001,180000000000000002,2025-12-21,2516,67,56333275,840795,0.02663,0.58,55.1
179000000000000002,180000000000000003,2025-12-21,989,52,32923776,633150,0.052578,2.14,209.97
179000000000000002,180000000000000004,2025-12-21,837,43,37764525,878245,0.051374,1.37,150.8
179000000000000003,180000000000000005,2025-12-21,1183,50,47125534,942511,0.042265,0.59,53.9
179000000000000004,180000000000000006,2025-12-21,675,54,88733844,1643219,0.08,1.4,124.71
179000000000000004,180000000000000007,2025-12-21,943,55,76205526,1385555,0.058324,1.8,150.91
179000000000000005,180000000000000008,2025-12-21,609,62,30567752,493028,0.101806,2.5,245.72
179000000000000001,180000000000000001,2025-12-22,3229,86,72259198,840223,0.026634,0.76,82.03
179000000000000001,180000000000000002,2025-12-22,1140,41,40980792,999532,0.035965,0.39,48.35
179000000000000002,180000000000000003,2025-12-22,934,41,27467555,669940,0.043897,1.34,74.88
179000000000000002,180000000000000004,2025-12-22,597,37,29152440,787904,0.061977,1.4,149.92
179000000000000003,180000000000000005,2025-12-22,518,29,37746663,1301609,0.055985,0.42,31.37
179000000000000004,180000000000000006,2025-12-22,631,47,80146077,1705236,0.074485,1.35,142.07
179000000000000004,180000000000000007,2025-12-22,362,29,51967243,1791974,0.08011,0.86,75.88
179000000000000005,180000000000000008,2025-12-22,1080,101,37746663,373729,0.093519,5.53,537.09
179000000000000001,180000000000000001,2025-12-23,2999,86,95432860,1109684,0.028676,0.63,50.09
179000000000000001,180000000000000002,2025-12-23,2957,71,46117905,649548,0.024011,0.57,74.51
179000000000000002,180000000000000003,2025-12-23,1132,62,35368363,570457,0.05477,2.11,248.1
179000000000000002,180000000000000004,2025-12-23,1100,54,35407019,655686,0.049091,1.99,179.0
179000000000000003,180000000000000005,2025-12-23,1382,54,47183588,873770,0.039074,0.66,66.68
179000000000000004,180000000000000006,2025-12-23,540,50,100019702,2000394,0.092593,1.18,113.28
179000000000000004,180000000000000007,2025-12-23,471,38,65122858,1713759,0.080679,0.98,95.55
179000000000000005,180000000000000008,2025-12-23,1123,114,47183589,413891,0.101514,5.45,481.36
179000000000000001,180000000000000001,2025-12-24,1763,53,62649804,1182072,0.030062,0.42,31.75
179000000000000001,180000000000000002,2025-12-24,1510,36,35262505,979514,0.023841,0.31,26.02
179000000000000002,180000000000000003,2025-12-24,745,34,25088699,737903,0.045638,1.33,94.81
179000000000000002,180000000000000004,2025-12-24,721,35,23867456,681927,0.048544,1.11,137.55
179000000000000003,180000000000000005,2025-12-24,621,36,32637436,906595,0.057971,0.5,52.94
179000000000000004,180000000000000006,2025-12-24,206,19,44763591,2355978,0.092233,0.54,35.45
179000000000000004,180000000000000007,2025-12-24,387,28,52104762,1860884,0.072351,0.78,83.91
179000000000000005,180000000000000008,2025-12-24,763,65,32637436,502114,0.08519,2.97,234.93
179000000000000001,180000000000000001,2025-12-25,3407,82,88700649,1081715,0.024068,0.76,88.73
179000000000000001,180000000000000002,2025-12-25,2066,62,73115197,1179277,0.03001,0.5,27.94
179000000000000002,180000000000000003,2025-12-25,769,60,36043181,600720,0.078023,1.93,235.51
179000000000000002,180000000000000004,2025-12-25,419,30,22276846,742562,0.071599,0.82,57.34
179000000000000003,180000000000000005,2025-12-25,1215,65,53938615,829825,0.053498,0.77,64.65
179000000000000004,180000000000000006,2025-12-25,518,51,104480206,2048631,0.098456,1.32,117.35
179000000000000004,180000000000000007,2025-12-25,623,42,84304947,2007261,0.067416,0.88,66.25
179000000000000005,180000000000000008,2025-12-25,991,95,53938615,567775,0.095863,4.3,315.43
179000000000000001,180000000000000001,2025-12-26,2982,65,78013058,1200201,0.021797,0.48,59.74
179000000000000001,180000000000000002,2025-12-26,1220,44,49493844,1124860,0.036066,0.33,30.97
179000000000000002,180000000000000003,2025-12-26,686,39,29273208,750595,0.056851,1.13,117.68
179000000000000002,180000000000000004,2025-12-26,989,52,34480242,663082,0.052578,1.97,148.99
179000000000000003,180000000000000005,2025-12-26,827,44,42502301,965961,0.053204,0.71,63.59
179000000000000004,180000000000000006,2025-12-26,477,44,90862902,2065066,0.092243,1.15,115.72
179000000000000004,180000000000000007,2025-12-26,347,24,57895150,2412298,0.069164,0.72,76.51
179000000000000005,180000000000000008,2025-12-26,944,112,42502301,379485,0.118644,4.96,317.59
179000000000000001,180000000000000001,2025-12-27,2839,69,60421864,875679,0.024304,0.69,71.89
179000000000000001,180000000000000002,2025-12-27,1705,52,61473476,1182182,0.030499,0.39,36.56
179000000000000002,180000000000000003,2025-12-27,1018,50,37238299,744766,0.049116,1.91,179.01
179000000000000002,180000000000000004,2025-12-27,922,57,38876111,682037,0.061822,2.09,222.97
179000000000000003,180000000000000005,2025-12-27,1151,48,50742940,1057145,0.041703,0.87,63.09
179000000000000004,180000000000000006,2025-12-27,629,45,74670226,1659338,0.071542,0.97,77.79
179000000000000004,180000000000000007,2025-12-27,632,40,71739910,1793498,0.063291,1.3,121.56
179000000000000005,180000000000000008,2025-12-27,989,101,50742941,502405,0.102123,5.35,337.22
179000000000000001,180000000000000001,2025-12-28,3181,94,84415326,898035,0.02955,0.76,67.46
179000000000000001,180000000000000002,2025-12-28,1301,41,46938454,1144840,0.031514,0.29,27.0
179000000000000002,180000000000000003,2025-12-28,1404,59,33722553,571569,0.042023,1.97,188.84
179000000000000002,180000000000000004,2025-12-28,1196,45,31954337,710096,0.037625,1.69,175.76
179000000000000003,180000000000000005,2025-12-28,772,40,43784593,1094615,0.051813,0.71,45.6
179000000000000004,180000000000000006,2025-12-28,515,41,82670009,2016342,0.079612,1.14,108.35
179000000000000004,180000000000000007,2025-12-28,527,38,70576069,1857265,0.072106,0.93,116.82
179000000000000005,180000000000000008,2025-12-28,984,94,43784594,465794,0.095528,4.88,427.48
179000000000000001,180000000000000001,2025-12-29,3441,79,86200641,1091147,0.022958,0.6,52.26
179000000000000001,180000000000000002,2025-12-29,2927,73,56431183,773030,0.02494,0.58,69.9
179000000000000002,180000000000000003,2025-12-29,667,45,32812287,729162,0.067466,1.9,146.01
179000000000000002,180000000000000004,2025-12-29,1100,48,38503625,802159,0.043636,1.4,80.92
179000000000000003,180000000000000005,2025-12-29,935,44,47543942,1080544,0.047059,0.63,58.85
179000000000000004,180000000000000006,2025-12-29,655,57,105177962,1845227,0.087023,1.73,138.01
179000000000000004,180000000000000007,2025-12-29,552,40,61225833,1530646,0.072464,1.16,96.39
179000000000000005,180000000000000008,2025-12-29,953,73,34835738,477202,0.0766,2.61,261.31
179000000000000001,180000000000000001,2025-12-30,2974,69,78079346,1131585,0.023201,0.46,42.6
179000000000000001,180000000000000002,2025-12-30,1966,52,47704707,917398,0.02645,0.48,46.77
179000000000000002,180000000000000003,2025-12-30,565,35,27741986,792628,0.061947,1.15,60.45
179000000000000002,180000000000000004,2025-12-30,678,42,35150041,836906,0.061947,1.36,143.23
179000000000000003,180000000000000005,2025-12-30,769,40,41928018,1048200,0.052016,0.67,75.26
179000000000000004,180000000000000006,2025-12-30,877,65,93183759,1433596,0.074116,2.05,199.28
179000000000000004,180000000000000007,2025-12-30,354,30,53564303,1785477,0.084746,1.05,120.9
179000000000000005,180000000000000008,2025-12-30,715,83,41928018,505157,0.116084,3.91,365.08
179000000000000001,180000000000000001,2025-12-31,3149,90,67615654,751285,0.028581,0.73,64.62
179000000000000001,180000000000000002,2025-12-31,1208,31,41048527,1324146,0.025662,0.24,24.67
179000000000000002,180000000000000003,2025-12-31,562,30,27721438,924048,0.053381,0.8,79.0
179000000000000002,180000000000000004,2025-12-31,666,34,26610653,782666,0.051051,1.18,83.54
179000000000000003,180000000000000005,2025-12-31,727,35,36221394,1034897,0.048143,0.48,40.04
179000000000000004,180000000000000006,2025-12-31,735,51,81386279,1595809,0.069388,1.68,142.09
179000000000000004,180000000000000007,2025-12-31,319,27,45388599,1681059,0.084639,0.79,86.69
179000000000000005,180000000000000008,2025-12-31,762,61,21980809,360341,0.080052,3.07,158.03
179000000000000001,180000000000000001,2026-01-01,4124,81,79551636,982119,0.019641,0.61,45.11
179000000000000001,180000000000000002,2026-01-01,2489,84,66236270,788527,0.033748,0.78,61.19
179000000000000002,180000000000000003,2026-01-01,1014,62,41720637,672914,0.061144,2.28,280.26
179000000000000002,180000000000000004,2026-01-01,799,45,31173315,692740,0.05632,1.52,172.72
179000000000000003,180000000000000005,2026-01-01,1165,64,48595968,759312,0.054936,0.73,70.82
179000000000000004,180000000000000006,2026-01-01,389,37,66233242,1790088,0.095116,0.87,44.93
179000000000000004,180000000000000007,2026-01-01,652,39,72046912,1847357,0.059816,1.01,134.52
179000000000000005,180000000000000008,2026-01-01,883,95,48595968,511537,0.107588,4.56,389.38
179000000000000001,180000000000000001,2026-01-02,3676,91,72311797,794635,0.024755,0.84,83.85
179000000000000001,180000000000000002,2026-01-02,2924,71,54497754,767574,0.024282,0.6,56.25
179000000000000002,180000000000000003,2026-01-02,935,50,34108370,682167,0.053476,1.85,166.01
179000000000000002,180000000000000004,2026-01-02,745,37,29296406,791795,0.049664,1.21,85.38
179000000000000003,180000000000000005,2026-01-02,1283,47,42269850,899359,0.036633,0.61,51.96
179000000000000004,180000000000000006,2026-01-02,642,51,90586284,1776202,0.079439,1.37,133.4
179000000000000004,180000000000000007,2026-01-02,384,27,57358194,2124378,0.070312,0.89,87.72
179000000000000005,180000000000000008,2026-01-02,896,85,42269851,497292,0.094866,3.28,253.9
179000000000000001,180000000000000001,2026-01-03,2681,67,78289134,1168495,0.024991,0.57,63.11
179000000000000001,180000000000000002,2026-01-03,2672,65,50155380,771621,0.024326,0.43,44.12
179000000000000002,180000000000000003,2026-01-03,1043,51,31672261,621025,0.048897,2.21,187.78
179000000000000002,180000000000000004,2026-01-03,1142,53,32549996,614151,0.04641,1.65,107.11
179000000000000003,180000000000000005,2026-01-03,808,47,42814838,910954,0.058168,0.67,46.79
179000000000000004,180000000000000006,2026-01-03,743,51,84203329,1651046,0.068641,1.39,94.92
179000000000000004,180000000000000007,2026-01-03,521,43,65648603,1526712,0.082534,0.94,93.21
179000000000000005,180000000000000008,2026-01-03,644,74,42814838,578579,0.114907,3.47,383.46
179000000000000001,180000000000000001,2026-01-04,6016,121,95158490,786434,0.020113,0.83,44.03
179000000000000001,180000000000000002,2026-01-04,2185,57,50759191,890512,0.026087,0.48,39.44
179000000000000002,180000000000000003,2026-01-04,536,23,18463187,802747,0.04291,1.03,105.5
179000000000000002,180000000000000004,2026-01-04,761,39,35107736,900198,0.051248,1.35,142.46
179000000000000003,180000000000000005,2026-01-04,1256,49,48639227,992637,0.039013,0.72,91.41
179000000000000004,180000000000000006,2026-01-04,903,64,94689516,1479524,0.070875,1.77,146.99
179000000000000004,180000000000000007,2026-01-04,376,19,37983900,1999153,0.050532,0.53,50.38
179000000000000005,180000000000000008,2026-01-04,1159,104,48639228,467685,0.089733,3.63,338.06
179000000000000001,180000000000000001,2026-01-05,4228,104,109818381,1055946,0.024598,0.73,66.31
179000000000000001,180000000000000002,2026-01-05,2092,75,87603726,1168050,0.035851,0.63,55.47
179000000000000002,180000000000000003,2026-01-05,1118,65,48386256,744404,0.05814,2.02,232.05
179000000000000002,180000000000000004,2026-01-05,1398,74,50324798,680065,0.052933,2.42,213.9
179000000000000003,180000000000000005,2026-01-05,1017,63,65807369,1044561,0.061947,1.09,64.47
179000000000000004,180000000000000006,2026-01-05,1057,79,141640486,1792918,0.07474,1.84,180.35
179000000000000004,180000000000000007,2026-01-05,561,48,88685305,1847611,0.085561,1.28,129.33
179000000000000005,180000000000000008,2026-01-05,1869,165,65807370,398833,0.088283,8.38,940.0
179000000000000001,180000000000000001,2026-01-06,4371,100,119084234,1190842,0.022878,0.8,73.94
179000000000000001,180000000000000002,2026-01-06,4697,120,99475768,828965,0.025548,0.91,76.46
179000000000000002,180000000000000003,2026-01-06,1576,89,52293548,587568,0.056472,3.17,348.71
179000000000000002,180000000000000004,2026-01-06,1218,61,56986453,934204,0.050082,2.3,207.4
179000000000000003,180000000000000005,2026-01-06,1841,89,72853334,818577,0.048343,1.38,119.93
179000000000000004,180000000000000006,2026-01-06,906,78,150339756,1927433,0.086093,2.62,246.09
179000000000000004,180000000000000007,2026-01-06,537,31,62644298,2020784,0.057728,0.68,90.52
179000000000000005,180000000000000008,2026-01-06,1269,146,72853334,498995,0.115051,8.05,639.99
179000000000000001,180000000000000001,2026-01-07,4743,90,75062220,834025,0.018975,0.73,42.13
179000000000000001,180000000000000002,2026-01-07,3154,82,86129339,1050358,0.025999,0.67,47.24
179000000000000002,180000000000000003,2026-01-07,1129,63,34117465,541547,0.055802,1.72,136.79
179000000000000002,180000000000000004,2026-01-07,1024,57,45042800,790225,0.055664,2.39,312.42
179000000000000003,180000000000000005,2026-01-07,1177,62,71780850,1157756,0.052676,0.97,78.65
179000000000000004,180000000000000006,2026-01-07,1205,89,143415826,1611414,0.073859,2.68,212.78
179000000000000004,180000000000000007,2026-01-07,960,59,107817151,1827409,0.061458,1.66,168.45
179000000000000005,180000000000000008,2026-01-07,1371,132,71780850,543794,0.09628,6.49,622.18
179000000000000001,180000000000000001,2026-01-08,8877,196,154293229,787210,0.02208,1.64,141.95
179000000000000001,180000000000000002,2026-01-08,2211,70,76526053,1093229,0.03166,0.57,35.27
179000000000000002,180000000000000003,2026-01-08,1972,86,55108349,640795,0.043611,2.98,273.42
179000000000000002,180000000000000004,2026-01-08,921,47,29140195,620004,0.051031,2.09,112.37
179000000000000003,180000000000000005,2026-01-08,697,44,32256992,733113,0.063128,0.78,100.97
179000000000000004,180000000000000006,2026-01-08,1578,108,167982430,1555393,0.068441,2.47,256.73
179000000000000004,180000000000000007,2026-01-08,758,50,101306732,2026135,0.065963,1.66,164.09
179000000000000005,180000000000000008,2026-01-08,1843,175,76939761,439656,0.094954,8.21,704.94
179000000000000001,180000000000000001,2026-01-09,7483,185,156463014,845746,0.024723,1.34,136.87
179000000000000001,180000000000000002,2026-01-09,4784,123,115035632,935249,0.025711,1.17,96.55
179000000000000002,180000000000000003,2026-01-09,1316,78,69668100,893181,0.059271,2.98,194.34
179000000000000002,180000000000000004,2026-01-09,1167,56,33890718,605191,0.047986,2.19,202.39
179000000000000003,180000000000000005,2026-01-09,1844,73,90499549,1239720,0.039588,1.13,53.9
179000000000000004,180000000000000006,2026-01-09,1096,95,184649635,1943680,0.086679,2.74,223.92
179000000000000004,180000000000000007,2026-01-09,1009,84,132098786,1572605,0.083251,2.09,172.72
179000000000000005,180000000000000008,2026-01-09,2236,236,90499549,383473,0.105546,12.0,1270.81
179000000000000001,180000000000000001,2026-01-10,4333,119,137212656,1153048,0.027464,1.1,119.37
179000000000000001,180000000000000002,2026-01-10,2751,81,82910570,1023587,0.029444,0.75,73.7
179000000000000002,180000000000000003,2026-01-10,1813,88,64888770,737372,0.048538,3.26,355.02
179000000000000002,180000000000000004,2026-01-10,1076,49,45172842,921895,0.045539,1.79,126.92
179000000000000003,180000000000000005,2026-01-10,1096,67,73374408,1095140,0.061131,0.92,57.75
179000000000000004,180000000000000006,2026-01-10,1202,82,156296662,1906057,0.06822,2.21,189.63
179000000000000004,180000000000000007,2026-01-10,1186,71,100513767,1415687,0.059865,1.69,221.51
179000000000000005,180000000000000008,2026-01-10,1919,178,73374409,412216,0.092757,6.09,500.34
179000000000000001,180000000000000001,2026-01-11,6808,149,117574011,789087,0.021886,1.04,97.59
179000000000000001,180000000000000002,2026-01-11,4203,118,98354592,833513,0.028075,0.8,63.9
179000000000000002,180000000000000003,2026-01-11,2468,135,73767264,546424,0.0547,4.21,269.46
179000000000000002,180000000000000004,2026-01-11,1212,59,54970535,931704,0.04868,2.04,215.63
179000000000000003,180000000000000005,2026-01-11,1374,79,85825200,1086395,0.057496,1.03,131.89
179000000000000004,180000000000000006,2026-01-11,1410,112,191408128,1709001,0.079433,3.49,308.21
179000000000000004,180000000000000007,2026-01-11,689,45,108980070,2421779,0.065312,1.49,179.96
179000000000000005,180000000000000008,2026-01-11,1590,171,85825200,501902,0.107547,7.07,453.99
179000000000000001,180000000000000001,2026-01-12,3334,88,86750451,985801,0.026395,0.66,45.47
179000000000000001,180000000000000002,2026-01-12,2321,79,63191515,799893,0.034037,0.76,81.58
179000000000000002,180000000000000003,2026-01-12,902,59,39046732,661809,0.06541,2.51,242.96
179000000000000002,180000000000000004,2026-01-12,1214,50,35924251,718485,0.041186,1.97,260.37
179000000000000003,180000000000000005,2026-01-12,1111,49,49980656,1020013,0.044104,0.68,79.55
179000000000000004,180000000000000006,2026-01-12,705,64,96087165,1501362,0.09078,1.77,172.72
179000000000000004,180000000000000007,2026-01-12,446,37,78845128,2130949,0.08296,1.23,96.29
179000000000000005,180000000000000008,2026-01-12,764,72,32483756,451163,0.094241,3.08,245.45
179000000000000001,180000000000000001,2026-01-13,4097,120,110251453,918762,0.02929,1.11,90.29
179000000000000001,180000000000000002,2026-01-13,2028,49,61129776,1247546,0.024162,0.38,32.06
179000000000000002,180000000000000003,2026-01-13,534,30,19552644,651755,0.05618,0.77,33.79
179000000000000002,180000000000000004,2026-01-13,1023,60,45398259,756638,0.058651,2.02,176.81
179000000000000003,180000000000000005,2026-01-13,1142,62,57127076,921404,0.054291,0.99,99.22
179000000000000004,180000000000000006,2026-01-13,834,65,110935520,1706700,0.077938,1.65,162.96
179000000000000004,180000000000000007,2026-01-13,623,48,89009248,1854359,0.077047,0.97,107.99
179000000000000005,180000000000000008,2026-01-13,1232,115,57127076,496757,0.093344,5.0,322.38
179000000000000001,180000000000000001,2026-01-14,4325,111,131567486,1185293,0.025665,0.97,66.21
179000000000000001,180000000000000002,2026-01-14,3201,83,85296937,1027674,0.025929,0.66,79.85
179000000000000002,180000000000000003,2026-01-14,1332,77,51475460,668512,0.057808,2.52,185.41
179000000000000002,180000000000000004,2026-01-14,1937,102,56956751,558400,0.052659,4.11,367.07
179000000000000003,180000000000000005,2026-01-14,1893,93,72288141,777292,0.049128,1.52,120.5
179000000000000004,180000000000000006,2026-01-14,1066,74,134106372,1812248,0.069418,2.33,181.36
179000000000000004,180000000000000007,2026-01-14,1615,91,118902124,1306617,0.056347,2.4,218.32
179000000000000005,180000000000000008,2026-01-14,1507,145,72288141,498539,0.096218,6.21,768.96
179000000000000001,180000000000000001,2026-01-15,3539,88,103541272,1176605,0.024866,0.74,84.35
179000000000000001,180000000000000002,2026-01-15,2058,49,44820072,914695,0.02381,0.44,49.39
179000000000000002,180000000000000003,2026-01-15,605,44,31237013,709932,0.072727,1.39,123.95
179000000000000002,180000000000000004,2026-01-15,1151,54,42943659,795253,0.046916,1.85,245.8
179000000000000003,180000000000000005,2026-01-15,1008,53,49453781,933090,0.052579,0.91,103.85
179000000000000004,180000000000000006,2026-01-15,745,47,95953752,2041569,0.063087,1.28,130.92
179000000000000004,180000000000000007,2026-01-15,450,35,77134483,2203842,0.077778,0.98,123.25
179000000000000005,180000000000000008,2026-01-15,941,100,49453781,494538,0.10627,3.73,406.03
179000000000000001,180000000000000001,2026-01-16,3410,79,88660921,1122290,0.023167,0.57,64.91
179000000000000001,180000000000000002,2026-01-16,2867,92,61298769,666291,0.032089,0.69,38.84
179000000000000002,180000000000000003,2026-01-16,1141,63,40558813,643791,0.055215,2.15,181.75
179000000000000002,180000000000000004,2026-01-16,1116,43,34421033,800489,0.03853,1.31,95.5
179000000000000003,180000000000000005,2026-01-16,829,42,49986563,1190156,0.050663,0.63,63.77
179000000000000004,180000000000000006,2026-01-16,758,55,92479979,1681454,0.072559,1.67,181.64
179000000000000004,180000000000000007,2026-01-16,645,57,82472992,1446895,0.088372,1.71,121.02
179000000000000005,180000000000000008,2026-01-16,1183,109,49986563,458592,0.092139,4.89,538.61
179000000000000001,180000000000000001,2026-01-17,4855,105,113215625,1078244,0.021627,0.88,49.82
179000000000000001,180000000000000002,2026-01-17,2966,70,73383651,1048338,0.023601,0.51,46.75
179000000000000002,180000000000000003,2026-01-17,1409,84,53379384,635469,0.059617,2.26,164.5
179000000000000002,180000000000000004,2026-01-17,1285,52,39920254,767697,0.040467,1.69,119.05
179000000000000003,180000000000000005,2026-01-17,1387,75,62199759,829330,0.054074,1.16,80.83
179000000000000004,180000000000000006,2026-01-17,1212,94,124210355,1321387,0.077558,2.89,263.87
179000000000000004,180000000000000007,2026-01-17,559,41,93488800,2280215,0.073345,1.2,63.73
179000000000000005,180000000000000008,2026-01-17,1007,109,62199758,570640,0.108242,4.72,343.01
179000000000000001,180000000000000001,2026-01-18,4981,125,112481171,899849,0.025095,1.15,153.03
179000000000000001,180000000000000002,2026-01-18,2196,70,66545793,950654,0.031876,0.61,43.69
179000000000000002,180000000000000003,2026-01-18,1090,53,42053449,793461,0.048624,2.29,172.55
179000000000000002,180000000000000004,2026-01-18,744,36,23706250,658507,0.048387,1.3,66.0
179000000000000003,180000000000000005,2026-01-18,1449,61,59675655,978289,0.042098,0.94,57.99
179000000000000004,180000000000000006,2026-01-18,762,65,132078681,2031980,0.085302,1.96,168.0
179000000000000004,180000000000000007,2026-01-18,504,39,76786112,1968875,0.077381,1.11,114.67
179000000000000005,180000000000000008,2026-01-18,1109,117,59675655,510048,0.1055,5.33,428.71
179000000000000001,180000000000000001,2026-01-19,3684,78,78710652,1009111,0.021173,0.58,57.65
179000000000000001,180000000000000002,2026-01-19,2709,64,76863310,1200989,0.023625,0.47,33.82
179000000000000002,180000000000000003,2026-01-19,736,49,37558987,766510,0.066576,1.83,144.19
179000000000000002,180000000000000004,2026-01-19,686,28,20019703,714989,0.040816,1.03,133.64
179000000000000003,180000000000000005,2026-01-19,635,36,25827210,717422,0.056693,0.53,65.1
179000000000000004,180000000000000006,2026-01-19,791,52,98271812,1889843,0.06574,1.45,158.52
179000000000000004,180000000000000007,2026-01-19,535,43,83231143,1935608,0.080374,1.2,134.41
179000000000000005,180000000000000008,2026-01-19,1147,113,51857986,458920,0.098518,5.38,561.94
179000000000000001,180000000000000001,2026-01-20,6178,149,147166031,987691,0.024118,1.03,78.73
179000000000000001,180000000000000002,2026-01-20,3899,95,109177336,1149235,0.024365,0.69,51.34
179000000000000002,180000000000000003,2026-01-20,2096,92,61073493,663842,0.043893,3.92,456.58
179000000000000002,180000000000000004,2026-01-20,1876,108,67098189,621280,0.057569,3.68,369.7
179000000000000003,180000000000000005,2026-01-20,1596,84,85447789,1017236,0.052632,1.08,137.36
179000000000000004,180000000000000006,2026-01-20,956,76,169038487,2224191,0.079498,1.96,222.6
179000000000000004,180000000000000007,2026-01-20,882,59,130028774,2203878,0.066893,1.29,118.47
179000000000000005,180000000000000008,2026-01-20,2213,175,85447789,488273,0.079078,8.03,547.35
179000000000000001,180000000000000001,2026-01-21,4268,110,104492842,949935,0.025773,0.83,63.95
179000000000000001,180000000000000002,2026-01-21,3442,82,73706687,898862,0.023823,0.64,53.49
179000000000000002,180000000000000003,2026-01-21,1131,62,49488301,798198,0.054819,2.31,102.36
179000000000000002,180000000000000004,2026-01-21,1183,55,39611463,720208,0.046492,1.63,164.2
179000000000000003,180000000000000005,2026-01-21,1308,55,59399843,1079997,0.042049,0.86,67.91
179000000000000004,180000000000000006,2026-01-21,805,64,124795467,1949929,0.079503,1.67,170.45
179000000000000004,180000000000000007,2026-01-21,429,41,83103983,2026926,0.095571,1.28,105.06
179000000000000005,180000000000000008,2026-01-21,1320,156,59399843,380768,0.118182,7.31,761.35
179000000000000001,180000000000000001,2026-01-22,4687,128,128255945,1002000,0.02731,1.13,100.77
179000000000000001,180000000000000002,2026-01-22,2392,69,73982465,1072210,0.028846,0.51,28.55
179000000000000002,180000000000000003,2026-01-22,1493,73,46129686,631914,0.048895,2.67,160.85
179000000000000002,180000000000000004,2026-01-22,1254,56,54989520,981956,0.044657,1.49,203.21
179000000000000003,180000000000000005,2026-01-22,1226,56,67412804,1203800,0.045677,0.99,112.4
179000000000000004,180000000000000006,2026-01-22,798,72,133953264,1860462,0.090226,2.14,248.39
179000000000000004,180000000000000007,2026-01-22,720,69,101991548,1478138,0.095833,1.69,127.94
179000000000000005,180000000000000008,2026-01-22,1341,136,67412803,495682,0.101417,5.38,447.59
179000000000000001,180000000000000001,2026-01-23,6526,147,138279326,940676,0.022525,0.98,75.63
179000000000000001,180000000000000002,2026-01-23,2438,78,64767674,830355,0.031993,0.72,64.16
179000000000000002,180000000000000003,2026-01-23,1639,75,43479063,579721,0.04576,2.69,268.15
179000000000000002,180000000000000004,2026-01-23,1941,92,58044437,630918,0.047398,3.83,358.78
179000000000000003,180000000000000005,2026-01-23,1763,81,67682333,835584,0.045944,1.05,116.19
179000000000000004,180000000000000006,2026-01-23,683,57,126585167,2220792,0.083455,1.57,147.19
179000000000000004,180000000000000007,2026-01-23,829,47,110303001,2346872,0.056695,1.45,114.25
179000000000000005,180000000000000008,2026-01-23,1535,147,67682333,460424,0.095765,7.87,728.74
179000000000000001,180000000000000001,2026-01-24,6508,171,116449785,680993,0.026275,1.3,111.07
179000000000000001,180000000000000002,2026-01-24,2697,69,72952103,1057277,0.025584,0.56,42.7
179000000000000002,180000000000000003,2026-01-24,1032,56,44219952,789642,0.054264,1.47,117.54
179000000000000002,180000000000000004,2026-01-24,711,42,28368290,675435,0.059072,1.09,58.12
179000000000000003,180000000000000005,2026-01-24,1166,52,63133963,1214115,0.044597,0.66,47.84
179000000000000004,180000000000000006,2026-01-24,855,66,135219070,2048774,0.077193,1.78,144.31
179000000000000004,180000000000000007,2026-01-24,857,47,85749799,1824464,0.054842,1.51,125.26
179000000000000005,180000000000000008,2026-01-24,1575,156,63133962,404705,0.099048,6.96,438.18
179000000000000001,180000000000000001,2026-01-25,4421,107,77618185,725404,0.024203,0.93,103.26
179000000000000001,180000000000000002,2026-01-25,3971,89,91696941,1030303,0.022412,0.83,84.73
179000000000000002,180000000000000003,2026-01-25,1174,79,52604302,665877,0.067291,2.79,241.78
179000000000000002,180000000000000004,2026-01-25,1978,81,56078494,692327,0.04095,2.47,214.4
179000000000000003,180000000000000005,2026-01-25,1734,89,72455197,814103,0.051326,1.24,144.84
179000000000000004,180000000000000006,2026-01-25,1271,99,173236812,1749867,0.077891,2.71,272.06
179000000000000004,180000000000000007,2026-01-25,590,35,80356378,2295897,0.059322,1.01,91.05
179000000000000005,180000000000000008,2026-01-25,1419,144,72455197,503161,0.10148,5.79,617.84
179000000000000001,180000000000000001,2026-01-26,4033,95,107240856,1128851,0.023556,0.75,66.81
179000000000000001,180000000000000002,2026-01-26,960,29,35372582,1219744,0.030208,0.29,30.98
179000000000000002,180000000000000003,2026-01-26,285,26,23768879,914188,0.091228,1.01,104.81
179000000000000002,180000000000000004,2026-01-26,1398,73,46201434,632896,0.052217,2.91,347.86
179000000000000003,180000000000000005,2026-01-26,1683,60,57313647,955227,0.035651,1.14,126.96
179000000000000004,180000000000000006,2026-01-26,898,72,117920632,1637787,0.080178,2.13,190.18
179000000000000004,180000000000000007,2026-01-26,657,52,82677131,1589945,0.079148,1.56,123.64
179000000000000005,180000000000000008,2026-01-26,572,76,40710557,535665,0.132867,3.31,383.34
179000000000000001,180000000000000001,2026-01-27,6443,181,188557441,1041754,0.028093,1.56,109.84
179000000000000001,180000000000000002,2026-01-27,2675,88,112902057,1282978,0.032897,0.76,72.86
179000000000000002,180000000000000003,2026-01-27,2064,118,83914747,711142,0.057171,4.27,522.97
179000000000000002,180000000000000004,2026-01-27,1802,102,66815003,655049,0.056604,3.0,375.55
179000000000000003,180000000000000005,2026-01-27,789,44,53314377,1211690,0.055767,0.74,102.15
179000000000000004,180000000000000006,2026-01-27,1018,80,143624505,1795306,0.078585,2.71,337.81
179000000000000004,180000000000000007,2026-01-27,862,67,145499551,2171635,0.077726,2.19,125.09
179000000000000005,180000000000000008,2026-01-27,1693,187,100486500,537361,0.110455,7.94,760.82
179000000000000001,180000000000000001,2026-01-28,6022,154,118660469,770523,0.025573,1.26,107.13
179000000000000001,180000000000000002,2026-01-28,3321,87,94228140,1083082,0.026197,0.77,92.77
179000000000000002,180000000000000003,2026-01-28,2143,91,64861374,712762,0.042464,3.3,282.03
179000000000000002,180000000000000004,2026-01-28,1655,61,41582931,681687,0.036858,2.29,117.43
179000000000000003,180000000000000005,2026-01-28,1517,76,70962869,933722,0.050099,0.98,123.95
179000000000000004,180000000000000006,2026-01-28,982,91,144706610,1590183,0.092668,2.19,136.11
179000000000000004,180000000000000007,2026-01-28,858,52,103663434,1993528,0.060606,1.27,112.76
179000000000000005,180000000000000008,2026-01-28,1602,159,70962870,446307,0.099251,7.49,687.95
179000000000000001,180000000000000001,2026-01-29,7427,136,130905996,962544,0.018312,1.02,106.38
179000000000000001,180000000000000002,2026-01-29,4800,109,93412560,856996,0.022708,1.04,56.49
179000000000000002,180000000000000003,2026-01-29,1697,92,60663126,659382,0.054213,3.22,229.11
179000000000000002,180000000000000004,2026-01-29,1112,61,51496152,844199,0.054856,2.15,255.05
179000000000000003,180000000000000005,2026-01-29,1280,76,74772852,983853,0.059375,1.06,117.83
179000000000000004,180000000000000006,2026-01-29,1489,101,159601295,1580211,0.067831,3.41,404.79
179000000000000004,180000000000000007,2026-01-29,1049,68,102103688,1501525,0.064824,1.52,104.72
179000000000000005,180000000000000008,2026-01-29,1793,196,74772853,381494,0.109314,9.16,816.58
179000000000000001,180000000000000001,2026-01-30,4395,99,96578459,975540,0.022526,0.9,110.19
179000000000000001,180000000000000002,2026-01-30,2542,77,69093693,897321,0.030291,0.69,66.07
179000000000000002,180000000000000003,2026-01-30,774,48,38465099,801356,0.062016,1.87,129.26
179000000000000002,180000000000000004,2026-01-30,894,55,44370977,806745,0.061521,2.13,202.85
179000000000000003,180000000000000005,2026-01-30,808,49,55224051,1127021,0.060644,0.8,64.42
179000000000000004,180000000000000006,2026-01-30,514,48,109520130,2281669,0.093385,1.42,122.41
179000000000000004,180000000000000007,2026-01-30,463,38,83764047,2204317,0.082073,1.17,73.64
179000000000000005,180000000000000008,2026-01-30,781,80,33006805,412585,0.102433,3.18,368.94
179000000000000001,180000000000000001,2026-01-31,5843,141,148318244,1051902,0.024131,1.08,104.96
179000000000000001,180000000000000002,2026-01-31,795,33,44369841,1344541,0.041509,0.23,20.29
179000000000000002,180000000000000003,2026-01-31,1864,91,65220213,716706,0.04882,3.04,273.41
179000000000000002,180000000000000004,2026-01-31,1992,98,62457853,637325,0.049197,3.0,283.15
179000000000000003,180000000000000005,2026-01-31,2100,102,85118710,834497,0.048571,1.66,146.38
179000000000000004,180000000000000006,2026-01-31,733,47,107332749,2283676,0.06412,1.29,91.02
179000000000000004,180000000000000007,2026-01-31,914,66,119660010,1813030,0.07221,1.96,169.38
179000000000000005,180000000000000008,2026-01-31,2023,186,85118711,457627,0.091943,8.2,485.98
179000000000000001,180000000000000001,2026-02-01,9224,211,151487793,717952,0.022875,1.32,111.6
179000000000000001,180000000000000002,2026-02-01,899,32,40199952,1256248,0.035595,0.22,14.66
179000000000000002,180000000000000003,2026-02-01,1908,113,65603356,580561,0.059224,4.39,509.93
179000000000000002,180000000000000004,2026-02-01,1034,65,49281684,758180,0.062863,2.37,229.28
179000000000000003,180000000000000005,2026-02-01,1871,96,76590027,797813,0.051309,1.68,147.16
179000000000000004,180000000000000006,2026-02-01,1427,100,162626821,1626268,0.070077,2.47,240.0
179000000000000004,180000000000000007,2026-02-01,949,70,105438274,1506261,0.073762,1.71,183.11
179000000000000005,180000000000000008,2026-02-01,1306,134,76590027,571567,0.102603,7.14,714.96
179000000000000001,180000000000000001,2026-02-02,4046,88,90079944,1023636,0.02175,0.68,72.95
179000000000000001,180000000000000002,2026-02-02,1982,61,52881653,866912,0.030777,0.46,48.67
179000000000000002,180000000000000003,2026-02-02,690,37,33726579,911529,0.053623,1.09,100.6
179000000000000002,180000000000000004,2026-02-02,1137,60,37754219,629237,0.05277,2.44,286.52
179000000000000003,180000000000000005,2026-02-02,1187,52,47653866,916420,0.043808,0.83,80.72
179000000000000004,180000000000000006,2026-02-02,968,59,106518772,1805403,0.06095,1.58,138.1
179000000000000004,180000000000000007,2026-02-02,588,42,60269758,1434994,0.071429,1.25,155.01
179000000000000005,180000000000000008,2026-02-02,1157,103,47653866,462659,0.089023,5.12,478.19
179000000000000001,180000000000000001,2026-02-03,4550,104,100601911,967326,0.022857,0.76,72.36
179000000000000001,180000000000000002,2026-02-03,2446,74,69044262,933031,0.030253,0.56,55.32
179000000000000002,180000000000000003,2026-02-03,1176,76,44971102,591725,0.064626,3.0,264.71
179000000000000002,180000000000000004,2026-02-03,816,47,39851984,847915,0.057598,1.6,162.83
179000000000000003,180000000000000005,2026-02-03,1383,66,56548725,856799,0.047722,0.88,108.29
179000000000000004,180000000000000006,2026-02-03,860,68,122207473,1797169,0.07907,1.69,141.79
179000000000000004,180000000000000007,2026-02-03,537,39,75713063,1941361,0.072626,1.06,66.62
179000000000000005,180000000000000008,2026-02-03,1005,101,56548724,559888,0.100498,4.21,305.82
179000000000000001,180000000000000001,2026-02-04,2212,53,50441208,951721,0.02396,0.53,50.8
179000000000000001,180000000000000002,2026-02-04,2896,84,60836592,724245,0.029006,0.71,57.16
179000000000000002,180000000000000003,2026-02-04,660,44,31292490,711193,0.066667,1.35,127.89
179000000000000002,180000000000000004,2026-02-04,1262,48,35629318,742277,0.038035,1.91,209.85
179000000000000003,180000000000000005,2026-02-04,1217,49,44614538,910501,0.040263,0.72,57.7
179000000000000004,180000000000000006,2026-02-04,537,53,94642770,1785713,0.098696,1.52,142.12
179000000000000004,180000000000000007,2026-02-04,603,41,61508115,1500198,0.067993,1.04,88.28
179000000000000005,180000000000000008,2026-02-04,1127,104,44614538,428986,0.09228,4.89,507.11
179000000000000001,180000000000000001,2026-02-05,3166,82,85123230,1038088,0.0259,0.67,52.07
179000000000000001,180000000000000002,2026-02-05,2111,50,55134650,1102693,0.023685,0.36,25.93
179000000000000002,180000000000000003,2026-02-05,810,33,18612763,564023,0.040741,1.35,113.29
179000000000000002,180000000000000004,2026-02-05,862,45,31650840,703352,0.052204,1.3,100.59
179000000000000003,180000000000000005,2026-02-05,759,38,46752627,1230332,0.050066,0.57,72.99
179000000000000004,180000000000000006,2026-02-05,786,46,86671042,1884153,0.058524,1.2,113.22
179000000000000004,180000000000000007,2026-02-05,670,40,76963152,1924079,0.059701,1.19,119.41
179000000000000005,180000000000000008,2026-02-05,841,88,46752627,531280,0.104637,4.16,433.12
179000000000000001,180000000000000001,2026-02-06,2843,68,48465533,712728,0.023918,0.56,43.26
179000000000000001,180000000000000002,2026-02-06,2586,68,65466079,962736,0.026295,0.52,52.62
179000000000000002,180000000000000003,2026-02-06,698,46,31923998,694000,0.065903,1.22,111.04
179000000000000002,180000000000000004,2026-02-06,839,47,36566214,778005,0.056019,1.44,133.78
179000000000000003,180000000000000005,2026-02-06,934,47,45660142,971492,0.050321,0.64,60.99
179000000000000004,180000000000000006,2026-02-06,705,53,90855866,1714262,0.075177,1.49,102.69
179000000000000004,180000000000000007,2026-02-06,777,52,68954628,1326051,0.066924,1.38,61.65
179000000000000005,180000000000000008,2026-02-06,890,90,45660142,507335,0.101124,3.86,365.97
179000000000000001,180000000000000001,2026-02-07,4767,100,96019307,960193,0.020978,0.78,55.72
179000000000000001,180000000000000002,2026-02-07,2056,67,67311464,1004649,0.032588,0.62,53.81
179000000000000002,180000000000000003,2026-02-07,813,55,33173079,603147,0.067651,1.98,156.66
179000000000000002,180000000000000004,2026-02-07,1324,72,48492306,673504,0.054381,2.73,280.26
179000000000000003,180000000000000005,2026-02-07,988,57,54443591,955151,0.057692,0.82,75.53
179000000000000004,180000000000000006,2026-02-07,943,63,105038639,1667280,0.066808,1.48,172.1
179000000000000004,180000000000000007,2026-02-07,313,27,39814875,1474625,0.086262,0.63,39.96
179000000000000005,180000000000000008,2026-02-07,1413,134,54443591,406295,0.094834,6.52,443.27
179000000000000001,180000000000000001,2026-02-08,3401,72,63638482,883868,0.02117,0.65,64.56
179000000000000001,180000000000000002,2026-02-08,1599,50,51530547,1030611,0.03127,0.32,36.19
179000000000000002,180000000000000003,2026-02-08,1014,51,28560667,560013,0.050296,1.8,196.25
179000000000000002,180000000000000004,2026-02-08,940,38,29023848,763785,0.040426,1.41,184.72
179000000000000003,180000000000000005,2026-02-08,405,22,21901563,995526,0.054321,0.41,51.08
179000000000000004,180000000000000006,2026-02-08,484,41,81689341,1992423,0.084711,0.98,98.89
179000000000000004,180000000000000007,2026-02-08,475,33,52674528,1596198,0.069474,0.76,98.21
179000000000000005,180000000000000008,2026-02-08,350,39,24279216,622544,0.111429,1.67,146.98
179000000000000001,180000000000000001,2026-02-09,2427,65,61173597,941132,0.026782,0.58,55.0
179000000000000001,180000000000000002,2026-02-09,2573,51,42153686,826543,0.019821,0.45,35.91
179000000000000002,180000000000000003,2026-02-09,695,44,24071759,547085,0.063309,1.51,159.61
179000000000000002,180000000000000004,2026-02-09,1256,45,27591883,613153,0.035828,1.41,83.47
179000000000000003,180000000000000005,2026-02-09,778,39,34442428,883139,0.050129,0.5,41.72
179000000000000004,180000000000000006,2026-02-09,582,42,73908302,1759721,0.072165,1.11,85.22
179000000000000004,180000000000000007,2026-02-09,243,20,46640195,2332010,0.082305,0.53,36.86
179000000000000005,180000000000000008,2026-02-09,667,67,34442428,514066,0.10045,3.1,266.27
179000000000000001,180000000000000001,2026-02-10,2696,62,68254192,1100874,0.022997,0.47,36.08
179000000000000001,180000000000000002,2026-02-10,1925,42,49077020,1168500,0.021818,0.37,20.83
179000000000000002,180000000000000003,2026-02-10,712,25,15067601,602704,0.035112,0.88,43.21
179000000000000002,180000000000000004,2026-02-10,668,41,28251746,689067,0.061377,1.64,137.46
179000000000000003,180000000000000005,2026-02-10,831,38,39110404,1029221,0.045728,0.56,45.96
179000000000000004,180000000000000006,2026-02-10,382,36,77963567,2165655,0.094241,0.97,62.32
179000000000000004,180000000000000007,2026-02-10,449,31,58922848,1900737,0.069042,0.9,96.63
179000000000000005,180000000000000008,2026-02-10,912,91,39110404,429785,0.099781,3.11,320.47
179000000000000001,180000000000000001,2026-02-11,2110,60,64121076,1068685,0.028436,0.55,31.87
179000000000000001,180000000000000002,2026-02-11,1547,41,38926932,949437,0.026503,0.35,30.88
179000000000000002,180000000000000003,2026-02-11,994,47,25165692,535440,0.047284,1.7,193.53
179000000000000002,180000000000000004,2026-02-11,780,49,26358312,537925,0.062821,1.91,180.37
179000000000000003,180000000000000005,2026-02-11,570,36,34349336,954148,0.063158,0.66,51.57
179000000000000004,180000000000000006,2026-02-11,516,38,73464418,1933274,0.073643,0.93,106.41
179000000000000004,180000000000000007,2026-02-11,361,28,46758258,1669938,0.077562,0.94,96.22
179000000000000005,180000000000000008,2026-02-11,610,68,34349336,505137,0.111475,3.09,265.93
179000000000000001,180000000000000001,2026-02-12,3129,78,64640389,828723,0.024928,0.66,52.01
179000000000000001,180000000000000002,2026-02-12,2280,57,49103402,861463,0.025,0.34,34.19
179000000000000002,180000000000000003,2026-02-12,765,44,30891013,702068,0.057516,1.62,173.32
179000000000000002,180000000000000004,2026-02-12,194,13,12381386,952414,0.06701,0.35,25.35
179000000000000003,180000000000000005,2026-02-12,652,35,37914597,1083274,0.053681,0.53,36.0
179000000000000004,180000000000000006,2026-02-12,601,51,80655408,1581479,0.084859,1.43,75.69
179000000000000004,180000000000000007,2026-02-12,290,24,52045681,2168570,0.082759,0.53,42.38
179000000000000005,180000000000000008,2026-02-12,710,69,37914597,549487,0.097183,2.35,228.09
179000000000000001,180000000000000001,2026-02-13,3042,75,53910040,718801,0.024655,0.46,43.15
179000000000000001,180000000000000002,2026-02-13,2904,57,43689304,766479,0.019628,0.35,26.97
179000000000000002,180000000000000003,2026-02-13,931,43,30009934,697905,0.046187,1.85,157.59
179000000000000002,180000000000000004,2026-02-13,632,25,18789738,751590,0.039557,0.76,86.03
179000000000000003,180000000000000005,2026-02-13,570,29,32533115,1121832,0.050877,0.36,44.52
179000000000000004,180000000000000006,2026-02-13,427,32,66005937,2062686,0.074941,0.93,95.9
179000000000000004,180000000000000007,2026-02-13,401,27,47859965,1772591,0.067332,0.67,59.85
179000000000000005,180000000000000008,2026-02-13,833,66,32533115,492926,0.079232,2.62,208.47
179000000000000001,180000000000000001,2026-02-14,3407,89,76962759,864750,0.026123,0.75,74.58
179000000000000001,180000000000000002,2026-02-14,1880,62,51465399,830087,0.032979,0.47,43.64
179000000000000002,180000000000000003,2026-02-14,907,46,33938029,737783,0.050717,1.3,168.31
179000000000000002,180000000000000004,2026-02-14,647,34,30276050,890472,0.05255,1.23,141.49
179000000000000003,180000000000000005,2026-02-14,766,44,42809386,972941,0.057441,0.76,103.3
179000000000000004,180000000000000006,2026-02-14,623,51,91066480,1785617,0.081862,1.37,179.56
179000000000000004,180000000000000007,2026-02-14,382,27,58766370,2176532,0.070681,0.69,33.88
179000000000000005,180000000000000008,2026-02-14,938,102,42809385,419700,0.108742,4.99,532.35
179000000000000001,180000000000000001,2026-02-15,3817,100,83964370,839644,0.026199,0.81,94.47
179000000000000001,180000000000000002,2026-02-15,2338,61,65240812,1069522,0.026091,0.49,40.28
179000000000000002,180000000000000003,2026-02-15,1223,68,36791157,541046,0.055601,2.13,204.45
179000000000000002,180000000000000004,2026-02-15,1223,61,37811434,619860,0.049877,2.61,306.3
179000000000000003,180000000000000005,2026-02-15,755,30,23856963,795232,0.039735,0.4,18.04
179000000000000004,180000000000000006,2026-02-15,638,54,108656346,2012155,0.084639,1.63,103.9
179000000000000004,180000000000000007,2026-02-15,485,33,65416367,1982314,0.068041,0.69,35.19
179000000000000005,180000000000000008,2026-02-15,1243,103,49735061,482865,0.082864,4.64,516.4
179000000000000001,180000000000000001,2026-02-16,3203,85,95612205,1124849,0.026538,0.7,64.99
179000000000000001,180000000000000002,2026-02-16,2555,75,66988097,893175,0.029354,0.52,62.1
179000000000000002,180000000000000003,2026-02-16,421,28,21837110,779897,0.066508,1.23,90.25
179000000000000002,180000000000000004,2026-02-16,1228,49,37544891,766222,0.039902,1.87,246.5
179000000000000003,180000000000000005,2026-02-16,1388,63,54200101,860319,0.045389,0.89,88.15
179000000000000004,180000000000000006,2026-02-16,652,66,121667746,1843451,0.101227,1.58,124.05
179000000000000004,180000000000000007,2026-02-16,432,33,68032607,2061594,0.076389,0.76,70.05
179000000000000005,180000000000000008,2026-02-16,872,103,54200101,526215,0.118119,5.24,521.05
179000000000000001,180000000000000001,2026-02-17,4039,99,112221534,1133551,0.024511,0.87,85.29
179000000000000001,180000000000000002,2026-02-17,3555,91,75906609,834139,0.025598,0.59,36.26
179000000000000002,180000000000000003,2026-02-17,814,53,44927150,847682,0.065111,1.76,146.42
179000000000000002,180000000000000004,2026-02-17,1154,52,49136921,944941,0.045061,1.74,158.72
179000000000000003,180000000000000005,2026-02-17,1509,67,62709382,935961,0.0444,0.84,90.12
179000000000000004,180000000000000006,2026-02-17,701,56,131198192,2342825,0.079886,1.79,208.36
179000000000000004,180000000000000007,2026-02-17,548,45,88284643,1961881,0.082117,1.12,92.81
179000000000000005,180000000000000008,2026-02-17,1188,123,62709382,509832,0.103535,4.78,352.63
179000000000000001,180000000000000001,2026-02-18,2605,58,75865977,1308034,0.022265,0.49,49.73
179000000000000001,180000000000000002,2026-02-18,1734,65,68058961,1047061,0.037486,0.4,43.72
179000000000000002,180000000000000003,2026-02-18,791,41,30842013,752244,0.051833,1.32,163.32
179000000000000002,180000000000000004,2026-02-18,896,55,41120455,747645,0.061384,1.91,209.1
179000000000000003,180000000000000005,2026-02-18,838,41,47974979,1170121,0.048926,0.66,45.22
179000000000000004,180000000000000006,2026-02-18,775,52,96106315,1848198,0.067097,1.36,111.28
179000000000000004,180000000000000007,2026-02-18,576,36,71806111,1994614,0.0625,0.99,66.93
179000000000000005,180000000000000008,2026-02-18,842,107,47974979,448364,0.127078,4.01,411.7
179000000000000001,180000000000000001,2026-02-19,2198,54,63535850,1176590,0.024568,0.34,26.31
179000000000000001,180000000000000002,2026-02-19,1515,50,53890485,1077810,0.033003,0.39,33.76
179000000000000002,180000000000000003,2026-02-19,845,34,27540987,810029,0.040237,1.12,114.63
179000000000000002,180000000000000004,2026-02-19,905,48,31172180,649420,0.053039,1.69,177.53
179000000000000003,180000000000000005,2026-02-19,894,37,39142111,1057895,0.041387,0.63,69.8
179000000000000004,180000000000000006,2026-02-19,768,52,83845603,1612415,0.067708,1.36,134.82
179000000000000004,180000000000000007,2026-02-19,586,31,53151788,1714574,0.052901,0.73,69.98
179000000000000005,180000000000000008,2026-02-19,834,72,39142112,543640,0.086331,3.45,316.45
179000000000000001,180000000000000001,2026-02-20,3858,97,87721624,904347,0.025143,0.89,84.97
179000000000000001,180000000000000002,2026-02-20,2708,64,59072084,923001,0.023634,0.56,40.07
179000000000000002,180000000000000003,2026-02-20,906,58,38793011,668845,0.064018,2.05,222.57
179000000000000002,180000000000000004,2026-02-20,1074,50,34603843,692077,0.046555,1.49,117.02
179000000000000003,180000000000000005,2026-02-20,1120,50,48931236,978625,0.044643,0.71,67.47
179000000000000004,180000000000000006,2026-02-20,653,56,103088188,1840860,0.085758,1.42,84.98
179000000000000004,180000000000000007,2026-02-20,593,48,68171138,1420232,0.080944,1.15,126.18
179000000000000005,180000000000000008,2026-02-20,460,52,30786142,592041,0.113043,2.79,227.94
179000000000000001,180000000000000001,2026-02-21,5503,123,100970049,820895,0.022351,1.04,105.49
179000000000000001,180000000000000002,2026-02-21,3529,92,67833352,737319,0.02607,0.81,70.67
179000000000000002,180000000000000003,2026-02-21,938,47,35366878,752487,0.050107,1.62,180.26
179000000000000002,180000000000000004,2026-02-21,1813,72,49034822,681039,0.039713,2.84,304.89
179000000000000003,180000000000000005,2026-02-21,1022,58,56267801,970134,0.056751,0.97,102.61
179000000000000004,180000000000000006,2026-02-21,570,44,78883374,1792804,0.077193,1.06,120.67
179000000000000004,180000000000000007,2026-02-21,661,49,72870468,1487152,0.07413,1.65,166.93
179000000000000005,180000000000000008,2026-02-21,1333,141,56267800,399062,0.105776,6.72,606.93
179000000000000001,180000000000000001,2026-02-22,1611,47,44842566,954097,0.029174,0.38,25.3
179000000000000001,180000000000000002,2026-02-22,2055,51,37886842,742879,0.024818,0.43,25.66
179000000000000002,180000000000000003,2026-02-22,644,42,22591771,537899,0.065217,1.46,98.28
179000000000000002,180000000000000004,2026-02-22,847,39,28920164,741543,0.046045,1.5,136.71
179000000000000003,180000000000000005,2026-02-22,729,34,34341291,1010038,0.046639,0.46,33.7
179000000000000004,180000000000000006,2026-02-22,401,36,79589589,2210822,0.089776,1.08,89.14
179000000000000004,180000000000000007,2026-02-22,305,16,40604926,2537808,0.052459,0.5,44.04
179000000000000005,180000000000000008,2026-02-22,821,71,34341290,483680,0.08648,3.42,231.92
179000000000000001,180000000000000001,2026-02-23,4514,99,90827011,917445,0.021932,0.61,58.06
179000000000000001,180000000000000002,2026-02-23,3219,75,56689776,755864,0.023299,0.53,38.09
179000000000000002,180000000000000003,2026-02-23,455,24,15212626,633859,0.052747,0.8,65.23
179000000000000002,180000000000000004,2026-02-23,718,48,39053332,813611,0.066852,1.65,129.88
179000000000000003,180000000000000005,2026-02-23,782,46,49172263,1068962,0.058824,0.69,53.43
179000000000000004,180000000000000006,2026-02-23,830,58,111200018,1917242,0.06988,1.59,165.91
179000000000000004,180000000000000007,2026-02-23,328,26,60902900,2342419,0.079268,0.85,57.71
179000000000000005,180000000000000008,2026-02-23,1478,129,49172262,381180,0.08728,6.38,751.94
179000000000000001,180000000000000001,2026-02-24,3223,81,73217494,903920,0.025132,0.59,67.3
179000000000000001,180000000000000002,2026-02-24,1129,39,35716624,915811,0.034544,0.3,38.48
179000000000000002,180000000000000003,2026-02-24,251,14,13042545,931610,0.055777,0.59,44.13
179000000000000002,180000000000000004,2026-02-24,646,32,29933496,935422,0.049536,1.2,117.05
179000000000000003,180000000000000005,2026-02-24,687,26,22249971,855768,0.037846,0.41,34.34
179000000000000004,180000000000000006,2026-02-24,808,55,74815253,1360277,0.068069,1.53,167.63
179000000000000004,180000000000000007,2026-02-24,357,30,52274549,1742485,0.084034,0.8,76.75
179000000000000005,180000000000000008,2026-02-24,837,71,36311372,511428,0.084827,3.55,287.18
179000000000000001,180000000000000001,2026-02-25,2421,80,94005925,1175074,0.033044,0.7,47.02
179000000000000001,180000000000000002,2026-02-25,1871,70,61024449,871778,0.037413,0.57,50.68
179000000000000002,180000000000000003,2026-02-25,1341,61,41204475,675483,0.045488,2.22,238.39
179000000000000002,180000000000000004,2026-02-25,1001,43,36310712,844435,0.042957,1.29,133.22
179000000000000003,180000000000000005,2026-02-25,1201,70,51676791,738240,0.058285,0.93,90.08
179000000000000004,180000000000000006,2026-02-25,605,54,103394266,1914709,0.089256,1.87,155.83
179000000000000004,180000000000000007,2026-02-25,552,42,77474505,1844631,0.076087,1.05,127.41
179000000000000005,180000000000000008,2026-02-25,736,89,35378977,397517,0.120924,3.47,429.31
179000000000000001,180000000000000001,2026-02-26,3749,86,89129331,1036388,0.022939,0.68,62.99
179000000000000001,180000000000000002,2026-02-26,1814,63,45007871,714411,0.03473,0.38,23.17
179000000000000002,180000000000000003,2026-02-26,195,20,19143376,957169,0.102564,0.87,93.89
179000000000000002,180000000000000004,2026-02-26,814,51,37333630,732032,0.062654,1.76,150.7
179000000000000003,180000000000000005,2026-02-26,986,46,44712401,972009,0.046653,0.81,73.26
179000000000000004,180000000000000006,2026-02-26,579,48,94242466,1963385,0.082902,1.49,144.91
179000000000000004,180000000000000007,2026-02-26,391,29,62250937,2146584,0.074169,0.73,95.6
179000000000000005,180000000000000008,2026-02-26,894,87,44712401,513936,0.097315,3.93,281.18
179000000000000001,180000000000000001,2026-02-27,2501,61,51372278,842168,0.02439,0.4,31.6
179000000000000001,180000000000000002,2026-02-27,1963,63,50066492,794706,0.032094,0.49,57.75
179000000000000002,180000000000000003,2026-02-27,972,39,30717800,787636,0.040123,1.25,152.42
179000000000000002,180000000000000004,2026-02-27,1006,44,32545851,739678,0.043738,1.81,174.86
179000000000000003,180000000000000005,2026-02-27,1157,44,42175768,958540,0.038029,0.6,74.35
179000000000000004,180000000000000006,2026-02-27,820,55,87789226,1596168,0.067073,1.65,115.64
179000000000000004,180000000000000007,2026-02-27,497,33,59825960,1812908,0.066398,0.85,70.16
179000000000000005,180000000000000008,2026-02-27,1028,88,42175768,479270,0.085603,3.7,382.81
179000000000000001,180000000000000001,2026-02-28,4174,104,79218170,761713,0.024916,0.76,54.81
179000000000000001,180000000000000002,2026-02-28,2705,80,55279630,690995,0.029575,0.63,51.73
179000000000000002,180000000000000003,2026-02-28,929,48,32546766,678058,0.051668,1.68,166.38
179000000000000002,180000000000000004,2026-02-28,785,38,34702135,913214,0.048408,1.52,173.9
179000000000000003,180000000000000005,2026-02-28,1011,50,44832600,896652,0.049456,0.8,97.66
179000000000000004,180000000000000006,2026-02-28,600,49,82786610,1689523,0.081667,1.15,80.36
179000000000000004,180000000000000007,2026-02-28,486,31,74127490,2391209,0.063786,0.68,35.96
179000000000000005,180000000000000008,2026-02-28,924,91,44832600,492666,0.098485,4.28,476.97
179000000000000001,180000000000000001,2026-03-01,3772,79,79696408,1008815,0.020944,0.66,46.7
179000000000000001,180000000000000002,2026-03-01,1845,47,44875879,954806,0.025474,0.36,30.23
179000000000000002,180000000000000003,2026-03-01,720,40,31369371,784234,0.055556,1.53,153.39
179000000000000002,180000000000000004,2026-03-01,647,40,30916772,772919,0.061824,1.31,91.2
179000000000000003,180000000000000005,2026-03-01,945,43,41524095,965677,0.045503,0.68,40.37
179000000000000004,180000000000000006,2026-03-01,516,42,87146824,2074924,0.081395,1.27,141.09
179000000000000004,180000000000000007,2026-03-01,445,35,58187510,1662500,0.078652,0.9,88.62
179000000000000005,180000000000000008,2026-03-01,996,79,41524097,525621,0.079317,3.71,290.47
179000000000000001,180000000000000001,2026-03-02,2254,60,64195668,1069928,0.026619,0.42,36.57
179000000000000001,180000000000000002,2026-03-02,1422,43,50581326,1176310,0.030239,0.31,25.68
179000000000000002,180000000000000003,2026-03-02,816,48,30057574,626199,0.058824,1.5,82.32
179000000000000002,180000000000000004,2026-03-02,576,39,27330922,700793,0.067708,1.43,120.9
179000000000000003,180000000000000005,2026-03-02,773,37,38258998,1034027,0.047865,0.44,35.14
179000000000000004,180000000000000006,2026-03-02,631,50,80385061,1607701,0.079239,1.4,138.99
179000000000000004,180000000000000007,2026-03-02,871,44,53521431,1216396,0.050517,1.23,79.33
179000000000000005,180000000000000008,2026-03-02,617,58,38258998,659638,0.094003,2.2,208.28
179000000000000001,180000000000000001,2026-03-03,1547,41,48475264,1182324,0.026503,0.32,29.31
179000000000000001,180000000000000002,2026-03-03,621,32,26329549,822798,0.05153,0.3,21.13
179000000000000002,180000000000000003,2026-03-03,847,46,30652190,666352,0.054309,1.91,172.27
179000000000000002,180000000000000004,2026-03-03,887,44,37008598,841104,0.049605,1.89,144.02
179000000000000003,180000000000000005,2026-03-03,896,50,45107192,902144,0.055804,0.81,73.01
179000000000000004,180000000000000006,2026-03-03,538,47,97576275,2076091,0.087361,1.4,88.6
179000000000000004,180000000000000007,2026-03-03,466,37,60298898,1629700,0.079399,1.02,51.97
179000000000000005,180000000000000008,2026-03-03,488,44,27871155,633435,0.090164,1.71,165.9
179000000000000001,180000000000000001,2026-03-04,4642,95,71340778,750956,0.020465,0.79,60.23
179000000000000001,180000000000000002,2026-03-04,1434,36,46558207,1293284,0.025105,0.3,20.06
179000000000000002,180000000000000003,2026-03-04,672,37,31676393,856119,0.05506,1.31,69.32
179000000000000002,180000000000000004,2026-03-04,797,36,27273099,757586,0.045169,1.26,124.23
179000000000000003,180000000000000005,2026-03-04,801,42,39299662,935706,0.052434,0.55,67.8
179000000000000004,180000000000000006,2026-03-04,302,32,61682468,1927577,0.10596,1.03,103.66
179000000000000004,180000000000000007,2026-03-04,573,29,49811523,1717639,0.050611,0.78,90.82
179000000000000005,180000000000000008,2026-03-04,966,81,39299661,485181,0.083851,3.18,303.49
179000000000000001,180000000000000001,2026-03-05,1980,58,60500627,1043114,0.029293,0.51,36.34
179000000000000001,180000000000000002,2026-03-05,2057,55,50666309,921206,0.026738,0.44,48.06
179000000000000002,180000000000000003,2026-03-05,922,46,27738194,603004,0.049892,1.71,109.67
179000000000000002,180000000000000004,2026-03-05,686,36,27845274,773480,0.052478,1.13,106.05
179000000000000003,180000000000000005,2026-03-05,757,41,37055645,903796,0.054161,0.66,54.78
179000000000000004,180000000000000006,2026-03-05,460,37,73214792,1978778,0.080435,1.04,93.19
179000000000000004,180000000000000007,2026-03-05,559,36,56479966,1568888,0.064401,0.8,76.48
179000000000000005,180000000000000008,2026-03-05,645,64,37055646,578994,0.099225,2.65,274.99
179000000000000001,180000000000000001,2026-03-06,1822,52,64032375,1231392,0.02854,0.38,42.54
179000000000000001,180000000000000002,2026-03-06,1943,45,42164900,936998,0.02316,0.26,28.69
179000000000000002,180000000000000003,2026-03-06,695,36,29013055,805918,0.051799,1.21,65.87
179000000000000002,180000000000000004,2026-03-06,755,37,24085582,650962,0.049007,1.26,160.41
179000000000000003,180000000000000005,2026-03-06,725,42,35399092,842836,0.057931,0.52,59.96
179000000000000004,180000000000000006,2026-03-06,117,10,21576410,2157641,0.08547,0.3,14.67
179000000000000004,180000000000000007,2026-03-06,308,27,52571140,1947079,0.087662,0.63,42.53
179000000000000005,180000000000000008,2026-03-06,698,65,35399092,544601,0.093123,2.75,205.07
179000000000000001,180000000000000001,2026-03-07,3760,75,65025698,867009,0.019947,0.66,53.52
179000000000000001,180000000000000002,2026-03-07,1216,34,39706413,1167836,0.027961,0.32,28.25
179000000000000002,180000000000000003,2026-03-07,967,46,30163720,655733,0.04757,1.82,138.78
179000000000000002,180000000000000004,2026-03-07,608,36,22202336,616732,0.059211,1.14,102.99
179000000000000003,180000000000000005,2026-03-07,629,31,34910704,1126152,0.049285,0.56,56.59
179000000000000004,180000000000000006,2026-03-07,537,45,69908898,1553531,0.083799,1.11,138.51
179000000000000004,180000000000000007,2026-03-07,377,26,52278566,2010714,0.068966,0.88,56.52
179000000000000005,180000000000000008,2026-03-07,415,47,24030438,511286,0.113253,2.24,296.0
179000000000000001,180000000000000001,2026-03-08,4130,106,68901570,650015,0.025666,0.8,66.34
179000000000000001,180000000000000002,2026-03-08,2288,65,55950842,860782,0.028409,0.43,35.58
179000000000000002,180000000000000003,2026-03-08,938,49,30534017,623143,0.052239,1.38,176.25
179000000000000002,180000000000000004,2026-03-08,915,46,31892189,693308,0.050273,1.72,148.28
179000000000000003,180000000000000005,2026-03-08,862,45,41617470,924833,0.052204,0.71,53.62
179000000000000004,180000000000000006,2026-03-08,775,43,66159875,1538602,0.055484,1.0,87.26
179000000000000004,180000000000000007,2026-03-08,312,28,48332664,1726167,0.089744,0.78,95.34
179000000000000005,180000000000000008,2026-03-08,725,86,41617471,483924,0.118621,4.22,397.18
179000000000000001,180000000000000001,2026-03-09,2004,54,65210187,1207596,0.026946,0.47,45.1
179000000000000001,180000000000000002,2026-03-09,1750,51,42696100,837178,0.029143,0.31,28.72
179000000000000002,180000000000000003,2026-03-09,579,37,22512426,608444,0.063903,1.46,162.06
179000000000000002,180000000000000004,2026-03-09,704,37,31440718,849749,0.052557,1.1,126.63
179000000000000003,180000000000000005,2026-03-09,522,30,35968762,1198959,0.057471,0.45,35.27
179000000000000004,180000000000000006,2026-03-09,403,37,65340840,1765969,0.091811,0.79,51.69
179000000000000004,180000000000000007,2026-03-09,489,32,60549828,1892182,0.06544,0.95,88.91
179000000000000005,180000000000000008,2026-03-09,751,71,35968763,506602,0.094541,3.39,405.19
179000000000000001,180000000000000001,2026-03-10,2219,54,60949969,1128703,0.024335,0.43,44.23
179000000000000001,180000000000000002,2026-03-10,676,22,14105072,641140,0.032544,0.22,30.3
179000000000000002,180000000000000003,2026-03-10,644,30,23411671,780389,0.046584,1.14,86.2
179000000000000002,180000000000000004,2026-03-10,692,31,21701910,700062,0.044798,1.24,123.49
179000000000000003,180000000000000005,2026-03-10,276,16,13514307,844644,0.057971,0.25,30.16
179000000000000004,180000000000000006,2026-03-10,405,35,59204811,1691566,0.08642,0.94,63.21
179000000000000004,180000000000000007,2026-03-10,323,24,46060212,1919176,0.074303,0.76,100.11
179000000000000005,180000000000000008,2026-03-10,760,72,30075721,417718,0.094737,3.83,438.26
179000000000000001,180000000000000001,2026-03-11,2904,73,67067422,918732,0.025138,0.58,55.38
179000000000000001,180000000000000002,2026-03-11,1099,37,31619854,854591,0.033667,0.25,19.08
179000000000000002,180000000000000003,2026-03-11,494,28,22365959,798784,0.05668,1.21,78.25
179000000000000002,180000000000000004,2026-03-11,998,43,26977679,627388,0.043086,1.2,81.46
179000000000000003,180000000000000005,2026-03-11,518,23,18542756,806207,0.044402,0.29,25.01
179000000000000004,180000000000000006,2026-03-11,253,23,44458290,1932969,0.090909,0.66,42.2
179000000000000004,180000000000000007,2026-03-11,278,24,51285145,2136881,0.086331,0.65,56.65
179000000000000005,180000000000000008,2026-03-11,688,76,32895759,432839,0.110465,3.08,323.29
179000000000000001,180000000000000001,2026-03-12,1925,54,57406374,1063081,0.028052,0.51,43.28
179000000000000001,180000000000000002,2026-03-12,1145,38,37954914,998814,0.033188,0.37,32.78
179000000000000002,180000000000000003,2026-03-12,745,37,26469231,715385,0.049664,1.42,151.06
179000000000000002,180000000000000004,2026-03-12,683,30,21211413,707047,0.043924,1.1,75.42
179000000000000003,180000000000000005,2026-03-12,281,16,15818201,988638,0.05694,0.18,14.97
179000000000000004,180000000000000006,2026-03-12,571,38,72380767,1904757,0.06655,1.1,99.33
179000000000000004,180000000000000007,2026-03-12,385,25,38874069,1554963,0.064935,0.78,48.9
179000000000000005,180000000000000008,2026-03-12,650,72,31787096,441487,0.110769,2.95,268.44
179000000000000001,180000000000000001,2026-03-13,2295,68,64835442,953462,0.02963,0.61,62.68
179000000000000001,180000000000000002,2026-03-13,1324,44,28602728,650062,0.033233,0.41,35.66
179000000000000002,180000000000000003,2026-03-13,1096,43,28008417,651359,0.039234,1.1,101.9
179000000000000002,180000000000000004,2026-03-13,983,40,29677856,741946,0.040692,1.26,82.83
179000000000000003,180000000000000005,2026-03-13,834,41,38457515,937988,0.049161,0.64,65.17
179000000000000004,180000000000000006,2026-03-13,423,33,78804229,2388007,0.078014,0.93,86.84
179000000000000004,180000000000000007,2026-03-13,355,26,55797076,2146041,0.073239,0.79,53.83
179000000000000005,180000000000000008,2026-03-13,993,102,38457516,377034,0.102719,4.07,525.68
179000000000000001,180000000000000001,2026-03-14,2671,78,63828298,818312,0.029203,0.62,55.82
179000000000000001,180000000000000002,2026-03-14,1436,33,39645722,1201386,0.022981,0.33,38.77
179000000000000002,180000000000000003,2026-03-14,785,43,25471128,592352,0.054777,1.69,202.2
179000000000000002,180000000000000004,2026-03-14,682,37,26265881,709889,0.054252,1.43,105.67
179000000000000003,180000000000000005,2026-03-14,673,34,34491339,1014451,0.05052,0.64,73.88
179000000000000004,180000000000000006,2026-03-14,699,53,75600610,1426427,0.075823,1.43,133.7
179000000000000004,180000000000000007,2026-03-14,396,25,45119079,1804763,0.063131,0.79,43.15
179000000000000005,180000000000000008,2026-03-14,758,80,34491339,431142,0.105541,4.23,266.95
179000000000000001,180000000000000001,2026-03-15,1558,49,42288982,863040,0.031451,0.37,43.54
179000000000000001,180000000000000002,2026-03-15,2102,56,42766866,763694,0.026641,0.51,41.33
179000000000000002,180000000000000003,2026-03-15,598,32,26769445,836545,0.053512,1.1,83.86
179000000000000002,180000000000000004,2026-03-15,750,34,24687125,726092,0.045333,1.33,123.63
179000000000000003,180000000000000005,2026-03-15,533,34,34304380,1008952,0.06379,0.4,51.69
179000000000000004,180000000000000006,2026-03-15,445,42,72992374,1737914,0.094382,1.01,67.72
179000000000000004,180000000000000007,2026-03-15,414,32,47072957,1471030,0.077295,0.74,38.64
179000000000000005,180000000000000008,2026-03-15,755,77,34304381,445511,0.101987,3.47,251.09
179000000000000001,180000000000000001,2026-03-16,1167,40,42287118,1057178,0.034276,0.35,26.55
179000000000000001,180000000000000002,2026-03-16,1886,54,52645138,974910,0.028632,0.46,49.12
179000000000000002,180000000000000003,2026-03-16,595,44,29379219,667710,0.07395,1.7,145.79
179000000000000002,180000000000000004,2026-03-16,1085,50,32775629,655513,0.046083,1.73,123.51
179000000000000003,180000000000000005,2026-03-16,782,43,41436566,963641,0.054987,0.67,30.81
179000000000000004,180000000000000006,2026-03-16,781,65,97622723,1501888,0.083227,1.92,150.59
179000000000000004,180000000000000007,2026-03-16,566,37,47405256,1281223,0.065371,0.95,117.69
179000000000000005,180000000000000008,2026-03-16,846,84,41436565,493292,0.099291,4.19,455.76
179000000000000001,180000000000000001,2026-03-17,3403,78,75726161,970848,0.022921,0.56,47.3
179000000000000001,180000000000000002,2026-03-17,2016,49,55007611,1122604,0.024306,0.49,41.12
179000000000000002,180000000000000003,2026-03-17,785,43,35822724,833087,0.054777,1.46,78.06
179000000000000002,180000000000000004,2026-03-17,666,36,29544161,820671,0.054054,1.1,104.56
179000000000000003,180000000000000005,2026-03-17,730,40,43577923,1089448,0.054795,0.6,57.54
179000000000000004,180000000000000006,2026-03-17,528,50,94542793,1890856,0.094697,1.18,131.95
179000000000000004,180000000000000007,2026-03-17,184,10,25595549,2559555,0.054348,0.24,15.57
179000000000000005,180000000000000008,2026-03-17,380,45,28933893,642975,0.118421,2.36,245.82
179000000000000001,180000000000000001,2026-03-18,2727,78,69991575,897328,0.028603,0.74,46.41
179000000000000001,180000000000000002,2026-03-18,1359,38,38065994,1001737,0.027962,0.29,21.35
179000000000000002,180000000000000003,2026-03-18,724,37,25982913,702241,0.051105,1.05,85.39
179000000000000002,180000000000000004,2026-03-18,681,41,28045871,684046,0.060206,1.51,117.7
179000000000000003,180000000000000005,2026-03-18,733,36,36019190,1000533,0.049113,0.53,63.84
179000000000000004,180000000000000006,2026-03-18,583,44,77102038,1752319,0.075472,1.31,173.12
179000000000000004,180000000000000007,2026-03-18,351,31,48965126,1579520,0.088319,0.83,104.26
179000000000000005,180000000000000008,2026-03-18,732,72,36019189,500267,0.098361,3.28,318.92
179000000000000001,180000000000000001,2026-03-19,3552,89,83033409,932960,0.025056,0.59,60.92
179000000000000001,180000000000000002,2026-03-19,1115,33,40171335,1217313,0.029596,0.23,25.98
179000000000000002,180000000000000003,2026-03-19,842,45,33154163,736759,0.053444,1.77,102.41
179000000000000002,180000000000000004,2026-03-19,829,44,28448209,646550,0.053076,1.26,103.17
179000000000000003,180000000000000005,2026-03-19,793,43,41068248,955076,0.054224,0.72,60.45
179000000000000004,180000000000000006,2026-03-19,644,52,81413158,1565638,0.080745,1.61,101.68
179000000000000004,180000000000000007,2026-03-19,464,37,62325710,1684479,0.079741,1.11,137.25
179000000000000005,180000000000000008,2026-03-19,970,80,41068248,513353,0.082474,3.5,264.72
179000000000000001,180000000000000001,2026-03-20,4130,84,94792614,1128484,0.020339,0.64,54.31
179000000000000001,180000000000000002,2026-03-20,2178,71,72401215,1019735,0.032599,0.58,48.74
179000000000000002,180000000000000003,2026-03-20,939,53,43824688,826881,0.056443,1.88,236.74
179000000000000002,180000000000000004,2026-03-20,1732,70,39772226,568175,0.040416,2.42,131.68
179000000000000003,180000000000000005,2026-03-20,881,58,55731276,960884,0.065834,0.87,53.3
179000000000000004,180000000000000006,2026-03-20,834,59,121280134,2055595,0.070743,1.71,166.52
179000000000000004,180000000000000007,2026-03-20,622,43,73779333,1715798,0.069132,1.45,172.24
179000000000000005,180000000000000008,2026-03-20,1486,126,55731277,442312,0.084791,5.61,636.6
179000000000000001,180000000000000001,2026-03-21,2678,67,68519651,1022681,0.025019,0.54,64.8
179000000000000001,180000000000000002,2026-03-21,1382,42,39051091,929788,0.030391,0.3,32.9
179000000000000002,180000000000000003,2026-03-21,536,37,27860416,752984,0.06903,1.34,111.43
179000000000000002,180000000000000004,2026-03-21,697,43,25924955,602906,0.061693,1.69,178.08
179000000000000003,180000000000000005,2026-03-21,818,34,35856914,1054615,0.041565,0.53,48.98
179000000000000004,180000000000000006,2026-03-21,422,37,75322908,2035754,0.087678,1.16,123.1
179000000000000004,180000000000000007,2026-03-21,351,23,50176288,2181578,0.065527,0.71,50.51
179000000000000005,180000000000000008,2026-03-21,829,82,35856913,437279,0.098914,3.0,163.56
179000000000000001,180000000000000001,2026-03-22,1580,51,56460277,1107064,0.032278,0.41,20.2
179000000000000001,180000000000000002,2026-03-22,1599,45,52715955,1171466,0.028143,0.39,38.55
179000000000000002,180000000000000003,2026-03-22,795,41,39581467,965402,0.051572,1.54,142.98
179000000000000002,180000000000000004,2026-03-22,824,46,30478282,662571,0.055825,1.37,103.22
179000000000000003,180000000000000005,2026-03-22,688,44,46706499,1061511,0.063953,0.57,38.98
179000000000000004,180000000000000006,2026-03-22,725,57,106898214,1875407,0.078621,1.46,117.9
179000000000000004,180000000000000007,2026-03-22,550,36,56574535,1571515,0.065455,0.95,87.03
179000000000000005,180000000000000008,2026-03-22,917,92,46706499,507679,0.100327,3.97,437.02
179000000000000001,180000000000000001,2026-03-23,4537,102,81793304,801895,0.022482,0.76,80.05
179000000000000001,180000000000000002,2026-03-23,2305,78,73186158,938284,0.033839,0.66,70.77
179000000000000002,180000000000000003,2026-03-23,1138,54,34980964,647796,0.047452,1.78,140.71
179000000000000002,180000000000000004,2026-03-23,1584,75,42508767,566784,0.047348,2.87,340.71
179000000000000003,180000000000000005,2026-03-23,729,42,51659821,1229996,0.057613,0.67,86.42
179000000000000004,180000000000000006,2026-03-23,590,44,89515225,2034437,0.074576,1.38,165.17
179000000000000004,180000000000000007,2026-03-23,594,50,91294148,1825883,0.084175,1.1,106.21
179000000000000005,180000000000000008,2026-03-23,977,103,51659821,501552,0.105425,5.2,438.78
179000000000000001,180000000000000001,2026-03-24,3341,87,98147968,1128138,0.02604,0.75,81.32
179000000000000001,180000000000000002,2026-03-24,1965,67,60090735,896877,0.034097,0.59,31.6
179000000000000002,180000000000000003,2026-03-24,840,47,42126796,896315,0.055952,1.56,195.92
179000000000000002,180000000000000004,2026-03-24,879,56,36992556,660581,0.063709,1.91,108.16
179000000000000003,180000000000000005,2026-03-24,996,45,52746235,1172139,0.045181,0.58,53.35
179000000000000004,180000000000000006,2026-03-24,685,51,102328056,2006432,0.074453,1.63,170.82
179000000000000004,180000000000000007,2026-03-24,877,51,82283766,1613407,0.058153,1.3,153.34
179000000000000005,180000000000000008,2026-03-24,916,87,52746235,606279,0.094978,3.95,452.54
179000000000000001,180000000000000001,2026-03-25,1988,60,74031799,1233863,0.030181,0.4,36.91
179000000000000001,180000000000000002,2026-03-25,2120,61,67021757,1098717,0.028774,0.43,30.73
179000000000000002,180000000000000003,2026-03-25,871,47,32449350,690412,0.053961,1.67,167.41
179000000000000002,180000000000000004,2026-03-25,1155,58,38077427,656507,0.050216,1.79,205.19
179000000000000003,180000000000000005,2026-03-25,853,46,47017852,1022127,0.053927,0.78,86.47
179000000000000004,180000000000000006,2026-03-25,658,43,71520828,1663275,0.06535,0.99,79.1
179000000000000004,180000000000000007,2026-03-25,447,32,56104195,1753256,0.071588,0.74,73.54
179000000000000005,180000000000000008,2026-03-25,1092,108,47017851,435350,0.098901,4.78,321.01
179000000000000001,180000000000000001,2026-03-26,1886,45,50209718,1115772,0.02386,0.4,34.39
179000000000000001,180000000000000002,2026-03-26,1692,36,43096294,1197119,0.021277,0.27,14.71
179000000000000002,180000000000000003,2026-03-26,681,42,27623866,657711,0.061674,1.25,115.42
179000000000000002,180000000000000004,2026-03-26,877,52,34002305,653890,0.059293,1.93,175.7
179000000000000003,180000000000000005,2026-03-26,796,38,41084114,1081161,0.047739,0.64,53.29
179000000000000004,180000000000000006,2026-03-26,695,57,95745348,1679743,0.082014,1.3,75.04
179000000000000004,180000000000000007,2026-03-26,306,26,48049049,1848040,0.084967,0.86,64.23
179000000000000005,180000000000000008,2026-03-26,1000,95,41084114,432464,0.095,3.75,308.82
179000000000000001,180000000000000001,2026-03-27,3426,76,63968909,841696,0.022183,0.55,46.73
179000000000000001,180000000000000002,2026-03-27,1510,43,49707818,1155996,0.028477,0.32,31.86
179000000000000002,180000000000000003,2026-03-27,618,38,28641478,753723,0.061489,1.19,115.18
179000000000000002,180000000000000004,2026-03-27,471,30,28196886,939896,0.063694,1.0,84.46
179000000000000003,180000000000000005,2026-03-27,603,33,37892243,1148250,0.054726,0.48,32.26
179000000000000004,180000000000000006,2026-03-27,502,41,78972896,1926168,0.081673,1.13,112.28
179000000000000004,180000000000000007,2026-03-27,424,26,53649953,2063460,0.061321,0.66,61.71
179000000000000005,180000000000000008,2026-03-27,1209,102,37892242,371493,0.084367,4.21,283.88
179000000000000001,180000000000000001,2026-03-28,3699,91,112378861,1234933,0.024601,0.56,70.24
179000000000000001,180000000000000002,2026-03-28,1895,59,56987674,965893,0.031135,0.5,24.54
179000000000000002,180000000000000003,2026-03-28,911,54,41209712,763143,0.059276,1.89,102.26
179000000000000002,180000000000000004,2026-03-28,795,46,43473556,945077,0.057862,1.55,85.0
179000000000000003,180000000000000005,2026-03-28,1128,50,56455511,1129110,0.044326,0.81,80.23
179000000000000004,180000000000000006,2026-03-28,1079,80,127733134,1596664,0.074143,2.13,179.98
179000000000000004,180000000000000007,2026-03-28,436,35,69861156,1996033,0.080275,0.94,115.19
179000000000000005,180000000000000008,2026-03-28,1321,142,56455511,397574,0.107494,6.46,639.33
179000000000000001,180000000000000001,2026-03-29,2951,75,79822415,1064299,0.025415,0.63,43.37
179000000000000001,180000000000000002,2026-03-29,2434,56,74515092,1330627,0.023007,0.35,36.27
179000000000000002,180000000000000003,2026-03-29,1007,44,30981070,704115,0.043694,1.46,136.5
179000000000000002,180000000000000004,2026-03-29,1500,75,46187685,615836,0.05,2.69,265.41
179000000000000003,180000000000000005,2026-03-29,1013,52,51445836,989343,0.051333,0.83,77.75
179000000000000004,180000000000000006,2026-03-29,769,65,111373361,1713436,0.084525,1.74,199.92
179000000000000004,180000000000000007,2026-03-29,834,45,68687066,1526379,0.053957,1.13,126.58
179000000000000005,180000000000000008,2026-03-29,1072,96,51445835,535894,0.089552,5.11,344.42
179000000000000001,180000000000000001,2026-03-30,5186,104,82982372,797907,0.020054,0.84,80.73
179000000000000001,180000000000000002,2026-03-30,1907,46,45559293,990419,0.024122,0.39,46.55
179000000000000002,180000000000000003,2026-03-30,857,48,34283315,714236,0.056009,1.84,114.1
179000000000000002,180000000000000004,2026-03-30,1366,54,29987517,555324,0.039531,1.9,156.76
179000000000000003,180000000000000005,2026-03-30,1038,50,42847222,856944,0.04817,0.77,93.2
179000000000000004,180000000000000006,2026-03-30,814,61,83933549,1375960,0.074939,1.58,105.89
179000000000000004,180000000000000007,2026-03-30,227,18,32827798,1823767,0.079295,0.37,31.47
179000000000000005,180000000000000008,2026-03-30,641,78,30772546,394520,0.121685,3.08,317.26
179000000000000001,180000000000000001,2026-03-31,2881,67,62957455,939664,0.023256,0.63,57.02
179000000000000001,180000000000000002,2026-03-31,2986,66,78765250,1193413,0.022103,0.53,52.24
179000000000000002,180000000000000003,2026-03-31,1092,62,43643014,703920,0.056777,2.02,226.85
179000000000000002,180000000000000004,2026-03-31,1433,63,44474026,705937,0.043964,2.25,177.22
179000000000000003,180000000000000005,2026-03-31,1337,66,58744694,890071,0.049364,0.86,63.18
179000000000000004,180000000000000006,2026-03-31,535,52,107796654,2073013,0.097196,1.61,183.63
179000000000000004,180000000000000007,2026-03-31,878,70,97809772,1397282,0.079727,1.57,157.79
179000000000000005,180000000000000008,2026-03-31,631,74,43898631,593225,0.117274,3.47,193.35
179000000000000001,180000000000000001,2026-04-01,5095,144,133483218,926967,0.028263,1.18,95.58
179000000000000001,180000000000000002,2026-04-01,3906,84,67031033,797988,0.021505,0.71,54.67
179000000000000002,180000000000000003,2026-04-01,914,49,38094871,777446,0.053611,1.65,105.54
179000000000000002,180000000000000004,2026-04-01,1849,89,62162255,698452,0.048134,3.15,264.03
179000000000000003,180000000000000005,2026-04-01,1729,81,66838083,825162,0.046848,1.27,106.64
179000000000000004,180000000000000006,2026-04-01,798,70,132713628,1895909,0.087719,2.24,185.41
179000000000000004,180000000000000007,2026-04-01,999,67,101219666,1510741,0.067067,2.09,183.73
179000000000000005,180000000000000008,2026-04-01,1536,158,66838084,423026,0.102865,7.25,592.47
179000000000000001,180000000000000001,2026-04-02,3046,82,74295885,906047,0.026921,0.65,62.47
179000000000000001,180000000000000002,2026-04-02,382,18,22286328,1238129,0.04712,0.17,11.42
179000000000000002,180000000000000003,2026-04-02,626,44,31875003,724432,0.070288,1.59,79.38
179000000000000002,180000000000000004,2026-04-02,328,26,13232812,508954,0.079268,0.92,117.66
179000000000000003,180000000000000005,2026-04-02,839,40,39964632,999116,0.047676,0.55,53.78
179000000000000004,180000000000000006,2026-04-02,284,23,54386998,2364652,0.080986,0.71,66.26
179000000000000004,180000000000000007,2026-04-02,513,33,54914786,1664084,0.064327,0.94,64.57
179000000000000005,180000000000000008,2026-04-02,790,74,39964631,540063,0.093671,2.98,284.57
179000000000000001,180000000000000001,2026-04-03,3824,102,83530533,818927,0.026674,0.76,90.01
179000000000000001,180000000000000002,2026-04-03,1770,48,48192533,1004011,0.027119,0.41,46.23
179000000000000002,180000000000000003,2026-04-03,932,57,35690228,626144,0.061159,1.72,103.06
179000000000000002,180000000000000004,2026-04-03,953,38,30171305,793982,0.039874,1.26,150.97
179000000000000003,180000000000000005,2026-04-03,1375,57,43907689,770310,0.041455,0.83,67.64
179000000000000004,180000000000000006,2026-04-03,576,45,88936102,1976358,0.078125,1.03,106.2
179000000000000004,180000000000000007,2026-04-03,374,34,64740807,1904141,0.090909,1.06,129.95
179000000000000005,180000000000000008,2026-04-03,930,96,43907689,457372,0.103226,4.3,397.95
179000000000000001,180000000000000001,2026-04-04,4488,101,95297324,943538,0.022504,0.79,74.43
179000000000000001,180000000000000002,2026-04-04,2222,39,30735189,788082,0.017552,0.35,33.36
179000000000000002,180000000000000003,2026-04-04,1243,63,41846190,664225,0.050684,2.76,218.71
179000000000000002,180000000000000004,2026-04-04,769,44,38983829,885996,0.057217,1.7,170.77
179000000000000003,180000000000000005,2026-04-04,1246,64,53886679,841979,0.051364,0.94,72.13
179000000000000004,180000000000000006,2026-04-04,508,51,98489686,1931170,0.100394,1.43,145.38
179000000000000004,180000000000000007,2026-04-04,809,56,90113693,1609173,0.069221,1.65,151.56
179000000000000005,180000000000000008,2026-04-04,887,102,53886680,528301,0.114994,4.24,419.01
179000000000000001,180000000000000001,2026-04-05,4063,99,104030889,1050817,0.024366,0.83,63.45
179000000000000001,180000000000000002,2026-04-05,2492,66,70784222,1072488,0.026485,0.53,57.24
179000000000000002,180000000000000003,2026-04-05,746,24,21749659,906236,0.032172,1.07,103.82
179000000000000002,180000000000000004,2026-04-05,1119,56,40445947,722249,0.050045,2.02,169.19
179000000000000003,180000000000000005,2026-04-05,1031,60,58271704,971195,0.058196,0.78,75.66
179000000000000004,180000000000000006,2026-04-05,814,65,136393132,2098356,0.079853,1.65,154.45
179000000000000004,180000000000000007,2026-04-05,521,39,67557830,1732252,0.074856,1.16,97.47
179000000000000005,180000000000000008,2026-04-05,1099,120,58271703,485598,0.10919,5.87,512.37
179000000000000001,180000000000000001,2026-04-06,3505,84,87802152,1045264,0.023966,0.67,67.34
179000000000000001,180000000000000002,2026-04-06,1528,52,50596670,973013,0.034031,0.42,36.21
179000000000000002,180000000000000003,2026-04-06,1068,48,35589910,741456,0.044944,1.88,95.18
179000000000000002,180000000000000004,2026-04-06,1223,50,33609501,672190,0.040883,2.13,209.18
179000000000000003,180000000000000005,2026-04-06,614,37,46132941,1246836,0.060261,0.55,58.61
179000000000000004,180000000000000006,2026-04-06,768,60,100260287,1671005,0.078125,1.57,137.47
179000000000000004,180000000000000007,2026-04-06,449,36,61205006,1700139,0.080178,0.72,84.83
179000000000000005,180000000000000008,2026-04-06,1194,105,46132941,439361,0.08794,4.51,355.53
179000000000000001,180000000000000001,2026-04-07,4683,124,133289288,1074914,0.026479,1.12,138.29
179000000000000001,180000000000000002,2026-04-07,2331,62,65897675,1062866,0.026598,0.46,39.31
179000000000000002,180000000000000003,2026-04-07,1395,77,49861949,647558,0.055197,2.92,294.81
179000000000000002,180000000000000004,2026-04-07,1317,61,49731533,815271,0.046317,1.93,186.0
179000000000000003,180000000000000005,2026-04-07,1183,64,66395655,1037432,0.0541,0.96,125.79
179000000000000004,180000000000000006,2026-04-07,1183,95,147410732,1551692,0.080304,2.71,348.84
179000000000000004,180000000000000007,2026-04-07,736,51,84974058,1666158,0.069293,1.53,128.68
179000000000000005,180000000000000008,2026-04-07,2157,182,66395654,364811,0.084376,8.7,662.46
179000000000000001,180000000000000001,2026-04-08,3416,99,78020475,788086,0.028981,0.86,96.82
179000000000000001,180000000000000002,2026-04-08,2068,57,54381095,954054,0.027563,0.51,34.02
179000000000000002,180000000000000003,2026-04-08,1023,55,33007408,600135,0.053763,1.85,213.14
179000000000000002,180000000000000004,2026-04-08,1041,51,33193377,650851,0.048991,1.75,122.39
179000000000000003,180000000000000005,2026-04-08,877,38,44133857,1161417,0.04333,0.62,56.31
179000000000000004,180000000000000006,2026-04-08,797,47,92477673,1967610,0.058971,1.26,85.93
179000000000000004,180000000000000007,2026-04-08,526,33,61990826,1878510,0.062738,1.06,66.48
179000000000000005,180000000000000008,2026-04-08,1035,91,44133857,484987,0.087923,4.16,441.76
179000000000000001,180000000000000001,2026-04-09,3467,100,88124571,881246,0.028843,0.84,66.69
179000000000000001,180000000000000002,2026-04-09,1477,47,55996452,1191414,0.031821,0.43,32.07
179000000000000002,180000000000000003,2026-04-09,1015,57,37481568,657571,0.056158,2.05,175.64
179000000000000002,180000000000000004,2026-04-09,926,48,34578943,720395,0.051836,1.92,148.32
179000000000000003,180000000000000005,2026-04-09,1173,54,48040341,889636,0.046036,0.79,53.38
179000000000000004,180000000000000006,2026-04-09,550,50,102070415,2041408,0.090909,1.29,130.7
179000000000000004,180000000000000007,2026-04-09,583,40,66070778,1651769,0.068611,0.99,78.06
179000000000000005,180000000000000008,2026-04-09,893,82,48040341,585858,0.091825,3.98,364.59
179000000000000001,180000000000000001,2026-04-10,2453,65,76123931,1171137,0.026498,0.62,41.94
179000000000000001,180000000000000002,2026-04-10,3280,85,74736203,879249,0.025915,0.65,67.97
179000000000000002,180000000000000003,2026-04-10,1275,59,40453074,685645,0.046275,2.3,173.96
179000000000000002,180000000000000004,2026-04-10,1632,70,50269823,718140,0.042892,3.08,145.2
179000000000000003,180000000000000005,2026-04-10,1281,61,60481931,991507,0.047619,1.07,102.63
179000000000000004,180000000000000006,2026-04-10,849,75,119790672,1597209,0.088339,1.74,114.73
179000000000000004,180000000000000007,2026-04-10,585,33,46968499,1423288,0.05641,1.09,55.63
179000000000000005,180000000000000008,2026-04-10,1699,153,60481931,395307,0.090053,7.27,844.17
179000000000000001,180000000000000001,2026-04-11,3824,100,88874599,888746,0.026151,0.83,76.19
179000000000000001,180000000000000002,2026-04-11,2190,59,66500833,1127133,0.026941,0.52,34.24
179000000000000002,180000000000000003,2026-04-11,876,55,40629302,738715,0.062785,2.05,162.73
179000000000000002,180000000000000004,2026-04-11,831,48,37058415,772050,0.057762,1.97,177.54
179000000000000003,180000000000000005,2026-04-11,1086,43,51791811,1204461,0.039595,0.73,74.64
179000000000000004,180000000000000006,2026-04-11,680,59,114064114,1933290,0.086765,1.48,129.4
179000000000000004,180000000000000007,2026-04-11,599,45,67207223,1493494,0.075125,1.46,126.57
179000000000000005,180000000000000008,2026-04-11,820,84,51791810,616569,0.102439,4.69,420.3
179000000000000001,180000000000000001,2026-04-12,3983,122,91496794,749974,0.03063,1.12,114.35
179000000000000001,180000000000000002,2026-04-12,2579,71,63083810,888504,0.02753,0.71,87.92
179000000000000002,180000000000000003,2026-04-12,983,63,40986584,650581,0.06409,2.5,295.06
179000000000000002,180000000000000004,2026-04-12,1417,70,36303719,518625,0.0494,2.34,257.64
179000000000000003,180000000000000005,2026-04-12,1033,58,51526868,888394,0.056147,1.03,82.16
179000000000000004,180000000000000006,2026-04-12,721,55,104358246,1897423,0.076283,1.37,102.72
179000000000000004,180000000000000007,2026-04-12,576,41,75985792,1853312,0.071181,1.2,121.57
179000000000000005,180000000000000008,2026-04-12,1101,107,51526868,481560,0.097184,3.99,452.36
179000000000000001,180000000000000001,2026-04-13,2598,60,66732517,1112209,0.023095,0.45,36.19
179000000000000001,180000000000000002,2026-04-13,1499,53,49966581,942766,0.035357,0.48,64.94
179000000000000002,180000000000000003,2026-04-13,1053,45,28338429,629743,0.042735,1.82,113.45
179000000000000002,180000000000000004,2026-04-13,735,34,30011120,882680,0.046259,1.27,123.89
179000000000000003,180000000000000005,2026-04-13,680,37,38899699,1051343,0.054412,0.52,44.72
179000000000000004,180000000000000006,2026-04-13,520,47,81287883,1729529,0.090385,1.17,81.81
179000000000000004,180000000000000007,2026-04-13,306,25,54861066,2194443,0.081699,0.76,70.2
179000000000000005,180000000000000008,2026-04-13,739,86,38899699,452322,0.116373,3.63,233.75
179000000000000001,180000000000000001,2026-04-14,3659,77,72189483,937526,0.021044,0.68,40.53
179000000000000001,180000000000000002,2026-04-14,1705,38,40761139,1072662,0.022287,0.25,21.56
179000000000000002,180000000000000003,2026-04-14,613,39,31847776,816610,0.063622,1.58,190.29
179000000000000002,180000000000000004,2026-04-14,548,30,24627535,820918,0.054745,0.9,83.41
179000000000000003,180000000000000005,2026-04-14,795,35,37650207,1075720,0.044025,0.48,26.83
179000000000000004,180000000000000006,2026-04-14,746,56,80565226,1438665,0.075067,1.53,144.94
179000000000000004,180000000000000007,2026-04-14,214,11,24306701,2209700,0.051402,0.22,19.72
179000000000000005,180000000000000008,2026-04-14,552,62,25212414,406652,0.112319,2.73,225.39
179000000000000001,180000000000000001,2026-04-15,3194,75,70312688,937503,0.023482,0.66,48.5
179000000000000001,180000000000000002,2026-04-15,1947,52,48970305,941737,0.026708,0.29,33.44
179000000000000002,180000000000000003,2026-04-15,1002,50,30711203,614224,0.0499,1.31,132.91
179000000000000002,180000000000000004,2026-04-15,889,47,28930294,615538,0.052868,1.74,141.59
179000000000000003,180000000000000005,2026-04-15,686,35,39760998,1136029,0.05102,0.4,50.93
179000000000000004,180000000000000006,2026-04-15,595,52,87221996,1677346,0.087395,1.32,94.44
179000000000000004,180000000000000007,2026-04-15,353,23,51941496,2258326,0.065156,0.68,55.7
179000000000000005,180000000000000008,2026-04-15,736,71,39760998,560014,0.096467,3.02,300.02
179000000000000001,180000000000000001,2026-04-16,2778,85,57635020,678059,0.030598,0.8,59.27
179000000000000001,180000000000000002,2026-04-16,2372,65,54665014,841000,0.027403,0.54,54.59
179000000000000002,180000000000000003,2026-04-16,705,43,30823282,716821,0.060993,1.47,105.39
179000000000000002,180000000000000004,2026-04-16,515,29,25326735,873336,0.056311,1.1,122.62
179000000000000003,180000000000000005,2026-04-16,885,52,37433345,719872,0.058757,0.76,91.81
179000000000000004,180000000000000006,2026-04-16,214,20,47180614,2359031,0.093458,0.5,51.79
179000000000000004,180000000000000007,2026-04-16,340,33,55900916,1693967,0.097059,1.17,119.34
179000000000000005,180000000000000008,2026-04-16,484,47,22759064,484235,0.097107,2.53,267.95
179000000000000001,180000000000000001,2026-04-17,1191,39,37534216,962416,0.032746,0.31,21.59
179000000000000001,180000000000000002,2026-04-17,1704,50,40929935,818599,0.029343,0.37,35.99
179000000000000002,180000000000000003,2026-04-17,219,17,16116540,948032,0.077626,0.73,29.99
179000000000000002,180000000000000004,2026-04-17,622,26,24053757,925144,0.041801,1.04,95.86
179000000000000003,180000000000000005,2026-04-17,704,35,34340064,981145,0.049716,0.53,45.66
179000000000000004,180000000000000006,2026-04-17,408,35,73257191,2093063,0.085784,1.04,88.14
179000000000000004,180000000000000007,2026-04-17,436,29,46933036,1618381,0.066514,0.83,39.29
179000000000000005,180000000000000008,2026-04-17,691,79,34340064,434684,0.114327,3.66,274.44
179000000000000001,180000000000000001,2026-04-18,2495,57,65829745,1154908,0.022846,0.44,48.05
179000000000000001,180000000000000002,2026-04-18,2107,55,47093447,856244,0.026103,0.45,29.11
179000000000000002,180000000000000003,2026-04-18,819,40,29522041,738051,0.04884,1.61,121.66
179000000000000002,180000000000000004,2026-04-18,528,20,15261351,763068,0.037879,0.81,35.78
179000000000000003,180000000000000005,2026-04-18,609,33,37641064,1140638,0.054187,0.49,53.68
179000000000000004,180000000000000006,2026-04-18,545,49,78991594,1612073,0.089908,1.41,74.38
179000000000000004,180000000000000007,2026-04-18,394,22,52752131,2397824,0.055838,0.77,77.98
179000000000000005,180000000000000008,2026-04-18,728,77,37641065,488845,0.105769,3.45,172.45
179000000000000001,180000000000000001,2026-04-19,3543,90,99857844,1109532,0.025402,0.62,41.09
179000000000000001,180000000000000002,2026-04-19,1486,43,54502252,1267494,0.028937,0.32,25.34
179000000000000002,180000000000000003,2026-04-19,905,51,39146351,767576,0.056354,2.3,280.77
179000000000000002,180000000000000004,2026-04-19,990,48,38033697,792369,0.048485,1.7,186.45
179000000000000003,180000000000000005,2026-04-19,1150,50,51453366,1029067,0.043478,0.71,71.42
179000000000000004,180000000000000006,2026-04-19,715,63,117159301,1859671,0.088112,1.72,148.81
179000000000000004,180000000000000007,2026-04-19,485,36,62927477,1747985,0.074227,0.9,107.08
179000000000000005,180000000000000008,2026-04-19,890,99,51453365,519731,0.111236,4.18,405.98
179000000000000001,180000000000000001,2026-04-20,2046,44,52497466,1193124,0.021505,0.37,30.14
179000000000000001,180000000000000002,2026-04-20,1229,33,33060276,1001827,0.026851,0.23,13.83
179000000000000002,180000000000000003,2026-04-20,224,10,9248759,924876,0.044643,0.29,39.54
179000000000000002,180000000000000004,2026-04-20,601,24,20632755,859698,0.039933,1.03,115.16
179000000000000003,180000000000000005,2026-04-20,710,34,28519247,838801,0.047887,0.45,39.59
179000000000000004,180000000000000006,2026-04-20,430,36,62550212,1737506,0.083721,0.99,76.86
179000000000000004,180000000000000007,2026-04-20,201,16,37267152,2329197,0.079602,0.45,42.16
179000000000000005,180000000000000008,2026-04-20,696,65,28519247,438758,0.093391,2.63,205.48
179000000000000001,180000000000000001,2026-04-21,1859,55,43551655,791848,0.029586,0.42,30.56
179000000000000001,180000000000000002,2026-04-21,953,30,34545436,1151515,0.03148,0.28,22.6
179000000000000002,180000000000000003,2026-04-21,455,26,20407930,784920,0.057143,1.01,77.14
179000000000000002,180000000000000004,2026-04-21,519,26,18640614,716947,0.050096,0.84,62.8
179000000000000003,180000000000000005,2026-04-21,542,27,26032364,964162,0.049815,0.41,33.25
179000000000000004,180000000000000006,2026-04-21,297,27,54748768,2027732,0.090909,0.79,66.98
179000000000000004,180000000000000007,2026-04-21,221,21,36364504,1731643,0.095023,0.58,45.07
179000000000000005,180000000000000008,2026-04-21,534,45,26032364,578497,0.08427,1.82,172.98
179000000000000001,180000000000000001,2026-04-22,1926,58,72816124,1255450,0.030114,0.46,34.5
179000000000000001,180000000000000002,2026-04-22,1988,70,53294957,761357,0.035211,0.56,64.98
179000000000000002,180000000000000003,2026-04-22,843,58,33958046,585484,0.068802,1.7,216.27
179000000000000002,180000000000000004,2026-04-22,938,45,29097494,646611,0.047974,1.69,104.94
179000000000000003,180000000000000005,2026-04-22,750,47,42037027,894405,0.062667,0.72,69.63
179000000000000004,180000000000000006,2026-04-22,616,49,85525508,1745419,0.079545,1.64,171.63
179000000000000004,180000000000000007,2026-04-22,587,43,61604087,1432653,0.073254,1.2,142.04
179000000000000005,180000000000000008,2026-04-22,783,67,42037027,627418,0.085568,3.11,321.02
179000000000000001,180000000000000001,2026-04-23,3617,96,93841761,977518,0.026541,0.66,53.91
179000000000000001,180000000000000002,2026-04-23,1419,47,59747751,1271229,0.033122,0.42,29.83
179000000000000002,180000000000000003,2026-04-23,1031,59,38932108,659866,0.057226,2.66,238.62
179000000000000002,180000000000000004,2026-04-23,1055,47,37862647,805588,0.04455,2.0,169.57
179000000000000003,180000000000000005,2026-04-23,1003,46,51196503,1112967,0.045862,0.64,74.16
179000000000000004,180000000000000006,2026-04-23,405,29,57307118,1976108,0.071605,0.64,46.79
179000000000000004,180000000000000007,2026-04-23,551,38,79343346,2087983,0.068966,0.96,100.9
179000000000000005,180000000000000008,2026-04-23,1104,118,51196503,433869,0.106884,4.55,431.35
179000000000000001,180000000000000001,2026-04-24,2023,59,68128500,1154720,0.029165,0.45,27.46
179000000000000001,180000000000000002,2026-04-24,1574,40,37788500,944712,0.025413,0.3,34.22
179000000000000002,180000000000000003,2026-04-24,409,26,24107580,927215,0.06357,0.84,82.49
179000000000000002,180000000000000004,2026-04-24,978,44,28850920,655703,0.04499,1.68,188.35
179000000000000003,180000000000000005,2026-04-24,548,29,35305667,1217437,0.05292,0.45,27.3
179000000000000004,180000000000000006,2026-04-24,578,39,75236407,1929139,0.067474,1.06,91.0
179000000000000004,180000000000000007,2026-04-24,128,11,26679036,2425367,0.085938,0.3,32.41
179000000000000005,180000000000000008,2026-04-24,642,68,35305667,519201,0.105919,2.99,318.41
179000000000000001,180000000000000001,2026-04-25,2617,58,62822734,1083151,0.022163,0.39,32.23
179000000000000001,180000000000000002,2026-04-25,2142,57,54123159,949529,0.026611,0.45,22.84
179000000000000002,180000000000000003,2026-04-25,1063,47,34100342,725539,0.044214,1.87,83.04
179000000000000002,180000000000000004,2026-04-25,745,39,24372604,624939,0.052349,1.43,155.53
179000000000000003,180000000000000005,2026-04-25,955,35,38981965,1113770,0.036649,0.56,62.32
179000000000000004,180000000000000006,2026-04-25,644,43,72461872,1685160,0.06677,1.24,139.45
179000000000000004,180000000000000007,2026-04-25,584,43,63975005,1487791,0.07363,1.1,112.43
179000000000000005,180000000000000008,2026-04-25,767,80,38981965,487275,0.104302,3.1,297.82
179000000000000001,180000000000000001,2026-04-26,2191,61,67368239,1104397,0.027841,0.54,56.47
179000000000000001,180000000000000002,2026-04-26,2134,58,36551212,630193,0.027179,0.58,67.53
179000000000000002,180000000000000003,2026-04-26,440,27,25792613,955282,0.061364,1.05,113.79
179000000000000002,180000000000000004,2026-04-26,893,45,26167113,581491,0.050392,1.5,168.64
179000000000000003,180000000000000005,2026-04-26,923,37,34639817,936211,0.040087,0.52,28.86
179000000000000004,180000000000000006,2026-04-26,695,49,71736453,1464009,0.070504,1.39,140.85
179000000000000004,180000000000000007,2026-04-26,267,20,49502907,2475145,0.074906,0.57,39.81
179000000000000005,180000000000000008,2026-04-26,635,68,34639817,509409,0.107087,2.63,301.95
179000000000000001,180000000000000001,2026-04-27,2497,64,54553618,852400,0.025631,0.55,48.07
179000000000000001,180000000000000002,2026-04-27,1469,41,39495413,963303,0.02791,0.3,25.27
179000000000000002,180000000000000003,2026-04-27,607,40,21815329,545383,0.065898,1.35,108.35
179000000000000002,180000000000000004,2026-04-27,666,37,25209186,681329,0.055556,1.46,151.32
179000000000000003,180000000000000005,2026-04-27,513,20,17259173,862959,0.038986,0.36,46.45
179000000000000004,180000000000000006,2026-04-27,289,26,38761368,1490822,0.089965,0.79,93.61
179000000000000004,180000000000000007,2026-04-27,371,32,45614180,1425443,0.086253,0.88,65.82
179000000000000005,180000000000000008,2026-04-27,498,52,19645095,377790,0.104418,2.64,145.28
179000000000000001,180000000000000001,2026-04-28,1237,33,30431805,922176,0.026677,0.23,28.18
179000000000000001,180000000000000002,2026-04-28,2007,42,32168532,765917,0.020927,0.37,19.16
179000000000000002,180000000000000003,2026-04-28,493,23,16564899,720213,0.046653,0.72,64.86
179000000000000002,180000000000000004,2026-04-28,718,35,21492371,614068,0.048747,1.37,76.31
179000000000000003,180000000000000005,2026-04-28,767,28,25371514,906126,0.036506,0.41,23.9
179000000000000004,180000000000000006,2026-04-28,563,36,53758330,1493287,0.063943,0.95,95.51
179000000000000004,180000000000000007,2026-04-28,326,17,35041968,2061292,0.052147,0.46,55.59
179000000000000005,180000000000000008,2026-04-28,593,60,25371513,422859,0.10118,2.67,186.27
179000000000000001,180000000000000001,2026-04-29,2296,50,49969575,999392,0.021777,0.4,31.49
179000000000000001,180000000000000002,2026-04-29,589,13,13937711,1072132,0.022071,0.13,13.35
179000000000000002,180000000000000003,2026-04-29,457,32,20907375,653355,0.070022,1.1,116.98
179000000000000002,180000000000000004,2026-04-29,533,35,20128156,575090,0.065666,1.32,110.9
179000000000000003,180000000000000005,2026-04-29,509,28,27357021,977036,0.05501,0.42,37.77
179000000000000004,180000000000000006,2026-04-29,451,34,50408999,1482618,0.075388,0.96,79.63
179000000000000004,180000000000000007,2026-04-29,536,33,45340572,1373957,0.061567,1.06,76.79
179000000000000005,180000000000000008,2026-04-29,616,66,27357020,414500,0.107143,3.1,262.21
179000000000000001,180000000000000001,2026-04-30,1383,27,33642169,1246006,0.019523,0.22,24.59
179000000000000001,180000000000000002,2026-04-30,1614,49,37159377,758355,0.030359,0.39,24.1
179000000000000002,180000000000000003,2026-04-30,412,24,22166508,923604,0.058252,0.95,126.85
179000000000000002,180000000000000004,2026-04-30,598,25,22032998,881320,0.041806,1.05,85.96
179000000000000003,180000000000000005,2026-04-30,435,27,29466337,1091346,0.062069,0.49,37.75
179000000000000004,180000000000000006,2026-04-30,421,29,55124215,1900835,0.068884,0.78,93.51
179000000000000004,180000000000000007,2026-04-30,480,29,48007966,1655447,0.060417,0.86,55.99
179000000000000005,180000000000000008,2026-04-30,540,52,20654976,397211,0.096296,2.19,222.86
179000000000000001,180000000000000001,2026-05-01,1519,40,46727913,1168198,0.026333,0.29,30.14
179000000000000001,180000000000000002,2026-05-01,431,18,13577479,754304,0.041763,0.13,5.27
179000000000000002,180000000000000003,2026-05-01,460,25,17931795,717272,0.054348,0.8,47.03
179000000000000002,180000000000000004,2026-05-01,646,32,20889331,652792,0.049536,1.08,72.64
179000000000000003,180000000000000005,2026-05-01,639,27,25880751,958546,0.042254,0.43,37.9
179000000000000004,180000000000000006,2026-05-01,230,19,37873875,1993362,0.082609,0.57,57.09
179000000000000004,180000000000000007,2026-05-01,279,18,33846120,1880340,0.064516,0.45,51.29
179000000000000005,180000000000000008,2026-05-01,490,53,25880752,488316,0.108163,2.0,238.9
179000000000000001,180000000000000001,2026-05-02,2470,59,44235800,749759,0.023887,0.42,42.46
179000000000000001,180000000000000002,2026-05-02,1488,37,33040741,892993,0.024866,0.38,44.72
179000000000000002,180000000000000003,2026-05-02,576,31,19020318,613559,0.053819,1.06,93.62
179000000000000002,180000000000000004,2026-05-02,733,33,19617953,594483,0.04502,1.35,131.97
179000000000000003,180000000000000005,2026-05-02,673,28,25758847,919959,0.041605,0.41,29.6
179000000000000004,180000000000000006,2026-05-02,377,27,56588212,2095860,0.071618,0.74,68.4
179000000000000004,180000000000000007,2026-05-02,382,23,33567752,1459467,0.060209,0.54,45.99
179000000000000005,180000000000000008,2026-05-02,636,61,25758847,422276,0.095912,3.16,292.81
179000000000000001,180000000000000001,2026-05-03,1365,32,36211776,1131618,0.023443,0.26,25.11
179000000000000001,180000000000000002,2026-05-03,994,29,33615405,1159152,0.029175,0.22,14.18
179000000000000002,180000000000000003,2026-05-03,331,21,19481259,927679,0.063444,0.67,43.05
179000000000000002,180000000000000004,2026-05-03,482,27,23086044,855039,0.056017,0.95,76.87
179000000000000003,180000000000000005,2026-05-03,689,30,28378202,945940,0.043541,0.51,38.12
179000000000000004,180000000000000006,2026-05-03,447,36,58508901,1625247,0.080537,1.04,58.26
179000000000000004,180000000000000007,2026-05-03,267,21,40814805,1943562,0.078652,0.48,41.87
179000000000000005,180000000000000008,2026-05-03,504,58,28378202,489279,0.115079,2.73,272.48
179000000000000001,180000000000000001,2026-05-04,2525,66,68043096,1030956,0.026139,0.57,58.01
179000000000000001,180000000000000002,2026-05-04,331,15,17408436,1160562,0.045317,0.12,10.46
179000000000000002,180000000000000003,2026-05-04,598,40,25979134,649478,0.06689,1.22,109.32
179000000000000002,180000000000000004,2026-05-04,653,34,28173083,828620,0.052067,1.23,81.99
179000000000000003,180000000000000005,2026-05-04,794,41,36101478,880524,0.051637,0.73,50.25
179000000000000004,180000000000000006,2026-05-04,588,45,85286558,1895257,0.076531,1.47,126.99
179000000000000004,180000000000000007,2026-05-04,289,20,41068616,2053431,0.069204,0.49,51.68
179000000000000005,180000000000000008,2026-05-04,742,73,36101478,494541,0.098383,3.18,272.34
179000000000000001,180000000000000001,2026-05-05,2137,67,52658050,785941,0.031352,0.55,54.21
179000000000000001,180000000000000002,2026-05-05,1341,43,38072682,885411,0.032066,0.28,17.78
179000000000000002,180000000000000003,2026-05-05,522,29,22189748,765164,0.055556,0.86,71.94
179000000000000002,180000000000000004,2026-05-05,715,35,23175618,662161,0.048951,1.44,67.54
179000000000000003,180000000000000005,2026-05-05,497,29,30243577,1042882,0.05835,0.51,46.63
179000000000000004,180000000000000006,2026-05-05,300,29,60560235,2088284,0.096667,0.83,97.55
179000000000000004,180000000000000007,2026-05-05,368,32,45292286,1415384,0.086957,1.06,112.93
179000000000000005,180000000000000008,2026-05-05,476,51,30243577,593011,0.107143,2.57,267.16
179000000000000001,180000000000000001,2026-05-06,2315,63,54653588,867517,0.027214,0.39,34.3
179000000000000001,180000000000000002,2026-05-06,2065,52,38009450,730951,0.025182,0.41,43.55
179000000000000002,180000000000000003,2026-05-06,457,27,23857918,883627,0.059081,0.8,78.68
179000000000000002,180000000000000004,2026-05-06,664,25,22473600,898944,0.037651,0.7,69.66
179000000000000003,180000000000000005,2026-05-06,655,33,30887679,935990,0.050382,0.53,35.05
179000000000000004,180000000000000006,2026-05-06,515,41,63076132,1538442,0.079612,1.16,133.96
179000000000000004,180000000000000007,2026-05-06,306,21,45030746,2144321,0.068627,0.74,49.49
179000000000000005,180000000000000008,2026-05-06,432,52,19990265,384428,0.12037,2.6,252.15
179000000000000001,180000000000000001,2026-05-07,4532,97,77384031,797774,0.021403,0.7,55.36
179000000000000001,180000000000000002,2026-05-07,2274,63,41594681,660233,0.027704,0.5,29.07
179000000000000002,180000000000000003,2026-05-07,975,58,32376534,558216,0.059487,2.04,111.85
179000000000000002,180000000000000004,2026-05-07,588,29,27112823,934925,0.04932,1.16,60.35
179000000000000003,180000000000000005,2026-05-07,378,22,18604861,845676,0.058201,0.27,24.75
179000000000000004,180000000000000006,2026-05-07,690,53,87036996,1642207,0.076812,1.35,101.32
179000000000000004,180000000000000007,2026-05-07,161,11,24358017,2214365,0.068323,0.26,34.44
179000000000000005,180000000000000008,2026-05-07,702,81,39659571,489624,0.115385,3.28,262.1
179000000000000001,180000000000000001,2026-05-08,3446,103,86604798,840823,0.02989,0.79,49.31
179000000000000001,180000000000000002,2026-05-08,1354,36,41593097,1155364,0.026588,0.28,37.33
179000000000000002,180000000000000003,2026-05-08,507,32,28435291,888603,0.063116,1.03,94.42
179000000000000002,180000000000000004,2026-05-08,896,51,35663656,699287,0.05692,1.58,196.33
179000000000000003,180000000000000005,2026-05-08,778,42,42732631,1017444,0.053985,0.75,44.52
179000000000000004,180000000000000006,2026-05-08,619,54,82010439,1518712,0.087237,1.23,100.54
179000000000000004,180000000000000007,2026-05-08,501,42,67553769,1608423,0.083832,1.26,112.42
179000000000000005,180000000000000008,2026-05-08,890,88,42732631,485598,0.098876,3.68,200.07
179000000000000001,180000000000000001,2026-05-09,3656,88,72267524,821222,0.02407,0.68,83.2
179000000000000001,180000000000000002,2026-05-09,1481,35,40660169,1161719,0.023633,0.27,14.16
179000000000000002,180000000000000003,2026-05-09,584,18,17004303,944684,0.030822,0.72,45.34
179000000000000002,180000000000000004,2026-05-09,845,44,24468883,556111,0.052071,1.3,117.11
179000000000000003,180000000000000005,2026-05-09,786,39,37642564,965194,0.049618,0.58,30.44
179000000000000004,180000000000000006,2026-05-09,707,56,74652348,1333078,0.079208,1.38,130.84
179000000000000004,180000000000000007,2026-05-09,578,36,57096628,1586017,0.062284,1.09,100.74
179000000000000005,180000000000000008,2026-05-09,1106,93,37642565,404759,0.084087,3.36,296.54
179000000000000001,180000000000000001,2026-05-10,2034,64,62870247,982348,0.031465,0.47,57.07
179000000000000001,180000000000000002,2026-05-10,1377,34,44388802,1305553,0.024691,0.27,12.86
179000000000000002,180000000000000003,2026-05-10,539,32,27753747,867305,0.059369,1.15,90.02
179000000000000002,180000000000000004,2026-05-10,849,46,25875778,562517,0.054181,1.65,123.49
179000000000000003,180000000000000005,2026-05-10,923,41,35753016,872025,0.04442,0.55,47.87
179000000000000004,180000000000000006,2026-05-10,497,33,74996172,2272611,0.066398,0.82,44.4
179000000000000004,180000000000000007,2026-05-10,347,24,50139387,2089141,0.069164,0.83,101.39
179000000000000005,180000000000000008,2026-05-10,702,68,35753016,525780,0.096866,3.01,342.33
179000000000000001,180000000000000001,2026-05-11,2504,57,56883726,997960,0.022764,0.47,42.51
179000000000000001,180000000000000002,2026-05-11,1595,39,44062377,1129805,0.024451,0.31,35.12
179000000000000002,180000000000000003,2026-05-11,513,26,24472418,941247,0.050682,0.92,70.76
179000000000000002,180000000000000004,2026-05-11,549,33,26000634,787898,0.060109,1.08,67.78
179000000000000003,180000000000000005,2026-05-11,690,27,33648701,1246248,0.03913,0.51,41.64
179000000000000004,180000000000000006,2026-05-11,658,45,74797490,1662166,0.068389,1.45,134.55
179000000000000004,180000000000000007,2026-05-11,309,28,42972963,1534749,0.090615,0.89,47.95
179000000000000005,180000000000000008,2026-05-11,695,66,33648701,509829,0.094964,3.07,271.24
179000000000000001,180000000000000001,2026-05-12,1826,49,45456443,927683,0.026835,0.44,42.38
179000000000000001,180000000000000002,2026-05-12,1309,44,31988273,727006,0.033613,0.3,31.52
179000000000000002,180000000000000003,2026-05-12,477,22,19891422,904156,0.046122,0.91,66.36
179000000000000002,180000000000000004,2026-05-12,517,22,18830936,855952,0.042553,0.66,86.14
179000000000000003,180000000000000005,2026-05-12,525,29,25814906,890169,0.055238,0.36,20.69
179000000000000004,180000000000000006,2026-05-12,342,32,55318390,1728700,0.093567,0.87,82.09
179000000000000004,180000000000000007,2026-05-12,278,18,35033779,1946321,0.064748,0.46,26.77
179000000000000005,180000000000000008,2026-05-12,549,48,25814905,537811,0.087432,1.59,73.86
179000000000000001,180000000000000001,2026-05-13,2586,75,62074036,827654,0.029002,0.63,46.39
179000000000000001,180000000000000002,2026-05-13,1743,44,43420980,986840,0.025244,0.28,20.08
179000000000000002,180000000000000003,2026-05-13,837,47,28837665,613567,0.056153,1.99,151.81
179000000000000002,180000000000000004,2026-05-13,626,29,23909843,824477,0.046326,1.26,134.12
179000000000000003,180000000000000005,2026-05-13,262,14,16950933,1210781,0.053435,0.15,17.4
179000000000000004,180000000000000006,2026-05-13,313,29,49066033,1691932,0.092652,0.8,39.31
179000000000000004,180000000000000007,2026-05-13,255,19,40902979,2152788,0.07451,0.48,36.71
179000000000000005,180000000000000008,2026-05-13,1104,84,35165005,418631,0.076087,3.11,157.05
179000000000000001,180000000000000001,2026-05-14,2298,57,59272857,1039875,0.024804,0.33,26.17
179000000000000001,180000000000000002,2026-05-14,1620,36,32908486,914125,0.022222,0.27,18.16
179000000000000002,180000000000000003,2026-05-14,899,45,26898355,597741,0.050056,1.74,183.13
179000000000000002,180000000000000004,2026-05-14,175,10,8288025,828802,0.057143,0.33,17.32
179000000000000003,180000000000000005,2026-05-14,721,36,30727114,853531,0.049931,0.53,41.21
179000000000000004,180000000000000006,2026-05-14,605,40,67397455,1684936,0.066116,1.25,102.17
179000000000000004,180000000000000007,2026-05-14,263,23,40147445,1745541,0.087452,0.72,77.85
179000000000000005,180000000000000008,2026-05-14,460,50,30727114,614542,0.108696,2.64,192.45
179000000000000001,180000000000000001,2026-05-15,2360,59,55998084,949120,0.025,0.43,33.95
179000000000000001,180000000000000002,2026-05-15,924,34,32706226,961948,0.036797,0.3,25.77
179000000000000002,180000000000000003,2026-05-15,655,29,20316890,700582,0.044275,0.92,68.8
179000000000000002,180000000000000004,2026-05-15,659,36,24035264,667646,0.054628,1.15,110.76
179000000000000003,180000000000000005,2026-05-15,519,28,29568103,1056004,0.05395,0.48,54.8
179000000000000004,180000000000000006,2026-05-15,538,42,66898562,1592823,0.078067,1.32,127.84
179000000000000004,180000000000000007,2026-05-15,266,19,36589800,1925779,0.071429,0.43,42.57
179000000000000005,180000000000000008,2026-05-15,605,67,29568103,441315,0.110744,3.09,317.8
179000000000000001,180000000000000001,2026-05-16,1850,56,70628059,1261215,0.03027,0.44,33.51
179000000000000001,180000000000000002,2026-05-16,1641,50,42700893,854018,0.030469,0.37,27.24
179000000000000002,180000000000000003,2026-05-16,944,47,29890502,635968,0.049788,1.25,63.77
179000000000000002,180000000000000004,2026-05-16,594,33,26773974,811333,0.055556,1.15,103.34
179000000000000003,180000000000000005,2026-05-16,743,36,37776317,1049342,0.048452,0.65,77.97
179000000000000004,180000000000000006,2026-05-16,276,25,54952390,2198096,0.09058,0.56,55.65
179000000000000004,180000000000000007,2026-05-16,474,29,52293534,1803225,0.061181,0.95,89.84
179000000000000005,180000000000000008,2026-05-16,277,36,22660014,629445,0.129964,1.95,150.67
179000000000000001,180000000000000001,2026-05-17,3021,59,56548187,958444,0.01953,0.42,28.6
179000000000000001,180000000000000002,2026-05-17,2468,54,37672738,697643,0.02188,0.37,29.48
179000000000000002,180000000000000003,2026-05-17,604,41,25867672,630919,0.067881,1.34,112.48
179000000000000002,180000000000000004,2026-05-17,641,34,21242790,624788,0.053042,1.33,103.33
179000000000000003,180000000000000005,2026-05-17,808,39,31406975,805307,0.048267,0.59,69.98
179000000000000004,180000000000000006,2026-05-17,382,35,65726234,1877892,0.091623,0.97,63.44
179000000000000004,180000000000000007,2026-05-17,343,22,44198178,2009008,0.06414,0.49,37.89
179000000000000005,180000000000000008,2026-05-17,740,67,31406974,468761,0.090541,3.02,240.5
179000000000000001,180000000000000001,2026-05-18,1883,42,44706796,1064448,0.022305,0.37,38.94
179000000000000001,180000000000000002,2026-05-18,2158,40,39372704,984318,0.018536,0.39,27.58
179000000000000002,180000000000000003,2026-05-18,577,32,20962416,655076,0.055459,1.16,73.53
179000000000000002,180000000000000004,2026-05-18,829,35,21077335,602210,0.04222,1.03,77.06
179000000000000003,180000000000000005,2026-05-18,156,12,9964450,830371,0.076923,0.19,18.23
179000000000000004,180000000000000006,2026-05-18,547,40,61610502,1540263,0.073126,1.12,110.89
179000000000000004,180000000000000007,2026-05-18,236,22,36482249,1658284,0.09322,0.48,50.14
179000000000000005,180000000000000008,2026-05-18,646,64,28026501,437914,0.099071,3.33,432.01
179000000000000001,180000000000000001,2026-05-19,2560,74,72834525,984250,0.028906,0.62,36.1
179000000000000001,180000000000000002,2026-05-19,1614,54,40586074,751594,0.033457,0.39,44.09
179000000000000002,180000000000000003,2026-05-19,651,36,24708397,686344,0.0553,1.5,164.69
179000000000000002,180000000000000004,2026-05-19,708,40,32001902,800048,0.056497,1.6,87.96
179000000000000003,180000000000000005,2026-05-19,892,42,37806867,900164,0.047085,0.52,46.13
179000000000000004,180000000000000006,2026-05-19,440,32,41543987,1298250,0.072727,0.85,88.84
179000000000000004,180000000000000007,2026-05-19,437,32,62657839,1958057,0.073227,1.09,83.61
179000000000000005,180000000000000008,2026-05-19,585,69,37806867,547926,0.117949,3.71,279.21
179000000000000001,180000000000000001,2026-05-20,2331,67,59578145,889226,0.028743,0.46,49.13
179000000000000001,180000000000000002,2026-05-20,1121,40,34459593,861490,0.035682,0.28,27.78
179000000000000002,180000000000000003,2026-05-20,879,38,22438275,590481,0.043231,1.13,97.52
179000000000000002,180000000000000004,2026-05-20,707,39,24580594,630272,0.055163,1.34,134.26
179000000000000003,180000000000000005,2026-05-20,521,28,31345913,1119497,0.053743,0.36,42.77
179000000000000004,180000000000000006,2026-05-20,277,31,46575697,1502442,0.111913,0.91,85.79
179000000000000004,180000000000000007,2026-05-20,290,28,45085793,1610207,0.096552,0.79,90.55
179000000000000005,180000000000000008,2026-05-20,614,69,31345913,454289,0.112378,2.77,341.26
179000000000000001,180000000000000001,2026-05-21,1354,32,31050434,970326,0.023634,0.23,26.49
179000000000000001,180000000000000002,2026-05-21,1473,42,41649650,991658,0.028513,0.3,24.67
179000000000000002,180000000000000003,2026-05-21,766,35,20239786,578280,0.045692,1.27,136.52
179000000000000002,180000000000000004,2026-05-21,862,37,24911615,673287,0.042923,1.29,90.76
179000000000000003,180000000000000005,2026-05-21,303,13,16681370,1283182,0.042904,0.22,19.78
179000000000000004,180000000000000006,2026-05-21,431,33,61451758,1862174,0.076566,0.99,64.23
179000000000000004,180000000000000007,2026-05-21,316,24,43901512,1829230,0.075949,0.66,68.7
179000000000000005,180000000000000008,2026-05-21,476,55,30100935,547290,0.115546,2.58,258.71
179000000000000001,180000000000000001,2026-05-22,1304,44,45265210,1028755,0.033742,0.43,28.38
179000000000000001,180000000000000002,2026-05-22,981,36,41952070,1165335,0.036697,0.35,39.97
179000000000000002,180000000000000003,2026-05-22,608,39,25554991,655256,0.064145,1.41,110.79
179000000000000002,180000000000000004,2026-05-22,799,33,26236452,795044,0.041302,1.08,88.74
179000000000000003,180000000000000005,2026-05-22,697,36,34527628,959101,0.05165,0.5,50.42
179000000000000004,180000000000000006,2026-05-22,761,52,76195603,1465300,0.068331,1.57,154.37
179000000000000004,180000000000000007,2026-05-22,152,9,19993335,2221482,0.059211,0.32,40.62
179000000000000005,180000000000000008,2026-05-22,726,86,34527627,401484,0.118457,4.32,401.3
179000000000000001,180000000000000001,2026-05-23,3012,82,60957402,743383,0.027224,0.57,47.98
179000000000000001,180000000000000002,2026-05-23,1273,48,43897760,914537,0.037706,0.39,42.71
179000000000000002,180000000000000003,2026-05-23,516,35,24990653,714019,0.067829,1.38,98.35
179000000000000002,180000000000000004,2026-05-23,593,36,27436928,762137,0.060708,1.38,109.21
179000000000000003,180000000000000005,2026-05-23,517,33,34951721,1059143,0.06383,0.53,37.53
179000000000000004,180000000000000006,2026-05-23,455,35,72855542,2081587,0.076923,1.16,76.77
179000000000000004,180000000000000007,2026-05-23,372,21,49475482,2355975,0.056452,0.59,40.76
179000000000000005,180000000000000008,2026-05-23,579,56,24588154,439074,0.096718,2.11,179.62
179000000000000001,180000000000000001,2026-05-24,1537,39,52286210,1340672,0.025374,0.38,27.08
179000000000000001,180000000000000002,2026-05-24,1436,44,55706805,1266064,0.030641,0.29,24.49
179000000000000002,180000000000000003,2026-05-24,878,48,32517338,677445,0.05467,1.68,165.08
179000000000000002,180000000000000004,2026-05-24,1205,58,32790963,565361,0.048133,1.96,155.09
179000000000000003,180000000000000005,2026-05-24,716,42,43538866,1036640,0.058659,0.59,66.28
179000000000000004,180000000000000006,2026-05-24,575,48,89873002,1872354,0.083478,1.49,102.2
179000000000000004,180000000000000007,2026-05-24,469,33,62513031,1894334,0.070362,0.89,88.37
179000000000000005,180000000000000008,2026-05-24,831,80,43538866,544236,0.09627,3.61,322.57
179000000000000001,180000000000000001,2026-05-25,2027,62,52144035,841033,0.030587,0.56,37.96
179000000000000001,180000000000000002,2026-05-25,2090,63,43017139,682812,0.030144,0.56,26.45
179000000000000002,180000000000000003,2026-05-25,782,43,29046100,675491,0.054987,1.35,108.76
179000000000000002,180000000000000004,2026-05-25,851,37,31569636,853233,0.043478,1.6,171.7
179000000000000003,180000000000000005,2026-05-25,1017,42,40410491,962155,0.041298,0.62,40.77
179000000000000004,180000000000000006,2026-05-25,486,34,76688266,2255537,0.069959,1.01,93.56
179000000000000004,180000000000000007,2026-05-25,155,12,29173677,2431140,0.077419,0.42,24.99
179000000000000005,180000000000000008,2026-05-25,669,78,40410491,518083,0.116592,3.42,266.22
179000000000000001,180000000000000001,2026-05-26,1924,29,19559086,674451,0.015073,0.2,17.04
179000000000000001,180000000000000002,2026-05-26,1756,48,39576185,824504,0.027335,0.39,40.31
179000000000000002,180000000000000003,2026-05-26,749,43,27417600,637619,0.05741,1.35,123.9
179000000000000002,180000000000000004,2026-05-26,694,33,23571442,714286,0.04755,1.26,118.57
179000000000000003,180000000000000005,2026-05-26,473,29,33992694,1172162,0.061311,0.4,37.81
179000000000000004,180000000000000006,2026-05-26,479,34,46722528,1374192,0.070981,0.93,125.5
179000000000000004,180000000000000007,2026-05-26,275,23,51312645,2230985,0.083636,0.55,56.32
179000000000000005,180000000000000008,2026-05-26,716,77,33992694,441464,0.107542,3.66,380.49
179000000000000001,180000000000000001,2026-05-27,1404,38,45823662,1205886,0.027066,0.27,23.66
179000000000000001,180000000000000002,2026-05-27,1155,25,25790758,1031630,0.021645,0.23,24.64
179000000000000002,180000000000000003,2026-05-27,404,25,17218685,688747,0.061881,0.88,84.09
179000000000000002,180000000000000004,2026-05-27,455,24,18588525,774522,0.052747,0.83,67.47
179000000000000003,180000000000000005,2026-05-27,667,26,23871473,918134,0.038981,0.47,47.68
179000000000000004,180000000000000006,2026-05-27,305,29,47038250,1622009,0.095082,0.72,78.25
179000000000000004,180000000000000007,2026-05-27,211,17,36511906,2147759,0.080569,0.52,42.91
179000000000000005,180000000000000008,2026-05-27,579,50,23871473,477429,0.086356,1.72,165.25
179000000000000001,180000000000000001,2026-05-28,3170,85,69619270,819050,0.026814,0.64,47.4
179000000000000001,180000000000000002,2026-05-28,2507,54,52884876,979350,0.02154,0.52,37.33
179000000000000002,180000000000000003,2026-05-28,1223,58,32041360,552437,0.047424,1.63,180.13
179000000000000002,180000000000000004,2026-05-28,751,31,29210712,942281,0.041278,1.05,114.76
179000000000000003,180000000000000005,2026-05-28,831,40,40834715,1020868,0.048135,0.67,58.86
179000000000000004,180000000000000006,2026-05-28,280,22,49313889,2241540,0.078571,0.55,70.46
179000000000000004,180000000000000007,2026-05-28,185,13,27049892,2080761,0.07027,0.3,15.17
179000000000000005,180000000000000008,2026-05-28,846,73,40834715,559380,0.086288,3.26,204.5
179000000000000001,180000000000000001,2026-05-29,2759,72,49684385,690061,0.026096,0.6,64.35
179000000000000001,180000000000000002,2026-05-29,1113,36,37574370,1043732,0.032345,0.31,26.29
179000000000000002,180000000000000003,2026-05-29,704,37,23638447,638877,0.052557,1.39,134.89
179000000000000002,180000000000000004,2026-05-29,572,27,19990930,740405,0.047203,0.9,83.15
179000000000000003,180000000000000005,2026-05-29,273,15,11650590,776706,0.054945,0.2,24.42
179000000000000004,180000000000000006,2026-05-29,454,40,63099130,1577478,0.088106,0.85,65.83
179000000000000004,180000000000000007,2026-05-29,245,17,38702751,2276632,0.069388,0.35,23.13
179000000000000005,180000000000000008,2026-05-29,795,74,29086252,393057,0.093082,3.54,376.2
179000000000000001,180000000000000001,2026-05-30,2577,52,55404229,1065466,0.020179,0.4,30.19
179000000000000001,180000000000000002,2026-05-30,1961,50,48330123,966602,0.025497,0.43,42.1
179000000000000002,180000000000000003,2026-05-30,889,38,25929018,682343,0.042745,1.61,128.73
179000000000000002,180000000000000004,2026-05-30,681,32,25938158,810567,0.04699,1.17,112.0
179000000000000003,180000000000000005,2026-05-30,707,38,34578118,909950,0.053748,0.51,63.86
179000000000000004,180000000000000006,2026-05-30,447,41,72229462,1761694,0.091723,1.05,89.62
179000000000000004,180000000000000007,2026-05-30,555,33,48793948,1478604,0.059459,0.89,84.76
179000000000000005,180000000000000008,2026-05-30,601,57,34578117,606634,0.094842,2.58,204.39
179000000000000001,180000000000000001,2026-05-31,2763,68,64576945,949661,0.024611,0.59,64.97
179000000000000001,180000000000000002,2026-05-31,1435,39,36443112,934439,0.027178,0.33,28.71
179000000000000002,180000000000000003,2026-05-31,556,32,24607178,768974,0.057554,1.29,87.81
179000000000000002,180000000000000004,2026-05-31,852,34,25902851,761849,0.039906,0.98,58.47
179000000000000003,180000000000000005,2026-05-31,413,17,16182311,951901,0.041162,0.19,19.5
179000000000000004,180000000000000006,2026-05-31,462,35,63609235,1817407,0.075758,0.99,62.57
179000000000000004,180000000000000007,2026-05-31,355,32,54247498,1695234,0.090141,0.91,113.68
179000000000000005,180000000000000008,2026-05-31,737,67,33673353,502587,0.090909,3.21,355.56
179000000000000001,180000000000000001,2026-06-01,2125,53,63241055,1193227,0.024941,0.39,25.34
179000000000000001,180000000000000002,2026-06-01,1271,39,36392941,933152,0.030685,0.31,20.17
179000000000000002,180000000000000003,2026-06-01,717,37,25942698,701154,0.051604,1.29,94.07
179000000000000002,180000000000000004,2026-06-01,587,33,23874300,723464,0.056218,1.1,90.95
179000000000000003,180000000000000005,2026-06-01,698,33,33211332,1006404,0.047278,0.49,60.03
179000000000000004,180000000000000006,2026-06-01,487,40,69826559,1745664,0.082136,1.17,71.53
179000000000000004,180000000000000007,2026-06-01,194,13,21208186,1631399,0.06701,0.46,49.46
179000000000000005,180000000000000008,2026-06-01,706,66,22475932,340544,0.093484,2.6,305.06
179000000000000001,180000000000000001,2026-06-02,2442,59,58520701,991876,0.024161,0.46,41.08
179000000000000001,180000000000000002,2026-06-02,1121,31,30582141,986521,0.027654,0.24,18.03
179000000000000002,180000000000000003,2026-06-02,445,29,23620784,814510,0.065169,1.22,59.78
179000000000000002,180000000000000004,2026-06-02,858,36,20930637,581407,0.041958,1.0,81.94
179000000000000003,180000000000000005,2026-06-02,636,35,29700947,848598,0.055031,0.42,41.48
179000000000000004,180000000000000006,2026-06-02,423,36,58838304,1634397,0.085106,0.96,106.61
179000000000000004,180000000000000007,2026-06-02,113,11,19696186,1790562,0.097345,0.28,16.02
179000000000000005,180000000000000008,2026-06-02,742,65,29700947,456938,0.087601,2.95,247.2
179000000000000001,180000000000000001,2026-06-03,1611,50,46590997,931820,0.031037,0.39,33.08
179000000000000001,180000000000000002,2026-06-03,1084,33,35527151,1076580,0.030443,0.25,22.72
179000000000000002,180000000000000003,2026-06-03,356,21,18647585,887980,0.058989,0.82,88.93
179000000000000002,180000000000000004,2026-06-03,722,31,22411490,722951,0.042936,0.97,82.9
179000000000000003,180000000000000005,2026-06-03,771,37,27372716,739803,0.04799,0.66,77.45
179000000000000004,180000000000000006,2026-06-03,432,36,59301603,1647267,0.083333,0.92,97.26
179000000000000004,180000000000000007,2026-06-03,233,18,36502904,2027939,0.077253,0.57,67.15
179000000000000005,180000000000000008,2026-06-03,563,58,27372717,471943,0.10302,2.85,227.43
179000000000000001,180000000000000001,2026-06-04,1234,39,48415995,1241436,0.031605,0.29,20.11
179000000000000001,180000000000000002,2026-06-04,1390,45,29747806,661062,0.032374,0.4,30.14
179000000000000002,180000000000000003,2026-06-04,611,33,19197356,581738,0.05401,0.98,54.7
179000000000000002,180000000000000004,2026-06-04,476,29,19884544,685674,0.060924,0.96,67.46
179000000000000003,180000000000000005,2026-06-04,592,27,26054600,964985,0.045608,0.38,34.37
179000000000000004,180000000000000006,2026-06-04,384,27,52025400,1926867,0.070312,0.77,70.6
179000000000000004,180000000000000007,2026-06-04,270,24,39165701,1631904,0.088889,0.57,56.31
179000000000000005,180000000000000008,2026-06-04,581,63,26054601,413565,0.108434,2.64,319.34
179000000000000001,180000000000000001,2026-06-05,1771,50,57449355,1148987,0.028233,0.35,27.99
179000000000000001,180000000000000002,2026-06-05,919,30,25400127,846671,0.032644,0.22,18.87
179000000000000002,180000000000000003,2026-06-05,599,28,18765723,670204,0.046745,0.95,79.81
179000000000000002,180000000000000004,2026-06-05,518,26,22659017,871501,0.050193,0.79,96.21
179000000000000003,180000000000000005,2026-06-05,504,27,27616494,1022833,0.053571,0.44,23.48
179000000000000004,180000000000000006,2026-06-05,463,36,56207665,1561324,0.077754,1.06,98.69
179000000000000004,180000000000000007,2026-06-05,243,18,40450064,2247226,0.074074,0.45,48.72
179000000000000005,180000000000000008,2026-06-05,691,65,27616494,424869,0.094067,2.53,189.31
179000000000000001,180000000000000001,2026-06-06,1763,39,44775903,1148100,0.022121,0.27,18.08
179000000000000001,180000000000000002,2026-06-06,1908,57,37100048,650878,0.029874,0.4,36.31
179000000000000002,180000000000000003,2026-06-06,498,30,19491167,649706,0.060241,1.04,52.36
179000000000000002,180000000000000004,2026-06-06,679,27,21446808,794326,0.039764,0.98,75.39
179000000000000003,180000000000000005,2026-06-06,556,28,27291984,974714,0.05036,0.32,36.82
179000000000000004,180000000000000006,2026-06-06,460,43,57875450,1345941,0.093478,1.01,75.81
179000000000000004,180000000000000007,2026-06-06,294,21,37646493,1792690,0.071429,0.49,27.27
179000000000000005,180000000000000008,2026-06-06,512,43,27291984,634697,0.083984,2.02,167.57
179000000000000001,180000000000000001,2026-06-07,2762,58,54241931,935206,0.020999,0.42,20.98
179000000000000001,180000000000000002,2026-06-07,1632,54,39363017,728945,0.033088,0.46,32.65
179000000000000002,180000000000000003,2026-06-07,744,34,22400303,658832,0.045699,1.22,91.79
179000000000000002,180000000000000004,2026-06-07,547,30,24402172,813406,0.054845,0.95,60.32
179000000000000003,180000000000000005,2026-06-07,227,16,16391700,1024481,0.070485,0.19,7.66
179000000000000004,180000000000000006,2026-06-07,332,32,64116001,2003625,0.096386,1.05,89.14
179000000000000004,180000000000000007,2026-06-07,299,24,45089772,1878740,0.080268,0.68,70.64
179000000000000005,180000000000000008,2026-06-07,634,61,31201649,511502,0.096215,2.71,231.65
179000000000000001,180000000000000001,2026-06-08,3134,80,70133123,876664,0.025526,0.69,50.91
179000000000000001,180000000000000002,2026-06-08,1173,35,44340630,1266875,0.029838,0.23,18.15
179000000000000002,180000000000000003,2026-06-08,445,30,27776533,925884,0.067416,0.82,81.69
179000000000000002,180000000000000004,2026-06-08,1091,43,29460344,685124,0.039413,1.25,90.85
179000000000000003,180000000000000005,2026-06-08,779,39,38157918,978408,0.050064,0.49,62.65
179000000000000004,180000000000000006,2026-06-08,632,44,79762992,1812795,0.06962,1.23,130.41
179000000000000004,180000000000000007,2026-06-08,373,33,53789721,1629992,0.088472,0.94,118.49
179000000000000005,180000000000000008,2026-06-08,836,78,38157918,489204,0.093301,3.12,235.91
179000000000000001,180000000000000001,2026-06-09,1395,48,47025489,979698,0.034409,0.45,42.86
179000000000000001,180000000000000002,2026-06-09,2156,69,50788880,736071,0.032004,0.67,57.38
179000000000000002,180000000000000003,2026-06-09,590,35,29541667,844048,0.059322,0.97,77.47
179000000000000002,180000000000000004,2026-06-09,960,48,28991397,603987,0.05,1.98,132.38
179000000000000003,180000000000000005,2026-06-09,596,37,39022043,1054650,0.062081,0.54,58.84
179000000000000004,180000000000000006,2026-06-09,535,45,80607235,1791272,0.084112,1.34,84.68
179000000000000004,180000000000000007,2026-06-09,605,37,55969915,1512700,0.061157,0.98,97.51
179000000000000005,180000000000000008,2026-06-09,846,95,39022043,410758,0.112293,4.09,412.48
179000000000000001,180000000000000001,2026-06-10,2636,80,65857089,823214,0.030349,0.74,68.91
179000000000000001,180000000000000002,2026-06-10,1481,41,33525142,817686,0.027684,0.33,37.99
179000000000000002,180000000000000003,2026-06-10,764,42,28881789,687662,0.054974,1.34,116.55
179000000000000002,180000000000000004,2026-06-10,436,24,20809327,867055,0.055046,0.88,82.58
179000000000000003,180000000000000005,2026-06-10,904,37,33127410,895335,0.040929,0.69,74.87
179000000000000004,180000000000000006,2026-06-10,456,36,66335123,1842642,0.078947,0.87,100.76
179000000000000004,180000000000000007,2026-06-10,439,34,49610812,1459142,0.077449,1.02,87.25
179000000000000005,180000000000000008,2026-06-10,838,75,33127410,441699,0.089499,3.36,330.54
179000000000000001,180000000000000001,2026-06-11,2289,52,56390726,1084437,0.022717,0.45,34.35
179000000000000001,180000000000000002,2026-06-11,1444,33,34898476,1057530,0.022853,0.25,16.09
179000000000000002,180000000000000003,2026-06-11,883,39,29133553,747014,0.044168,1.09,98.25
179000000000000002,180000000000000004,2026-06-11,523,36,25372357,704788,0.068834,1.34,118.42
179000000000000003,180000000000000005,2026-06-11,835,43,36337272,845053,0.051497,0.68,34.7
179000000000000004,180000000000000006,2026-06-11,585,53,77485664,1461994,0.090598,1.59,156.45
179000000000000004,180000000000000007,2026-06-11,301,27,49694791,1840548,0.089701,0.62,28.81
179000000000000005,180000000000000008,2026-06-11,616,65,36337273,559035,0.105519,2.7,196.45
179000000000000001,180000000000000001,2026-06-12,1972,66,59627651,903449,0.033469,0.49,51.96
179000000000000001,180000000000000002,2026-06-12,1159,39,35995738,922968,0.03365,0.26,17.14
179000000000000002,180000000000000003,2026-06-12,619,37,22103371,597388,0.059774,1.22,145.43
179000000000000002,180000000000000004,2026-06-12,939,44,25708324,584280,0.046858,1.22,80.24
179000000000000003,180000000000000005,2026-06-12,243,12,14499169,1208264,0.049383,0.17,12.42
179000000000000004,180000000000000006,2026-06-12,650,52,69778480,1341894,0.08,1.31,119.46
179000000000000004,180000000000000007,2026-06-12,342,24,41782141,1740923,0.070175,0.77,45.79
179000000000000005,180000000000000008,2026-06-12,808,68,31874464,468742,0.084158,3.72,203.42
179000000000000001,180000000000000001,2026-06-13,1647,49,49352086,1007185,0.029751,0.4,36.09
179000000000000001,180000000000000002,2026-06-13,1561,48,33571917,699415,0.03075,0.38,30.33
179000000000000002,180000000000000003,2026-06-13,305,15,13291781,886119,0.04918,0.58,42.47
179000000000000002,180000000000000004,2026-06-13,641,33,18398514,557531,0.051482,1.13,116.58
179000000000000003,180000000000000005,2026-06-13,590,33,27641335,837616,0.055932,0.53,38.06
179000000000000004,180000000000000006,2026-06-13,374,35,61526192,1757891,0.093583,0.9,67.98
179000000000000004,180000000000000007,2026-06-13,418,23,35218480,1531238,0.055024,0.78,61.37
179000000000000005,180000000000000008,2026-06-13,769,68,27641334,406490,0.088427,3.24,230.2
179000000000000001,180000000000000001,2026-06-14,2684,63,56708549,900136,0.023472,0.54,54.15
179000000000000001,180000000000000002,2026-06-14,1019,35,38543030,1101229,0.034347,0.27,25.1
179000000000000002,180000000000000003,2026-06-14,215,11,10469176,951743,0.051163,0.41,28.84
179000000000000002,180000000000000004,2026-06-14,719,30,25853047,861768,0.041725,1.01,113.89
179000000000000003,180000000000000005,2026-06-14,563,35,31750526,907158,0.062167,0.41,52.98
179000000000000004,180000000000000006,2026-06-14,411,31,68393207,2206232,0.075426,0.78,63.62
179000000000000004,180000000000000007,2026-06-14,353,22,42733635,1942438,0.062323,0.62,34.27
179000000000000005,180000000000000008,2026-06-14,603,61,31750526,520500,0.101161,2.66,312.8
179000000000000001,180000000000000001,2026-06-15,3332,67,65122905,971984,0.020108,0.54,56.21
179000000000000001,180000000000000002,2026-06-15,1312,38,39208546,1031804,0.028963,0.25,25.33
179000000000000002,180000000000000003,2026-06-15,801,35,29862859,853225,0.043695,1.13,107.58
179000000000000002,180000000000000004,2026-06-15,483,28,22302867,796531,0.057971,0.88,100.24
179000000000000003,180000000000000005,2026-06-15,599,38,34777150,915188,0.063439,0.58,46.44
179000000000000004,180000000000000006,2026-06-15,688,51,83938018,1645843,0.074128,1.47,144.97
179000000000000004,180000000000000007,2026-06-15,337,23,37782008,1642696,0.068249,0.73,74.02
179000000000000005,180000000000000008,2026-06-15,785,87,34777150,399737,0.110828,4.22,365.13
179000000000000001,180000000000000001,2026-06-16,2290,64,59528025,930125,0.027948,0.49,42.57
179000000000000001,180000000000000002,2026-06-16,1384,41,36929645,900723,0.029624,0.39,36.41
179000000000000002,180000000000000003,2026-06-16,788,36,23463312,651759,0.045685,1.16,123.35
179000000000000002,180000000000000004,2026-06-16,726,40,24765523,619138,0.055096,1.25,148.91
179000000000000003,180000000000000005,2026-06-16,675,34,32152557,945663,0.05037,0.5,37.28
179000000000000004,180000000000000006,2026-06-16,488,38,65701607,1728990,0.077869,1.15,89.74
179000000000000004,180000000000000007,2026-06-16,291,22,46832341,2128743,0.075601,0.58,50.87
179000000000000005,180000000000000008,2026-06-16,700,81,32152557,396945,0.115714,3.55,453.14
179000000000000001,180000000000000001,2026-06-17,2995,74,62239790,841078,0.024708,0.57,52.64
179000000000000001,180000000000000002,2026-06-17,2185,52,46438443,893047,0.023799,0.35,32.83
179000000000000002,180000000000000003,2026-06-17,708,34,26973921,793351,0.048023,1.33,132.94
179000000000000002,180000000000000004,2026-06-17,534,34,27365197,804859,0.06367,1.13,130.58
179000000000000003,180000000000000005,2026-06-17,1041,39,36226079,928874,0.037464,0.44,41.65
179000000000000004,180000000000000006,2026-06-17,517,40,71857612,1796440,0.077369,0.87,57.39
179000000000000004,180000000000000007,2026-06-17,474,35,54933661,1569533,0.07384,0.98,119.24
179000000000000005,180000000000000008,2026-06-17,881,88,36226078,411660,0.099886,4.23,495.76
179000000000000001,180000000000000001,2026-06-18,2169,48,39135507,815323,0.02213,0.39,40.05
179000000000000001,180000000000000002,2026-06-18,1140,29,36202314,1248356,0.025439,0.26,14.98
179000000000000002,180000000000000003,2026-06-18,432,28,19386229,692365,0.064815,0.87,76.6
179000000000000002,180000000000000004,2026-06-18,441,25,18282683,731307,0.056689,0.92,60.55
179000000000000003,180000000000000005,2026-06-18,430,24,25112607,1046359,0.055814,0.31,40.13
179000000000000004,180000000000000006,2026-06-18,388,23,37024567,1609764,0.059278,0.69,64.95
179000000000000004,180000000000000007,2026-06-18,285,18,36060715,2003373,0.063158,0.44,52.84
179000000000000005,180000000000000008,2026-06-18,471,55,25112607,456593,0.116773,2.33,217.82
179000000000000001,180000000000000001,2026-06-19,2086,62,71461211,1152600,0.029722,0.53,42.42
179000000000000001,180000000000000002,2026-06-19,2312,53,39410090,743587,0.022924,0.45,54.35
179000000000000002,180000000000000003,2026-06-19,414,28,25372498,906161,0.067633,0.9,64.84
179000000000000002,180000000000000004,2026-06-19,1144,47,30063152,639642,0.041084,1.54,117.73
179000000000000003,180000000000000005,2026-06-19,973,43,36957101,859467,0.044193,0.58,30.76
179000000000000004,180000000000000006,2026-06-19,626,50,80722599,1614452,0.079872,1.71,126.3
179000000000000004,180000000000000007,2026-06-19,126,9,22032933,2448104,0.071429,0.18,18.54
179000000000000005,180000000000000008,2026-06-19,649,70,36957100,527959,0.107858,3.65,386.63
179000000000000001,180000000000000001,2026-06-20,2567,67,64176975,957865,0.026101,0.5,61.53
179000000000000001,180000000000000002,2026-06-20,1293,38,31092212,818216,0.029389,0.25,25.68
179000000000000002,180000000000000003,2026-06-20,399,27,22000233,814823,0.067669,0.93,111.61
179000000000000002,180000000000000004,2026-06-20,279,14,13381797,955843,0.050179,0.58,75.96
179000000000000003,180000000000000005,2026-06-20,682,36,31756396,882122,0.052786,0.4,34.7
179000000000000004,180000000000000006,2026-06-20,397,33,70428801,2134206,0.083123,0.7,58.21
179000000000000004,180000000000000007,2026-06-20,244,20,40718583,2035929,0.081967,0.64,75.17
179000000000000005,180000000000000008,2026-06-20,580,63,31756395,504070,0.108621,3.51,405.69
179000000000000001,180000000000000001,2026-06-21,2958,74,70035552,946426,0.025017,0.63,68.84
179000000000000001,180000000000000002,2026-06-21,1495,47,44061593,937481,0.031438,0.37,34.54
179000000000000002,180000000000000003,2026-06-21,684,32,26634745,832336,0.046784,1.4,174.0
179000000000000002,180000000000000004,2026-06-21,723,37,30413828,821995,0.051176,1.1,105.51
179000000000000003,180000000000000005,2026-06-21,917,43,38032382,884474,0.046892,0.76,37.2
179000000000000004,180000000000000006,2026-06-21,645,47,86071939,1831318,0.072868,1.23,158.95
179000000000000004,180000000000000007,2026-06-21,489,32,47041399,1470044,0.06544,0.71,60.64
179000000000000005,180000000000000008,2026-06-21,594,64,38032382,594256,0.107744,2.77,167.87
179000000000000001,180000000000000001,2026-06-22,1648,48,50563644,1053409,0.029126,0.34,36.09
179000000000000001,180000000000000002,2026-06-22,1511,45,39655765,881239,0.029782,0.34,30.39
179000000000000002,180000000000000003,2026-06-22,535,32,24822953,775717,0.059813,1.01,128.2
179000000000000002,180000000000000004,2026-06-22,480,28,20286752,724527,0.058333,1.12,148.4
179000000000000003,180000000000000005,2026-06-22,502,25,30073136,1202925,0.049801,0.4,40.2
179000000000000004,180000000000000006,2026-06-22,491,39,66414974,1702948,0.07943,1.37,148.74
179000000000000004,180000000000000007,2026-06-22,288,19,38841002,2044263,0.065972,0.55,60.91
179000000000000005,180000000000000008,2026-06-22,924,72,30073136,417682,0.077922,3.42,202.76
179000000000000001,180000000000000001,2026-06-23,2721,68,59769037,878956,0.024991,0.44,32.88
179000000000000001,180000000000000002,2026-06-23,1886,64,47565145,743205,0.033934,0.41,34.64
179000000000000002,180000000000000003,2026-06-23,571,37,27489489,742959,0.064799,1.46,114.77
179000000000000002,180000000000000004,2026-06-23,527,31,26177601,844439,0.058824,0.81,68.19
179000000000000003,180000000000000005,2026-06-23,560,33,35778061,1084184,0.058929,0.56,63.75
179000000000000004,180000000000000006,2026-06-23,412,39,70230927,1800793,0.09466,1.02,99.67
179000000000000004,180000000000000007,2026-06-23,468,38,54992284,1447165,0.081197,0.92,120.7
179000000000000005,180000000000000008,2026-06-23,706,77,35778061,464650,0.109065,4.02,432.51
179000000000000001,180000000000000001,2026-06-24,2580,78,71152522,912212,0.030233,0.66,49.64
179000000000000001,180000000000000002,2026-06-24,2296,61,53186045,871902,0.026568,0.47,43.58
179000000000000002,180000000000000003,2026-06-24,820,51,34969522,685677,0.062195,1.79,153.67
179000000000000002,180000000000000004,2026-06-24,578,30,27199762,906659,0.051903,1.09,95.31
179000000000000003,180000000000000005,2026-06-24,1418,54,41446189,767522,0.038082,0.76,44.75
179000000000000004,180000000000000006,2026-06-24,397,24,58436655,2434861,0.060453,0.79,82.95
179000000000000004,180000000000000007,2026-06-24,413,31,60772843,1960414,0.075061,1.03,65.2
179000000000000005,180000000000000008,2026-06-24,442,57,29369574,515256,0.128959,2.97,221.32
179000000000000001,180000000000000001,2026-06-25,2439,61,43306333,709940,0.02501,0.42,47.8
179000000000000001,180000000000000002,2026-06-25,1906,44,38606641,877424,0.023085,0.41,31.06
179000000000000002,180000000000000003,2026-06-25,659,33,24782307,750979,0.050076,1.25,89.6
179000000000000002,180000000000000004,2026-06-25,445,28,26839075,958538,0.062921,0.72,80.11
179000000000000003,180000000000000005,2026-06-25,652,34,34414254,1012184,0.052147,0.51,38.9
179000000000000004,180000000000000006,2026-06-25,366,38,80199768,2110520,0.103825,1.07,80.1
179000000000000004,180000000000000007,2026-06-25,126,8,19358547,2419818,0.063492,0.16,17.26
179000000000000005,180000000000000008,2026-06-25,737,73,34414254,471428,0.09905,3.63,369.08
179000000000000001,180000000000000001,2026-06-26,1133,45,45070317,1001563,0.039718,0.4,26.12
179000000000000001,180000000000000002,2026-06-26,1504,37,38879790,1050805,0.024601,0.3,15.57
179000000000000002,180000000000000003,2026-06-26,593,30,20357713,678590,0.05059,0.85,106.66
179000000000000002,180000000000000004,2026-06-26,672,43,30459954,708371,0.063988,1.57,98.28
179000000000000003,180000000000000005,2026-06-26,909,36,33878444,941068,0.039604,0.49,34.97
179000000000000004,180000000000000006,2026-06-26,598,48,77194638,1608222,0.080268,1.39,164.68
179000000000000004,180000000000000007,2026-06-26,458,30,41379919,1379331,0.065502,0.76,73.37
179000000000000005,180000000000000008,2026-06-26,739,70,33878445,483978,0.094723,3.45,237.46
179000000000000001,180000000000000001,2026-06-27,1727,52,59439768,1143072,0.03011,0.48,49.87
179000000000000001,180000000000000002,2026-06-27,2040,59,49733058,842933,0.028922,0.4,26.16
179000000000000002,180000000000000003,2026-06-27,675,38,26020119,684740,0.056296,1.18,81.97
179000000000000002,180000000000000004,2026-06-27,1202,49,28566294,582986,0.040765,1.58,80.08
179000000000000003,180000000000000005,2026-06-27,823,35,36390942,1039741,0.042527,0.45,53.33
179000000000000004,180000000000000006,2026-06-27,581,48,79574635,1657805,0.082616,1.44,148.05
179000000000000004,180000000000000007,2026-06-27,397,24,47793662,1991403,0.060453,0.65,47.31
179000000000000005,180000000000000008,2026-06-27,1038,83,36390942,438445,0.079961,4.34,484.71
179000000000000001,180000000000000001,2026-06-28,2597,65,57841686,889872,0.025029,0.6,43.68
179000000000000001,180000000000000002,2026-06-28,1271,34,35653094,1048620,0.026751,0.23,23.19
179000000000000002,180000000000000003,2026-06-28,489,30,25324768,844159,0.06135,0.93,68.38
179000000000000002,180000000000000004,2026-06-28,551,31,21422622,691052,0.056261,1.03,121.82
179000000000000003,180000000000000005,2026-06-28,649,35,31164927,890426,0.053929,0.4,38.43
179000000000000004,180000000000000006,2026-06-28,453,36,66098323,1836065,0.07947,0.76,57.13
179000000000000004,180000000000000007,2026-06-28,186,18,24766722,1375929,0.096774,0.41,46.52
179000000000000005,180000000000000008,2026-06-28,755,82,31164927,380060,0.108609,3.65,353.46
179000000000000001,180000000000000001,2026-06-29,1869,60,48505489,808425,0.032103,0.54,49.93
179000000000000001,180000000000000002,2026-06-29,1185,39,33526938,859665,0.032911,0.39,37.75
179000000000000002,180000000000000003,2026-06-29,421,22,18895195,858872,0.052257,0.9,58.47
179000000000000002,180000000000000004,2026-06-29,588,29,22121019,762794,0.04932,1.0,86.81
179000000000000003,180000000000000005,2026-06-29,645,31,27344143,882069,0.048062,0.41,38.55
179000000000000004,180000000000000006,2026-06-29,437,30,50775689,1692523,0.06865,0.88,82.59
179000000000000004,180000000000000007,2026-06-29,211,20,44928810,2246440,0.094787,0.56,56.09
179000000000000005,180000000000000008,2026-06-29,536,57,27344143,479722,0.106343,2.58,272.62
179000000000000001,180000000000000001,2026-06-30,2039,52,55619566,1069607,0.025503,0.43,40.22
179000000000000001,180000000000000002,2026-06-30,1085,37,38164674,1031478,0.034101,0.37,39.73
179000000000000002,180000000000000003,2026-06-30,443,24,22288870,928703,0.054176,0.9,78.42
179000000000000002,180000000000000004,2026-06-30,889,39,24603250,630853,0.04387,1.21,103.79
179000000000000003,180000000000000005,2026-06-30,640,39,31261414,801575,0.060938,0.64,45.74
179000000000000004,180000000000000006,2026-06-30,506,35,67498086,1928517,0.06917,1.05,110.61
179000000000000004,180000000000000007,2026-06-30,343,24,41916860,1746536,0.069971,0.61,50.91
179000000000000005,180000000000000008,2026-06-30,715,65,31261414,480945,0.090909,3.0,207.1
179000000000000001,180000000000000001,2026-07-01,2439,69,53808665,779836,0.02829,0.51,56.57
179000000000000001,180000000000000002,2026-07-01,930,35,30601659,874333,0.037634,0.26,23.57
179000000000000002,180000000000000003,2026-07-01,671,31,19005630,613085,0.0462,1.01,64.95
179000000000000002,180000000000000004,2026-07-01,818,38,23199532,610514,0.046455,1.33,91.4
179000000000000003,180000000000000005,2026-07-01,496,24,28136775,1172366,0.048387,0.26,18.48
179000000000000004,180000000000000006,2026-07-01,400,32,61775321,1930479,0.08,0.89,117.33
179000000000000004,180000000000000007,2026-07-01,321,20,36703390,1835170,0.062305,0.65,48.64
179000000000000005,180000000000000008,2026-07-01,828,69,28136775,407779,0.083333,3.72,306.53
179000000000000001,180000000000000001,2026-07-02,1947,50,51547716,1030954,0.025681,0.39,44.37
179000000000000001,180000000000000002,2026-07-02,209,8,10915522,1364440,0.038278,0.06,8.14
179000000000000002,180000000000000003,2026-07-02,710,32,22169355,692792,0.04507,1.35,164.79
179000000000000002,180000000000000004,2026-07-02,509,20,18110007,905500,0.039293,0.65,51.89
179000000000000003,180000000000000005,2026-07-02,782,29,26852907,925962,0.037084,0.43,31.99
179000000000000004,180000000000000006,2026-07-02,349,31,57604756,1858218,0.088825,0.85,80.27
179000000000000004,180000000000000007,2026-07-02,275,19,36380421,1914759,0.069091,0.65,51.61
179000000000000005,180000000000000008,2026-07-02,458,59,26852908,455134,0.128821,2.16,208.84
179000000000000001,180000000000000001,2026-07-03,2120,59,57053023,967000,0.02783,0.37,31.56
179000000000000001,180000000000000002,2026-07-03,1788,42,45297736,1078518,0.02349,0.39,19.55
179000000000000002,180000000000000003,2026-07-03,595,35,22895495,654157,0.058824,1.34,91.28
179000000000000002,180000000000000004,2026-07-03,705,38,28279884,744207,0.053901,1.31,70.9
179000000000000003,180000000000000005,2026-07-03,760,33,34116920,1033846,0.043421,0.5,46.46
179000000000000004,180000000000000006,2026-07-03,229,21,43695701,2080748,0.091703,0.61,50.47
179000000000000004,180000000000000007,2026-07-03,321,31,49323330,1591075,0.096573,1.05,76.58
179000000000000005,180000000000000008,2026-07-03,946,85,34116920,401376,0.089852,3.28,351.77
179000000000000001,180000000000000001,2026-07-04,1576,44,51061657,1160492,0.027919,0.39,37.08
179000000000000001,180000000000000002,2026-07-04,1451,49,39891067,814103,0.03377,0.41,34.18
179000000000000002,180000000000000003,2026-07-04,380,27,22940286,849640,0.071053,1.17,84.68
179000000000000002,180000000000000004,2026-07-04,644,29,22536076,777106,0.045031,1.2,102.57
179000000000000003,180000000000000005,2026-07-04,644,38,30317574,797831,0.059006,0.6,72.32
179000000000000004,180000000000000006,2026-07-04,200,21,46181346,2199112,0.105,0.6,65.12
179000000000000004,180000000000000007,2026-07-04,277,21,41055760,1955036,0.075812,0.64,41.47
179000000000000005,180000000000000008,2026-07-04,598,61,30317574,497009,0.102007,2.76,296.62
179000000000000001,180000000000000001,2026-07-05,1700,42,40911216,974077,0.024706,0.34,20.19
179000000000000001,180000000000000002,2026-07-05,608,23,22557198,980748,0.037829,0.14,10.64
179000000000000002,180000000000000003,2026-07-05,366,15,7800532,520035,0.040984,0.65,36.8
179000000000000002,180000000000000004,2026-07-05,360,18,14401984,800110,0.05,0.58,50.71
179000000000000003,180000000000000005,2026-07-05,514,21,21156138,1007435,0.040856,0.34,34.45
179000000000000004,180000000000000006,2026-07-05,410,31,46987457,1515724,0.07561,0.72,64.57
179000000000000004,180000000000000007,2026-07-05,225,14,27059026,1932788,0.062222,0.37,32.76
179000000000000005,180000000000000008,2026-07-05,455,43,21156138,492003,0.094505,1.98,212.94
179000000000000001,180000000000000001,2026-07-06,1769,41,42628511,1039720,0.023177,0.3,22.29
179000000000000001,180000000000000002,2026-07-06,428,13,12316015,947386,0.030374,0.1,4.88
179000000000000002,180000000000000003,2026-07-06,547,22,16337348,742607,0.040219,0.59,81.25
179000000000000002,180000000000000004,2026-07-06,543,28,18889525,674626,0.051565,0.89,65.47
179000000000000003,180000000000000005,2026-07-06,462,26,23484582,903253,0.056277,0.4,40.17
179000000000000004,180000000000000006,2026-07-06,602,40,52613666,1315342,0.066445,1.04,121.56
179000000000000004,180000000000000007,2026-07-06,274,17,29582370,1740139,0.062044,0.49,42.4
179000000000000005,180000000000000008,2026-07-06,516,54,23484581,434900,0.104651,2.21,193.31
179000000000000001,180000000000000001,2026-07-07,1662,52,55177113,1061098,0.031288,0.47,28.09
179000000000000001,180000000000000002,2026-07-07,2009,50,42352751,847055,0.024888,0.29,32.35
179000000000000002,180000000000000003,2026-07-07,260,22,15488285,704013,0.084615,0.58,31.29
179000000000000002,180000000000000004,2026-07-07,619,30,23404963,780165,0.048465,1.19,128.13
179000000000000003,180000000000000005,2026-07-07,530,32,32509955,1015936,0.060377,0.46,19.05
179000000000000004,180000000000000006,2026-07-07,367,31,66608517,2148662,0.084469,0.85,73.85
179000000000000004,180000000000000007,2026-07-07,503,31,47176324,1521817,0.06163,0.78,97.77
179000000000000005,180000000000000008,2026-07-07,607,64,32509955,507968,0.105437,2.75,312.33
179000000000000001,180000000000000001,2026-07-08,1633,49,41881852,854732,0.030006,0.32,40.32
179000000000000001,180000000000000002,2026-07-08,424,17,20895782,1229164,0.040094,0.16,20.66
179000000000000002,180000000000000003,2026-07-08,558,34,24024025,706589,0.060932,1.18,119.54
179000000000000002,180000000000000004,2026-07-08,563,31,25999339,838688,0.055062,1.16,75.91
179000000000000003,180000000000000005,2026-07-08,655,36,33348909,926359,0.054962,0.45,44.94
179000000000000004,180000000000000006,2026-07-08,473,41,71276892,1738461,0.086681,1.27,123.36
179000000000000004,180000000000000007,2026-07-08,115,9,19591819,2176869,0.078261,0.21,16.64
179000000000000005,180000000000000008,2026-07-08,889,92,33348909,362488,0.103487,3.84,348.74
179000000000000001,180000000000000001,2026-07-09,2079,48,44290372,922716,0.023088,0.43,31.73
179000000000000001,180000000000000002,2026-07-09,700,23,27078087,1177308,0.032857,0.17,20.24
179000000000000002,180000000000000003,2026-07-09,427,24,16149883,672912,0.056206,0.77,81.22
179000000000000002,180000000000000004,2026-07-09,458,22,19534346,887925,0.048035,0.86,60.22
179000000000000003,180000000000000005,2026-07-09,394,20,23789486,1189474,0.050761,0.3,29.22
179000000000000004,180000000000000006,2026-07-09,346,27,49178445,1821424,0.078035,0.73,76.52
179000000000000004,180000000000000007,2026-07-09,357,21,34084757,1623084,0.058824,0.46,44.37
179000000000000005,180000000000000008,2026-07-09,165,15,7888714,525914,0.090909,0.56,48.65
179000000000000001,180000000000000001,2026-07-10,1594,45,37418406,831520,0.028231,0.45,56.78
179000000000000001,180000000000000002,2026-07-10,710,24,28811463,1200478,0.033803,0.18,10.99
179000000000000002,180000000000000003,2026-07-10,492,34,21905748,644287,0.069106,1.14,93.79
179000000000000002,180000000000000004,2026-07-10,486,27,18236182,675414,0.055556,1.06,83.97
179000000000000003,180000000000000005,2026-07-10,675,29,26761287,922803,0.042963,0.41,34.85
179000000000000004,180000000000000006,2026-07-10,442,34,51056560,1501664,0.076923,1.01,95.21
179000000000000004,180000000000000007,2026-07-10,264,20,42607944,2130397,0.075758,0.53,44.59
179000000000000005,180000000000000008,2026-07-10,575,60,26761286,446021,0.104348,2.42,234.54
179000000000000001,180000000000000001,2026-07-11,2357,63,54153817,859584,0.026729,0.56,58.72
179000000000000001,180000000000000002,2026-07-11,1158,34,35258902,1037027,0.029361,0.3,33.83
179000000000000002,180000000000000003,2026-07-11,795,32,23761537,742548,0.040252,0.82,58.8
179000000000000002,180000000000000004,2026-07-11,619,27,20944824,775734,0.043619,0.99,114.02
179000000000000003,180000000000000005,2026-07-11,701,29,29804241,1027732,0.041369,0.47,40.3
179000000000000004,180000000000000006,2026-07-11,563,39,58427570,1498143,0.069272,1.12,59.5
179000000000000004,180000000000000007,2026-07-11,345,27,45887271,1699529,0.078261,0.66,75.61
179000000000000005,180000000000000008,2026-07-11,610,63,29804241,473083,0.103279,2.97,211.8
179000000000000001,180000000000000001,2026-07-12,1759,45,52597401,1168831,0.025583,0.35,33.45
179000000000000001,180000000000000002,2026-07-12,367,18,15836766,879820,0.049046,0.13,18.19
179000000000000002,180000000000000003,2026-07-12,649,30,22589431,752981,0.046225,1.27,114.16
179000000000000002,180000000000000004,2026-07-12,527,27,21377193,791748,0.051233,0.93,47.84
179000000000000003,180000000000000005,2026-07-12,376,24,29311082,1221295,0.06383,0.34,27.73
179000000000000004,180000000000000006,2026-07-12,428,34,64088338,1884951,0.079439,0.96,58.1
179000000000000004,180000000000000007,2026-07-12,293,21,38500451,1833355,0.071672,0.58,47.43
179000000000000005,180000000000000008,2026-07-12,664,66,29311082,444107,0.099398,3.31,287.82
179000000000000001,180000000000000001,2026-07-13,2581,68,52208150,767767,0.026346,0.48,46.36
179000000000000001,180000000000000002,2026-07-13,841,13,16886129,1298933,0.015458,0.13,6.64
179000000000000002,180000000000000003,2026-07-13,538,34,20869200,613800,0.063197,1.41,169.2
179000000000000002,180000000000000004,2026-07-13,854,34,25007243,735507,0.039813,1.17,105.31
179000000000000003,180000000000000005,2026-07-13,785,34,30584296,899538,0.043312,0.5,51.53
179000000000000004,180000000000000006,2026-07-13,215,20,35247268,1762363,0.093023,0.6,65.99
179000000000000004,180000000000000007,2026-07-13,271,22,53665084,2439322,0.081181,0.59,55.48
179000000000000005,180000000000000008,2026-07-13,825,86,30584296,355631,0.104242,4.45,467.29
179000000000000001,180000000000000001,2026-07-14,1471,37,39617540,1070744,0.025153,0.31,22.99
179000000000000001,180000000000000002,2026-07-14,1010,30,25912899,863763,0.029703,0.22,16.89
179000000000000002,180000000000000003,2026-07-14,344,19,17822017,938001,0.055233,0.77,96.39
179000000000000002,180000000000000004,2026-07-14,304,18,14943202,830178,0.059211,0.6,55.07
179000000000000003,180000000000000005,2026-07-14,531,26,21843480,840134,0.048964,0.45,32.91
179000000000000004,180000000000000006,2026-07-14,375,29,46003296,1586321,0.077333,0.96,78.85
179000000000000004,180000000000000007,2026-07-14,228,15,30448884,2029926,0.065789,0.46,48.35
179000000000000005,180000000000000008,2026-07-14,391,40,21843480,546087,0.102302,2.08,182.46
179000000000000001,180000000000000001,2026-07-15,1995,64,58632779,916137,0.03208,0.59,54.32
179000000000000001,180000000000000002,2026-07-15,1316,44,32547257,739710,0.033435,0.41,44.28
179000000000000002,180000000000000003,2026-07-15,491,25,18561234,742449,0.050916,1.0,135.18
179000000000000002,180000000000000004,2026-07-15,864,39,27028783,693046,0.045139,1.26,88.31
179000000000000003,180000000000000005,2026-07-15,540,28,30393345,1085477,0.051852,0.46,45.58
179000000000000004,180000000000000006,2026-07-15,587,46,63937582,1389947,0.078365,1.07,79.75
179000000000000004,180000000000000007,2026-07-15,303,22,42439127,1929051,0.072607,0.63,54.2
179000000000000005,180000000000000008,2026-07-15,691,76,30393346,399912,0.109986,3.44,334.02
179000000000000001,180000000000000001,2026-07-16,1639,47,47094307,1002007,0.028676,0.4,47.87
179000000000000001,180000000000000002,2026-07-16,407,20,17948674,897434,0.04914,0.16,6.97
179000000000000002,180000000000000003,2026-07-16,518,25,19907245,796290,0.048263,0.98,117.58
179000000000000002,180000000000000004,2026-07-16,461,28,20508651,732452,0.060738,1.01,65.68
179000000000000003,180000000000000005,2026-07-16,399,21,26943931,1283044,0.052632,0.32,18.54
179000000000000004,180000000000000006,2026-07-16,486,36,57280840,1591134,0.074074,0.92,74.04
179000000000000004,180000000000000007,2026-07-16,274,15,37022920,2468195,0.054745,0.37,30.71
179000000000000005,180000000000000008,2026-07-16,536,59,26943930,456677,0.110075,2.85,204.58
179000000000000001,180000000000000001,2026-07-17,1970,45,47345946,1052132,0.022843,0.3,17.74
179000000000000001,180000000000000002,2026-07-17,1916,41,37434598,913039,0.021399,0.3,26.52
179000000000000002,180000000000000003,2026-07-17,379,26,17703216,680893,0.068602,0.75,61.0
179000000000000002,180000000000000004,2026-07-17,840,40,24687056,617176,0.047619,1.43,71.46
179000000000000003,180000000000000005,2026-07-17,888,35,28260181,807434,0.039414,0.51,46.52
179000000000000004,180000000000000006,2026-07-17,429,30,53394032,1779801,0.06993,0.69,56.92
179000000000000004,180000000000000007,2026-07-17,284,20,45516603,2275830,0.070423,0.61,37.8
179000000000000005,180000000000000008,2026-07-17,716,77,28260181,367015,0.107542,3.46,178.05
179000000000000001,180000000000000001,2026-07-18,1831,56,60132826,1073800,0.030584,0.48,33.95
179000000000000001,180000000000000002,2026-07-18,1757,57,46639045,818229,0.032442,0.45,43.1
179000000000000002,180000000000000003,2026-07-18,818,44,30061197,683209,0.05379,1.68,118.17
179000000000000002,180000000000000004,2026-07-18,698,36,23324740,647909,0.051576,1.4,79.7
179000000000000003,180000000000000005,2026-07-18,925,37,35590624,961909,0.04,0.54,53.89
179000000000000004,180000000000000006,2026-07-18,624,39,68139870,1747176,0.0625,0.98,67.22
179000000000000004,180000000000000007,2026-07-18,500,35,56427315,1612209,0.07,0.83,39.89
179000000000000005,180000000000000008,2026-07-18,378,51,24814775,486564,0.134921,2.08,164.37
179000000000000001,180000000000000001,2026-07-19,1829,49,54762818,1117609,0.026791,0.45,41.65
179000000000000001,180000000000000002,2026-07-19,640,23,28898842,1256471,0.035938,0.21,20.19
179000000000000002,180000000000000003,2026-07-19,497,26,18116548,696790,0.052314,0.86,108.91
179000000000000002,180000000000000004,2026-07-19,465,29,23714282,817734,0.062366,1.25,137.32
179000000000000003,180000000000000005,2026-07-19,614,32,27887220,871476,0.052117,0.48,50.49
179000000000000004,180000000000000006,2026-07-19,395,31,62870699,2028087,0.078481,0.85,66.03
179000000000000004,180000000000000007,2026-07-19,241,15,34734572,2315638,0.062241,0.37,21.76
179000000000000005,180000000000000008,2026-07-19,587,48,27887220,580984,0.081772,2.02,108.69
179000000000000001,180000000000000001,2026-07-20,1923,49,51345509,1047868,0.025481,0.39,37.89
179000000000000001,180000000000000002,2026-07-20,882,19,22957121,1208270,0.021542,0.13,11.88
179000000000000002,180000000000000003,2026-07-20,716,39,27186024,697078,0.054469,1.46,145.41
179000000000000002,180000000000000004,2026-07-20,648,37,20759470,561067,0.057099,1.41,89.5
179000000000000003,180000000000000005,2026-07-20,509,32,31963663,998864,0.062868,0.52,56.51
179000000000000004,180000000000000006,2026-07-20,473,35,66173432,1890669,0.073996,0.99,65.32
179000000000000004,180000000000000007,2026-07-20,314,26,45699386,1757669,0.082803,0.6,73.55
179000000000000005,180000000000000008,2026-07-20,436,42,20435677,486564,0.09633,1.91,172.81
179000000000000001,180000000000000001,2026-07-21,2495,58,62832702,1083322,0.023246,0.42,41.42
179000000000000001,180000000000000002,2026-07-21,1062,37,43793215,1183600,0.03484,0.28,26.81
179000000000000002,180000000000000003,2026-07-21,163,16,10406880,650430,0.09816,0.62,36.28
179000000000000002,180000000000000004,2026-07-21,1033,42,28129703,669755,0.040658,1.54,160.55
179000000000000003,180000000000000005,2026-07-21,506,26,21907620,842601,0.051383,0.32,36.84
179000000000000004,180000000000000006,2026-07-21,539,41,71249458,1737792,0.076067,1.07,80.51
179000000000000004,180000000000000007,2026-07-21,400,33,53147444,1610529,0.0825,1.08,103.53
179000000000000005,180000000000000008,2026-07-21,426,57,23734162,416389,0.133803,2.41,118.91
179000000000000001,180000000000000001,2026-07-22,1819,46,33300658,723927,0.025289,0.33,32.47
179000000000000001,180000000000000002,2026-07-22,863,25,29083358,1163334,0.028969,0.22,21.29
179000000000000002,180000000000000003,2026-07-22,665,29,15634658,539126,0.043609,1.18,119.28
179000000000000002,180000000000000004,2026-07-22,377,17,8960097,527065,0.045093,0.6,41.32
179000000000000003,180000000000000005,2026-07-22,420,22,20794672,945212,0.052381,0.32,21.64
179000000000000004,180000000000000006,2026-07-22,353,27,41902260,1551936,0.076487,0.79,60.41
179000000000000004,180000000000000007,2026-07-22,164,14,30879092,2205649,0.085366,0.47,56.39
179000000000000005,180000000000000008,2026-07-22,430,42,20794672,495111,0.097674,1.94,162.78
179000000000000001,180000000000000001,2026-07-23,1906,45,37856239,841250,0.02361,0.32,39.67
179000000000000001,180000000000000002,2026-07-23,1238,41,30380666,740992,0.033118,0.38,29.68
179000000000000002,180000000000000003,2026-07-23,357,19,16437096,865110,0.053221,0.64,68.73
179000000000000002,180000000000000004,2026-07-23,459,23,17681356,768755,0.050109,0.8,40.96
179000000000000003,180000000000000005,2026-07-23,584,29,22745635,784332,0.049658,0.43,24.24
179000000000000004,180000000000000006,2026-07-23,478,33,47061960,1426120,0.069038,0.92,73.1
179000000000000004,180000000000000007,2026-07-23,180,16,32547761,2034235,0.088889,0.42,38.49
179000000000000005,180000000000000008,2026-07-23,529,47,22745634,483950,0.088847,2.0,119.36
179000000000000001,180000000000000001,2026-07-24,2410,67,63486321,947557,0.027801,0.48,48.35
179000000000000001,180000000000000002,2026-07-24,1947,44,39417570,895854,0.022599,0.33,20.63
179000000000000002,180000000000000003,2026-07-24,602,27,14723781,545325,0.04485,0.8,70.23
179000000000000002,180000000000000004,2026-07-24,708,36,24189194,671922,0.050847,1.31,130.39
179000000000000003,180000000000000005,2026-07-24,627,29,34301297,1182803,0.046252,0.4,51.8
179000000000000004,180000000000000006,2026-07-24,633,41,78589742,1916823,0.064771,1.15,120.54
179000000000000004,180000000000000007,2026-07-24,205,16,23782647,1486415,0.078049,0.36,18.65
179000000000000005,180000000000000008,2026-07-24,581,58,34301297,591402,0.099828,2.25,232.28
179000000000000001,180000000000000001,2026-07-25,2130,42,32628580,776871,0.019718,0.34,32.48
179000000000000001,180000000000000002,2026-07-25,1626,41,34353460,837889,0.025215,0.25,28.72
179000000000000002,180000000000000003,2026-07-25,587,32,22371885,699121,0.054514,1.04,134.07
179000000000000002,180000000000000004,2026-07-25,666,31,22326522,720210,0.046547,0.98,118.35
179000000000000003,180000000000000005,2026-07-25,596,27,29798938,1103664,0.045302,0.44,36.33
179000000000000004,180000000000000006,2026-07-25,494,34,67443379,1983629,0.068826,1.09,124.96
179000000000000004,180000000000000007,2026-07-25,232,17,36852903,2167818,0.073276,0.51,61.92
179000000000000005,180000000000000008,2026-07-25,514,61,29798937,488507,0.118677,2.2,167.7
179000000000000001,180000000000000001,2026-07-26,1165,36,44892147,1247004,0.030901,0.32,23.84
179000000000000001,180000000000000002,2026-07-26,1049,39,29966075,768361,0.037178,0.32,14.08
179000000000000002,180000000000000003,2026-07-26,295,20,15223167,761158,0.067797,0.72,67.28
179000000000000002,180000000000000004,2026-07-26,715,31,22205944,716321,0.043357,1.17,107.57
179000000000000003,180000000000000005,2026-07-26,493,23,24952741,1084902,0.046653,0.43,52.11
179000000000000004,180000000000000006,2026-07-26,471,35,49951922,1427198,0.07431,0.86,85.97
179000000000000004,180000000000000007,2026-07-26,319,26,37382671,1437795,0.081505,0.85,75.37
179000000000000005,180000000000000008,2026-07-26,574,52,24952740,479860,0.090592,2.09,254.91
179000000000000001,180000000000000001,2026-07-27,2563,67,67317271,1004735,0.026141,0.59,48.14
179000000000000001,180000000000000002,2026-07-27,1772,49,43619382,890191,0.027652,0.35,19.12
179000000000000002,180000000000000003,2026-07-27,994,44,24282228,551869,0.044266,1.66,163.0
179000000000000002,180000000000000004,2026-07-27,1039,42,31186098,742526,0.040423,1.8,124.12
179000000000000003,180000000000000005,2026-07-27,720,35,36978884,1056540,0.048611,0.52,27.46
179000000000000004,180000000000000006,2026-07-27,505,37,71894939,1943106,0.073267,1.08,94.0
179000000000000004,180000000000000007,2026-07-27,579,35,57531156,1643747,0.060449,0.92,112.06
179000000000000005,180000000000000008,2026-07-27,509,41,24225048,590855,0.08055,2.18,204.69
179000000000000001,180000000000000001,2026-07-28,1465,43,44333200,1031005,0.029352,0.38,25.27
179000000000000001,180000000000000002,2026-07-28,1841,39,29413306,754187,0.021184,0.38,43.78
179000000000000002,180000000000000003,2026-07-28,503,28,17937464,640624,0.055666,0.71,39.27
179000000000000002,180000000000000004,2026-07-28,813,31,18935788,610832,0.03813,0.94,103.69
179000000000000003,180000000000000005,2026-07-28,240,14,11909946,850710,0.058333,0.16,19.83
179000000000000004,180000000000000006,2026-07-28,427,35,51565109,1473289,0.081967,1.01,82.73
179000000000000004,180000000000000007,2026-07-28,258,17,34472479,2027793,0.065891,0.49,41.46
179000000000000005,180000000000000008,2026-07-28,445,45,15868426,352632,0.101124,1.57,141.22
179000000000000001,180000000000000001,2026-07-29,2682,68,69686669,1024804,0.025354,0.48,41.63
179000000000000001,180000000000000002,2026-07-29,749,21,19424263,924965,0.028037,0.15,8.01
179000000000000002,180000000000000003,2026-07-29,772,43,27483370,639148,0.055699,1.11,116.61
179000000000000002,180000000000000004,2026-07-29,626,35,25959374,741696,0.055911,1.2,111.03
179000000000000003,180000000000000005,2026-07-29,1028,39,35628496,913551,0.037938,0.61,37.2
179000000000000004,180000000000000006,2026-07-29,454,39,71407101,1830951,0.085903,1.19,99.39
179000000000000004,180000000000000007,2026-07-29,450,29,53292635,1837677,0.064444,0.64,42.26
179000000000000005,180000000000000008,2026-07-29,546,63,35628497,565532,0.115385,3.12,291.08
179000000000000001,180000000000000001,2026-07-30,1861,55,56928599,1035065,0.029554,0.5,52.33
179000000000000001,180000000000000002,2026-07-30,939,25,34088867,1363555,0.026624,0.19,17.93
179000000000000002,180000000000000003,2026-07-30,418,28,21132555,754734,0.066986,1.1,99.02
179000000000000002,180000000000000004,2026-07-30,429,27,24376179,902821,0.062937,1.02,93.44
179000000000000003,180000000000000005,2026-07-30,442,26,30339156,1166891,0.058824,0.29,22.03
179000000000000004,180000000000000006,2026-07-30,384,29,55571483,1916258,0.075521,0.96,101.4
179000000000000004,180000000000000007,2026-07-30,379,27,50615562,1874650,0.07124,0.95,80.58
179000000000000005,180000000000000008,2026-07-30,579,70,30339156,433417,0.120898,2.78,274.81
