invoice_id,subscription_id,customer_id,plan_id,amount_due,currency,period_start,period_end,status,paid_at,created_at
inv_000001,sub_00001,cust_00002,plan_plus_monthly,34.99,usd,2026-02-02,2026-03-02,paid,2026-02-02T00:00:00,2026-02-02T05:43:39
inv_000002,sub_00001,cust_00002,plan_plus_monthly,34.99,usd,2026-03-02,2026-04-02,paid,2026-03-02T00:00:00,2026-03-02T23:28:58
inv_000003,sub_00001,cust_00002,plan_plus_monthly,34.99,usd,2026-04-02,2026-05-02,paid,2026-04-02T00:00:00,2026-04-02T20:16:44
inv_000004,sub_00001,cust_00002,plan_plus_monthly,34.99,usd,2026-05-02,2026-06-02,paid,2026-05-02T00:00:00,2026-05-02T23:32:22
inv_000005,sub_00001,cust_00002,plan_plus_monthly,34.99,usd,2026-06-02,2026-07-02,paid,2026-06-02T00:00:00,2026-06-02T18:35:50
inv_000006,sub_00001,cust_00002,plan_plus_monthly,34.99,usd,2026-07-02,2026-08-02,paid,2026-07-02T00:00:00,2026-07-02T22:38:07
inv_000007,sub_00006,cust_00010,plan_basic_annual,179.0,usd,2025-12-10,2026-12-10,paid,2025-12-10T00:00:00,2025-12-10T20:43:39
inv_000008,sub_00007,cust_00011,plan_basic_monthly,19.99,usd,2026-02-25,2026-03-25,paid,2026-02-25T00:00:00,2026-02-25T08:33:55
inv_000009,sub_00007,cust_00011,plan_basic_monthly,19.99,usd,2026-03-25,2026-04-25,paid,2026-03-25T00:00:00,2026-03-25T06:53:11
inv_000010,sub_00007,cust_00011,plan_basic_monthly,19.99,usd,2026-04-25,2026-05-25,paid,2026-04-25T00:00:00,2026-04-25T22:29:43
inv_000011,sub_00007,cust_00011,plan_basic_monthly,19.99,usd,2026-05-25,2026-06-25,paid,2026-05-25T00:00:00,2026-05-25T20:45:04
inv_000012,sub_00007,cust_00011,plan_basic_monthly,19.99,usd,2026-06-25,2026-07-25,paid,2026-06-25T00:00:00,2026-06-25T16:27:57
inv_000013,sub_00007,cust_00011,plan_basic_monthly,19.99,usd,2026-07-25,2026-08-25,paid,2026-07-25T00:00:00,2026-07-25T20:28:35
inv_000014,sub_00008,cust_00012,plan_plus_monthly,34.99,usd,2024-05-12,2024-06-12,paid,2024-05-12T00:00:00,2024-05-12T14:28:53
inv_000015,sub_00008,cust_00012,plan_basic_monthly,19.99,usd,2024-06-12,2024-07-12,paid,2024-06-12T00:00:00,2024-06-12T04:30:28
inv_000016,sub_00009,cust_00014,plan_basic_monthly,19.99,usd,2023-10-27,2023-11-27,paid,2023-10-27T00:00:00,2023-10-27T13:47:16
inv_000017,sub_00009,cust_00014,plan_basic_monthly,19.99,usd,2023-11-27,2023-12-27,paid,2023-11-27T00:00:00,2023-11-27T20:00:25
inv_000018,sub_00009,cust_00014,plan_basic_monthly,19.99,usd,2023-12-27,2024-01-27,paid,2023-12-27T00:00:00,2023-12-27T04:32:38
inv_000019,sub_00009,cust_00014,plan_basic_monthly,19.99,usd,2024-01-27,2024-02-27,paid,2024-01-27T00:00:00,2024-01-27T09:42:05
inv_000020,sub_00009,cust_00014,plan_basic_monthly,19.99,usd,2024-02-27,2024-03-27,uncollectible,,2024-02-27T05:33:06
inv_000021,sub_00010,cust_00015,plan_basic_annual,179.0,usd,2025-07-04,2026-07-04,paid,2025-07-04T00:00:00,2025-07-04T09:06:37
inv_000022,sub_00010,cust_00015,plan_basic_annual,179.0,usd,2026-07-04,2027-07-04,paid,2026-07-04T00:00:00,2026-07-04T01:11:13
inv_000023,sub_00016,cust_00022,plan_basic_monthly,19.99,usd,2026-04-22,2026-05-22,paid,2026-04-22T00:00:00,2026-04-22T00:35:50
inv_000024,sub_00016,cust_00022,plan_basic_monthly,19.99,usd,2026-05-22,2026-06-22,paid,2026-05-22T00:00:00,2026-05-22T06:36:12
inv_000025,sub_00016,cust_00022,plan_basic_monthly,19.99,usd,2026-06-22,2026-07-22,paid,2026-06-22T00:00:00,2026-06-22T09:30:01
inv_000026,sub_00016,cust_00022,plan_basic_monthly,19.99,usd,2026-07-22,2026-08-22,paid,2026-07-22T00:00:00,2026-07-22T00:00:56
inv_000027,sub_00017,cust_00023,plan_basic_annual,179.0,usd,2026-02-05,2027-02-05,paid,2026-02-05T00:00:00,2026-02-05T10:33:54
inv_000028,sub_00018,cust_00023,plan_basic_monthly,19.99,usd,2026-07-04,2026-08-04,paid,2026-07-04T00:00:00,2026-07-04T01:03:54
inv_000029,sub_00021,cust_00028,plan_plus_monthly,34.99,usd,2024-05-28,2024-06-28,paid,2024-05-28T00:00:00,2024-05-28T21:15:15
inv_000030,sub_00021,cust_00028,plan_plus_monthly,34.99,usd,2024-06-28,2024-07-28,paid,2024-06-28T00:00:00,2024-06-28T15:24:14
inv_000031,sub_00021,cust_00028,plan_plus_monthly,34.99,usd,2024-07-28,2024-08-28,paid,2024-07-28T00:00:00,2024-07-28T01:20:39
inv_000032,sub_00029,cust_00038,plan_basic_annual,179.0,usd,2026-04-20,2027-04-20,paid,2026-04-20T00:00:00,2026-04-20T10:52:57
inv_000033,sub_00030,cust_00039,plan_plus_monthly,34.99,usd,2024-12-23,2025-01-23,paid,2024-12-23T00:00:00,2024-12-23T23:51:23
inv_000034,sub_00032,cust_00042,plan_basic_monthly,19.99,usd,2026-04-13,2026-05-13,paid,2026-04-13T00:00:00,2026-04-13T09:44:30
inv_000035,sub_00032,cust_00042,plan_basic_monthly,19.99,usd,2026-05-13,2026-06-13,uncollectible,,2026-05-13T18:12:49
inv_000036,sub_00033,cust_00042,plan_plus_monthly,34.99,usd,2026-07-22,2026-08-22,paid,2026-07-22T00:00:00,2026-07-22T07:59:05
inv_000037,sub_00039,cust_00051,plan_basic_monthly,19.99,usd,2026-06-07,2026-07-07,paid,2026-06-07T00:00:00,2026-06-07T13:21:54
inv_000038,sub_00039,cust_00051,plan_basic_monthly,19.99,usd,2026-07-07,2026-08-07,paid,2026-07-07T00:00:00,2026-07-07T23:02:33
inv_000039,sub_00045,cust_00059,plan_basic_monthly,19.99,usd,2023-08-24,2023-09-24,paid,2023-08-24T00:00:00,2023-08-24T15:24:09
inv_000040,sub_00045,cust_00059,plan_basic_monthly,19.99,usd,2023-09-24,2023-10-24,paid,2023-09-24T00:00:00,2023-09-24T05:47:28
inv_000041,sub_00045,cust_00059,plan_basic_monthly,19.99,usd,2023-10-24,2023-11-24,paid,2023-10-24T00:00:00,2023-10-24T10:19:48
inv_000042,sub_00045,cust_00059,plan_basic_monthly,19.99,usd,2023-11-24,2023-12-24,paid,2023-11-24T00:00:00,2023-11-24T14:17:42
inv_000043,sub_00045,cust_00059,plan_plus_monthly,34.99,usd,2023-12-24,2024-01-24,paid,2023-12-24T00:00:00,2023-12-24T15:01:08
inv_000044,sub_00045,cust_00059,plan_plus_monthly,34.99,usd,2024-01-24,2024-02-24,uncollectible,,2024-01-24T20:49:32
inv_000045,sub_00046,cust_00059,plan_basic_monthly,19.99,usd,2025-03-27,2025-04-27,paid,2025-03-27T00:00:00,2025-03-27T17:45:46
inv_000046,sub_00047,cust_00059,plan_basic_annual,179.0,usd,2026-02-25,2027-02-25,paid,2026-02-25T00:00:00,2026-02-25T18:04:58
inv_000047,sub_00056,cust_00074,plan_basic_monthly,19.99,usd,2023-11-16,2023-12-16,paid,2023-11-16T00:00:00,2023-11-16T20:16:31
inv_000048,sub_00056,cust_00074,plan_basic_monthly,19.99,usd,2023-12-16,2024-01-16,paid,2023-12-16T00:00:00,2023-12-16T02:56:53
inv_000049,sub_00056,cust_00074,plan_basic_monthly,19.99,usd,2024-01-16,2024-02-16,paid,2024-01-16T00:00:00,2024-01-16T21:37:21
inv_000050,sub_00056,cust_00074,plan_basic_monthly,19.99,usd,2024-02-16,2024-03-16,paid,2024-02-16T00:00:00,2024-02-16T03:23:30
inv_000051,sub_00056,cust_00074,plan_basic_monthly,19.99,usd,2024-03-16,2024-04-16,paid,2024-03-16T00:00:00,2024-03-16T15:18:07
inv_000052,sub_00056,cust_00074,plan_basic_monthly,19.99,usd,2024-04-16,2024-05-16,paid,2024-04-16T00:00:00,2024-04-16T04:08:48
inv_000053,sub_00056,cust_00074,plan_basic_monthly,19.99,usd,2024-05-16,2024-06-16,paid,2024-05-16T00:00:00,2024-05-16T21:16:06
inv_000054,sub_00056,cust_00074,plan_basic_monthly,19.99,usd,2024-06-16,2024-07-16,paid,2024-06-16T00:00:00,2024-06-16T04:38:10
inv_000055,sub_00056,cust_00074,plan_basic_monthly,19.99,usd,2024-07-16,2024-08-16,paid,2024-07-16T00:00:00,2024-07-16T21:56:28
inv_000056,sub_00056,cust_00074,plan_basic_monthly,19.99,usd,2024-08-16,2024-09-16,paid,2024-08-16T00:00:00,2024-08-16T12:16:20
inv_000057,sub_00056,cust_00074,plan_basic_monthly,19.99,usd,2024-09-16,2024-10-16,paid,2024-09-16T00:00:00,2024-09-16T08:59:33
inv_000058,sub_00056,cust_00074,plan_basic_monthly,19.99,usd,2024-10-16,2024-11-16,paid,2024-10-16T00:00:00,2024-10-16T23:27:48
inv_000059,sub_00056,cust_00074,plan_basic_monthly,19.99,usd,2024-11-16,2024-12-16,paid,2024-11-16T00:00:00,2024-11-16T07:19:10
inv_000060,sub_00056,cust_00074,plan_basic_monthly,19.99,usd,2024-12-16,2025-01-16,paid,2024-12-16T00:00:00,2024-12-16T22:13:42
inv_000061,sub_00056,cust_00074,plan_basic_monthly,19.99,usd,2025-01-16,2025-02-16,paid,2025-01-16T00:00:00,2025-01-16T05:05:26
inv_000062,sub_00056,cust_00074,plan_basic_monthly,19.99,usd,2025-02-16,2025-03-16,paid,2025-02-16T00:00:00,2025-02-16T13:45:09
inv_000063,sub_00056,cust_00074,plan_basic_monthly,19.99,usd,2025-03-16,2025-04-16,paid,2025-03-16T00:00:00,2025-03-16T07:29:29
inv_000064,sub_00056,cust_00074,plan_basic_monthly,19.99,usd,2025-04-16,2025-05-16,paid,2025-04-16T00:00:00,2025-04-16T18:23:09
inv_000065,sub_00056,cust_00074,plan_basic_monthly,19.99,usd,2025-05-16,2025-06-16,paid,2025-05-16T00:00:00,2025-05-16T19:39:25
inv_000066,sub_00056,cust_00074,plan_basic_monthly,19.99,usd,2025-06-16,2025-07-16,paid,2025-06-16T00:00:00,2025-06-16T04:28:15
inv_000067,sub_00056,cust_00074,plan_basic_monthly,19.99,usd,2025-07-16,2025-08-16,paid,2025-07-16T00:00:00,2025-07-16T00:19:40
inv_000068,sub_00056,cust_00074,plan_basic_monthly,19.99,usd,2025-08-16,2025-09-16,paid,2025-08-16T00:00:00,2025-08-16T01:24:06
inv_000069,sub_00056,cust_00074,plan_basic_monthly,19.99,usd,2025-09-16,2025-10-16,paid,2025-09-16T00:00:00,2025-09-16T18:20:31
inv_000070,sub_00056,cust_00074,plan_basic_monthly,19.99,usd,2025-10-16,2025-11-16,paid,2025-10-16T00:00:00,2025-10-16T16:24:27
inv_000071,sub_00056,cust_00074,plan_basic_monthly,19.99,usd,2025-11-16,2025-12-16,paid,2025-11-16T00:00:00,2025-11-16T07:46:03
inv_000072,sub_00056,cust_00074,plan_basic_monthly,19.99,usd,2025-12-16,2026-01-16,paid,2025-12-16T00:00:00,2025-12-16T04:25:37
inv_000073,sub_00056,cust_00074,plan_basic_monthly,19.99,usd,2026-01-16,2026-02-16,paid,2026-01-16T00:00:00,2026-01-16T23:35:41
inv_000074,sub_00056,cust_00074,plan_basic_monthly,19.99,usd,2026-02-16,2026-03-16,paid,2026-02-16T00:00:00,2026-02-16T01:41:21
inv_000075,sub_00056,cust_00074,plan_basic_monthly,19.99,usd,2026-03-16,2026-04-16,paid,2026-03-16T00:00:00,2026-03-16T16:46:33
inv_000076,sub_00056,cust_00074,plan_basic_monthly,19.99,usd,2026-04-16,2026-05-16,paid,2026-04-16T00:00:00,2026-04-16T20:28:59
inv_000077,sub_00056,cust_00074,plan_basic_monthly,19.99,usd,2026-05-16,2026-06-16,paid,2026-05-16T00:00:00,2026-05-16T23:50:17
inv_000078,sub_00056,cust_00074,plan_basic_monthly,19.99,usd,2026-06-16,2026-07-16,paid,2026-06-16T00:00:00,2026-06-16T13:36:18
inv_000079,sub_00056,cust_00074,plan_basic_monthly,19.99,usd,2026-07-16,2026-08-16,paid,2026-07-16T00:00:00,2026-07-16T14:42:59
inv_000080,sub_00059,cust_00078,plan_basic_monthly,19.99,usd,2026-06-16,2026-07-16,paid,2026-06-16T00:00:00,2026-06-16T08:34:06
inv_000081,sub_00066,cust_00087,plan_basic_monthly,19.99,usd,2026-01-16,2026-02-16,paid,2026-01-16T00:00:00,2026-01-16T17:25:36
inv_000082,sub_00066,cust_00087,plan_basic_monthly,19.99,usd,2026-02-16,2026-03-16,paid,2026-02-16T00:00:00,2026-02-16T08:51:07
inv_000083,sub_00066,cust_00087,plan_basic_monthly,19.99,usd,2026-03-16,2026-04-16,paid,2026-03-16T00:00:00,2026-03-16T09:10:38
inv_000084,sub_00066,cust_00087,plan_basic_monthly,19.99,usd,2026-04-16,2026-05-16,uncollectible,,2026-04-16T19:29:16
inv_000085,sub_00069,cust_00092,plan_basic_monthly,19.99,usd,2024-03-16,2024-04-16,paid,2024-03-16T00:00:00,2024-03-16T17:27:09
inv_000086,sub_00069,cust_00092,plan_basic_monthly,19.99,usd,2024-04-16,2024-05-16,paid,2024-04-16T00:00:00,2024-04-16T08:40:21
inv_000087,sub_00069,cust_00092,plan_basic_monthly,19.99,usd,2024-05-16,2024-06-16,paid,2024-05-16T00:00:00,2024-05-16T19:30:12
inv_000088,sub_00069,cust_00092,plan_basic_monthly,19.99,usd,2024-06-16,2024-07-16,paid,2024-06-16T00:00:00,2024-06-16T17:28:17
inv_000089,sub_00069,cust_00092,plan_basic_monthly,19.99,usd,2024-07-16,2024-08-16,paid,2024-07-16T00:00:00,2024-07-16T10:28:09
inv_000090,sub_00069,cust_00092,plan_basic_monthly,19.99,usd,2024-08-16,2024-09-16,paid,2024-08-16T00:00:00,2024-08-16T22:20:12
inv_000091,sub_00069,cust_00092,plan_plus_monthly,34.99,usd,2024-09-16,2024-10-16,paid,2024-09-16T00:00:00,2024-09-16T18:11:45
inv_000092,sub_00071,cust_00095,plan_plus_annual,314.0,usd,2023-12-06,2024-12-06,paid,2023-12-06T00:00:00,2023-12-06T00:12:03
inv_000093,sub_00071,cust_00095,plan_plus_annual,314.0,usd,2024-12-06,2025-12-06,paid,2024-12-06T00:00:00,2024-12-06T12:38:53
inv_000094,sub_00071,cust_00095,plan_plus_annual,314.0,usd,2025-12-06,2026-12-06,paid,2025-12-06T00:00:00,2025-12-06T15:46:43
inv_000095,sub_00072,cust_00098,plan_basic_monthly,19.99,usd,2024-01-15,2024-02-15,paid,2024-01-15T00:00:00,2024-01-15T15:14:40
inv_000096,sub_00075,cust_00103,plan_basic_monthly,19.99,usd,2026-07-11,2026-08-11,paid,2026-07-11T00:00:00,2026-07-11T03:42:34
inv_000097,sub_00078,cust_00110,plan_plus_monthly,34.99,usd,2025-01-04,2025-02-04,paid,2025-01-04T00:00:00,2025-01-04T14:13:25
inv_000098,sub_00078,cust_00110,plan_basic_monthly,19.99,usd,2025-02-04,2025-03-04,paid,2025-02-04T00:00:00,2025-02-04T00:17:51
inv_000099,sub_00080,cust_00114,plan_basic_monthly,19.99,usd,2025-09-11,2025-10-11,paid,2025-09-11T00:00:00,2025-09-11T18:03:00
inv_000100,sub_00080,cust_00114,plan_basic_monthly,19.99,usd,2025-10-11,2025-11-11,paid,2025-10-11T00:00:00,2025-10-11T11:59:44
inv_000101,sub_00084,cust_00124,plan_plus_monthly,34.99,usd,2024-12-04,2025-01-04,paid,2024-12-04T00:00:00,2024-12-04T00:34:45
inv_000102,sub_00084,cust_00124,plan_plus_monthly,34.99,usd,2025-01-04,2025-02-04,paid,2025-01-04T00:00:00,2025-01-04T06:55:07
inv_000103,sub_00084,cust_00124,plan_plus_monthly,34.99,usd,2025-02-04,2025-03-04,paid,2025-02-04T00:00:00,2025-02-04T21:51:25
inv_000104,sub_00084,cust_00124,plan_plus_monthly,34.99,usd,2025-03-04,2025-04-04,paid,2025-03-04T00:00:00,2025-03-04T16:52:38
inv_000105,sub_00084,cust_00124,plan_plus_monthly,34.99,usd,2025-04-04,2025-05-04,paid,2025-04-04T00:00:00,2025-04-04T02:59:42
inv_000106,sub_00084,cust_00124,plan_plus_monthly,34.99,usd,2025-05-04,2025-06-04,paid,2025-05-04T00:00:00,2025-05-04T05:32:48
inv_000107,sub_00084,cust_00124,plan_plus_monthly,34.99,usd,2025-06-04,2025-07-04,paid,2025-06-04T00:00:00,2025-06-04T17:25:51
inv_000108,sub_00084,cust_00124,plan_plus_monthly,34.99,usd,2025-07-04,2025-08-04,paid,2025-07-04T00:00:00,2025-07-04T15:49:52
inv_000109,sub_00084,cust_00124,plan_plus_monthly,34.99,usd,2025-08-04,2025-09-04,paid,2025-08-04T00:00:00,2025-08-04T06:13:01
inv_000110,sub_00084,cust_00124,plan_plus_monthly,34.99,usd,2025-09-04,2025-10-04,paid,2025-09-04T00:00:00,2025-09-04T09:04:38
inv_000111,sub_00084,cust_00124,plan_plus_monthly,34.99,usd,2025-10-04,2025-11-04,paid,2025-10-04T00:00:00,2025-10-04T17:44:48
inv_000112,sub_00084,cust_00124,plan_plus_monthly,34.99,usd,2025-11-04,2025-12-04,paid,2025-11-04T00:00:00,2025-11-04T11:00:13
inv_000113,sub_00084,cust_00124,plan_plus_monthly,34.99,usd,2025-12-04,2026-01-04,paid,2025-12-04T00:00:00,2025-12-04T08:19:42
inv_000114,sub_00084,cust_00124,plan_plus_monthly,34.99,usd,2026-01-04,2026-02-04,paid,2026-01-04T00:00:00,2026-01-04T03:55:19
inv_000115,sub_00084,cust_00124,plan_plus_monthly,34.99,usd,2026-02-04,2026-03-04,paid,2026-02-04T00:00:00,2026-02-04T20:10:51
inv_000116,sub_00084,cust_00124,plan_plus_monthly,34.99,usd,2026-03-04,2026-04-04,paid,2026-03-04T00:00:00,2026-03-04T09:53:44
inv_000117,sub_00084,cust_00124,plan_plus_monthly,34.99,usd,2026-04-04,2026-05-04,paid,2026-04-04T00:00:00,2026-04-04T23:46:59
inv_000118,sub_00084,cust_00124,plan_plus_monthly,34.99,usd,2026-05-04,2026-06-04,paid,2026-05-04T00:00:00,2026-05-04T14:28:48
inv_000119,sub_00084,cust_00124,plan_plus_monthly,34.99,usd,2026-06-04,2026-07-04,paid,2026-06-04T00:00:00,2026-06-04T07:17:05
inv_000120,sub_00084,cust_00124,plan_plus_monthly,34.99,usd,2026-07-04,2026-08-04,paid,2026-07-04T00:00:00,2026-07-04T12:28:34
inv_000121,sub_00088,cust_00132,plan_basic_monthly,19.99,usd,2026-01-24,2026-02-24,paid,2026-01-24T00:00:00,2026-01-24T17:46:26
inv_000122,sub_00088,cust_00132,plan_basic_monthly,19.99,usd,2026-02-24,2026-03-24,paid,2026-02-24T00:00:00,2026-02-24T20:35:41
inv_000123,sub_00091,cust_00135,plan_basic_monthly,19.99,usd,2026-04-21,2026-05-21,paid,2026-04-21T00:00:00,2026-04-21T10:46:47
inv_000124,sub_00091,cust_00135,plan_basic_monthly,19.99,usd,2026-05-21,2026-06-21,paid,2026-05-21T00:00:00,2026-05-21T02:44:12
inv_000125,sub_00091,cust_00135,plan_basic_monthly,19.99,usd,2026-06-21,2026-07-21,paid,2026-06-21T00:00:00,2026-06-21T21:51:03
inv_000126,sub_00091,cust_00135,plan_basic_monthly,19.99,usd,2026-07-21,2026-08-21,paid,2026-07-21T00:00:00,2026-07-21T02:37:08
inv_000127,sub_00097,cust_00146,plan_basic_annual,179.0,usd,2023-12-21,2024-12-21,paid,2023-12-21T00:00:00,2023-12-21T09:32:53
inv_000128,sub_00105,cust_00157,plan_basic_monthly,19.99,usd,2026-01-17,2026-02-17,paid,2026-01-17T00:00:00,2026-01-17T19:24:28
inv_000129,sub_00105,cust_00157,plan_basic_monthly,19.99,usd,2026-02-17,2026-03-17,paid,2026-02-17T00:00:00,2026-02-17T07:19:01
inv_000130,sub_00105,cust_00157,plan_basic_monthly,19.99,usd,2026-03-17,2026-04-17,paid,2026-03-17T00:00:00,2026-03-17T00:10:20
inv_000131,sub_00105,cust_00157,plan_basic_monthly,19.99,usd,2026-04-17,2026-05-17,paid,2026-04-17T00:00:00,2026-04-17T19:17:12
inv_000132,sub_00105,cust_00157,plan_basic_monthly,19.99,usd,2026-05-17,2026-06-17,paid,2026-05-17T00:00:00,2026-05-17T02:48:50
inv_000133,sub_00105,cust_00157,plan_basic_monthly,19.99,usd,2026-06-17,2026-07-17,paid,2026-06-17T00:00:00,2026-06-17T03:51:08
inv_000134,sub_00105,cust_00157,plan_basic_monthly,19.99,usd,2026-07-17,2026-08-17,paid,2026-07-17T00:00:00,2026-07-17T02:16:17
inv_000135,sub_00108,cust_00162,plan_basic_monthly,19.99,usd,2025-02-16,2025-03-16,paid,2025-02-16T00:00:00,2025-02-16T07:34:56
inv_000136,sub_00108,cust_00162,plan_plus_monthly,34.99,usd,2025-03-16,2025-04-16,paid,2025-03-16T00:00:00,2025-03-16T02:01:36
inv_000137,sub_00108,cust_00162,plan_plus_monthly,34.99,usd,2025-04-16,2025-05-16,paid,2025-04-16T00:00:00,2025-04-16T08:38:18
inv_000138,sub_00109,cust_00162,plan_basic_monthly,19.99,usd,2025-10-19,2025-11-19,paid,2025-10-19T00:00:00,2025-10-19T10:39:07
inv_000139,sub_00109,cust_00162,plan_basic_monthly,19.99,usd,2025-11-19,2025-12-19,paid,2025-11-19T00:00:00,2025-11-19T07:30:15
inv_000140,sub_00109,cust_00162,plan_basic_monthly,19.99,usd,2025-12-19,2026-01-19,paid,2025-12-19T00:00:00,2025-12-19T01:19:53
inv_000141,sub_00110,cust_00162,plan_basic_monthly,19.99,usd,2026-03-05,2026-04-05,paid,2026-03-05T00:00:00,2026-03-05T06:17:18
inv_000142,sub_00113,cust_00166,plan_basic_monthly,19.99,usd,2024-12-09,2025-01-09,paid,2024-12-09T00:00:00,2024-12-09T04:31:38
inv_000143,sub_00121,cust_00180,plan_basic_monthly,19.99,usd,2026-01-09,2026-02-09,paid,2026-01-09T00:00:00,2026-01-09T18:13:52
inv_000144,sub_00121,cust_00180,plan_basic_monthly,19.99,usd,2026-02-09,2026-03-09,paid,2026-02-09T00:00:00,2026-02-09T10:17:45
inv_000145,sub_00121,cust_00180,plan_basic_monthly,19.99,usd,2026-03-09,2026-04-09,paid,2026-03-09T00:00:00,2026-03-09T21:40:23
inv_000146,sub_00121,cust_00180,plan_basic_monthly,19.99,usd,2026-04-09,2026-05-09,paid,2026-04-09T00:00:00,2026-04-09T11:11:06
inv_000147,sub_00121,cust_00180,plan_basic_monthly,19.99,usd,2026-05-09,2026-06-09,paid,2026-05-09T00:00:00,2026-05-09T20:02:56
inv_000148,sub_00121,cust_00180,plan_plus_monthly,34.99,usd,2026-06-09,2026-07-09,paid,2026-06-09T00:00:00,2026-06-09T16:24:44
inv_000149,sub_00121,cust_00180,plan_plus_monthly,34.99,usd,2026-07-09,2026-08-09,paid,2026-07-09T00:00:00,2026-07-09T18:28:31
inv_000150,sub_00122,cust_00181,plan_basic_monthly,19.99,usd,2023-12-22,2024-01-22,paid,2023-12-22T00:00:00,2023-12-22T23:50:34
inv_000151,sub_00122,cust_00181,plan_basic_monthly,19.99,usd,2024-01-22,2024-02-22,paid,2024-01-22T00:00:00,2024-01-22T05:22:13
inv_000152,sub_00122,cust_00181,plan_basic_monthly,19.99,usd,2024-02-22,2024-03-22,paid,2024-02-22T00:00:00,2024-02-22T05:02:08
inv_000153,sub_00125,cust_00186,plan_basic_monthly,19.99,usd,2026-03-19,2026-04-19,paid,2026-03-19T00:00:00,2026-03-19T19:27:02
inv_000154,sub_00127,cust_00189,plan_basic_monthly,19.99,usd,2024-06-10,2024-07-10,paid,2024-06-10T00:00:00,2024-06-10T18:24:05
inv_000155,sub_00127,cust_00189,plan_basic_monthly,19.99,usd,2024-07-10,2024-08-10,paid,2024-07-10T00:00:00,2024-07-10T23:27:21
inv_000156,sub_00127,cust_00189,plan_basic_monthly,19.99,usd,2024-08-10,2024-09-10,paid,2024-08-10T00:00:00,2024-08-10T23:00:16
inv_000157,sub_00127,cust_00189,plan_basic_monthly,19.99,usd,2024-09-10,2024-10-10,paid,2024-09-10T00:00:00,2024-09-10T18:42:53
inv_000158,sub_00127,cust_00189,plan_basic_monthly,19.99,usd,2024-10-10,2024-11-10,paid,2024-10-10T00:00:00,2024-10-10T00:59:03
inv_000159,sub_00127,cust_00189,plan_basic_monthly,19.99,usd,2024-11-10,2024-12-10,paid,2024-11-10T00:00:00,2024-11-10T10:41:02
inv_000160,sub_00127,cust_00189,plan_basic_monthly,19.99,usd,2024-12-10,2025-01-10,paid,2024-12-10T00:00:00,2024-12-10T05:08:56
inv_000161,sub_00127,cust_00189,plan_basic_monthly,19.99,usd,2025-01-10,2025-02-10,paid,2025-01-10T00:00:00,2025-01-10T03:45:11
inv_000162,sub_00127,cust_00189,plan_basic_monthly,19.99,usd,2025-02-10,2025-03-10,paid,2025-02-10T00:00:00,2025-02-10T16:43:25
inv_000163,sub_00127,cust_00189,plan_basic_monthly,19.99,usd,2025-03-10,2025-04-10,paid,2025-03-10T00:00:00,2025-03-10T06:03:31
inv_000164,sub_00127,cust_00189,plan_basic_monthly,19.99,usd,2025-04-10,2025-05-10,paid,2025-04-10T00:00:00,2025-04-10T10:39:57
inv_000165,sub_00127,cust_00189,plan_basic_monthly,19.99,usd,2025-05-10,2025-06-10,paid,2025-05-10T00:00:00,2025-05-10T19:07:40
inv_000166,sub_00127,cust_00189,plan_basic_monthly,19.99,usd,2025-06-10,2025-07-10,paid,2025-06-10T00:00:00,2025-06-10T08:22:09
inv_000167,sub_00127,cust_00189,plan_basic_monthly,19.99,usd,2025-07-10,2025-08-10,paid,2025-07-10T00:00:00,2025-07-10T16:43:07
inv_000168,sub_00127,cust_00189,plan_basic_monthly,19.99,usd,2025-08-10,2025-09-10,paid,2025-08-10T00:00:00,2025-08-10T06:19:33
inv_000169,sub_00127,cust_00189,plan_basic_monthly,19.99,usd,2025-09-10,2025-10-10,paid,2025-09-10T00:00:00,2025-09-10T11:24:01
inv_000170,sub_00127,cust_00189,plan_basic_monthly,19.99,usd,2025-10-10,2025-11-10,paid,2025-10-10T00:00:00,2025-10-10T19:00:05
inv_000171,sub_00127,cust_00189,plan_basic_monthly,19.99,usd,2025-11-10,2025-12-10,paid,2025-11-10T00:00:00,2025-11-10T03:46:28
inv_000172,sub_00127,cust_00189,plan_basic_monthly,19.99,usd,2025-12-10,2026-01-10,paid,2025-12-10T00:00:00,2025-12-10T20:16:31
inv_000173,sub_00127,cust_00189,plan_basic_monthly,19.99,usd,2026-01-10,2026-02-10,paid,2026-01-10T00:00:00,2026-01-10T03:17:35
inv_000174,sub_00127,cust_00189,plan_basic_monthly,19.99,usd,2026-02-10,2026-03-10,paid,2026-02-10T00:00:00,2026-02-10T05:55:38
inv_000175,sub_00127,cust_00189,plan_basic_monthly,19.99,usd,2026-03-10,2026-04-10,paid,2026-03-10T00:00:00,2026-03-10T10:16:54
inv_000176,sub_00127,cust_00189,plan_basic_monthly,19.99,usd,2026-04-10,2026-05-10,paid,2026-04-10T00:00:00,2026-04-10T18:52:40
inv_000177,sub_00127,cust_00189,plan_basic_monthly,19.99,usd,2026-05-10,2026-06-10,paid,2026-05-10T00:00:00,2026-05-10T20:58:23
inv_000178,sub_00127,cust_00189,plan_basic_monthly,19.99,usd,2026-06-10,2026-07-10,paid,2026-06-10T00:00:00,2026-06-10T02:46:35
inv_000179,sub_00127,cust_00189,plan_basic_monthly,19.99,usd,2026-07-10,2026-08-10,paid,2026-07-10T00:00:00,2026-07-10T13:54:14
inv_000180,sub_00129,cust_00191,plan_basic_monthly,19.99,usd,2024-04-26,2024-05-26,paid,2024-04-26T00:00:00,2024-04-26T12:40:53
inv_000181,sub_00130,cust_00191,plan_basic_monthly,19.99,usd,2025-11-21,2025-12-21,paid,2025-11-21T00:00:00,2025-11-21T17:48:40
inv_000182,sub_00131,cust_00191,plan_plus_monthly,34.99,usd,2026-03-12,2026-04-12,paid,2026-03-12T00:00:00,2026-03-12T17:17:35
inv_000183,sub_00132,cust_00191,plan_basic_monthly,19.99,usd,2026-05-22,2026-06-22,paid,2026-05-22T00:00:00,2026-05-22T07:44:10
inv_000184,sub_00132,cust_00191,plan_basic_monthly,19.99,usd,2026-06-22,2026-07-22,paid,2026-06-22T00:00:00,2026-06-22T00:44:52
inv_000185,sub_00132,cust_00191,plan_basic_monthly,19.99,usd,2026-07-22,2026-08-22,paid,2026-07-22T00:00:00,2026-07-22T11:46:15
inv_000186,sub_00134,cust_00195,plan_basic_monthly,19.99,usd,2024-08-11,2024-09-11,paid,2024-08-11T00:00:00,2024-08-11T18:46:06
inv_000187,sub_00134,cust_00195,plan_plus_monthly,34.99,usd,2024-09-11,2024-10-11,paid,2024-09-11T00:00:00,2024-09-11T09:23:33
inv_000188,sub_00136,cust_00197,plan_basic_monthly,19.99,usd,2025-04-12,2025-05-12,paid,2025-04-12T00:00:00,2025-04-12T12:44:15
inv_000189,sub_00136,cust_00197,plan_basic_monthly,19.99,usd,2025-05-12,2025-06-12,paid,2025-05-12T00:00:00,2025-05-12T17:37:15
inv_000190,sub_00136,cust_00197,plan_basic_monthly,19.99,usd,2025-06-12,2025-07-12,paid,2025-06-12T00:00:00,2025-06-12T14:24:05
inv_000191,sub_00136,cust_00197,plan_basic_monthly,19.99,usd,2025-07-12,2025-08-12,paid,2025-07-12T00:00:00,2025-07-12T08:48:39
inv_000192,sub_00136,cust_00197,plan_basic_monthly,19.99,usd,2025-08-12,2025-09-12,paid,2025-08-12T00:00:00,2025-08-12T01:57:44
inv_000193,sub_00136,cust_00197,plan_basic_monthly,19.99,usd,2025-09-12,2025-10-12,paid,2025-09-12T00:00:00,2025-09-12T16:00:23
inv_000194,sub_00136,cust_00197,plan_basic_monthly,19.99,usd,2025-10-12,2025-11-12,paid,2025-10-12T00:00:00,2025-10-12T21:42:59
inv_000195,sub_00136,cust_00197,plan_basic_monthly,19.99,usd,2025-11-12,2025-12-12,paid,2025-11-12T00:00:00,2025-11-12T21:49:15
inv_000196,sub_00136,cust_00197,plan_basic_monthly,19.99,usd,2025-12-12,2026-01-12,paid,2025-12-12T00:00:00,2025-12-12T18:52:53
inv_000197,sub_00136,cust_00197,plan_basic_monthly,19.99,usd,2026-01-12,2026-02-12,paid,2026-01-12T00:00:00,2026-01-12T03:04:46
inv_000198,sub_00136,cust_00197,plan_basic_monthly,19.99,usd,2026-02-12,2026-03-12,paid,2026-02-12T00:00:00,2026-02-12T21:31:31
inv_000199,sub_00136,cust_00197,plan_basic_monthly,19.99,usd,2026-03-12,2026-04-12,paid,2026-03-12T00:00:00,2026-03-12T05:17:34
inv_000200,sub_00136,cust_00197,plan_basic_monthly,19.99,usd,2026-04-12,2026-05-12,paid,2026-04-12T00:00:00,2026-04-12T03:50:51
inv_000201,sub_00136,cust_00197,plan_basic_monthly,19.99,usd,2026-05-12,2026-06-12,paid,2026-05-12T00:00:00,2026-05-12T01:06:22
inv_000202,sub_00136,cust_00197,plan_basic_monthly,19.99,usd,2026-06-12,2026-07-12,paid,2026-06-12T00:00:00,2026-06-12T19:11:34
inv_000203,sub_00136,cust_00197,plan_basic_monthly,19.99,usd,2026-07-12,2026-08-12,paid,2026-07-12T00:00:00,2026-07-12T15:17:21
inv_000204,sub_00138,cust_00200,plan_plus_monthly,34.99,usd,2024-01-17,2024-02-17,paid,2024-01-17T00:00:00,2024-01-17T11:44:08
inv_000205,sub_00138,cust_00200,plan_plus_monthly,34.99,usd,2024-02-17,2024-03-17,uncollectible,,2024-02-17T14:36:24
inv_000206,sub_00139,cust_00202,plan_basic_monthly,19.99,usd,2025-03-01,2025-04-01,paid,2025-03-01T00:00:00,2025-03-01T14:16:50
inv_000207,sub_00139,cust_00202,plan_basic_monthly,19.99,usd,2025-04-01,2025-05-01,paid,2025-04-01T00:00:00,2025-04-01T17:17:45
inv_000208,sub_00139,cust_00202,plan_basic_monthly,19.99,usd,2025-05-01,2025-06-01,paid,2025-05-01T00:00:00,2025-05-01T00:58:43
inv_000209,sub_00140,cust_00203,plan_plus_monthly,34.99,usd,2025-09-30,2025-10-30,paid,2025-09-30T00:00:00,2025-09-30T18:38:37
inv_000210,sub_00140,cust_00203,plan_plus_monthly,34.99,usd,2025-10-30,2025-11-30,paid,2025-10-30T00:00:00,2025-10-30T04:54:58
inv_000211,sub_00140,cust_00203,plan_plus_monthly,34.99,usd,2025-11-30,2025-12-30,paid,2025-11-30T00:00:00,2025-11-30T22:29:56
inv_000212,sub_00140,cust_00203,plan_plus_monthly,34.99,usd,2025-12-30,2026-01-30,paid,2025-12-30T00:00:00,2025-12-30T15:46:55
inv_000213,sub_00140,cust_00203,plan_plus_monthly,34.99,usd,2026-01-30,2026-02-28,paid,2026-01-30T00:00:00,2026-01-30T00:03:53
inv_000214,sub_00140,cust_00203,plan_plus_monthly,34.99,usd,2026-02-28,2026-03-30,paid,2026-02-28T00:00:00,2026-02-28T13:08:00
inv_000215,sub_00140,cust_00203,plan_basic_monthly,19.99,usd,2026-03-30,2026-04-30,paid,2026-03-30T00:00:00,2026-03-30T09:05:52
inv_000216,sub_00140,cust_00203,plan_basic_monthly,19.99,usd,2026-04-30,2026-05-30,paid,2026-04-30T00:00:00,2026-04-30T01:45:39
inv_000217,sub_00140,cust_00203,plan_basic_monthly,19.99,usd,2026-05-30,2026-06-30,paid,2026-05-30T00:00:00,2026-05-30T12:59:52
inv_000218,sub_00140,cust_00203,plan_basic_monthly,19.99,usd,2026-06-30,2026-07-30,paid,2026-06-30T00:00:00,2026-06-30T13:00:32
inv_000219,sub_00140,cust_00203,plan_basic_monthly,19.99,usd,2026-07-30,2026-08-30,paid,2026-07-30T00:00:00,2026-07-30T23:45:04
inv_000220,sub_00142,cust_00211,plan_plus_monthly,34.99,usd,2026-01-10,2026-02-10,paid,2026-01-10T00:00:00,2026-01-10T09:01:25
inv_000221,sub_00142,cust_00211,plan_plus_monthly,34.99,usd,2026-02-10,2026-03-10,paid,2026-02-10T00:00:00,2026-02-10T00:18:26
inv_000222,sub_00142,cust_00211,plan_plus_monthly,34.99,usd,2026-03-10,2026-04-10,paid,2026-03-10T00:00:00,2026-03-10T13:02:43
inv_000223,sub_00142,cust_00211,plan_plus_monthly,34.99,usd,2026-04-10,2026-05-10,paid,2026-04-10T00:00:00,2026-04-10T13:17:03
inv_000224,sub_00142,cust_00211,plan_plus_monthly,34.99,usd,2026-05-10,2026-06-10,paid,2026-05-10T00:00:00,2026-05-10T23:02:13
inv_000225,sub_00142,cust_00211,plan_plus_monthly,34.99,usd,2026-06-10,2026-07-10,paid,2026-06-10T00:00:00,2026-06-10T08:57:48
inv_000226,sub_00144,cust_00214,plan_basic_monthly,19.99,usd,2026-05-11,2026-06-11,paid,2026-05-11T00:00:00,2026-05-11T06:08:08
inv_000227,sub_00145,cust_00215,plan_basic_monthly,19.99,usd,2025-11-28,2025-12-28,paid,2025-11-28T00:00:00,2025-11-28T18:42:00
inv_000228,sub_00145,cust_00215,plan_basic_monthly,19.99,usd,2025-12-28,2026-01-28,paid,2025-12-28T00:00:00,2025-12-28T10:31:09
inv_000229,sub_00145,cust_00215,plan_basic_monthly,19.99,usd,2026-01-28,2026-02-28,paid,2026-01-28T00:00:00,2026-01-28T13:16:50
inv_000230,sub_00145,cust_00215,plan_basic_monthly,19.99,usd,2026-02-28,2026-03-28,paid,2026-02-28T00:00:00,2026-02-28T15:20:41
inv_000231,sub_00145,cust_00215,plan_basic_monthly,19.99,usd,2026-03-28,2026-04-28,paid,2026-03-28T00:00:00,2026-03-28T06:03:30
inv_000232,sub_00145,cust_00215,plan_basic_monthly,19.99,usd,2026-04-28,2026-05-28,paid,2026-04-28T00:00:00,2026-04-28T20:49:34
inv_000233,sub_00145,cust_00215,plan_basic_monthly,19.99,usd,2026-05-28,2026-06-28,uncollectible,,2026-05-28T17:10:15
inv_000234,sub_00146,cust_00217,plan_basic_monthly,19.99,usd,2025-10-02,2025-11-02,paid,2025-10-02T00:00:00,2025-10-02T23:10:29
inv_000235,sub_00146,cust_00217,plan_basic_monthly,19.99,usd,2025-11-02,2025-12-02,paid,2025-11-02T00:00:00,2025-11-02T01:33:21
inv_000236,sub_00146,cust_00217,plan_basic_monthly,19.99,usd,2025-12-02,2026-01-02,paid,2025-12-02T00:00:00,2025-12-02T17:16:36
inv_000237,sub_00153,cust_00228,plan_basic_monthly,19.99,usd,2024-02-23,2024-03-23,paid,2024-02-23T00:00:00,2024-02-23T19:49:42
inv_000238,sub_00153,cust_00228,plan_basic_monthly,19.99,usd,2024-03-23,2024-04-23,paid,2024-03-23T00:00:00,2024-03-23T00:01:32
inv_000239,sub_00153,cust_00228,plan_basic_monthly,19.99,usd,2024-04-23,2024-05-23,paid,2024-04-23T00:00:00,2024-04-23T05:32:34
inv_000240,sub_00153,cust_00228,plan_basic_monthly,19.99,usd,2024-05-23,2024-06-23,paid,2024-05-23T00:00:00,2024-05-23T12:01:07
inv_000241,sub_00153,cust_00228,plan_basic_monthly,19.99,usd,2024-06-23,2024-07-23,paid,2024-06-23T00:00:00,2024-06-23T10:46:25
inv_000242,sub_00153,cust_00228,plan_basic_monthly,19.99,usd,2024-07-23,2024-08-23,paid,2024-07-23T00:00:00,2024-07-23T19:26:21
inv_000243,sub_00153,cust_00228,plan_basic_monthly,19.99,usd,2024-08-23,2024-09-23,paid,2024-08-23T00:00:00,2024-08-23T12:45:47
inv_000244,sub_00153,cust_00228,plan_basic_monthly,19.99,usd,2024-09-23,2024-10-23,paid,2024-09-23T00:00:00,2024-09-23T03:51:18
inv_000245,sub_00153,cust_00228,plan_basic_monthly,19.99,usd,2024-10-23,2024-11-23,paid,2024-10-23T00:00:00,2024-10-23T06:08:58
inv_000246,sub_00153,cust_00228,plan_basic_monthly,19.99,usd,2024-11-23,2024-12-23,paid,2024-11-23T00:00:00,2024-11-23T12:17:42
inv_000247,sub_00153,cust_00228,plan_basic_monthly,19.99,usd,2024-12-23,2025-01-23,paid,2024-12-23T00:00:00,2024-12-23T22:43:26
inv_000248,sub_00153,cust_00228,plan_basic_monthly,19.99,usd,2025-01-23,2025-02-23,paid,2025-01-23T00:00:00,2025-01-23T17:00:57
inv_000249,sub_00167,cust_00250,plan_basic_monthly,19.99,usd,2025-08-12,2025-09-12,paid,2025-08-12T00:00:00,2025-08-12T03:26:20
inv_000250,sub_00167,cust_00250,plan_basic_monthly,19.99,usd,2025-09-12,2025-10-12,paid,2025-09-12T00:00:00,2025-09-12T18:54:37
inv_000251,sub_00167,cust_00250,plan_basic_monthly,19.99,usd,2025-10-12,2025-11-12,paid,2025-10-12T00:00:00,2025-10-12T08:21:50
inv_000252,sub_00167,cust_00250,plan_basic_monthly,19.99,usd,2025-11-12,2025-12-12,paid,2025-11-12T00:00:00,2025-11-12T08:22:44
inv_000253,sub_00167,cust_00250,plan_basic_monthly,19.99,usd,2025-12-12,2026-01-12,paid,2025-12-12T00:00:00,2025-12-12T18:26:57
inv_000254,sub_00167,cust_00250,plan_basic_monthly,19.99,usd,2026-01-12,2026-02-12,paid,2026-01-12T00:00:00,2026-01-12T00:46:20
inv_000255,sub_00167,cust_00250,plan_basic_monthly,19.99,usd,2026-02-12,2026-03-12,paid,2026-02-12T00:00:00,2026-02-12T12:48:56
inv_000256,sub_00167,cust_00250,plan_basic_monthly,19.99,usd,2026-03-12,2026-04-12,paid,2026-03-12T00:00:00,2026-03-12T02:00:28
inv_000257,sub_00167,cust_00250,plan_basic_monthly,19.99,usd,2026-04-12,2026-05-12,paid,2026-04-12T00:00:00,2026-04-12T09:43:47
inv_000258,sub_00167,cust_00250,plan_plus_monthly,34.99,usd,2026-05-12,2026-06-12,paid,2026-05-12T00:00:00,2026-05-12T06:15:17
inv_000259,sub_00167,cust_00250,plan_plus_monthly,34.99,usd,2026-06-12,2026-07-12,paid,2026-06-12T00:00:00,2026-06-12T19:08:29
inv_000260,sub_00167,cust_00250,plan_plus_monthly,34.99,usd,2026-07-12,2026-08-12,paid,2026-07-12T00:00:00,2026-07-12T10:23:13
inv_000261,sub_00170,cust_00253,plan_plus_monthly,34.99,usd,2026-04-06,2026-05-06,paid,2026-04-06T00:00:00,2026-04-06T14:09:11
inv_000262,sub_00170,cust_00253,plan_plus_monthly,34.99,usd,2026-05-06,2026-06-06,paid,2026-05-06T00:00:00,2026-05-06T10:41:45
inv_000263,sub_00170,cust_00253,plan_plus_monthly,34.99,usd,2026-06-06,2026-07-06,paid,2026-06-06T00:00:00,2026-06-06T21:46:25
inv_000264,sub_00170,cust_00253,plan_plus_monthly,34.99,usd,2026-07-06,2026-08-06,paid,2026-07-06T00:00:00,2026-07-06T22:33:38
inv_000265,sub_00173,cust_00259,plan_basic_monthly,19.99,usd,2026-05-30,2026-06-30,paid,2026-05-30T00:00:00,2026-05-30T00:30:51
inv_000266,sub_00173,cust_00259,plan_basic_monthly,19.99,usd,2026-06-30,2026-07-30,paid,2026-06-30T00:00:00,2026-06-30T05:59:58
inv_000267,sub_00173,cust_00259,plan_basic_monthly,19.99,usd,2026-07-30,2026-08-30,paid,2026-07-30T00:00:00,2026-07-30T06:13:09
inv_000268,sub_00175,cust_00262,plan_plus_annual,314.0,usd,2025-08-11,2026-08-11,paid,2025-08-11T00:00:00,2025-08-11T22:06:13
inv_000269,sub_00177,cust_00265,plan_basic_monthly,19.99,usd,2026-04-21,2026-05-21,paid,2026-04-21T00:00:00,2026-04-21T18:33:48
inv_000270,sub_00177,cust_00265,plan_basic_monthly,19.99,usd,2026-05-21,2026-06-21,paid,2026-05-21T00:00:00,2026-05-21T03:09:02
inv_000271,sub_00177,cust_00265,plan_basic_monthly,19.99,usd,2026-06-21,2026-07-21,paid,2026-06-21T00:00:00,2026-06-21T12:54:14
inv_000272,sub_00177,cust_00265,plan_basic_monthly,19.99,usd,2026-07-21,2026-08-21,paid,2026-07-21T00:00:00,2026-07-21T18:00:33
inv_000273,sub_00178,cust_00266,plan_basic_annual,179.0,usd,2026-01-12,2027-01-12,paid,2026-01-12T00:00:00,2026-01-12T14:46:09
inv_000274,sub_00182,cust_00272,plan_plus_monthly,34.99,usd,2025-12-15,2026-01-15,paid,2025-12-15T00:00:00,2025-12-15T09:21:27
inv_000275,sub_00183,cust_00273,plan_basic_monthly,19.99,usd,2026-01-31,2026-02-28,paid,2026-01-31T00:00:00,2026-01-31T15:56:52
inv_000276,sub_00186,cust_00277,plan_basic_monthly,19.99,usd,2026-03-04,2026-04-04,paid,2026-03-04T00:00:00,2026-03-04T06:45:34
inv_000277,sub_00186,cust_00277,plan_basic_monthly,19.99,usd,2026-04-04,2026-05-04,paid,2026-04-04T00:00:00,2026-04-04T18:45:07
inv_000278,sub_00186,cust_00277,plan_basic_monthly,19.99,usd,2026-05-04,2026-06-04,paid,2026-05-04T00:00:00,2026-05-04T06:43:20
inv_000279,sub_00186,cust_00277,plan_basic_monthly,19.99,usd,2026-06-04,2026-07-04,paid,2026-06-04T00:00:00,2026-06-04T16:51:03
inv_000280,sub_00186,cust_00277,plan_plus_monthly,34.99,usd,2026-07-04,2026-08-04,paid,2026-07-04T00:00:00,2026-07-04T14:24:46
inv_000281,sub_00188,cust_00280,plan_basic_monthly,19.99,usd,2025-07-01,2025-08-01,paid,2025-07-01T00:00:00,2025-07-01T15:28:45
inv_000282,sub_00188,cust_00280,plan_basic_monthly,19.99,usd,2025-08-01,2025-09-01,paid,2025-08-01T00:00:00,2025-08-01T02:47:34
inv_000283,sub_00190,cust_00282,plan_basic_monthly,19.99,usd,2026-03-01,2026-04-01,paid,2026-03-01T00:00:00,2026-03-01T19:45:54
inv_000284,sub_00190,cust_00282,plan_plus_monthly,34.99,usd,2026-04-01,2026-05-01,paid,2026-04-01T00:00:00,2026-04-01T03:57:53
inv_000285,sub_00191,cust_00282,plan_basic_monthly,19.99,usd,2026-07-28,2026-08-28,paid,2026-07-28T00:00:00,2026-07-28T22:15:30
inv_000286,sub_00193,cust_00284,plan_basic_monthly,19.99,usd,2024-01-11,2024-02-11,paid,2024-01-11T00:00:00,2024-01-11T06:04:30
inv_000287,sub_00194,cust_00284,plan_plus_monthly,34.99,usd,2026-01-03,2026-02-03,paid,2026-01-03T00:00:00,2026-01-03T02:51:15
inv_000288,sub_00198,cust_00290,plan_basic_monthly,19.99,usd,2024-10-03,2024-11-03,paid,2024-10-03T00:00:00,2024-10-03T13:30:05
inv_000289,sub_00198,cust_00290,plan_basic_monthly,19.99,usd,2024-11-03,2024-12-03,paid,2024-11-03T00:00:00,2024-11-03T07:11:49
inv_000290,sub_00198,cust_00290,plan_basic_monthly,19.99,usd,2024-12-03,2025-01-03,paid,2024-12-03T00:00:00,2024-12-03T02:34:03
inv_000291,sub_00198,cust_00290,plan_basic_monthly,19.99,usd,2025-01-03,2025-02-03,paid,2025-01-03T00:00:00,2025-01-03T18:57:56
inv_000292,sub_00198,cust_00290,plan_basic_monthly,19.99,usd,2025-02-03,2025-03-03,uncollectible,,2025-02-03T22:03:59
inv_000293,sub_00205,cust_00303,plan_plus_monthly,34.99,usd,2024-10-01,2024-11-01,paid,2024-10-01T00:00:00,2024-10-01T03:34:04
inv_000294,sub_00207,cust_00305,plan_plus_monthly,34.99,usd,2025-09-11,2025-10-11,paid,2025-09-11T00:00:00,2025-09-11T08:17:54
inv_000295,sub_00208,cust_00308,plan_basic_monthly,19.99,usd,2026-07-09,2026-08-09,paid,2026-07-09T00:00:00,2026-07-09T14:12:57
inv_000296,sub_00210,cust_00312,plan_basic_monthly,19.99,usd,2024-01-18,2024-02-18,paid,2024-01-18T00:00:00,2024-01-18T08:51:30
inv_000297,sub_00210,cust_00312,plan_basic_monthly,19.99,usd,2024-02-18,2024-03-18,paid,2024-02-18T00:00:00,2024-02-18T21:59:50
inv_000298,sub_00214,cust_00320,plan_basic_monthly,19.99,usd,2026-05-01,2026-06-01,paid,2026-05-01T00:00:00,2026-05-01T04:17:32
inv_000299,sub_00214,cust_00320,plan_basic_monthly,19.99,usd,2026-06-01,2026-07-01,paid,2026-06-01T00:00:00,2026-06-01T23:46:21
inv_000300,sub_00214,cust_00320,plan_basic_monthly,19.99,usd,2026-07-01,2026-08-01,paid,2026-07-01T00:00:00,2026-07-01T10:26:25
inv_000301,sub_00220,cust_00330,plan_basic_monthly,19.99,usd,2026-01-18,2026-02-18,paid,2026-01-18T00:00:00,2026-01-18T14:13:10
inv_000302,sub_00220,cust_00330,plan_basic_monthly,19.99,usd,2026-02-18,2026-03-18,paid,2026-02-18T00:00:00,2026-02-18T20:54:50
inv_000303,sub_00220,cust_00330,plan_basic_monthly,19.99,usd,2026-03-18,2026-04-18,paid,2026-03-18T00:00:00,2026-03-18T21:38:31
inv_000304,sub_00220,cust_00330,plan_basic_monthly,19.99,usd,2026-04-18,2026-05-18,paid,2026-04-18T00:00:00,2026-04-18T19:25:17
inv_000305,sub_00220,cust_00330,plan_basic_monthly,19.99,usd,2026-05-18,2026-06-18,paid,2026-05-18T00:00:00,2026-05-18T16:32:35
inv_000306,sub_00220,cust_00330,plan_plus_monthly,34.99,usd,2026-06-18,2026-07-18,paid,2026-06-18T00:00:00,2026-06-18T04:15:50
inv_000307,sub_00220,cust_00330,plan_plus_monthly,34.99,usd,2026-07-18,2026-08-18,paid,2026-07-18T00:00:00,2026-07-18T09:17:40
inv_000308,sub_00231,cust_00350,plan_basic_monthly,19.99,usd,2025-08-05,2025-09-05,paid,2025-08-05T00:00:00,2025-08-05T01:05:06
inv_000309,sub_00231,cust_00350,plan_basic_monthly,19.99,usd,2025-09-05,2025-10-05,paid,2025-09-05T00:00:00,2025-09-05T02:01:53
inv_000310,sub_00231,cust_00350,plan_basic_monthly,19.99,usd,2025-10-05,2025-11-05,paid,2025-10-05T00:00:00,2025-10-05T20:02:13
inv_000311,sub_00231,cust_00350,plan_basic_monthly,19.99,usd,2025-11-05,2025-12-05,paid,2025-11-05T00:00:00,2025-11-05T13:09:30
inv_000312,sub_00231,cust_00350,plan_basic_monthly,19.99,usd,2025-12-05,2026-01-05,paid,2025-12-05T00:00:00,2025-12-05T14:01:41
inv_000313,sub_00231,cust_00350,plan_basic_monthly,19.99,usd,2026-01-05,2026-02-05,paid,2026-01-05T00:00:00,2026-01-05T20:34:01
inv_000314,sub_00231,cust_00350,plan_basic_monthly,19.99,usd,2026-02-05,2026-03-05,paid,2026-02-05T00:00:00,2026-02-05T10:52:31
inv_000315,sub_00231,cust_00350,plan_basic_monthly,19.99,usd,2026-03-05,2026-04-05,paid,2026-03-05T00:00:00,2026-03-05T17:27:41
inv_000316,sub_00231,cust_00350,plan_basic_monthly,19.99,usd,2026-04-05,2026-05-05,paid,2026-04-05T00:00:00,2026-04-05T02:49:19
inv_000317,sub_00231,cust_00350,plan_basic_monthly,19.99,usd,2026-05-05,2026-06-05,paid,2026-05-05T00:00:00,2026-05-05T18:45:02
inv_000318,sub_00231,cust_00350,plan_basic_monthly,19.99,usd,2026-06-05,2026-07-05,paid,2026-06-05T00:00:00,2026-06-05T08:21:22
inv_000319,sub_00231,cust_00350,plan_basic_monthly,19.99,usd,2026-07-05,2026-08-05,paid,2026-07-05T00:00:00,2026-07-05T22:08:09
inv_000320,sub_00238,cust_00361,plan_basic_annual,179.0,usd,2026-06-03,2027-06-03,paid,2026-06-03T00:00:00,2026-06-03T15:00:39
inv_000321,sub_00239,cust_00363,plan_basic_monthly,19.99,usd,2025-07-16,2025-08-16,paid,2025-07-16T00:00:00,2025-07-16T00:59:21
inv_000322,sub_00239,cust_00363,plan_basic_monthly,19.99,usd,2025-08-16,2025-09-16,paid,2025-08-16T00:00:00,2025-08-16T03:29:06
inv_000323,sub_00239,cust_00363,plan_basic_monthly,19.99,usd,2025-09-16,2025-10-16,paid,2025-09-16T00:00:00,2025-09-16T13:40:53
inv_000324,sub_00239,cust_00363,plan_basic_monthly,19.99,usd,2025-10-16,2025-11-16,paid,2025-10-16T00:00:00,2025-10-16T15:38:49
inv_000325,sub_00239,cust_00363,plan_basic_monthly,19.99,usd,2025-11-16,2025-12-16,paid,2025-11-16T00:00:00,2025-11-16T10:19:10
inv_000326,sub_00239,cust_00363,plan_basic_monthly,19.99,usd,2025-12-16,2026-01-16,paid,2025-12-16T00:00:00,2025-12-16T09:58:32
inv_000327,sub_00239,cust_00363,plan_basic_monthly,19.99,usd,2026-01-16,2026-02-16,paid,2026-01-16T00:00:00,2026-01-16T23:29:34
inv_000328,sub_00239,cust_00363,plan_basic_monthly,19.99,usd,2026-02-16,2026-03-16,paid,2026-02-16T00:00:00,2026-02-16T05:10:15
inv_000329,sub_00239,cust_00363,plan_basic_monthly,19.99,usd,2026-03-16,2026-04-16,paid,2026-03-16T00:00:00,2026-03-16T11:02:58
inv_000330,sub_00239,cust_00363,plan_basic_monthly,19.99,usd,2026-04-16,2026-05-16,paid,2026-04-16T00:00:00,2026-04-16T17:21:06
inv_000331,sub_00239,cust_00363,plan_basic_monthly,19.99,usd,2026-05-16,2026-06-16,paid,2026-05-16T00:00:00,2026-05-16T00:07:26
inv_000332,sub_00239,cust_00363,plan_basic_monthly,19.99,usd,2026-06-16,2026-07-16,paid,2026-06-16T00:00:00,2026-06-16T10:24:54
inv_000333,sub_00239,cust_00363,plan_basic_monthly,19.99,usd,2026-07-16,2026-08-16,paid,2026-07-16T00:00:00,2026-07-16T14:52:27
inv_000334,sub_00243,cust_00369,plan_basic_monthly,19.99,usd,2026-01-09,2026-02-09,paid,2026-01-09T00:00:00,2026-01-09T16:09:04
inv_000335,sub_00243,cust_00369,plan_basic_monthly,19.99,usd,2026-02-09,2026-03-09,paid,2026-02-09T00:00:00,2026-02-09T10:07:36
inv_000336,sub_00243,cust_00369,plan_basic_monthly,19.99,usd,2026-03-09,2026-04-09,paid,2026-03-09T00:00:00,2026-03-09T11:17:42
inv_000337,sub_00243,cust_00369,plan_basic_monthly,19.99,usd,2026-04-09,2026-05-09,paid,2026-04-09T00:00:00,2026-04-09T12:31:25
inv_000338,sub_00243,cust_00369,plan_basic_monthly,19.99,usd,2026-05-09,2026-06-09,paid,2026-05-09T00:00:00,2026-05-09T14:55:30
inv_000339,sub_00243,cust_00369,plan_basic_monthly,19.99,usd,2026-06-09,2026-07-09,paid,2026-06-09T00:00:00,2026-06-09T05:43:07
inv_000340,sub_00243,cust_00369,plan_basic_monthly,19.99,usd,2026-07-09,2026-08-09,paid,2026-07-09T00:00:00,2026-07-09T23:58:41
inv_000341,sub_00245,cust_00372,plan_basic_monthly,19.99,usd,2023-12-06,2024-01-06,paid,2023-12-06T00:00:00,2023-12-06T19:35:55
inv_000342,sub_00245,cust_00372,plan_basic_monthly,19.99,usd,2024-01-06,2024-02-06,uncollectible,,2024-01-06T09:23:54
inv_000343,sub_00250,cust_00382,plan_basic_monthly,19.99,usd,2025-05-11,2025-06-11,paid,2025-05-11T00:00:00,2025-05-11T01:16:50
inv_000344,sub_00250,cust_00382,plan_basic_monthly,19.99,usd,2025-06-11,2025-07-11,paid,2025-06-11T00:00:00,2025-06-11T06:24:52
inv_000345,sub_00250,cust_00382,plan_basic_monthly,19.99,usd,2025-07-11,2025-08-11,paid,2025-07-11T00:00:00,2025-07-11T06:30:08
inv_000346,sub_00251,cust_00385,plan_basic_annual,179.0,usd,2024-09-26,2025-09-26,paid,2024-09-26T00:00:00,2024-09-26T23:21:49
inv_000347,sub_00251,cust_00385,plan_basic_annual,179.0,usd,2025-09-26,2026-09-26,paid,2025-09-26T00:00:00,2025-09-26T02:17:19
inv_000348,sub_00257,cust_00392,plan_basic_monthly,19.99,usd,2026-01-22,2026-02-22,paid,2026-01-22T00:00:00,2026-01-22T14:48:29
inv_000349,sub_00259,cust_00394,plan_plus_monthly,34.99,usd,2024-03-21,2024-04-21,paid,2024-03-21T00:00:00,2024-03-21T15:44:49
inv_000350,sub_00259,cust_00394,plan_plus_monthly,34.99,usd,2024-04-21,2024-05-21,paid,2024-04-21T00:00:00,2024-04-21T05:09:34
inv_000351,sub_00259,cust_00394,plan_plus_monthly,34.99,usd,2024-05-21,2024-06-21,paid,2024-05-21T00:00:00,2024-05-21T11:29:29
inv_000352,sub_00259,cust_00394,plan_plus_monthly,34.99,usd,2024-06-21,2024-07-21,paid,2024-06-21T00:00:00,2024-06-21T14:52:18
inv_000353,sub_00259,cust_00394,plan_plus_monthly,34.99,usd,2024-07-21,2024-08-21,paid,2024-07-21T00:00:00,2024-07-21T23:24:16
inv_000354,sub_00259,cust_00394,plan_basic_monthly,19.99,usd,2024-08-21,2024-09-21,paid,2024-08-21T00:00:00,2024-08-21T00:01:46
inv_000355,sub_00259,cust_00394,plan_basic_monthly,19.99,usd,2024-09-21,2024-10-21,paid,2024-09-21T00:00:00,2024-09-21T21:45:04
inv_000356,sub_00259,cust_00394,plan_basic_monthly,19.99,usd,2024-10-21,2024-11-21,paid,2024-10-21T00:00:00,2024-10-21T23:02:22
inv_000357,sub_00259,cust_00394,plan_basic_monthly,19.99,usd,2024-11-21,2024-12-21,paid,2024-11-21T00:00:00,2024-11-21T03:33:11
inv_000358,sub_00259,cust_00394,plan_basic_monthly,19.99,usd,2024-12-21,2025-01-21,paid,2024-12-21T00:00:00,2024-12-21T14:38:04
inv_000359,sub_00259,cust_00394,plan_basic_monthly,19.99,usd,2025-01-21,2025-02-21,uncollectible,,2025-01-21T23:04:52
inv_000360,sub_00260,cust_00394,plan_basic_monthly,19.99,usd,2026-05-02,2026-06-02,paid,2026-05-02T00:00:00,2026-05-02T22:23:49
inv_000361,sub_00260,cust_00394,plan_basic_monthly,19.99,usd,2026-06-02,2026-07-02,paid,2026-06-02T00:00:00,2026-06-02T02:42:09
inv_000362,sub_00260,cust_00394,plan_basic_monthly,19.99,usd,2026-07-02,2026-08-02,paid,2026-07-02T00:00:00,2026-07-02T16:07:16
inv_000363,sub_00261,cust_00397,plan_basic_monthly,19.99,usd,2026-07-19,2026-08-19,paid,2026-07-19T00:00:00,2026-07-19T01:10:32
inv_000364,sub_00268,cust_00404,plan_basic_monthly,19.99,usd,2025-06-22,2025-07-22,paid,2025-06-22T00:00:00,2025-06-22T05:32:46
inv_000365,sub_00268,cust_00404,plan_basic_monthly,19.99,usd,2025-07-22,2025-08-22,paid,2025-07-22T00:00:00,2025-07-22T16:12:19
inv_000366,sub_00268,cust_00404,plan_basic_monthly,19.99,usd,2025-08-22,2025-09-22,paid,2025-08-22T00:00:00,2025-08-22T09:07:04
inv_000367,sub_00268,cust_00404,plan_basic_monthly,19.99,usd,2025-09-22,2025-10-22,paid,2025-09-22T00:00:00,2025-09-22T00:37:54
inv_000368,sub_00268,cust_00404,plan_basic_monthly,19.99,usd,2025-10-22,2025-11-22,paid,2025-10-22T00:00:00,2025-10-22T18:20:49
inv_000369,sub_00268,cust_00404,plan_plus_monthly,34.99,usd,2025-11-22,2025-12-22,paid,2025-11-22T00:00:00,2025-11-22T06:04:54
inv_000370,sub_00268,cust_00404,plan_plus_monthly,34.99,usd,2025-12-22,2026-01-22,paid,2025-12-22T00:00:00,2025-12-22T10:22:44
inv_000371,sub_00268,cust_00404,plan_plus_monthly,34.99,usd,2026-01-22,2026-02-22,paid,2026-01-22T00:00:00,2026-01-22T15:15:09
inv_000372,sub_00268,cust_00404,plan_plus_monthly,34.99,usd,2026-02-22,2026-03-22,paid,2026-02-22T00:00:00,2026-02-22T03:57:45
inv_000373,sub_00268,cust_00404,plan_plus_monthly,34.99,usd,2026-03-22,2026-04-22,paid,2026-03-22T00:00:00,2026-03-22T15:51:23
inv_000374,sub_00268,cust_00404,plan_plus_monthly,34.99,usd,2026-04-22,2026-05-22,paid,2026-04-22T00:00:00,2026-04-22T08:19:08
inv_000375,sub_00268,cust_00404,plan_plus_monthly,34.99,usd,2026-05-22,2026-06-22,paid,2026-05-22T00:00:00,2026-05-22T01:10:36
inv_000376,sub_00268,cust_00404,plan_plus_monthly,34.99,usd,2026-06-22,2026-07-22,paid,2026-06-22T00:00:00,2026-06-22T22:56:29
inv_000377,sub_00268,cust_00404,plan_plus_monthly,34.99,usd,2026-07-22,2026-08-22,paid,2026-07-22T00:00:00,2026-07-22T18:35:25
inv_000378,sub_00271,cust_00409,plan_basic_monthly,19.99,usd,2026-05-20,2026-06-20,paid,2026-05-20T00:00:00,2026-05-20T17:14:58
inv_000379,sub_00272,cust_00410,plan_basic_monthly,19.99,usd,2024-11-10,2024-12-10,paid,2024-11-10T00:00:00,2024-11-10T04:50:18
inv_000380,sub_00272,cust_00410,plan_basic_monthly,19.99,usd,2024-12-10,2025-01-10,paid,2024-12-10T00:00:00,2024-12-10T13:54:12
inv_000381,sub_00272,cust_00410,plan_basic_monthly,19.99,usd,2025-01-10,2025-02-10,paid,2025-01-10T00:00:00,2025-01-10T14:57:08
inv_000382,sub_00272,cust_00410,plan_basic_monthly,19.99,usd,2025-02-10,2025-03-10,paid,2025-02-10T00:00:00,2025-02-10T07:27:58
inv_000383,sub_00272,cust_00410,plan_basic_monthly,19.99,usd,2025-03-10,2025-04-10,paid,2025-03-10T00:00:00,2025-03-10T16:10:59
inv_000384,sub_00272,cust_00410,plan_basic_monthly,19.99,usd,2025-04-10,2025-05-10,paid,2025-04-10T00:00:00,2025-04-10T08:07:06
inv_000385,sub_00272,cust_00410,plan_basic_monthly,19.99,usd,2025-05-10,2025-06-10,paid,2025-05-10T00:00:00,2025-05-10T07:43:10
inv_000386,sub_00272,cust_00410,plan_basic_monthly,19.99,usd,2025-06-10,2025-07-10,paid,2025-06-10T00:00:00,2025-06-10T03:57:18
inv_000387,sub_00272,cust_00410,plan_basic_monthly,19.99,usd,2025-07-10,2025-08-10,paid,2025-07-10T00:00:00,2025-07-10T06:51:18
inv_000388,sub_00272,cust_00410,plan_basic_monthly,19.99,usd,2025-08-10,2025-09-10,paid,2025-08-10T00:00:00,2025-08-10T14:11:01
inv_000389,sub_00272,cust_00410,plan_basic_monthly,19.99,usd,2025-09-10,2025-10-10,paid,2025-09-10T00:00:00,2025-09-10T15:13:36
inv_000390,sub_00272,cust_00410,plan_basic_monthly,19.99,usd,2025-10-10,2025-11-10,paid,2025-10-10T00:00:00,2025-10-10T06:45:50
inv_000391,sub_00272,cust_00410,plan_basic_monthly,19.99,usd,2025-11-10,2025-12-10,paid,2025-11-10T00:00:00,2025-11-10T10:17:45
inv_000392,sub_00272,cust_00410,plan_basic_monthly,19.99,usd,2025-12-10,2026-01-10,paid,2025-12-10T00:00:00,2025-12-10T11:31:35
inv_000393,sub_00272,cust_00410,plan_basic_monthly,19.99,usd,2026-01-10,2026-02-10,paid,2026-01-10T00:00:00,2026-01-10T22:57:08
inv_000394,sub_00272,cust_00410,plan_basic_monthly,19.99,usd,2026-02-10,2026-03-10,paid,2026-02-10T00:00:00,2026-02-10T00:45:02
inv_000395,sub_00272,cust_00410,plan_basic_monthly,19.99,usd,2026-03-10,2026-04-10,paid,2026-03-10T00:00:00,2026-03-10T15:23:58
inv_000396,sub_00272,cust_00410,plan_basic_monthly,19.99,usd,2026-04-10,2026-05-10,paid,2026-04-10T00:00:00,2026-04-10T06:34:29
inv_000397,sub_00272,cust_00410,plan_basic_monthly,19.99,usd,2026-05-10,2026-06-10,paid,2026-05-10T00:00:00,2026-05-10T11:12:29
inv_000398,sub_00272,cust_00410,plan_basic_monthly,19.99,usd,2026-06-10,2026-07-10,paid,2026-06-10T00:00:00,2026-06-10T09:00:56
inv_000399,sub_00272,cust_00410,plan_basic_monthly,19.99,usd,2026-07-10,2026-08-10,paid,2026-07-10T00:00:00,2026-07-10T20:11:39
inv_000400,sub_00277,cust_00416,plan_basic_monthly,19.99,usd,2024-02-08,2024-03-08,paid,2024-02-08T00:00:00,2024-02-08T00:55:06
inv_000401,sub_00277,cust_00416,plan_basic_monthly,19.99,usd,2024-03-08,2024-04-08,paid,2024-03-08T00:00:00,2024-03-08T08:11:57
inv_000402,sub_00277,cust_00416,plan_basic_monthly,19.99,usd,2024-04-08,2024-05-08,paid,2024-04-08T00:00:00,2024-04-08T09:14:55
inv_000403,sub_00277,cust_00416,plan_basic_monthly,19.99,usd,2024-05-08,2024-06-08,paid,2024-05-08T00:00:00,2024-05-08T04:52:05
inv_000404,sub_00277,cust_00416,plan_basic_monthly,19.99,usd,2024-06-08,2024-07-08,paid,2024-06-08T00:00:00,2024-06-08T00:37:13
inv_000405,sub_00277,cust_00416,plan_basic_monthly,19.99,usd,2024-07-08,2024-08-08,paid,2024-07-08T00:00:00,2024-07-08T07:41:59
inv_000406,sub_00277,cust_00416,plan_basic_monthly,19.99,usd,2024-08-08,2024-09-08,paid,2024-08-08T00:00:00,2024-08-08T12:54:56
inv_000407,sub_00277,cust_00416,plan_basic_monthly,19.99,usd,2024-09-08,2024-10-08,paid,2024-09-08T00:00:00,2024-09-08T02:16:12
inv_000408,sub_00277,cust_00416,plan_basic_monthly,19.99,usd,2024-10-08,2024-11-08,paid,2024-10-08T00:00:00,2024-10-08T18:05:32
inv_000409,sub_00277,cust_00416,plan_basic_monthly,19.99,usd,2024-11-08,2024-12-08,paid,2024-11-08T00:00:00,2024-11-08T10:47:41
inv_000410,sub_00277,cust_00416,plan_basic_monthly,19.99,usd,2024-12-08,2025-01-08,paid,2024-12-08T00:00:00,2024-12-08T22:42:25
inv_000411,sub_00277,cust_00416,plan_basic_monthly,19.99,usd,2025-01-08,2025-02-08,paid,2025-01-08T00:00:00,2025-01-08T11:12:37
inv_000412,sub_00277,cust_00416,plan_basic_monthly,19.99,usd,2025-02-08,2025-03-08,paid,2025-02-08T00:00:00,2025-02-08T04:26:46
inv_000413,sub_00277,cust_00416,plan_basic_monthly,19.99,usd,2025-03-08,2025-04-08,paid,2025-03-08T00:00:00,2025-03-08T08:55:50
inv_000414,sub_00277,cust_00416,plan_basic_monthly,19.99,usd,2025-04-08,2025-05-08,paid,2025-04-08T00:00:00,2025-04-08T18:04:44
inv_000415,sub_00277,cust_00416,plan_basic_monthly,19.99,usd,2025-05-08,2025-06-08,paid,2025-05-08T00:00:00,2025-05-08T05:18:46
inv_000416,sub_00277,cust_00416,plan_basic_monthly,19.99,usd,2025-06-08,2025-07-08,paid,2025-06-08T00:00:00,2025-06-08T22:53:12
inv_000417,sub_00277,cust_00416,plan_basic_monthly,19.99,usd,2025-07-08,2025-08-08,paid,2025-07-08T00:00:00,2025-07-08T10:19:11
inv_000418,sub_00277,cust_00416,plan_basic_monthly,19.99,usd,2025-08-08,2025-09-08,paid,2025-08-08T00:00:00,2025-08-08T05:46:16
inv_000419,sub_00277,cust_00416,plan_basic_monthly,19.99,usd,2025-09-08,2025-10-08,paid,2025-09-08T00:00:00,2025-09-08T05:18:43
inv_000420,sub_00277,cust_00416,plan_basic_monthly,19.99,usd,2025-10-08,2025-11-08,paid,2025-10-08T00:00:00,2025-10-08T19:40:24
inv_000421,sub_00277,cust_00416,plan_basic_monthly,19.99,usd,2025-11-08,2025-12-08,paid,2025-11-08T00:00:00,2025-11-08T05:57:43
inv_000422,sub_00277,cust_00416,plan_basic_monthly,19.99,usd,2025-12-08,2026-01-08,paid,2025-12-08T00:00:00,2025-12-08T16:02:07
inv_000423,sub_00277,cust_00416,plan_basic_monthly,19.99,usd,2026-01-08,2026-02-08,paid,2026-01-08T00:00:00,2026-01-08T04:24:23
inv_000424,sub_00277,cust_00416,plan_basic_monthly,19.99,usd,2026-02-08,2026-03-08,paid,2026-02-08T00:00:00,2026-02-08T14:08:00
inv_000425,sub_00277,cust_00416,plan_basic_monthly,19.99,usd,2026-03-08,2026-04-08,paid,2026-03-08T00:00:00,2026-03-08T01:46:18
inv_000426,sub_00277,cust_00416,plan_basic_monthly,19.99,usd,2026-04-08,2026-05-08,paid,2026-04-08T00:00:00,2026-04-08T22:02:31
inv_000427,sub_00277,cust_00416,plan_basic_monthly,19.99,usd,2026-05-08,2026-06-08,paid,2026-05-08T00:00:00,2026-05-08T07:31:02
inv_000428,sub_00277,cust_00416,plan_basic_monthly,19.99,usd,2026-06-08,2026-07-08,paid,2026-06-08T00:00:00,2026-06-08T11:56:42
inv_000429,sub_00277,cust_00416,plan_basic_monthly,19.99,usd,2026-07-08,2026-08-08,paid,2026-07-08T00:00:00,2026-07-08T09:13:02
inv_000430,sub_00284,cust_00427,plan_basic_monthly,19.99,usd,2025-11-05,2025-12-05,paid,2025-11-05T00:00:00,2025-11-05T20:41:16
inv_000431,sub_00284,cust_00427,plan_plus_monthly,34.99,usd,2025-12-05,2026-01-05,paid,2025-12-05T00:00:00,2025-12-05T02:52:22
inv_000432,sub_00284,cust_00427,plan_plus_monthly,34.99,usd,2026-01-05,2026-02-05,paid,2026-01-05T00:00:00,2026-01-05T13:18:51
inv_000433,sub_00285,cust_00427,plan_plus_monthly,34.99,usd,2026-04-09,2026-05-09,paid,2026-04-09T00:00:00,2026-04-09T23:56:09
inv_000434,sub_00285,cust_00427,plan_plus_monthly,34.99,usd,2026-05-09,2026-06-09,paid,2026-05-09T00:00:00,2026-05-09T11:26:00
inv_000435,sub_00286,cust_00427,plan_basic_monthly,19.99,usd,2026-07-24,2026-08-24,paid,2026-07-24T00:00:00,2026-07-24T16:06:34
inv_000436,sub_00289,cust_00430,plan_basic_monthly,19.99,usd,2024-01-20,2024-02-20,paid,2024-01-20T00:00:00,2024-01-20T15:39:02
inv_000437,sub_00290,cust_00430,plan_basic_annual,179.0,usd,2025-01-17,2026-01-17,paid,2025-01-17T00:00:00,2025-01-17T05:32:08
inv_000438,sub_00290,cust_00430,plan_basic_annual,179.0,usd,2026-01-17,2027-01-17,uncollectible,,2026-01-17T23:59:09
inv_000439,sub_00291,cust_00430,plan_basic_monthly,19.99,usd,2026-05-12,2026-06-12,paid,2026-05-12T00:00:00,2026-05-12T00:51:18
inv_000440,sub_00294,cust_00434,plan_plus_monthly,34.99,usd,2025-02-15,2025-03-15,paid,2025-02-15T00:00:00,2025-02-15T20:07:17
inv_000441,sub_00294,cust_00434,plan_plus_monthly,34.99,usd,2025-03-15,2025-04-15,paid,2025-03-15T00:00:00,2025-03-15T17:12:05
inv_000442,sub_00294,cust_00434,plan_plus_monthly,34.99,usd,2025-04-15,2025-05-15,paid,2025-04-15T00:00:00,2025-04-15T07:43:55
inv_000443,sub_00294,cust_00434,plan_plus_monthly,34.99,usd,2025-05-15,2025-06-15,paid,2025-05-15T00:00:00,2025-05-15T12:34:06
inv_000444,sub_00294,cust_00434,plan_plus_monthly,34.99,usd,2025-06-15,2025-07-15,paid,2025-06-15T00:00:00,2025-06-15T03:12:23
inv_000445,sub_00294,cust_00434,plan_plus_monthly,34.99,usd,2025-07-15,2025-08-15,paid,2025-07-15T00:00:00,2025-07-15T12:36:15
inv_000446,sub_00294,cust_00434,plan_plus_monthly,34.99,usd,2025-08-15,2025-09-15,paid,2025-08-15T00:00:00,2025-08-15T04:17:15
inv_000447,sub_00294,cust_00434,plan_plus_monthly,34.99,usd,2025-09-15,2025-10-15,paid,2025-09-15T00:00:00,2025-09-15T19:30:43
inv_000448,sub_00294,cust_00434,plan_plus_monthly,34.99,usd,2025-10-15,2025-11-15,paid,2025-10-15T00:00:00,2025-10-15T18:39:46
inv_000449,sub_00294,cust_00434,plan_plus_monthly,34.99,usd,2025-11-15,2025-12-15,paid,2025-11-15T00:00:00,2025-11-15T10:12:40
inv_000450,sub_00294,cust_00434,plan_plus_monthly,34.99,usd,2025-12-15,2026-01-15,paid,2025-12-15T00:00:00,2025-12-15T17:22:10
inv_000451,sub_00294,cust_00434,plan_plus_monthly,34.99,usd,2026-01-15,2026-02-15,paid,2026-01-15T00:00:00,2026-01-15T19:45:26
inv_000452,sub_00294,cust_00434,plan_plus_monthly,34.99,usd,2026-02-15,2026-03-15,paid,2026-02-15T00:00:00,2026-02-15T03:20:14
inv_000453,sub_00294,cust_00434,plan_plus_monthly,34.99,usd,2026-03-15,2026-04-15,paid,2026-03-15T00:00:00,2026-03-15T17:37:32
inv_000454,sub_00294,cust_00434,plan_plus_monthly,34.99,usd,2026-04-15,2026-05-15,paid,2026-04-15T00:00:00,2026-04-15T04:18:21
inv_000455,sub_00294,cust_00434,plan_plus_monthly,34.99,usd,2026-05-15,2026-06-15,paid,2026-05-15T00:00:00,2026-05-15T10:40:11
inv_000456,sub_00294,cust_00434,plan_plus_monthly,34.99,usd,2026-06-15,2026-07-15,paid,2026-06-15T00:00:00,2026-06-15T17:27:48
inv_000457,sub_00294,cust_00434,plan_plus_monthly,34.99,usd,2026-07-15,2026-08-15,paid,2026-07-15T00:00:00,2026-07-15T22:23:50
inv_000458,sub_00296,cust_00441,plan_basic_monthly,19.99,usd,2025-01-16,2025-02-16,paid,2025-01-16T00:00:00,2025-01-16T09:58:56
inv_000459,sub_00296,cust_00441,plan_basic_monthly,19.99,usd,2025-02-16,2025-03-16,paid,2025-02-16T00:00:00,2025-02-16T12:22:04
inv_000460,sub_00296,cust_00441,plan_basic_monthly,19.99,usd,2025-03-16,2025-04-16,paid,2025-03-16T00:00:00,2025-03-16T09:09:13
inv_000461,sub_00296,cust_00441,plan_basic_monthly,19.99,usd,2025-04-16,2025-05-16,paid,2025-04-16T00:00:00,2025-04-16T03:37:12
inv_000462,sub_00296,cust_00441,plan_basic_monthly,19.99,usd,2025-05-16,2025-06-16,uncollectible,,2025-05-16T03:54:22
inv_000463,sub_00300,cust_00447,plan_plus_monthly,34.99,usd,2024-01-22,2024-02-22,paid,2024-01-22T00:00:00,2024-01-22T10:06:39
inv_000464,sub_00300,cust_00447,plan_plus_monthly,34.99,usd,2024-02-22,2024-03-22,paid,2024-02-22T00:00:00,2024-02-22T17:17:34
inv_000465,sub_00307,cust_00456,plan_basic_monthly,19.99,usd,2024-03-10,2024-04-10,paid,2024-03-10T00:00:00,2024-03-10T20:45:06
inv_000466,sub_00311,cust_00462,plan_basic_annual,179.0,usd,2025-07-03,2026-07-03,paid,2025-07-03T00:00:00,2025-07-03T04:09:38
inv_000467,sub_00311,cust_00462,plan_basic_annual,179.0,usd,2026-07-03,2027-07-03,paid,2026-07-03T00:00:00,2026-07-03T19:25:14
inv_000468,sub_00315,cust_00469,plan_basic_monthly,19.99,usd,2025-10-24,2025-11-24,paid,2025-10-24T00:00:00,2025-10-24T20:44:47
inv_000469,sub_00315,cust_00469,plan_basic_monthly,19.99,usd,2025-11-24,2025-12-24,uncollectible,,2025-11-24T17:52:47
inv_000470,sub_00317,cust_00471,plan_basic_annual,179.0,usd,2023-11-03,2024-11-03,paid,2023-11-03T00:00:00,2023-11-03T16:09:12
inv_000471,sub_00318,cust_00472,plan_basic_monthly,19.99,usd,2024-01-16,2024-02-16,paid,2024-01-16T00:00:00,2024-01-16T08:27:57
inv_000472,sub_00318,cust_00472,plan_basic_monthly,19.99,usd,2024-02-16,2024-03-16,paid,2024-02-16T00:00:00,2024-02-16T16:41:27
inv_000473,sub_00318,cust_00472,plan_basic_monthly,19.99,usd,2024-03-16,2024-04-16,paid,2024-03-16T00:00:00,2024-03-16T10:58:42
inv_000474,sub_00318,cust_00472,plan_basic_monthly,19.99,usd,2024-04-16,2024-05-16,paid,2024-04-16T00:00:00,2024-04-16T04:23:33
inv_000475,sub_00318,cust_00472,plan_basic_monthly,19.99,usd,2024-05-16,2024-06-16,paid,2024-05-16T00:00:00,2024-05-16T03:06:18
inv_000476,sub_00318,cust_00472,plan_basic_monthly,19.99,usd,2024-06-16,2024-07-16,paid,2024-06-16T00:00:00,2024-06-16T19:10:02
inv_000477,sub_00318,cust_00472,plan_basic_monthly,19.99,usd,2024-07-16,2024-08-16,paid,2024-07-16T00:00:00,2024-07-16T07:56:21
inv_000478,sub_00318,cust_00472,plan_basic_monthly,19.99,usd,2024-08-16,2024-09-16,paid,2024-08-16T00:00:00,2024-08-16T15:15:09
inv_000479,sub_00318,cust_00472,plan_basic_monthly,19.99,usd,2024-09-16,2024-10-16,paid,2024-09-16T00:00:00,2024-09-16T15:09:29
inv_000480,sub_00318,cust_00472,plan_basic_monthly,19.99,usd,2024-10-16,2024-11-16,paid,2024-10-16T00:00:00,2024-10-16T00:17:22
inv_000481,sub_00318,cust_00472,plan_basic_monthly,19.99,usd,2024-11-16,2024-12-16,paid,2024-11-16T00:00:00,2024-11-16T17:36:41
inv_000482,sub_00318,cust_00472,plan_basic_monthly,19.99,usd,2024-12-16,2025-01-16,paid,2024-12-16T00:00:00,2024-12-16T15:00:53
inv_000483,sub_00318,cust_00472,plan_basic_monthly,19.99,usd,2025-01-16,2025-02-16,paid,2025-01-16T00:00:00,2025-01-16T12:14:25
inv_000484,sub_00318,cust_00472,plan_basic_monthly,19.99,usd,2025-02-16,2025-03-16,paid,2025-02-16T00:00:00,2025-02-16T00:45:37
inv_000485,sub_00318,cust_00472,plan_basic_monthly,19.99,usd,2025-03-16,2025-04-16,paid,2025-03-16T00:00:00,2025-03-16T16:06:31
inv_000486,sub_00318,cust_00472,plan_basic_monthly,19.99,usd,2025-04-16,2025-05-16,paid,2025-04-16T00:00:00,2025-04-16T05:14:30
inv_000487,sub_00318,cust_00472,plan_basic_monthly,19.99,usd,2025-05-16,2025-06-16,paid,2025-05-16T00:00:00,2025-05-16T06:59:45
inv_000488,sub_00318,cust_00472,plan_basic_monthly,19.99,usd,2025-06-16,2025-07-16,paid,2025-06-16T00:00:00,2025-06-16T20:49:06
inv_000489,sub_00318,cust_00472,plan_basic_monthly,19.99,usd,2025-07-16,2025-08-16,paid,2025-07-16T00:00:00,2025-07-16T11:18:01
inv_000490,sub_00318,cust_00472,plan_basic_monthly,19.99,usd,2025-08-16,2025-09-16,paid,2025-08-16T00:00:00,2025-08-16T09:43:51
inv_000491,sub_00318,cust_00472,plan_basic_monthly,19.99,usd,2025-09-16,2025-10-16,paid,2025-09-16T00:00:00,2025-09-16T04:43:59
inv_000492,sub_00318,cust_00472,plan_basic_monthly,19.99,usd,2025-10-16,2025-11-16,paid,2025-10-16T00:00:00,2025-10-16T06:34:32
inv_000493,sub_00318,cust_00472,plan_basic_monthly,19.99,usd,2025-11-16,2025-12-16,paid,2025-11-16T00:00:00,2025-11-16T15:44:13
inv_000494,sub_00318,cust_00472,plan_basic_monthly,19.99,usd,2025-12-16,2026-01-16,paid,2025-12-16T00:00:00,2025-12-16T21:41:06
inv_000495,sub_00318,cust_00472,plan_basic_monthly,19.99,usd,2026-01-16,2026-02-16,paid,2026-01-16T00:00:00,2026-01-16T02:05:55
inv_000496,sub_00318,cust_00472,plan_basic_monthly,19.99,usd,2026-02-16,2026-03-16,paid,2026-02-16T00:00:00,2026-02-16T17:07:39
inv_000497,sub_00318,cust_00472,plan_basic_monthly,19.99,usd,2026-03-16,2026-04-16,paid,2026-03-16T00:00:00,2026-03-16T15:29:33
inv_000498,sub_00318,cust_00472,plan_basic_monthly,19.99,usd,2026-04-16,2026-05-16,paid,2026-04-16T00:00:00,2026-04-16T08:01:36
inv_000499,sub_00318,cust_00472,plan_basic_monthly,19.99,usd,2026-05-16,2026-06-16,paid,2026-05-16T00:00:00,2026-05-16T09:04:55
inv_000500,sub_00318,cust_00472,plan_basic_monthly,19.99,usd,2026-06-16,2026-07-16,paid,2026-06-16T00:00:00,2026-06-16T18:34:32
inv_000501,sub_00318,cust_00472,plan_basic_monthly,19.99,usd,2026-07-16,2026-08-16,paid,2026-07-16T00:00:00,2026-07-16T11:02:45
inv_000502,sub_00319,cust_00474,plan_basic_monthly,19.99,usd,2025-11-08,2025-12-08,paid,2025-11-08T00:00:00,2025-11-08T09:46:20
inv_000503,sub_00319,cust_00474,plan_basic_monthly,19.99,usd,2025-12-08,2026-01-08,paid,2025-12-08T00:00:00,2025-12-08T07:05:40
inv_000504,sub_00319,cust_00474,plan_basic_monthly,19.99,usd,2026-01-08,2026-02-08,paid,2026-01-08T00:00:00,2026-01-08T12:53:18
inv_000505,sub_00319,cust_00474,plan_basic_monthly,19.99,usd,2026-02-08,2026-03-08,paid,2026-02-08T00:00:00,2026-02-08T05:59:16
inv_000506,sub_00319,cust_00474,plan_basic_monthly,19.99,usd,2026-03-08,2026-04-08,paid,2026-03-08T00:00:00,2026-03-08T22:47:28
inv_000507,sub_00319,cust_00474,plan_plus_monthly,34.99,usd,2026-04-08,2026-05-08,paid,2026-04-08T00:00:00,2026-04-08T13:55:08
inv_000508,sub_00319,cust_00474,plan_plus_monthly,34.99,usd,2026-05-08,2026-06-08,paid,2026-05-08T00:00:00,2026-05-08T07:40:22
inv_000509,sub_00319,cust_00474,plan_plus_monthly,34.99,usd,2026-06-08,2026-07-08,paid,2026-06-08T00:00:00,2026-06-08T03:44:40
inv_000510,sub_00319,cust_00474,plan_plus_monthly,34.99,usd,2026-07-08,2026-08-08,paid,2026-07-08T00:00:00,2026-07-08T03:05:01
inv_000511,sub_00327,cust_00484,plan_basic_monthly,19.99,usd,2026-04-16,2026-05-16,paid,2026-04-16T00:00:00,2026-04-16T05:46:41
inv_000512,sub_00327,cust_00484,plan_basic_monthly,19.99,usd,2026-05-16,2026-06-16,paid,2026-05-16T00:00:00,2026-05-16T22:30:09
inv_000513,sub_00328,cust_00488,plan_basic_monthly,19.99,usd,2025-11-20,2025-12-20,paid,2025-11-20T00:00:00,2025-11-20T09:16:29
inv_000514,sub_00330,cust_00491,plan_plus_monthly,34.99,usd,2026-07-13,2026-08-13,paid,2026-07-13T00:00:00,2026-07-13T21:38:29
inv_000515,sub_00343,cust_00512,plan_basic_monthly,19.99,usd,2026-01-27,2026-02-27,paid,2026-01-27T00:00:00,2026-01-27T20:29:17
inv_000516,sub_00343,cust_00512,plan_basic_monthly,19.99,usd,2026-02-27,2026-03-27,paid,2026-02-27T00:00:00,2026-02-27T04:36:13
inv_000517,sub_00343,cust_00512,plan_basic_monthly,19.99,usd,2026-03-27,2026-04-27,paid,2026-03-27T00:00:00,2026-03-27T17:19:10
inv_000518,sub_00343,cust_00512,plan_basic_monthly,19.99,usd,2026-04-27,2026-05-27,paid,2026-04-27T00:00:00,2026-04-27T04:18:07
inv_000519,sub_00343,cust_00512,plan_basic_monthly,19.99,usd,2026-05-27,2026-06-27,paid,2026-05-27T00:00:00,2026-05-27T13:03:25
inv_000520,sub_00343,cust_00512,plan_basic_monthly,19.99,usd,2026-06-27,2026-07-27,paid,2026-06-27T00:00:00,2026-06-27T20:43:49
inv_000521,sub_00343,cust_00512,plan_basic_monthly,19.99,usd,2026-07-27,2026-08-27,paid,2026-07-27T00:00:00,2026-07-27T15:54:24
inv_000522,sub_00344,cust_00513,plan_basic_monthly,19.99,usd,2025-07-20,2025-08-20,paid,2025-07-20T00:00:00,2025-07-20T22:49:59
inv_000523,sub_00344,cust_00513,plan_basic_monthly,19.99,usd,2025-08-20,2025-09-20,uncollectible,,2025-08-20T16:13:40
inv_000524,sub_00345,cust_00515,plan_plus_monthly,34.99,usd,2024-01-25,2024-02-25,paid,2024-01-25T00:00:00,2024-01-25T18:49:56
inv_000525,sub_00345,cust_00515,plan_plus_monthly,34.99,usd,2024-02-25,2024-03-25,paid,2024-02-25T00:00:00,2024-02-25T14:11:58
inv_000526,sub_00345,cust_00515,plan_plus_monthly,34.99,usd,2024-03-25,2024-04-25,paid,2024-03-25T00:00:00,2024-03-25T00:51:58
inv_000527,sub_00345,cust_00515,plan_plus_monthly,34.99,usd,2024-04-25,2024-05-25,paid,2024-04-25T00:00:00,2024-04-25T10:28:31
inv_000528,sub_00345,cust_00515,plan_plus_monthly,34.99,usd,2024-05-25,2024-06-25,paid,2024-05-25T00:00:00,2024-05-25T03:10:03
inv_000529,sub_00345,cust_00515,plan_plus_monthly,34.99,usd,2024-06-25,2024-07-25,paid,2024-06-25T00:00:00,2024-06-25T13:47:59
inv_000530,sub_00345,cust_00515,plan_plus_monthly,34.99,usd,2024-07-25,2024-08-25,paid,2024-07-25T00:00:00,2024-07-25T08:30:14
inv_000531,sub_00345,cust_00515,plan_plus_monthly,34.99,usd,2024-08-25,2024-09-25,paid,2024-08-25T00:00:00,2024-08-25T14:43:52
inv_000532,sub_00345,cust_00515,plan_plus_monthly,34.99,usd,2024-09-25,2024-10-25,paid,2024-09-25T00:00:00,2024-09-25T08:45:26
inv_000533,sub_00345,cust_00515,plan_plus_monthly,34.99,usd,2024-10-25,2024-11-25,paid,2024-10-25T00:00:00,2024-10-25T01:23:17
inv_000534,sub_00345,cust_00515,plan_plus_monthly,34.99,usd,2024-11-25,2024-12-25,paid,2024-11-25T00:00:00,2024-11-25T13:29:57
inv_000535,sub_00345,cust_00515,plan_plus_monthly,34.99,usd,2024-12-25,2025-01-25,paid,2024-12-25T00:00:00,2024-12-25T15:43:25
inv_000536,sub_00345,cust_00515,plan_plus_monthly,34.99,usd,2025-01-25,2025-02-25,paid,2025-01-25T00:00:00,2025-01-25T19:07:20
inv_000537,sub_00345,cust_00515,plan_plus_monthly,34.99,usd,2025-02-25,2025-03-25,paid,2025-02-25T00:00:00,2025-02-25T17:15:04
inv_000538,sub_00345,cust_00515,plan_plus_monthly,34.99,usd,2025-03-25,2025-04-25,paid,2025-03-25T00:00:00,2025-03-25T17:38:00
inv_000539,sub_00345,cust_00515,plan_plus_monthly,34.99,usd,2025-04-25,2025-05-25,paid,2025-04-25T00:00:00,2025-04-25T05:20:20
inv_000540,sub_00345,cust_00515,plan_plus_monthly,34.99,usd,2025-05-25,2025-06-25,paid,2025-05-25T00:00:00,2025-05-25T21:16:27
inv_000541,sub_00345,cust_00515,plan_plus_monthly,34.99,usd,2025-06-25,2025-07-25,paid,2025-06-25T00:00:00,2025-06-25T23:48:03
inv_000542,sub_00345,cust_00515,plan_plus_monthly,34.99,usd,2025-07-25,2025-08-25,paid,2025-07-25T00:00:00,2025-07-25T07:54:48
inv_000543,sub_00345,cust_00515,plan_plus_monthly,34.99,usd,2025-08-25,2025-09-25,paid,2025-08-25T00:00:00,2025-08-25T14:22:53
inv_000544,sub_00345,cust_00515,plan_basic_monthly,19.99,usd,2025-09-25,2025-10-25,paid,2025-09-25T00:00:00,2025-09-25T08:29:37
inv_000545,sub_00345,cust_00515,plan_basic_monthly,19.99,usd,2025-10-25,2025-11-25,paid,2025-10-25T00:00:00,2025-10-25T15:32:05
inv_000546,sub_00345,cust_00515,plan_basic_monthly,19.99,usd,2025-11-25,2025-12-25,paid,2025-11-25T00:00:00,2025-11-25T11:36:24
inv_000547,sub_00345,cust_00515,plan_basic_monthly,19.99,usd,2025-12-25,2026-01-25,paid,2025-12-25T00:00:00,2025-12-25T06:10:27
inv_000548,sub_00345,cust_00515,plan_basic_monthly,19.99,usd,2026-01-25,2026-02-25,paid,2026-01-25T00:00:00,2026-01-25T23:12:04
inv_000549,sub_00345,cust_00515,plan_basic_monthly,19.99,usd,2026-02-25,2026-03-25,paid,2026-02-25T00:00:00,2026-02-25T11:44:46
inv_000550,sub_00345,cust_00515,plan_basic_monthly,19.99,usd,2026-03-25,2026-04-25,paid,2026-03-25T00:00:00,2026-03-25T04:24:58
inv_000551,sub_00345,cust_00515,plan_basic_monthly,19.99,usd,2026-04-25,2026-05-25,paid,2026-04-25T00:00:00,2026-04-25T18:56:56
inv_000552,sub_00345,cust_00515,plan_basic_monthly,19.99,usd,2026-05-25,2026-06-25,paid,2026-05-25T00:00:00,2026-05-25T13:24:18
inv_000553,sub_00345,cust_00515,plan_basic_monthly,19.99,usd,2026-06-25,2026-07-25,paid,2026-06-25T00:00:00,2026-06-25T03:59:18
inv_000554,sub_00345,cust_00515,plan_basic_monthly,19.99,usd,2026-07-25,2026-08-25,paid,2026-07-25T00:00:00,2026-07-25T12:51:30
inv_000555,sub_00348,cust_00519,plan_plus_monthly,34.99,usd,2024-02-14,2024-03-14,paid,2024-02-14T00:00:00,2024-02-14T07:21:51
inv_000556,sub_00348,cust_00519,plan_plus_monthly,34.99,usd,2024-03-14,2024-04-14,paid,2024-03-14T00:00:00,2024-03-14T09:56:50
inv_000557,sub_00348,cust_00519,plan_plus_monthly,34.99,usd,2024-04-14,2024-05-14,paid,2024-04-14T00:00:00,2024-04-14T08:57:40
inv_000558,sub_00348,cust_00519,plan_plus_monthly,34.99,usd,2024-05-14,2024-06-14,paid,2024-05-14T00:00:00,2024-05-14T03:47:34
inv_000559,sub_00348,cust_00519,plan_plus_monthly,34.99,usd,2024-06-14,2024-07-14,paid,2024-06-14T00:00:00,2024-06-14T15:42:46
inv_000560,sub_00348,cust_00519,plan_plus_monthly,34.99,usd,2024-07-14,2024-08-14,paid,2024-07-14T00:00:00,2024-07-14T23:29:00
inv_000561,sub_00348,cust_00519,plan_basic_monthly,19.99,usd,2024-08-14,2024-09-14,paid,2024-08-14T00:00:00,2024-08-14T07:27:46
inv_000562,sub_00348,cust_00519,plan_basic_monthly,19.99,usd,2024-09-14,2024-10-14,paid,2024-09-14T00:00:00,2024-09-14T19:16:13
inv_000563,sub_00348,cust_00519,plan_basic_monthly,19.99,usd,2024-10-14,2024-11-14,paid,2024-10-14T00:00:00,2024-10-14T06:45:56
inv_000564,sub_00348,cust_00519,plan_basic_monthly,19.99,usd,2024-11-14,2024-12-14,paid,2024-11-14T00:00:00,2024-11-14T08:09:57
inv_000565,sub_00348,cust_00519,plan_basic_monthly,19.99,usd,2024-12-14,2025-01-14,paid,2024-12-14T00:00:00,2024-12-14T23:48:25
inv_000566,sub_00348,cust_00519,plan_basic_monthly,19.99,usd,2025-01-14,2025-02-14,paid,2025-01-14T00:00:00,2025-01-14T08:25:52
inv_000567,sub_00348,cust_00519,plan_basic_monthly,19.99,usd,2025-02-14,2025-03-14,paid,2025-02-14T00:00:00,2025-02-14T00:09:56
inv_000568,sub_00348,cust_00519,plan_basic_monthly,19.99,usd,2025-03-14,2025-04-14,paid,2025-03-14T00:00:00,2025-03-14T04:27:01
inv_000569,sub_00348,cust_00519,plan_basic_monthly,19.99,usd,2025-04-14,2025-05-14,paid,2025-04-14T00:00:00,2025-04-14T06:52:28
inv_000570,sub_00348,cust_00519,plan_basic_monthly,19.99,usd,2025-05-14,2025-06-14,paid,2025-05-14T00:00:00,2025-05-14T12:57:49
inv_000571,sub_00348,cust_00519,plan_basic_monthly,19.99,usd,2025-06-14,2025-07-14,paid,2025-06-14T00:00:00,2025-06-14T20:33:40
inv_000572,sub_00348,cust_00519,plan_basic_monthly,19.99,usd,2025-07-14,2025-08-14,paid,2025-07-14T00:00:00,2025-07-14T01:09:05
inv_000573,sub_00348,cust_00519,plan_basic_monthly,19.99,usd,2025-08-14,2025-09-14,paid,2025-08-14T00:00:00,2025-08-14T16:05:05
inv_000574,sub_00348,cust_00519,plan_basic_monthly,19.99,usd,2025-09-14,2025-10-14,paid,2025-09-14T00:00:00,2025-09-14T03:05:32
inv_000575,sub_00348,cust_00519,plan_basic_monthly,19.99,usd,2025-10-14,2025-11-14,paid,2025-10-14T00:00:00,2025-10-14T11:36:39
inv_000576,sub_00348,cust_00519,plan_basic_monthly,19.99,usd,2025-11-14,2025-12-14,paid,2025-11-14T00:00:00,2025-11-14T00:54:45
inv_000577,sub_00348,cust_00519,plan_basic_monthly,19.99,usd,2025-12-14,2026-01-14,paid,2025-12-14T00:00:00,2025-12-14T17:38:39
inv_000578,sub_00348,cust_00519,plan_basic_monthly,19.99,usd,2026-01-14,2026-02-14,paid,2026-01-14T00:00:00,2026-01-14T18:24:02
inv_000579,sub_00348,cust_00519,plan_basic_monthly,19.99,usd,2026-02-14,2026-03-14,paid,2026-02-14T00:00:00,2026-02-14T13:24:10
inv_000580,sub_00348,cust_00519,plan_basic_monthly,19.99,usd,2026-03-14,2026-04-14,paid,2026-03-14T00:00:00,2026-03-14T12:56:14
inv_000581,sub_00348,cust_00519,plan_basic_monthly,19.99,usd,2026-04-14,2026-05-14,paid,2026-04-14T00:00:00,2026-04-14T10:42:38
inv_000582,sub_00348,cust_00519,plan_basic_monthly,19.99,usd,2026-05-14,2026-06-14,paid,2026-05-14T00:00:00,2026-05-14T14:50:46
inv_000583,sub_00348,cust_00519,plan_basic_monthly,19.99,usd,2026-06-14,2026-07-14,paid,2026-06-14T00:00:00,2026-06-14T11:52:20
inv_000584,sub_00348,cust_00519,plan_basic_monthly,19.99,usd,2026-07-14,2026-08-14,paid,2026-07-14T00:00:00,2026-07-14T00:21:07
inv_000585,sub_00350,cust_00521,plan_plus_monthly,34.99,usd,2025-12-14,2026-01-14,paid,2025-12-14T00:00:00,2025-12-14T04:54:36
inv_000586,sub_00350,cust_00521,plan_plus_monthly,34.99,usd,2026-01-14,2026-02-14,paid,2026-01-14T00:00:00,2026-01-14T18:17:51
inv_000587,sub_00350,cust_00521,plan_plus_monthly,34.99,usd,2026-02-14,2026-03-14,paid,2026-02-14T00:00:00,2026-02-14T07:11:28
inv_000588,sub_00350,cust_00521,plan_plus_monthly,34.99,usd,2026-03-14,2026-04-14,paid,2026-03-14T00:00:00,2026-03-14T18:06:25
inv_000589,sub_00350,cust_00521,plan_plus_monthly,34.99,usd,2026-04-14,2026-05-14,paid,2026-04-14T00:00:00,2026-04-14T09:09:27
inv_000590,sub_00350,cust_00521,plan_plus_monthly,34.99,usd,2026-05-14,2026-06-14,paid,2026-05-14T00:00:00,2026-05-14T00:20:11
inv_000591,sub_00350,cust_00521,plan_plus_monthly,34.99,usd,2026-06-14,2026-07-14,paid,2026-06-14T00:00:00,2026-06-14T02:28:11
inv_000592,sub_00350,cust_00521,plan_plus_monthly,34.99,usd,2026-07-14,2026-08-14,paid,2026-07-14T00:00:00,2026-07-14T02:51:29
inv_000593,sub_00351,cust_00522,plan_plus_monthly,34.99,usd,2025-04-11,2025-05-11,paid,2025-04-11T00:00:00,2025-04-11T02:56:24
inv_000594,sub_00351,cust_00522,plan_plus_monthly,34.99,usd,2025-05-11,2025-06-11,paid,2025-05-11T00:00:00,2025-05-11T07:13:40
inv_000595,sub_00351,cust_00522,plan_plus_monthly,34.99,usd,2025-06-11,2025-07-11,paid,2025-06-11T00:00:00,2025-06-11T01:53:47
inv_000596,sub_00351,cust_00522,plan_plus_monthly,34.99,usd,2025-07-11,2025-08-11,paid,2025-07-11T00:00:00,2025-07-11T13:42:52
inv_000597,sub_00351,cust_00522,plan_plus_monthly,34.99,usd,2025-08-11,2025-09-11,paid,2025-08-11T00:00:00,2025-08-11T16:07:53
inv_000598,sub_00351,cust_00522,plan_plus_monthly,34.99,usd,2025-09-11,2025-10-11,paid,2025-09-11T00:00:00,2025-09-11T17:18:32
inv_000599,sub_00351,cust_00522,plan_plus_monthly,34.99,usd,2025-10-11,2025-11-11,paid,2025-10-11T00:00:00,2025-10-11T03:25:31
inv_000600,sub_00351,cust_00522,plan_plus_monthly,34.99,usd,2025-11-11,2025-12-11,paid,2025-11-11T00:00:00,2025-11-11T19:47:31
inv_000601,sub_00351,cust_00522,plan_plus_monthly,34.99,usd,2025-12-11,2026-01-11,paid,2025-12-11T00:00:00,2025-12-11T22:41:02
inv_000602,sub_00351,cust_00522,plan_plus_monthly,34.99,usd,2026-01-11,2026-02-11,paid,2026-01-11T00:00:00,2026-01-11T13:18:08
inv_000603,sub_00351,cust_00522,plan_plus_monthly,34.99,usd,2026-02-11,2026-03-11,paid,2026-02-11T00:00:00,2026-02-11T22:58:17
inv_000604,sub_00351,cust_00522,plan_plus_monthly,34.99,usd,2026-03-11,2026-04-11,paid,2026-03-11T00:00:00,2026-03-11T22:56:18
inv_000605,sub_00351,cust_00522,plan_plus_monthly,34.99,usd,2026-04-11,2026-05-11,paid,2026-04-11T00:00:00,2026-04-11T20:15:48
inv_000606,sub_00351,cust_00522,plan_plus_monthly,34.99,usd,2026-05-11,2026-06-11,paid,2026-05-11T00:00:00,2026-05-11T17:02:12
inv_000607,sub_00351,cust_00522,plan_plus_monthly,34.99,usd,2026-06-11,2026-07-11,paid,2026-06-11T00:00:00,2026-06-11T09:16:07
inv_000608,sub_00351,cust_00522,plan_plus_monthly,34.99,usd,2026-07-11,2026-08-11,paid,2026-07-11T00:00:00,2026-07-11T11:25:35
inv_000609,sub_00352,cust_00523,plan_plus_monthly,34.99,usd,2025-09-29,2025-10-29,paid,2025-09-29T00:00:00,2025-09-29T06:40:10
inv_000610,sub_00352,cust_00523,plan_plus_monthly,34.99,usd,2025-10-29,2025-11-29,paid,2025-10-29T00:00:00,2025-10-29T08:45:31
inv_000611,sub_00352,cust_00523,plan_plus_monthly,34.99,usd,2025-11-29,2025-12-29,paid,2025-11-29T00:00:00,2025-11-29T01:56:44
inv_000612,sub_00352,cust_00523,plan_plus_monthly,34.99,usd,2025-12-29,2026-01-29,paid,2025-12-29T00:00:00,2025-12-29T06:59:13
inv_000613,sub_00352,cust_00523,plan_plus_monthly,34.99,usd,2026-01-29,2026-02-28,paid,2026-01-29T00:00:00,2026-01-29T13:11:14
inv_000614,sub_00352,cust_00523,plan_plus_monthly,34.99,usd,2026-02-28,2026-03-29,paid,2026-02-28T00:00:00,2026-02-28T00:33:44
inv_000615,sub_00353,cust_00523,plan_basic_monthly,19.99,usd,2026-07-02,2026-08-02,paid,2026-07-02T00:00:00,2026-07-02T23:23:12
inv_000616,sub_00354,cust_00526,plan_basic_monthly,19.99,usd,2024-09-18,2024-10-18,paid,2024-09-18T00:00:00,2024-09-18T09:29:01
inv_000617,sub_00354,cust_00526,plan_basic_monthly,19.99,usd,2024-10-18,2024-11-18,paid,2024-10-18T00:00:00,2024-10-18T06:14:57
inv_000618,sub_00354,cust_00526,plan_basic_monthly,19.99,usd,2024-11-18,2024-12-18,paid,2024-11-18T00:00:00,2024-11-18T08:22:16
inv_000619,sub_00354,cust_00526,plan_basic_monthly,19.99,usd,2024-12-18,2025-01-18,paid,2024-12-18T00:00:00,2024-12-18T01:58:46
inv_000620,sub_00354,cust_00526,plan_basic_monthly,19.99,usd,2025-01-18,2025-02-18,paid,2025-01-18T00:00:00,2025-01-18T01:27:44
inv_000621,sub_00354,cust_00526,plan_basic_monthly,19.99,usd,2025-02-18,2025-03-18,paid,2025-02-18T00:00:00,2025-02-18T20:39:55
inv_000622,sub_00354,cust_00526,plan_basic_monthly,19.99,usd,2025-03-18,2025-04-18,paid,2025-03-18T00:00:00,2025-03-18T06:12:03
inv_000623,sub_00354,cust_00526,plan_basic_monthly,19.99,usd,2025-04-18,2025-05-18,paid,2025-04-18T00:00:00,2025-04-18T02:37:25
inv_000624,sub_00354,cust_00526,plan_basic_monthly,19.99,usd,2025-05-18,2025-06-18,paid,2025-05-18T00:00:00,2025-05-18T09:43:52
inv_000625,sub_00354,cust_00526,plan_basic_monthly,19.99,usd,2025-06-18,2025-07-18,paid,2025-06-18T00:00:00,2025-06-18T05:28:40
inv_000626,sub_00354,cust_00526,plan_basic_monthly,19.99,usd,2025-07-18,2025-08-18,paid,2025-07-18T00:00:00,2025-07-18T09:40:49
inv_000627,sub_00354,cust_00526,plan_basic_monthly,19.99,usd,2025-08-18,2025-09-18,paid,2025-08-18T00:00:00,2025-08-18T11:45:23
inv_000628,sub_00354,cust_00526,plan_basic_monthly,19.99,usd,2025-09-18,2025-10-18,paid,2025-09-18T00:00:00,2025-09-18T02:52:00
inv_000629,sub_00354,cust_00526,plan_basic_monthly,19.99,usd,2025-10-18,2025-11-18,paid,2025-10-18T00:00:00,2025-10-18T23:32:48
inv_000630,sub_00354,cust_00526,plan_basic_monthly,19.99,usd,2025-11-18,2025-12-18,paid,2025-11-18T00:00:00,2025-11-18T02:34:12
inv_000631,sub_00354,cust_00526,plan_basic_monthly,19.99,usd,2025-12-18,2026-01-18,paid,2025-12-18T00:00:00,2025-12-18T16:15:13
inv_000632,sub_00354,cust_00526,plan_basic_monthly,19.99,usd,2026-01-18,2026-02-18,paid,2026-01-18T00:00:00,2026-01-18T19:03:00
inv_000633,sub_00354,cust_00526,plan_basic_monthly,19.99,usd,2026-02-18,2026-03-18,paid,2026-02-18T00:00:00,2026-02-18T00:59:20
inv_000634,sub_00354,cust_00526,plan_basic_monthly,19.99,usd,2026-03-18,2026-04-18,paid,2026-03-18T00:00:00,2026-03-18T11:21:35
inv_000635,sub_00354,cust_00526,plan_basic_monthly,19.99,usd,2026-04-18,2026-05-18,paid,2026-04-18T00:00:00,2026-04-18T20:40:23
inv_000636,sub_00354,cust_00526,plan_basic_monthly,19.99,usd,2026-05-18,2026-06-18,paid,2026-05-18T00:00:00,2026-05-18T11:42:54
inv_000637,sub_00354,cust_00526,plan_basic_monthly,19.99,usd,2026-06-18,2026-07-18,paid,2026-06-18T00:00:00,2026-06-18T09:36:49
inv_000638,sub_00354,cust_00526,plan_basic_monthly,19.99,usd,2026-07-18,2026-08-18,paid,2026-07-18T00:00:00,2026-07-18T06:57:11
inv_000639,sub_00355,cust_00527,plan_basic_monthly,19.99,usd,2025-09-13,2025-10-13,paid,2025-09-13T00:00:00,2025-09-13T16:11:10
inv_000640,sub_00355,cust_00527,plan_basic_monthly,19.99,usd,2025-10-13,2025-11-13,paid,2025-10-13T00:00:00,2025-10-13T23:10:18
inv_000641,sub_00355,cust_00527,plan_basic_monthly,19.99,usd,2025-11-13,2025-12-13,paid,2025-11-13T00:00:00,2025-11-13T09:44:09
inv_000642,sub_00355,cust_00527,plan_basic_monthly,19.99,usd,2025-12-13,2026-01-13,paid,2025-12-13T00:00:00,2025-12-13T08:25:25
inv_000643,sub_00355,cust_00527,plan_basic_monthly,19.99,usd,2026-01-13,2026-02-13,paid,2026-01-13T00:00:00,2026-01-13T06:08:20
inv_000644,sub_00355,cust_00527,plan_basic_monthly,19.99,usd,2026-02-13,2026-03-13,paid,2026-02-13T00:00:00,2026-02-13T04:17:03
inv_000645,sub_00355,cust_00527,plan_basic_monthly,19.99,usd,2026-03-13,2026-04-13,paid,2026-03-13T00:00:00,2026-03-13T19:42:18
inv_000646,sub_00355,cust_00527,plan_basic_monthly,19.99,usd,2026-04-13,2026-05-13,paid,2026-04-13T00:00:00,2026-04-13T18:13:49
inv_000647,sub_00355,cust_00527,plan_basic_monthly,19.99,usd,2026-05-13,2026-06-13,paid,2026-05-13T00:00:00,2026-05-13T13:23:31
inv_000648,sub_00355,cust_00527,plan_basic_monthly,19.99,usd,2026-06-13,2026-07-13,paid,2026-06-13T00:00:00,2026-06-13T20:59:48
inv_000649,sub_00355,cust_00527,plan_basic_monthly,19.99,usd,2026-07-13,2026-08-13,paid,2026-07-13T00:00:00,2026-07-13T08:04:58
inv_000650,sub_00356,cust_00529,plan_basic_monthly,19.99,usd,2026-01-26,2026-02-26,paid,2026-01-26T00:00:00,2026-01-26T03:46:47
inv_000651,sub_00356,cust_00529,plan_basic_monthly,19.99,usd,2026-02-26,2026-03-26,uncollectible,,2026-02-26T16:06:30
inv_000652,sub_00359,cust_00533,plan_plus_monthly,34.99,usd,2023-11-14,2023-12-14,paid,2023-11-14T00:00:00,2023-11-14T21:32:09
inv_000653,sub_00359,cust_00533,plan_plus_monthly,34.99,usd,2023-12-14,2024-01-14,paid,2023-12-14T00:00:00,2023-12-14T11:26:33
inv_000654,sub_00359,cust_00533,plan_plus_monthly,34.99,usd,2024-01-14,2024-02-14,paid,2024-01-14T00:00:00,2024-01-14T01:03:59
inv_000655,sub_00359,cust_00533,plan_plus_monthly,34.99,usd,2024-02-14,2024-03-14,paid,2024-02-14T00:00:00,2024-02-14T18:26:21
inv_000656,sub_00359,cust_00533,plan_plus_monthly,34.99,usd,2024-03-14,2024-04-14,paid,2024-03-14T00:00:00,2024-03-14T10:19:46
inv_000657,sub_00359,cust_00533,plan_plus_monthly,34.99,usd,2024-04-14,2024-05-14,paid,2024-04-14T00:00:00,2024-04-14T23:41:24
inv_000658,sub_00359,cust_00533,plan_plus_monthly,34.99,usd,2024-05-14,2024-06-14,paid,2024-05-14T00:00:00,2024-05-14T02:00:44
inv_000659,sub_00359,cust_00533,plan_plus_monthly,34.99,usd,2024-06-14,2024-07-14,paid,2024-06-14T00:00:00,2024-06-14T01:40:09
inv_000660,sub_00359,cust_00533,plan_plus_monthly,34.99,usd,2024-07-14,2024-08-14,paid,2024-07-14T00:00:00,2024-07-14T16:28:46
inv_000661,sub_00359,cust_00533,plan_plus_monthly,34.99,usd,2024-08-14,2024-09-14,paid,2024-08-14T00:00:00,2024-08-14T00:58:44
inv_000662,sub_00359,cust_00533,plan_plus_monthly,34.99,usd,2024-09-14,2024-10-14,paid,2024-09-14T00:00:00,2024-09-14T04:24:46
inv_000663,sub_00359,cust_00533,plan_plus_monthly,34.99,usd,2024-10-14,2024-11-14,paid,2024-10-14T00:00:00,2024-10-14T18:46:01
inv_000664,sub_00359,cust_00533,plan_plus_monthly,34.99,usd,2024-11-14,2024-12-14,paid,2024-11-14T00:00:00,2024-11-14T16:54:45
inv_000665,sub_00359,cust_00533,plan_plus_monthly,34.99,usd,2024-12-14,2025-01-14,paid,2024-12-14T00:00:00,2024-12-14T12:04:06
inv_000666,sub_00359,cust_00533,plan_plus_monthly,34.99,usd,2025-01-14,2025-02-14,paid,2025-01-14T00:00:00,2025-01-14T02:01:32
inv_000667,sub_00359,cust_00533,plan_plus_monthly,34.99,usd,2025-02-14,2025-03-14,paid,2025-02-14T00:00:00,2025-02-14T23:08:45
inv_000668,sub_00359,cust_00533,plan_plus_monthly,34.99,usd,2025-03-14,2025-04-14,paid,2025-03-14T00:00:00,2025-03-14T06:15:34
inv_000669,sub_00359,cust_00533,plan_plus_monthly,34.99,usd,2025-04-14,2025-05-14,paid,2025-04-14T00:00:00,2025-04-14T08:51:02
inv_000670,sub_00359,cust_00533,plan_plus_monthly,34.99,usd,2025-05-14,2025-06-14,paid,2025-05-14T00:00:00,2025-05-14T04:00:49
inv_000671,sub_00359,cust_00533,plan_plus_monthly,34.99,usd,2025-06-14,2025-07-14,paid,2025-06-14T00:00:00,2025-06-14T20:24:03
inv_000672,sub_00359,cust_00533,plan_plus_monthly,34.99,usd,2025-07-14,2025-08-14,paid,2025-07-14T00:00:00,2025-07-14T13:48:32
inv_000673,sub_00359,cust_00533,plan_plus_monthly,34.99,usd,2025-08-14,2025-09-14,paid,2025-08-14T00:00:00,2025-08-14T14:01:11
inv_000674,sub_00359,cust_00533,plan_plus_monthly,34.99,usd,2025-09-14,2025-10-14,paid,2025-09-14T00:00:00,2025-09-14T14:39:38
inv_000675,sub_00359,cust_00533,plan_basic_monthly,19.99,usd,2025-10-14,2025-11-14,paid,2025-10-14T00:00:00,2025-10-14T02:20:11
inv_000676,sub_00359,cust_00533,plan_basic_monthly,19.99,usd,2025-11-14,2025-12-14,paid,2025-11-14T00:00:00,2025-11-14T00:04:51
inv_000677,sub_00359,cust_00533,plan_basic_monthly,19.99,usd,2025-12-14,2026-01-14,paid,2025-12-14T00:00:00,2025-12-14T19:04:36
inv_000678,sub_00359,cust_00533,plan_basic_monthly,19.99,usd,2026-01-14,2026-02-14,paid,2026-01-14T00:00:00,2026-01-14T08:35:00
inv_000679,sub_00359,cust_00533,plan_basic_monthly,19.99,usd,2026-02-14,2026-03-14,paid,2026-02-14T00:00:00,2026-02-14T23:03:23
inv_000680,sub_00359,cust_00533,plan_basic_monthly,19.99,usd,2026-03-14,2026-04-14,paid,2026-03-14T00:00:00,2026-03-14T08:44:53
inv_000681,sub_00359,cust_00533,plan_basic_monthly,19.99,usd,2026-04-14,2026-05-14,paid,2026-04-14T00:00:00,2026-04-14T16:54:52
inv_000682,sub_00359,cust_00533,plan_basic_monthly,19.99,usd,2026-05-14,2026-06-14,paid,2026-05-14T00:00:00,2026-05-14T07:24:37
inv_000683,sub_00359,cust_00533,plan_basic_monthly,19.99,usd,2026-06-14,2026-07-14,paid,2026-06-14T00:00:00,2026-06-14T10:58:48
inv_000684,sub_00359,cust_00533,plan_basic_monthly,19.99,usd,2026-07-14,2026-08-14,paid,2026-07-14T00:00:00,2026-07-14T07:43:21
inv_000685,sub_00360,cust_00534,plan_plus_monthly,34.99,usd,2023-10-03,2023-11-03,paid,2023-10-03T00:00:00,2023-10-03T09:38:15
inv_000686,sub_00360,cust_00534,plan_basic_monthly,19.99,usd,2023-11-03,2023-12-03,paid,2023-11-03T00:00:00,2023-11-03T14:48:27
inv_000687,sub_00360,cust_00534,plan_basic_monthly,19.99,usd,2023-12-03,2024-01-03,paid,2023-12-03T00:00:00,2023-12-03T17:54:23
inv_000688,sub_00361,cust_00535,plan_basic_monthly,19.99,usd,2026-03-02,2026-04-02,paid,2026-03-02T00:00:00,2026-03-02T14:23:56
inv_000689,sub_00361,cust_00535,plan_basic_monthly,19.99,usd,2026-04-02,2026-05-02,paid,2026-04-02T00:00:00,2026-04-02T20:41:52
inv_000690,sub_00361,cust_00535,plan_basic_monthly,19.99,usd,2026-05-02,2026-06-02,paid,2026-05-02T00:00:00,2026-05-02T03:01:06
inv_000691,sub_00361,cust_00535,plan_basic_monthly,19.99,usd,2026-06-02,2026-07-02,paid,2026-06-02T00:00:00,2026-06-02T23:46:35
inv_000692,sub_00361,cust_00535,plan_basic_monthly,19.99,usd,2026-07-02,2026-08-02,paid,2026-07-02T00:00:00,2026-07-02T07:23:44
inv_000693,sub_00370,cust_00549,plan_basic_monthly,19.99,usd,2026-03-28,2026-04-28,paid,2026-03-28T00:00:00,2026-03-28T06:31:24
inv_000694,sub_00370,cust_00549,plan_basic_monthly,19.99,usd,2026-04-28,2026-05-28,paid,2026-04-28T00:00:00,2026-04-28T23:02:59
inv_000695,sub_00370,cust_00549,plan_basic_monthly,19.99,usd,2026-05-28,2026-06-28,paid,2026-05-28T00:00:00,2026-05-28T06:58:30
inv_000696,sub_00370,cust_00549,plan_basic_monthly,19.99,usd,2026-06-28,2026-07-28,paid,2026-06-28T00:00:00,2026-06-28T10:25:56
inv_000697,sub_00370,cust_00549,plan_basic_monthly,19.99,usd,2026-07-28,2026-08-28,paid,2026-07-28T00:00:00,2026-07-28T03:29:30
inv_000698,sub_00375,cust_00555,plan_basic_monthly,19.99,usd,2025-07-13,2025-08-13,paid,2025-07-13T00:00:00,2025-07-13T07:43:14
inv_000699,sub_00375,cust_00555,plan_basic_monthly,19.99,usd,2025-08-13,2025-09-13,paid,2025-08-13T00:00:00,2025-08-13T22:39:53
inv_000700,sub_00375,cust_00555,plan_basic_monthly,19.99,usd,2025-09-13,2025-10-13,paid,2025-09-13T00:00:00,2025-09-13T17:44:19
inv_000701,sub_00375,cust_00555,plan_basic_monthly,19.99,usd,2025-10-13,2025-11-13,paid,2025-10-13T00:00:00,2025-10-13T17:00:16
inv_000702,sub_00375,cust_00555,plan_basic_monthly,19.99,usd,2025-11-13,2025-12-13,paid,2025-11-13T00:00:00,2025-11-13T09:43:53
inv_000703,sub_00375,cust_00555,plan_basic_monthly,19.99,usd,2025-12-13,2026-01-13,paid,2025-12-13T00:00:00,2025-12-13T04:55:24
inv_000704,sub_00375,cust_00555,plan_basic_monthly,19.99,usd,2026-01-13,2026-02-13,paid,2026-01-13T00:00:00,2026-01-13T14:51:01
inv_000705,sub_00375,cust_00555,plan_basic_monthly,19.99,usd,2026-02-13,2026-03-13,paid,2026-02-13T00:00:00,2026-02-13T20:15:35
inv_000706,sub_00375,cust_00555,plan_basic_monthly,19.99,usd,2026-03-13,2026-04-13,paid,2026-03-13T00:00:00,2026-03-13T12:13:09
inv_000707,sub_00375,cust_00555,plan_basic_monthly,19.99,usd,2026-04-13,2026-05-13,paid,2026-04-13T00:00:00,2026-04-13T09:53:50
inv_000708,sub_00375,cust_00555,plan_basic_monthly,19.99,usd,2026-05-13,2026-06-13,paid,2026-05-13T00:00:00,2026-05-13T22:32:33
inv_000709,sub_00375,cust_00555,plan_basic_monthly,19.99,usd,2026-06-13,2026-07-13,paid,2026-06-13T00:00:00,2026-06-13T18:38:50
inv_000710,sub_00375,cust_00555,plan_basic_monthly,19.99,usd,2026-07-13,2026-08-13,paid,2026-07-13T00:00:00,2026-07-13T02:32:27
inv_000711,sub_00377,cust_00559,plan_basic_monthly,19.99,usd,2025-04-30,2025-05-30,paid,2025-04-30T00:00:00,2025-04-30T19:03:10
inv_000712,sub_00377,cust_00559,plan_basic_monthly,19.99,usd,2025-05-30,2025-06-30,paid,2025-05-30T00:00:00,2025-05-30T09:17:37
inv_000713,sub_00377,cust_00559,plan_basic_monthly,19.99,usd,2025-06-30,2025-07-30,paid,2025-06-30T00:00:00,2025-06-30T19:48:20
inv_000714,sub_00377,cust_00559,plan_basic_monthly,19.99,usd,2025-07-30,2025-08-30,paid,2025-07-30T00:00:00,2025-07-30T02:31:54
inv_000715,sub_00377,cust_00559,plan_basic_monthly,19.99,usd,2025-08-30,2025-09-30,paid,2025-08-30T00:00:00,2025-08-30T23:40:17
inv_000716,sub_00377,cust_00559,plan_basic_monthly,19.99,usd,2025-09-30,2025-10-30,paid,2025-09-30T00:00:00,2025-09-30T19:07:31
inv_000717,sub_00377,cust_00559,plan_basic_monthly,19.99,usd,2025-10-30,2025-11-30,paid,2025-10-30T00:00:00,2025-10-30T05:45:50
inv_000718,sub_00377,cust_00559,plan_basic_monthly,19.99,usd,2025-11-30,2025-12-30,paid,2025-11-30T00:00:00,2025-11-30T03:23:10
inv_000719,sub_00377,cust_00559,plan_basic_monthly,19.99,usd,2025-12-30,2026-01-30,paid,2025-12-30T00:00:00,2025-12-30T20:06:35
inv_000720,sub_00377,cust_00559,plan_basic_monthly,19.99,usd,2026-01-30,2026-02-28,paid,2026-01-30T00:00:00,2026-01-30T00:53:56
inv_000721,sub_00377,cust_00559,plan_basic_monthly,19.99,usd,2026-02-28,2026-03-30,paid,2026-02-28T00:00:00,2026-02-28T15:59:46
inv_000722,sub_00377,cust_00559,plan_basic_monthly,19.99,usd,2026-03-30,2026-04-30,paid,2026-03-30T00:00:00,2026-03-30T15:48:04
inv_000723,sub_00377,cust_00559,plan_basic_monthly,19.99,usd,2026-04-30,2026-05-30,paid,2026-04-30T00:00:00,2026-04-30T00:24:18
inv_000724,sub_00377,cust_00559,plan_basic_monthly,19.99,usd,2026-05-30,2026-06-30,paid,2026-05-30T00:00:00,2026-05-30T10:18:12
inv_000725,sub_00377,cust_00559,plan_basic_monthly,19.99,usd,2026-06-30,2026-07-30,paid,2026-06-30T00:00:00,2026-06-30T14:11:00
inv_000726,sub_00377,cust_00559,plan_basic_monthly,19.99,usd,2026-07-30,2026-08-30,paid,2026-07-30T00:00:00,2026-07-30T01:38:02
inv_000727,sub_00379,cust_00561,plan_plus_monthly,34.99,usd,2024-10-02,2024-11-02,paid,2024-10-02T00:00:00,2024-10-02T01:44:40
inv_000728,sub_00379,cust_00561,plan_plus_monthly,34.99,usd,2024-11-02,2024-12-02,paid,2024-11-02T00:00:00,2024-11-02T04:57:06
inv_000729,sub_00379,cust_00561,plan_plus_monthly,34.99,usd,2024-12-02,2025-01-02,paid,2024-12-02T00:00:00,2024-12-02T16:48:10
inv_000730,sub_00379,cust_00561,plan_plus_monthly,34.99,usd,2025-01-02,2025-02-02,paid,2025-01-02T00:00:00,2025-01-02T06:04:31
inv_000731,sub_00383,cust_00570,plan_basic_monthly,19.99,usd,2024-05-16,2024-06-16,paid,2024-05-16T00:00:00,2024-05-16T05:23:41
inv_000732,sub_00383,cust_00570,plan_basic_monthly,19.99,usd,2024-06-16,2024-07-16,paid,2024-06-16T00:00:00,2024-06-16T23:48:18
inv_000733,sub_00383,cust_00570,plan_basic_monthly,19.99,usd,2024-07-16,2024-08-16,paid,2024-07-16T00:00:00,2024-07-16T15:49:09
inv_000734,sub_00383,cust_00570,plan_basic_monthly,19.99,usd,2024-08-16,2024-09-16,paid,2024-08-16T00:00:00,2024-08-16T04:07:08
inv_000735,sub_00383,cust_00570,plan_basic_monthly,19.99,usd,2024-09-16,2024-10-16,paid,2024-09-16T00:00:00,2024-09-16T21:18:05
inv_000736,sub_00383,cust_00570,plan_basic_monthly,19.99,usd,2024-10-16,2024-11-16,paid,2024-10-16T00:00:00,2024-10-16T12:56:12
inv_000737,sub_00383,cust_00570,plan_basic_monthly,19.99,usd,2024-11-16,2024-12-16,paid,2024-11-16T00:00:00,2024-11-16T01:43:10
inv_000738,sub_00385,cust_00572,plan_plus_monthly,34.99,usd,2025-09-08,2025-10-08,paid,2025-09-08T00:00:00,2025-09-08T08:58:06
inv_000739,sub_00385,cust_00572,plan_plus_monthly,34.99,usd,2025-10-08,2025-11-08,paid,2025-10-08T00:00:00,2025-10-08T22:15:20
inv_000740,sub_00386,cust_00572,plan_basic_monthly,19.99,usd,2026-05-24,2026-06-24,paid,2026-05-24T00:00:00,2026-05-24T16:33:53
inv_000741,sub_00386,cust_00572,plan_basic_monthly,19.99,usd,2026-06-24,2026-07-24,paid,2026-06-24T00:00:00,2026-06-24T09:26:02
inv_000742,sub_00386,cust_00572,plan_basic_monthly,19.99,usd,2026-07-24,2026-08-24,paid,2026-07-24T00:00:00,2026-07-24T07:40:34
inv_000743,sub_00387,cust_00575,plan_basic_monthly,19.99,usd,2026-01-17,2026-02-17,paid,2026-01-17T00:00:00,2026-01-17T10:19:51
inv_000744,sub_00387,cust_00575,plan_basic_monthly,19.99,usd,2026-02-17,2026-03-17,paid,2026-02-17T00:00:00,2026-02-17T13:33:37
inv_000745,sub_00387,cust_00575,plan_basic_monthly,19.99,usd,2026-03-17,2026-04-17,paid,2026-03-17T00:00:00,2026-03-17T04:13:20
inv_000746,sub_00387,cust_00575,plan_basic_monthly,19.99,usd,2026-04-17,2026-05-17,paid,2026-04-17T00:00:00,2026-04-17T01:32:24
inv_000747,sub_00387,cust_00575,plan_basic_monthly,19.99,usd,2026-05-17,2026-06-17,paid,2026-05-17T00:00:00,2026-05-17T09:11:45
inv_000748,sub_00387,cust_00575,plan_basic_monthly,19.99,usd,2026-06-17,2026-07-17,paid,2026-06-17T00:00:00,2026-06-17T16:42:36
inv_000749,sub_00387,cust_00575,plan_basic_monthly,19.99,usd,2026-07-17,2026-08-17,paid,2026-07-17T00:00:00,2026-07-17T23:45:27
inv_000750,sub_00389,cust_00583,plan_plus_monthly,34.99,usd,2024-09-19,2024-10-19,paid,2024-09-19T00:00:00,2024-09-19T22:54:51
inv_000751,sub_00389,cust_00583,plan_plus_monthly,34.99,usd,2024-10-19,2024-11-19,paid,2024-10-19T00:00:00,2024-10-19T12:32:16
inv_000752,sub_00389,cust_00583,plan_plus_monthly,34.99,usd,2024-11-19,2024-12-19,paid,2024-11-19T00:00:00,2024-11-19T12:36:35
inv_000753,sub_00389,cust_00583,plan_plus_monthly,34.99,usd,2024-12-19,2025-01-19,paid,2024-12-19T00:00:00,2024-12-19T15:15:34
inv_000754,sub_00389,cust_00583,plan_plus_monthly,34.99,usd,2025-01-19,2025-02-19,paid,2025-01-19T00:00:00,2025-01-19T14:21:28
inv_000755,sub_00389,cust_00583,plan_plus_monthly,34.99,usd,2025-02-19,2025-03-19,paid,2025-02-19T00:00:00,2025-02-19T22:58:58
inv_000756,sub_00389,cust_00583,plan_plus_monthly,34.99,usd,2025-03-19,2025-04-19,paid,2025-03-19T00:00:00,2025-03-19T00:33:06
inv_000757,sub_00389,cust_00583,plan_plus_monthly,34.99,usd,2025-04-19,2025-05-19,paid,2025-04-19T00:00:00,2025-04-19T16:20:23
inv_000758,sub_00389,cust_00583,plan_plus_monthly,34.99,usd,2025-05-19,2025-06-19,paid,2025-05-19T00:00:00,2025-05-19T16:09:33
inv_000759,sub_00389,cust_00583,plan_plus_monthly,34.99,usd,2025-06-19,2025-07-19,paid,2025-06-19T00:00:00,2025-06-19T20:02:43
inv_000760,sub_00389,cust_00583,plan_plus_monthly,34.99,usd,2025-07-19,2025-08-19,paid,2025-07-19T00:00:00,2025-07-19T01:04:50
inv_000761,sub_00389,cust_00583,plan_plus_monthly,34.99,usd,2025-08-19,2025-09-19,paid,2025-08-19T00:00:00,2025-08-19T00:59:29
inv_000762,sub_00389,cust_00583,plan_plus_monthly,34.99,usd,2025-09-19,2025-10-19,paid,2025-09-19T00:00:00,2025-09-19T02:31:35
inv_000763,sub_00389,cust_00583,plan_plus_monthly,34.99,usd,2025-10-19,2025-11-19,paid,2025-10-19T00:00:00,2025-10-19T02:35:24
inv_000764,sub_00389,cust_00583,plan_plus_monthly,34.99,usd,2025-11-19,2025-12-19,paid,2025-11-19T00:00:00,2025-11-19T19:06:00
inv_000765,sub_00389,cust_00583,plan_plus_monthly,34.99,usd,2025-12-19,2026-01-19,paid,2025-12-19T00:00:00,2025-12-19T19:56:08
inv_000766,sub_00389,cust_00583,plan_plus_monthly,34.99,usd,2026-01-19,2026-02-19,paid,2026-01-19T00:00:00,2026-01-19T23:03:36
inv_000767,sub_00389,cust_00583,plan_plus_monthly,34.99,usd,2026-02-19,2026-03-19,paid,2026-02-19T00:00:00,2026-02-19T06:54:22
inv_000768,sub_00389,cust_00583,plan_plus_monthly,34.99,usd,2026-03-19,2026-04-19,paid,2026-03-19T00:00:00,2026-03-19T08:23:28
inv_000769,sub_00389,cust_00583,plan_plus_monthly,34.99,usd,2026-04-19,2026-05-19,paid,2026-04-19T00:00:00,2026-04-19T08:04:05
inv_000770,sub_00389,cust_00583,plan_plus_monthly,34.99,usd,2026-05-19,2026-06-19,paid,2026-05-19T00:00:00,2026-05-19T20:58:28
inv_000771,sub_00389,cust_00583,plan_plus_monthly,34.99,usd,2026-06-19,2026-07-19,paid,2026-06-19T00:00:00,2026-06-19T19:46:01
inv_000772,sub_00389,cust_00583,plan_plus_monthly,34.99,usd,2026-07-19,2026-08-19,paid,2026-07-19T00:00:00,2026-07-19T15:56:00
inv_000773,sub_00390,cust_00584,plan_basic_monthly,19.99,usd,2025-03-17,2025-04-17,paid,2025-03-17T00:00:00,2025-03-17T00:33:10
inv_000774,sub_00396,cust_00590,plan_plus_monthly,34.99,usd,2025-12-04,2026-01-04,paid,2025-12-04T00:00:00,2025-12-04T16:57:43
inv_000775,sub_00396,cust_00590,plan_plus_monthly,34.99,usd,2026-01-04,2026-02-04,paid,2026-01-04T00:00:00,2026-01-04T22:31:49
inv_000776,sub_00396,cust_00590,plan_plus_monthly,34.99,usd,2026-02-04,2026-03-04,paid,2026-02-04T00:00:00,2026-02-04T19:09:59
inv_000777,sub_00396,cust_00590,plan_plus_monthly,34.99,usd,2026-03-04,2026-04-04,paid,2026-03-04T00:00:00,2026-03-04T13:45:44
inv_000778,sub_00396,cust_00590,plan_plus_monthly,34.99,usd,2026-04-04,2026-05-04,paid,2026-04-04T00:00:00,2026-04-04T04:16:35
inv_000779,sub_00396,cust_00590,plan_plus_monthly,34.99,usd,2026-05-04,2026-06-04,paid,2026-05-04T00:00:00,2026-05-04T12:06:04
inv_000780,sub_00396,cust_00590,plan_plus_monthly,34.99,usd,2026-06-04,2026-07-04,paid,2026-06-04T00:00:00,2026-06-04T16:03:44
inv_000781,sub_00396,cust_00590,plan_plus_monthly,34.99,usd,2026-07-04,2026-08-04,paid,2026-07-04T00:00:00,2026-07-04T11:34:53
inv_000782,sub_00397,cust_00592,plan_basic_monthly,19.99,usd,2024-06-13,2024-07-13,paid,2024-06-13T00:00:00,2024-06-13T02:11:31
inv_000783,sub_00397,cust_00592,plan_plus_monthly,34.99,usd,2024-07-13,2024-08-13,paid,2024-07-13T00:00:00,2024-07-13T17:24:43
inv_000784,sub_00401,cust_00597,plan_plus_monthly,34.99,usd,2026-06-04,2026-07-04,paid,2026-06-04T00:00:00,2026-06-04T04:14:39
inv_000785,sub_00401,cust_00597,plan_plus_monthly,34.99,usd,2026-07-04,2026-08-04,paid,2026-07-04T00:00:00,2026-07-04T18:11:23
inv_000786,sub_00404,cust_00600,plan_basic_monthly,19.99,usd,2024-02-13,2024-03-13,paid,2024-02-13T00:00:00,2024-02-13T17:42:08
inv_000787,sub_00406,cust_00603,plan_plus_monthly,34.99,usd,2024-12-11,2025-01-11,paid,2024-12-11T00:00:00,2024-12-11T15:15:55
inv_000788,sub_00406,cust_00603,plan_plus_monthly,34.99,usd,2025-01-11,2025-02-11,paid,2025-01-11T00:00:00,2025-01-11T02:50:50
inv_000789,sub_00406,cust_00603,plan_plus_monthly,34.99,usd,2025-02-11,2025-03-11,paid,2025-02-11T00:00:00,2025-02-11T09:25:54
inv_000790,sub_00406,cust_00603,plan_plus_monthly,34.99,usd,2025-03-11,2025-04-11,uncollectible,,2025-03-11T23:34:59
inv_000791,sub_00407,cust_00603,plan_plus_monthly,34.99,usd,2026-05-11,2026-06-11,paid,2026-05-11T00:00:00,2026-05-11T17:17:37
inv_000792,sub_00407,cust_00603,plan_plus_monthly,34.99,usd,2026-06-11,2026-07-11,paid,2026-06-11T00:00:00,2026-06-11T05:14:33
inv_000793,sub_00407,cust_00603,plan_plus_monthly,34.99,usd,2026-07-11,2026-08-11,paid,2026-07-11T00:00:00,2026-07-11T16:09:56
inv_000794,sub_00413,cust_00611,plan_plus_monthly,34.99,usd,2024-01-02,2024-02-02,paid,2024-01-02T00:00:00,2024-01-02T09:30:46
inv_000795,sub_00413,cust_00611,plan_plus_monthly,34.99,usd,2024-02-02,2024-03-02,paid,2024-02-02T00:00:00,2024-02-02T16:35:46
inv_000796,sub_00413,cust_00611,plan_plus_monthly,34.99,usd,2024-03-02,2024-04-02,paid,2024-03-02T00:00:00,2024-03-02T12:25:14
inv_000797,sub_00413,cust_00611,plan_plus_monthly,34.99,usd,2024-04-02,2024-05-02,paid,2024-04-02T00:00:00,2024-04-02T03:06:06
inv_000798,sub_00413,cust_00611,plan_plus_monthly,34.99,usd,2024-05-02,2024-06-02,paid,2024-05-02T00:00:00,2024-05-02T04:27:12
inv_000799,sub_00413,cust_00611,plan_plus_monthly,34.99,usd,2024-06-02,2024-07-02,paid,2024-06-02T00:00:00,2024-06-02T08:51:52
inv_000800,sub_00413,cust_00611,plan_plus_monthly,34.99,usd,2024-07-02,2024-08-02,paid,2024-07-02T00:00:00,2024-07-02T05:55:23
inv_000801,sub_00413,cust_00611,plan_plus_monthly,34.99,usd,2024-08-02,2024-09-02,paid,2024-08-02T00:00:00,2024-08-02T20:26:40
inv_000802,sub_00413,cust_00611,plan_plus_monthly,34.99,usd,2024-09-02,2024-10-02,paid,2024-09-02T00:00:00,2024-09-02T08:15:42
inv_000803,sub_00413,cust_00611,plan_plus_monthly,34.99,usd,2024-10-02,2024-11-02,paid,2024-10-02T00:00:00,2024-10-02T17:36:32
inv_000804,sub_00413,cust_00611,plan_plus_monthly,34.99,usd,2024-11-02,2024-12-02,paid,2024-11-02T00:00:00,2024-11-02T03:50:28
inv_000805,sub_00413,cust_00611,plan_plus_monthly,34.99,usd,2024-12-02,2025-01-02,paid,2024-12-02T00:00:00,2024-12-02T08:51:06
inv_000806,sub_00413,cust_00611,plan_plus_monthly,34.99,usd,2025-01-02,2025-02-02,paid,2025-01-02T00:00:00,2025-01-02T04:34:34
inv_000807,sub_00413,cust_00611,plan_plus_monthly,34.99,usd,2025-02-02,2025-03-02,paid,2025-02-02T00:00:00,2025-02-02T07:14:36
inv_000808,sub_00413,cust_00611,plan_plus_monthly,34.99,usd,2025-03-02,2025-04-02,paid,2025-03-02T00:00:00,2025-03-02T22:34:20
inv_000809,sub_00413,cust_00611,plan_plus_monthly,34.99,usd,2025-04-02,2025-05-02,paid,2025-04-02T00:00:00,2025-04-02T04:57:30
inv_000810,sub_00413,cust_00611,plan_plus_monthly,34.99,usd,2025-05-02,2025-06-02,paid,2025-05-02T00:00:00,2025-05-02T15:57:59
inv_000811,sub_00413,cust_00611,plan_plus_monthly,34.99,usd,2025-06-02,2025-07-02,paid,2025-06-02T00:00:00,2025-06-02T21:55:58
inv_000812,sub_00413,cust_00611,plan_plus_monthly,34.99,usd,2025-07-02,2025-08-02,paid,2025-07-02T00:00:00,2025-07-02T20:25:04
inv_000813,sub_00413,cust_00611,plan_plus_monthly,34.99,usd,2025-08-02,2025-09-02,paid,2025-08-02T00:00:00,2025-08-02T02:57:51
inv_000814,sub_00413,cust_00611,plan_plus_monthly,34.99,usd,2025-09-02,2025-10-02,paid,2025-09-02T00:00:00,2025-09-02T07:20:06
inv_000815,sub_00413,cust_00611,plan_plus_monthly,34.99,usd,2025-10-02,2025-11-02,paid,2025-10-02T00:00:00,2025-10-02T22:48:32
inv_000816,sub_00413,cust_00611,plan_plus_monthly,34.99,usd,2025-11-02,2025-12-02,paid,2025-11-02T00:00:00,2025-11-02T19:22:38
inv_000817,sub_00413,cust_00611,plan_plus_monthly,34.99,usd,2025-12-02,2026-01-02,paid,2025-12-02T00:00:00,2025-12-02T17:58:09
inv_000818,sub_00413,cust_00611,plan_plus_monthly,34.99,usd,2026-01-02,2026-02-02,paid,2026-01-02T00:00:00,2026-01-02T21:28:49
inv_000819,sub_00413,cust_00611,plan_plus_monthly,34.99,usd,2026-02-02,2026-03-02,paid,2026-02-02T00:00:00,2026-02-02T13:10:52
inv_000820,sub_00413,cust_00611,plan_plus_monthly,34.99,usd,2026-03-02,2026-04-02,paid,2026-03-02T00:00:00,2026-03-02T08:58:56
inv_000821,sub_00413,cust_00611,plan_plus_monthly,34.99,usd,2026-04-02,2026-05-02,paid,2026-04-02T00:00:00,2026-04-02T14:35:04
inv_000822,sub_00413,cust_00611,plan_plus_monthly,34.99,usd,2026-05-02,2026-06-02,paid,2026-05-02T00:00:00,2026-05-02T10:41:24
inv_000823,sub_00413,cust_00611,plan_plus_monthly,34.99,usd,2026-06-02,2026-07-02,paid,2026-06-02T00:00:00,2026-06-02T06:15:44
inv_000824,sub_00413,cust_00611,plan_plus_monthly,34.99,usd,2026-07-02,2026-08-02,paid,2026-07-02T00:00:00,2026-07-02T10:50:25
inv_000825,sub_00421,cust_00622,plan_plus_monthly,34.99,usd,2023-09-23,2023-10-23,paid,2023-09-23T00:00:00,2023-09-23T07:05:48
inv_000826,sub_00422,cust_00622,plan_basic_monthly,19.99,usd,2024-03-25,2024-04-25,paid,2024-03-25T00:00:00,2024-03-25T20:07:52
inv_000827,sub_00425,cust_00627,plan_basic_monthly,19.99,usd,2025-01-16,2025-02-16,paid,2025-01-16T00:00:00,2025-01-16T17:45:34
inv_000828,sub_00425,cust_00627,plan_basic_monthly,19.99,usd,2025-02-16,2025-03-16,paid,2025-02-16T00:00:00,2025-02-16T23:12:53
inv_000829,sub_00426,cust_00628,plan_basic_annual,179.0,usd,2025-03-01,2026-03-01,paid,2025-03-01T00:00:00,2025-03-01T20:31:40
inv_000830,sub_00429,cust_00632,plan_basic_monthly,19.99,usd,2024-01-27,2024-02-27,paid,2024-01-27T00:00:00,2024-01-27T04:56:04
inv_000831,sub_00429,cust_00632,plan_basic_monthly,19.99,usd,2024-02-27,2024-03-27,paid,2024-02-27T00:00:00,2024-02-27T00:30:58
inv_000832,sub_00429,cust_00632,plan_basic_monthly,19.99,usd,2024-03-27,2024-04-27,paid,2024-03-27T00:00:00,2024-03-27T05:57:47
inv_000833,sub_00429,cust_00632,plan_basic_monthly,19.99,usd,2024-04-27,2024-05-27,paid,2024-04-27T00:00:00,2024-04-27T22:41:37
inv_000834,sub_00429,cust_00632,plan_basic_monthly,19.99,usd,2024-05-27,2024-06-27,paid,2024-05-27T00:00:00,2024-05-27T18:27:15
inv_000835,sub_00429,cust_00632,plan_basic_monthly,19.99,usd,2024-06-27,2024-07-27,paid,2024-06-27T00:00:00,2024-06-27T21:44:59
inv_000836,sub_00429,cust_00632,plan_basic_monthly,19.99,usd,2024-07-27,2024-08-27,paid,2024-07-27T00:00:00,2024-07-27T12:01:14
inv_000837,sub_00429,cust_00632,plan_basic_monthly,19.99,usd,2024-08-27,2024-09-27,paid,2024-08-27T00:00:00,2024-08-27T06:37:21
inv_000838,sub_00429,cust_00632,plan_basic_monthly,19.99,usd,2024-09-27,2024-10-27,paid,2024-09-27T00:00:00,2024-09-27T05:55:28
inv_000839,sub_00429,cust_00632,plan_basic_monthly,19.99,usd,2024-10-27,2024-11-27,paid,2024-10-27T00:00:00,2024-10-27T03:11:41
inv_000840,sub_00429,cust_00632,plan_basic_monthly,19.99,usd,2024-11-27,2024-12-27,paid,2024-11-27T00:00:00,2024-11-27T02:30:58
inv_000841,sub_00429,cust_00632,plan_basic_monthly,19.99,usd,2024-12-27,2025-01-27,paid,2024-12-27T00:00:00,2024-12-27T10:28:42
inv_000842,sub_00429,cust_00632,plan_basic_monthly,19.99,usd,2025-01-27,2025-02-27,paid,2025-01-27T00:00:00,2025-01-27T05:30:23
inv_000843,sub_00429,cust_00632,plan_basic_monthly,19.99,usd,2025-02-27,2025-03-27,paid,2025-02-27T00:00:00,2025-02-27T23:15:56
inv_000844,sub_00429,cust_00632,plan_basic_monthly,19.99,usd,2025-03-27,2025-04-27,paid,2025-03-27T00:00:00,2025-03-27T05:29:19
inv_000845,sub_00429,cust_00632,plan_basic_monthly,19.99,usd,2025-04-27,2025-05-27,paid,2025-04-27T00:00:00,2025-04-27T07:19:45
inv_000846,sub_00429,cust_00632,plan_basic_monthly,19.99,usd,2025-05-27,2025-06-27,paid,2025-05-27T00:00:00,2025-05-27T20:57:05
inv_000847,sub_00429,cust_00632,plan_basic_monthly,19.99,usd,2025-06-27,2025-07-27,paid,2025-06-27T00:00:00,2025-06-27T14:40:29
inv_000848,sub_00429,cust_00632,plan_basic_monthly,19.99,usd,2025-07-27,2025-08-27,paid,2025-07-27T00:00:00,2025-07-27T12:28:47
inv_000849,sub_00429,cust_00632,plan_basic_monthly,19.99,usd,2025-08-27,2025-09-27,paid,2025-08-27T00:00:00,2025-08-27T21:49:48
inv_000850,sub_00429,cust_00632,plan_basic_monthly,19.99,usd,2025-09-27,2025-10-27,paid,2025-09-27T00:00:00,2025-09-27T19:08:34
inv_000851,sub_00429,cust_00632,plan_basic_monthly,19.99,usd,2025-10-27,2025-11-27,paid,2025-10-27T00:00:00,2025-10-27T04:09:00
inv_000852,sub_00429,cust_00632,plan_basic_monthly,19.99,usd,2025-11-27,2025-12-27,paid,2025-11-27T00:00:00,2025-11-27T21:44:51
inv_000853,sub_00429,cust_00632,plan_basic_monthly,19.99,usd,2025-12-27,2026-01-27,paid,2025-12-27T00:00:00,2025-12-27T08:19:42
inv_000854,sub_00429,cust_00632,plan_basic_monthly,19.99,usd,2026-01-27,2026-02-27,paid,2026-01-27T00:00:00,2026-01-27T17:19:49
inv_000855,sub_00429,cust_00632,plan_basic_monthly,19.99,usd,2026-02-27,2026-03-27,paid,2026-02-27T00:00:00,2026-02-27T06:33:04
inv_000856,sub_00429,cust_00632,plan_basic_monthly,19.99,usd,2026-03-27,2026-04-27,paid,2026-03-27T00:00:00,2026-03-27T18:06:17
inv_000857,sub_00429,cust_00632,plan_basic_monthly,19.99,usd,2026-04-27,2026-05-27,paid,2026-04-27T00:00:00,2026-04-27T01:00:27
inv_000858,sub_00429,cust_00632,plan_basic_monthly,19.99,usd,2026-05-27,2026-06-27,paid,2026-05-27T00:00:00,2026-05-27T13:46:55
inv_000859,sub_00429,cust_00632,plan_basic_monthly,19.99,usd,2026-06-27,2026-07-27,paid,2026-06-27T00:00:00,2026-06-27T10:01:22
inv_000860,sub_00429,cust_00632,plan_basic_monthly,19.99,usd,2026-07-27,2026-08-27,paid,2026-07-27T00:00:00,2026-07-27T01:07:24
inv_000861,sub_00431,cust_00634,plan_basic_monthly,19.99,usd,2023-09-28,2023-10-28,paid,2023-09-28T00:00:00,2023-09-28T21:09:45
inv_000862,sub_00433,cust_00636,plan_basic_monthly,19.99,usd,2026-05-28,2026-06-28,paid,2026-05-28T00:00:00,2026-05-28T14:05:42
inv_000863,sub_00433,cust_00636,plan_basic_monthly,19.99,usd,2026-06-28,2026-07-28,paid,2026-06-28T00:00:00,2026-06-28T05:30:47
inv_000864,sub_00433,cust_00636,plan_basic_monthly,19.99,usd,2026-07-28,2026-08-28,paid,2026-07-28T00:00:00,2026-07-28T05:45:14
inv_000865,sub_00434,cust_00637,plan_basic_monthly,19.99,usd,2024-03-13,2024-04-13,paid,2024-03-13T00:00:00,2024-03-13T18:44:31
inv_000866,sub_00434,cust_00637,plan_plus_monthly,34.99,usd,2024-04-13,2024-05-13,uncollectible,,2024-04-13T15:19:10
inv_000867,sub_00435,cust_00637,plan_basic_monthly,19.99,usd,2026-03-16,2026-04-16,paid,2026-03-16T00:00:00,2026-03-16T09:01:57
inv_000868,sub_00435,cust_00637,plan_basic_monthly,19.99,usd,2026-04-16,2026-05-16,paid,2026-04-16T00:00:00,2026-04-16T18:42:42
inv_000869,sub_00435,cust_00637,plan_basic_monthly,19.99,usd,2026-05-16,2026-06-16,paid,2026-05-16T00:00:00,2026-05-16T09:18:35
inv_000870,sub_00435,cust_00637,plan_basic_monthly,19.99,usd,2026-06-16,2026-07-16,paid,2026-06-16T00:00:00,2026-06-16T23:41:45
inv_000871,sub_00435,cust_00637,plan_basic_monthly,19.99,usd,2026-07-16,2026-08-16,paid,2026-07-16T00:00:00,2026-07-16T03:41:30
inv_000872,sub_00436,cust_00639,plan_plus_monthly,34.99,usd,2025-04-06,2025-05-06,paid,2025-04-06T00:00:00,2025-04-06T02:57:16
inv_000873,sub_00436,cust_00639,plan_plus_monthly,34.99,usd,2025-05-06,2025-06-06,paid,2025-05-06T00:00:00,2025-05-06T14:47:14
inv_000874,sub_00436,cust_00639,plan_plus_monthly,34.99,usd,2025-06-06,2025-07-06,paid,2025-06-06T00:00:00,2025-06-06T19:12:57
inv_000875,sub_00436,cust_00639,plan_plus_monthly,34.99,usd,2025-07-06,2025-08-06,paid,2025-07-06T00:00:00,2025-07-06T19:34:21
inv_000876,sub_00436,cust_00639,plan_plus_monthly,34.99,usd,2025-08-06,2025-09-06,paid,2025-08-06T00:00:00,2025-08-06T01:37:46
inv_000877,sub_00436,cust_00639,plan_plus_monthly,34.99,usd,2025-09-06,2025-10-06,paid,2025-09-06T00:00:00,2025-09-06T02:05:45
inv_000878,sub_00436,cust_00639,plan_plus_monthly,34.99,usd,2025-10-06,2025-11-06,paid,2025-10-06T00:00:00,2025-10-06T18:45:18
inv_000879,sub_00436,cust_00639,plan_plus_monthly,34.99,usd,2025-11-06,2025-12-06,paid,2025-11-06T00:00:00,2025-11-06T08:27:29
inv_000880,sub_00436,cust_00639,plan_plus_monthly,34.99,usd,2025-12-06,2026-01-06,paid,2025-12-06T00:00:00,2025-12-06T10:31:11
inv_000881,sub_00436,cust_00639,plan_plus_monthly,34.99,usd,2026-01-06,2026-02-06,paid,2026-01-06T00:00:00,2026-01-06T16:24:22
inv_000882,sub_00436,cust_00639,plan_plus_monthly,34.99,usd,2026-02-06,2026-03-06,paid,2026-02-06T00:00:00,2026-02-06T21:44:15
inv_000883,sub_00436,cust_00639,plan_plus_monthly,34.99,usd,2026-03-06,2026-04-06,paid,2026-03-06T00:00:00,2026-03-06T10:35:58
inv_000884,sub_00436,cust_00639,plan_plus_monthly,34.99,usd,2026-04-06,2026-05-06,paid,2026-04-06T00:00:00,2026-04-06T15:01:43
inv_000885,sub_00436,cust_00639,plan_plus_monthly,34.99,usd,2026-05-06,2026-06-06,paid,2026-05-06T00:00:00,2026-05-06T03:09:39
inv_000886,sub_00436,cust_00639,plan_plus_monthly,34.99,usd,2026-06-06,2026-07-06,paid,2026-06-06T00:00:00,2026-06-06T01:38:22
inv_000887,sub_00436,cust_00639,plan_plus_monthly,34.99,usd,2026-07-06,2026-08-06,paid,2026-07-06T00:00:00,2026-07-06T18:29:28
inv_000888,sub_00438,cust_00644,plan_basic_annual,179.0,usd,2025-02-03,2026-02-03,paid,2025-02-03T00:00:00,2025-02-03T03:56:51
inv_000889,sub_00438,cust_00644,plan_basic_annual,179.0,usd,2026-02-03,2027-02-03,paid,2026-02-03T00:00:00,2026-02-03T04:27:35
inv_000890,sub_00439,cust_00645,plan_basic_annual,179.0,usd,2025-06-20,2026-06-20,paid,2025-06-20T00:00:00,2025-06-20T23:49:22
inv_000891,sub_00441,cust_00649,plan_basic_monthly,19.99,usd,2026-05-09,2026-06-09,paid,2026-05-09T00:00:00,2026-05-09T20:26:03
inv_000892,sub_00448,cust_00659,plan_plus_monthly,34.99,usd,2024-06-27,2024-07-27,paid,2024-06-27T00:00:00,2024-06-27T15:21:19
inv_000893,sub_00448,cust_00659,plan_plus_monthly,34.99,usd,2024-07-27,2024-08-27,paid,2024-07-27T00:00:00,2024-07-27T05:04:36
inv_000894,sub_00448,cust_00659,plan_plus_monthly,34.99,usd,2024-08-27,2024-09-27,paid,2024-08-27T00:00:00,2024-08-27T18:48:01
inv_000895,sub_00448,cust_00659,plan_plus_monthly,34.99,usd,2024-09-27,2024-10-27,paid,2024-09-27T00:00:00,2024-09-27T17:41:29
inv_000896,sub_00448,cust_00659,plan_plus_monthly,34.99,usd,2024-10-27,2024-11-27,paid,2024-10-27T00:00:00,2024-10-27T04:29:31
inv_000897,sub_00448,cust_00659,plan_plus_monthly,34.99,usd,2024-11-27,2024-12-27,paid,2024-11-27T00:00:00,2024-11-27T19:52:52
inv_000898,sub_00448,cust_00659,plan_plus_monthly,34.99,usd,2024-12-27,2025-01-27,paid,2024-12-27T00:00:00,2024-12-27T07:28:34
inv_000899,sub_00448,cust_00659,plan_plus_monthly,34.99,usd,2025-01-27,2025-02-27,paid,2025-01-27T00:00:00,2025-01-27T06:42:41
inv_000900,sub_00448,cust_00659,plan_plus_monthly,34.99,usd,2025-02-27,2025-03-27,paid,2025-02-27T00:00:00,2025-02-27T21:26:26
inv_000901,sub_00448,cust_00659,plan_plus_monthly,34.99,usd,2025-03-27,2025-04-27,paid,2025-03-27T00:00:00,2025-03-27T00:39:33
inv_000902,sub_00448,cust_00659,plan_plus_monthly,34.99,usd,2025-04-27,2025-05-27,paid,2025-04-27T00:00:00,2025-04-27T18:45:53
inv_000903,sub_00448,cust_00659,plan_plus_monthly,34.99,usd,2025-05-27,2025-06-27,paid,2025-05-27T00:00:00,2025-05-27T10:28:58
inv_000904,sub_00448,cust_00659,plan_plus_monthly,34.99,usd,2025-06-27,2025-07-27,paid,2025-06-27T00:00:00,2025-06-27T08:58:56
inv_000905,sub_00448,cust_00659,plan_plus_monthly,34.99,usd,2025-07-27,2025-08-27,paid,2025-07-27T00:00:00,2025-07-27T18:32:06
inv_000906,sub_00448,cust_00659,plan_plus_monthly,34.99,usd,2025-08-27,2025-09-27,paid,2025-08-27T00:00:00,2025-08-27T02:16:40
inv_000907,sub_00448,cust_00659,plan_plus_monthly,34.99,usd,2025-09-27,2025-10-27,paid,2025-09-27T00:00:00,2025-09-27T21:00:01
inv_000908,sub_00448,cust_00659,plan_plus_monthly,34.99,usd,2025-10-27,2025-11-27,paid,2025-10-27T00:00:00,2025-10-27T09:40:23
inv_000909,sub_00448,cust_00659,plan_plus_monthly,34.99,usd,2025-11-27,2025-12-27,paid,2025-11-27T00:00:00,2025-11-27T14:47:03
inv_000910,sub_00448,cust_00659,plan_plus_monthly,34.99,usd,2025-12-27,2026-01-27,paid,2025-12-27T00:00:00,2025-12-27T01:15:34
inv_000911,sub_00448,cust_00659,plan_plus_monthly,34.99,usd,2026-01-27,2026-02-27,paid,2026-01-27T00:00:00,2026-01-27T22:26:32
inv_000912,sub_00448,cust_00659,plan_plus_monthly,34.99,usd,2026-02-27,2026-03-27,paid,2026-02-27T00:00:00,2026-02-27T12:42:48
inv_000913,sub_00448,cust_00659,plan_plus_monthly,34.99,usd,2026-03-27,2026-04-27,paid,2026-03-27T00:00:00,2026-03-27T04:51:26
inv_000914,sub_00448,cust_00659,plan_plus_monthly,34.99,usd,2026-04-27,2026-05-27,paid,2026-04-27T00:00:00,2026-04-27T18:33:13
inv_000915,sub_00448,cust_00659,plan_plus_monthly,34.99,usd,2026-05-27,2026-06-27,paid,2026-05-27T00:00:00,2026-05-27T13:47:48
inv_000916,sub_00448,cust_00659,plan_plus_monthly,34.99,usd,2026-06-27,2026-07-27,paid,2026-06-27T00:00:00,2026-06-27T18:27:44
inv_000917,sub_00448,cust_00659,plan_plus_monthly,34.99,usd,2026-07-27,2026-08-27,open,,2026-07-27T08:39:48
inv_000918,sub_00460,cust_00679,plan_basic_monthly,19.99,usd,2026-04-13,2026-05-13,paid,2026-04-13T00:00:00,2026-04-13T11:09:21
inv_000919,sub_00460,cust_00679,plan_basic_monthly,19.99,usd,2026-05-13,2026-06-13,paid,2026-05-13T00:00:00,2026-05-13T18:00:40
inv_000920,sub_00460,cust_00679,plan_basic_monthly,19.99,usd,2026-06-13,2026-07-13,paid,2026-06-13T00:00:00,2026-06-13T09:15:16
inv_000921,sub_00460,cust_00679,plan_basic_monthly,19.99,usd,2026-07-13,2026-08-13,paid,2026-07-13T00:00:00,2026-07-13T09:50:32
inv_000922,sub_00461,cust_00680,plan_basic_annual,179.0,usd,2025-01-21,2026-01-21,paid,2025-01-21T00:00:00,2025-01-21T06:58:53
inv_000923,sub_00462,cust_00681,plan_basic_monthly,19.99,usd,2025-01-09,2025-02-09,paid,2025-01-09T00:00:00,2025-01-09T03:48:20
inv_000924,sub_00462,cust_00681,plan_basic_monthly,19.99,usd,2025-02-09,2025-03-09,paid,2025-02-09T00:00:00,2025-02-09T23:23:06
inv_000925,sub_00462,cust_00681,plan_basic_monthly,19.99,usd,2025-03-09,2025-04-09,paid,2025-03-09T00:00:00,2025-03-09T03:12:00
inv_000926,sub_00462,cust_00681,plan_basic_monthly,19.99,usd,2025-04-09,2025-05-09,paid,2025-04-09T00:00:00,2025-04-09T15:21:20
inv_000927,sub_00462,cust_00681,plan_basic_monthly,19.99,usd,2025-05-09,2025-06-09,paid,2025-05-09T00:00:00,2025-05-09T02:37:32
inv_000928,sub_00462,cust_00681,plan_basic_monthly,19.99,usd,2025-06-09,2025-07-09,paid,2025-06-09T00:00:00,2025-06-09T15:42:54
inv_000929,sub_00462,cust_00681,plan_basic_monthly,19.99,usd,2025-07-09,2025-08-09,paid,2025-07-09T00:00:00,2025-07-09T06:12:54
inv_000930,sub_00462,cust_00681,plan_basic_monthly,19.99,usd,2025-08-09,2025-09-09,paid,2025-08-09T00:00:00,2025-08-09T15:02:40
inv_000931,sub_00462,cust_00681,plan_basic_monthly,19.99,usd,2025-09-09,2025-10-09,paid,2025-09-09T00:00:00,2025-09-09T19:46:31
inv_000932,sub_00462,cust_00681,plan_basic_monthly,19.99,usd,2025-10-09,2025-11-09,paid,2025-10-09T00:00:00,2025-10-09T17:18:23
inv_000933,sub_00462,cust_00681,plan_basic_monthly,19.99,usd,2025-11-09,2025-12-09,paid,2025-11-09T00:00:00,2025-11-09T23:49:16
inv_000934,sub_00462,cust_00681,plan_basic_monthly,19.99,usd,2025-12-09,2026-01-09,paid,2025-12-09T00:00:00,2025-12-09T08:41:01
inv_000935,sub_00462,cust_00681,plan_basic_monthly,19.99,usd,2026-01-09,2026-02-09,paid,2026-01-09T00:00:00,2026-01-09T21:39:04
inv_000936,sub_00462,cust_00681,plan_basic_monthly,19.99,usd,2026-02-09,2026-03-09,paid,2026-02-09T00:00:00,2026-02-09T23:23:03
inv_000937,sub_00462,cust_00681,plan_basic_monthly,19.99,usd,2026-03-09,2026-04-09,paid,2026-03-09T00:00:00,2026-03-09T09:35:58
inv_000938,sub_00462,cust_00681,plan_basic_monthly,19.99,usd,2026-04-09,2026-05-09,paid,2026-04-09T00:00:00,2026-04-09T09:32:13
inv_000939,sub_00462,cust_00681,plan_basic_monthly,19.99,usd,2026-05-09,2026-06-09,paid,2026-05-09T00:00:00,2026-05-09T21:13:41
inv_000940,sub_00462,cust_00681,plan_basic_monthly,19.99,usd,2026-06-09,2026-07-09,paid,2026-06-09T00:00:00,2026-06-09T09:54:32
inv_000941,sub_00462,cust_00681,plan_basic_monthly,19.99,usd,2026-07-09,2026-08-09,paid,2026-07-09T00:00:00,2026-07-09T14:09:05
inv_000942,sub_00463,cust_00682,plan_basic_monthly,19.99,usd,2025-12-03,2026-01-03,paid,2025-12-03T00:00:00,2025-12-03T09:07:13
inv_000943,sub_00463,cust_00682,plan_basic_monthly,19.99,usd,2026-01-03,2026-02-03,paid,2026-01-03T00:00:00,2026-01-03T14:06:31
inv_000944,sub_00463,cust_00682,plan_basic_monthly,19.99,usd,2026-02-03,2026-03-03,paid,2026-02-03T00:00:00,2026-02-03T02:07:07
inv_000945,sub_00464,cust_00682,plan_basic_annual,179.0,usd,2026-07-14,2027-07-14,paid,2026-07-14T00:00:00,2026-07-14T19:59:44
inv_000946,sub_00466,cust_00684,plan_basic_monthly,19.99,usd,2025-07-07,2025-08-07,paid,2025-07-07T00:00:00,2025-07-07T08:29:54
inv_000947,sub_00467,cust_00685,plan_basic_monthly,19.99,usd,2024-11-29,2024-12-29,paid,2024-11-29T00:00:00,2024-11-29T01:20:20
inv_000948,sub_00467,cust_00685,plan_basic_monthly,19.99,usd,2024-12-29,2025-01-29,paid,2024-12-29T00:00:00,2024-12-29T01:19:23
inv_000949,sub_00467,cust_00685,plan_basic_monthly,19.99,usd,2025-01-29,2025-02-28,paid,2025-01-29T00:00:00,2025-01-29T01:58:04
inv_000950,sub_00467,cust_00685,plan_basic_monthly,19.99,usd,2025-02-28,2025-03-29,paid,2025-02-28T00:00:00,2025-02-28T02:29:46
inv_000951,sub_00467,cust_00685,plan_basic_monthly,19.99,usd,2025-03-29,2025-04-29,paid,2025-03-29T00:00:00,2025-03-29T20:22:10
inv_000952,sub_00467,cust_00685,plan_basic_monthly,19.99,usd,2025-04-29,2025-05-29,paid,2025-04-29T00:00:00,2025-04-29T04:30:18
inv_000953,sub_00467,cust_00685,plan_basic_monthly,19.99,usd,2025-05-29,2025-06-29,paid,2025-05-29T00:00:00,2025-05-29T14:05:00
inv_000954,sub_00467,cust_00685,plan_basic_monthly,19.99,usd,2025-06-29,2025-07-29,paid,2025-06-29T00:00:00,2025-06-29T05:12:58
inv_000955,sub_00467,cust_00685,plan_basic_monthly,19.99,usd,2025-07-29,2025-08-29,paid,2025-07-29T00:00:00,2025-07-29T21:50:00
inv_000956,sub_00467,cust_00685,plan_basic_monthly,19.99,usd,2025-08-29,2025-09-29,paid,2025-08-29T00:00:00,2025-08-29T08:48:19
inv_000957,sub_00467,cust_00685,plan_basic_monthly,19.99,usd,2025-09-29,2025-10-29,paid,2025-09-29T00:00:00,2025-09-29T17:16:14
inv_000958,sub_00467,cust_00685,plan_basic_monthly,19.99,usd,2025-10-29,2025-11-29,paid,2025-10-29T00:00:00,2025-10-29T02:37:18
inv_000959,sub_00467,cust_00685,plan_basic_monthly,19.99,usd,2025-11-29,2025-12-29,paid,2025-11-29T00:00:00,2025-11-29T20:39:47
inv_000960,sub_00467,cust_00685,plan_basic_monthly,19.99,usd,2025-12-29,2026-01-29,paid,2025-12-29T00:00:00,2025-12-29T20:34:00
inv_000961,sub_00467,cust_00685,plan_basic_monthly,19.99,usd,2026-01-29,2026-02-28,paid,2026-01-29T00:00:00,2026-01-29T23:51:52
inv_000962,sub_00467,cust_00685,plan_basic_monthly,19.99,usd,2026-02-28,2026-03-29,paid,2026-02-28T00:00:00,2026-02-28T05:02:37
inv_000963,sub_00467,cust_00685,plan_basic_monthly,19.99,usd,2026-03-29,2026-04-29,paid,2026-03-29T00:00:00,2026-03-29T23:18:13
inv_000964,sub_00467,cust_00685,plan_basic_monthly,19.99,usd,2026-04-29,2026-05-29,paid,2026-04-29T00:00:00,2026-04-29T15:35:54
inv_000965,sub_00467,cust_00685,plan_basic_monthly,19.99,usd,2026-05-29,2026-06-29,paid,2026-05-29T00:00:00,2026-05-29T14:47:02
inv_000966,sub_00467,cust_00685,plan_basic_monthly,19.99,usd,2026-06-29,2026-07-29,paid,2026-06-29T00:00:00,2026-06-29T15:29:11
inv_000967,sub_00467,cust_00685,plan_basic_monthly,19.99,usd,2026-07-29,2026-08-29,paid,2026-07-29T00:00:00,2026-07-29T08:01:43
inv_000968,sub_00468,cust_00686,plan_plus_annual,314.0,usd,2023-09-02,2024-09-02,paid,2023-09-02T00:00:00,2023-09-02T09:44:05
inv_000969,sub_00471,cust_00692,plan_basic_annual,179.0,usd,2026-01-20,2027-01-20,paid,2026-01-20T00:00:00,2026-01-20T08:15:54
inv_000970,sub_00473,cust_00699,plan_basic_monthly,19.99,usd,2025-05-07,2025-06-07,paid,2025-05-07T00:00:00,2025-05-07T17:24:49
inv_000971,sub_00475,cust_00701,plan_basic_monthly,19.99,usd,2025-02-28,2025-03-28,paid,2025-02-28T00:00:00,2025-02-28T13:32:00
inv_000972,sub_00475,cust_00701,plan_basic_monthly,19.99,usd,2025-03-28,2025-04-28,uncollectible,,2025-03-28T09:19:05
inv_000973,sub_00477,cust_00703,plan_basic_monthly,19.99,usd,2026-03-05,2026-04-05,paid,2026-03-05T00:00:00,2026-03-05T15:41:41
inv_000974,sub_00478,cust_00704,plan_basic_monthly,19.99,usd,2024-12-25,2025-01-25,paid,2024-12-25T00:00:00,2024-12-25T02:58:03
inv_000975,sub_00478,cust_00704,plan_basic_monthly,19.99,usd,2025-01-25,2025-02-25,paid,2025-01-25T00:00:00,2025-01-25T09:12:19
inv_000976,sub_00478,cust_00704,plan_basic_monthly,19.99,usd,2025-02-25,2025-03-25,paid,2025-02-25T00:00:00,2025-02-25T21:16:51
inv_000977,sub_00478,cust_00704,plan_basic_monthly,19.99,usd,2025-03-25,2025-04-25,paid,2025-03-25T00:00:00,2025-03-25T02:56:11
inv_000978,sub_00478,cust_00704,plan_basic_monthly,19.99,usd,2025-04-25,2025-05-25,paid,2025-04-25T00:00:00,2025-04-25T00:25:06
inv_000979,sub_00478,cust_00704,plan_basic_monthly,19.99,usd,2025-05-25,2025-06-25,paid,2025-05-25T00:00:00,2025-05-25T14:46:26
inv_000980,sub_00478,cust_00704,plan_basic_monthly,19.99,usd,2025-06-25,2025-07-25,paid,2025-06-25T00:00:00,2025-06-25T00:34:15
inv_000981,sub_00478,cust_00704,plan_basic_monthly,19.99,usd,2025-07-25,2025-08-25,paid,2025-07-25T00:00:00,2025-07-25T11:04:35
inv_000982,sub_00478,cust_00704,plan_basic_monthly,19.99,usd,2025-08-25,2025-09-25,paid,2025-08-25T00:00:00,2025-08-25T08:40:37
inv_000983,sub_00478,cust_00704,plan_basic_monthly,19.99,usd,2025-09-25,2025-10-25,paid,2025-09-25T00:00:00,2025-09-25T15:14:12
inv_000984,sub_00478,cust_00704,plan_basic_monthly,19.99,usd,2025-10-25,2025-11-25,paid,2025-10-25T00:00:00,2025-10-25T20:19:53
inv_000985,sub_00478,cust_00704,plan_basic_monthly,19.99,usd,2025-11-25,2025-12-25,paid,2025-11-25T00:00:00,2025-11-25T16:14:03
inv_000986,sub_00478,cust_00704,plan_basic_monthly,19.99,usd,2025-12-25,2026-01-25,paid,2025-12-25T00:00:00,2025-12-25T07:59:25
inv_000987,sub_00478,cust_00704,plan_basic_monthly,19.99,usd,2026-01-25,2026-02-25,paid,2026-01-25T00:00:00,2026-01-25T23:00:28
inv_000988,sub_00478,cust_00704,plan_basic_monthly,19.99,usd,2026-02-25,2026-03-25,paid,2026-02-25T00:00:00,2026-02-25T16:29:52
inv_000989,sub_00478,cust_00704,plan_basic_monthly,19.99,usd,2026-03-25,2026-04-25,paid,2026-03-25T00:00:00,2026-03-25T05:56:40
inv_000990,sub_00478,cust_00704,plan_basic_monthly,19.99,usd,2026-04-25,2026-05-25,paid,2026-04-25T00:00:00,2026-04-25T13:24:59
inv_000991,sub_00478,cust_00704,plan_basic_monthly,19.99,usd,2026-05-25,2026-06-25,paid,2026-05-25T00:00:00,2026-05-25T05:21:23
inv_000992,sub_00478,cust_00704,plan_basic_monthly,19.99,usd,2026-06-25,2026-07-25,paid,2026-06-25T00:00:00,2026-06-25T01:09:00
inv_000993,sub_00478,cust_00704,plan_basic_monthly,19.99,usd,2026-07-25,2026-08-25,paid,2026-07-25T00:00:00,2026-07-25T20:47:15
inv_000994,sub_00481,cust_00712,plan_basic_monthly,19.99,usd,2025-09-01,2025-10-01,paid,2025-09-01T00:00:00,2025-09-01T23:48:38
inv_000995,sub_00481,cust_00712,plan_basic_monthly,19.99,usd,2025-10-01,2025-11-01,paid,2025-10-01T00:00:00,2025-10-01T01:14:58
inv_000996,sub_00481,cust_00712,plan_basic_monthly,19.99,usd,2025-11-01,2025-12-01,paid,2025-11-01T00:00:00,2025-11-01T08:36:05
inv_000997,sub_00481,cust_00712,plan_basic_monthly,19.99,usd,2025-12-01,2026-01-01,paid,2025-12-01T00:00:00,2025-12-01T16:35:52
inv_000998,sub_00481,cust_00712,plan_basic_monthly,19.99,usd,2026-01-01,2026-02-01,paid,2026-01-01T00:00:00,2026-01-01T11:09:18
inv_000999,sub_00481,cust_00712,plan_basic_monthly,19.99,usd,2026-02-01,2026-03-01,paid,2026-02-01T00:00:00,2026-02-01T11:52:07
inv_001000,sub_00481,cust_00712,plan_basic_monthly,19.99,usd,2026-03-01,2026-04-01,paid,2026-03-01T00:00:00,2026-03-01T08:11:27
inv_001001,sub_00481,cust_00712,plan_basic_monthly,19.99,usd,2026-04-01,2026-05-01,paid,2026-04-01T00:00:00,2026-04-01T20:26:44
inv_001002,sub_00481,cust_00712,plan_basic_monthly,19.99,usd,2026-05-01,2026-06-01,paid,2026-05-01T00:00:00,2026-05-01T04:17:26
inv_001003,sub_00481,cust_00712,plan_basic_monthly,19.99,usd,2026-06-01,2026-07-01,paid,2026-06-01T00:00:00,2026-06-01T09:38:11
inv_001004,sub_00481,cust_00712,plan_basic_monthly,19.99,usd,2026-07-01,2026-08-01,paid,2026-07-01T00:00:00,2026-07-01T19:07:16
inv_001005,sub_00487,cust_00724,plan_plus_monthly,34.99,usd,2024-05-26,2024-06-26,paid,2024-05-26T00:00:00,2024-05-26T16:51:42
inv_001006,sub_00487,cust_00724,plan_plus_monthly,34.99,usd,2024-06-26,2024-07-26,paid,2024-06-26T00:00:00,2024-06-26T21:55:46
inv_001007,sub_00487,cust_00724,plan_plus_monthly,34.99,usd,2024-07-26,2024-08-26,paid,2024-07-26T00:00:00,2024-07-26T23:46:20
inv_001008,sub_00487,cust_00724,plan_plus_monthly,34.99,usd,2024-08-26,2024-09-26,paid,2024-08-26T00:00:00,2024-08-26T06:45:40
inv_001009,sub_00487,cust_00724,plan_plus_monthly,34.99,usd,2024-09-26,2024-10-26,paid,2024-09-26T00:00:00,2024-09-26T17:41:09
inv_001010,sub_00487,cust_00724,plan_plus_monthly,34.99,usd,2024-10-26,2024-11-26,paid,2024-10-26T00:00:00,2024-10-26T22:37:04
inv_001011,sub_00487,cust_00724,plan_plus_monthly,34.99,usd,2024-11-26,2024-12-26,paid,2024-11-26T00:00:00,2024-11-26T15:43:05
inv_001012,sub_00487,cust_00724,plan_plus_monthly,34.99,usd,2024-12-26,2025-01-26,paid,2024-12-26T00:00:00,2024-12-26T06:37:26
inv_001013,sub_00487,cust_00724,plan_plus_monthly,34.99,usd,2025-01-26,2025-02-26,paid,2025-01-26T00:00:00,2025-01-26T04:34:42
inv_001014,sub_00487,cust_00724,plan_plus_monthly,34.99,usd,2025-02-26,2025-03-26,paid,2025-02-26T00:00:00,2025-02-26T01:23:37
inv_001015,sub_00487,cust_00724,plan_plus_monthly,34.99,usd,2025-03-26,2025-04-26,paid,2025-03-26T00:00:00,2025-03-26T01:24:19
inv_001016,sub_00487,cust_00724,plan_plus_monthly,34.99,usd,2025-04-26,2025-05-26,paid,2025-04-26T00:00:00,2025-04-26T01:34:52
inv_001017,sub_00487,cust_00724,plan_plus_monthly,34.99,usd,2025-05-26,2025-06-26,paid,2025-05-26T00:00:00,2025-05-26T11:31:13
inv_001018,sub_00487,cust_00724,plan_plus_monthly,34.99,usd,2025-06-26,2025-07-26,paid,2025-06-26T00:00:00,2025-06-26T19:51:09
inv_001019,sub_00487,cust_00724,plan_plus_monthly,34.99,usd,2025-07-26,2025-08-26,paid,2025-07-26T00:00:00,2025-07-26T07:05:57
inv_001020,sub_00487,cust_00724,plan_plus_monthly,34.99,usd,2025-08-26,2025-09-26,paid,2025-08-26T00:00:00,2025-08-26T21:13:55
inv_001021,sub_00487,cust_00724,plan_plus_monthly,34.99,usd,2025-09-26,2025-10-26,paid,2025-09-26T00:00:00,2025-09-26T02:44:15
inv_001022,sub_00487,cust_00724,plan_plus_monthly,34.99,usd,2025-10-26,2025-11-26,paid,2025-10-26T00:00:00,2025-10-26T23:00:44
inv_001023,sub_00487,cust_00724,plan_plus_monthly,34.99,usd,2025-11-26,2025-12-26,paid,2025-11-26T00:00:00,2025-11-26T21:30:21
inv_001024,sub_00487,cust_00724,plan_plus_monthly,34.99,usd,2025-12-26,2026-01-26,paid,2025-12-26T00:00:00,2025-12-26T01:37:07
inv_001025,sub_00487,cust_00724,plan_plus_monthly,34.99,usd,2026-01-26,2026-02-26,paid,2026-01-26T00:00:00,2026-01-26T15:17:08
inv_001026,sub_00487,cust_00724,plan_plus_monthly,34.99,usd,2026-02-26,2026-03-26,paid,2026-02-26T00:00:00,2026-02-26T18:56:01
inv_001027,sub_00487,cust_00724,plan_plus_monthly,34.99,usd,2026-03-26,2026-04-26,paid,2026-03-26T00:00:00,2026-03-26T04:53:21
inv_001028,sub_00487,cust_00724,plan_plus_monthly,34.99,usd,2026-04-26,2026-05-26,paid,2026-04-26T00:00:00,2026-04-26T20:35:12
inv_001029,sub_00487,cust_00724,plan_plus_monthly,34.99,usd,2026-05-26,2026-06-26,paid,2026-05-26T00:00:00,2026-05-26T20:08:33
inv_001030,sub_00487,cust_00724,plan_plus_monthly,34.99,usd,2026-06-26,2026-07-26,paid,2026-06-26T00:00:00,2026-06-26T15:22:23
inv_001031,sub_00487,cust_00724,plan_plus_monthly,34.99,usd,2026-07-26,2026-08-26,paid,2026-07-26T00:00:00,2026-07-26T01:57:14
inv_001032,sub_00489,cust_00726,plan_basic_annual,179.0,usd,2026-03-25,2027-03-25,paid,2026-03-25T00:00:00,2026-03-25T06:45:38
inv_001033,sub_00490,cust_00729,plan_basic_monthly,19.99,usd,2026-02-19,2026-03-19,paid,2026-02-19T00:00:00,2026-02-19T09:32:17
inv_001034,sub_00490,cust_00729,plan_basic_monthly,19.99,usd,2026-03-19,2026-04-19,paid,2026-03-19T00:00:00,2026-03-19T04:43:54
inv_001035,sub_00490,cust_00729,plan_plus_monthly,34.99,usd,2026-04-19,2026-05-19,paid,2026-04-19T00:00:00,2026-04-19T11:48:13
inv_001036,sub_00490,cust_00729,plan_plus_monthly,34.99,usd,2026-05-19,2026-06-19,paid,2026-05-19T00:00:00,2026-05-19T07:33:26
inv_001037,sub_00490,cust_00729,plan_plus_monthly,34.99,usd,2026-06-19,2026-07-19,paid,2026-06-19T00:00:00,2026-06-19T12:37:37
inv_001038,sub_00490,cust_00729,plan_plus_monthly,34.99,usd,2026-07-19,2026-08-19,paid,2026-07-19T00:00:00,2026-07-19T09:06:49
inv_001039,sub_00493,cust_00732,plan_basic_monthly,19.99,usd,2025-05-13,2025-06-13,paid,2025-05-13T00:00:00,2025-05-13T01:06:05
inv_001040,sub_00493,cust_00732,plan_basic_monthly,19.99,usd,2025-06-13,2025-07-13,paid,2025-06-13T00:00:00,2025-06-13T01:49:49
inv_001041,sub_00493,cust_00732,plan_basic_monthly,19.99,usd,2025-07-13,2025-08-13,paid,2025-07-13T00:00:00,2025-07-13T18:12:10
inv_001042,sub_00493,cust_00732,plan_basic_monthly,19.99,usd,2025-08-13,2025-09-13,paid,2025-08-13T00:00:00,2025-08-13T11:54:01
inv_001043,sub_00493,cust_00732,plan_basic_monthly,19.99,usd,2025-09-13,2025-10-13,paid,2025-09-13T00:00:00,2025-09-13T13:03:03
inv_001044,sub_00493,cust_00732,plan_basic_monthly,19.99,usd,2025-10-13,2025-11-13,paid,2025-10-13T00:00:00,2025-10-13T17:45:02
inv_001045,sub_00493,cust_00732,plan_basic_monthly,19.99,usd,2025-11-13,2025-12-13,paid,2025-11-13T00:00:00,2025-11-13T23:40:35
inv_001046,sub_00493,cust_00732,plan_basic_monthly,19.99,usd,2025-12-13,2026-01-13,paid,2025-12-13T00:00:00,2025-12-13T16:40:48
inv_001047,sub_00493,cust_00732,plan_basic_monthly,19.99,usd,2026-01-13,2026-02-13,paid,2026-01-13T00:00:00,2026-01-13T22:08:07
inv_001048,sub_00493,cust_00732,plan_basic_monthly,19.99,usd,2026-02-13,2026-03-13,paid,2026-02-13T00:00:00,2026-02-13T21:17:16
inv_001049,sub_00493,cust_00732,plan_basic_monthly,19.99,usd,2026-03-13,2026-04-13,paid,2026-03-13T00:00:00,2026-03-13T16:09:01
inv_001050,sub_00493,cust_00732,plan_basic_monthly,19.99,usd,2026-04-13,2026-05-13,paid,2026-04-13T00:00:00,2026-04-13T05:52:14
inv_001051,sub_00493,cust_00732,plan_basic_monthly,19.99,usd,2026-05-13,2026-06-13,paid,2026-05-13T00:00:00,2026-05-13T15:00:50
inv_001052,sub_00493,cust_00732,plan_basic_monthly,19.99,usd,2026-06-13,2026-07-13,paid,2026-06-13T00:00:00,2026-06-13T04:40:09
inv_001053,sub_00493,cust_00732,plan_basic_monthly,19.99,usd,2026-07-13,2026-08-13,paid,2026-07-13T00:00:00,2026-07-13T22:17:54
inv_001054,sub_00494,cust_00734,plan_basic_monthly,19.99,usd,2026-05-13,2026-06-13,paid,2026-05-13T00:00:00,2026-05-13T01:15:33
inv_001055,sub_00494,cust_00734,plan_basic_monthly,19.99,usd,2026-06-13,2026-07-13,paid,2026-06-13T00:00:00,2026-06-13T08:19:14
inv_001056,sub_00494,cust_00734,plan_basic_monthly,19.99,usd,2026-07-13,2026-08-13,paid,2026-07-13T00:00:00,2026-07-13T23:26:54
inv_001057,sub_00502,cust_00749,plan_plus_annual,314.0,usd,2025-11-19,2026-11-19,paid,2025-11-19T00:00:00,2025-11-19T16:21:34
inv_001058,sub_00505,cust_00756,plan_basic_monthly,19.99,usd,2026-02-28,2026-03-28,paid,2026-02-28T00:00:00,2026-02-28T10:45:45
inv_001059,sub_00505,cust_00756,plan_basic_monthly,19.99,usd,2026-03-28,2026-04-28,paid,2026-03-28T00:00:00,2026-03-28T08:22:13
inv_001060,sub_00505,cust_00756,plan_basic_monthly,19.99,usd,2026-04-28,2026-05-28,paid,2026-04-28T00:00:00,2026-04-28T18:47:06
inv_001061,sub_00505,cust_00756,plan_basic_monthly,19.99,usd,2026-05-28,2026-06-28,paid,2026-05-28T00:00:00,2026-05-28T19:03:34
inv_001062,sub_00505,cust_00756,plan_basic_monthly,19.99,usd,2026-06-28,2026-07-28,paid,2026-06-28T00:00:00,2026-06-28T17:35:31
inv_001063,sub_00505,cust_00756,plan_basic_monthly,19.99,usd,2026-07-28,2026-08-28,paid,2026-07-28T00:00:00,2026-07-28T04:31:03
inv_001064,sub_00511,cust_00765,plan_plus_monthly,34.99,usd,2024-12-14,2025-01-14,paid,2024-12-14T00:00:00,2024-12-14T21:41:28
inv_001065,sub_00511,cust_00765,plan_plus_monthly,34.99,usd,2025-01-14,2025-02-14,paid,2025-01-14T00:00:00,2025-01-14T00:27:36
inv_001066,sub_00511,cust_00765,plan_basic_monthly,19.99,usd,2025-02-14,2025-03-14,paid,2025-02-14T00:00:00,2025-02-14T10:10:12
inv_001067,sub_00511,cust_00765,plan_basic_monthly,19.99,usd,2025-03-14,2025-04-14,paid,2025-03-14T00:00:00,2025-03-14T10:41:52
inv_001068,sub_00511,cust_00765,plan_basic_monthly,19.99,usd,2025-04-14,2025-05-14,paid,2025-04-14T00:00:00,2025-04-14T22:07:51
inv_001069,sub_00511,cust_00765,plan_basic_monthly,19.99,usd,2025-05-14,2025-06-14,paid,2025-05-14T00:00:00,2025-05-14T06:56:18
inv_001070,sub_00511,cust_00765,plan_basic_monthly,19.99,usd,2025-06-14,2025-07-14,paid,2025-06-14T00:00:00,2025-06-14T15:19:24
inv_001071,sub_00511,cust_00765,plan_basic_monthly,19.99,usd,2025-07-14,2025-08-14,paid,2025-07-14T00:00:00,2025-07-14T04:55:09
inv_001072,sub_00511,cust_00765,plan_basic_monthly,19.99,usd,2025-08-14,2025-09-14,paid,2025-08-14T00:00:00,2025-08-14T11:05:40
inv_001073,sub_00511,cust_00765,plan_basic_monthly,19.99,usd,2025-09-14,2025-10-14,paid,2025-09-14T00:00:00,2025-09-14T02:55:51
inv_001074,sub_00511,cust_00765,plan_basic_monthly,19.99,usd,2025-10-14,2025-11-14,paid,2025-10-14T00:00:00,2025-10-14T22:26:21
inv_001075,sub_00511,cust_00765,plan_basic_monthly,19.99,usd,2025-11-14,2025-12-14,paid,2025-11-14T00:00:00,2025-11-14T04:00:30
inv_001076,sub_00511,cust_00765,plan_basic_monthly,19.99,usd,2025-12-14,2026-01-14,paid,2025-12-14T00:00:00,2025-12-14T15:33:43
inv_001077,sub_00511,cust_00765,plan_basic_monthly,19.99,usd,2026-01-14,2026-02-14,paid,2026-01-14T00:00:00,2026-01-14T22:07:00
inv_001078,sub_00511,cust_00765,plan_basic_monthly,19.99,usd,2026-02-14,2026-03-14,paid,2026-02-14T00:00:00,2026-02-14T11:57:18
inv_001079,sub_00511,cust_00765,plan_basic_monthly,19.99,usd,2026-03-14,2026-04-14,paid,2026-03-14T00:00:00,2026-03-14T08:25:11
inv_001080,sub_00511,cust_00765,plan_basic_monthly,19.99,usd,2026-04-14,2026-05-14,paid,2026-04-14T00:00:00,2026-04-14T22:22:02
inv_001081,sub_00511,cust_00765,plan_basic_monthly,19.99,usd,2026-05-14,2026-06-14,paid,2026-05-14T00:00:00,2026-05-14T18:19:05
inv_001082,sub_00511,cust_00765,plan_basic_monthly,19.99,usd,2026-06-14,2026-07-14,paid,2026-06-14T00:00:00,2026-06-14T10:32:16
inv_001083,sub_00511,cust_00765,plan_basic_monthly,19.99,usd,2026-07-14,2026-08-14,paid,2026-07-14T00:00:00,2026-07-14T21:24:30
inv_001084,sub_00512,cust_00768,plan_basic_monthly,19.99,usd,2024-05-03,2024-06-03,paid,2024-05-03T00:00:00,2024-05-03T07:37:50
inv_001085,sub_00513,cust_00769,plan_basic_monthly,19.99,usd,2024-11-16,2024-12-16,paid,2024-11-16T00:00:00,2024-11-16T21:17:56
inv_001086,sub_00513,cust_00769,plan_basic_monthly,19.99,usd,2024-12-16,2025-01-16,paid,2024-12-16T00:00:00,2024-12-16T21:15:57
inv_001087,sub_00513,cust_00769,plan_basic_monthly,19.99,usd,2025-01-16,2025-02-16,uncollectible,,2025-01-16T03:14:37
inv_001088,sub_00521,cust_00778,plan_plus_monthly,34.99,usd,2025-02-19,2025-03-19,paid,2025-02-19T00:00:00,2025-02-19T00:43:42
inv_001089,sub_00521,cust_00778,plan_plus_monthly,34.99,usd,2025-03-19,2025-04-19,paid,2025-03-19T00:00:00,2025-03-19T10:55:38
inv_001090,sub_00521,cust_00778,plan_plus_monthly,34.99,usd,2025-04-19,2025-05-19,paid,2025-04-19T00:00:00,2025-04-19T14:36:56
inv_001091,sub_00521,cust_00778,plan_basic_monthly,19.99,usd,2025-05-19,2025-06-19,paid,2025-05-19T00:00:00,2025-05-19T08:41:38
inv_001092,sub_00521,cust_00778,plan_basic_monthly,19.99,usd,2025-06-19,2025-07-19,paid,2025-06-19T00:00:00,2025-06-19T15:49:36
inv_001093,sub_00521,cust_00778,plan_basic_monthly,19.99,usd,2025-07-19,2025-08-19,paid,2025-07-19T00:00:00,2025-07-19T10:16:03
inv_001094,sub_00521,cust_00778,plan_basic_monthly,19.99,usd,2025-08-19,2025-09-19,paid,2025-08-19T00:00:00,2025-08-19T08:04:02
inv_001095,sub_00521,cust_00778,plan_basic_monthly,19.99,usd,2025-09-19,2025-10-19,uncollectible,,2025-09-19T03:54:03
inv_001096,sub_00522,cust_00778,plan_basic_monthly,19.99,usd,2026-01-03,2026-02-03,paid,2026-01-03T00:00:00,2026-01-03T04:35:16
inv_001097,sub_00527,cust_00785,plan_basic_monthly,19.99,usd,2025-12-24,2026-01-24,paid,2025-12-24T00:00:00,2025-12-24T09:47:51
inv_001098,sub_00527,cust_00785,plan_basic_monthly,19.99,usd,2026-01-24,2026-02-24,paid,2026-01-24T00:00:00,2026-01-24T20:37:14
inv_001099,sub_00527,cust_00785,plan_basic_monthly,19.99,usd,2026-02-24,2026-03-24,paid,2026-02-24T00:00:00,2026-02-24T01:41:55
inv_001100,sub_00527,cust_00785,plan_basic_monthly,19.99,usd,2026-03-24,2026-04-24,paid,2026-03-24T00:00:00,2026-03-24T05:39:56
inv_001101,sub_00527,cust_00785,plan_basic_monthly,19.99,usd,2026-04-24,2026-05-24,paid,2026-04-24T00:00:00,2026-04-24T09:20:06
inv_001102,sub_00527,cust_00785,plan_basic_monthly,19.99,usd,2026-05-24,2026-06-24,paid,2026-05-24T00:00:00,2026-05-24T00:53:55
inv_001103,sub_00527,cust_00785,plan_basic_monthly,19.99,usd,2026-06-24,2026-07-24,paid,2026-06-24T00:00:00,2026-06-24T08:05:56
inv_001104,sub_00527,cust_00785,plan_basic_monthly,19.99,usd,2026-07-24,2026-08-24,paid,2026-07-24T00:00:00,2026-07-24T21:38:28
inv_001105,sub_00530,cust_00790,plan_plus_annual,314.0,usd,2026-02-06,2027-02-06,paid,2026-02-06T00:00:00,2026-02-06T12:14:51
inv_001106,sub_00533,cust_00795,plan_basic_monthly,19.99,usd,2025-01-19,2025-02-19,paid,2025-01-19T00:00:00,2025-01-19T06:57:06
inv_001107,sub_00533,cust_00795,plan_basic_monthly,19.99,usd,2025-02-19,2025-03-19,paid,2025-02-19T00:00:00,2025-02-19T20:45:45
inv_001108,sub_00533,cust_00795,plan_basic_monthly,19.99,usd,2025-03-19,2025-04-19,paid,2025-03-19T00:00:00,2025-03-19T14:43:07
inv_001109,sub_00533,cust_00795,plan_basic_monthly,19.99,usd,2025-04-19,2025-05-19,paid,2025-04-19T00:00:00,2025-04-19T07:04:17
inv_001110,sub_00533,cust_00795,plan_basic_monthly,19.99,usd,2025-05-19,2025-06-19,paid,2025-05-19T00:00:00,2025-05-19T02:55:59
inv_001111,sub_00533,cust_00795,plan_basic_monthly,19.99,usd,2025-06-19,2025-07-19,paid,2025-06-19T00:00:00,2025-06-19T22:16:34
inv_001112,sub_00533,cust_00795,plan_basic_monthly,19.99,usd,2025-07-19,2025-08-19,paid,2025-07-19T00:00:00,2025-07-19T10:12:30
inv_001113,sub_00533,cust_00795,plan_basic_monthly,19.99,usd,2025-08-19,2025-09-19,uncollectible,,2025-08-19T07:52:09
inv_001114,sub_00535,cust_00797,plan_basic_monthly,19.99,usd,2026-02-16,2026-03-16,paid,2026-02-16T00:00:00,2026-02-16T13:14:32
inv_001115,sub_00535,cust_00797,plan_basic_monthly,19.99,usd,2026-03-16,2026-04-16,paid,2026-03-16T00:00:00,2026-03-16T03:31:35
inv_001116,sub_00535,cust_00797,plan_basic_monthly,19.99,usd,2026-04-16,2026-05-16,paid,2026-04-16T00:00:00,2026-04-16T22:50:52
inv_001117,sub_00535,cust_00797,plan_basic_monthly,19.99,usd,2026-05-16,2026-06-16,paid,2026-05-16T00:00:00,2026-05-16T07:27:02
inv_001118,sub_00535,cust_00797,plan_basic_monthly,19.99,usd,2026-06-16,2026-07-16,paid,2026-06-16T00:00:00,2026-06-16T14:36:52
inv_001119,sub_00535,cust_00797,plan_basic_monthly,19.99,usd,2026-07-16,2026-08-16,paid,2026-07-16T00:00:00,2026-07-16T17:34:52
inv_001120,sub_00536,cust_00799,plan_basic_monthly,19.99,usd,2025-02-13,2025-03-13,paid,2025-02-13T00:00:00,2025-02-13T14:52:24
inv_001121,sub_00536,cust_00799,plan_basic_monthly,19.99,usd,2025-03-13,2025-04-13,paid,2025-03-13T00:00:00,2025-03-13T23:27:02
inv_001122,sub_00536,cust_00799,plan_basic_monthly,19.99,usd,2025-04-13,2025-05-13,paid,2025-04-13T00:00:00,2025-04-13T12:16:38
inv_001123,sub_00536,cust_00799,plan_basic_monthly,19.99,usd,2025-05-13,2025-06-13,paid,2025-05-13T00:00:00,2025-05-13T07:14:35
inv_001124,sub_00536,cust_00799,plan_basic_monthly,19.99,usd,2025-06-13,2025-07-13,paid,2025-06-13T00:00:00,2025-06-13T13:40:15
inv_001125,sub_00536,cust_00799,plan_basic_monthly,19.99,usd,2025-07-13,2025-08-13,paid,2025-07-13T00:00:00,2025-07-13T05:07:40
inv_001126,sub_00537,cust_00799,plan_basic_monthly,19.99,usd,2026-05-14,2026-06-14,paid,2026-05-14T00:00:00,2026-05-14T07:56:29
inv_001127,sub_00537,cust_00799,plan_basic_monthly,19.99,usd,2026-06-14,2026-07-14,paid,2026-06-14T00:00:00,2026-06-14T06:38:39
inv_001128,sub_00537,cust_00799,plan_basic_monthly,19.99,usd,2026-07-14,2026-08-14,paid,2026-07-14T00:00:00,2026-07-14T07:03:07
inv_001129,sub_00539,cust_00803,plan_basic_monthly,19.99,usd,2024-09-17,2024-10-17,paid,2024-09-17T00:00:00,2024-09-17T03:53:38
inv_001130,sub_00539,cust_00803,plan_basic_monthly,19.99,usd,2024-10-17,2024-11-17,paid,2024-10-17T00:00:00,2024-10-17T08:11:18
inv_001131,sub_00539,cust_00803,plan_basic_monthly,19.99,usd,2024-11-17,2024-12-17,paid,2024-11-17T00:00:00,2024-11-17T02:29:03
inv_001132,sub_00539,cust_00803,plan_basic_monthly,19.99,usd,2024-12-17,2025-01-17,paid,2024-12-17T00:00:00,2024-12-17T00:56:36
inv_001133,sub_00539,cust_00803,plan_basic_monthly,19.99,usd,2025-01-17,2025-02-17,paid,2025-01-17T00:00:00,2025-01-17T06:12:10
inv_001134,sub_00539,cust_00803,plan_basic_monthly,19.99,usd,2025-02-17,2025-03-17,paid,2025-02-17T00:00:00,2025-02-17T04:47:19
inv_001135,sub_00539,cust_00803,plan_basic_monthly,19.99,usd,2025-03-17,2025-04-17,paid,2025-03-17T00:00:00,2025-03-17T05:58:54
inv_001136,sub_00539,cust_00803,plan_basic_monthly,19.99,usd,2025-04-17,2025-05-17,paid,2025-04-17T00:00:00,2025-04-17T15:16:51
inv_001137,sub_00539,cust_00803,plan_plus_monthly,34.99,usd,2025-05-17,2025-06-17,paid,2025-05-17T00:00:00,2025-05-17T12:49:04
inv_001138,sub_00539,cust_00803,plan_plus_monthly,34.99,usd,2025-06-17,2025-07-17,paid,2025-06-17T00:00:00,2025-06-17T08:33:01
inv_001139,sub_00539,cust_00803,plan_plus_monthly,34.99,usd,2025-07-17,2025-08-17,paid,2025-07-17T00:00:00,2025-07-17T14:02:49
inv_001140,sub_00539,cust_00803,plan_plus_monthly,34.99,usd,2025-08-17,2025-09-17,paid,2025-08-17T00:00:00,2025-08-17T21:20:58
inv_001141,sub_00539,cust_00803,plan_plus_monthly,34.99,usd,2025-09-17,2025-10-17,paid,2025-09-17T00:00:00,2025-09-17T09:39:01
inv_001142,sub_00539,cust_00803,plan_plus_monthly,34.99,usd,2025-10-17,2025-11-17,paid,2025-10-17T00:00:00,2025-10-17T00:48:50
inv_001143,sub_00539,cust_00803,plan_plus_monthly,34.99,usd,2025-11-17,2025-12-17,paid,2025-11-17T00:00:00,2025-11-17T16:56:38
inv_001144,sub_00539,cust_00803,plan_plus_monthly,34.99,usd,2025-12-17,2026-01-17,paid,2025-12-17T00:00:00,2025-12-17T03:20:36
inv_001145,sub_00539,cust_00803,plan_plus_monthly,34.99,usd,2026-01-17,2026-02-17,paid,2026-01-17T00:00:00,2026-01-17T10:37:01
inv_001146,sub_00539,cust_00803,plan_plus_monthly,34.99,usd,2026-02-17,2026-03-17,paid,2026-02-17T00:00:00,2026-02-17T15:38:16
inv_001147,sub_00539,cust_00803,plan_plus_monthly,34.99,usd,2026-03-17,2026-04-17,paid,2026-03-17T00:00:00,2026-03-17T03:06:21
inv_001148,sub_00539,cust_00803,plan_plus_monthly,34.99,usd,2026-04-17,2026-05-17,paid,2026-04-17T00:00:00,2026-04-17T16:46:34
inv_001149,sub_00539,cust_00803,plan_plus_monthly,34.99,usd,2026-05-17,2026-06-17,paid,2026-05-17T00:00:00,2026-05-17T03:30:02
inv_001150,sub_00539,cust_00803,plan_plus_monthly,34.99,usd,2026-06-17,2026-07-17,paid,2026-06-17T00:00:00,2026-06-17T13:26:39
inv_001151,sub_00539,cust_00803,plan_plus_monthly,34.99,usd,2026-07-17,2026-08-17,paid,2026-07-17T00:00:00,2026-07-17T20:35:35
inv_001152,sub_00540,cust_00805,plan_basic_monthly,19.99,usd,2025-05-01,2025-06-01,paid,2025-05-01T00:00:00,2025-05-01T06:37:31
inv_001153,sub_00540,cust_00805,plan_basic_monthly,19.99,usd,2025-06-01,2025-07-01,paid,2025-06-01T00:00:00,2025-06-01T08:46:13
inv_001154,sub_00540,cust_00805,plan_basic_monthly,19.99,usd,2025-07-01,2025-08-01,paid,2025-07-01T00:00:00,2025-07-01T20:35:31
inv_001155,sub_00540,cust_00805,plan_basic_monthly,19.99,usd,2025-08-01,2025-09-01,paid,2025-08-01T00:00:00,2025-08-01T18:22:22
inv_001156,sub_00540,cust_00805,plan_basic_monthly,19.99,usd,2025-09-01,2025-10-01,paid,2025-09-01T00:00:00,2025-09-01T18:57:48
inv_001157,sub_00540,cust_00805,plan_basic_monthly,19.99,usd,2025-10-01,2025-11-01,paid,2025-10-01T00:00:00,2025-10-01T01:07:33
inv_001158,sub_00540,cust_00805,plan_basic_monthly,19.99,usd,2025-11-01,2025-12-01,paid,2025-11-01T00:00:00,2025-11-01T16:26:34
inv_001159,sub_00540,cust_00805,plan_basic_monthly,19.99,usd,2025-12-01,2026-01-01,paid,2025-12-01T00:00:00,2025-12-01T08:31:16
inv_001160,sub_00540,cust_00805,plan_basic_monthly,19.99,usd,2026-01-01,2026-02-01,paid,2026-01-01T00:00:00,2026-01-01T20:53:43
inv_001161,sub_00540,cust_00805,plan_basic_monthly,19.99,usd,2026-02-01,2026-03-01,paid,2026-02-01T00:00:00,2026-02-01T17:54:49
inv_001162,sub_00540,cust_00805,plan_basic_monthly,19.99,usd,2026-03-01,2026-04-01,paid,2026-03-01T00:00:00,2026-03-01T01:22:09
inv_001163,sub_00540,cust_00805,plan_basic_monthly,19.99,usd,2026-04-01,2026-05-01,paid,2026-04-01T00:00:00,2026-04-01T20:18:48
inv_001164,sub_00540,cust_00805,plan_basic_monthly,19.99,usd,2026-05-01,2026-06-01,paid,2026-05-01T00:00:00,2026-05-01T17:11:47
inv_001165,sub_00540,cust_00805,plan_basic_monthly,19.99,usd,2026-06-01,2026-07-01,paid,2026-06-01T00:00:00,2026-06-01T03:53:31
inv_001166,sub_00540,cust_00805,plan_basic_monthly,19.99,usd,2026-07-01,2026-08-01,paid,2026-07-01T00:00:00,2026-07-01T23:10:32
inv_001167,sub_00547,cust_00813,plan_plus_annual,314.0,usd,2023-11-22,2024-11-22,paid,2023-11-22T00:00:00,2023-11-22T00:09:16
inv_001168,sub_00547,cust_00813,plan_plus_annual,314.0,usd,2024-11-22,2025-11-22,paid,2024-11-22T00:00:00,2024-11-22T11:54:28
inv_001169,sub_00547,cust_00813,plan_plus_annual,314.0,usd,2025-11-22,2026-11-22,paid,2025-11-22T00:00:00,2025-11-22T16:29:31
inv_001170,sub_00549,cust_00816,plan_basic_monthly,19.99,usd,2025-12-30,2026-01-30,paid,2025-12-30T00:00:00,2025-12-30T01:54:49
inv_001171,sub_00549,cust_00816,plan_basic_monthly,19.99,usd,2026-01-30,2026-02-28,paid,2026-01-30T00:00:00,2026-01-30T20:07:54
inv_001172,sub_00549,cust_00816,plan_basic_monthly,19.99,usd,2026-02-28,2026-03-30,paid,2026-02-28T00:00:00,2026-02-28T14:33:28
inv_001173,sub_00549,cust_00816,plan_basic_monthly,19.99,usd,2026-03-30,2026-04-30,paid,2026-03-30T00:00:00,2026-03-30T04:14:05
inv_001174,sub_00549,cust_00816,plan_basic_monthly,19.99,usd,2026-04-30,2026-05-30,paid,2026-04-30T00:00:00,2026-04-30T10:38:35
inv_001175,sub_00550,cust_00817,plan_basic_monthly,19.99,usd,2025-10-07,2025-11-07,paid,2025-10-07T00:00:00,2025-10-07T13:59:31
inv_001176,sub_00550,cust_00817,plan_basic_monthly,19.99,usd,2025-11-07,2025-12-07,paid,2025-11-07T00:00:00,2025-11-07T08:37:01
inv_001177,sub_00552,cust_00823,plan_basic_monthly,19.99,usd,2025-02-23,2025-03-23,paid,2025-02-23T00:00:00,2025-02-23T13:39:21
inv_001178,sub_00553,cust_00826,plan_basic_monthly,19.99,usd,2024-10-27,2024-11-27,paid,2024-10-27T00:00:00,2024-10-27T14:19:10
inv_001179,sub_00553,cust_00826,plan_basic_monthly,19.99,usd,2024-11-27,2024-12-27,paid,2024-11-27T00:00:00,2024-11-27T16:29:54
inv_001180,sub_00553,cust_00826,plan_basic_monthly,19.99,usd,2024-12-27,2025-01-27,paid,2024-12-27T00:00:00,2024-12-27T06:17:28
inv_001181,sub_00553,cust_00826,plan_basic_monthly,19.99,usd,2025-01-27,2025-02-27,paid,2025-01-27T00:00:00,2025-01-27T06:56:42
inv_001182,sub_00553,cust_00826,plan_basic_monthly,19.99,usd,2025-02-27,2025-03-27,paid,2025-02-27T00:00:00,2025-02-27T19:01:42
inv_001183,sub_00553,cust_00826,plan_basic_monthly,19.99,usd,2025-03-27,2025-04-27,paid,2025-03-27T00:00:00,2025-03-27T10:31:33
inv_001184,sub_00553,cust_00826,plan_basic_monthly,19.99,usd,2025-04-27,2025-05-27,paid,2025-04-27T00:00:00,2025-04-27T15:02:44
inv_001185,sub_00553,cust_00826,plan_basic_monthly,19.99,usd,2025-05-27,2025-06-27,paid,2025-05-27T00:00:00,2025-05-27T22:49:12
inv_001186,sub_00553,cust_00826,plan_basic_monthly,19.99,usd,2025-06-27,2025-07-27,paid,2025-06-27T00:00:00,2025-06-27T21:01:43
inv_001187,sub_00553,cust_00826,plan_basic_monthly,19.99,usd,2025-07-27,2025-08-27,paid,2025-07-27T00:00:00,2025-07-27T09:10:46
inv_001188,sub_00553,cust_00826,plan_basic_monthly,19.99,usd,2025-08-27,2025-09-27,paid,2025-08-27T00:00:00,2025-08-27T03:12:31
inv_001189,sub_00553,cust_00826,plan_basic_monthly,19.99,usd,2025-09-27,2025-10-27,paid,2025-09-27T00:00:00,2025-09-27T12:11:01
inv_001190,sub_00553,cust_00826,plan_basic_monthly,19.99,usd,2025-10-27,2025-11-27,paid,2025-10-27T00:00:00,2025-10-27T18:05:22
inv_001191,sub_00553,cust_00826,plan_basic_monthly,19.99,usd,2025-11-27,2025-12-27,paid,2025-11-27T00:00:00,2025-11-27T11:51:25
inv_001192,sub_00553,cust_00826,plan_basic_monthly,19.99,usd,2025-12-27,2026-01-27,paid,2025-12-27T00:00:00,2025-12-27T22:52:20
inv_001193,sub_00553,cust_00826,plan_basic_monthly,19.99,usd,2026-01-27,2026-02-27,paid,2026-01-27T00:00:00,2026-01-27T14:01:24
inv_001194,sub_00553,cust_00826,plan_basic_monthly,19.99,usd,2026-02-27,2026-03-27,paid,2026-02-27T00:00:00,2026-02-27T13:50:48
inv_001195,sub_00553,cust_00826,plan_basic_monthly,19.99,usd,2026-03-27,2026-04-27,paid,2026-03-27T00:00:00,2026-03-27T19:37:51
inv_001196,sub_00553,cust_00826,plan_basic_monthly,19.99,usd,2026-04-27,2026-05-27,paid,2026-04-27T00:00:00,2026-04-27T05:01:19
inv_001197,sub_00553,cust_00826,plan_basic_monthly,19.99,usd,2026-05-27,2026-06-27,paid,2026-05-27T00:00:00,2026-05-27T17:37:40
inv_001198,sub_00553,cust_00826,plan_basic_monthly,19.99,usd,2026-06-27,2026-07-27,paid,2026-06-27T00:00:00,2026-06-27T12:51:33
inv_001199,sub_00553,cust_00826,plan_basic_monthly,19.99,usd,2026-07-27,2026-08-27,paid,2026-07-27T00:00:00,2026-07-27T09:26:20
inv_001200,sub_00554,cust_00828,plan_basic_monthly,19.99,usd,2026-04-11,2026-05-11,paid,2026-04-11T00:00:00,2026-04-11T08:02:22
inv_001201,sub_00554,cust_00828,plan_basic_monthly,19.99,usd,2026-05-11,2026-06-11,paid,2026-05-11T00:00:00,2026-05-11T00:52:09
inv_001202,sub_00554,cust_00828,plan_basic_monthly,19.99,usd,2026-06-11,2026-07-11,paid,2026-06-11T00:00:00,2026-06-11T17:28:20
inv_001203,sub_00554,cust_00828,plan_basic_monthly,19.99,usd,2026-07-11,2026-08-11,paid,2026-07-11T00:00:00,2026-07-11T06:16:23
inv_001204,sub_00558,cust_00834,plan_basic_monthly,19.99,usd,2026-05-10,2026-06-10,paid,2026-05-10T00:00:00,2026-05-10T16:30:07
inv_001205,sub_00562,cust_00839,plan_plus_monthly,34.99,usd,2025-01-15,2025-02-15,paid,2025-01-15T00:00:00,2025-01-15T21:48:51
inv_001206,sub_00562,cust_00839,plan_plus_monthly,34.99,usd,2025-02-15,2025-03-15,paid,2025-02-15T00:00:00,2025-02-15T22:25:13
inv_001207,sub_00562,cust_00839,plan_plus_monthly,34.99,usd,2025-03-15,2025-04-15,paid,2025-03-15T00:00:00,2025-03-15T02:39:06
inv_001208,sub_00562,cust_00839,plan_plus_monthly,34.99,usd,2025-04-15,2025-05-15,paid,2025-04-15T00:00:00,2025-04-15T18:14:14
inv_001209,sub_00562,cust_00839,plan_plus_monthly,34.99,usd,2025-05-15,2025-06-15,paid,2025-05-15T00:00:00,2025-05-15T12:27:15
inv_001210,sub_00562,cust_00839,plan_plus_monthly,34.99,usd,2025-06-15,2025-07-15,paid,2025-06-15T00:00:00,2025-06-15T22:26:16
inv_001211,sub_00562,cust_00839,plan_plus_monthly,34.99,usd,2025-07-15,2025-08-15,paid,2025-07-15T00:00:00,2025-07-15T16:52:28
inv_001212,sub_00562,cust_00839,plan_plus_monthly,34.99,usd,2025-08-15,2025-09-15,paid,2025-08-15T00:00:00,2025-08-15T22:36:57
inv_001213,sub_00562,cust_00839,plan_plus_monthly,34.99,usd,2025-09-15,2025-10-15,paid,2025-09-15T00:00:00,2025-09-15T14:12:34
inv_001214,sub_00562,cust_00839,plan_plus_monthly,34.99,usd,2025-10-15,2025-11-15,paid,2025-10-15T00:00:00,2025-10-15T08:35:54
inv_001215,sub_00562,cust_00839,plan_plus_monthly,34.99,usd,2025-11-15,2025-12-15,paid,2025-11-15T00:00:00,2025-11-15T00:03:26
inv_001216,sub_00562,cust_00839,plan_plus_monthly,34.99,usd,2025-12-15,2026-01-15,paid,2025-12-15T00:00:00,2025-12-15T16:17:43
inv_001217,sub_00562,cust_00839,plan_plus_monthly,34.99,usd,2026-01-15,2026-02-15,paid,2026-01-15T00:00:00,2026-01-15T19:01:20
inv_001218,sub_00562,cust_00839,plan_plus_monthly,34.99,usd,2026-02-15,2026-03-15,paid,2026-02-15T00:00:00,2026-02-15T23:52:01
inv_001219,sub_00562,cust_00839,plan_plus_monthly,34.99,usd,2026-03-15,2026-04-15,paid,2026-03-15T00:00:00,2026-03-15T16:07:33
inv_001220,sub_00562,cust_00839,plan_plus_monthly,34.99,usd,2026-04-15,2026-05-15,paid,2026-04-15T00:00:00,2026-04-15T04:20:31
inv_001221,sub_00562,cust_00839,plan_plus_monthly,34.99,usd,2026-05-15,2026-06-15,paid,2026-05-15T00:00:00,2026-05-15T09:27:55
inv_001222,sub_00562,cust_00839,plan_plus_monthly,34.99,usd,2026-06-15,2026-07-15,paid,2026-06-15T00:00:00,2026-06-15T01:48:27
inv_001223,sub_00562,cust_00839,plan_plus_monthly,34.99,usd,2026-07-15,2026-08-15,paid,2026-07-15T00:00:00,2026-07-15T18:00:17
inv_001224,sub_00564,cust_00845,plan_plus_annual,314.0,usd,2023-12-06,2024-12-06,paid,2023-12-06T00:00:00,2023-12-06T18:45:44
inv_001225,sub_00565,cust_00845,plan_plus_annual,314.0,usd,2025-01-05,2026-01-05,paid,2025-01-05T00:00:00,2025-01-05T00:38:14
inv_001226,sub_00568,cust_00848,plan_basic_monthly,19.99,usd,2026-05-16,2026-06-16,paid,2026-05-16T00:00:00,2026-05-16T12:30:50
inv_001227,sub_00568,cust_00848,plan_basic_monthly,19.99,usd,2026-06-16,2026-07-16,paid,2026-06-16T00:00:00,2026-06-16T21:43:48
inv_001228,sub_00568,cust_00848,plan_basic_monthly,19.99,usd,2026-07-16,2026-08-16,paid,2026-07-16T00:00:00,2026-07-16T16:07:42
inv_001229,sub_00571,cust_00854,plan_plus_annual,314.0,usd,2024-11-12,2025-11-12,paid,2024-11-12T00:00:00,2024-11-12T14:16:46
