ad_id,campaign_id,date,impressions,clicks,reach,frequency,spend,cpm,cpc,ctr
238600000000000001,238500000000000001,2023-08-01,2559,26,1148,2.2291,31.46,12.2926,1.2099,0.01016
238600000000000002,238500000000000001,2023-08-01,3589,53,1268,2.8304,34.98,9.7466,0.66,0.014767
238600000000000003,238500000000000002,2023-08-01,1571,43,755,2.0808,16.46,10.4804,0.3829,0.027371
238600000000000004,238500000000000002,2023-08-01,1636,37,830,1.9711,21.5,13.1415,0.5811,0.022616
238600000000000005,238500000000000003,2023-08-01,1994,25,1595,1.2502,28.47,14.2794,1.1389,0.012538
238600000000000006,238500000000000004,2023-08-01,1706,25,659,2.5888,26.58,15.5782,1.0631,0.014654
238600000000000007,238500000000000004,2023-08-01,1679,19,571,2.9405,30.37,18.0881,1.5984,0.011316
238600000000000001,238500000000000001,2023-08-02,5219,60,2610,1.9996,42.74,8.1901,0.7124,0.011496
238600000000000002,238500000000000001,2023-08-02,3042,30,1131,2.6897,30.77,10.1158,1.0257,0.009862
238600000000000003,238500000000000002,2023-08-02,1270,29,665,1.9098,21.19,16.6858,0.7307,0.022835
238600000000000004,238500000000000002,2023-08-02,1442,49,1182,1.22,20.82,14.4373,0.4249,0.033981
238600000000000005,238500000000000003,2023-08-02,2193,42,937,2.3404,31.51,14.3671,0.7502,0.019152
238600000000000006,238500000000000004,2023-08-02,2268,34,893,2.5398,35.75,15.7644,1.0516,0.014991
238600000000000007,238500000000000004,2023-08-02,1462,25,489,2.9898,27.26,18.6462,1.0904,0.0171
238600000000000001,238500000000000001,2023-08-03,3538,38,1653,2.1404,35.01,9.8957,0.9213,0.010741
238600000000000002,238500000000000001,2023-08-03,2458,25,1891,1.2998,29.52,12.0102,1.1808,0.010171
238600000000000003,238500000000000002,2023-08-03,1464,49,586,2.4983,16.72,11.4242,0.3413,0.03347
238600000000000004,238500000000000002,2023-08-03,1555,42,605,2.5702,20.15,12.9585,0.4798,0.02701
238600000000000005,238500000000000003,2023-08-03,2490,43,973,2.5591,27.66,11.1071,0.6432,0.017269
238600000000000006,238500000000000004,2023-08-03,1887,20,642,2.9393,27.42,14.5325,1.3711,0.010599
238600000000000007,238500000000000004,2023-08-03,1505,20,880,1.7102,27.89,18.5318,1.3945,0.013289
238600000000000001,238500000000000001,2023-08-04,3138,42,1846,1.6999,35.72,11.3826,0.8504,0.013384
238600000000000002,238500000000000001,2023-08-04,3262,31,1599,2.04,36.84,11.2941,1.1884,0.009503
238600000000000003,238500000000000002,2023-08-04,1418,48,503,2.8191,18.92,13.3405,0.3941,0.03385
238600000000000004,238500000000000002,2023-08-04,1470,47,665,2.2105,22.55,15.3374,0.4797,0.031973
238600000000000005,238500000000000003,2023-08-04,2399,35,983,2.4405,31.1,12.9625,0.8885,0.014589
238600000000000006,238500000000000004,2023-08-04,2564,27,1130,2.269,30.97,12.0799,1.1471,0.01053
238600000000000007,238500000000000004,2023-08-04,2644,46,1277,2.0705,31.22,11.8084,0.6787,0.017398
238600000000000001,238500000000000001,2023-08-05,3448,28,1493,2.3094,37.91,10.9954,1.354,0.008121
238600000000000002,238500000000000001,2023-08-05,3171,34,1652,1.9195,43.82,13.8203,1.2889,0.010722
238600000000000003,238500000000000002,2023-08-05,1683,40,1228,1.3705,27.14,16.1262,0.6785,0.023767
238600000000000004,238500000000000002,2023-08-05,1255,41,903,1.3898,19.57,15.5905,0.4772,0.032669
238600000000000005,238500000000000003,2023-08-05,2451,32,984,2.4909,35.03,14.2921,1.0947,0.013056
238600000000000006,238500000000000004,2023-08-05,2102,26,802,2.6209,35.93,17.0945,1.382,0.012369
238600000000000007,238500000000000004,2023-08-05,2436,27,1289,1.8898,34.13,14.0094,1.264,0.011084
238600000000000001,238500000000000001,2023-08-06,4773,53,1675,2.8496,53.59,11.2276,1.0111,0.011104
238600000000000002,238500000000000001,2023-08-06,3427,41,1220,2.809,43.19,12.602,1.0533,0.011964
238600000000000003,238500000000000002,2023-08-06,2456,84,1019,2.4102,28.38,11.5544,0.3378,0.034202
238600000000000004,238500000000000002,2023-08-06,1650,46,892,1.8498,26.92,16.3171,0.5853,0.027879
238600000000000006,238500000000000004,2023-08-06,2997,34,2323,1.2901,37.1,12.3788,1.0912,0.011345
238600000000000007,238500000000000004,2023-08-06,2969,39,2034,1.4597,45.85,15.4435,1.1757,0.013136
238600000000000002,238500000000000001,2023-08-07,4506,67,3289,1.37,44.48,9.8703,0.6638,0.014869
238600000000000003,238500000000000002,2023-08-07,2248,65,899,2.5006,23.15,10.2997,0.3562,0.028915
238600000000000005,238500000000000003,2023-08-07,3707,69,1394,2.6593,35.16,9.485,0.5096,0.018613
238600000000000006,238500000000000004,2023-08-07,1958,30,911,2.1493,33.56,17.1405,1.1187,0.015322
238600000000000007,238500000000000004,2023-08-07,2106,30,867,2.4291,36.76,17.455,1.2253,0.014245
238600000000000001,238500000000000001,2023-08-08,3512,50,2326,1.5099,43.43,12.3658,0.8686,0.014237
238600000000000002,238500000000000001,2023-08-08,3484,40,1824,1.9101,39.2,11.2506,0.9799,0.011481
238600000000000003,238500000000000002,2023-08-08,1745,52,1255,1.3904,25.07,14.3683,0.4822,0.029799
238600000000000004,238500000000000002,2023-08-08,1766,48,825,2.1406,22.14,12.538,0.4613,0.02718
238600000000000005,238500000000000003,2023-08-08,2451,34,946,2.5909,35.41,14.4476,1.0415,0.013872
238600000000000006,238500000000000004,2023-08-08,2295,31,1214,1.8904,36.97,16.1074,1.1925,0.013508
238600000000000007,238500000000000004,2023-08-08,2845,51,2294,1.2402,33.86,11.9001,0.6638,0.017926
238600000000000001,238500000000000001,2023-08-09,2813,28,1030,2.7311,35.45,12.6025,1.2661,0.009954
238600000000000002,238500000000000001,2023-08-09,4613,55,1734,2.6603,44.84,9.7214,0.8154,0.011923
238600000000000004,238500000000000002,2023-08-09,1644,52,768,2.1406,25.01,15.2116,0.4809,0.03163
238600000000000005,238500000000000003,2023-08-09,2310,37,1510,1.5298,34.41,14.8971,0.9301,0.016017
238600000000000006,238500000000000004,2023-08-09,1470,17,565,2.6018,29.28,19.9191,1.7224,0.011565
238600000000000007,238500000000000004,2023-08-09,2527,35,1990,1.2698,39.54,15.6484,1.1298,0.01385
238600000000000001,238500000000000001,2023-08-10,5102,66,2714,1.8799,42.8,8.3884,0.6484,0.012936
238600000000000002,238500000000000001,2023-08-10,3048,34,1319,2.3108,32.65,10.7133,0.9604,0.011155
238600000000000003,238500000000000002,2023-08-10,1680,36,1355,1.2399,22.26,13.2507,0.6184,0.021429
238600000000000004,238500000000000002,2023-08-10,1838,45,871,2.1102,20.85,11.346,0.4634,0.024483
238600000000000005,238500000000000003,2023-08-10,2777,53,1316,2.1102,32.34,11.6443,0.6101,0.019085
238600000000000006,238500000000000004,2023-08-10,2041,34,1570,1.3,32.54,15.9419,0.957,0.016659
238600000000000001,238500000000000001,2023-08-11,3043,36,2056,1.4801,40.33,13.2539,1.1203,0.01183
238600000000000002,238500000000000001,2023-08-11,3517,33,1322,2.6604,44.89,12.7646,1.3604,0.009383
238600000000000003,238500000000000002,2023-08-11,1365,34,776,1.759,24.53,17.9672,0.7213,0.024908
238600000000000004,238500000000000002,2023-08-11,1403,48,524,2.6775,24.17,17.2307,0.5036,0.034212
238600000000000005,238500000000000003,2023-08-11,2981,48,1222,2.4394,36.52,12.2526,0.7609,0.016102
238600000000000006,238500000000000004,2023-08-11,2313,37,936,2.4712,34.69,14.9995,0.9377,0.015997
238600000000000007,238500000000000004,2023-08-11,2013,25,1502,1.3402,38.36,19.0541,1.5342,0.012419
238600000000000001,238500000000000001,2023-08-12,4360,44,1737,2.5101,35.54,8.1523,0.8078,0.010092
238600000000000002,238500000000000001,2023-08-12,4522,55,2174,2.08,38.95,8.6135,0.7082,0.012163
238600000000000003,238500000000000002,2023-08-12,1755,47,728,2.4107,20.86,11.8859,0.4438,0.026781
238600000000000004,238500000000000002,2023-08-12,1469,46,696,2.1106,21.71,14.7777,0.4719,0.031314
238600000000000006,238500000000000004,2023-08-12,2341,33,1445,1.6201,29.47,12.5889,0.893,0.014097
238600000000000007,238500000000000004,2023-08-12,2075,24,910,2.2802,34.38,16.5695,1.4326,0.011566
238600000000000001,238500000000000001,2023-08-13,2980,30,1348,2.2107,37.3,12.5164,1.2433,0.010067
238600000000000002,238500000000000001,2023-08-13,3782,52,1375,2.7505,40.07,10.5948,0.7706,0.013749
238600000000000003,238500000000000002,2023-08-13,1328,46,800,1.66,21.52,16.2039,0.4678,0.034639
238600000000000005,238500000000000003,2023-08-13,2984,53,2313,1.2901,33.16,11.1119,0.6256,0.017761
238600000000000006,238500000000000004,2023-08-13,2160,22,874,2.4714,39.2,18.1502,1.782,0.010185
238600000000000007,238500000000000004,2023-08-13,1527,23,710,2.1507,27.11,17.7546,1.1788,0.015062
238600000000000001,238500000000000001,2023-08-14,2906,36,1088,2.671,24.25,8.3463,0.6737,0.012388
238600000000000002,238500000000000001,2023-08-14,3312,42,1479,2.2394,27.8,8.3924,0.6618,0.012681
238600000000000003,238500000000000002,2023-08-14,1197,31,676,1.7707,14.82,12.3771,0.4779,0.025898
238600000000000004,238500000000000002,2023-08-14,1157,28,803,1.4408,14.93,12.9019,0.5331,0.024201
238600000000000005,238500000000000003,2023-08-14,2273,41,1047,2.171,22.31,9.814,0.5441,0.018038
238600000000000006,238500000000000004,2023-08-14,1675,26,659,2.5417,24.11,14.3925,0.9272,0.015522
238600000000000007,238500000000000004,2023-08-14,1231,21,466,2.6416,20.51,16.6587,0.9765,0.017059
238600000000000001,238500000000000001,2023-08-15,2811,28,1041,2.7003,33.01,11.7416,1.1788,0.009961
238600000000000002,238500000000000001,2023-08-15,3743,35,1774,2.1099,33.97,9.0762,0.9706,0.009351
238600000000000003,238500000000000002,2023-08-15,1316,29,618,2.1294,19.99,15.1913,0.6894,0.022036
238600000000000004,238500000000000002,2023-08-15,1740,53,654,2.6606,18.28,10.5065,0.3449,0.03046
238600000000000005,238500000000000003,2023-08-15,2624,41,1797,1.4602,28.7,10.9394,0.7001,0.015625
238600000000000006,238500000000000004,2023-08-15,2196,25,755,2.9086,32.37,14.7427,1.295,0.011384
238600000000000007,238500000000000004,2023-08-15,1404,19,665,2.1113,25.03,17.8311,1.3176,0.013533
238600000000000001,238500000000000001,2023-08-16,2357,26,1347,1.7498,28.78,12.212,1.1071,0.011031
238600000000000002,238500000000000001,2023-08-16,2049,27,1184,1.7306,27.56,13.4484,1.0206,0.013177
238600000000000003,238500000000000002,2023-08-16,1228,29,702,1.7493,18.69,15.2211,0.6445,0.023616
238600000000000004,238500000000000002,2023-08-16,930,21,482,1.9295,13.5,14.5188,0.643,0.022581
238600000000000005,238500000000000003,2023-08-16,2083,37,1190,1.7504,24.15,11.5917,0.6526,0.017763
238600000000000006,238500000000000004,2023-08-16,1717,21,679,2.5287,23.36,13.6037,1.1123,0.012231
238600000000000007,238500000000000004,2023-08-16,1620,26,1157,1.4002,24.93,15.391,0.959,0.016049
238600000000000002,238500000000000001,2023-08-17,4384,44,3564,1.2301,43.4,9.8998,0.9864,0.010036
238600000000000003,238500000000000002,2023-08-17,1306,32,457,2.8578,22.73,17.402,0.7102,0.024502
238600000000000004,238500000000000002,2023-08-17,1273,34,581,2.191,21.8,17.1254,0.6412,0.026709
238600000000000005,238500000000000003,2023-08-17,3422,44,1209,2.8304,33.4,9.7591,0.759,0.012858
238600000000000007,238500000000000004,2023-08-17,1885,28,657,2.8691,31.75,16.8414,1.1338,0.014854
238600000000000001,238500000000000001,2023-08-18,2405,21,802,2.9988,31.58,13.1294,1.5036,0.008732
238600000000000003,238500000000000002,2023-08-18,983,21,335,2.9343,16.9,17.1933,0.8048,0.021363
238600000000000004,238500000000000002,2023-08-18,1281,38,559,2.2916,18.48,14.4277,0.4864,0.029664
238600000000000005,238500000000000003,2023-08-18,2204,42,1080,2.0407,26.54,12.0405,0.6318,0.019056
238600000000000006,238500000000000004,2023-08-18,1846,32,1014,1.8205,30.54,16.546,0.9545,0.017335
238600000000000007,238500000000000004,2023-08-18,1358,16,520,2.6115,22.53,16.5909,1.4082,0.011782
238600000000000001,238500000000000001,2023-08-19,2127,18,1108,1.9197,29.56,13.8956,1.642,0.008463
238600000000000002,238500000000000001,2023-08-19,2956,28,1749,1.6901,37.35,12.6349,1.3339,0.009472
238600000000000003,238500000000000002,2023-08-19,1404,32,900,1.56,20.91,14.892,0.6534,0.022792
238600000000000004,238500000000000002,2023-08-19,1122,25,898,1.2494,17.32,15.4393,0.6929,0.022282
238600000000000005,238500000000000003,2023-08-19,2109,42,972,2.1698,28.67,13.5958,0.6827,0.019915
238600000000000006,238500000000000004,2023-08-19,1959,26,780,2.5115,28.49,14.5427,1.0957,0.013272
238600000000000007,238500000000000004,2023-08-19,1500,23,806,1.861,28.86,19.2385,1.2547,0.015333
238600000000000001,238500000000000001,2023-08-20,2180,27,886,2.4605,29.79,13.6649,1.1033,0.012385
238600000000000002,238500000000000001,2023-08-20,4048,55,1435,2.8209,35.38,8.7397,0.6432,0.013587
238600000000000003,238500000000000002,2023-08-20,1045,32,498,2.0984,18.22,17.4366,0.5694,0.030622
238600000000000004,238500000000000002,2023-08-20,1283,30,473,2.7125,19.02,14.8227,0.6339,0.023383
238600000000000005,238500000000000003,2023-08-20,2997,46,1611,1.8603,27.93,9.319,0.6072,0.015349
238600000000000006,238500000000000004,2023-08-20,1528,23,527,2.8994,25.58,16.7431,1.1123,0.015052
238600000000000007,238500000000000004,2023-08-20,2261,34,1517,1.4904,30.27,13.39,0.8904,0.015038
238600000000000001,238500000000000001,2023-08-21,4090,47,1410,2.9007,53.86,13.1699,1.1461,0.011491
238600000000000002,238500000000000001,2023-08-21,4249,53,3399,1.2501,51.01,12.005,0.9624,0.012474
238600000000000003,238500000000000002,2023-08-21,2944,82,1059,2.78,31.42,10.671,0.3831,0.027853
238600000000000004,238500000000000002,2023-08-21,1696,53,907,1.8699,28.51,16.8116,0.538,0.03125
238600000000000005,238500000000000003,2023-08-21,4526,82,2727,1.6597,44.95,9.9306,0.5481,0.018118
238600000000000006,238500000000000004,2023-08-21,2553,43,1105,2.3104,43.75,17.1383,1.0175,0.016843
238600000000000007,238500000000000004,2023-08-21,3085,31,1520,2.0296,46.14,14.9556,1.4883,0.010049
238600000000000001,238500000000000001,2023-08-22,3642,52,1401,2.5996,31.16,8.556,0.5992,0.014278
238600000000000002,238500000000000001,2023-08-22,3072,38,1324,2.3202,36.98,12.0381,0.9732,0.01237
238600000000000003,238500000000000002,2023-08-22,972,31,496,1.9597,16.21,16.6731,0.5228,0.031893
238600000000000004,238500000000000002,2023-08-22,1933,44,1498,1.2904,22.73,11.76,0.5166,0.022763
238600000000000005,238500000000000003,2023-08-22,2976,47,1417,2.1002,29.2,9.8131,0.6214,0.015793
238600000000000006,238500000000000004,2023-08-22,2430,41,1209,2.0099,29.27,12.0447,0.7139,0.016872
238600000000000007,238500000000000004,2023-08-22,1598,24,1080,1.4796,29.14,18.2345,1.2141,0.015019
238600000000000001,238500000000000001,2023-08-23,3196,45,1614,1.9802,43.93,13.7443,0.9761,0.01408
238600000000000002,238500000000000001,2023-08-23,3653,38,1328,2.7508,39.43,10.7949,1.0377,0.010402
238600000000000003,238500000000000002,2023-08-23,1408,37,658,2.1398,19.24,13.6613,0.5199,0.026278
238600000000000004,238500000000000002,2023-08-23,2547,55,1112,2.2905,28.4,11.1502,0.5164,0.021594
238600000000000006,238500000000000004,2023-08-23,2004,22,1590,1.2604,38.11,19.0145,1.732,0.010978
238600000000000007,238500000000000004,2023-08-23,2679,46,1201,2.2306,33.35,12.4475,0.7249,0.017171
238600000000000001,238500000000000001,2023-08-24,2614,21,1341,1.9493,25.79,9.865,1.228,0.008034
238600000000000002,238500000000000001,2023-08-24,3552,39,1600,2.22,29.33,8.2581,0.7521,0.01098
238600000000000003,238500000000000002,2023-08-24,976,34,354,2.7571,14.32,14.6747,0.4212,0.034836
238600000000000004,238500000000000002,2023-08-24,1439,40,1199,1.2002,17.17,11.935,0.4294,0.027797
238600000000000005,238500000000000003,2023-08-24,1618,29,660,2.4515,23.62,14.6,0.8146,0.017923
238600000000000006,238500000000000004,2023-08-24,1683,27,635,2.6504,25.09,14.905,0.9291,0.016043
238600000000000007,238500000000000004,2023-08-24,1386,15,597,2.3216,22.16,15.9888,1.4774,0.010823
238600000000000001,238500000000000001,2023-08-25,2539,35,1530,1.6595,29.32,11.549,0.8378,0.013785
238600000000000002,238500000000000001,2023-08-25,3352,27,2056,1.6304,37.46,11.1744,1.3873,0.008055
238600000000000003,238500000000000002,2023-08-25,1760,46,846,2.0804,19.54,11.1019,0.4248,0.026136
238600000000000004,238500000000000002,2023-08-25,1061,31,375,2.8293,18.62,17.5499,0.6007,0.029218
238600000000000005,238500000000000003,2023-08-25,2018,26,1421,1.4201,28.62,14.1823,1.1008,0.012884
238600000000000006,238500000000000004,2023-08-25,2412,25,897,2.689,26.85,11.1334,1.0742,0.010365
238600000000000007,238500000000000004,2023-08-25,2087,22,1250,1.6696,30.39,14.5596,1.3812,0.010541
238600000000000001,238500000000000001,2023-08-26,2664,24,1179,2.2595,33.23,12.4725,1.3845,0.009009
238600000000000003,238500000000000002,2023-08-26,1367,34,998,1.3697,19.49,14.2558,0.5732,0.024872
238600000000000004,238500000000000002,2023-08-26,1511,44,646,2.339,20.78,13.7544,0.4723,0.02912
238600000000000005,238500000000000003,2023-08-26,2660,46,964,2.7593,30.2,11.3545,0.6566,0.017293
238600000000000006,238500000000000004,2023-08-26,1840,25,770,2.3896,32.03,17.405,1.281,0.013587
238600000000000007,238500000000000004,2023-08-26,1438,21,1013,1.4195,28.38,19.7362,1.3515,0.014604
238600000000000001,238500000000000001,2023-08-27,4825,51,3422,1.41,60.49,12.5372,1.1861,0.01057
238600000000000002,238500000000000001,2023-08-27,4167,47,3230,1.2901,46.39,11.1335,0.9871,0.011279
238600000000000003,238500000000000002,2023-08-27,2802,60,1187,2.3606,31.22,11.1415,0.5203,0.021413
238600000000000004,238500000000000002,2023-08-27,1857,57,919,2.0207,29.86,16.079,0.5238,0.030695
238600000000000005,238500000000000003,2023-08-27,3747,73,1481,2.53,45.81,12.2252,0.6275,0.019482
238600000000000006,238500000000000004,2023-08-27,3401,49,1889,1.8004,52.65,15.4797,1.0744,0.014408
238600000000000001,238500000000000001,2023-08-28,3445,44,2630,1.3099,42.81,12.4276,0.973,0.012772
238600000000000002,238500000000000001,2023-08-28,3755,51,1558,2.4101,39.11,10.4167,0.767,0.013582
238600000000000003,238500000000000002,2023-08-28,1323,44,743,1.7806,23.12,17.4761,0.5255,0.033258
238600000000000004,238500000000000002,2023-08-28,1581,55,771,2.0506,23.69,14.9872,0.4308,0.034788
238600000000000005,238500000000000003,2023-08-28,3885,50,1378,2.8193,35.11,9.0378,0.7022,0.01287
238600000000000006,238500000000000004,2023-08-28,1772,22,848,2.0896,31.72,17.9023,1.442,0.012415
238600000000000007,238500000000000004,2023-08-28,2322,36,1425,1.6295,38.5,16.5808,1.0695,0.015504
238600000000000001,238500000000000001,2023-08-29,3868,37,1758,2.2002,41.41,10.7061,1.1192,0.009566
238600000000000002,238500000000000001,2023-08-29,5256,56,2986,1.7602,52.86,10.0569,0.9439,0.010654
238600000000000003,238500000000000002,2023-08-29,2020,45,678,2.9794,25.85,12.7959,0.5744,0.022277
238600000000000004,238500000000000002,2023-08-29,2673,69,1095,2.4411,28.02,10.483,0.4061,0.025814
238600000000000005,238500000000000003,2023-08-29,4486,79,3204,1.4001,40.4,9.0062,0.5114,0.01761
238600000000000006,238500000000000004,2023-08-29,3058,38,2317,1.3198,40.42,13.2185,1.0637,0.012426
238600000000000007,238500000000000004,2023-08-29,2583,35,1081,2.3895,40.38,15.6335,1.1537,0.01355
238600000000000001,238500000000000001,2023-08-30,3186,32,1087,2.931,41.42,13.0022,1.2945,0.010044
238600000000000002,238500000000000001,2023-08-30,3589,42,2942,1.2199,41.8,11.647,0.9953,0.011702
238600000000000003,238500000000000002,2023-08-30,2003,66,886,2.2607,27.42,13.6899,0.4155,0.032951
238600000000000004,238500000000000002,2023-08-30,1200,40,870,1.3793,20.14,16.7808,0.5034,0.033333
238600000000000005,238500000000000003,2023-08-30,2944,38,1566,1.8799,35.67,12.1156,0.9386,0.012908
238600000000000006,238500000000000004,2023-08-30,2226,31,1050,2.12,31.7,14.2398,1.0225,0.013926
238600000000000007,238500000000000004,2023-08-30,2401,28,957,2.5089,39.64,16.5094,1.4157,0.011662
238600000000000001,238500000000000001,2023-08-31,3067,30,1640,1.8701,42.89,13.9849,1.4297,0.009782
238600000000000002,238500000000000001,2023-08-31,3762,43,2034,1.8496,52.3,13.9025,1.2163,0.01143
238600000000000003,238500000000000002,2023-08-31,1458,36,1027,1.4197,25.61,17.5636,0.7113,0.024691
238600000000000004,238500000000000002,2023-08-31,1733,46,784,2.2105,28.79,16.6118,0.6258,0.026544
238600000000000005,238500000000000003,2023-08-31,3680,54,1496,2.4599,40.8,11.0861,0.7555,0.014674
238600000000000006,238500000000000004,2023-08-31,2983,32,2260,1.3199,42.11,14.1177,1.316,0.010727
238600000000000007,238500000000000004,2023-08-31,2486,31,1657,1.5003,39.48,15.8814,1.2736,0.01247
238600000000000002,238500000000000001,2023-09-01,4081,46,1517,2.6902,49.96,12.2426,1.0861,0.011272
238600000000000003,238500000000000002,2023-09-01,2640,92,1368,1.9298,27.01,10.2301,0.2936,0.034848
238600000000000004,238500000000000002,2023-09-01,1433,40,657,2.1811,24.85,17.3425,0.6213,0.027913
238600000000000005,238500000000000003,2023-09-01,3107,57,1387,2.2401,38.89,12.5183,0.6824,0.018346
238600000000000006,238500000000000004,2023-09-01,2059,29,741,2.7787,37.61,18.2642,1.2968,0.014085
238600000000000007,238500000000000004,2023-09-01,3035,40,2265,1.34,40.18,13.2398,1.0046,0.01318
238600000000000001,238500000000000001,2023-09-02,5743,82,2297,2.5002,52.59,9.1574,0.6413,0.014278
238600000000000002,238500000000000001,2023-09-02,4480,46,1703,2.6307,50.98,11.3791,1.1082,0.010268
238600000000000003,238500000000000002,2023-09-02,2493,75,1708,1.4596,29.3,11.7543,0.3907,0.030084
238600000000000004,238500000000000002,2023-09-02,2184,76,730,2.9918,29.88,13.6808,0.3931,0.034799
238600000000000005,238500000000000003,2023-09-02,4045,79,2379,1.7003,44.39,10.9732,0.5619,0.01953
238600000000000006,238500000000000004,2023-09-02,3158,36,2357,1.3398,45.85,14.5182,1.2736,0.0114
238600000000000007,238500000000000004,2023-09-02,3033,35,2407,1.2601,42.93,14.1527,1.2264,0.01154
238600000000000001,238500000000000001,2023-09-03,4513,56,2363,1.9099,49.57,10.9845,0.8852,0.012409
238600000000000002,238500000000000001,2023-09-03,3354,44,1853,1.81,43.09,12.8464,0.9792,0.013119
238600000000000003,238500000000000002,2023-09-03,1990,50,1031,1.9302,27.0,13.5667,0.54,0.025126
238600000000000005,238500000000000003,2023-09-03,3219,63,1272,2.5307,39.71,12.3366,0.6303,0.019571
238600000000000006,238500000000000004,2023-09-03,3243,34,1308,2.4794,37.04,11.4203,1.0893,0.010484
238600000000000007,238500000000000004,2023-09-03,3038,41,1475,2.0597,42.39,13.9521,1.0338,0.013496
238600000000000001,238500000000000001,2023-09-04,4184,62,1715,2.4397,36.13,8.6356,0.5828,0.014818
238600000000000002,238500000000000001,2023-09-04,3848,53,1652,2.3293,38.19,9.9235,0.7205,0.013773
238600000000000004,238500000000000002,2023-09-04,1543,43,768,2.0091,21.88,14.1794,0.5088,0.027868
238600000000000005,238500000000000003,2023-09-04,2424,33,1102,2.1996,31.85,13.1395,0.9652,0.013614
238600000000000006,238500000000000004,2023-09-04,1886,32,1462,1.29,33.74,17.8885,1.0543,0.016967
238600000000000007,238500000000000004,2023-09-04,2108,31,727,2.8996,29.96,14.2136,0.9665,0.014706
238600000000000001,238500000000000001,2023-09-05,5732,73,2838,2.0197,58.8,10.2579,0.8055,0.012736
238600000000000002,238500000000000001,2023-09-05,4780,68,2915,1.6398,62.41,13.0564,0.9178,0.014226
238600000000000003,238500000000000002,2023-09-05,2665,54,1029,2.5899,34.88,13.0864,0.6458,0.020263
238600000000000004,238500000000000002,2023-09-05,2706,76,1961,1.3799,34.39,12.7074,0.4525,0.028086
238600000000000005,238500000000000003,2023-09-05,3998,74,2009,1.99,51.95,12.993,0.702,0.018509
238600000000000006,238500000000000004,2023-09-05,2964,42,1818,1.6304,57.83,19.5118,1.377,0.01417
238600000000000007,238500000000000004,2023-09-05,2672,42,1036,2.5792,46.06,17.2378,1.0967,0.015719
238600000000000001,238500000000000001,2023-09-06,4784,44,1702,2.8108,51.16,10.693,1.1626,0.009197
238600000000000002,238500000000000001,2023-09-06,4687,53,2757,1.7,48.21,10.2851,0.9096,0.011308
238600000000000003,238500000000000002,2023-09-06,2423,61,1361,1.7803,30.91,12.7577,0.5068,0.025175
238600000000000004,238500000000000002,2023-09-06,1910,57,1299,1.4704,25.87,13.5425,0.4538,0.029843
238600000000000005,238500000000000003,2023-09-06,3438,53,2149,1.5998,42.58,12.3861,0.8035,0.015416
238600000000000006,238500000000000004,2023-09-06,3689,49,1238,2.9798,44.44,12.0473,0.907,0.013283
238600000000000007,238500000000000004,2023-09-06,2586,34,2102,1.2303,40.72,15.7482,1.1978,0.013148
238600000000000001,238500000000000001,2023-09-07,3209,38,1439,2.23,32.98,10.2774,0.8679,0.011842
238600000000000002,238500000000000001,2023-09-07,4262,58,3522,1.2101,34.56,8.1094,0.5959,0.013609
238600000000000003,238500000000000002,2023-09-07,1308,30,456,2.8684,18.78,14.359,0.6261,0.022936
238600000000000004,238500000000000002,2023-09-07,1388,46,477,2.9099,19.81,14.2753,0.4307,0.033141
238600000000000005,238500000000000003,2023-09-07,2626,51,881,2.9807,28.95,11.0232,0.5676,0.019421
238600000000000006,238500000000000004,2023-09-07,1457,22,513,2.8402,27.87,19.1295,1.2669,0.0151
238600000000000007,238500000000000004,2023-09-07,2480,35,1064,2.3308,30.02,12.1056,0.8578,0.014113
238600000000000001,238500000000000001,2023-09-08,2888,39,1416,2.0395,32.35,11.2011,0.8295,0.013504
238600000000000002,238500000000000001,2023-09-08,4580,66,3496,1.3101,40.29,8.7979,0.6105,0.01441
238600000000000003,238500000000000002,2023-09-08,1733,43,917,1.8899,20.06,11.5766,0.4666,0.024812
238600000000000005,238500000000000003,2023-09-08,2225,30,765,2.9085,31.13,13.9922,1.0378,0.013483
238600000000000006,238500000000000004,2023-09-08,2462,31,1675,1.4699,28.82,11.7077,0.9298,0.012591
238600000000000007,238500000000000004,2023-09-08,2179,24,1676,1.3001,33.44,15.347,1.3934,0.011014
238600000000000001,238500000000000001,2023-09-09,4183,61,1859,2.2501,37.47,8.9574,0.6142,0.014583
238600000000000002,238500000000000001,2023-09-09,5075,65,2256,2.2496,43.18,8.5084,0.6643,0.012808
238600000000000003,238500000000000002,2023-09-09,1701,40,961,1.77,25.73,15.1289,0.6434,0.023516
238600000000000004,238500000000000002,2023-09-09,1434,50,1112,1.2896,20.35,14.1917,0.407,0.034868
238600000000000005,238500000000000003,2023-09-09,3057,38,1318,2.3194,34.56,11.3065,0.9096,0.01243
238600000000000006,238500000000000004,2023-09-09,2049,37,1313,1.5605,32.87,16.0411,0.8883,0.018058
238600000000000007,238500000000000004,2023-09-09,3054,41,1202,2.5408,36.26,11.8728,0.8844,0.013425
238600000000000001,238500000000000001,2023-09-10,3777,55,2146,1.76,44.1,11.6748,0.8017,0.014562
238600000000000002,238500000000000001,2023-09-10,4211,50,2193,1.9202,43.02,10.2167,0.8605,0.011874
238600000000000003,238500000000000002,2023-09-10,1871,55,764,2.449,25.13,13.4323,0.4569,0.029396
238600000000000004,238500000000000002,2023-09-10,1974,52,1567,1.2597,24.65,12.4873,0.474,0.026342
238600000000000005,238500000000000003,2023-09-10,3407,64,1514,2.2503,37.34,10.9587,0.5834,0.018785
238600000000000006,238500000000000004,2023-09-10,2453,38,1298,1.8898,38.04,15.5081,1.0011,0.015491
238600000000000007,238500000000000004,2023-09-10,2013,33,808,2.4913,36.63,18.1974,1.11,0.016393
238600000000000001,238500000000000001,2023-09-11,3445,28,1957,1.7603,40.64,11.7959,1.4513,0.008128
238600000000000002,238500000000000001,2023-09-11,3474,48,1678,2.0703,42.83,12.3285,0.8923,0.013817
238600000000000003,238500000000000002,2023-09-11,1451,45,688,2.109,26.04,17.9496,0.5788,0.031013
238600000000000004,238500000000000002,2023-09-11,1393,46,815,1.7092,21.65,15.542,0.4707,0.033022
238600000000000005,238500000000000003,2023-09-11,2971,45,994,2.9889,35.77,12.0401,0.7949,0.015146
238600000000000006,238500000000000004,2023-09-11,2115,36,1748,1.21,34.53,16.3246,0.9591,0.017021
238600000000000007,238500000000000004,2023-09-11,2944,45,2300,1.28,37.02,12.5733,0.8226,0.015285
238600000000000001,238500000000000001,2023-09-12,6287,92,2845,2.2098,55.74,8.8652,0.6058,0.014633
238600000000000002,238500000000000001,2023-09-12,4075,52,1741,2.3406,54.5,13.3749,1.0481,0.012761
238600000000000003,238500000000000002,2023-09-12,2062,59,889,2.3195,32.99,15.9987,0.5591,0.028613
238600000000000004,238500000000000002,2023-09-12,2251,71,1154,1.9506,30.0,13.3292,0.4226,0.031542
238600000000000005,238500000000000003,2023-09-12,4613,89,2239,2.0603,47.24,10.2417,0.5308,0.019293
238600000000000006,238500000000000004,2023-09-12,2142,27,1673,1.2803,42.69,19.9311,1.5812,0.012605
238600000000000007,238500000000000004,2023-09-12,2702,45,1076,2.5112,51.8,19.1701,1.1511,0.016654
238600000000000001,238500000000000001,2023-09-13,5545,55,1855,2.9892,50.0,9.0174,0.9091,0.009919
238600000000000003,238500000000000002,2023-09-13,2271,60,847,2.6812,25.45,11.2068,0.4242,0.02642
238600000000000004,238500000000000002,2023-09-13,1572,44,936,1.6795,26.19,16.6608,0.5952,0.02799
238600000000000005,238500000000000003,2023-09-13,2746,45,1094,2.5101,38.73,14.1046,0.8607,0.016387
238600000000000006,238500000000000004,2023-09-13,2637,46,1094,2.4104,35.8,13.5774,0.7783,0.017444
238600000000000007,238500000000000004,2023-09-13,3484,52,2581,1.3499,41.66,11.9572,0.8011,0.014925
238600000000000001,238500000000000001,2023-09-14,5919,67,3676,1.6102,47.76,8.0683,0.7128,0.011319
238600000000000002,238500000000000001,2023-09-14,3864,48,1292,2.9907,53.93,13.9562,1.1235,0.012422
238600000000000003,238500000000000002,2023-09-14,1502,42,686,2.1895,24.88,16.5653,0.5924,0.027963
238600000000000004,238500000000000002,2023-09-14,2007,51,1303,1.5403,33.22,16.5538,0.6514,0.025411
238600000000000005,238500000000000003,2023-09-14,3179,54,1078,2.949,43.58,13.7082,0.807,0.016986
238600000000000006,238500000000000004,2023-09-14,3409,37,1171,2.9112,44.15,12.9497,1.1931,0.010854
238600000000000007,238500000000000004,2023-09-14,3477,52,1187,2.9292,43.01,12.3702,0.8271,0.014955
238600000000000001,238500000000000001,2023-09-15,4374,44,2604,1.6797,45.45,10.3901,1.0329,0.010059
238600000000000002,238500000000000001,2023-09-15,5266,73,3511,1.4999,44.78,8.5036,0.6134,0.013863
238600000000000003,238500000000000002,2023-09-15,1796,45,916,1.9607,25.45,14.17,0.5655,0.025056
238600000000000004,238500000000000002,2023-09-15,1564,48,701,2.2311,26.11,16.6936,0.5439,0.030691
238600000000000005,238500000000000003,2023-09-15,2857,39,999,2.8599,38.67,13.5347,0.9915,0.013651
238600000000000006,238500000000000004,2023-09-15,2571,29,1143,2.2493,35.06,13.637,1.209,0.01128
238600000000000007,238500000000000004,2023-09-15,3367,49,2066,1.6297,42.28,12.5561,0.8628,0.014553
238600000000000001,238500000000000001,2023-09-16,5609,66,2999,1.8703,52.49,9.3582,0.7953,0.011767
238600000000000002,238500000000000001,2023-09-16,3873,42,1501,2.5803,40.61,10.4867,0.967,0.010844
238600000000000003,238500000000000002,2023-09-16,1887,59,894,2.1107,27.28,14.4571,0.4624,0.031267
238600000000000004,238500000000000002,2023-09-16,1482,51,561,2.6417,25.92,17.4914,0.5083,0.034413
238600000000000005,238500000000000003,2023-09-16,3857,58,1786,2.1596,39.9,10.3454,0.688,0.015038
238600000000000006,238500000000000004,2023-09-16,3742,49,2414,1.5501,43.94,11.743,0.8968,0.013095
238600000000000007,238500000000000004,2023-09-16,2284,35,1436,1.5905,35.86,15.7014,1.0246,0.015324
238600000000000001,238500000000000001,2023-09-17,5651,55,2124,2.6605,46.05,8.1491,0.8373,0.009733
238600000000000002,238500000000000001,2023-09-17,3507,51,1304,2.6894,41.8,11.9179,0.8195,0.014542
238600000000000003,238500000000000002,2023-09-17,2272,47,1411,1.6102,22.91,10.0857,0.4875,0.020687
238600000000000005,238500000000000003,2023-09-17,2970,36,1747,1.7001,37.65,12.6763,1.0458,0.012121
238600000000000006,238500000000000004,2023-09-17,2891,46,1890,1.5296,34.2,11.8312,0.7436,0.015911
238600000000000007,238500000000000004,2023-09-17,2184,34,1035,2.1101,41.09,18.8155,1.2086,0.015568
238600000000000001,238500000000000001,2023-09-18,6655,78,3413,1.9499,55.98,8.4111,0.7176,0.011721
238600000000000002,238500000000000001,2023-09-18,6818,70,2964,2.3003,60.65,8.8952,0.8664,0.010267
238600000000000003,238500000000000002,2023-09-18,2388,52,818,2.9193,29.27,12.2573,0.5629,0.021776
238600000000000004,238500000000000002,2023-09-18,3170,88,2383,1.3303,37.37,11.7892,0.4247,0.02776
238600000000000005,238500000000000003,2023-09-18,4961,70,2185,2.2705,49.98,10.0749,0.714,0.01411
238600000000000006,238500000000000004,2023-09-18,3525,45,1263,2.791,57.69,16.3672,1.2821,0.012766
238600000000000007,238500000000000004,2023-09-18,2941,41,2071,1.4201,42.27,14.3723,1.0309,0.013941
238600000000000001,238500000000000001,2023-09-19,4985,70,3925,1.2701,53.13,10.6578,0.759,0.014042
238600000000000002,238500000000000001,2023-09-19,6682,69,2570,2.6,60.42,9.0424,0.8757,0.010326
238600000000000004,238500000000000002,2023-09-19,2256,68,1749,1.2899,32.17,14.2616,0.4731,0.030142
238600000000000005,238500000000000003,2023-09-19,5083,82,3008,1.6898,48.66,9.574,0.5935,0.016132
238600000000000006,238500000000000004,2023-09-19,3589,37,1751,2.0497,50.4,14.0441,1.3623,0.010309
238600000000000007,238500000000000004,2023-09-19,3954,46,1438,2.7497,46.92,11.8676,1.0201,0.011634
238600000000000001,238500000000000001,2023-09-20,4317,41,1962,2.2003,58.64,13.5842,1.4303,0.009497
238600000000000002,238500000000000001,2023-09-20,7048,65,5071,1.3899,56.43,8.006,0.8681,0.009222
238600000000000003,238500000000000002,2023-09-20,1822,63,925,1.9697,31.5,17.2913,0.5001,0.034577
238600000000000004,238500000000000002,2023-09-20,3232,88,1489,2.1706,34.25,10.5968,0.3892,0.027228
238600000000000005,238500000000000003,2023-09-20,4411,54,3151,1.3999,49.32,11.1801,0.9132,0.012242
238600000000000006,238500000000000004,2023-09-20,3777,51,3071,1.2299,49.66,13.1477,0.9737,0.013503
238600000000000007,238500000000000004,2023-09-20,2636,47,1417,1.8603,48.97,18.5781,1.042,0.01783
238600000000000001,238500000000000001,2023-09-21,5955,68,3676,1.62,51.75,8.6902,0.761,0.011419
238600000000000002,238500000000000001,2023-09-21,5469,51,1953,2.8003,49.99,9.1413,0.9803,0.009325
238600000000000003,238500000000000002,2023-09-21,2325,55,1067,2.179,30.1,12.9482,0.5474,0.023656
238600000000000004,238500000000000002,2023-09-21,1654,57,735,2.2503,28.03,16.9498,0.4918,0.034462
238600000000000005,238500000000000003,2023-09-21,3050,48,1452,2.1006,43.6,14.2966,0.9084,0.015738
238600000000000007,238500000000000004,2023-09-21,2619,36,1723,1.52,41.01,15.6576,1.1391,0.013746
238600000000000001,238500000000000001,2023-09-22,3531,40,1612,2.1904,44.13,12.4979,1.1033,0.011328
238600000000000002,238500000000000001,2023-09-22,4253,49,2006,2.1201,50.98,11.9868,1.0404,0.011521
238600000000000003,238500000000000002,2023-09-22,2187,71,1764,1.2398,29.04,13.2803,0.4091,0.032465
238600000000000004,238500000000000002,2023-09-22,1656,48,618,2.6796,25.3,15.2805,0.5272,0.028986
238600000000000005,238500000000000003,2023-09-22,3796,48,1449,2.6197,40.76,10.738,0.8492,0.012645
238600000000000006,238500000000000004,2023-09-22,2191,30,797,2.7491,35.49,16.1982,1.183,0.013692
238600000000000007,238500000000000004,2023-09-22,3214,38,2217,1.4497,46.03,14.3224,1.2114,0.011823
238600000000000001,238500000000000001,2023-09-23,5047,43,4171,1.21,54.08,10.7151,1.2577,0.00852
238600000000000002,238500000000000001,2023-09-23,4653,52,1939,2.3997,52.38,11.2578,1.0074,0.011176
238600000000000003,238500000000000002,2023-09-23,2066,63,1087,1.9006,30.78,14.9003,0.4886,0.030494
238600000000000004,238500000000000002,2023-09-23,2199,49,1189,1.8495,30.05,13.6659,0.6133,0.022283
238600000000000005,238500000000000003,2023-09-23,4283,69,1734,2.47,45.63,10.6529,0.6613,0.01611
238600000000000006,238500000000000004,2023-09-23,4344,47,1448,3.0,48.48,11.16,1.0315,0.01082
238600000000000007,238500000000000004,2023-09-23,2936,31,1041,2.8204,42.77,14.5687,1.3798,0.010559
238600000000000001,238500000000000001,2023-09-24,6155,50,2575,2.3903,58.35,9.4794,1.1669,0.008123
238600000000000002,238500000000000001,2023-09-24,3937,50,1458,2.7003,52.4,13.3094,1.048,0.0127
238600000000000003,238500000000000002,2023-09-24,3000,89,2128,1.4098,31.21,10.4032,0.3507,0.029667
238600000000000004,238500000000000002,2023-09-24,2073,49,1139,1.82,32.07,15.4719,0.6546,0.023637
238600000000000005,238500000000000003,2023-09-24,4104,57,1732,2.3695,47.46,11.5649,0.8327,0.013889
238600000000000006,238500000000000004,2023-09-24,3411,59,1594,2.1399,43.9,12.8713,0.7441,0.017297
238600000000000007,238500000000000004,2023-09-24,2984,30,1820,1.6396,51.02,17.098,1.7007,0.010054
238600000000000001,238500000000000001,2023-09-25,5796,47,2385,2.4302,48.95,8.4457,1.0415,0.008109
238600000000000002,238500000000000001,2023-09-25,4955,65,2192,2.2605,53.1,10.7155,0.8169,0.013118
238600000000000003,238500000000000002,2023-09-25,1969,63,1020,1.9304,32.82,16.6675,0.5209,0.031996
238600000000000005,238500000000000003,2023-09-25,4226,59,2799,1.5098,43.73,10.3489,0.7413,0.013961
238600000000000006,238500000000000004,2023-09-25,2161,37,743,2.9085,37.48,17.3416,1.0128,0.017122
238600000000000007,238500000000000004,2023-09-25,2623,38,2186,1.1999,49.99,19.0596,1.3156,0.014487
238600000000000001,238500000000000001,2023-09-26,3988,51,1936,2.0599,38.28,9.5977,0.7505,0.012788
238600000000000002,238500000000000001,2023-09-26,2748,35,1065,2.5803,38.16,13.8873,1.0904,0.012737
238600000000000003,238500000000000002,2023-09-26,1457,38,636,2.2909,20.33,13.9562,0.5351,0.026081
238600000000000004,238500000000000002,2023-09-26,1646,34,876,1.879,23.34,14.1826,0.6866,0.020656
238600000000000005,238500000000000003,2023-09-26,3330,50,2752,1.21,32.76,9.8376,0.6552,0.015015
238600000000000006,238500000000000004,2023-09-26,2669,42,1283,2.0803,32.34,12.1171,0.77,0.015736
238600000000000007,238500000000000004,2023-09-26,2355,29,1635,1.4404,33.18,14.0882,1.1441,0.012314
238600000000000001,238500000000000001,2023-09-27,4294,57,1819,2.3606,49.99,11.6429,0.8771,0.013274
238600000000000002,238500000000000001,2023-09-27,4953,64,1981,2.5003,56.37,11.3816,0.8808,0.012921
238600000000000003,238500000000000002,2023-09-27,2419,83,1875,1.2901,27.61,11.4126,0.3326,0.034312
238600000000000004,238500000000000002,2023-09-27,2361,80,948,2.4905,33.17,14.051,0.4147,0.033884
238600000000000005,238500000000000003,2023-09-27,3622,69,1303,2.7797,45.59,12.5859,0.6607,0.01905
238600000000000006,238500000000000004,2023-09-27,2380,26,821,2.8989,40.9,17.1867,1.5732,0.010924
238600000000000007,238500000000000004,2023-09-27,2536,35,1997,1.2699,50.27,19.8218,1.4362,0.013801
238600000000000001,238500000000000001,2023-09-28,5012,59,2289,2.1896,43.19,8.6164,0.732,0.011772
238600000000000002,238500000000000001,2023-09-28,5820,83,1953,2.98,61.0,10.4813,0.735,0.014261
238600000000000003,238500000000000002,2023-09-28,2069,60,1034,2.001,34.81,16.8222,0.5801,0.029
238600000000000004,238500000000000002,2023-09-28,2293,61,1047,2.1901,24.73,10.785,0.4054,0.026603
238600000000000005,238500000000000003,2023-09-28,4140,75,1926,2.1495,44.65,10.7853,0.5954,0.018116
238600000000000006,238500000000000004,2023-09-28,2563,27,1134,2.2601,44.99,17.5534,1.6663,0.010535
238600000000000007,238500000000000004,2023-09-28,3202,39,1404,2.2806,44.31,13.8393,1.1362,0.01218
238600000000000001,238500000000000001,2023-09-29,4568,56,1704,2.6808,56.07,12.2755,1.0013,0.012259
238600000000000002,238500000000000001,2023-09-29,4355,45,1507,2.8898,58.96,13.5381,1.3102,0.010333
238600000000000003,238500000000000002,2023-09-29,3010,85,1568,1.9196,34.89,11.5902,0.4104,0.028239
238600000000000004,238500000000000002,2023-09-29,1958,53,886,2.2099,30.85,15.754,0.582,0.027068
238600000000000005,238500000000000003,2023-09-29,4433,68,1673,2.6497,49.3,11.1211,0.725,0.015339
238600000000000006,238500000000000004,2023-09-29,2827,51,1597,1.7702,51.18,18.1033,1.0035,0.01804
238600000000000007,238500000000000004,2023-09-29,2915,50,1121,2.6004,47.42,16.2681,0.9484,0.017153
238600000000000001,238500000000000001,2023-09-30,3696,37,3030,1.2198,44.42,12.019,1.2006,0.010011
238600000000000002,238500000000000001,2023-09-30,4412,48,3420,1.2901,44.93,10.1829,0.936,0.010879
238600000000000003,238500000000000002,2023-09-30,2205,61,1312,1.6806,25.45,11.5416,0.4172,0.027664
238600000000000004,238500000000000002,2023-09-30,1975,61,726,2.7204,25.61,12.9658,0.4198,0.030886
238600000000000005,238500000000000003,2023-09-30,3465,42,2493,1.3899,38.29,11.0512,0.9117,0.012121
238600000000000007,238500000000000004,2023-09-30,3069,36,2088,1.4698,38.64,12.5891,1.0732,0.01173
238600000000000002,238500000000000001,2023-10-01,4588,44,2886,1.5897,61.35,13.3717,1.3943,0.00959
238600000000000003,238500000000000002,2023-10-01,1849,48,1121,1.6494,31.32,16.9374,0.6524,0.02596
238600000000000004,238500000000000002,2023-10-01,1800,38,1353,1.3304,28.61,15.895,0.7529,0.021111
238600000000000006,238500000000000004,2023-10-01,3500,53,1464,2.3907,52.67,15.0496,0.9938,0.015143
238600000000000007,238500000000000004,2023-10-01,2593,36,1179,2.1993,37.22,14.3535,1.0339,0.013884
238600000000000001,238500000000000001,2023-10-02,4199,46,1686,2.4905,55.83,13.2952,1.2136,0.010955
238600000000000002,238500000000000001,2023-10-02,4442,41,2010,2.21,51.43,11.5792,1.2545,0.00923
238600000000000003,238500000000000002,2023-10-02,1914,47,1227,1.5599,30.99,16.1938,0.6595,0.024556
238600000000000005,238500000000000003,2023-10-02,3525,55,2913,1.2101,45.97,13.0409,0.8358,0.015603
238600000000000006,238500000000000004,2023-10-02,3105,35,1176,2.6403,49.19,15.8432,1.4055,0.011272
238600000000000007,238500000000000004,2023-10-02,2590,37,1057,2.4503,42.75,16.5039,1.1553,0.014286
238600000000000001,238500000000000001,2023-10-03,3663,43,2207,1.6597,45.83,12.5122,1.0659,0.011739
238600000000000002,238500000000000001,2023-10-03,6877,80,3290,2.0903,62.37,9.069,0.7796,0.011633
238600000000000003,238500000000000002,2023-10-03,2492,61,1538,1.6203,32.0,12.8418,0.5246,0.024478
238600000000000004,238500000000000002,2023-10-03,2284,77,1125,2.0302,29.83,13.0589,0.3874,0.033713
238600000000000005,238500000000000003,2023-10-03,3330,43,1301,2.5596,46.37,13.9253,1.0784,0.012913
238600000000000006,238500000000000004,2023-10-03,2812,49,976,2.8811,41.48,14.7497,0.8465,0.017425
238600000000000007,238500000000000004,2023-10-03,4494,68,2024,2.2204,51.27,11.4077,0.7539,0.015131
238600000000000001,238500000000000001,2023-10-04,5461,48,1883,2.9002,54.25,9.9336,1.1302,0.00879
238600000000000002,238500000000000001,2023-10-04,4303,49,1494,2.8802,49.11,11.4118,1.0021,0.011387
238600000000000003,238500000000000002,2023-10-04,1748,52,1398,1.2504,29.22,16.7185,0.562,0.029748
238600000000000004,238500000000000002,2023-10-04,2346,73,1725,1.36,29.83,12.7172,0.4087,0.031117
238600000000000005,238500000000000003,2023-10-04,4790,90,3090,1.5502,44.29,9.2472,0.4922,0.018789
238600000000000006,238500000000000004,2023-10-04,2308,34,1416,1.6299,40.82,17.6878,1.2007,0.014731
238600000000000007,238500000000000004,2023-10-04,2490,34,1537,1.62,47.76,19.1825,1.4048,0.013655
238600000000000001,238500000000000001,2023-10-05,4344,46,2069,2.0996,41.33,9.5141,0.8985,0.010589
238600000000000002,238500000000000001,2023-10-05,4095,45,2058,1.9898,42.54,10.3877,0.9453,0.010989
238600000000000003,238500000000000002,2023-10-05,2236,78,763,2.9305,24.39,10.9093,0.3127,0.034884
238600000000000004,238500000000000002,2023-10-05,1788,48,1046,1.7094,23.53,13.1603,0.4902,0.026846
238600000000000005,238500000000000003,2023-10-05,3471,68,1189,2.9193,35.94,10.3552,0.5286,0.019591
238600000000000006,238500000000000004,2023-10-05,2962,53,1683,1.76,34.9,11.7814,0.6584,0.017893
238600000000000007,238500000000000004,2023-10-05,2000,26,913,2.1906,36.99,18.4947,1.4227,0.013
238600000000000002,238500000000000001,2023-10-06,4389,54,2080,2.1101,55.95,12.7485,1.0362,0.012303
238600000000000003,238500000000000002,2023-10-06,1583,32,729,2.1715,26.55,16.7709,0.8296,0.020215
238600000000000004,238500000000000002,2023-10-06,2307,57,986,2.3398,29.24,12.6736,0.5129,0.024707
238600000000000005,238500000000000003,2023-10-06,3726,49,2192,1.6998,41.84,11.2292,0.8539,0.013151
238600000000000007,238500000000000004,2023-10-06,3102,55,1456,2.1305,42.77,13.7892,0.7777,0.01773
238600000000000001,238500000000000001,2023-10-07,2957,24,2097,1.4101,40.61,13.7342,1.6922,0.008116
238600000000000002,238500000000000001,2023-10-07,4712,48,1592,2.9598,56.77,12.0483,1.1827,0.010187
238600000000000003,238500000000000002,2023-10-07,2593,78,1852,1.4001,30.27,11.6737,0.3881,0.030081
238600000000000004,238500000000000002,2023-10-07,1967,40,678,2.9012,25.38,12.9018,0.6344,0.020336
238600000000000005,238500000000000003,2023-10-07,3089,49,1054,2.9307,41.74,13.5111,0.8518,0.015863
238600000000000006,238500000000000004,2023-10-07,3445,42,1389,2.4802,43.12,12.5162,1.0266,0.012192
238600000000000007,238500000000000004,2023-10-07,2100,32,986,2.1298,40.35,19.2158,1.261,0.015238
238600000000000001,238500000000000001,2023-10-08,3863,34,1780,2.1702,47.6,12.3213,1.3999,0.008801
238600000000000002,238500000000000001,2023-10-08,3309,39,2055,1.6102,40.18,12.1429,1.0303,0.011786
238600000000000003,238500000000000002,2023-10-08,1651,48,596,2.7701,28.02,16.9721,0.5838,0.029073
238600000000000004,238500000000000002,2023-10-08,1273,42,621,2.0499,22.14,17.3905,0.5271,0.032993
238600000000000005,238500000000000003,2023-10-08,4013,74,1514,2.6506,37.62,9.3743,0.5084,0.01844
238600000000000006,238500000000000004,2023-10-08,3067,51,1300,2.3592,41.48,13.5253,0.8134,0.016629
238600000000000007,238500000000000004,2023-10-08,1886,19,723,2.6086,33.76,17.8984,1.7767,0.010074
238600000000000001,238500000000000001,2023-10-09,4678,68,1902,2.4595,47.96,10.2533,0.7054,0.014536
238600000000000002,238500000000000001,2023-10-09,3656,51,1885,1.9395,40.34,11.0327,0.7909,0.01395
238600000000000003,238500000000000002,2023-10-09,1782,53,909,1.9604,25.16,14.117,0.4747,0.029742
238600000000000004,238500000000000002,2023-10-09,1429,33,522,2.7375,25.3,17.7054,0.7667,0.023093
238600000000000005,238500000000000003,2023-10-09,2796,48,1226,2.2806,37.84,13.5347,0.7884,0.017167
238600000000000006,238500000000000004,2023-10-09,3304,43,1730,1.9098,38.1,11.5325,0.8861,0.013015
238600000000000007,238500000000000004,2023-10-09,3135,46,1529,2.0504,37.58,11.9881,0.817,0.014673
238600000000000001,238500000000000001,2023-10-10,4421,42,2679,1.6502,37.54,8.492,0.8939,0.0095
238600000000000002,238500000000000001,2023-10-10,3963,37,2252,1.7598,42.67,10.7675,1.1533,0.009336
238600000000000003,238500000000000002,2023-10-10,1309,35,999,1.3103,23.46,17.9186,0.6702,0.026738
238600000000000004,238500000000000002,2023-10-10,1947,64,671,2.9016,22.38,11.4955,0.3497,0.032871
238600000000000005,238500000000000003,2023-10-10,3122,57,1976,1.58,34.38,11.0115,0.6031,0.018258
238600000000000006,238500000000000004,2023-10-10,2415,40,998,2.4198,36.12,14.9574,0.9031,0.016563
238600000000000007,238500000000000004,2023-10-10,2039,33,1488,1.3703,32.63,16.0047,0.9889,0.016184
238600000000000001,238500000000000001,2023-10-11,3743,55,1269,2.9496,49.37,13.1891,0.8976,0.014694
238600000000000002,238500000000000001,2023-10-11,4655,56,1916,2.4295,51.95,11.161,0.9278,0.01203
238600000000000003,238500000000000002,2023-10-11,1693,45,641,2.6412,30.04,17.7409,0.6675,0.02658
238600000000000004,238500000000000002,2023-10-11,1628,57,702,2.3191,27.86,17.1147,0.4888,0.035012
238600000000000005,238500000000000003,2023-10-11,4152,54,1837,2.2602,43.42,10.4585,0.8041,0.013006
238600000000000006,238500000000000004,2023-10-11,2904,45,1389,2.0907,42.19,14.5294,0.9376,0.015496
238600000000000007,238500000000000004,2023-10-11,2371,29,1303,1.8196,44.65,18.8333,1.5398,0.012231
238600000000000001,238500000000000001,2023-10-12,5231,45,3791,1.3798,42.32,8.0907,0.9405,0.008603
238600000000000002,238500000000000001,2023-10-12,3996,51,1753,2.2795,37.49,9.382,0.7351,0.012763
238600000000000003,238500000000000002,2023-10-12,2023,50,1234,1.6394,22.57,11.1559,0.4514,0.024716
238600000000000004,238500000000000002,2023-10-12,1564,49,763,2.0498,23.04,14.7308,0.4702,0.03133
238600000000000005,238500000000000003,2023-10-12,3001,40,1352,2.2197,34.21,11.398,0.8551,0.013329
238600000000000006,238500000000000004,2023-10-12,2870,51,963,2.9803,37.18,12.9555,0.7291,0.01777
238600000000000007,238500000000000004,2023-10-12,1576,18,1281,1.2303,31.23,19.8152,1.7349,0.011421
238600000000000001,238500000000000001,2023-10-13,5417,48,2496,2.1703,49.58,9.1536,1.033,0.008861
238600000000000002,238500000000000001,2023-10-13,5922,65,2520,2.35,54.74,9.244,0.8422,0.010976
238600000000000004,238500000000000002,2023-10-13,1752,59,876,2.0,29.8,17.0108,0.5051,0.033676
238600000000000005,238500000000000003,2023-10-13,3991,57,1395,2.8609,44.71,11.2032,0.7844,0.014282
238600000000000006,238500000000000004,2023-10-13,2976,48,2172,1.3702,42.38,14.241,0.8829,0.016129
238600000000000007,238500000000000004,2023-10-13,3671,56,1468,2.5007,47.04,12.8147,0.84,0.015255
238600000000000001,238500000000000001,2023-10-14,4730,55,1625,2.9108,58.07,12.2759,1.0557,0.011628
238600000000000002,238500000000000001,2023-10-14,7903,72,5450,1.4501,72.75,9.2055,1.0104,0.00911
238600000000000003,238500000000000002,2023-10-14,3363,86,1586,2.1204,39.41,11.7176,0.4582,0.025572
238600000000000004,238500000000000002,2023-10-14,2619,78,1048,2.499,35.35,13.4959,0.4532,0.029782
238600000000000005,238500000000000003,2023-10-14,6010,84,2178,2.7594,56.06,9.3284,0.6674,0.013977
238600000000000006,238500000000000004,2023-10-14,3953,51,1757,2.2499,50.2,12.6993,0.9843,0.012902
238600000000000007,238500000000000004,2023-10-14,3442,37,1203,2.8612,61.93,17.9917,1.6737,0.01075
238600000000000001,238500000000000001,2023-10-15,3854,55,2083,1.8502,37.6,9.7566,0.6837,0.014271
238600000000000003,238500000000000002,2023-10-15,1465,43,1145,1.2795,21.1,14.3999,0.4906,0.029352
238600000000000004,238500000000000002,2023-10-15,1519,40,1178,1.2895,25.31,16.6595,0.6326,0.026333
238600000000000005,238500000000000003,2023-10-15,3112,49,1302,2.3902,34.8,11.1829,0.7102,0.015746
238600000000000006,238500000000000004,2023-10-15,1816,22,987,1.8399,33.62,18.5143,1.5283,0.012115
238600000000000007,238500000000000004,2023-10-15,2270,23,1297,1.7502,35.98,15.8504,1.5644,0.010132
238600000000000001,238500000000000001,2023-10-16,5209,56,1988,2.6202,67.63,12.9838,1.2077,0.010751
238600000000000002,238500000000000001,2023-10-16,4965,59,2052,2.4196,65.47,13.1858,1.1096,0.011883
238600000000000003,238500000000000002,2023-10-16,2307,48,973,2.371,37.0,16.0384,0.7708,0.020806
238600000000000004,238500000000000002,2023-10-16,2201,63,821,2.6809,39.06,17.7449,0.6199,0.028623
238600000000000005,238500000000000003,2023-10-16,4475,85,3552,1.2599,57.04,12.747,0.6711,0.018994
238600000000000006,238500000000000004,2023-10-16,3063,39,1612,1.9001,55.71,18.1894,1.4286,0.012733
238600000000000007,238500000000000004,2023-10-16,3237,42,2248,1.4399,58.37,18.0327,1.3898,0.012975
238600000000000001,238500000000000001,2023-10-17,5272,74,2676,1.9701,49.94,9.4717,0.6748,0.014036
238600000000000002,238500000000000001,2023-10-17,4233,51,1425,2.9705,52.67,12.4423,1.0327,0.012048
238600000000000003,238500000000000002,2023-10-17,1397,48,478,2.9226,25.08,17.9508,0.5224,0.034359
238600000000000004,238500000000000002,2023-10-17,1960,40,703,2.7881,33.55,17.119,0.8388,0.020408
238600000000000005,238500000000000003,2023-10-17,3474,45,1485,2.3394,43.97,12.6577,0.9772,0.012953
238600000000000006,238500000000000004,2023-10-17,2311,34,1663,1.3897,43.66,18.8911,1.284,0.014712
238600000000000007,238500000000000004,2023-10-17,3974,70,2220,1.7901,44.29,11.1445,0.6327,0.017614
238600000000000001,238500000000000001,2023-10-18,4261,62,2731,1.5602,54.52,12.7948,0.8793,0.014551
238600000000000002,238500000000000001,2023-10-18,4368,41,2600,1.68,43.29,9.9101,1.0558,0.009386
238600000000000003,238500000000000002,2023-10-18,2613,56,2142,1.2199,29.86,11.4259,0.5331,0.021431
238600000000000004,238500000000000002,2023-10-18,2452,73,1803,1.36,26.03,10.6171,0.3566,0.029772
238600000000000005,238500000000000003,2023-10-18,4358,83,2201,1.98,41.92,9.6184,0.505,0.019045
238600000000000006,238500000000000004,2023-10-18,2552,45,915,2.7891,42.6,16.6944,0.9468,0.017633
238600000000000007,238500000000000004,2023-10-18,2584,30,1360,1.9,41.23,15.9557,1.3743,0.01161
238600000000000001,238500000000000001,2023-10-19,4369,64,2697,1.6199,54.57,12.4892,0.8526,0.014649
238600000000000002,238500000000000001,2023-10-19,4720,64,1650,2.8606,50.48,10.6946,0.7887,0.013559
238600000000000003,238500000000000002,2023-10-19,2042,54,884,2.31,30.69,15.0274,0.5683,0.026445
238600000000000004,238500000000000002,2023-10-19,2259,64,801,2.8202,29.34,12.9876,0.4584,0.028331
238600000000000005,238500000000000003,2023-10-19,4494,65,2081,2.1595,45.02,10.0175,0.6926,0.014464
238600000000000006,238500000000000004,2023-10-19,2836,43,1002,2.8303,46.56,16.4178,1.0828,0.015162
238600000000000007,238500000000000004,2023-10-19,2433,36,1540,1.5799,43.48,17.8695,1.2077,0.014797
238600000000000001,238500000000000001,2023-10-20,5209,44,2492,2.0903,46.46,8.9189,1.0559,0.008447
238600000000000002,238500000000000001,2023-10-20,5308,66,3874,1.3702,54.23,10.2164,0.8216,0.012434
238600000000000003,238500000000000002,2023-10-20,1566,36,870,1.8,23.99,15.3194,0.6664,0.022989
238600000000000004,238500000000000002,2023-10-20,2275,55,1750,1.3,33.55,14.7452,0.6099,0.024176
238600000000000005,238500000000000003,2023-10-20,2940,42,2115,1.3901,43.15,14.6774,1.0274,0.014286
238600000000000006,238500000000000004,2023-10-20,2350,40,1469,1.5997,43.61,18.5556,1.0901,0.017021
238600000000000007,238500000000000004,2023-10-20,3514,39,1171,3.0009,42.7,12.1508,1.0948,0.011098
238600000000000001,238500000000000001,2023-10-21,3389,47,2321,1.4601,40.53,11.96,0.8624,0.013868
238600000000000002,238500000000000001,2023-10-21,4964,43,3287,1.5102,56.49,11.3809,1.3138,0.008662
238600000000000003,238500000000000002,2023-10-21,2379,63,1214,1.9596,23.99,10.0842,0.3808,0.026482
238600000000000004,238500000000000002,2023-10-21,2886,87,1061,2.7201,31.45,10.8988,0.3615,0.030146
238600000000000005,238500000000000003,2023-10-21,3292,53,1450,2.2703,41.58,12.6316,0.7846,0.0161
238600000000000006,238500000000000004,2023-10-21,2446,37,975,2.5087,43.75,17.8871,1.1825,0.015127
238600000000000007,238500000000000004,2023-10-21,2177,24,1423,1.5299,39.41,18.1049,1.6423,0.011024
238600000000000001,238500000000000001,2023-10-22,3601,45,2169,1.6602,41.83,11.6151,0.9295,0.012497
238600000000000002,238500000000000001,2023-10-22,3786,39,2025,1.8696,51.22,13.5297,1.3134,0.010301
238600000000000003,238500000000000002,2023-10-22,2166,59,891,2.431,27.6,12.7436,0.4678,0.027239
238600000000000004,238500000000000002,2023-10-22,2126,52,1674,1.27,25.57,12.0265,0.4917,0.024459
238600000000000005,238500000000000003,2023-10-22,3893,75,2359,1.6503,39.88,10.2436,0.5317,0.019265
238600000000000006,238500000000000004,2023-10-22,2123,22,907,2.3407,40.47,19.0631,1.8396,0.010363
238600000000000007,238500000000000004,2023-10-22,2135,30,1160,1.8405,39.29,18.4008,1.3095,0.014052
238600000000000001,238500000000000001,2023-10-23,7216,69,4270,1.6899,67.26,9.3213,0.9748,0.009562
238600000000000002,238500000000000001,2023-10-23,7143,87,2758,2.5899,68.92,9.6489,0.7922,0.01218
238600000000000003,238500000000000002,2023-10-23,1896,64,749,2.5314,33.71,17.7806,0.5268,0.033755
238600000000000004,238500000000000002,2023-10-23,2485,51,1657,1.4997,44.11,17.7496,0.8649,0.020523
238600000000000005,238500000000000003,2023-10-23,4366,65,2781,1.5699,58.36,13.368,0.8979,0.014888
238600000000000006,238500000000000004,2023-10-23,3529,48,2694,1.3099,60.53,17.1521,1.261,0.013602
238600000000000007,238500000000000004,2023-10-23,3645,63,1283,2.841,56.2,15.4184,0.8921,0.017284
238600000000000001,238500000000000001,2023-10-24,4651,63,2802,1.6599,50.27,10.8082,0.7979,0.013545
238600000000000002,238500000000000001,2023-10-24,7463,110,4635,1.6101,60.06,8.0479,0.546,0.014739
238600000000000004,238500000000000002,2023-10-24,2783,92,1960,1.4199,34.23,12.3014,0.3721,0.033058
238600000000000005,238500000000000003,2023-10-24,4533,65,2869,1.58,47.28,10.4311,0.7275,0.014339
238600000000000006,238500000000000004,2023-10-24,4245,74,1538,2.7601,47.04,11.0819,0.6357,0.017432
238600000000000007,238500000000000004,2023-10-24,2555,33,1738,1.4701,47.53,18.6012,1.4402,0.012916
238600000000000001,238500000000000001,2023-10-25,4618,61,1974,2.3394,54.62,11.8277,0.8954,0.013209
238600000000000002,238500000000000001,2023-10-25,5022,46,2347,2.1398,52.38,10.4298,1.1387,0.00916
238600000000000003,238500000000000002,2023-10-25,1761,58,591,2.9797,29.08,16.5144,0.5014,0.032936
238600000000000004,238500000000000002,2023-10-25,2922,92,2283,1.2799,32.06,10.9721,0.3485,0.031485
238600000000000005,238500000000000003,2023-10-25,4155,51,2334,1.7802,45.86,11.0365,0.8992,0.012274
238600000000000006,238500000000000004,2023-10-25,2528,39,1975,1.28,46.59,18.4293,1.1946,0.015427
238600000000000007,238500000000000004,2023-10-25,2796,30,1170,2.3897,45.12,16.1388,1.5041,0.01073
238600000000000001,238500000000000001,2023-10-26,4401,56,1930,2.2803,53.91,12.2494,0.9627,0.012724
238600000000000002,238500000000000001,2023-10-26,5531,75,3022,1.8302,50.3,9.0944,0.6707,0.01356
238600000000000003,238500000000000002,2023-10-26,2762,61,1054,2.6205,31.13,11.2703,0.5103,0.022085
238600000000000004,238500000000000002,2023-10-26,1656,56,1042,1.5893,28.42,17.1621,0.5075,0.033816
238600000000000005,238500000000000003,2023-10-26,3350,58,2248,1.4902,44.66,13.3319,0.77,0.017313
238600000000000006,238500000000000004,2023-10-26,4161,57,2249,1.8502,45.89,11.029,0.8051,0.013699
238600000000000007,238500000000000004,2023-10-26,2332,40,1234,1.8898,43.43,18.6243,1.0858,0.017153
238600000000000001,238500000000000001,2023-10-27,4649,65,1614,2.8804,61.37,13.2,0.9441,0.013982
238600000000000002,238500000000000001,2023-10-27,6795,63,3796,1.79,56.4,8.2999,0.8952,0.009272
238600000000000003,238500000000000002,2023-10-27,2656,86,1289,2.0605,31.42,11.829,0.3653,0.03238
238600000000000004,238500000000000002,2023-10-27,2526,72,1309,1.9297,35.88,14.2028,0.4983,0.028504
238600000000000005,238500000000000003,2023-10-27,4126,70,1511,2.7306,50.47,12.2323,0.721,0.016966
238600000000000006,238500000000000004,2023-10-27,2770,29,1082,2.5601,51.64,18.6415,1.7806,0.010469
238600000000000007,238500000000000004,2023-10-27,4233,60,2055,2.0599,49.3,11.6476,0.8217,0.014174
238600000000000001,238500000000000001,2023-10-28,5063,55,3125,1.6202,61.92,12.2296,1.1258,0.010863
238600000000000002,238500000000000001,2023-10-28,7110,57,2879,2.4696,74.19,10.4344,1.3016,0.008017
238600000000000003,238500000000000002,2023-10-28,2853,73,967,2.9504,36.58,12.8221,0.5011,0.025587
238600000000000004,238500000000000002,2023-10-28,2804,58,1035,2.7092,41.19,14.6912,0.7102,0.020685
238600000000000005,238500000000000003,2023-10-28,4181,57,2080,2.0101,58.33,13.9516,1.0234,0.013633
238600000000000006,238500000000000004,2023-10-28,4696,71,2313,2.0303,64.3,13.6925,0.9056,0.015119
238600000000000007,238500000000000004,2023-10-28,3171,42,2086,1.5201,52.36,16.5132,1.2467,0.013245
238600000000000001,238500000000000001,2023-10-29,5941,80,2330,2.5498,65.23,10.9795,0.8154,0.013466
238600000000000002,238500000000000001,2023-10-29,4610,67,2794,1.65,62.1,13.4715,0.9269,0.014534
238600000000000003,238500000000000002,2023-10-29,3025,83,2292,1.3198,32.93,10.8846,0.3967,0.027438
238600000000000004,238500000000000002,2023-10-29,3530,95,1384,2.5506,39.84,11.2849,0.4193,0.026912
238600000000000005,238500000000000003,2023-10-29,3741,51,1313,2.8492,54.57,14.5873,1.07,0.013633
238600000000000006,238500000000000004,2023-10-29,2955,41,2205,1.3401,57.32,19.3988,1.3981,0.013875
238600000000000007,238500000000000004,2023-10-29,2621,40,1833,1.4299,51.82,19.7707,1.2955,0.015261
238600000000000001,238500000000000001,2023-10-30,7182,72,3310,2.1698,65.86,9.1699,0.9147,0.010025
238600000000000002,238500000000000001,2023-10-30,5405,69,2206,2.4501,60.04,11.1091,0.8702,0.012766
238600000000000003,238500000000000002,2023-10-30,2972,81,1738,1.71,32.75,11.0181,0.4043,0.027254
238600000000000004,238500000000000002,2023-10-30,2186,70,1497,1.4603,39.2,17.9317,0.56,0.032022
238600000000000006,238500000000000004,2023-10-30,4867,84,1696,2.8697,55.07,11.315,0.6556,0.017259
238600000000000007,238500000000000004,2023-10-30,2734,39,1060,2.5792,52.85,19.3293,1.355,0.014265
238600000000000001,238500000000000001,2023-10-31,3723,34,1909,1.9502,39.46,10.5982,1.1605,0.009132
238600000000000002,238500000000000001,2023-10-31,3913,45,1494,2.6191,44.72,11.4288,0.9938,0.0115
238600000000000003,238500000000000002,2023-10-31,1800,46,938,1.919,25.32,14.069,0.5505,0.025556
238600000000000004,238500000000000002,2023-10-31,1754,38,1253,1.3998,22.78,12.986,0.5994,0.021665
238600000000000005,238500000000000003,2023-10-31,3859,60,1730,2.2306,36.08,9.3486,0.6013,0.015548
238600000000000006,238500000000000004,2023-10-31,2529,35,1216,2.0798,35.2,13.9198,1.0058,0.013839
238600000000000007,238500000000000004,2023-10-31,2527,29,1550,1.6303,36.95,14.6218,1.2741,0.011476
238600000000000001,238500000000000001,2023-11-01,3327,44,1672,1.9898,46.31,13.9194,1.0525,0.013225
238600000000000002,238500000000000001,2023-11-01,6073,73,2878,2.1101,55.9,9.205,0.7658,0.01202
238600000000000003,238500000000000002,2023-11-01,2791,63,1183,2.3593,31.68,11.3498,0.5028,0.022573
238600000000000004,238500000000000002,2023-11-01,1676,41,1341,1.2498,26.73,15.9484,0.6519,0.024463
238600000000000005,238500000000000003,2023-11-01,3042,50,1491,2.0402,43.81,14.4001,0.8761,0.016437
238600000000000006,238500000000000004,2023-11-01,3176,35,1794,1.7703,39.11,12.3135,1.1174,0.01102
238600000000000007,238500000000000004,2023-11-01,3778,48,1523,2.4806,48.5,12.8382,1.0105,0.012705
238600000000000001,238500000000000001,2023-11-02,3927,37,2035,1.9297,51.33,13.0712,1.3873,0.009422
238600000000000002,238500000000000001,2023-11-02,4496,50,3038,1.4799,47.52,10.5701,0.9505,0.011121
238600000000000003,238500000000000002,2023-11-02,1500,34,820,1.8293,25.8,17.1969,0.7587,0.022667
238600000000000004,238500000000000002,2023-11-02,2138,67,1506,1.4197,30.69,14.3558,0.4581,0.031338
238600000000000005,238500000000000003,2023-11-02,4455,81,1580,2.8196,42.37,9.5098,0.523,0.018182
238600000000000006,238500000000000004,2023-11-02,2547,33,1439,1.77,42.88,16.8343,1.2993,0.012956
238600000000000007,238500000000000004,2023-11-02,2685,29,1110,2.4189,41.85,15.5884,1.4433,0.010801
238600000000000001,238500000000000001,2023-11-03,6370,66,2123,3.0005,56.22,8.8263,0.8519,0.010361
238600000000000002,238500000000000001,2023-11-03,4592,39,2701,1.7001,62.39,13.5863,1.5997,0.008493
238600000000000003,238500000000000002,2023-11-03,2508,51,1267,1.9795,35.61,14.1981,0.6982,0.020335
238600000000000004,238500000000000002,2023-11-03,2034,49,1329,1.5305,32.17,15.8158,0.6565,0.02409
238600000000000005,238500000000000003,2023-11-03,3596,66,1798,2.0,50.83,14.1362,0.7702,0.018354
238600000000000006,238500000000000004,2023-11-03,4016,48,1357,2.9595,54.36,13.5355,1.1325,0.011952
238600000000000007,238500000000000004,2023-11-03,3600,61,1333,2.7007,47.31,13.1413,0.7755,0.016944
238600000000000001,238500000000000001,2023-11-04,5326,56,2598,2.05,57.5,10.7958,1.0268,0.010514
238600000000000002,238500000000000001,2023-11-04,3730,52,1256,2.9697,49.06,13.1518,0.9434,0.013941
238600000000000003,238500000000000002,2023-11-04,2423,70,1354,1.7895,31.39,12.9549,0.4484,0.02889
238600000000000004,238500000000000002,2023-11-04,1793,54,1245,1.4402,29.5,16.4521,0.5463,0.030117
238600000000000005,238500000000000003,2023-11-04,3179,51,2320,1.3703,45.67,14.365,0.8954,0.016043
238600000000000006,238500000000000004,2023-11-04,3656,50,2390,1.5297,45.41,12.4213,0.9082,0.013676
238600000000000007,238500000000000004,2023-11-04,2757,40,2206,1.2498,45.92,16.6559,1.148,0.014509
238600000000000001,238500000000000001,2023-11-05,3792,41,1335,2.8404,45.22,11.9255,1.103,0.010812
238600000000000002,238500000000000001,2023-11-05,4357,65,2434,1.7901,54.86,12.5903,0.8439,0.014919
238600000000000003,238500000000000002,2023-11-05,2514,73,2095,1.2,25.36,10.0895,0.3475,0.029037
238600000000000004,238500000000000002,2023-11-05,2089,68,832,2.5108,31.82,15.2332,0.468,0.032551
238600000000000005,238500000000000003,2023-11-05,3435,50,1145,3.0,42.89,12.4863,0.8578,0.014556
238600000000000006,238500000000000004,2023-11-05,2569,37,966,2.6594,38.42,14.9545,1.0383,0.014402
238600000000000007,238500000000000004,2023-11-05,3064,47,1721,1.7804,47.36,15.4578,1.0077,0.015339
238600000000000001,238500000000000001,2023-11-06,7733,81,2694,2.8705,67.0,8.6642,0.8272,0.010475
238600000000000002,238500000000000001,2023-11-06,8219,108,3102,2.6496,67.92,8.2633,0.6289,0.01314
238600000000000003,238500000000000002,2023-11-06,2618,89,959,2.7299,39.69,15.1601,0.4459,0.033995
238600000000000004,238500000000000002,2023-11-06,3048,62,1033,2.9506,37.41,12.2723,0.6033,0.020341
238600000000000005,238500000000000003,2023-11-06,5295,102,1864,2.8407,57.82,10.92,0.5669,0.019263
238600000000000006,238500000000000004,2023-11-06,4043,54,1598,2.53,62.09,15.3565,1.1497,0.013356
238600000000000007,238500000000000004,2023-11-06,3670,41,1445,2.5398,53.56,14.593,1.3062,0.011172
238600000000000001,238500000000000001,2023-11-07,7894,93,5804,1.3601,80.58,10.2083,0.8665,0.011781
238600000000000002,238500000000000001,2023-11-07,6116,55,2538,2.4098,83.4,13.6356,1.5163,0.008993
238600000000000003,238500000000000002,2023-11-07,4346,131,1738,2.5006,49.9,11.4818,0.3809,0.030143
238600000000000004,238500000000000002,2023-11-07,2580,56,1830,1.4098,43.8,16.9777,0.7822,0.021705
238600000000000005,238500000000000003,2023-11-07,7176,93,3080,2.3299,70.28,9.7933,0.7557,0.01296
238600000000000006,238500000000000004,2023-11-07,6263,110,2311,2.7101,79.22,12.6485,0.7202,0.017563
238600000000000007,238500000000000004,2023-11-07,5088,71,1899,2.6793,61.34,12.0551,0.8639,0.013954
238600000000000001,238500000000000001,2023-11-08,6491,68,3958,1.64,69.69,10.7362,1.0248,0.010476
238600000000000002,238500000000000001,2023-11-08,4965,62,2533,1.9601,67.74,13.6427,1.0925,0.012487
238600000000000003,238500000000000002,2023-11-08,2430,79,942,2.5796,41.08,16.9042,0.52,0.03251
238600000000000004,238500000000000002,2023-11-08,2111,57,1398,1.51,37.45,17.7411,0.657,0.027001
238600000000000005,238500000000000003,2023-11-08,6252,84,2695,2.3199,58.9,9.4204,0.7011,0.013436
238600000000000006,238500000000000004,2023-11-08,3208,41,1077,2.9786,59.16,18.4406,1.4429,0.012781
238600000000000007,238500000000000004,2023-11-08,4252,49,2416,1.7599,58.64,13.79,1.1966,0.011524
238600000000000001,238500000000000001,2023-11-09,7160,91,2503,2.8606,80.57,11.2528,0.8854,0.012709
238600000000000002,238500000000000001,2023-11-09,4844,47,2202,2.1998,61.95,12.7891,1.3181,0.009703
238600000000000003,238500000000000002,2023-11-09,3670,116,1932,1.8996,41.72,11.3666,0.3596,0.031608
238600000000000004,238500000000000002,2023-11-09,3023,85,1368,2.2098,39.72,13.1409,0.4674,0.028118
238600000000000005,238500000000000003,2023-11-09,5502,89,1884,2.9204,61.08,11.1015,0.6863,0.016176
238600000000000006,238500000000000004,2023-11-09,3563,54,1437,2.4795,69.26,19.4375,1.2825,0.015156
238600000000000007,238500000000000004,2023-11-09,4032,57,1527,2.6405,52.9,13.1212,0.9282,0.014137
238600000000000001,238500000000000001,2023-11-10,7477,103,3578,2.0897,81.72,10.9289,0.7934,0.013776
238600000000000002,238500000000000001,2023-11-10,7926,105,3636,2.1799,95.97,12.1085,0.914,0.013248
238600000000000003,238500000000000002,2023-11-10,4143,112,2589,1.6002,54.97,13.2676,0.4908,0.027034
238600000000000004,238500000000000002,2023-11-10,4541,100,3633,1.2499,46.57,10.2551,0.4657,0.022022
238600000000000005,238500000000000003,2023-11-10,7265,114,2742,2.6495,76.15,10.482,0.668,0.015692
238600000000000006,238500000000000004,2023-11-10,6352,111,2245,2.8294,77.33,12.1734,0.6966,0.017475
238600000000000007,238500000000000004,2023-11-10,4846,83,1923,2.52,74.98,15.4722,0.9034,0.017128
238600000000000001,238500000000000001,2023-11-11,7256,75,2476,2.9305,89.06,12.2738,1.1874,0.010336
238600000000000002,238500000000000001,2023-11-11,7797,104,4904,1.5899,65.44,8.3931,0.6292,0.013338
238600000000000003,238500000000000002,2023-11-11,3599,85,2999,1.2001,40.12,11.1472,0.472,0.023618
238600000000000004,238500000000000002,2023-11-11,2788,77,1549,1.7999,48.17,17.2766,0.6255,0.027618
238600000000000005,238500000000000003,2023-11-11,5670,107,2465,2.3002,66.21,11.678,0.6188,0.018871
238600000000000006,238500000000000004,2023-11-11,5322,75,2294,2.32,67.97,12.7721,0.9063,0.014092
238600000000000001,238500000000000001,2023-11-12,7521,83,2849,2.6399,70.02,9.3102,0.8436,0.011036
238600000000000002,238500000000000001,2023-11-12,6564,55,2486,2.6404,79.31,12.0831,1.4421,0.008379
238600000000000003,238500000000000002,2023-11-12,2605,87,1681,1.5497,43.69,16.7705,0.5022,0.033397
238600000000000004,238500000000000002,2023-11-12,3499,103,1508,2.3203,41.65,11.9026,0.4043,0.029437
238600000000000006,238500000000000004,2023-11-12,4737,69,1595,2.9699,57.18,12.0718,0.8288,0.014566
238600000000000007,238500000000000004,2023-11-12,4863,65,2294,2.1199,70.82,14.5625,1.0895,0.013366
238600000000000001,238500000000000001,2023-11-13,5301,78,4275,1.24,52.63,9.9275,0.6747,0.014714
238600000000000002,238500000000000001,2023-11-13,6417,82,4167,1.54,66.4,10.3474,0.8097,0.012779
238600000000000003,238500000000000002,2023-11-13,2186,59,1235,1.77,34.84,15.939,0.5906,0.02699
238600000000000004,238500000000000002,2023-11-13,2097,64,1678,1.2497,33.17,15.8187,0.5183,0.03052
238600000000000005,238500000000000003,2023-11-13,3664,70,1357,2.7001,51.01,13.9222,0.7287,0.019105
238600000000000006,238500000000000004,2023-11-13,3798,58,2856,1.3298,49.0,12.9021,0.8449,0.015271
238600000000000007,238500000000000004,2023-11-13,2834,30,2285,1.2403,53.02,18.7083,1.7673,0.010586
238600000000000008,238500000000000005,2023-11-13,45029,318,15911,2.8301,221.82,4.9262,0.6976,0.007062
238600000000000001,238500000000000001,2023-11-14,6986,78,3343,2.0897,86.72,12.4131,1.1118,0.011165
238600000000000002,238500000000000001,2023-11-14,6306,71,5045,1.25,73.21,11.609,1.0311,0.011259
238600000000000003,238500000000000002,2023-11-14,3105,79,1368,2.2697,51.08,16.4499,0.6465,0.025443
238600000000000004,238500000000000002,2023-11-14,2441,50,881,2.7707,40.31,16.5129,0.8062,0.020483
238600000000000005,238500000000000003,2023-11-14,5641,84,2121,2.6596,68.54,12.1501,0.8159,0.014891
238600000000000006,238500000000000004,2023-11-14,4268,66,2511,1.6997,59.66,13.9787,0.904,0.015464
238600000000000007,238500000000000004,2023-11-14,5064,55,2050,2.4702,77.42,15.2877,1.4076,0.010861
238600000000000008,238500000000000005,2023-11-14,46700,312,18101,2.58,252.54,5.4077,0.8094,0.006681
238600000000000001,238500000000000001,2023-11-15,8903,90,3664,2.4299,102.67,11.5321,1.1408,0.010109
238600000000000002,238500000000000001,2023-11-15,7814,77,2894,2.7001,78.36,10.0286,1.0177,0.009854
238600000000000003,238500000000000002,2023-11-15,4775,165,1743,2.7395,53.01,11.1023,0.3213,0.034555
238600000000000004,238500000000000002,2023-11-15,4147,92,1679,2.4699,50.43,12.1617,0.5482,0.022185
238600000000000005,238500000000000003,2023-11-15,5215,94,4106,1.2701,77.59,14.8775,0.8254,0.018025
238600000000000006,238500000000000004,2023-11-15,6125,90,4224,1.45,87.85,14.3428,0.9761,0.014694
238600000000000007,238500000000000004,2023-11-15,3501,47,1301,2.691,67.32,19.2295,1.4324,0.013425
238600000000000008,238500000000000005,2023-11-15,63708,350,23596,2.6999,272.9,4.2836,0.7797,0.005494
238600000000000001,238500000000000001,2023-11-16,9243,99,3176,2.9103,83.95,9.083,0.848,0.010711
238600000000000002,238500000000000001,2023-11-16,8197,66,5123,1.6,68.34,8.3377,1.0355,0.008052
238600000000000003,238500000000000002,2023-11-16,4422,107,1535,2.8808,45.58,10.3065,0.4259,0.024197
238600000000000004,238500000000000002,2023-11-16,3724,116,1598,2.3304,41.45,11.1312,0.3573,0.031149
238600000000000005,238500000000000003,2023-11-16,5475,80,1856,2.9499,65.27,11.9216,0.8159,0.014612
238600000000000006,238500000000000004,2023-11-16,2781,34,1288,2.1592,54.6,19.6323,1.6058,0.012226
238600000000000007,238500000000000004,2023-11-16,4217,45,2587,1.6301,75.94,18.0091,1.6877,0.010671
238600000000000008,238500000000000005,2023-11-16,29202,119,10504,2.7801,175.52,6.0104,1.4749,0.004075
238600000000000001,238500000000000001,2023-11-17,5714,49,2351,2.4305,74.25,12.9942,1.5153,0.008575
238600000000000002,238500000000000001,2023-11-17,3870,45,1294,2.9907,53.71,13.8773,1.1934,0.011628
238600000000000003,238500000000000002,2023-11-17,2925,91,1250,2.34,36.19,12.3711,0.3976,0.031111
238600000000000004,238500000000000002,2023-11-17,2716,89,1191,2.2804,36.93,13.5976,0.415,0.032769
238600000000000005,238500000000000003,2023-11-17,3763,73,1827,2.0597,54.84,14.5728,0.7512,0.019399
238600000000000006,238500000000000004,2023-11-17,4172,48,2267,1.8403,56.49,13.5393,1.1768,0.011505
238600000000000007,238500000000000004,2023-11-17,2893,50,1461,1.9802,53.19,18.3854,1.0638,0.017283
238600000000000008,238500000000000005,2023-11-17,31552,126,14540,2.17,171.19,5.4256,1.3586,0.003993
238600000000000001,238500000000000001,2023-11-18,7765,90,3646,2.1297,84.3,10.8561,0.9366,0.01159
238600000000000002,238500000000000001,2023-11-18,6394,62,2709,2.3603,75.1,11.7457,1.2113,0.009697
238600000000000003,238500000000000002,2023-11-18,2514,54,852,2.9507,41.73,16.6004,0.7728,0.02148
238600000000000004,238500000000000002,2023-11-18,2957,98,1369,2.16,49.35,16.69,0.5036,0.033142
238600000000000005,238500000000000003,2023-11-18,6372,86,3463,1.84,68.31,10.721,0.7944,0.013497
238600000000000006,238500000000000004,2023-11-18,5799,72,2510,2.3104,77.67,13.3944,1.0788,0.012416
238600000000000007,238500000000000004,2023-11-18,3403,55,1233,2.7599,58.95,17.3241,1.0719,0.016162
238600000000000008,238500000000000005,2023-11-18,25181,182,18247,1.38,106.41,4.2256,0.5846,0.007228
238600000000000001,238500000000000001,2023-11-19,6146,76,3013,2.0398,72.96,11.8714,0.96,0.012366
238600000000000002,238500000000000001,2023-11-19,9235,77,3552,2.5999,88.91,9.627,1.1546,0.008338
238600000000000003,238500000000000002,2023-11-19,3474,74,1306,2.66,47.38,13.6373,0.6402,0.021301
238600000000000004,238500000000000002,2023-11-19,2540,85,1924,1.3202,45.12,17.7637,0.5308,0.033465
238600000000000005,238500000000000003,2023-11-19,6533,124,4414,1.4801,69.37,10.6187,0.5594,0.018981
238600000000000006,238500000000000004,2023-11-19,4370,66,2052,2.1296,79.87,18.278,1.2102,0.015103
238600000000000007,238500000000000004,2023-11-19,4509,52,2622,1.7197,58.87,13.0558,1.1321,0.011532
238600000000000008,238500000000000005,2023-11-19,35702,280,19616,1.82,206.52,5.7844,0.7376,0.007843
238600000000000001,238500000000000001,2023-11-20,6613,83,3715,1.7801,57.28,8.6617,0.6901,0.012551
238600000000000002,238500000000000001,2023-11-20,7276,101,3219,2.2603,77.77,10.6882,0.77,0.013881
238600000000000003,238500000000000002,2023-11-20,2637,73,1018,2.5904,38.14,14.4622,0.5224,0.027683
238600000000000004,238500000000000002,2023-11-20,3489,94,2474,1.4103,39.03,11.1875,0.4152,0.026942
238600000000000005,238500000000000003,2023-11-20,5939,103,2208,2.6898,57.88,9.7453,0.5619,0.017343
238600000000000006,238500000000000004,2023-11-20,4432,46,1745,2.5398,55.3,12.4781,1.2022,0.010379
238600000000000007,238500000000000004,2023-11-20,3492,37,1338,2.6099,60.45,17.3116,1.6338,0.010596
238600000000000008,238500000000000005,2023-11-20,29467,128,17132,1.72,169.75,5.7607,1.3262,0.004344
238600000000000001,238500000000000001,2023-11-21,7453,81,6010,1.2401,69.32,9.3016,0.8559,0.010868
238600000000000002,238500000000000001,2023-11-21,6540,70,3000,2.18,73.13,11.1825,1.0448,0.010703
238600000000000003,238500000000000002,2023-11-21,2929,61,1200,2.4408,40.08,13.6844,0.6571,0.020826
238600000000000004,238500000000000002,2023-11-21,2728,93,1029,2.6511,41.32,15.1478,0.4443,0.034091
238600000000000005,238500000000000003,2023-11-21,4946,65,2269,2.1798,61.05,12.344,0.9393,0.013142
238600000000000006,238500000000000004,2023-11-21,5007,52,3628,1.3801,61.61,12.3051,1.1848,0.010385
238600000000000007,238500000000000004,2023-11-21,4073,59,1395,2.9197,60.5,14.8529,1.0254,0.014486
238600000000000008,238500000000000005,2023-11-21,37415,163,20558,1.82,225.49,6.0267,1.3834,0.004357
238600000000000001,238500000000000001,2023-11-22,8855,77,5903,1.5001,74.45,8.4082,0.9669,0.008696
238600000000000002,238500000000000001,2023-11-22,6701,76,2249,2.9795,65.46,9.7687,0.8613,0.011342
238600000000000003,238500000000000002,2023-11-22,2501,80,1069,2.3396,37.75,15.0929,0.4718,0.031987
238600000000000004,238500000000000002,2023-11-22,2427,56,1746,1.39,42.2,17.3895,0.7536,0.023074
238600000000000005,238500000000000003,2023-11-22,4355,68,1533,2.8408,59.96,13.7689,0.8818,0.015614
238600000000000006,238500000000000004,2023-11-22,3030,35,1993,1.5203,59.23,19.5467,1.6922,0.011551
238600000000000007,238500000000000004,2023-11-22,3285,42,1137,2.8892,60.7,18.4782,1.4453,0.012785
238600000000000008,238500000000000005,2023-11-22,25135,137,10176,2.47,159.69,6.3532,1.1656,0.005451
238600000000000001,238500000000000001,2023-11-23,5242,68,4095,1.2801,61.07,11.6498,0.8981,0.012972
238600000000000003,238500000000000002,2023-11-23,1802,37,919,1.9608,30.73,17.0512,0.8304,0.020533
238600000000000004,238500000000000002,2023-11-23,2140,68,853,2.5088,31.36,14.6559,0.4612,0.031776
238600000000000005,238500000000000003,2023-11-23,4869,95,2690,1.81,46.57,9.5641,0.4902,0.019511
238600000000000006,238500000000000004,2023-11-23,3941,48,1322,2.9811,45.61,11.5724,0.9501,0.01218
238600000000000007,238500000000000004,2023-11-23,4155,66,1942,2.1395,47.53,11.4387,0.7201,0.015884
238600000000000008,238500000000000005,2023-11-23,25376,125,20140,1.26,158.32,6.2388,1.2665,0.004926
238600000000000001,238500000000000001,2023-11-24,5456,48,4436,1.2299,55.86,10.2378,1.1637,0.008798
238600000000000003,238500000000000002,2023-11-24,1908,39,691,2.7612,30.48,15.9736,0.7815,0.02044
238600000000000004,238500000000000002,2023-11-24,2426,52,1470,1.6503,31.68,13.0576,0.6092,0.021434
238600000000000005,238500000000000003,2023-11-24,3952,67,1756,2.2506,46.62,11.7957,0.6958,0.016953
238600000000000006,238500000000000004,2023-11-24,3356,60,1834,1.8299,45.88,13.6708,0.7647,0.017878
238600000000000007,238500000000000004,2023-11-24,3802,51,2001,1.9,47.35,12.455,0.9285,0.013414
238600000000000008,238500000000000005,2023-11-24,38729,169,18892,2.05,229.83,5.9343,1.3599,0.004364
238600000000000001,238500000000000001,2023-11-25,4843,59,3411,1.4198,43.89,9.0633,0.744,0.012183
238600000000000002,238500000000000001,2023-11-25,4302,54,1630,2.6393,47.7,11.0882,0.8834,0.012552
238600000000000003,238500000000000002,2023-11-25,1714,56,729,2.3512,25.53,14.8974,0.456,0.032672
238600000000000004,238500000000000002,2023-11-25,2250,51,1203,1.8703,26.81,11.9136,0.5256,0.022667
238600000000000005,238500000000000003,2023-11-25,3529,51,1555,2.2695,39.25,11.1235,0.7697,0.014452
238600000000000006,238500000000000004,2023-11-25,2234,26,1379,1.62,43.35,19.403,1.6672,0.011638
238600000000000007,238500000000000004,2023-11-25,2716,29,963,2.8204,35.16,12.9468,1.2125,0.010677
238600000000000008,238500000000000005,2023-11-25,30274,239,10969,2.76,218.64,7.2222,0.9148,0.007895
238600000000000002,238500000000000001,2023-11-26,4727,65,1602,2.9507,55.03,11.6414,0.8466,0.013751
238600000000000003,238500000000000002,2023-11-26,1686,56,756,2.2302,29.78,17.6602,0.5317,0.033215
238600000000000004,238500000000000002,2023-11-26,2819,72,2202,1.2802,33.26,11.7985,0.4619,0.025541
238600000000000005,238500000000000003,2023-11-26,3807,63,1866,2.0402,47.28,12.4182,0.7504,0.016548
238600000000000006,238500000000000004,2023-11-26,2678,33,1750,1.5303,43.9,16.3945,1.3304,0.012323
238600000000000007,238500000000000004,2023-11-26,3474,49,1210,2.8711,50.65,14.5792,1.0336,0.014105
238600000000000008,238500000000000005,2023-11-26,14596,95,9122,1.6001,114.12,7.8188,1.2013,0.006509
238600000000000001,238500000000000001,2023-11-27,6728,71,2875,2.3402,70.9,10.5381,0.9986,0.010553
238600000000000003,238500000000000002,2023-11-27,3085,82,1138,2.7109,35.7,11.5717,0.4353,0.02658
238600000000000004,238500000000000002,2023-11-27,3164,104,1829,1.7299,33.28,10.519,0.32,0.03287
238600000000000006,238500000000000004,2023-11-27,2819,41,1072,2.6297,47.1,16.7098,1.1489,0.014544
238600000000000007,238500000000000004,2023-11-27,4119,70,2591,1.5897,56.37,13.6844,0.8052,0.016994
238600000000000008,238500000000000005,2023-11-27,41472,229,24395,1.7,178.64,4.3076,0.7801,0.005522
238600000000000001,238500000000000001,2023-11-28,4193,61,1831,2.29,57.12,13.6216,0.9363,0.014548
238600000000000002,238500000000000001,2023-11-28,6104,67,2321,2.6299,58.8,9.6324,0.8776,0.010976
238600000000000003,238500000000000002,2023-11-28,2354,57,1060,2.2208,34.19,14.5258,0.5999,0.024214
238600000000000004,238500000000000002,2023-11-28,1795,43,1122,1.5998,32.04,17.8504,0.7452,0.023955
238600000000000005,238500000000000003,2023-11-28,3810,75,2741,1.39,49.68,13.0384,0.6624,0.019685
238600000000000006,238500000000000004,2023-11-28,3403,51,2363,1.4401,46.04,13.5296,0.9028,0.014987
238600000000000007,238500000000000004,2023-11-28,4253,68,2416,1.7603,53.31,12.5351,0.784,0.015989
238600000000000008,238500000000000005,2023-11-28,24521,194,12640,1.94,164.31,6.7007,0.8469,0.007912
238600000000000001,238500000000000001,2023-11-29,5543,80,2068,2.6804,68.6,12.3757,0.8575,0.014433
238600000000000002,238500000000000001,2023-11-29,8604,84,3062,2.8099,74.89,8.7046,0.8916,0.009763
238600000000000003,238500000000000002,2023-11-29,3972,89,1482,2.6802,43.08,10.8469,0.4841,0.022407
238600000000000004,238500000000000002,2023-11-29,3138,102,1216,2.5806,38.91,12.4002,0.3815,0.032505
238600000000000005,238500000000000003,2023-11-29,4148,82,3096,1.3398,61.5,14.8256,0.75,0.019769
238600000000000006,238500000000000004,2023-11-29,3814,64,2230,1.7103,58.88,15.4386,0.92,0.01678
238600000000000007,238500000000000004,2023-11-29,4979,73,1872,2.6597,64.11,12.8762,0.8782,0.014662
238600000000000008,238500000000000005,2023-11-29,22371,126,10077,2.22,147.99,6.6154,1.1746,0.005632
238600000000000001,238500000000000001,2023-11-30,5763,47,2111,2.73,69.37,12.0366,1.4759,0.008155
238600000000000002,238500000000000001,2023-11-30,4868,48,1739,2.7993,63.75,13.0952,1.3281,0.00986
238600000000000003,238500000000000002,2023-11-30,2403,61,1139,2.1097,40.59,16.8915,0.6654,0.025385
238600000000000004,238500000000000002,2023-11-30,3170,110,1178,2.691,35.48,11.1909,0.3225,0.0347
238600000000000005,238500000000000003,2023-11-30,6257,113,2596,2.4102,57.05,9.1176,0.5049,0.01806
238600000000000006,238500000000000004,2023-11-30,4127,43,1771,2.3303,58.71,14.2261,1.3654,0.010419
238600000000000007,238500000000000004,2023-11-30,3933,53,3049,1.2899,55.39,14.0826,1.045,0.013476
238600000000000008,238500000000000005,2023-11-30,38197,159,30076,1.27,241.59,6.3248,1.5194,0.004163
238600000000000001,238500000000000001,2023-12-01,4657,69,2016,2.31,60.39,12.9674,0.8752,0.014816
238600000000000002,238500000000000001,2023-12-01,5640,56,2360,2.3898,46.52,8.2482,0.8307,0.009929
238600000000000003,238500000000000002,2023-12-01,1805,52,1195,1.5105,26.21,14.519,0.504,0.028809
238600000000000004,238500000000000002,2023-12-01,1942,41,665,2.9203,34.88,17.963,0.8508,0.021112
238600000000000005,238500000000000003,2023-12-01,4516,71,3345,1.3501,45.82,10.1458,0.6453,0.015722
238600000000000006,238500000000000004,2023-12-01,3401,42,2788,1.2199,49.17,14.4574,1.1707,0.012349
238600000000000007,238500000000000004,2023-12-01,3404,39,1506,2.2603,42.47,12.4756,1.0889,0.011457
238600000000000008,238500000000000005,2023-12-01,28262,140,10665,2.65,145.2,5.1377,1.0371,0.004954
238600000000000001,238500000000000001,2023-12-02,6167,84,2345,2.6299,62.56,10.1437,0.7447,0.013621
238600000000000002,238500000000000001,2023-12-02,4595,51,1647,2.7899,62.36,13.5707,1.2227,0.011099
238600000000000003,238500000000000002,2023-12-02,1753,41,1391,1.2602,30.31,17.2919,0.7393,0.023388
238600000000000004,238500000000000002,2023-12-02,3141,109,1975,1.5904,41.07,13.0742,0.3768,0.034702
238600000000000005,238500000000000003,2023-12-02,5140,79,3274,1.5699,53.53,10.4152,0.6776,0.01537
238600000000000006,238500000000000004,2023-12-02,4439,69,3495,1.2701,53.06,11.9541,0.769,0.015544
238600000000000007,238500000000000004,2023-12-02,3953,63,2518,1.5699,54.0,13.6615,0.8572,0.015937
238600000000000001,238500000000000001,2023-12-03,4558,47,1530,2.9791,58.08,12.7415,1.2357,0.010312
238600000000000002,238500000000000001,2023-12-03,5646,60,2214,2.5501,78.71,13.9415,1.3119,0.010627
238600000000000004,238500000000000002,2023-12-03,2655,64,897,2.9599,34.82,13.1137,0.544,0.024105
238600000000000005,238500000000000003,2023-12-03,3922,64,1783,2.1997,58.62,14.9475,0.916,0.016318
238600000000000006,238500000000000004,2023-12-03,3631,64,2389,1.5199,54.09,14.8978,0.8452,0.017626
238600000000000007,238500000000000004,2023-12-03,4933,61,1834,2.6897,63.15,12.8024,1.0353,0.012366
238600000000000001,238500000000000001,2023-12-04,7371,82,5627,1.3099,65.41,8.8739,0.7977,0.011125
238600000000000002,238500000000000001,2023-12-04,4124,59,2042,2.0196,56.37,13.6696,0.9555,0.014306
238600000000000003,238500000000000002,2023-12-04,2610,65,1800,1.45,38.66,14.8139,0.5948,0.024904
238600000000000005,238500000000000003,2023-12-04,5046,70,2213,2.2802,52.19,10.3434,0.7456,0.013872
238600000000000006,238500000000000004,2023-12-04,3567,60,2216,1.6097,46.17,12.9432,0.7695,0.016821
238600000000000007,238500000000000004,2023-12-04,3471,50,2799,1.2401,58.22,16.7725,1.1643,0.014405
238600000000000001,238500000000000001,2023-12-05,5261,47,2121,2.4804,52.38,9.9556,1.1144,0.008934
238600000000000002,238500000000000001,2023-12-05,6300,89,2582,2.44,62.69,9.9511,0.7044,0.014127
238600000000000003,238500000000000002,2023-12-05,1979,60,876,2.2591,29.1,14.7052,0.485,0.030318
238600000000000004,238500000000000002,2023-12-05,2591,64,1103,2.349,36.65,14.1458,0.5727,0.024701
238600000000000005,238500000000000003,2023-12-05,4020,54,1564,2.5703,49.31,12.2674,0.9132,0.013433
238600000000000006,238500000000000004,2023-12-05,3234,42,1758,1.8396,51.26,15.8494,1.2204,0.012987
238600000000000007,238500000000000004,2023-12-05,3461,56,2884,1.2001,47.37,13.6877,0.8459,0.01618
238600000000000001,238500000000000001,2023-12-06,4652,60,3446,1.35,47.84,10.2845,0.7974,0.012898
238600000000000002,238500000000000001,2023-12-06,5931,71,3089,1.92,48.41,8.1622,0.6818,0.011971
238600000000000003,238500000000000002,2023-12-06,2135,47,979,2.1808,28.3,13.2575,0.6022,0.022014
238600000000000004,238500000000000002,2023-12-06,1814,63,782,2.3197,26.7,14.7173,0.4238,0.03473
238600000000000005,238500000000000003,2023-12-06,3358,58,1825,1.84,41.25,12.2845,0.7112,0.017272
238600000000000006,238500000000000004,2023-12-06,3198,51,1403,2.2794,38.23,11.9536,0.7496,0.015947
238600000000000007,238500000000000004,2023-12-06,2346,32,1514,1.5495,44.28,18.8727,1.3836,0.01364
238600000000000001,238500000000000001,2023-12-07,4727,52,1922,2.4594,48.95,10.3561,0.9414,0.011001
238600000000000002,238500000000000001,2023-12-07,4415,45,1507,2.9297,56.19,12.728,1.2488,0.010193
238600000000000003,238500000000000002,2023-12-07,2499,68,1488,1.6794,30.54,12.2198,0.4491,0.027211
238600000000000004,238500000000000002,2023-12-07,2192,52,850,2.5788,29.55,13.4794,0.5682,0.023723
238600000000000005,238500000000000003,2023-12-07,3524,59,1195,2.949,45.06,12.7875,0.7638,0.016742
238600000000000006,238500000000000004,2023-12-07,4353,47,2044,2.1296,48.38,11.1144,1.0294,0.010797
238600000000000007,238500000000000004,2023-12-07,2791,40,1712,1.6303,41.75,14.957,1.0436,0.014332
238600000000000001,238500000000000001,2023-12-08,4142,48,1438,2.8804,56.98,13.7571,1.1871,0.011589
238600000000000002,238500000000000001,2023-12-08,7259,90,5377,1.35,68.08,9.3787,0.7564,0.012398
238600000000000003,238500000000000002,2023-12-08,2942,85,1672,1.7596,38.06,12.9359,0.4477,0.028892
238600000000000004,238500000000000002,2023-12-08,2722,61,1072,2.5392,33.41,12.2729,0.5477,0.02241
238600000000000005,238500000000000003,2023-12-08,4228,69,1863,2.2695,53.6,12.6769,0.7768,0.01632
238600000000000006,238500000000000004,2023-12-08,3667,54,1416,2.5897,53.73,14.6518,0.995,0.014726
238600000000000007,238500000000000004,2023-12-08,2821,33,1550,1.82,53.47,18.9535,1.6202,0.011698
238600000000000001,238500000000000001,2023-12-09,4513,63,1578,2.8599,37.49,8.3065,0.595,0.01396
238600000000000002,238500000000000001,2023-12-09,4000,56,2817,1.42,42.42,10.605,0.7575,0.014
238600000000000003,238500000000000002,2023-12-09,1360,33,786,1.7303,22.91,16.8429,0.6941,0.024265
238600000000000004,238500000000000002,2023-12-09,1359,28,697,1.9498,22.76,16.744,0.8127,0.020603
238600000000000005,238500000000000003,2023-12-09,2823,46,1272,2.2193,34.25,12.1311,0.7445,0.016295
238600000000000006,238500000000000004,2023-12-09,2392,34,828,2.8889,34.65,14.4875,1.0192,0.014214
238600000000000007,238500000000000004,2023-12-09,2602,43,1080,2.4093,33.84,13.0046,0.7869,0.016526
238600000000000001,238500000000000001,2023-12-10,4411,64,2492,1.7701,51.27,11.6223,0.801,0.014509
238600000000000002,238500000000000001,2023-12-10,4762,49,1928,2.4699,44.1,9.2615,0.9001,0.01029
238600000000000003,238500000000000002,2023-12-10,1607,33,611,2.6301,25.05,15.5891,0.7591,0.020535
238600000000000004,238500000000000002,2023-12-10,2742,80,1558,1.7599,29.45,10.7385,0.3681,0.029176
238600000000000005,238500000000000003,2023-12-10,3026,40,1177,2.5709,40.87,13.5071,1.0218,0.013219
238600000000000006,238500000000000004,2023-12-10,2246,33,1593,1.4099,34.36,15.2981,1.0412,0.014693
238600000000000007,238500000000000004,2023-12-10,2466,35,865,2.8509,47.39,19.2156,1.3539,0.014193
238600000000000001,238500000000000001,2023-12-11,9306,112,7386,1.26,75.97,8.1632,0.6783,0.012035
238600000000000002,238500000000000001,2023-12-11,4985,62,2420,2.0599,69.0,13.8408,1.1128,0.012437
238600000000000003,238500000000000002,2023-12-11,3156,105,1267,2.4909,43.3,13.7199,0.4124,0.03327
238600000000000004,238500000000000002,2023-12-11,3301,79,1626,2.0301,39.54,11.977,0.5005,0.023932
238600000000000006,238500000000000004,2023-12-11,4151,60,1572,2.6406,65.52,15.7844,1.092,0.014454
238600000000000007,238500000000000004,2023-12-11,2990,49,1146,2.6091,58.73,19.6431,1.1986,0.016388
238600000000000001,238500000000000001,2023-12-12,4535,51,3571,1.27,58.66,12.934,1.1501,0.011246
238600000000000002,238500000000000001,2023-12-12,6282,80,3414,1.8401,63.02,10.0321,0.7878,0.012735
238600000000000003,238500000000000002,2023-12-12,2178,68,1370,1.5898,37.13,17.0497,0.5461,0.031221
238600000000000004,238500000000000002,2023-12-12,2136,50,1130,1.8903,32.4,15.1665,0.6479,0.023408
238600000000000005,238500000000000003,2023-12-12,4388,75,2309,1.9004,52.15,11.8841,0.6953,0.017092
238600000000000006,238500000000000004,2023-12-12,4074,42,1555,2.6199,49.2,12.0757,1.1713,0.010309
238600000000000007,238500000000000004,2023-12-12,3017,42,1640,1.8396,55.1,18.2627,1.3119,0.013921
238600000000000001,238500000000000001,2023-12-13,5902,65,2511,2.3505,60.24,10.2062,0.9267,0.011013
238600000000000002,238500000000000001,2023-12-13,5009,67,1964,2.5504,50.16,10.0139,0.7487,0.013376
238600000000000003,238500000000000002,2023-12-13,2510,68,1873,1.3401,31.99,12.7432,0.4704,0.027092
238600000000000004,238500000000000002,2023-12-13,1748,60,613,2.8515,31.1,17.7907,0.5183,0.034325
238600000000000005,238500000000000003,2023-12-13,4972,62,3946,1.26,47.31,9.5158,0.7631,0.01247
238600000000000006,238500000000000004,2023-12-13,3072,53,1786,1.72,51.38,16.7264,0.9695,0.017253
238600000000000007,238500000000000004,2023-12-13,2572,40,1405,1.8306,43.24,16.8125,1.081,0.015552
238600000000000001,238500000000000001,2023-12-14,5973,65,3394,1.7599,69.87,11.6972,1.0749,0.010882
238600000000000002,238500000000000001,2023-12-14,7627,83,4708,1.62,62.25,8.1622,0.75,0.010882
238600000000000003,238500000000000002,2023-12-14,2361,51,933,2.5305,38.11,16.1436,0.7474,0.021601
238600000000000004,238500000000000002,2023-12-14,2153,70,865,2.489,37.38,17.363,0.534,0.032513
238600000000000005,238500000000000003,2023-12-14,5976,101,3578,1.6702,56.62,9.4751,0.5606,0.016901
238600000000000006,238500000000000004,2023-12-14,3270,40,2575,1.2699,57.72,17.65,1.4429,0.012232
238600000000000001,238500000000000001,2023-12-15,5346,52,2294,2.3304,61.77,11.5551,1.188,0.009727
238600000000000002,238500000000000001,2023-12-15,6721,92,5377,1.25,61.96,9.2188,0.6735,0.013688
238600000000000003,238500000000000002,2023-12-15,2799,93,1590,1.7604,34.41,12.2937,0.37,0.033226
238600000000000004,238500000000000002,2023-12-15,2564,65,897,2.8584,36.29,14.1555,0.5584,0.025351
238600000000000005,238500000000000003,2023-12-15,5156,75,3392,1.52,53.03,10.2848,0.707,0.014546
238600000000000006,238500000000000004,2023-12-15,3224,41,1279,2.5207,50.12,15.5468,1.2225,0.012717
238600000000000007,238500000000000004,2023-12-15,3402,35,1383,2.4599,55.93,16.4416,1.5981,0.010288
238600000000000001,238500000000000001,2023-12-16,10411,150,7828,1.33,84.5,8.1168,0.5634,0.014408
238600000000000002,238500000000000001,2023-12-16,7535,90,2589,2.9104,75.02,9.9564,0.8336,0.011944
238600000000000003,238500000000000002,2023-12-16,3472,96,2284,1.5201,51.28,14.7708,0.5342,0.02765
238600000000000004,238500000000000002,2023-12-16,3739,100,2690,1.39,39.87,10.6642,0.3987,0.026745
238600000000000005,238500000000000003,2023-12-16,5157,89,2444,2.1101,68.37,13.2574,0.7682,0.017258
238600000000000006,238500000000000004,2023-12-16,4570,69,2611,1.7503,76.14,16.6618,1.1035,0.015098
238600000000000007,238500000000000004,2023-12-16,4840,85,1641,2.9494,60.59,12.519,0.7128,0.017562
238600000000000001,238500000000000001,2023-12-17,6381,74,3358,1.9002,79.83,12.5108,1.0788,0.011597
238600000000000002,238500000000000001,2023-12-17,8572,84,4684,1.8301,84.77,9.8891,1.0092,0.009799
238600000000000003,238500000000000002,2023-12-17,3746,130,2464,1.5203,49.08,13.1032,0.3776,0.034704
238600000000000004,238500000000000002,2023-12-17,3329,99,2448,1.3599,44.97,13.5095,0.4543,0.029739
238600000000000005,238500000000000003,2023-12-17,5339,80,4237,1.2601,70.54,13.2128,0.8818,0.014984
238600000000000006,238500000000000004,2023-12-17,5931,89,2556,2.3204,68.35,11.5235,0.7679,0.015006
238600000000000007,238500000000000004,2023-12-17,4084,58,1840,2.2196,72.74,17.8112,1.2542,0.014202
238600000000000001,238500000000000001,2023-12-18,6635,71,2219,2.9901,53.62,8.0815,0.7552,0.010701
238600000000000002,238500000000000001,2023-12-18,5104,48,2967,1.7203,63.06,12.3543,1.3137,0.009404
238600000000000003,238500000000000002,2023-12-18,3181,77,1559,2.0404,37.37,11.7486,0.4854,0.024206
238600000000000004,238500000000000002,2023-12-18,1700,55,1126,1.5098,29.3,17.2354,0.5327,0.032353
238600000000000005,238500000000000003,2023-12-18,4283,61,2519,1.7003,50.0,11.6751,0.8197,0.014242
238600000000000006,238500000000000004,2023-12-18,2466,38,1897,1.2999,48.55,19.6874,1.2776,0.01541
238600000000000007,238500000000000004,2023-12-18,4222,52,2246,1.8798,51.46,12.1884,0.9896,0.012316
238600000000000001,238500000000000001,2023-12-19,3643,53,1822,1.9995,48.2,13.2309,0.9094,0.014548
238600000000000002,238500000000000001,2023-12-19,6347,72,2796,2.27,52.29,8.2389,0.7263,0.011344
238600000000000003,238500000000000002,2023-12-19,2349,52,1609,1.4599,29.46,12.542,0.5666,0.022137
238600000000000004,238500000000000002,2023-12-19,2192,73,1305,1.6797,27.96,12.7569,0.3831,0.033303
238600000000000005,238500000000000003,2023-12-19,4179,66,1749,2.3894,43.07,10.3059,0.6525,0.015793
238600000000000006,238500000000000004,2023-12-19,3249,39,2599,1.2501,38.15,11.7413,0.9781,0.012004
238600000000000007,238500000000000004,2023-12-19,2757,30,1073,2.5694,47.99,17.4062,1.5996,0.010881
238600000000000001,238500000000000001,2023-12-20,6489,78,2277,2.8498,69.82,10.7591,0.8951,0.01202
238600000000000002,238500000000000001,2023-12-20,7813,81,4246,1.8401,71.57,9.1597,0.8835,0.010367
238600000000000003,238500000000000002,2023-12-20,3046,95,1721,1.7699,34.24,11.2398,0.3604,0.031188
238600000000000004,238500000000000002,2023-12-20,3415,87,1603,2.1304,46.55,13.6318,0.5351,0.025476
238600000000000005,238500000000000003,2023-12-20,4756,85,2503,1.9001,60.59,12.7401,0.7128,0.017872
238600000000000007,238500000000000004,2023-12-20,4699,51,1991,2.3601,58.79,12.5116,1.1528,0.010853
238600000000000001,238500000000000001,2023-12-21,3529,34,1184,2.9806,48.71,13.8023,1.4326,0.009634
238600000000000002,238500000000000001,2023-12-21,5389,72,1967,2.7397,62.81,11.6558,0.8724,0.013361
238600000000000003,238500000000000002,2023-12-21,3336,109,1345,2.4803,35.92,10.7683,0.3296,0.032674
238600000000000004,238500000000000002,2023-12-21,1800,41,1277,1.4096,27.8,15.4464,0.6781,0.022778
238600000000000005,238500000000000003,2023-12-21,3682,48,2993,1.2302,47.79,12.9807,0.9957,0.013036
238600000000000006,238500000000000004,2023-12-21,3352,44,2748,1.2198,47.72,14.2371,1.0846,0.013126
238600000000000007,238500000000000004,2023-12-21,2629,39,894,2.9407,47.87,18.2073,1.2274,0.014835
238600000000000001,238500000000000001,2023-12-22,3430,28,1167,2.9392,46.55,13.5711,1.6625,0.008163
238600000000000002,238500000000000001,2023-12-22,5770,59,2735,2.1097,53.64,9.2966,0.9092,0.010225
238600000000000003,238500000000000002,2023-12-22,2454,79,1014,2.4201,30.14,12.2829,0.3815,0.032192
238600000000000004,238500000000000002,2023-12-22,1716,45,1028,1.6693,27.11,15.798,0.6024,0.026224
238600000000000005,238500000000000003,2023-12-22,2975,58,1090,2.7294,42.94,14.4332,0.7403,0.019496
238600000000000006,238500000000000004,2023-12-22,2454,33,1371,1.7899,43.73,17.8217,1.3253,0.013447
238600000000000007,238500000000000004,2023-12-22,3139,37,1577,1.9905,42.14,13.4257,1.139,0.011787
238600000000000001,238500000000000001,2023-12-23,7898,74,4592,1.7199,77.15,9.7687,1.0426,0.009369
238600000000000002,238500000000000001,2023-12-23,8303,69,3579,2.3199,68.09,8.2007,0.9868,0.00831
238600000000000003,238500000000000002,2023-12-23,3663,95,1357,2.6993,39.98,10.9151,0.4209,0.025935
238600000000000004,238500000000000002,2023-12-23,3776,86,1320,2.8606,43.01,11.3916,0.5002,0.022775
238600000000000005,238500000000000003,2023-12-23,5931,115,3573,1.6599,62.25,10.4953,0.5413,0.01939
238600000000000006,238500000000000004,2023-12-23,4582,79,1967,2.3294,58.51,12.7701,0.7407,0.017241
238600000000000007,238500000000000004,2023-12-23,4536,56,2965,1.5298,65.98,14.5464,1.1783,0.012346
238600000000000001,238500000000000001,2023-12-24,4902,45,2527,1.9398,53.51,10.9152,1.189,0.00918
238600000000000002,238500000000000001,2023-12-24,6943,59,3635,1.91,56.2,8.0951,0.9526,0.008498
238600000000000003,238500000000000002,2023-12-24,2788,84,1162,2.3993,33.08,11.8651,0.3938,0.030129
238600000000000004,238500000000000002,2023-12-24,2755,84,1465,1.8805,29.61,10.7485,0.3525,0.03049
238600000000000005,238500000000000003,2023-12-24,3903,69,2309,1.6903,47.02,12.0469,0.6814,0.017679
238600000000000006,238500000000000004,2023-12-24,2431,25,1677,1.4496,45.7,18.8005,1.8282,0.010284
238600000000000007,238500000000000004,2023-12-24,3737,39,2396,1.5597,48.33,12.9339,1.2393,0.010436
238600000000000001,238500000000000001,2023-12-25,5619,69,2601,2.1603,54.43,9.6872,0.7889,0.01228
238600000000000002,238500000000000001,2023-12-25,5806,70,3318,1.7498,73.51,12.6606,1.0501,0.012056
238600000000000003,238500000000000002,2023-12-25,2641,64,1082,2.4409,35.2,13.3266,0.5499,0.024233
238600000000000004,238500000000000002,2023-12-25,2131,48,1082,1.9695,37.91,17.7912,0.7899,0.022525
238600000000000005,238500000000000003,2023-12-25,4831,89,2792,1.7303,54.83,11.3499,0.6161,0.018423
238600000000000006,238500000000000004,2023-12-25,3548,47,1939,1.8298,50.66,14.2773,1.0778,0.013247
238600000000000007,238500000000000004,2023-12-25,4598,81,2910,1.5801,59.01,12.8332,0.7285,0.017616
238600000000000001,238500000000000001,2023-12-26,4517,58,2642,1.7097,45.79,10.1373,0.7895,0.01284
238600000000000002,238500000000000001,2023-12-26,3553,33,1297,2.7394,47.47,13.3594,1.4384,0.009288
238600000000000003,238500000000000002,2023-12-26,2412,84,838,2.8783,26.23,10.876,0.3123,0.034826
238600000000000004,238500000000000002,2023-12-26,2194,60,778,2.8201,27.06,12.3319,0.4509,0.027347
238600000000000005,238500000000000003,2023-12-26,2914,58,1104,2.6395,39.97,13.7155,0.6891,0.019904
238600000000000006,238500000000000004,2023-12-26,2914,33,1272,2.2909,39.93,13.7021,1.2099,0.011325
238600000000000007,238500000000000004,2023-12-26,2010,28,820,2.4512,40.01,19.9034,1.4288,0.01393
238600000000000001,238500000000000001,2023-12-27,5202,70,2550,2.04,45.78,8.801,0.654,0.013456
238600000000000002,238500000000000001,2023-12-27,3973,46,1522,2.6104,50.62,12.7411,1.1004,0.011578
238600000000000003,238500000000000002,2023-12-27,2661,65,1073,2.48,27.05,10.1657,0.4162,0.024427
238600000000000004,238500000000000002,2023-12-27,2402,48,1107,2.1698,28.04,11.6722,0.5841,0.019983
238600000000000005,238500000000000003,2023-12-27,3566,70,1801,1.98,41.32,11.586,0.5902,0.01963
238600000000000006,238500000000000004,2023-12-27,2209,28,789,2.7997,43.33,19.6132,1.5473,0.012675
238600000000000007,238500000000000004,2023-12-27,2428,26,1912,1.2699,39.31,16.1886,1.5118,0.010708
238600000000000001,238500000000000001,2023-12-28,5377,53,2390,2.2498,56.5,10.5083,1.0661,0.009857
238600000000000002,238500000000000001,2023-12-28,6996,60,4633,1.51,56.61,8.0921,0.9435,0.008576
238600000000000003,238500000000000002,2023-12-28,2601,85,1000,2.601,30.64,11.7811,0.3605,0.03268
238600000000000004,238500000000000002,2023-12-28,1970,56,661,2.9803,33.99,17.2563,0.6071,0.028426
238600000000000005,238500000000000003,2023-12-28,5086,71,3912,1.3001,48.48,9.5317,0.6828,0.01396
238600000000000006,238500000000000004,2023-12-28,2565,45,1676,1.5304,49.39,19.2573,1.0977,0.017544
238600000000000007,238500000000000004,2023-12-28,2427,26,1709,1.4201,47.56,19.5967,1.8293,0.010713
238600000000000001,238500000000000001,2023-12-29,4316,44,1547,2.7899,48.93,11.3357,1.1119,0.010195
238600000000000002,238500000000000001,2023-12-29,5279,52,1827,2.8894,58.48,11.0785,1.1247,0.00985
238600000000000003,238500000000000002,2023-12-29,1771,56,639,2.7715,30.94,17.4725,0.5526,0.031621
238600000000000004,238500000000000002,2023-12-29,2172,48,1697,1.2799,30.43,14.0113,0.634,0.022099
238600000000000005,238500000000000003,2023-12-29,3646,55,1419,2.5694,46.03,12.6254,0.8369,0.015085
238600000000000006,238500000000000004,2023-12-29,2304,37,773,2.9806,44.82,19.4518,1.2113,0.016059
238600000000000007,238500000000000004,2023-12-29,2697,31,1066,2.53,47.25,17.5186,1.5241,0.011494
238600000000000001,238500000000000001,2023-12-30,6423,75,4723,1.3599,66.54,10.359,0.8871,0.011677
238600000000000002,238500000000000001,2023-12-30,5725,68,2997,1.9102,59.49,10.3919,0.8749,0.011878
238600000000000003,238500000000000002,2023-12-30,3519,84,2120,1.6599,40.28,11.4472,0.4796,0.02387
238600000000000004,238500000000000002,2023-12-30,1972,40,1369,1.4405,31.73,16.0922,0.7933,0.020284
238600000000000005,238500000000000003,2023-12-30,3905,58,2770,1.4097,54.01,13.8316,0.9313,0.014853
238600000000000006,238500000000000004,2023-12-30,2585,37,1469,1.7597,48.44,18.7393,1.3092,0.014313
238600000000000007,238500000000000004,2023-12-30,4670,62,2624,1.7797,59.58,12.7589,0.961,0.013276
238600000000000001,238500000000000001,2023-12-31,6946,78,2315,3.0004,61.05,8.7893,0.7827,0.011229
238600000000000002,238500000000000001,2023-12-31,5182,61,3624,1.4299,55.46,10.7021,0.9092,0.011772
238600000000000003,238500000000000002,2023-12-31,2262,59,1740,1.3,30.83,13.6303,0.5226,0.026083
238600000000000004,238500000000000002,2023-12-31,3532,91,1658,2.1303,35.74,10.1202,0.3928,0.025764
238600000000000005,238500000000000003,2023-12-31,5477,75,4118,1.33,49.93,9.1167,0.6658,0.013694
238600000000000006,238500000000000004,2023-12-31,2734,40,2187,1.2501,45.77,16.7419,1.1443,0.014631
238600000000000007,238500000000000004,2023-12-31,3992,62,1411,2.8292,54.09,13.5501,0.8725,0.015531
238600000000000001,238500000000000001,2024-01-01,7290,90,4959,1.4701,97.73,13.4064,1.0859,0.012346
238600000000000002,238500000000000001,2024-01-01,8384,125,3060,2.7399,83.8,9.9948,0.6704,0.014909
238600000000000003,238500000000000002,2024-01-01,5218,160,1751,2.98,53.02,10.1619,0.3314,0.030663
238600000000000004,238500000000000002,2024-01-01,2917,92,2372,1.2298,50.71,17.383,0.5512,0.031539
238600000000000005,238500000000000003,2024-01-01,6105,75,3300,1.85,77.8,12.7433,1.0373,0.012285
238600000000000006,238500000000000004,2024-01-01,5990,90,4437,1.35,74.86,12.4979,0.8318,0.015025
238600000000000007,238500000000000004,2024-01-01,5274,65,1819,2.8994,80.73,15.3079,1.2421,0.012325
238600000000000001,238500000000000001,2024-01-02,6463,76,2860,2.2598,60.25,9.3217,0.7927,0.011759
238600000000000002,238500000000000001,2024-01-02,8176,121,3133,2.6096,68.95,8.4336,0.5699,0.014799
238600000000000003,238500000000000002,2024-01-02,3166,94,1640,1.9305,40.34,12.7431,0.4292,0.02969
238600000000000004,238500000000000002,2024-01-02,2518,78,1311,1.9207,33.48,13.2975,0.4293,0.030977
238600000000000005,238500000000000003,2024-01-02,4182,58,1735,2.4104,55.37,13.2403,0.9547,0.013869
238600000000000006,238500000000000004,2024-01-02,3109,51,2392,1.2997,61.14,19.666,1.1989,0.016404
238600000000000007,238500000000000004,2024-01-02,4389,75,1493,2.9397,49.6,11.3011,0.6613,0.017088
238600000000000001,238500000000000001,2024-01-03,7223,85,2924,2.4702,72.12,9.9842,0.8484,0.011768
238600000000000002,238500000000000001,2024-01-03,7698,90,2799,2.7503,85.09,11.0541,0.9455,0.011691
238600000000000003,238500000000000002,2024-01-03,4014,98,1498,2.6796,44.73,11.1447,0.4565,0.024415
238600000000000004,238500000000000002,2024-01-03,3235,85,2061,1.5696,45.1,13.9412,0.5306,0.026275
238600000000000005,238500000000000003,2024-01-03,6228,82,2650,2.3502,67.38,10.8182,0.8217,0.013166
238600000000000006,238500000000000004,2024-01-03,5437,72,2036,2.6704,62.23,11.4462,0.8643,0.013243
238600000000000007,238500000000000004,2024-01-03,4091,43,1567,2.6107,72.52,17.7264,1.6865,0.010511
238600000000000001,238500000000000001,2024-01-04,7202,62,3462,2.0803,88.15,12.2403,1.4219,0.008609
238600000000000002,238500000000000001,2024-01-04,10746,103,8080,1.33,101.3,9.4269,0.9835,0.009585
238600000000000003,238500000000000002,2024-01-04,3810,116,2165,1.7598,51.05,13.3979,0.4401,0.030446
238600000000000004,238500000000000002,2024-01-04,3490,77,1171,2.9804,57.21,16.3939,0.743,0.022063
238600000000000005,238500000000000003,2024-01-04,5715,72,1991,2.8704,81.2,14.2074,1.1277,0.012598
238600000000000006,238500000000000004,2024-01-04,5458,85,3499,1.5599,80.5,14.7486,0.947,0.015573
238600000000000007,238500000000000004,2024-01-04,4981,83,2084,2.3901,81.89,16.441,0.9867,0.016663
238600000000000001,238500000000000001,2024-01-05,11221,144,6524,1.72,106.88,9.525,0.7422,0.012833
238600000000000002,238500000000000001,2024-01-05,10072,124,4197,2.3998,105.94,10.5184,0.8544,0.012311
238600000000000003,238500000000000002,2024-01-05,3868,106,1523,2.5397,66.15,17.1009,0.624,0.027404
238600000000000004,238500000000000002,2024-01-05,3580,110,2521,1.4201,55.47,15.4932,0.5042,0.030726
238600000000000005,238500000000000003,2024-01-05,8304,135,4718,1.7601,91.21,10.9837,0.6756,0.016257
238600000000000006,238500000000000004,2024-01-05,5980,69,3785,1.5799,93.04,15.5583,1.3484,0.011538
238600000000000007,238500000000000004,2024-01-05,7526,135,5454,1.3799,89.38,11.8761,0.6621,0.017938
238600000000000001,238500000000000001,2024-01-06,7525,106,3762,2.0003,94.21,12.5199,0.8888,0.014086
238600000000000002,238500000000000001,2024-01-06,5690,63,2011,2.8294,75.66,13.2969,1.2009,0.011072
238600000000000003,238500000000000002,2024-01-06,5022,104,3805,1.3198,50.35,10.0261,0.4841,0.020709
238600000000000004,238500000000000002,2024-01-06,3680,104,1496,2.4599,46.72,12.6952,0.4492,0.028261
238600000000000006,238500000000000004,2024-01-06,3663,38,1489,2.46,59.78,16.321,1.5733,0.010374
238600000000000007,238500000000000004,2024-01-06,4491,62,1538,2.92,85.82,19.1094,1.3842,0.013805
238600000000000001,238500000000000001,2024-01-07,13227,170,4469,2.9597,107.39,8.1189,0.6317,0.012852
238600000000000002,238500000000000001,2024-01-07,10025,123,4516,2.2199,97.33,9.7085,0.7913,0.012269
238600000000000003,238500000000000002,2024-01-07,4987,139,1738,2.8694,61.83,12.3977,0.4448,0.027872
238600000000000004,238500000000000002,2024-01-07,4601,130,3286,1.4002,55.15,11.9872,0.4243,0.028255
238600000000000005,238500000000000003,2024-01-07,7724,142,3843,2.0099,87.74,11.3588,0.6179,0.018384
238600000000000006,238500000000000004,2024-01-07,6297,94,2315,2.7201,78.53,12.4712,0.8354,0.014928
238600000000000007,238500000000000004,2024-01-07,8208,133,5472,1.5,96.94,11.8104,0.7289,0.016204
238600000000000001,238500000000000001,2024-01-08,9048,82,3220,2.8099,115.9,12.8097,1.4134,0.009063
238600000000000002,238500000000000001,2024-01-08,11754,127,3998,2.94,99.3,8.4479,0.7819,0.010805
238600000000000004,238500000000000002,2024-01-08,3427,104,1293,2.6504,59.35,17.3193,0.5707,0.030347
238600000000000005,238500000000000003,2024-01-08,6611,128,4293,1.5399,92.23,13.9507,0.7205,0.019362
238600000000000007,238500000000000004,2024-01-08,6315,111,5134,1.23,102.98,16.3065,0.9277,0.017577
238600000000000001,238500000000000001,2024-01-09,11676,150,6211,1.8799,160.71,13.7641,1.0714,0.012847
238600000000000002,238500000000000001,2024-01-09,13879,113,7931,1.75,125.07,9.0114,1.1068,0.008142
238600000000000003,238500000000000002,2024-01-09,5397,148,4152,1.2999,77.97,14.4465,0.5268,0.027423
238600000000000004,238500000000000002,2024-01-09,5700,178,2836,2.0099,85.33,14.9709,0.4794,0.031228
238600000000000005,238500000000000003,2024-01-09,8251,102,3079,2.6798,122.48,14.8438,1.2007,0.012362
238600000000000006,238500000000000004,2024-01-09,8579,136,3000,2.8597,120.11,13.9999,0.8831,0.015853
238600000000000007,238500000000000004,2024-01-09,7320,128,3063,2.3898,124.85,17.0557,0.9754,0.017486
238600000000000001,238500000000000001,2024-01-10,12804,141,4589,2.7902,120.49,9.4104,0.8545,0.011012
238600000000000002,238500000000000001,2024-01-10,11210,122,6556,1.7099,120.6,10.7587,0.9886,0.010883
238600000000000003,238500000000000002,2024-01-10,3837,93,1296,2.9606,64.59,16.8345,0.6946,0.024238
238600000000000004,238500000000000002,2024-01-10,6382,160,4144,1.5401,73.17,11.4658,0.4573,0.025071
238600000000000005,238500000000000003,2024-01-10,8946,117,4364,2.05,103.33,11.5501,0.8831,0.013078
238600000000000006,238500000000000004,2024-01-10,5170,53,2679,1.9298,100.88,19.5127,1.9034,0.010251
238600000000000007,238500000000000004,2024-01-10,5889,100,4090,1.4399,105.77,17.9611,1.0577,0.016981
238600000000000001,238500000000000001,2024-01-11,7589,110,4517,1.6801,90.58,11.9355,0.8234,0.014495
238600000000000002,238500000000000001,2024-01-11,7626,91,2783,2.7402,73.33,9.6155,0.8058,0.011933
238600000000000003,238500000000000002,2024-01-11,3363,89,1798,1.8704,41.99,12.4869,0.4718,0.026464
238600000000000004,238500000000000002,2024-01-11,2975,67,1033,2.88,51.67,17.3671,0.7712,0.022521
238600000000000005,238500000000000003,2024-01-11,5885,114,2737,2.1502,70.25,11.9364,0.6162,0.019371
238600000000000006,238500000000000004,2024-01-11,4293,73,1781,2.4104,74.85,17.4344,1.0253,0.017004
238600000000000007,238500000000000004,2024-01-11,5848,77,3285,1.7802,65.64,11.2252,0.8525,0.013167
238600000000000001,238500000000000001,2024-01-12,12909,132,10327,1.25,116.55,9.0288,0.883,0.010225
238600000000000002,238500000000000001,2024-01-12,10384,116,7471,1.3899,112.46,10.8305,0.9695,0.011171
238600000000000003,238500000000000002,2024-01-12,5878,133,2177,2.7,75.54,12.8512,0.568,0.022627
238600000000000004,238500000000000002,2024-01-12,3981,104,1340,2.9709,55.33,13.8978,0.532,0.026124
238600000000000005,238500000000000003,2024-01-12,9071,157,3065,2.9595,98.15,10.8202,0.6252,0.017308
238600000000000006,238500000000000004,2024-01-12,7073,118,3321,2.1298,98.04,13.8605,0.8308,0.016683
238600000000000007,238500000000000004,2024-01-12,5068,87,1816,2.7907,98.26,19.3892,1.1295,0.017167
238600000000000001,238500000000000001,2024-01-13,8758,125,5244,1.6701,82.72,9.4453,0.6618,0.014273
238600000000000002,238500000000000001,2024-01-13,10943,119,4637,2.3599,97.53,8.9123,0.8196,0.010875
238600000000000003,238500000000000002,2024-01-13,3572,98,1294,2.7604,49.02,13.7221,0.5002,0.027436
238600000000000004,238500000000000002,2024-01-13,3681,127,1252,2.9401,53.98,14.6656,0.4251,0.034501
238600000000000005,238500000000000003,2024-01-13,5210,93,3695,1.41,77.25,14.8272,0.8306,0.01785
238600000000000006,238500000000000004,2024-01-13,5533,89,2726,2.0297,76.86,13.892,0.8636,0.016085
238600000000000007,238500000000000004,2024-01-13,5017,56,3413,1.47,77.63,15.4744,1.3863,0.011162
238600000000000001,238500000000000001,2024-01-14,14464,200,5417,2.6701,139.7,9.6586,0.6985,0.013827
238600000000000002,238500000000000001,2024-01-14,11676,134,4990,2.3399,145.34,12.4477,1.0846,0.011477
238600000000000003,238500000000000002,2024-01-14,5621,153,2742,2.05,80.19,14.2657,0.5241,0.027219
238600000000000005,238500000000000003,2024-01-14,8152,116,4685,1.74,122.16,14.9853,1.0531,0.01423
238600000000000006,238500000000000004,2024-01-14,6783,118,3551,1.9102,106.32,15.674,0.901,0.017396
238600000000000007,238500000000000004,2024-01-14,7540,83,3278,2.3002,138.0,18.3029,1.6627,0.011008
238600000000000001,238500000000000001,2024-01-15,12959,187,6084,2.13,113.14,8.7305,0.605,0.01443
238600000000000002,238500000000000001,2024-01-15,10060,84,4837,2.0798,107.59,10.6951,1.2809,0.00835
238600000000000003,238500000000000002,2024-01-15,5121,139,3711,1.38,64.99,12.6906,0.4675,0.027143
238600000000000004,238500000000000002,2024-01-15,4710,130,2093,2.2504,61.14,12.9817,0.4703,0.027601
238600000000000006,238500000000000004,2024-01-15,5904,85,2236,2.6404,111.3,18.8511,1.3094,0.014397
238600000000000007,238500000000000004,2024-01-15,6468,73,2432,2.6595,77.9,12.0442,1.0672,0.011286
238600000000000001,238500000000000001,2024-01-16,7006,73,2695,2.5996,91.67,13.084,1.2557,0.01042
238600000000000002,238500000000000001,2024-01-16,7661,69,5472,1.4,104.81,13.6814,1.519,0.009007
238600000000000003,238500000000000002,2024-01-16,4491,151,1848,2.4302,55.29,12.3123,0.3662,0.033623
238600000000000004,238500000000000002,2024-01-16,4330,110,3138,1.3799,56.98,13.1593,0.518,0.025404
238600000000000005,238500000000000003,2024-01-16,6140,104,2753,2.2303,84.21,13.7143,0.8097,0.016938
238600000000000007,238500000000000004,2024-01-16,6534,80,2917,2.24,90.21,13.8068,1.1277,0.012244
238600000000000001,238500000000000001,2024-01-17,8042,103,5188,1.5501,102.45,12.74,0.9947,0.012808
238600000000000002,238500000000000001,2024-01-17,6830,85,4139,1.6502,87.32,12.7851,1.0273,0.012445
238600000000000003,238500000000000002,2024-01-17,4382,92,2845,1.5402,56.0,12.7787,0.6087,0.020995
238600000000000004,238500000000000002,2024-01-17,3300,96,1227,2.6895,52.45,15.8932,0.5463,0.029091
238600000000000005,238500000000000003,2024-01-17,7078,120,2866,2.4696,81.33,11.491,0.6778,0.016954
238600000000000006,238500000000000004,2024-01-17,5754,58,1998,2.8799,88.14,15.3182,1.5197,0.01008
238600000000000007,238500000000000004,2024-01-17,5563,82,2107,2.6402,74.52,13.3965,0.9088,0.01474
238600000000000001,238500000000000001,2024-01-18,6601,90,4025,1.64,78.82,11.9412,0.8758,0.013634
238600000000000003,238500000000000002,2024-01-18,2897,98,2069,1.4002,47.37,16.3509,0.4834,0.033828
238600000000000004,238500000000000002,2024-01-18,4456,155,1553,2.8693,55.02,12.3468,0.355,0.034785
238600000000000005,238500000000000003,2024-01-18,6564,116,3298,1.9903,76.79,11.6986,0.662,0.017672
238600000000000006,238500000000000004,2024-01-18,5155,87,2212,2.3305,74.64,14.4791,0.8579,0.016877
238600000000000007,238500000000000004,2024-01-18,4168,70,2655,1.5699,78.94,18.9393,1.1277,0.016795
238600000000000001,238500000000000001,2024-01-19,9302,94,7324,1.2701,118.77,12.768,1.2635,0.010105
238600000000000002,238500000000000001,2024-01-19,13584,124,5013,2.7098,109.78,8.0814,0.8853,0.009128
238600000000000003,238500000000000002,2024-01-19,3835,103,1767,2.1703,66.75,17.4049,0.648,0.026858
238600000000000004,238500000000000002,2024-01-19,4730,113,2057,2.2995,63.85,13.4989,0.565,0.02389
238600000000000005,238500000000000003,2024-01-19,8427,165,3180,2.65,97.95,11.6231,0.5936,0.01958
238600000000000006,238500000000000004,2024-01-19,5418,89,2696,2.0096,95.82,17.6858,1.0766,0.016427
238600000000000007,238500000000000004,2024-01-19,6256,97,2818,2.22,100.07,15.9966,1.0317,0.015505
238600000000000001,238500000000000001,2024-01-20,13656,150,10925,1.25,137.19,10.0463,0.9146,0.010984
238600000000000002,238500000000000001,2024-01-20,12858,160,4315,2.9798,109.6,8.5237,0.685,0.012444
238600000000000003,238500000000000002,2024-01-20,4157,121,3299,1.2601,74.76,17.985,0.6179,0.029108
238600000000000004,238500000000000002,2024-01-20,6265,214,2600,2.4096,66.26,10.5761,0.3096,0.034158
238600000000000005,238500000000000003,2024-01-20,8130,131,3646,2.2298,105.77,13.0095,0.8074,0.016113
238600000000000006,238500000000000004,2024-01-20,8229,96,3562,2.3102,120.87,14.6886,1.2591,0.011666
238600000000000007,238500000000000004,2024-01-20,8180,118,2736,2.9898,90.66,11.0834,0.7683,0.014425
238600000000000001,238500000000000001,2024-01-21,6075,89,2542,2.3899,85.05,13.9997,0.9556,0.01465
238600000000000002,238500000000000001,2024-01-21,8284,104,4205,1.97,81.11,9.7909,0.7799,0.012554
238600000000000003,238500000000000002,2024-01-21,2754,89,2040,1.35,44.32,16.0928,0.498,0.032317
238600000000000004,238500000000000002,2024-01-21,4982,131,3278,1.5198,50.63,10.162,0.3865,0.026295
238600000000000005,238500000000000003,2024-01-21,6172,91,4034,1.53,71.21,11.5376,0.7825,0.014744
238600000000000006,238500000000000004,2024-01-21,6431,69,3654,1.76,78.42,12.1933,1.1365,0.010729
238600000000000007,238500000000000004,2024-01-21,5609,92,2244,2.4996,64.0,11.411,0.6957,0.016402
238600000000000001,238500000000000001,2024-01-22,7531,76,3569,2.1101,88.37,11.7339,1.1627,0.010092
238600000000000002,238500000000000001,2024-01-22,7009,64,4642,1.5099,69.23,9.8769,1.0817,0.009131
238600000000000003,238500000000000002,2024-01-22,2422,52,859,2.8196,41.94,17.3177,0.8066,0.02147
238600000000000004,238500000000000002,2024-01-22,3376,116,1449,2.3299,48.11,14.2509,0.4147,0.03436
238600000000000005,238500000000000003,2024-01-22,4510,55,1503,3.0007,67.54,14.9758,1.228,0.012195
238600000000000006,238500000000000004,2024-01-22,3851,42,2070,1.8604,69.75,18.1129,1.6608,0.010906
238600000000000007,238500000000000004,2024-01-22,5273,69,2476,2.1296,65.33,12.3893,0.9468,0.013086
238600000000000002,238500000000000001,2024-01-23,9175,117,5243,1.75,95.64,10.4238,0.8174,0.012752
238600000000000003,238500000000000002,2024-01-23,4329,136,2143,2.0201,54.51,12.591,0.4008,0.031416
238600000000000004,238500000000000002,2024-01-23,4932,158,3007,1.6402,59.18,11.9997,0.3746,0.032036
238600000000000005,238500000000000003,2024-01-23,6353,95,2901,2.1899,85.27,13.4215,0.8975,0.014954
238600000000000006,238500000000000004,2024-01-23,4883,87,1732,2.8193,86.7,17.7551,0.9965,0.017817
238600000000000007,238500000000000004,2024-01-23,4874,49,1860,2.6204,83.84,17.2005,1.7109,0.010053
238600000000000001,238500000000000001,2024-01-24,6592,67,3329,1.9802,78.82,11.9564,1.1764,0.010164
238600000000000002,238500000000000001,2024-01-24,6730,58,3299,2.04,84.88,12.6126,1.4635,0.008618
238600000000000003,238500000000000002,2024-01-24,4395,119,2133,2.0605,48.36,11.0031,0.4064,0.027076
238600000000000005,238500000000000003,2024-01-24,4905,84,1686,2.9093,70.16,14.3031,0.8352,0.017125
238600000000000007,238500000000000004,2024-01-24,5207,91,4303,1.2101,69.26,13.302,0.7611,0.017476
238600000000000001,238500000000000001,2024-01-25,11065,122,4984,2.2201,120.94,10.9301,0.9913,0.011026
238600000000000002,238500000000000001,2024-01-25,7066,106,3464,2.0398,97.97,13.8643,0.9242,0.015001
238600000000000003,238500000000000002,2024-01-25,3874,86,1881,2.0595,59.07,15.2476,0.6869,0.022199
238600000000000004,238500000000000002,2024-01-25,4146,94,2498,1.6597,66.02,15.9239,0.7023,0.022672
238600000000000005,238500000000000003,2024-01-25,6955,105,2576,2.6999,93.82,13.4892,0.8935,0.015097
238600000000000006,238500000000000004,2024-01-25,7904,102,3764,2.0999,95.47,12.0782,0.9359,0.012905
238600000000000007,238500000000000004,2024-01-25,4644,60,1653,2.8094,92.17,19.8468,1.5361,0.01292
238600000000000001,238500000000000001,2024-01-26,6977,59,2944,2.3699,77.91,11.166,1.3204,0.008456
238600000000000002,238500000000000001,2024-01-26,6342,91,3356,1.8897,53.69,8.4662,0.59,0.014349
238600000000000003,238500000000000002,2024-01-26,2673,73,1210,2.2091,38.85,14.5355,0.5322,0.02731
238600000000000004,238500000000000002,2024-01-26,3070,99,2060,1.4903,36.35,11.839,0.3671,0.032248
238600000000000005,238500000000000003,2024-01-26,4780,81,3541,1.3499,56.4,11.799,0.6963,0.016946
238600000000000006,238500000000000004,2024-01-26,3413,35,1459,2.3393,57.74,16.9187,1.6498,0.010255
238600000000000007,238500000000000004,2024-01-26,3427,51,1233,2.7794,55.05,16.065,1.0795,0.014882
238600000000000001,238500000000000001,2024-01-27,6831,90,2689,2.5403,78.93,11.5546,0.877,0.013175
238600000000000002,238500000000000001,2024-01-27,8646,76,4040,2.1401,93.21,10.7806,1.2264,0.00879
238600000000000003,238500000000000002,2024-01-27,3472,101,1291,2.6894,54.33,15.6481,0.5379,0.02909
238600000000000004,238500000000000002,2024-01-27,3773,98,2620,1.4401,44.03,11.671,0.4493,0.025974
238600000000000005,238500000000000003,2024-01-27,7477,134,2800,2.6704,73.77,9.8667,0.5505,0.017922
238600000000000006,238500000000000004,2024-01-27,4248,49,1512,2.8095,71.05,16.7252,1.45,0.011535
238600000000000007,238500000000000004,2024-01-27,3851,39,2731,1.4101,76.5,19.8646,1.9615,0.010127
238600000000000001,238500000000000001,2024-01-28,10687,86,3574,2.9902,106.55,9.97,1.239,0.008047
238600000000000002,238500000000000001,2024-01-28,7357,103,2555,2.8795,90.66,12.3234,0.8802,0.014
238600000000000003,238500000000000002,2024-01-28,3396,84,1398,2.4292,52.38,15.423,0.6235,0.024735
238600000000000004,238500000000000002,2024-01-28,4452,150,1557,2.8593,60.32,13.5482,0.4021,0.033693
238600000000000005,238500000000000003,2024-01-28,6455,97,2347,2.7503,84.52,13.0937,0.8713,0.015027
238600000000000006,238500000000000004,2024-01-28,5180,78,2409,2.1503,81.78,15.7883,1.0485,0.015058
238600000000000001,238500000000000001,2024-01-29,7265,68,4457,1.63,86.3,11.8792,1.2692,0.00936
238600000000000002,238500000000000001,2024-01-29,8381,98,4190,2.0002,72.76,8.6817,0.7425,0.011693
238600000000000003,238500000000000002,2024-01-29,3260,93,1399,2.3302,45.11,13.8376,0.4851,0.028528
238600000000000004,238500000000000002,2024-01-29,2629,76,1190,2.2092,45.78,17.4146,0.6024,0.028908
238600000000000005,238500000000000003,2024-01-29,6730,94,3824,1.7599,68.17,10.1293,0.7252,0.013967
238600000000000006,238500000000000004,2024-01-29,4864,51,2171,2.2404,61.52,12.6474,1.2062,0.010485
238600000000000007,238500000000000004,2024-01-29,4776,81,2698,1.7702,74.82,15.6666,0.9237,0.01696
238600000000000001,238500000000000001,2024-01-30,10280,106,3497,2.9397,99.94,9.7215,0.9428,0.010311
238600000000000002,238500000000000001,2024-01-30,8847,109,3171,2.79,72.52,8.1974,0.6653,0.012321
238600000000000003,238500000000000002,2024-01-30,2414,72,1284,1.8801,41.41,17.1524,0.5751,0.029826
238600000000000004,238500000000000002,2024-01-30,4144,135,1541,2.6892,57.14,13.7892,0.4233,0.032577
238600000000000005,238500000000000003,2024-01-30,7820,132,5213,1.5001,73.91,9.4516,0.5599,0.01688
238600000000000006,238500000000000004,2024-01-30,4395,56,1684,2.6099,76.77,17.4686,1.371,0.012742
238600000000000007,238500000000000004,2024-01-30,6349,97,3943,1.6102,71.05,11.1904,0.7325,0.015278
238600000000000001,238500000000000001,2024-01-31,14409,122,6433,2.2399,127.95,8.8799,1.0488,0.008467
238600000000000002,238500000000000001,2024-01-31,9239,106,3526,2.6202,103.6,11.213,0.9773,0.011473
238600000000000003,238500000000000002,2024-01-31,5207,125,2254,2.3101,74.8,14.3644,0.5984,0.024006
238600000000000004,238500000000000002,2024-01-31,3980,131,1411,2.8207,57.52,14.4516,0.4391,0.032915
238600000000000005,238500000000000003,2024-01-31,6762,106,2865,2.3602,99.23,14.6753,0.9362,0.015676
238600000000000006,238500000000000004,2024-01-31,8730,153,4023,2.17,103.74,11.883,0.678,0.017526
238600000000000007,238500000000000004,2024-01-31,6807,102,4794,1.4199,94.73,13.9166,0.9287,0.014985
238600000000000001,238500000000000001,2024-02-01,6342,66,2430,2.6099,82.2,12.9618,1.2455,0.010407
238600000000000002,238500000000000001,2024-02-01,7766,100,4568,1.7001,93.8,12.0783,0.938,0.012877
238600000000000003,238500000000000002,2024-02-01,3022,86,1254,2.4099,49.71,16.4508,0.5781,0.028458
238600000000000004,238500000000000002,2024-02-01,4450,155,2928,1.5198,50.86,11.429,0.3281,0.034831
238600000000000005,238500000000000003,2024-02-01,7533,110,2739,2.7503,75.43,10.0133,0.6857,0.014602
238600000000000006,238500000000000004,2024-02-01,6618,72,3483,1.9001,81.04,12.2457,1.1256,0.010879
238600000000000007,238500000000000004,2024-02-01,3796,39,1512,2.5106,69.82,18.3926,1.7902,0.010274
238600000000000001,238500000000000001,2024-02-02,14724,208,7218,2.0399,126.74,8.6078,0.6093,0.014127
238600000000000002,238500000000000001,2024-02-02,12250,130,5833,2.1001,115.69,9.4442,0.8899,0.010612
238600000000000003,238500000000000002,2024-02-02,4459,124,1491,2.9906,65.36,14.6582,0.5271,0.027809
238600000000000004,238500000000000002,2024-02-02,5209,110,3196,1.6298,73.17,14.0472,0.6652,0.021117
238600000000000005,238500000000000003,2024-02-02,8699,160,3580,2.4299,103.9,11.9439,0.6494,0.018393
238600000000000006,238500000000000004,2024-02-02,6122,107,3139,1.9503,116.26,18.9898,1.0865,0.017478
238600000000000007,238500000000000004,2024-02-02,6737,111,4211,1.5999,91.54,13.5882,0.8247,0.016476
238600000000000001,238500000000000001,2024-02-03,9476,108,3617,2.6199,100.39,10.5942,0.9295,0.011397
238600000000000002,238500000000000001,2024-02-03,6376,91,2294,2.7794,78.09,12.2469,0.8581,0.014272
238600000000000004,238500000000000002,2024-02-03,4144,139,1594,2.5997,49.86,12.0316,0.3587,0.033542
238600000000000005,238500000000000003,2024-02-03,7942,141,3043,2.6099,76.49,9.6311,0.5425,0.017754
238600000000000006,238500000000000004,2024-02-03,5523,84,2707,2.0403,84.67,15.3304,1.008,0.015209
238600000000000007,238500000000000004,2024-02-03,6054,101,2102,2.8801,68.31,11.2836,0.6763,0.016683
238600000000000001,238500000000000001,2024-02-04,11240,92,7299,1.5399,152.22,13.5429,1.6546,0.008185
238600000000000002,238500000000000001,2024-02-04,11786,134,3995,2.9502,111.71,9.4778,0.8336,0.011369
238600000000000003,238500000000000002,2024-02-04,3818,93,3054,1.2502,63.96,16.7522,0.6877,0.024358
238600000000000005,238500000000000003,2024-02-04,10727,146,5830,1.84,113.11,10.5446,0.7747,0.013611
238600000000000006,238500000000000004,2024-02-04,5878,93,4354,1.35,106.14,18.0568,1.1413,0.015822
238600000000000007,238500000000000004,2024-02-04,10773,178,3741,2.8797,120.09,11.1469,0.6746,0.016523
238600000000000001,238500000000000001,2024-02-05,6079,69,4640,1.3101,81.73,13.4449,1.1845,0.011351
238600000000000002,238500000000000001,2024-02-05,8400,101,4000,2.1,76.45,9.1016,0.757,0.012024
238600000000000003,238500000000000002,2024-02-05,2904,61,2003,1.4498,45.05,15.5143,0.7386,0.021006
238600000000000004,238500000000000002,2024-02-05,2845,73,2077,1.3698,45.34,15.9361,0.6211,0.025659
238600000000000005,238500000000000003,2024-02-05,7104,118,2900,2.4497,67.79,9.543,0.5745,0.01661
238600000000000006,238500000000000004,2024-02-05,6709,72,3993,1.6802,76.01,11.33,1.0557,0.010732
238600000000000007,238500000000000004,2024-02-05,3238,37,1446,2.2393,59.57,18.3986,1.6101,0.011427
238600000000000001,238500000000000001,2024-02-06,4558,57,2191,2.0803,56.7,12.4396,0.9947,0.012505
238600000000000002,238500000000000001,2024-02-06,5605,81,2156,2.5997,67.38,12.0206,0.8318,0.014451
238600000000000003,238500000000000002,2024-02-06,2528,81,976,2.5902,38.52,15.2378,0.4756,0.032041
238600000000000004,238500000000000002,2024-02-06,2156,63,811,2.6584,32.38,15.0182,0.514,0.029221
238600000000000005,238500000000000003,2024-02-06,3723,54,1364,2.7295,53.18,14.2829,0.9847,0.014504
238600000000000006,238500000000000004,2024-02-06,3299,57,1813,1.8196,50.18,15.2117,0.8804,0.017278
238600000000000007,238500000000000004,2024-02-06,4728,85,3665,1.29,56.17,11.8797,0.6608,0.017978
238600000000000001,238500000000000001,2024-02-07,5006,61,3315,1.5101,63.19,12.6227,1.0359,0.012185
238600000000000002,238500000000000001,2024-02-07,4121,57,1991,2.0698,54.23,13.1592,0.9514,0.013832
238600000000000003,238500000000000002,2024-02-07,3074,93,1909,1.6103,32.69,10.6343,0.3515,0.030254
238600000000000004,238500000000000002,2024-02-07,3385,98,2272,1.4899,34.41,10.1644,0.3511,0.028951
238600000000000005,238500000000000003,2024-02-07,5015,69,2786,1.8001,50.32,10.0343,0.7293,0.013759
238600000000000006,238500000000000004,2024-02-07,2685,43,932,2.8809,50.24,18.7124,1.1684,0.016015
238600000000000007,238500000000000004,2024-02-07,3551,46,2611,1.36,50.4,14.1937,1.0957,0.012954
238600000000000001,238500000000000001,2024-02-08,6271,71,4577,1.3701,80.14,12.7794,1.1287,0.011322
238600000000000002,238500000000000001,2024-02-08,5428,78,2872,1.89,74.13,13.6561,0.9503,0.01437
238600000000000003,238500000000000002,2024-02-08,3496,108,1900,1.84,43.56,12.4596,0.4033,0.030892
238600000000000004,238500000000000002,2024-02-08,2828,88,2227,1.2699,44.59,15.7683,0.5067,0.031117
238600000000000005,238500000000000003,2024-02-08,4571,55,3543,1.2901,66.11,14.4637,1.2021,0.012032
238600000000000006,238500000000000004,2024-02-08,4454,45,1720,2.5895,56.47,12.6791,1.2549,0.010103
238600000000000007,238500000000000004,2024-02-08,4199,65,1787,2.3497,75.75,18.0411,1.1655,0.01548
238600000000000001,238500000000000001,2024-02-09,6791,56,4116,1.6499,58.5,8.6136,1.0446,0.008246
238600000000000002,238500000000000001,2024-02-09,6921,66,2622,2.6396,56.97,8.2313,0.8632,0.009536
238600000000000003,238500000000000002,2024-02-09,2548,56,1745,1.4602,28.15,11.0495,0.5028,0.021978
238600000000000004,238500000000000002,2024-02-09,2876,62,1490,1.9302,37.83,13.1521,0.6101,0.021558
238600000000000005,238500000000000003,2024-02-09,5090,94,3510,1.4501,49.48,9.7219,0.5264,0.018468
238600000000000006,238500000000000004,2024-02-09,2639,39,1138,2.319,43.91,16.6393,1.1259,0.014778
238600000000000007,238500000000000004,2024-02-09,3016,52,1396,2.1605,55.06,18.2554,1.0588,0.017241
238600000000000001,238500000000000001,2024-02-10,7335,88,2946,2.4898,98.31,13.4026,1.1171,0.011997
238600000000000002,238500000000000001,2024-02-10,4988,52,2398,2.0801,69.76,13.9851,1.3415,0.010425
238600000000000003,238500000000000002,2024-02-10,2906,94,972,2.9897,49.22,16.9369,0.5236,0.032347
238600000000000004,238500000000000002,2024-02-10,3330,111,1549,2.1498,46.82,14.0598,0.4218,0.033333
238600000000000005,238500000000000003,2024-02-10,6518,117,2650,2.4596,72.03,11.0507,0.6156,0.01795
238600000000000006,238500000000000004,2024-02-10,4524,69,1993,2.2699,70.53,15.5902,1.0222,0.015252
238600000000000007,238500000000000004,2024-02-10,3690,50,2183,1.6903,73.53,19.9259,1.4705,0.01355
238600000000000001,238500000000000001,2024-02-11,8019,110,2824,2.8396,67.17,8.3761,0.6106,0.013717
238600000000000002,238500000000000001,2024-02-11,6933,70,4054,1.7102,69.93,10.0867,0.999,0.010097
238600000000000004,238500000000000002,2024-02-11,3947,86,2077,1.9003,39.67,10.0495,0.4612,0.021789
238600000000000005,238500000000000003,2024-02-11,4817,63,1825,2.6395,58.76,12.1978,0.9326,0.013079
238600000000000006,238500000000000004,2024-02-11,3904,44,2338,1.6698,61.13,15.6594,1.3894,0.01127
238600000000000007,238500000000000004,2024-02-11,4366,66,2151,2.0298,56.38,12.9133,0.8542,0.015117
238600000000000001,238500000000000001,2024-02-12,8386,68,3049,2.7504,104.49,12.46,1.5366,0.008109
238600000000000002,238500000000000001,2024-02-12,9842,121,4474,2.1998,79.38,8.065,0.656,0.012294
238600000000000003,238500000000000002,2024-02-12,4173,95,1669,2.5003,60.23,14.4339,0.634,0.022765
238600000000000004,238500000000000002,2024-02-12,4192,89,3152,1.3299,44.83,10.695,0.5037,0.021231
238600000000000005,238500000000000003,2024-02-12,8316,128,3979,2.09,78.8,9.4756,0.6156,0.015392
238600000000000006,238500000000000004,2024-02-12,5298,72,2094,2.5301,89.71,16.9327,1.246,0.01359
238600000000000007,238500000000000004,2024-02-12,5901,86,2252,2.6203,67.89,11.5048,0.7894,0.014574
238600000000000001,238500000000000001,2024-02-13,8987,92,3776,2.38,73.92,8.2252,0.8035,0.010237
238600000000000002,238500000000000001,2024-02-13,4433,62,3546,1.2501,59.87,13.5049,0.9656,0.013986
238600000000000003,238500000000000002,2024-02-13,2518,53,1481,1.7002,43.16,17.1392,0.8143,0.021048
238600000000000004,238500000000000002,2024-02-13,2225,76,1257,1.7701,33.29,14.9633,0.4381,0.034157
238600000000000005,238500000000000003,2024-02-13,3841,60,1472,2.6094,57.34,14.9277,0.9556,0.015621
238600000000000006,238500000000000004,2024-02-13,4964,57,1754,2.8301,54.76,11.031,0.9607,0.011483
238600000000000007,238500000000000004,2024-02-13,3073,48,1423,2.1595,59.92,19.4978,1.2483,0.01562
238600000000000001,238500000000000001,2024-02-14,4217,61,2208,1.9099,54.7,12.9718,0.8968,0.014465
238600000000000002,238500000000000001,2024-02-14,8108,97,3807,2.1298,72.38,8.9269,0.7462,0.011963
238600000000000003,238500000000000002,2024-02-14,2901,69,980,2.9602,35.23,12.1442,0.5106,0.023785
238600000000000004,238500000000000002,2024-02-14,2458,57,2031,1.2102,37.39,15.2106,0.6559,0.02319
238600000000000005,238500000000000003,2024-02-14,4607,71,1578,2.9195,54.46,11.8219,0.7671,0.015411
238600000000000007,238500000000000004,2024-02-14,3887,48,1419,2.7393,52.02,13.3822,1.0837,0.012349
238600000000000001,238500000000000001,2024-02-15,5729,55,2728,2.1001,60.86,10.6234,1.1066,0.0096
238600000000000002,238500000000000001,2024-02-15,6203,58,4191,1.4801,59.42,9.5795,1.0245,0.00935
238600000000000004,238500000000000002,2024-02-15,2890,98,1562,1.8502,37.61,13.0127,0.3837,0.03391
238600000000000005,238500000000000003,2024-02-15,4280,84,2019,2.1199,51.55,12.0443,0.6137,0.019626
238600000000000006,238500000000000004,2024-02-15,2294,38,1015,2.2601,42.72,18.6214,1.1241,0.016565
238600000000000007,238500000000000004,2024-02-15,3036,38,1116,2.7204,60.38,19.8887,1.589,0.012516
238600000000000001,238500000000000001,2024-02-16,5622,54,1987,2.8294,52.24,9.2923,0.9674,0.009605
238600000000000002,238500000000000001,2024-02-16,6240,86,2130,2.9296,71.41,11.4433,0.8303,0.013782
238600000000000003,238500000000000002,2024-02-16,3375,80,2206,1.5299,39.31,11.6468,0.4913,0.023704
238600000000000004,238500000000000002,2024-02-16,3101,99,2314,1.3401,31.35,10.109,0.3166,0.031925
238600000000000005,238500000000000003,2024-02-16,5426,87,3990,1.3599,52.99,9.7663,0.6091,0.016034
238600000000000006,238500000000000004,2024-02-16,3443,40,1881,1.8304,61.44,17.8455,1.5361,0.011618
238600000000000007,238500000000000004,2024-02-16,2945,33,2434,1.2099,44.54,15.1245,1.3497,0.011205
238600000000000001,238500000000000001,2024-02-17,7079,67,2889,2.4503,58.88,8.3174,0.8788,0.009465
238600000000000002,238500000000000001,2024-02-17,5960,52,2950,2.0203,71.44,11.9869,1.3739,0.008725
238600000000000003,238500000000000002,2024-02-17,3346,101,1383,2.4194,39.08,11.6803,0.387,0.030185
238600000000000004,238500000000000002,2024-02-17,2194,59,867,2.5306,35.39,16.1288,0.5998,0.026892
238600000000000005,238500000000000003,2024-02-17,4536,65,3516,1.2901,55.85,12.313,0.8593,0.01433
238600000000000006,238500000000000004,2024-02-17,2572,30,2091,1.23,45.82,17.8158,1.5274,0.011664
238600000000000007,238500000000000004,2024-02-17,5177,72,1976,2.6199,65.88,12.7257,0.915,0.013908
238600000000000001,238500000000000001,2024-02-18,12013,116,9610,1.2501,100.15,8.3364,0.8633,0.009656
238600000000000002,238500000000000001,2024-02-18,9377,99,4465,2.1001,80.46,8.5807,0.8127,0.010558
238600000000000003,238500000000000002,2024-02-18,3066,103,1257,2.4391,47.86,15.6089,0.4646,0.033594
238600000000000004,238500000000000002,2024-02-18,3141,94,1232,2.5495,55.35,17.6209,0.5888,0.029927
238600000000000005,238500000000000003,2024-02-18,6380,104,2681,2.3797,77.4,12.1321,0.7443,0.016301
238600000000000006,238500000000000004,2024-02-18,4005,40,1944,2.0602,75.93,18.9585,1.8982,0.009988
238600000000000007,238500000000000004,2024-02-18,6751,82,2510,2.6896,78.88,11.6838,0.9619,0.012146
238600000000000001,238500000000000001,2024-02-19,6025,90,5021,1.2,77.2,12.8131,0.8578,0.014938
238600000000000002,238500000000000001,2024-02-19,8481,98,5078,1.6701,98.07,11.5637,1.0007,0.011555
238600000000000003,238500000000000002,2024-02-19,2649,85,923,2.87,44.17,16.6747,0.5197,0.032088
238600000000000004,238500000000000002,2024-02-19,3131,76,1692,1.8505,55.98,17.8804,0.7366,0.024273
238600000000000005,238500000000000003,2024-02-19,5506,76,1939,2.8396,75.12,13.6426,0.9884,0.013803
238600000000000006,238500000000000004,2024-02-19,7278,105,2501,2.91,84.2,11.5687,0.8019,0.014427
238600000000000007,238500000000000004,2024-02-19,5680,95,2798,2.03,66.03,11.6259,0.6951,0.016725
238600000000000001,238500000000000001,2024-02-20,11050,139,6821,1.62,97.57,8.8303,0.702,0.012579
238600000000000002,238500000000000001,2024-02-20,10245,86,4018,2.5498,84.51,8.2488,0.9827,0.008394
238600000000000003,238500000000000002,2024-02-20,4278,121,1485,2.8808,53.51,12.5083,0.4422,0.028284
238600000000000004,238500000000000002,2024-02-20,4123,130,2181,1.8904,50.54,12.2574,0.3887,0.03153
238600000000000005,238500000000000003,2024-02-20,5502,76,2341,2.3503,78.04,14.1832,1.0268,0.013813
238600000000000006,238500000000000004,2024-02-20,3817,64,1631,2.3403,72.96,19.1154,1.1401,0.016767
238600000000000007,238500000000000004,2024-02-20,6733,92,2992,2.2503,83.11,12.3435,0.9034,0.013664
238600000000000001,238500000000000001,2024-02-21,4693,63,3129,1.4998,49.73,10.5966,0.7894,0.013424
238600000000000002,238500000000000001,2024-02-21,5509,72,3359,1.6401,59.08,10.7239,0.8205,0.01307
238600000000000003,238500000000000002,2024-02-21,2881,70,990,2.9101,31.87,11.0605,0.4552,0.024297
238600000000000004,238500000000000002,2024-02-21,2309,80,974,2.3706,30.31,13.1272,0.3789,0.034647
238600000000000005,238500000000000003,2024-02-21,3233,46,1239,2.6094,46.63,14.4237,1.0137,0.014228
238600000000000006,238500000000000004,2024-02-21,2523,30,1364,1.8497,43.85,17.3815,1.4618,0.011891
238600000000000007,238500000000000004,2024-02-21,2523,43,1294,1.9498,49.41,19.584,1.1491,0.017043
238600000000000001,238500000000000001,2024-02-22,7140,75,4327,1.6501,65.82,9.2181,0.8776,0.010504
238600000000000002,238500000000000001,2024-02-22,5528,71,3477,1.5899,66.23,11.98,0.9328,0.012844
238600000000000004,238500000000000002,2024-02-22,3053,76,1440,2.1201,41.43,13.5694,0.5451,0.024894
238600000000000005,238500000000000003,2024-02-22,4622,67,2395,1.9299,56.59,12.2436,0.8446,0.014496
238600000000000006,238500000000000004,2024-02-22,2947,41,2267,1.3,48.57,16.482,1.1847,0.013912
238600000000000007,238500000000000004,2024-02-22,4540,74,2162,2.0999,64.61,14.2306,0.8731,0.0163
238600000000000001,238500000000000001,2024-02-23,5936,85,4271,1.3898,55.85,9.4082,0.657,0.014319
238600000000000002,238500000000000001,2024-02-23,4807,43,2416,1.9897,52.1,10.8379,1.2116,0.008945
238600000000000003,238500000000000002,2024-02-23,3327,98,1109,3.0,33.41,10.0429,0.3409,0.029456
238600000000000004,238500000000000002,2024-02-23,2514,57,2027,1.2403,28.27,11.2451,0.496,0.022673
238600000000000005,238500000000000003,2024-02-23,4565,81,1703,2.6806,46.26,10.1341,0.5711,0.017744
238600000000000006,238500000000000004,2024-02-23,2269,23,1706,1.33,42.87,18.894,1.8639,0.010137
238600000000000007,238500000000000004,2024-02-23,3288,53,1115,2.9489,49.65,15.1015,0.9369,0.016119
238600000000000001,238500000000000001,2024-02-24,7008,70,3487,2.0098,65.52,9.35,0.9361,0.009989
238600000000000003,238500000000000002,2024-02-24,2019,64,777,2.5985,34.37,17.0237,0.537,0.031699
238600000000000004,238500000000000002,2024-02-24,3455,99,2201,1.5697,35.71,10.3366,0.3607,0.028654
238600000000000005,238500000000000003,2024-02-24,4797,85,1958,2.4499,52.56,10.9575,0.6184,0.017719
238600000000000006,238500000000000004,2024-02-24,3516,45,1312,2.6799,52.62,14.9666,1.1694,0.012799
238600000000000007,238500000000000004,2024-02-24,3516,48,1707,2.0598,52.5,14.9327,1.0938,0.013652
238600000000000001,238500000000000001,2024-02-25,5584,58,1987,2.8103,61.62,11.0353,1.0624,0.010387
238600000000000002,238500000000000001,2024-02-25,4298,38,1586,2.71,55.92,13.0098,1.4715,0.008841
238600000000000003,238500000000000002,2024-02-25,2333,59,1326,1.7594,27.71,11.8781,0.4697,0.025289
238600000000000004,238500000000000002,2024-02-25,2310,60,991,2.331,39.45,17.079,0.6575,0.025974
238600000000000005,238500000000000003,2024-02-25,4018,53,1415,2.8396,50.37,12.5369,0.9504,0.013191
238600000000000006,238500000000000004,2024-02-25,3373,40,1400,2.4093,51.29,15.2065,1.2823,0.011859
238600000000000007,238500000000000004,2024-02-25,2803,33,1082,2.5906,49.45,17.6435,1.4986,0.011773
238600000000000001,238500000000000001,2024-02-26,6263,90,2546,2.4599,69.73,11.1329,0.7747,0.01437
238600000000000002,238500000000000001,2024-02-26,5350,53,2548,2.0997,67.31,12.582,1.2701,0.009907
238600000000000003,238500000000000002,2024-02-26,3905,101,1690,2.3107,46.19,11.8277,0.4573,0.025864
238600000000000004,238500000000000002,2024-02-26,1899,42,775,2.4503,32.12,16.9146,0.7648,0.022117
238600000000000005,238500000000000003,2024-02-26,4606,81,3838,1.2001,58.73,12.751,0.7251,0.017586
238600000000000006,238500000000000004,2024-02-26,3384,36,2435,1.3897,51.71,15.28,1.4363,0.010638
238600000000000007,238500000000000004,2024-02-26,3438,55,1858,1.8504,65.75,19.1258,1.1955,0.015998
238600000000000001,238500000000000001,2024-02-27,5484,77,2649,2.0702,72.58,13.2343,0.9426,0.014041
238600000000000002,238500000000000001,2024-02-27,4299,50,1829,2.3505,54.49,12.6754,1.0898,0.011631
238600000000000003,238500000000000002,2024-02-27,2506,57,1031,2.4306,33.47,13.3563,0.5872,0.022745
238600000000000004,238500000000000002,2024-02-27,2950,75,1482,1.9906,39.14,13.2678,0.5219,0.025424
238600000000000005,238500000000000003,2024-02-27,4303,70,1474,2.9193,54.46,12.6558,0.778,0.016268
238600000000000006,238500000000000004,2024-02-27,4306,63,2594,1.66,54.34,12.6207,0.8626,0.014631
238600000000000001,238500000000000001,2024-02-28,5365,48,1994,2.6906,59.0,10.9972,1.2292,0.008947
238600000000000002,238500000000000001,2024-02-28,5843,57,1994,2.9303,74.14,12.6885,1.3007,0.009755
238600000000000003,238500000000000002,2024-02-28,2443,78,1152,2.1207,34.98,14.32,0.4485,0.031928
238600000000000004,238500000000000002,2024-02-28,3079,68,1866,1.6501,41.1,13.347,0.6043,0.022085
238600000000000005,238500000000000003,2024-02-28,5001,96,2810,1.7797,57.06,11.4096,0.5944,0.019196
238600000000000006,238500000000000004,2024-02-28,4907,86,2886,1.7003,57.75,11.7687,0.6715,0.017526
238600000000000007,238500000000000004,2024-02-28,4618,62,2799,1.6499,56.37,12.2065,0.9092,0.013426
238600000000000001,238500000000000001,2024-02-29,9332,82,5426,1.7199,87.81,9.4096,1.0709,0.008787
238600000000000002,238500000000000001,2024-02-29,7987,77,5873,1.36,102.14,12.7889,1.3266,0.009641
238600000000000003,238500000000000002,2024-02-29,2888,77,2387,1.2099,51.78,17.9296,0.6725,0.026662
238600000000000004,238500000000000002,2024-02-29,3998,122,1960,2.0398,56.76,14.1983,0.4653,0.030515
238600000000000005,238500000000000003,2024-02-29,7168,131,3024,2.3704,81.41,11.3573,0.6214,0.018276
238600000000000006,238500000000000004,2024-02-29,6504,96,2840,2.2901,87.54,13.4601,0.9119,0.01476
238600000000000007,238500000000000004,2024-02-29,5452,71,1887,2.8892,75.27,13.8067,1.0602,0.013023
238600000000000001,238500000000000001,2024-03-01,7338,110,3706,1.98,92.46,12.6004,0.8406,0.01499
238600000000000002,238500000000000001,2024-03-01,9811,106,7725,1.27,84.19,8.5812,0.7942,0.010804
238600000000000003,238500000000000002,2024-03-01,3691,95,1846,1.9995,50.38,13.6485,0.5303,0.025738
238600000000000004,238500000000000002,2024-03-01,3380,83,2139,1.5802,50.57,14.9607,0.6092,0.024556
238600000000000005,238500000000000003,2024-03-01,5514,68,3777,1.4599,75.71,13.7302,1.1134,0.012332
238600000000000006,238500000000000004,2024-03-01,3952,57,2125,1.8598,76.23,19.2902,1.3375,0.014423
238600000000000007,238500000000000004,2024-03-01,3938,44,2917,1.35,75.18,19.0913,1.7087,0.011173
238600000000000001,238500000000000001,2024-03-02,7488,108,5547,1.3499,69.15,9.2347,0.6403,0.014423
238600000000000002,238500000000000001,2024-03-02,10568,151,5743,1.8402,92.26,8.7302,0.611,0.014288
238600000000000003,238500000000000002,2024-03-02,3490,88,1419,2.4595,45.81,13.1269,0.5206,0.025215
238600000000000004,238500000000000002,2024-03-02,3951,108,1401,2.8201,46.42,11.7494,0.4298,0.027335
238600000000000005,238500000000000003,2024-03-02,6248,103,4561,1.3699,69.18,11.0717,0.6716,0.016485
238600000000000006,238500000000000004,2024-03-02,4154,45,1629,2.55,65.69,15.813,1.4597,0.010833
238600000000000007,238500000000000004,2024-03-02,4045,56,1515,2.67,72.66,17.9641,1.2976,0.013844
238600000000000001,238500000000000001,2024-03-03,5800,65,2266,2.5596,61.41,10.5881,0.9448,0.011207
238600000000000002,238500000000000001,2024-03-03,6707,62,3549,1.8898,60.88,9.0765,0.9819,0.009244
238600000000000003,238500000000000002,2024-03-03,2546,55,1384,1.8396,32.75,12.8631,0.5954,0.021603
238600000000000004,238500000000000002,2024-03-03,2535,86,925,2.7405,37.13,14.6465,0.4317,0.033925
238600000000000005,238500000000000003,2024-03-03,5104,78,3190,1.6,52.41,10.2682,0.6719,0.015282
238600000000000006,238500000000000004,2024-03-03,3013,39,2036,1.4799,49.53,16.4401,1.2701,0.012944
238600000000000007,238500000000000004,2024-03-03,3842,43,1537,2.4997,55.28,14.3892,1.2857,0.011192
238600000000000001,238500000000000001,2024-03-04,6242,67,4189,1.4901,73.53,11.7801,1.0975,0.010734
238600000000000002,238500000000000001,2024-03-04,6176,77,5021,1.23,55.16,8.931,0.7163,0.012468
238600000000000003,238500000000000002,2024-03-04,2515,58,931,2.7014,41.08,16.3349,0.7083,0.023062
238600000000000004,238500000000000002,2024-03-04,2105,45,736,2.8601,32.45,15.4177,0.7212,0.021378
238600000000000005,238500000000000003,2024-03-04,5648,112,4592,1.23,55.15,9.765,0.4924,0.01983
238600000000000006,238500000000000004,2024-03-04,3847,60,2137,1.8002,53.11,13.8059,0.8852,0.015597
238600000000000007,238500000000000004,2024-03-04,2870,37,1125,2.5511,57.19,19.9282,1.5458,0.012892
238600000000000001,238500000000000001,2024-03-05,7704,81,2986,2.58,64.3,8.3468,0.7939,0.010514
238600000000000002,238500000000000001,2024-03-05,5638,54,4086,1.3798,74.63,13.2365,1.382,0.009578
238600000000000004,238500000000000002,2024-03-05,2545,78,1497,1.7001,37.14,14.5939,0.4762,0.030648
238600000000000005,238500000000000003,2024-03-05,4247,69,2469,1.7201,59.54,14.0197,0.8629,0.016247
238600000000000006,238500000000000004,2024-03-05,4237,70,2087,2.0302,58.22,13.7404,0.8317,0.016521
238600000000000007,238500000000000004,2024-03-05,4836,69,1617,2.9907,60.87,12.5859,0.8821,0.014268
238600000000000001,238500000000000001,2024-03-06,6281,82,2151,2.92,69.43,11.0543,0.8467,0.013055
238600000000000002,238500000000000001,2024-03-06,9837,120,6072,1.6201,98.58,10.0211,0.8215,0.012199
238600000000000003,238500000000000002,2024-03-06,3627,118,1319,2.7498,48.8,13.4539,0.4135,0.032534
238600000000000004,238500000000000002,2024-03-06,3617,82,1629,2.2204,47.21,13.0518,0.5757,0.022671
238600000000000005,238500000000000003,2024-03-06,5572,80,3869,1.4402,72.0,12.9225,0.9001,0.014358
238600000000000006,238500000000000004,2024-03-06,4624,58,2055,2.2501,68.32,14.7748,1.1779,0.012543
238600000000000007,238500000000000004,2024-03-06,5008,73,2266,2.2101,75.69,15.1138,1.0368,0.014577
238600000000000002,238500000000000001,2024-03-07,4988,64,2771,1.8001,59.3,11.8884,0.9266,0.012831
238600000000000003,238500000000000002,2024-03-07,2456,81,1127,2.1792,32.59,13.2679,0.4023,0.03298
238600000000000004,238500000000000002,2024-03-07,3322,86,2215,1.4998,41.36,12.4499,0.4809,0.025888
238600000000000005,238500000000000003,2024-03-07,4951,64,2415,2.0501,55.46,11.2014,0.8665,0.012927
238600000000000006,238500000000000004,2024-03-07,3634,45,2077,1.7496,58.48,16.0924,1.2996,0.012383
238600000000000007,238500000000000004,2024-03-07,2722,40,1354,2.0103,52.44,19.2641,1.3109,0.014695
238600000000000001,238500000000000001,2024-03-08,3414,32,1682,2.0297,45.15,13.226,1.411,0.009373
238600000000000002,238500000000000001,2024-03-08,5107,65,2084,2.4506,59.11,11.5741,0.9094,0.012728
238600000000000003,238500000000000002,2024-03-08,2114,52,1665,1.2697,32.87,15.547,0.632,0.024598
238600000000000004,238500000000000002,2024-03-08,2349,54,810,2.9,26.71,11.3717,0.4947,0.022989
238600000000000005,238500000000000003,2024-03-08,3683,63,1364,2.7001,44.68,12.1325,0.7093,0.017106
238600000000000007,238500000000000004,2024-03-08,3827,49,2422,1.5801,51.17,13.3697,1.0442,0.012804
238600000000000001,238500000000000001,2024-03-09,6626,83,3125,2.1203,88.69,13.3853,1.0686,0.012526
238600000000000003,238500000000000002,2024-03-09,4803,155,2596,1.8502,49.23,10.2507,0.3176,0.032271
238600000000000004,238500000000000002,2024-03-09,4740,106,2097,2.2604,50.79,10.7146,0.4791,0.022363
238600000000000005,238500000000000003,2024-03-09,7484,104,3042,2.4602,75.02,10.0235,0.7213,0.013896
238600000000000006,238500000000000004,2024-03-09,4340,53,1491,2.9108,64.0,14.746,1.2075,0.012212
238600000000000007,238500000000000004,2024-03-09,4646,83,3342,1.3902,86.03,18.518,1.0366,0.017865
238600000000000001,238500000000000001,2024-03-10,5744,61,3139,1.8299,52.02,9.0565,0.8528,0.01062
238600000000000002,238500000000000001,2024-03-10,8040,70,3526,2.2802,69.13,8.5983,0.9876,0.008706
238600000000000003,238500000000000002,2024-03-10,2516,70,1603,1.5696,33.64,13.3686,0.4805,0.027822
238600000000000005,238500000000000003,2024-03-10,3664,69,1970,1.8599,51.92,14.1709,0.7525,0.018832
238600000000000006,238500000000000004,2024-03-10,3196,54,2333,1.3699,51.41,16.0852,0.952,0.016896
238600000000000007,238500000000000004,2024-03-10,3382,42,1966,1.7202,52.44,15.5044,1.2485,0.012419
238600000000000001,238500000000000001,2024-03-11,5490,50,3475,1.5799,66.54,12.1205,1.3308,0.009107
238600000000000002,238500000000000001,2024-03-11,6160,51,4000,1.54,51.26,8.3219,1.0052,0.008279
238600000000000003,238500000000000002,2024-03-11,2143,51,1165,1.8395,35.89,16.7487,0.7038,0.023798
238600000000000004,238500000000000002,2024-03-11,1966,51,833,2.3601,31.42,15.984,0.6162,0.025941
238600000000000005,238500000000000003,2024-03-11,3393,68,1542,2.2004,50.49,14.88,0.7425,0.020041
238600000000000006,238500000000000004,2024-03-11,3844,53,1822,2.1098,50.67,13.1805,0.956,0.013788
238600000000000007,238500000000000004,2024-03-11,2903,36,1423,2.0401,50.31,17.3303,1.3975,0.012401
238600000000000001,238500000000000001,2024-03-12,5085,64,3581,1.42,62.53,12.2969,0.977,0.012586
238600000000000002,238500000000000001,2024-03-12,5492,60,4161,1.3199,48.37,8.808,0.8062,0.010925
238600000000000003,238500000000000002,2024-03-12,1807,48,682,2.6496,29.63,16.3971,0.6173,0.026563
238600000000000004,238500000000000002,2024-03-12,2514,60,1175,2.1396,33.74,13.4224,0.5624,0.023866
238600000000000005,238500000000000003,2024-03-12,3231,59,1243,2.5994,47.53,14.7106,0.8056,0.018261
238600000000000006,238500000000000004,2024-03-12,4108,53,2128,1.9305,48.7,11.8557,0.9189,0.012902
238600000000000007,238500000000000004,2024-03-12,3843,63,1461,2.6304,46.36,12.0627,0.7358,0.016393
238600000000000001,238500000000000001,2024-03-13,4023,48,2874,1.3998,56.12,13.9505,1.1692,0.011931
238600000000000002,238500000000000001,2024-03-13,5318,44,1821,2.9204,50.8,9.5516,1.1544,0.008274
238600000000000003,238500000000000002,2024-03-13,2498,67,1837,1.3598,35.22,14.1007,0.5257,0.026821
238600000000000004,238500000000000002,2024-03-13,2073,58,890,2.3292,25.87,12.4807,0.4461,0.027979
238600000000000005,238500000000000003,2024-03-13,3102,61,2462,1.26,45.82,14.7718,0.7512,0.019665
238600000000000006,238500000000000004,2024-03-13,2953,39,1668,1.7704,52.38,17.7384,1.3431,0.013207
238600000000000007,238500000000000004,2024-03-13,2700,42,1617,1.6698,39.26,14.5418,0.9348,0.015556
238600000000000001,238500000000000001,2024-03-14,4028,44,1744,2.3096,42.01,10.4285,0.9547,0.010924
238600000000000002,238500000000000001,2024-03-14,3049,42,1752,1.7403,37.48,12.2921,0.8924,0.013775
238600000000000003,238500000000000002,2024-03-14,2263,66,1469,1.5405,22.98,10.1569,0.3483,0.029165
238600000000000004,238500000000000002,2024-03-14,1419,43,775,1.831,22.44,15.8104,0.5217,0.030303
238600000000000005,238500000000000003,2024-03-14,2382,47,1267,1.88,34.06,14.301,0.7248,0.019731
238600000000000007,238500000000000004,2024-03-14,2497,31,921,2.7112,31.91,12.7801,1.0294,0.012415
238600000000000001,238500000000000001,2024-03-15,4527,64,2125,2.1304,59.43,13.1286,0.9286,0.014137
238600000000000002,238500000000000001,2024-03-15,5889,53,2930,2.0099,61.67,10.4729,1.1637,0.009
238600000000000003,238500000000000002,2024-03-15,3716,89,2858,1.3002,38.63,10.396,0.4341,0.02395
238600000000000004,238500000000000002,2024-03-15,2500,74,1073,2.3299,30.57,12.2292,0.4131,0.0296
238600000000000005,238500000000000003,2024-03-15,4853,77,3852,1.2599,51.9,10.6951,0.6741,0.015866
238600000000000006,238500000000000004,2024-03-15,2791,35,1886,1.4799,52.09,18.6629,1.4882,0.01254
238600000000000007,238500000000000004,2024-03-15,2609,30,1380,1.8906,51.72,19.8232,1.724,0.011499
238600000000000001,238500000000000001,2024-03-16,3478,50,1880,1.85,47.8,13.7442,0.956,0.014376
238600000000000002,238500000000000001,2024-03-16,4722,52,1959,2.4104,48.02,10.1702,0.9235,0.011012
238600000000000003,238500000000000002,2024-03-16,2163,69,1050,2.06,27.31,12.6244,0.3957,0.0319
238600000000000004,238500000000000002,2024-03-16,2566,66,1010,2.5406,27.45,10.698,0.4159,0.025721
238600000000000005,238500000000000003,2024-03-16,3030,43,1396,2.1705,41.07,13.5539,0.9551,0.014191
238600000000000006,238500000000000004,2024-03-16,1858,31,1239,1.4996,34.05,18.3241,1.0983,0.016685
238600000000000007,238500000000000004,2024-03-16,4314,67,1672,2.5801,48.09,11.1475,0.7178,0.015531
238600000000000001,238500000000000001,2024-03-17,5285,69,2010,2.6294,60.76,11.4971,0.8806,0.013056
238600000000000002,238500000000000001,2024-03-17,5554,68,2736,2.03,49.05,8.8309,0.7213,0.012243
238600000000000003,238500000000000002,2024-03-17,2751,63,2008,1.37,31.37,11.4019,0.4979,0.022901
238600000000000004,238500000000000002,2024-03-17,1758,43,837,2.1004,31.38,17.8505,0.7298,0.02446
238600000000000005,238500000000000003,2024-03-17,4070,62,1995,2.0401,47.06,11.5629,0.759,0.015233
238600000000000006,238500000000000004,2024-03-17,2427,31,1113,2.1806,46.39,19.1123,1.4963,0.012773
238600000000000007,238500000000000004,2024-03-17,2571,26,1041,2.4697,47.74,18.5673,1.836,0.010113
238600000000000001,238500000000000001,2024-03-18,3482,43,1924,1.8098,37.89,10.8816,0.8812,0.012349
238600000000000002,238500000000000001,2024-03-18,3718,43,1762,2.1101,39.05,10.5041,0.9082,0.011565
238600000000000003,238500000000000002,2024-03-18,1189,40,632,1.8813,21.17,17.8057,0.5293,0.033642
238600000000000004,238500000000000002,2024-03-18,1303,39,636,2.0487,22.8,17.4958,0.5845,0.029931
238600000000000005,238500000000000003,2024-03-18,2380,30,1240,1.9194,32.98,13.8555,1.0992,0.012605
238600000000000006,238500000000000004,2024-03-18,2910,36,1169,2.4893,32.06,11.0172,0.8906,0.012371
238600000000000007,238500000000000004,2024-03-18,1702,27,597,2.8509,33.89,19.913,1.2553,0.015864
238600000000000001,238500000000000001,2024-03-19,3568,41,1405,2.5395,46.1,12.9196,1.1243,0.011491
238600000000000002,238500000000000001,2024-03-19,3291,31,1688,1.9496,44.08,13.3927,1.4218,0.00942
238600000000000003,238500000000000002,2024-03-19,1704,37,710,2.4,25.8,15.1392,0.6972,0.021714
238600000000000004,238500000000000002,2024-03-19,1867,61,898,2.0791,25.73,13.7815,0.4218,0.032673
238600000000000005,238500000000000003,2024-03-19,3271,48,2370,1.3802,38.65,11.8146,0.8051,0.014674
238600000000000006,238500000000000004,2024-03-19,2574,42,2043,1.2599,45.53,17.6892,1.0841,0.016317
238600000000000007,238500000000000004,2024-03-19,2832,49,2230,1.27,31.76,11.2143,0.6481,0.017302
238600000000000001,238500000000000001,2024-03-20,4954,68,3370,1.47,48.29,9.7467,0.7101,0.013726
238600000000000002,238500000000000001,2024-03-20,3856,50,2425,1.5901,49.46,12.8278,0.9893,0.012967
238600000000000003,238500000000000002,2024-03-20,2089,71,1431,1.4598,27.74,13.277,0.3906,0.033988
238600000000000004,238500000000000002,2024-03-20,2297,54,1305,1.7602,28.12,12.2425,0.5208,0.023509
238600000000000005,238500000000000003,2024-03-20,3742,50,1862,2.0097,41.89,11.1952,0.8379,0.013362
238600000000000006,238500000000000004,2024-03-20,2666,33,932,2.8605,34.11,12.7963,1.0338,0.012378
238600000000000007,238500000000000004,2024-03-20,2612,31,901,2.899,49.67,19.0162,1.6023,0.011868
238600000000000001,238500000000000001,2024-03-21,4122,54,2468,1.6702,43.54,10.5635,0.8063,0.0131
238600000000000002,238500000000000001,2024-03-21,3225,32,1822,1.77,43.03,13.344,1.3448,0.009922
238600000000000003,238500000000000002,2024-03-21,2170,72,795,2.7296,24.08,11.0969,0.3344,0.03318
238600000000000004,238500000000000002,2024-03-21,1450,36,681,2.1292,25.39,17.5119,0.7053,0.024828
238600000000000005,238500000000000003,2024-03-21,3580,44,1989,1.7999,37.1,10.3644,0.8433,0.012291
238600000000000006,238500000000000004,2024-03-21,2923,38,1499,1.95,40.45,13.8384,1.0645,0.013
238600000000000007,238500000000000004,2024-03-21,2470,32,1000,2.47,33.76,13.6678,1.055,0.012955
238600000000000001,238500000000000001,2024-03-22,4957,63,3541,1.3999,53.01,10.6943,0.8415,0.012709
238600000000000002,238500000000000001,2024-03-22,6201,85,2067,3.0,52.28,8.4303,0.615,0.013707
238600000000000003,238500000000000002,2024-03-22,1847,60,825,2.2388,31.11,16.8437,0.5185,0.032485
238600000000000004,238500000000000002,2024-03-22,2164,67,1524,1.4199,29.05,13.4261,0.4336,0.030961
238600000000000005,238500000000000003,2024-03-22,4828,76,2624,1.8399,45.12,9.3462,0.5937,0.015742
238600000000000006,238500000000000004,2024-03-22,3219,44,2515,1.2799,50.35,15.6411,1.1443,0.013669
238600000000000007,238500000000000004,2024-03-22,2653,42,1882,1.4097,39.9,15.0387,0.9499,0.015831
238600000000000001,238500000000000001,2024-03-23,7008,100,3171,2.21,71.58,10.214,0.7158,0.014269
238600000000000002,238500000000000001,2024-03-23,6348,54,4408,1.4401,74.04,11.6634,1.3711,0.008507
238600000000000003,238500000000000002,2024-03-23,2941,86,1176,2.5009,43.51,14.7957,0.506,0.029242
238600000000000004,238500000000000002,2024-03-23,2453,73,1355,1.8103,39.7,16.1829,0.5438,0.029759
238600000000000005,238500000000000003,2024-03-23,6620,99,3214,2.0597,62.41,9.4272,0.6304,0.014955
238600000000000006,238500000000000004,2024-03-23,3047,45,1133,2.6893,55.11,18.0866,1.2247,0.014769
238600000000000007,238500000000000004,2024-03-23,4240,55,1884,2.2505,69.71,16.4402,1.2674,0.012972
238600000000000001,238500000000000001,2024-03-24,3394,45,2533,1.3399,41.98,12.369,0.9329,0.013259
238600000000000002,238500000000000001,2024-03-24,4258,40,3548,1.2001,42.71,10.0296,1.0676,0.009394
238600000000000003,238500000000000002,2024-03-24,1718,58,799,2.1502,27.19,15.8243,0.4687,0.03376
238600000000000004,238500000000000002,2024-03-24,1424,32,567,2.5115,21.21,14.8919,0.6627,0.022472
238600000000000005,238500000000000003,2024-03-24,3029,54,1594,1.9003,36.29,11.9822,0.6721,0.017828
238600000000000006,238500000000000004,2024-03-24,2128,24,1097,1.9398,37.16,17.4612,1.5482,0.011278
238600000000000007,238500000000000004,2024-03-24,2529,38,1016,2.4892,35.43,14.0098,0.9324,0.015026
238600000000000001,238500000000000001,2024-03-25,6720,100,2471,2.7195,55.45,8.2521,0.5545,0.014881
238600000000000002,238500000000000001,2024-03-25,4482,46,2929,1.5302,47.28,10.5486,1.0278,0.010263
238600000000000003,238500000000000002,2024-03-25,2380,57,815,2.9202,30.9,12.9835,0.5421,0.02395
238600000000000004,238500000000000002,2024-03-25,2125,43,897,2.369,27.8,13.0841,0.6466,0.020235
238600000000000005,238500000000000003,2024-03-25,3025,55,1159,2.61,44.03,14.5548,0.8005,0.018182
238600000000000006,238500000000000004,2024-03-25,3542,40,1217,2.9104,42.9,12.1122,1.0725,0.011293
238600000000000007,238500000000000004,2024-03-25,2267,24,1574,1.4403,45.16,19.9185,1.8815,0.010587
238600000000000001,238500000000000001,2024-03-26,5979,78,2705,2.2104,49.91,8.348,0.6399,0.013046
238600000000000002,238500000000000001,2024-03-26,6633,82,2859,2.32,59.09,8.9088,0.7206,0.012362
238600000000000003,238500000000000002,2024-03-26,2635,88,983,2.6806,33.89,12.8623,0.3851,0.033397
238600000000000004,238500000000000002,2024-03-26,1733,39,688,2.5189,28.4,16.3857,0.7281,0.022504
238600000000000005,238500000000000003,2024-03-26,3588,56,2300,1.56,46.72,13.0202,0.8342,0.015608
238600000000000007,238500000000000004,2024-03-26,2099,22,786,2.6705,40.65,19.3641,1.8475,0.010481
238600000000000001,238500000000000001,2024-03-27,5576,76,2435,2.2899,46.91,8.4134,0.6173,0.01363
238600000000000002,238500000000000001,2024-03-27,5371,71,3892,1.38,58.66,10.922,0.8262,0.013219
238600000000000003,238500000000000002,2024-03-27,1835,44,846,2.169,30.88,16.8282,0.7018,0.023978
238600000000000004,238500000000000002,2024-03-27,1824,48,1019,1.79,29.45,16.1452,0.6135,0.026316
238600000000000005,238500000000000003,2024-03-27,4592,89,2285,2.0096,45.25,9.8533,0.5084,0.019382
238600000000000006,238500000000000004,2024-03-27,2770,37,986,2.8093,43.4,15.6688,1.173,0.013357
238600000000000007,238500000000000004,2024-03-27,2591,42,1891,1.3702,47.09,18.1745,1.1212,0.01621
238600000000000001,238500000000000001,2024-03-28,5574,56,2266,2.4598,59.03,10.5895,1.054,0.010047
238600000000000002,238500000000000001,2024-03-28,6901,76,2852,2.4197,55.34,8.0198,0.7282,0.011013
238600000000000004,238500000000000002,2024-03-28,2702,56,1275,2.1192,36.32,13.4406,0.6485,0.020725
238600000000000005,238500000000000003,2024-03-28,5252,89,1924,2.7297,49.02,9.3328,0.5507,0.016946
238600000000000006,238500000000000004,2024-03-28,2595,36,1563,1.6603,49.65,19.1347,1.3793,0.013873
238600000000000007,238500000000000004,2024-03-28,3460,54,1258,2.7504,48.38,13.9819,0.8959,0.015607
238600000000000001,238500000000000001,2024-03-29,6327,72,5062,1.2499,60.3,9.531,0.8375,0.01138
238600000000000002,238500000000000001,2024-03-29,8989,105,4428,2.03,78.11,8.6891,0.7439,0.011681
238600000000000003,238500000000000002,2024-03-29,2618,86,1133,2.3107,40.99,15.658,0.4767,0.03285
238600000000000004,238500000000000002,2024-03-29,3738,128,1888,1.9799,38.1,10.1921,0.2976,0.034243
238600000000000005,238500000000000003,2024-03-29,4338,69,2522,1.7201,59.32,13.6741,0.8597,0.015906
238600000000000006,238500000000000004,2024-03-29,3837,67,1592,2.4102,50.0,13.0311,0.7463,0.017462
238600000000000007,238500000000000004,2024-03-29,3594,46,1336,2.6901,68.64,19.0974,1.4921,0.012799
238600000000000001,238500000000000001,2024-03-30,5809,55,3564,1.6299,53.93,9.2831,0.9805,0.009468
238600000000000002,238500000000000001,2024-03-30,4728,43,2159,2.1899,54.39,11.5029,1.2648,0.009095
238600000000000003,238500000000000002,2024-03-30,2502,66,1498,1.6702,28.67,11.4585,0.4344,0.026379
238600000000000004,238500000000000002,2024-03-30,1981,51,1065,1.8601,33.22,16.7708,0.6514,0.025745
238600000000000005,238500000000000003,2024-03-30,3414,49,1417,2.4093,46.42,13.5967,0.9473,0.014353
238600000000000006,238500000000000004,2024-03-30,2522,40,894,2.821,43.2,17.1293,1.08,0.01586
238600000000000007,238500000000000004,2024-03-30,3155,43,1262,2.5,49.64,15.7331,1.1544,0.013629
238600000000000001,238500000000000001,2024-03-31,7116,91,4020,1.7701,58.24,8.1842,0.64,0.012788
238600000000000002,238500000000000001,2024-03-31,3790,52,2269,1.6703,49.03,12.9365,0.9429,0.01372
238600000000000003,238500000000000002,2024-03-31,1729,60,800,2.1612,30.37,17.5669,0.5062,0.034702
238600000000000004,238500000000000002,2024-03-31,2410,81,1555,1.5498,30.92,12.8311,0.3818,0.03361
238600000000000005,238500000000000003,2024-03-31,3589,65,1430,2.5098,45.97,12.8091,0.7073,0.018111
238600000000000006,238500000000000004,2024-03-31,3082,38,1468,2.0995,44.15,14.3241,1.1618,0.01233
238600000000000007,238500000000000004,2024-03-31,4099,56,2081,1.9697,47.8,11.6607,0.8535,0.013662
238600000000000001,238500000000000001,2024-04-01,7217,103,4455,1.62,66.77,9.2523,0.6483,0.014272
238600000000000002,238500000000000001,2024-04-01,5259,76,2481,2.1197,65.44,12.4426,0.861,0.014451
238600000000000003,238500000000000002,2024-04-01,2622,71,1070,2.4505,35.28,13.4545,0.4969,0.027079
238600000000000004,238500000000000002,2024-04-01,3646,77,2003,1.8203,40.27,11.0452,0.523,0.021119
238600000000000005,238500000000000003,2024-04-01,4609,87,1606,2.8699,56.66,12.2936,0.6513,0.018876
238600000000000006,238500000000000004,2024-04-01,3090,50,1073,2.8798,60.59,19.6068,1.2117,0.016181
238600000000000007,238500000000000004,2024-04-01,3503,42,1957,1.79,52.74,15.0549,1.2557,0.01199
238600000000000001,238500000000000001,2024-04-02,4624,62,2300,2.0104,48.75,10.5425,0.7863,0.013408
238600000000000002,238500000000000001,2024-04-02,6115,55,3012,2.0302,63.79,10.4321,1.1599,0.008994
238600000000000004,238500000000000002,2024-04-02,1925,56,930,2.0699,33.74,17.5254,0.6024,0.029091
238600000000000005,238500000000000003,2024-04-02,4154,53,2347,1.7699,48.23,11.6109,0.91,0.012759
238600000000000006,238500000000000004,2024-04-02,2646,41,1203,2.1995,45.82,17.3156,1.1175,0.015495
238600000000000007,238500000000000004,2024-04-02,2980,50,1795,1.6602,50.65,16.9955,1.0129,0.016779
238600000000000001,238500000000000001,2024-04-03,6161,50,3442,1.7899,67.65,10.9809,1.3531,0.008116
238600000000000002,238500000000000001,2024-04-03,5751,74,2847,2.02,79.92,13.8965,1.08,0.012867
238600000000000003,238500000000000002,2024-04-03,3878,106,2712,1.4299,47.87,12.344,0.4516,0.027334
238600000000000004,238500000000000002,2024-04-03,2141,63,982,2.1802,36.46,17.0278,0.5787,0.029426
238600000000000005,238500000000000003,2024-04-03,5041,69,2049,2.4602,63.25,12.5461,0.9166,0.013688
238600000000000006,238500000000000004,2024-04-03,3951,57,1956,2.0199,72.59,18.3719,1.2735,0.014427
238600000000000007,238500000000000004,2024-04-03,3835,42,2507,1.5297,53.9,14.0555,1.2834,0.010952
238600000000000001,238500000000000001,2024-04-04,5060,65,1902,2.6604,44.05,8.7046,0.6776,0.012846
238600000000000002,238500000000000001,2024-04-04,5048,54,1905,2.6499,51.33,10.1686,0.9506,0.010697
238600000000000003,238500000000000002,2024-04-04,1719,45,955,1.8,30.86,17.9545,0.6859,0.026178
238600000000000004,238500000000000002,2024-04-04,1801,58,715,2.5189,23.64,13.1245,0.4075,0.032204
238600000000000005,238500000000000003,2024-04-04,4163,58,1577,2.6398,40.88,9.8188,0.7048,0.013932
238600000000000006,238500000000000004,2024-04-04,2532,32,1146,2.2094,45.85,18.1094,1.4329,0.012638
238600000000000001,238500000000000001,2024-04-05,5335,58,1778,3.0006,59.74,11.1972,1.0299,0.010872
238600000000000002,238500000000000001,2024-04-05,4901,43,1842,2.6607,50.86,10.3781,1.1829,0.008774
238600000000000003,238500000000000002,2024-04-05,3030,92,2020,1.5,32.19,10.6234,0.3499,0.030363
238600000000000004,238500000000000002,2024-04-05,1999,42,961,2.0801,31.01,15.5132,0.7384,0.021011
238600000000000005,238500000000000003,2024-04-05,4004,68,2032,1.9705,47.4,11.8381,0.6971,0.016983
238600000000000006,238500000000000004,2024-04-05,2238,28,1492,1.5,43.28,19.3387,1.5457,0.012511
238600000000000007,238500000000000004,2024-04-05,4085,72,1428,2.8606,51.52,12.612,0.7156,0.017625
238600000000000002,238500000000000001,2024-04-06,5465,61,4172,1.3099,58.59,10.721,0.9605,0.011162
238600000000000003,238500000000000002,2024-04-06,2566,88,1130,2.2708,29.27,11.4053,0.3326,0.034295
238600000000000004,238500000000000002,2024-04-06,2540,65,910,2.7912,34.1,13.4264,0.5247,0.025591
238600000000000005,238500000000000003,2024-04-06,3697,46,1385,2.6693,47.53,12.8555,1.0332,0.012443
238600000000000006,238500000000000004,2024-04-06,2933,51,998,2.9389,49.71,16.9478,0.9747,0.017388
238600000000000007,238500000000000004,2024-04-06,2859,32,1294,2.2094,45.35,15.8607,1.4171,0.011193
238600000000000001,238500000000000001,2024-04-07,6057,82,2534,2.3903,65.62,10.8329,0.8002,0.013538
238600000000000002,238500000000000001,2024-04-07,7563,85,4584,1.6499,76.81,10.1554,0.9036,0.011239
238600000000000003,238500000000000002,2024-04-07,2337,74,1291,1.8102,42.06,17.9987,0.5684,0.031665
238600000000000004,238500000000000002,2024-04-07,2718,76,1901,1.4298,39.32,14.4665,0.5174,0.027962
238600000000000005,238500000000000003,2024-04-07,6141,116,2613,2.3502,61.04,9.9393,0.5262,0.018889
238600000000000006,238500000000000004,2024-04-07,4244,53,1806,2.3499,64.63,15.2287,1.2194,0.012488
238600000000000007,238500000000000004,2024-04-07,3947,61,1983,1.9904,57.44,14.5539,0.9417,0.015455
238600000000000001,238500000000000001,2024-04-08,6536,54,3714,1.7598,65.56,10.0302,1.214,0.008262
238600000000000002,238500000000000001,2024-04-08,7554,64,5680,1.3299,64.12,8.4884,1.0019,0.008472
238600000000000003,238500000000000002,2024-04-08,2391,71,1022,2.3395,36.95,15.4555,0.5205,0.029695
238600000000000004,238500000000000002,2024-04-08,2254,78,1544,1.4598,37.15,16.4808,0.4763,0.034605
238600000000000005,238500000000000003,2024-04-08,4692,89,2697,1.7397,55.58,11.8449,0.6245,0.018968
238600000000000006,238500000000000004,2024-04-08,4906,75,2417,2.0298,66.19,13.4925,0.8826,0.015287
238600000000000007,238500000000000004,2024-04-08,2785,47,1948,1.4297,44.96,16.1431,0.9566,0.016876
238600000000000001,238500000000000001,2024-04-09,8278,115,5142,1.6099,72.41,8.747,0.6296,0.013892
238600000000000002,238500000000000001,2024-04-09,5003,42,1762,2.8394,53.77,10.7482,1.2803,0.008395
238600000000000003,238500000000000002,2024-04-09,2218,74,804,2.7587,34.45,15.5313,0.4655,0.033363
238600000000000004,238500000000000002,2024-04-09,2215,45,923,2.3998,37.66,17.0001,0.8368,0.020316
238600000000000005,238500000000000003,2024-04-09,3684,47,1713,2.1506,54.08,14.6791,1.1506,0.012758
238600000000000006,238500000000000004,2024-04-09,2679,37,1873,1.4303,49.25,18.3839,1.3311,0.013811
238600000000000007,238500000000000004,2024-04-09,3292,40,2195,1.4998,58.91,17.8934,1.4726,0.012151
238600000000000001,238500000000000001,2024-04-10,4349,46,2499,1.7403,52.16,11.9928,1.1338,0.010577
238600000000000002,238500000000000001,2024-04-10,5249,78,3322,1.5801,53.37,10.1685,0.6843,0.01486
238600000000000003,238500000000000002,2024-04-10,1741,56,1049,1.6597,26.7,15.3378,0.4768,0.032165
238600000000000004,238500000000000002,2024-04-10,1868,53,631,2.9604,33.6,17.9874,0.634,0.028373
238600000000000006,238500000000000004,2024-04-10,3921,42,1431,2.74,46.72,11.9148,1.1123,0.010712
238600000000000007,238500000000000004,2024-04-10,2890,50,980,2.949,43.74,15.134,0.8747,0.017301
238600000000000001,238500000000000001,2024-04-11,6690,60,4551,1.47,58.68,8.7707,0.9779,0.008969
238600000000000002,238500000000000001,2024-04-11,7049,58,5300,1.33,59.14,8.3902,1.0197,0.008228
238600000000000003,238500000000000002,2024-04-11,2506,53,1519,1.6498,36.61,14.6089,0.6908,0.021149
238600000000000004,238500000000000002,2024-04-11,2453,84,1902,1.2897,30.72,12.5214,0.3657,0.034244
238600000000000005,238500000000000003,2024-04-11,4074,59,1440,2.8292,50.49,12.3941,0.8558,0.014482
238600000000000006,238500000000000004,2024-04-11,3041,51,1821,1.67,51.5,16.9343,1.0098,0.016771
238600000000000007,238500000000000004,2024-04-11,3110,36,1555,2.0,49.49,15.9132,1.3747,0.011576
238600000000000001,238500000000000001,2024-04-12,7514,70,5870,1.2801,65.89,8.769,0.9413,0.009316
238600000000000002,238500000000000001,2024-04-12,5787,56,3345,1.73,57.47,9.9308,1.0262,0.009677
238600000000000003,238500000000000002,2024-04-12,2797,73,1044,2.6791,35.73,12.7749,0.4895,0.026099
238600000000000004,238500000000000002,2024-04-12,2618,56,949,2.7587,34.76,13.2775,0.6207,0.02139
238600000000000005,238500000000000003,2024-04-12,3707,71,1459,2.5408,52.87,14.2619,0.7446,0.019153
238600000000000006,238500000000000004,2024-04-12,3525,51,1885,1.87,51.94,14.7335,1.0183,0.014468
238600000000000007,238500000000000004,2024-04-12,2992,38,1284,2.3302,53.8,17.982,1.4158,0.012701
238600000000000001,238500000000000001,2024-04-13,3660,47,1564,2.3402,45.12,12.3289,0.9601,0.012842
238600000000000002,238500000000000001,2024-04-13,4580,42,1847,2.4797,56.62,12.3627,1.3481,0.00917
238600000000000003,238500000000000002,2024-04-13,2426,68,1673,1.4501,29.4,12.1171,0.4323,0.02803
238600000000000004,238500000000000002,2024-04-13,2841,89,1787,1.5898,28.74,10.1176,0.323,0.031327
238600000000000005,238500000000000003,2024-04-13,3117,52,1513,2.0601,43.6,13.9894,0.8386,0.016683
238600000000000006,238500000000000004,2024-04-13,3728,63,2048,1.8203,44.91,12.0458,0.7128,0.016899
238600000000000001,238500000000000001,2024-04-14,6430,94,2690,2.3903,52.95,8.2355,0.5633,0.014619
238600000000000002,238500000000000001,2024-04-14,4031,36,1440,2.7993,50.44,12.5121,1.401,0.008931
238600000000000003,238500000000000002,2024-04-14,1707,52,1366,1.2496,29.86,17.4947,0.5743,0.030463
238600000000000004,238500000000000002,2024-04-14,2487,83,1036,2.4006,29.22,11.7479,0.352,0.033374
238600000000000005,238500000000000003,2024-04-14,3066,38,1153,2.6592,44.31,14.4522,1.1661,0.012394
238600000000000006,238500000000000004,2024-04-14,2496,38,908,2.7489,44.89,17.985,1.1813,0.015224
238600000000000007,238500000000000004,2024-04-14,2473,27,930,2.6591,43.73,17.683,1.6196,0.010918
238600000000000001,238500000000000001,2024-04-15,4273,46,2559,1.6698,51.03,11.9422,1.1093,0.010765
238600000000000002,238500000000000001,2024-04-15,5060,68,3721,1.3598,58.4,11.542,0.8589,0.013439
238600000000000003,238500000000000002,2024-04-15,2228,73,1428,1.5602,28.98,13.0067,0.397,0.032765
238600000000000004,238500000000000002,2024-04-15,2057,63,704,2.9219,33.55,16.3118,0.5326,0.030627
238600000000000005,238500000000000003,2024-04-15,4268,57,2134,2.0,46.9,10.9886,0.8228,0.013355
238600000000000006,238500000000000004,2024-04-15,3007,44,2368,1.2698,51.33,17.0693,1.1665,0.014633
238600000000000007,238500000000000004,2024-04-15,2275,38,1197,1.9006,42.47,18.6685,1.1177,0.016703
238600000000000001,238500000000000001,2024-04-16,6770,65,3869,1.7498,62.35,9.2099,0.9592,0.009601
238600000000000002,238500000000000001,2024-04-16,5595,79,2312,2.42,52.46,9.3764,0.6641,0.01412
238600000000000003,238500000000000002,2024-04-16,2970,93,1344,2.2098,37.11,12.4946,0.399,0.031313
238600000000000004,238500000000000002,2024-04-16,1702,59,633,2.6888,28.5,16.7437,0.483,0.034665
238600000000000005,238500000000000003,2024-04-16,4887,74,2125,2.2998,49.21,10.0686,0.6649,0.015142
238600000000000006,238500000000000004,2024-04-16,2711,35,975,2.7805,51.57,19.0232,1.4735,0.01291
238600000000000007,238500000000000004,2024-04-16,2508,44,961,2.6098,46.84,18.6755,1.0645,0.017544
238600000000000001,238500000000000001,2024-04-17,5284,59,3108,1.7001,57.51,10.884,0.9748,0.011166
238600000000000002,238500000000000001,2024-04-17,5002,44,2138,2.3396,59.58,11.9116,1.3541,0.008796
238600000000000003,238500000000000002,2024-04-17,2264,51,1509,1.5003,34.89,15.4115,0.6841,0.022527
238600000000000004,238500000000000002,2024-04-17,2681,73,1197,2.2398,32.02,11.9428,0.4386,0.027229
238600000000000005,238500000000000003,2024-04-17,4292,54,2235,1.9204,50.18,11.6921,0.9293,0.012582
238600000000000006,238500000000000004,2024-04-17,3018,44,1430,2.1105,51.75,17.1459,1.1761,0.014579
238600000000000007,238500000000000004,2024-04-17,2459,41,949,2.5911,48.62,19.7718,1.1858,0.016673
238600000000000001,238500000000000001,2024-04-18,6599,62,4489,1.47,54.39,8.2425,0.8773,0.009395
238600000000000002,238500000000000001,2024-04-18,3075,40,1331,2.3103,42.27,13.746,1.0567,0.013008
238600000000000003,238500000000000002,2024-04-18,2452,64,846,2.8983,27.37,11.1623,0.4277,0.026101
238600000000000004,238500000000000002,2024-04-18,2430,68,938,2.5906,27.87,11.4671,0.4098,0.027984
238600000000000005,238500000000000003,2024-04-18,3519,66,2241,1.5703,41.43,11.7722,0.6277,0.018755
238600000000000006,238500000000000004,2024-04-18,3467,50,1284,2.7002,40.23,11.6039,0.8046,0.014422
238600000000000007,238500000000000004,2024-04-18,2208,27,769,2.8713,42.62,19.3034,1.5786,0.012228
238600000000000001,238500000000000001,2024-04-19,3244,42,2015,1.6099,44.7,13.7788,1.0642,0.012947
238600000000000002,238500000000000001,2024-04-19,3210,42,1663,1.9302,43.47,13.5423,1.035,0.013084
238600000000000003,238500000000000002,2024-04-19,1930,66,1129,1.7095,26.06,13.504,0.3949,0.034197
238600000000000004,238500000000000002,2024-04-19,1605,45,701,2.2896,24.32,15.1525,0.5404,0.028037
238600000000000005,238500000000000003,2024-04-19,2647,43,995,2.6603,37.79,14.2753,0.8788,0.016245
238600000000000006,238500000000000004,2024-04-19,2407,27,955,2.5204,38.97,16.1923,1.4435,0.011217
238600000000000007,238500000000000004,2024-04-19,2415,31,1632,1.4798,36.6,15.1548,1.1806,0.012836
238600000000000001,238500000000000001,2024-04-20,6519,94,2618,2.4901,62.68,9.6156,0.6668,0.014419
238600000000000002,238500000000000001,2024-04-20,7977,71,3577,2.2301,69.02,8.6529,0.9722,0.008901
238600000000000003,238500000000000002,2024-04-20,2485,78,1926,1.2902,39.0,15.6924,0.4999,0.031388
238600000000000004,238500000000000002,2024-04-20,2786,92,978,2.8487,36.27,13.0172,0.3942,0.033022
238600000000000005,238500000000000003,2024-04-20,3801,72,1372,2.7704,56.45,14.8504,0.784,0.018942
238600000000000006,238500000000000004,2024-04-20,4486,60,1495,3.0007,50.55,11.2674,0.8424,0.013375
238600000000000007,238500000000000004,2024-04-20,4489,65,2022,2.2201,62.35,13.8888,0.9592,0.01448
238600000000000001,238500000000000001,2024-04-21,6538,91,3632,1.8001,55.68,8.5159,0.6118,0.013919
238600000000000002,238500000000000001,2024-04-21,4489,49,2580,1.7399,40.35,8.9877,0.8234,0.010916
238600000000000003,238500000000000002,2024-04-21,1908,54,686,2.7813,24.04,12.5995,0.4452,0.028302
238600000000000005,238500000000000003,2024-04-21,3465,62,2357,1.4701,41.15,11.8767,0.6638,0.017893
238600000000000006,238500000000000004,2024-04-21,3330,49,1114,2.9892,38.0,11.4101,0.7754,0.014715
238600000000000007,238500000000000004,2024-04-21,3815,50,1758,2.1701,44.31,11.6146,0.8862,0.013106
238600000000000001,238500000000000001,2024-04-22,3306,27,1489,2.2203,40.81,12.3441,1.5115,0.008167
238600000000000004,238500000000000002,2024-04-22,1825,53,742,2.4596,25.72,14.0911,0.4852,0.029041
238600000000000005,238500000000000003,2024-04-22,3463,67,1402,2.47,39.43,11.3866,0.5885,0.019347
238600000000000006,238500000000000004,2024-04-22,2489,33,1152,2.1606,41.99,16.8702,1.2724,0.013258
238600000000000007,238500000000000004,2024-04-22,2325,30,1081,2.1508,36.87,15.8597,1.2291,0.012903
238600000000000001,238500000000000001,2024-04-23,5560,55,3072,1.8099,61.67,11.0926,1.1214,0.009892
238600000000000002,238500000000000001,2024-04-23,5509,46,2448,2.2504,63.01,11.4382,1.3698,0.00835
238600000000000003,238500000000000002,2024-04-23,2479,50,1198,2.0693,39.19,15.8106,0.7839,0.020169
238600000000000004,238500000000000002,2024-04-23,1884,62,1248,1.5096,32.06,17.0147,0.517,0.032909
238600000000000005,238500000000000003,2024-04-23,4692,74,3128,1.5,53.44,11.3891,0.7221,0.015772
238600000000000006,238500000000000004,2024-04-23,2764,45,934,2.9593,50.62,18.3137,1.1249,0.016281
238600000000000007,238500000000000004,2024-04-23,3499,56,1367,2.5596,56.26,16.0778,1.0046,0.016005
238600000000000001,238500000000000001,2024-04-24,3372,38,1349,2.4996,44.89,13.3112,1.1812,0.011269
238600000000000002,238500000000000001,2024-04-24,3702,31,1238,2.9903,51.15,13.8172,1.65,0.008374
238600000000000003,238500000000000002,2024-04-24,1582,43,989,1.5996,25.07,15.844,0.5829,0.027181
238600000000000004,238500000000000002,2024-04-24,1929,59,1388,1.3898,29.81,15.4551,0.5053,0.030586
238600000000000005,238500000000000003,2024-04-24,2850,43,1036,2.751,41.16,14.4416,0.9572,0.015088
238600000000000006,238500000000000004,2024-04-24,1959,33,878,2.2312,36.58,18.6745,1.1086,0.016845
238600000000000007,238500000000000004,2024-04-24,3716,49,2322,1.6003,45.73,12.3073,0.9333,0.013186
238600000000000001,238500000000000001,2024-04-25,5895,57,1992,2.9593,52.58,8.9202,0.9225,0.009669
238600000000000002,238500000000000001,2024-04-25,5073,63,3451,1.47,52.27,10.3029,0.8296,0.012419
238600000000000003,238500000000000002,2024-04-25,2051,60,717,2.8605,28.9,14.0895,0.4816,0.029254
238600000000000004,238500000000000002,2024-04-25,2317,48,843,2.7485,31.02,13.3868,0.6462,0.020716
238600000000000005,238500000000000003,2024-04-25,3575,50,1386,2.5794,44.94,12.5695,0.8987,0.013986
238600000000000006,238500000000000004,2024-04-25,3059,33,2053,1.49,45.39,14.8386,1.3755,0.010788
238600000000000007,238500000000000004,2024-04-25,2590,33,1102,2.3503,44.48,17.174,1.3479,0.012741
238600000000000001,238500000000000001,2024-04-26,6985,65,2761,2.5299,63.4,9.0766,0.9754,0.009306
238600000000000002,238500000000000001,2024-04-26,4086,59,1648,2.4794,50.79,12.4293,0.8608,0.01444
238600000000000003,238500000000000002,2024-04-26,2894,101,1775,1.6304,35.96,12.4272,0.3561,0.0349
238600000000000004,238500000000000002,2024-04-26,2628,73,963,2.729,29.28,11.1433,0.4012,0.027778
238600000000000005,238500000000000003,2024-04-26,5096,87,2462,2.0699,48.94,9.603,0.5625,0.017072
238600000000000006,238500000000000004,2024-04-26,3880,49,1893,2.0497,47.14,12.1493,0.962,0.012629
238600000000000007,238500000000000004,2024-04-26,4160,75,3250,1.28,50.73,12.1957,0.6765,0.018029
238600000000000001,238500000000000001,2024-04-27,4789,67,3421,1.3999,54.42,11.364,0.8123,0.01399
238600000000000002,238500000000000001,2024-04-27,3124,26,1370,2.2803,41.66,13.3366,1.6024,0.008323
238600000000000003,238500000000000002,2024-04-27,1480,39,574,2.5784,24.91,16.8303,0.6387,0.026351
238600000000000004,238500000000000002,2024-04-27,2897,93,1360,2.1301,30.0,10.3547,0.3226,0.032102
238600000000000005,238500000000000003,2024-04-27,2974,36,1093,2.721,41.18,13.8466,1.1439,0.012105
238600000000000006,238500000000000004,2024-04-27,2551,26,1759,1.4503,41.66,16.3321,1.6024,0.010192
238600000000000007,238500000000000004,2024-04-27,2882,43,1052,2.7395,40.7,14.1209,0.9464,0.01492
238600000000000001,238500000000000001,2024-04-28,4943,69,3832,1.2899,61.52,12.4449,0.8915,0.013959
238600000000000002,238500000000000001,2024-04-28,5135,66,2356,2.1795,60.49,11.7791,0.9165,0.012853
238600000000000003,238500000000000002,2024-04-28,2354,80,1056,2.2292,37.21,15.8052,0.4651,0.033985
238600000000000004,238500000000000002,2024-04-28,2601,91,1215,2.1407,32.51,12.4988,0.3572,0.034987
238600000000000005,238500000000000003,2024-04-28,4649,64,2224,2.0904,52.29,11.2467,0.817,0.013766
238600000000000006,238500000000000004,2024-04-28,3416,40,1329,2.5704,49.84,14.5905,1.246,0.01171
238600000000000007,238500000000000004,2024-04-28,4237,45,1530,2.7693,54.73,12.9174,1.2162,0.010621
238600000000000001,238500000000000001,2024-04-29,4655,66,1972,2.3605,41.23,8.8561,0.6246,0.014178
238600000000000002,238500000000000001,2024-04-29,6996,80,5300,1.32,56.36,8.0564,0.7045,0.011435
238600000000000003,238500000000000002,2024-04-29,1664,54,1189,1.3995,28.4,17.0671,0.5259,0.032452
238600000000000004,238500000000000002,2024-04-29,1840,38,733,2.5102,27.36,14.8721,0.7201,0.020652
238600000000000005,238500000000000003,2024-04-29,3208,59,1268,2.53,41.82,13.0372,0.7089,0.018392
238600000000000006,238500000000000004,2024-04-29,3299,59,1236,2.6691,41.42,12.5554,0.702,0.017884
238600000000000007,238500000000000004,2024-04-29,3542,52,1588,2.2305,42.23,11.9215,0.812,0.014681
238600000000000001,238500000000000001,2024-04-30,5295,65,4305,1.23,47.63,8.9949,0.7327,0.012276
238600000000000002,238500000000000001,2024-04-30,5233,69,2973,1.7602,57.94,11.0722,0.8397,0.013186
238600000000000003,238500000000000002,2024-04-30,2743,67,1866,1.47,32.93,12.0064,0.4915,0.024426
238600000000000004,238500000000000002,2024-04-30,1864,60,1294,1.4405,27.39,14.695,0.4565,0.032189
238600000000000005,238500000000000003,2024-04-30,3188,43,1956,1.6299,45.24,14.1919,1.0522,0.013488
238600000000000006,238500000000000004,2024-04-30,2888,44,989,2.9201,48.51,16.7968,1.1025,0.015235
238600000000000007,238500000000000004,2024-04-30,2757,31,985,2.799,41.98,15.2261,1.3541,0.011244
238600000000000001,238500000000000001,2024-05-01,4314,47,1569,2.7495,43.55,10.0941,0.9265,0.010895
238600000000000002,238500000000000001,2024-05-01,4116,35,1837,2.2406,38.45,9.3405,1.0984,0.008503
238600000000000003,238500000000000002,2024-05-01,1470,35,1185,1.2405,21.07,14.3335,0.602,0.02381
238600000000000004,238500000000000002,2024-05-01,1701,52,1157,1.4702,25.78,15.157,0.4958,0.03057
238600000000000005,238500000000000003,2024-05-01,2771,39,1539,1.8005,35.14,12.6811,0.901,0.014074
238600000000000006,238500000000000004,2024-05-01,1883,29,1012,1.8607,36.95,19.6255,1.2743,0.015401
238600000000000007,238500000000000004,2024-05-01,2195,27,1131,1.9408,33.32,15.1817,1.2342,0.012301
238600000000000001,238500000000000001,2024-05-02,3744,37,2139,1.7504,48.11,12.8492,1.3002,0.009882
238600000000000002,238500000000000001,2024-05-02,3587,41,2242,1.5999,49.07,13.6792,1.1968,0.01143
238600000000000003,238500000000000002,2024-05-02,2226,64,1436,1.5501,26.58,11.9391,0.4153,0.028751
238600000000000004,238500000000000002,2024-05-02,2780,76,1675,1.6597,28.95,10.4143,0.3809,0.027338
238600000000000005,238500000000000003,2024-05-02,3524,58,2230,1.5803,41.65,11.8179,0.718,0.016459
238600000000000007,238500000000000004,2024-05-02,2741,47,1114,2.4605,36.26,13.2277,0.7714,0.017147
238600000000000001,238500000000000001,2024-05-03,4438,59,2219,2.0,51.84,11.6799,0.8786,0.013294
238600000000000003,238500000000000002,2024-05-03,2485,69,884,2.8111,29.54,11.8858,0.4281,0.027767
238600000000000004,238500000000000002,2024-05-03,1853,46,676,2.7411,32.79,17.6968,0.7129,0.024825
238600000000000005,238500000000000003,2024-05-03,3185,47,1954,1.63,46.75,14.677,0.9946,0.014757
238600000000000006,238500000000000004,2024-05-03,3637,41,1653,2.2002,44.65,12.2758,1.089,0.011273
238600000000000007,238500000000000004,2024-05-03,3384,36,2212,1.5298,48.85,14.4343,1.3568,0.010638
238600000000000001,238500000000000001,2024-05-04,4873,64,2235,2.1803,54.6,11.205,0.8532,0.013134
238600000000000002,238500000000000001,2024-05-04,3868,45,3145,1.2299,50.15,12.9645,1.1144,0.011634
238600000000000003,238500000000000002,2024-05-04,2242,48,1121,2.0,26.49,11.8147,0.5518,0.021409
238600000000000004,238500000000000002,2024-05-04,1984,42,992,2.0,33.37,16.8184,0.7945,0.021169
238600000000000005,238500000000000003,2024-05-04,3316,43,1842,1.8002,44.89,13.5381,1.044,0.012967
238600000000000006,238500000000000004,2024-05-04,3253,34,1281,2.5394,45.01,13.8355,1.3237,0.010452
238600000000000007,238500000000000004,2024-05-04,3174,38,1734,1.8304,44.78,14.1076,1.1784,0.011972
238600000000000001,238500000000000001,2024-05-05,6356,79,2238,2.84,64.12,10.0885,0.8117,0.012429
238600000000000002,238500000000000001,2024-05-05,3848,57,1617,2.3797,52.46,13.6331,0.9204,0.014813
238600000000000003,238500000000000002,2024-05-05,2449,71,1134,2.1596,28.28,11.548,0.3983,0.028991
238600000000000004,238500000000000002,2024-05-05,3236,76,1332,2.4294,38.34,11.8471,0.5044,0.023486
238600000000000005,238500000000000003,2024-05-05,3675,50,1986,1.8505,49.96,13.5956,0.9993,0.013605
238600000000000006,238500000000000004,2024-05-05,2725,35,1781,1.53,52.66,19.3251,1.5046,0.012844
238600000000000007,238500000000000004,2024-05-05,3582,43,2083,1.7196,47.27,13.1956,1.0992,0.012004
238600000000000001,238500000000000001,2024-05-06,4459,45,1651,2.7008,47.13,10.5706,1.0474,0.010092
238600000000000002,238500000000000001,2024-05-06,5069,44,1798,2.8192,46.45,9.1636,1.0557,0.00868
238600000000000003,238500000000000002,2024-05-06,1975,58,1580,1.25,29.5,14.9387,0.5087,0.029367
238600000000000004,238500000000000002,2024-05-06,1763,48,1013,1.7404,23.97,13.598,0.4994,0.027226
238600000000000005,238500000000000003,2024-05-06,3992,79,1910,2.0901,40.11,10.047,0.5077,0.01979
238600000000000006,238500000000000004,2024-05-06,2697,30,1022,2.6389,43.94,16.2934,1.4648,0.011123
238600000000000007,238500000000000004,2024-05-06,2063,37,978,2.1094,36.27,17.5823,0.9803,0.017935
238600000000000001,238500000000000001,2024-05-07,6952,103,3023,2.2997,61.28,8.8152,0.595,0.014816
238600000000000002,238500000000000001,2024-05-07,3950,39,1326,2.9789,49.79,12.6044,1.2766,0.009873
238600000000000003,238500000000000002,2024-05-07,2107,68,1269,1.6604,32.35,15.3513,0.4757,0.032273
238600000000000004,238500000000000002,2024-05-07,1864,51,1024,1.8203,31.12,16.6972,0.6103,0.027361
238600000000000005,238500000000000003,2024-05-07,4198,70,2038,2.0599,47.6,11.3391,0.68,0.016675
238600000000000006,238500000000000004,2024-05-07,3135,48,2488,1.26,43.72,13.9445,0.9107,0.015311
238600000000000007,238500000000000004,2024-05-07,4152,53,1681,2.47,51.49,12.4006,0.9715,0.012765
238600000000000001,238500000000000001,2024-05-08,4637,50,2262,2.05,60.1,12.9612,1.202,0.010783
238600000000000002,238500000000000001,2024-05-08,4937,62,2713,1.8198,59.81,12.1137,0.9646,0.012558
238600000000000003,238500000000000002,2024-05-08,2477,52,999,2.4795,30.12,12.158,0.5791,0.020993
238600000000000004,238500000000000002,2024-05-08,2137,44,752,2.8418,38.4,17.9702,0.8728,0.02059
238600000000000005,238500000000000003,2024-05-08,4053,53,1654,2.4504,51.39,12.6791,0.9696,0.013077
238600000000000006,238500000000000004,2024-05-08,2511,43,845,2.9716,49.44,19.6875,1.1497,0.017125
238600000000000001,238500000000000001,2024-05-09,5970,71,4664,1.28,64.01,10.7222,0.9016,0.011893
238600000000000002,238500000000000001,2024-05-09,5968,82,3125,1.9098,59.57,9.9815,0.7265,0.01374
238600000000000003,238500000000000002,2024-05-09,2509,80,1218,2.0599,33.05,13.1745,0.4132,0.031885
238600000000000004,238500000000000002,2024-05-09,2582,80,1137,2.2709,37.56,14.5481,0.4695,0.030984
238600000000000005,238500000000000003,2024-05-09,3874,59,1456,2.6607,52.96,13.6715,0.8977,0.01523
238600000000000006,238500000000000004,2024-05-09,3037,32,1542,1.9695,56.82,18.7096,1.7757,0.010537
238600000000000007,238500000000000004,2024-05-09,4135,69,1960,2.1097,49.11,11.8757,0.7117,0.016687
238600000000000001,238500000000000001,2024-05-10,5810,68,4063,1.43,54.32,9.3494,0.7988,0.011704
238600000000000002,238500000000000001,2024-05-10,7565,73,4585,1.6499,69.12,9.1368,0.9468,0.00965
238600000000000003,238500000000000002,2024-05-10,1944,58,1029,1.8892,31.56,16.2369,0.5442,0.029835
238600000000000004,238500000000000002,2024-05-10,2291,56,1225,1.8702,38.97,17.0112,0.6959,0.024443
238600000000000005,238500000000000003,2024-05-10,4670,85,3648,1.2802,52.9,11.3282,0.6224,0.018201
238600000000000006,238500000000000004,2024-05-10,4180,58,1493,2.7997,57.86,13.8422,0.9976,0.013876
238600000000000007,238500000000000004,2024-05-10,2711,35,1221,2.2203,47.95,17.6854,1.3699,0.01291
238600000000000001,238500000000000001,2024-05-11,4015,45,1498,2.6802,49.4,12.3039,1.0978,0.011208
238600000000000003,238500000000000002,2024-05-11,1993,45,878,2.2699,29.78,14.9405,0.6617,0.022579
238600000000000004,238500000000000002,2024-05-11,1710,51,648,2.6389,27.89,16.3115,0.5469,0.029825
238600000000000005,238500000000000003,2024-05-11,3381,59,1699,1.99,43.25,12.7926,0.7331,0.01745
238600000000000006,238500000000000004,2024-05-11,2327,39,1039,2.2397,40.7,17.4918,1.0437,0.01676
238600000000000007,238500000000000004,2024-05-11,2608,31,1119,2.3307,45.8,17.5615,1.4774,0.011887
238600000000000001,238500000000000001,2024-05-12,4594,64,1955,2.3499,58.78,12.7957,0.9185,0.013931
238600000000000002,238500000000000001,2024-05-12,3920,57,2703,1.4502,50.85,12.9718,0.8921,0.014541
238600000000000003,238500000000000002,2024-05-12,2686,78,1571,1.7097,29.48,10.9749,0.3779,0.029039
238600000000000004,238500000000000002,2024-05-12,2371,58,1769,1.3403,33.17,13.9894,0.5719,0.024462
238600000000000006,238500000000000004,2024-05-12,2951,43,2064,1.4297,46.68,15.8171,1.0855,0.014571
238600000000000007,238500000000000004,2024-05-12,2801,37,1539,1.82,47.29,16.885,1.2782,0.01321
238600000000000001,238500000000000001,2024-05-13,4081,50,1607,2.5395,47.23,11.5732,0.9446,0.012252
238600000000000002,238500000000000001,2024-05-13,5612,48,3171,1.7698,56.81,10.1227,1.1835,0.008553
238600000000000003,238500000000000002,2024-05-13,1977,48,845,2.3396,31.88,16.1229,0.6641,0.024279
238600000000000004,238500000000000002,2024-05-13,2290,55,1647,1.3904,27.58,12.0418,0.5014,0.024017
238600000000000005,238500000000000003,2024-05-13,3086,53,1396,2.2106,44.59,14.4485,0.8413,0.017174
238600000000000006,238500000000000004,2024-05-13,1994,21,720,2.7694,38.04,19.078,1.8115,0.010532
238600000000000007,238500000000000004,2024-05-13,4522,46,2217,2.0397,51.13,11.308,1.1116,0.010172
238600000000000001,238500000000000001,2024-05-14,6104,60,2576,2.3696,50.05,8.1998,0.8342,0.00983
238600000000000002,238500000000000001,2024-05-14,3580,44,2266,1.5799,49.07,13.7065,1.1152,0.012291
238600000000000003,238500000000000002,2024-05-14,2435,61,892,2.7298,25.33,10.4012,0.4152,0.025051
238600000000000004,238500000000000002,2024-05-14,1802,44,939,1.9191,31.31,17.3772,0.7117,0.024417
238600000000000005,238500000000000003,2024-05-14,3189,42,1381,2.3092,42.48,13.3209,1.0114,0.01317
238600000000000006,238500000000000004,2024-05-14,2693,28,1253,2.1492,39.37,14.6181,1.4059,0.010397
238600000000000007,238500000000000004,2024-05-14,2773,35,2292,1.2099,45.59,16.4423,1.3027,0.012622
238600000000000001,238500000000000001,2024-05-15,5278,76,1808,2.9192,48.74,9.234,0.6413,0.014399
238600000000000002,238500000000000001,2024-05-15,6128,86,3260,1.8798,59.49,9.7073,0.6917,0.014034
238600000000000003,238500000000000002,2024-05-15,2599,68,1101,2.3606,36.24,13.9446,0.533,0.026164
238600000000000004,238500000000000002,2024-05-15,2244,74,1767,1.2699,25.6,11.4082,0.3459,0.032977
238600000000000005,238500000000000003,2024-05-15,4023,54,1749,2.3002,46.38,11.5291,0.8589,0.013423
238600000000000006,238500000000000004,2024-05-15,3328,37,2005,1.6599,44.95,13.5051,1.2147,0.011118
238600000000000007,238500000000000004,2024-05-15,2746,49,1098,2.5009,47.82,17.4136,0.9759,0.017844
238600000000000001,238500000000000001,2024-05-16,5250,65,1909,2.7501,59.15,11.2676,0.9101,0.012381
238600000000000003,238500000000000002,2024-05-16,2396,57,1369,1.7502,34.64,14.4559,0.6077,0.02379
238600000000000005,238500000000000003,2024-05-16,5813,113,3750,1.5501,53.05,9.126,0.4695,0.019439
238600000000000006,238500000000000004,2024-05-16,2957,33,2012,1.4697,54.65,18.4805,1.656,0.01116
238600000000000007,238500000000000004,2024-05-16,3074,34,1173,2.6206,51.45,16.738,1.5133,0.011061
238600000000000001,238500000000000001,2024-05-17,2951,30,2170,1.3599,39.38,13.3434,1.3125,0.010166
238600000000000002,238500000000000001,2024-05-17,3922,58,2563,1.5302,45.52,11.6072,0.7849,0.014788
238600000000000003,238500000000000002,2024-05-17,1383,38,469,2.9488,21.46,15.5139,0.5646,0.027477
238600000000000004,238500000000000002,2024-05-17,1690,54,1363,1.2399,27.06,16.0109,0.5011,0.031953
238600000000000005,238500000000000003,2024-05-17,2788,34,1014,2.7495,36.39,13.0508,1.0702,0.012195
238600000000000006,238500000000000004,2024-05-17,3224,37,1221,2.6405,36.56,11.3387,0.988,0.011476
238600000000000007,238500000000000004,2024-05-17,2428,42,1334,1.8201,36.22,14.9156,0.8623,0.017298
238600000000000001,238500000000000001,2024-05-18,6467,82,3992,1.62,55.09,8.5193,0.6719,0.01268
238600000000000002,238500000000000001,2024-05-18,5422,67,2347,2.3102,50.28,9.2725,0.7504,0.012357
238600000000000003,238500000000000002,2024-05-18,2383,64,1508,1.5802,25.16,10.5561,0.393,0.026857
238600000000000004,238500000000000002,2024-05-18,2220,60,996,2.2289,35.06,15.7912,0.5843,0.027027
238600000000000005,238500000000000003,2024-05-18,4472,75,2270,1.97,45.16,10.0981,0.6021,0.016771
238600000000000006,238500000000000004,2024-05-18,3781,61,2760,1.3699,46.12,12.197,0.756,0.016133
238600000000000007,238500000000000004,2024-05-18,2501,27,1004,2.491,44.2,17.6732,1.6371,0.010796
238600000000000001,238500000000000001,2024-05-19,8104,87,4156,1.95,80.54,9.938,0.9257,0.010735
238600000000000002,238500000000000001,2024-05-19,7240,75,3978,1.82,84.29,11.6425,1.1239,0.010359
238600000000000003,238500000000000002,2024-05-19,3801,104,1590,2.3906,51.72,13.6082,0.4974,0.027361
238600000000000004,238500000000000002,2024-05-19,3794,99,2096,1.8101,42.46,11.1922,0.4289,0.026094
238600000000000005,238500000000000003,2024-05-19,5938,119,2424,2.4497,70.64,11.8964,0.5936,0.02004
238600000000000006,238500000000000004,2024-05-19,3701,56,1832,2.0202,66.71,18.0254,1.1913,0.015131
238600000000000001,238500000000000001,2024-05-20,4736,48,2203,2.1498,64.45,13.6084,1.3427,0.010135
238600000000000002,238500000000000001,2024-05-20,7050,85,3119,2.2603,56.68,8.0391,0.6668,0.012057
238600000000000003,238500000000000002,2024-05-20,2612,62,1827,1.4297,37.09,14.2011,0.5983,0.023737
238600000000000004,238500000000000002,2024-05-20,2607,73,918,2.8399,32.12,12.3211,0.44,0.028002
238600000000000005,238500000000000003,2024-05-20,4216,73,2087,2.0201,51.91,12.3128,0.7111,0.017315
238600000000000006,238500000000000004,2024-05-20,3623,46,1677,2.1604,58.12,16.0407,1.2634,0.012697
238600000000000007,238500000000000004,2024-05-20,2770,44,1497,1.8504,45.71,16.5004,1.0388,0.015884
238600000000000001,238500000000000001,2024-05-21,8849,115,6412,1.3801,75.38,8.5184,0.6555,0.012996
238600000000000002,238500000000000001,2024-05-21,6481,63,3000,2.1603,85.01,13.1164,1.3493,0.009721
238600000000000003,238500000000000002,2024-05-21,2378,48,1057,2.2498,39.75,16.7154,0.8281,0.020185
238600000000000004,238500000000000002,2024-05-21,3279,78,1252,2.619,51.9,15.8281,0.6654,0.023788
238600000000000005,238500000000000003,2024-05-21,6014,111,2110,2.8502,68.74,11.4295,0.6193,0.018457
238600000000000006,238500000000000004,2024-05-21,5026,56,1834,2.7405,66.67,13.2644,1.1905,0.011142
238600000000000007,238500000000000004,2024-05-21,5006,89,1940,2.5804,70.81,14.1445,0.7956,0.017779
238600000000000001,238500000000000001,2024-05-22,4882,53,3814,1.28,51.13,10.4732,0.9647,0.010856
238600000000000002,238500000000000001,2024-05-22,6469,88,2850,2.2698,55.16,8.5268,0.6268,0.013603
238600000000000003,238500000000000002,2024-05-22,1915,58,1570,1.2197,33.71,17.6049,0.5813,0.030287
238600000000000004,238500000000000002,2024-05-22,2159,46,1107,1.9503,27.02,12.5167,0.5875,0.021306
238600000000000005,238500000000000003,2024-05-22,4684,68,2342,2.0,45.55,9.7252,0.6699,0.014518
238600000000000006,238500000000000004,2024-05-22,2466,42,913,2.701,39.41,15.9806,0.9383,0.017032
238600000000000007,238500000000000004,2024-05-22,3037,42,1159,2.6204,51.7,17.0225,1.2309,0.013829
238600000000000002,238500000000000001,2024-05-23,4459,59,2973,1.4998,49.4,11.0789,0.8373,0.013232
238600000000000003,238500000000000002,2024-05-23,2743,61,1012,2.7105,28.22,10.2878,0.4626,0.022238
238600000000000004,238500000000000002,2024-05-23,2352,76,1188,1.9798,29.88,12.7057,0.3932,0.032313
238600000000000005,238500000000000003,2024-05-23,3650,57,1862,1.9603,43.58,11.939,0.7645,0.015616
238600000000000006,238500000000000004,2024-05-23,2074,30,988,2.0992,39.55,19.0684,1.3183,0.014465
238600000000000007,238500000000000004,2024-05-23,2923,50,1651,1.7704,47.61,16.287,0.9521,0.017106
238600000000000001,238500000000000001,2024-05-24,8148,76,4074,2.0,73.94,9.0751,0.9729,0.009327
238600000000000003,238500000000000002,2024-05-24,3532,123,2597,1.36,42.28,11.9707,0.3437,0.034824
238600000000000004,238500000000000002,2024-05-24,2602,61,1495,1.7405,33.57,12.9035,0.5504,0.023444
238600000000000005,238500000000000003,2024-05-24,4246,81,1578,2.6907,56.89,13.3988,0.7024,0.019077
238600000000000006,238500000000000004,2024-05-24,4790,56,3742,1.2801,54.13,11.3007,0.9666,0.011691
238600000000000007,238500000000000004,2024-05-24,3981,70,1422,2.7996,59.65,14.9842,0.8522,0.017584
238600000000000001,238500000000000001,2024-05-25,5399,60,2488,2.17,56.02,10.3753,0.9336,0.011113
238600000000000002,238500000000000001,2024-05-25,4026,48,1797,2.2404,52.08,12.9367,1.0851,0.011923
238600000000000003,238500000000000002,2024-05-25,2857,90,2026,1.4102,34.09,11.9307,0.3787,0.031502
238600000000000004,238500000000000002,2024-05-25,2618,75,1606,1.6301,27.69,10.5749,0.3691,0.028648
238600000000000005,238500000000000003,2024-05-25,3660,57,3000,1.22,46.33,12.658,0.8128,0.015574
238600000000000006,238500000000000004,2024-05-25,2876,31,1917,1.5003,41.49,14.4277,1.3385,0.010779
238600000000000007,238500000000000004,2024-05-25,2752,42,2274,1.2102,51.16,18.591,1.2182,0.015262
238600000000000001,238500000000000001,2024-05-26,4888,44,2962,1.6502,51.87,10.6112,1.1788,0.009002
238600000000000002,238500000000000001,2024-05-26,7180,85,2537,2.8301,65.33,9.0982,0.7685,0.011838
238600000000000003,238500000000000002,2024-05-26,1900,64,766,2.4804,33.19,17.4684,0.5186,0.033684
238600000000000004,238500000000000002,2024-05-26,2999,103,1477,2.0305,33.78,11.2629,0.3279,0.034345
238600000000000005,238500000000000003,2024-05-26,3547,47,1535,2.3107,50.23,14.16,1.0686,0.013251
238600000000000006,238500000000000004,2024-05-26,2350,29,1911,1.2297,44.35,18.8703,1.5291,0.01234
238600000000000007,238500000000000004,2024-05-26,2902,45,1129,2.5704,56.11,19.3335,1.2468,0.015507
238600000000000001,238500000000000001,2024-05-27,4463,39,1703,2.6207,47.4,10.6203,1.2153,0.008739
238600000000000002,238500000000000001,2024-05-27,4065,39,2405,1.6902,50.71,12.4748,1.3003,0.009594
238600000000000003,238500000000000002,2024-05-27,2367,71,1589,1.4896,27.17,11.4802,0.3827,0.029996
238600000000000004,238500000000000002,2024-05-27,1666,41,669,2.4903,28.89,17.3401,0.7046,0.02461
238600000000000005,238500000000000003,2024-05-27,3626,70,1433,2.5304,42.05,11.5959,0.6007,0.019305
238600000000000007,238500000000000004,2024-05-27,2882,46,1441,2.0,42.84,14.8656,0.9314,0.015961
238600000000000001,238500000000000001,2024-05-28,4295,41,1851,2.3204,56.92,13.2529,1.3883,0.009546
238600000000000002,238500000000000001,2024-05-28,3568,44,1205,2.961,45.48,12.7467,1.0336,0.012332
238600000000000003,238500000000000002,2024-05-28,1769,50,639,2.7684,24.66,13.9386,0.4931,0.028265
238600000000000004,238500000000000002,2024-05-28,2013,53,1131,1.7798,33.86,16.8195,0.6388,0.026329
238600000000000005,238500000000000003,2024-05-28,4418,59,1856,2.3804,43.89,9.9335,0.7438,0.013354
238600000000000006,238500000000000004,2024-05-28,2448,40,1841,1.3297,43.85,17.9133,1.0963,0.01634
238600000000000007,238500000000000004,2024-05-28,3726,62,2014,1.85,43.92,11.7876,0.7084,0.01664
238600000000000001,238500000000000001,2024-05-29,6109,79,2868,2.1301,49.75,8.1433,0.6297,0.012932
238600000000000002,238500000000000001,2024-05-29,3044,40,1951,1.5602,40.4,13.2717,1.01,0.013141
238600000000000003,238500000000000002,2024-05-29,1545,51,712,2.1699,23.04,14.9112,0.4517,0.03301
238600000000000004,238500000000000002,2024-05-29,1612,50,550,2.9309,28.47,17.6641,0.5695,0.031017
238600000000000005,238500000000000003,2024-05-29,2986,44,1821,1.6398,38.63,12.9385,0.8781,0.014735
238600000000000006,238500000000000004,2024-05-29,2728,30,1045,2.6105,45.04,16.511,1.5014,0.010997
238600000000000007,238500000000000004,2024-05-29,1774,19,1232,1.4399,32.23,18.166,1.6961,0.01071
238600000000000001,238500000000000001,2024-05-30,5537,45,1864,2.9705,50.92,9.1958,1.1315,0.008127
238600000000000003,238500000000000002,2024-05-30,1898,58,1300,1.46,23.95,12.6173,0.4129,0.030558
238600000000000004,238500000000000002,2024-05-30,2751,62,1647,1.6703,28.99,10.5381,0.4676,0.022537
238600000000000005,238500000000000003,2024-05-30,3232,64,2671,1.21,39.7,12.2845,0.6204,0.019802
238600000000000006,238500000000000004,2024-05-30,2592,35,978,2.6503,37.61,14.5099,1.0746,0.013503
238600000000000007,238500000000000004,2024-05-30,2781,46,1188,2.3409,41.8,15.0296,0.9086,0.016541
238600000000000001,238500000000000001,2024-05-31,5304,75,2550,2.08,63.46,11.9637,0.8461,0.01414
238600000000000002,238500000000000001,2024-05-31,5341,77,3105,1.7201,66.29,12.4111,0.8609,0.014417
238600000000000003,238500000000000002,2024-05-31,3312,85,1465,2.2608,36.76,11.0988,0.4325,0.025664
238600000000000004,238500000000000002,2024-05-31,3261,95,2064,1.5799,37.38,11.4627,0.3935,0.029132
238600000000000005,238500000000000003,2024-05-31,6063,108,2505,2.4204,55.6,9.1711,0.5149,0.017813
238600000000000006,238500000000000004,2024-05-31,5302,83,4047,1.3101,61.11,11.5261,0.7363,0.015654
238600000000000007,238500000000000004,2024-05-31,2949,42,2304,1.2799,50.1,16.9878,1.1928,0.014242
238600000000000001,238500000000000001,2024-06-01,3817,32,2144,1.7803,52.52,13.7605,1.6414,0.008384
238600000000000002,238500000000000001,2024-06-01,5100,66,2452,2.0799,59.3,11.6275,0.8985,0.012941
238600000000000003,238500000000000002,2024-06-01,1603,40,1314,1.2199,28.23,17.6117,0.7058,0.024953
238600000000000004,238500000000000002,2024-06-01,2128,49,785,2.7108,35.67,16.7612,0.7279,0.023026
238600000000000005,238500000000000003,2024-06-01,3865,50,1749,2.2098,47.92,12.3997,0.9585,0.012937
238600000000000006,238500000000000004,2024-06-01,1966,24,750,2.6213,39.01,19.8409,1.6253,0.012208
238600000000000007,238500000000000004,2024-06-01,3267,50,1339,2.4399,56.84,17.3989,1.1368,0.015305
238600000000000001,238500000000000001,2024-06-02,7137,73,2595,2.7503,64.5,9.0371,0.8835,0.010228
238600000000000002,238500000000000001,2024-06-02,6388,53,3825,1.6701,56.23,8.8022,1.0609,0.008297
238600000000000003,238500000000000002,2024-06-02,2203,52,1191,1.8497,31.71,14.3935,0.6098,0.023604
238600000000000004,238500000000000002,2024-06-02,3017,97,1109,2.7205,37.28,12.3557,0.3843,0.032151
238600000000000005,238500000000000003,2024-06-02,3481,65,1404,2.4793,51.74,14.8634,0.796,0.018673
238600000000000006,238500000000000004,2024-06-02,2939,41,1077,2.7289,56.77,19.3145,1.3845,0.01395
238600000000000007,238500000000000004,2024-06-02,2550,36,981,2.5994,46.71,18.3192,1.2976,0.014118
238600000000000001,238500000000000001,2024-06-03,5171,72,2780,1.8601,53.94,10.4321,0.7492,0.013924
238600000000000002,238500000000000001,2024-06-03,5647,53,2017,2.7997,55.35,9.8016,1.0443,0.009386
238600000000000003,238500000000000002,2024-06-03,2373,65,794,2.9887,35.05,14.7724,0.5393,0.027391
238600000000000004,238500000000000002,2024-06-03,1789,42,848,2.1097,27.4,15.3151,0.6523,0.023477
238600000000000005,238500000000000003,2024-06-03,3229,41,1170,2.7598,46.84,14.5061,1.1424,0.012697
238600000000000006,238500000000000004,2024-06-03,4370,67,2101,2.08,49.09,11.2344,0.7328,0.015332
238600000000000007,238500000000000004,2024-06-03,2377,37,1585,1.4997,44.59,18.7573,1.205,0.015566
238600000000000001,238500000000000001,2024-06-04,3551,37,2818,1.2601,49.35,13.8964,1.3337,0.01042
238600000000000002,238500000000000001,2024-06-04,4598,64,1869,2.4601,47.55,10.3411,0.7429,0.013919
238600000000000003,238500000000000002,2024-06-04,1920,67,838,2.2912,23.69,12.3382,0.3536,0.034896
238600000000000004,238500000000000002,2024-06-04,1805,42,1388,1.3004,31.68,17.5506,0.7543,0.023269
238600000000000005,238500000000000003,2024-06-04,3060,46,1691,1.8096,41.53,13.5707,0.9027,0.015033
238600000000000006,238500000000000004,2024-06-04,3437,45,1987,1.7297,45.05,13.1069,1.0011,0.013093
238600000000000007,238500000000000004,2024-06-04,2651,39,1036,2.5589,38.0,14.3358,0.9745,0.014711
238600000000000001,238500000000000001,2024-06-05,5924,82,3255,1.82,51.88,8.7569,0.6326,0.013842
238600000000000002,238500000000000001,2024-06-05,4283,44,1785,2.3994,48.35,11.2881,1.0988,0.010273
238600000000000003,238500000000000002,2024-06-05,2495,70,1569,1.5902,28.24,11.317,0.4034,0.028056
238600000000000004,238500000000000002,2024-06-05,2483,70,1372,1.8098,29.03,11.6932,0.4148,0.028192
238600000000000005,238500000000000003,2024-06-05,2880,39,1907,1.5102,42.95,14.9141,1.1013,0.013542
238600000000000006,238500000000000004,2024-06-05,3055,50,1448,2.1098,47.97,15.7008,0.9593,0.016367
238600000000000007,238500000000000004,2024-06-05,3295,47,2211,1.4903,37.94,11.5141,0.8072,0.014264
238600000000000001,238500000000000001,2024-06-06,2989,34,1119,2.6711,40.5,13.55,1.1912,0.011375
238600000000000002,238500000000000001,2024-06-06,4452,55,2042,2.1802,58.13,13.0565,1.0569,0.012354
238600000000000003,238500000000000002,2024-06-06,1970,66,1288,1.5295,31.23,15.852,0.4732,0.033503
238600000000000004,238500000000000002,2024-06-06,2361,62,831,2.8412,25.13,10.6441,0.4053,0.02626
238600000000000005,238500000000000003,2024-06-06,4375,81,2188,1.9995,42.27,9.6616,0.5218,0.018514
238600000000000006,238500000000000004,2024-06-06,2818,41,1150,2.4504,39.44,13.9957,0.9619,0.014549
238600000000000007,238500000000000004,2024-06-06,3659,41,1381,2.6495,45.1,12.3254,1.1,0.011205
238600000000000001,238500000000000001,2024-06-07,4308,36,1567,2.7492,51.25,11.8974,1.4237,0.008357
238600000000000002,238500000000000001,2024-06-07,4099,43,2887,1.4198,52.4,12.7834,1.2186,0.01049
238600000000000003,238500000000000002,2024-06-07,2655,56,1218,2.1798,29.99,11.2942,0.5355,0.021092
238600000000000004,238500000000000002,2024-06-07,2071,50,1005,2.0607,29.24,14.1207,0.5849,0.024143
238600000000000005,238500000000000003,2024-06-07,2970,42,1061,2.7992,44.42,14.9571,1.0577,0.014141
238600000000000006,238500000000000004,2024-06-07,3931,44,1324,2.969,49.08,12.4864,1.1155,0.011193
238600000000000007,238500000000000004,2024-06-07,2896,46,1335,2.1693,39.76,13.7297,0.8644,0.015884
238600000000000001,238500000000000001,2024-06-08,5221,54,2522,2.0702,47.03,9.0079,0.8709,0.010343
238600000000000002,238500000000000001,2024-06-08,3885,34,2369,1.6399,48.01,12.357,1.412,0.008752
238600000000000003,238500000000000002,2024-06-08,2342,71,1023,2.2893,27.17,11.6007,0.3827,0.030316
238600000000000004,238500000000000002,2024-06-08,2217,47,767,2.8905,27.14,12.2409,0.5774,0.0212
238600000000000005,238500000000000003,2024-06-08,4039,61,1711,2.3606,40.73,10.0843,0.6677,0.015103
238600000000000007,238500000000000004,2024-06-08,3015,47,1246,2.4197,38.04,12.6163,0.8093,0.015589
238600000000000001,238500000000000001,2024-06-09,4756,61,1957,2.4303,57.3,12.048,0.9393,0.012826
238600000000000002,238500000000000001,2024-06-09,4550,58,1637,2.7795,52.26,11.4855,0.901,0.012747
238600000000000003,238500000000000002,2024-06-09,1845,49,900,2.05,33.2,17.9949,0.6776,0.026558
238600000000000004,238500000000000002,2024-06-09,2486,68,1594,1.5596,29.4,11.828,0.4324,0.027353
238600000000000005,238500000000000003,2024-06-09,4915,83,1701,2.8895,46.95,9.5532,0.5657,0.016887
238600000000000006,238500000000000004,2024-06-09,3421,61,1196,2.8604,49.43,14.4495,0.8104,0.017831
238600000000000007,238500000000000004,2024-06-09,3827,42,1622,2.3594,44.48,11.6216,1.059,0.010975
238600000000000001,238500000000000001,2024-06-10,5051,74,1996,2.5306,63.3,12.5323,0.8554,0.014651
238600000000000002,238500000000000001,2024-06-10,7647,82,5098,1.5,76.64,10.0219,0.9346,0.010723
238600000000000003,238500000000000002,2024-06-10,2793,74,1054,2.6499,39.15,14.018,0.5291,0.026495
238600000000000004,238500000000000002,2024-06-10,3416,116,2440,1.4,40.81,11.9474,0.3518,0.033958
238600000000000005,238500000000000003,2024-06-10,5920,114,2975,1.9899,59.97,10.1307,0.5261,0.019257
238600000000000006,238500000000000004,2024-06-10,2752,42,1079,2.5505,52.87,19.2099,1.2587,0.015262
238600000000000007,238500000000000004,2024-06-10,4221,42,1945,2.1702,67.08,15.8923,1.5972,0.00995
238600000000000001,238500000000000001,2024-06-11,6440,94,4667,1.3799,64.81,10.0641,0.6895,0.014596
238600000000000002,238500000000000001,2024-06-11,4023,43,2312,1.7401,52.6,13.0747,1.2232,0.010689
238600000000000003,238500000000000002,2024-06-11,1909,60,936,2.0395,32.88,17.2218,0.5479,0.03143
238600000000000004,238500000000000002,2024-06-11,2044,65,1002,2.0399,34.22,16.7398,0.5264,0.0318
238600000000000005,238500000000000003,2024-06-11,4972,87,2005,2.4798,50.32,10.1206,0.5784,0.017498
238600000000000006,238500000000000004,2024-06-11,3299,56,2577,1.2802,45.39,13.7595,0.8106,0.016975
238600000000000007,238500000000000004,2024-06-11,4756,78,2276,2.0896,55.25,11.6161,0.7083,0.0164
238600000000000001,238500000000000001,2024-06-12,3441,46,1147,3.0,47.95,13.9356,1.0424,0.013368
238600000000000002,238500000000000001,2024-06-12,3833,41,2411,1.5898,45.03,11.749,1.0984,0.010697
238600000000000003,238500000000000002,2024-06-12,1776,50,987,1.7994,27.86,15.6871,0.5572,0.028153
238600000000000004,238500000000000002,2024-06-12,1524,52,522,2.9195,25.27,16.5845,0.4861,0.034121
238600000000000005,238500000000000003,2024-06-12,3327,43,1569,2.1205,39.85,11.9782,0.9268,0.012925
238600000000000006,238500000000000004,2024-06-12,2353,30,1360,1.7301,41.09,17.4644,1.3698,0.01275
238600000000000007,238500000000000004,2024-06-12,3155,49,2524,1.25,38.61,12.2374,0.7879,0.015531
238600000000000001,238500000000000001,2024-06-13,4342,48,2585,1.6797,41.91,9.6527,0.8732,0.011055
238600000000000002,238500000000000001,2024-06-13,2639,38,1590,1.6597,35.67,13.5149,0.9386,0.014399
238600000000000003,238500000000000002,2024-06-13,1525,52,1097,1.3902,22.72,14.8958,0.4368,0.034098
238600000000000004,238500000000000002,2024-06-13,1667,34,1378,1.2097,21.61,12.966,0.6357,0.020396
238600000000000005,238500000000000003,2024-06-13,2675,39,1021,2.62,33.25,12.4291,0.8525,0.014579
238600000000000006,238500000000000004,2024-06-13,2435,31,1623,1.5003,35.87,14.7328,1.1572,0.012731
238600000000000007,238500000000000004,2024-06-13,2007,27,784,2.5599,30.62,15.2571,1.1341,0.013453
238600000000000001,238500000000000001,2024-06-14,3951,35,1864,2.1196,47.64,12.0574,1.3611,0.008859
238600000000000002,238500000000000001,2024-06-14,6627,67,2436,2.7204,58.04,8.758,0.8663,0.01011
238600000000000003,238500000000000002,2024-06-14,2811,88,2323,1.2101,28.86,10.2658,0.3279,0.031306
238600000000000004,238500000000000002,2024-06-14,2574,82,1281,2.0094,31.53,12.2495,0.3845,0.031857
238600000000000005,238500000000000003,2024-06-14,3605,44,2452,1.4702,45.29,12.5632,1.0293,0.012205
238600000000000006,238500000000000004,2024-06-14,3259,41,1249,2.6093,49.95,15.3267,1.2183,0.012581
238600000000000007,238500000000000004,2024-06-14,2261,41,1413,1.6001,40.63,17.9706,0.991,0.018134
238600000000000001,238500000000000001,2024-06-15,4794,63,1918,2.4995,59.78,12.4699,0.9489,0.013141
238600000000000003,238500000000000002,2024-06-15,1975,55,691,2.8582,30.31,15.3468,0.5511,0.027848
238600000000000004,238500000000000002,2024-06-15,3124,103,1578,1.9797,35.65,11.4104,0.3461,0.032971
238600000000000005,238500000000000003,2024-06-15,3315,47,1467,2.2597,49.47,14.9222,1.0525,0.014178
238600000000000006,238500000000000004,2024-06-15,2612,31,1501,1.7402,51.25,19.6213,1.6532,0.011868
238600000000000007,238500000000000004,2024-06-15,2991,31,2021,1.48,47.68,15.9424,1.5382,0.010364
238600000000000001,238500000000000001,2024-06-16,4374,55,1638,2.6703,48.0,10.9742,0.8728,0.012574
238600000000000002,238500000000000001,2024-06-16,6729,87,2951,2.2802,55.86,8.3019,0.6421,0.012929
238600000000000003,238500000000000002,2024-06-16,1692,35,745,2.2711,27.76,16.405,0.7931,0.020686
238600000000000004,238500000000000002,2024-06-16,2069,48,763,2.7117,31.59,15.2702,0.6582,0.0232
238600000000000005,238500000000000003,2024-06-16,4116,76,2287,1.7997,44.51,10.8147,0.5857,0.018465
238600000000000006,238500000000000004,2024-06-16,2513,42,1208,2.0803,44.43,17.68,1.0579,0.016713
238600000000000007,238500000000000004,2024-06-16,2502,35,857,2.9195,44.6,17.8246,1.2742,0.013989
238600000000000001,238500000000000001,2024-06-17,5803,48,2931,1.9799,67.58,11.6458,1.4079,0.008272
238600000000000002,238500000000000001,2024-06-17,6136,70,2802,2.1899,78.24,12.7509,1.1177,0.011408
238600000000000003,238500000000000002,2024-06-17,2628,69,963,2.729,41.14,15.6534,0.5962,0.026256
238600000000000004,238500000000000002,2024-06-17,3050,75,1298,2.3498,42.19,13.8322,0.5625,0.02459
238600000000000005,238500000000000003,2024-06-17,5665,84,2213,2.5599,62.49,11.0316,0.744,0.014828
238600000000000006,238500000000000004,2024-06-17,3483,37,1824,1.9095,52.56,15.0899,1.4205,0.010623
238600000000000007,238500000000000004,2024-06-17,6468,79,2752,2.3503,72.43,11.1982,0.9168,0.012214
238600000000000001,238500000000000001,2024-06-18,3872,51,1776,2.1802,42.94,11.0903,0.842,0.013171
238600000000000002,238500000000000001,2024-06-18,2215,26,748,2.9612,30.91,13.9544,1.1888,0.011738
238600000000000003,238500000000000002,2024-06-18,1124,30,554,2.0289,17.55,15.6178,0.5851,0.02669
238600000000000004,238500000000000002,2024-06-18,1503,36,524,2.8683,24.65,16.3978,0.6846,0.023952
238600000000000005,238500000000000003,2024-06-18,2777,40,1286,2.1594,31.65,11.3973,0.7913,0.014404
238600000000000006,238500000000000004,2024-06-18,2163,38,1280,1.6898,31.27,14.4576,0.8229,0.017568
238600000000000007,238500000000000004,2024-06-18,1641,24,1013,1.6199,32.03,19.5179,1.3345,0.014625
238600000000000001,238500000000000001,2024-06-19,4080,46,2305,1.7701,55.43,13.5864,1.2051,0.011275
238600000000000002,238500000000000001,2024-06-19,6470,87,3655,1.7702,54.56,8.433,0.6271,0.013447
238600000000000003,238500000000000002,2024-06-19,2501,63,1202,2.0807,29.03,11.6077,0.4608,0.02519
238600000000000004,238500000000000002,2024-06-19,2189,49,1684,1.2999,33.82,15.4513,0.6903,0.022385
238600000000000005,238500000000000003,2024-06-19,4352,76,1707,2.5495,47.14,10.8319,0.6203,0.017463
238600000000000006,238500000000000004,2024-06-19,2801,37,1400,2.0007,46.37,16.5531,1.2531,0.01321
238600000000000007,238500000000000004,2024-06-19,2989,34,2166,1.38,47.92,16.0305,1.4093,0.011375
238600000000000001,238500000000000001,2024-06-20,4982,63,1742,2.8599,54.64,10.9668,0.8673,0.012646
238600000000000002,238500000000000001,2024-06-20,5407,63,2492,2.1697,44.2,8.174,0.7015,0.011652
238600000000000003,238500000000000002,2024-06-20,1711,45,856,1.9988,27.0,15.7812,0.6,0.0263
238600000000000004,238500000000000002,2024-06-20,2834,91,1300,2.18,29.47,10.4004,0.3239,0.03211
238600000000000005,238500000000000003,2024-06-20,3683,70,1851,1.9897,42.36,11.5008,0.6051,0.019006
238600000000000006,238500000000000004,2024-06-20,2265,31,952,2.3792,43.72,19.3022,1.4103,0.013687
238600000000000007,238500000000000004,2024-06-20,3066,44,1267,2.4199,41.0,13.3709,0.9317,0.014351
238600000000000001,238500000000000001,2024-06-21,4323,58,1601,2.7002,58.21,13.4645,1.0036,0.013417
238600000000000002,238500000000000001,2024-06-21,6107,61,4425,1.3801,49.33,8.0778,0.8087,0.009989
238600000000000003,238500000000000002,2024-06-21,2483,75,1134,2.1896,29.87,12.0314,0.3983,0.030205
238600000000000004,238500000000000002,2024-06-21,1918,41,650,2.9508,31.58,16.4632,0.7702,0.021376
238600000000000005,238500000000000003,2024-06-21,4067,53,2607,1.56,46.09,11.3322,0.8696,0.013032
238600000000000006,238500000000000004,2024-06-21,3461,58,2403,1.4403,41.55,12.0057,0.7164,0.016758
238600000000000007,238500000000000004,2024-06-21,2641,38,1784,1.4804,50.62,19.1685,1.3322,0.014388
238600000000000001,238500000000000001,2024-06-22,5672,61,1910,2.9696,46.19,8.1435,0.7572,0.010755
238600000000000002,238500000000000001,2024-06-22,3132,30,2131,1.4697,35.84,11.4428,1.1946,0.009579
238600000000000003,238500000000000002,2024-06-22,1696,59,1108,1.5307,25.52,15.0497,0.4326,0.034788
238600000000000004,238500000000000002,2024-06-22,1720,60,1387,1.2401,21.35,12.4125,0.3558,0.034884
238600000000000005,238500000000000003,2024-06-22,3345,44,1922,1.7404,35.16,10.5098,0.799,0.013154
238600000000000006,238500000000000004,2024-06-22,3001,52,1340,2.2396,37.39,12.4576,0.719,0.017328
238600000000000007,238500000000000004,2024-06-22,1911,32,682,2.8021,32.93,17.2293,1.0289,0.016745
238600000000000001,238500000000000001,2024-06-23,4115,34,2261,1.82,52.81,12.8326,1.5531,0.008262
238600000000000002,238500000000000001,2024-06-23,7692,92,4963,1.5499,75.53,9.8194,0.821,0.01196
238600000000000003,238500000000000002,2024-06-23,3178,100,1181,2.6909,32.32,10.1702,0.3232,0.031466
238600000000000004,238500000000000002,2024-06-23,2337,58,966,2.4193,41.01,17.5501,0.7071,0.024818
238600000000000005,238500000000000003,2024-06-23,4250,55,2191,1.9398,55.0,12.9415,1.0,0.012941
238600000000000006,238500000000000004,2024-06-23,2760,34,2107,1.3099,54.85,19.8719,1.6131,0.012319
238600000000000007,238500000000000004,2024-06-23,3581,38,1989,1.8004,55.16,15.4026,1.4515,0.010612
238600000000000001,238500000000000001,2024-06-24,3262,33,1264,2.5807,44.63,13.6829,1.3525,0.010116
238600000000000002,238500000000000001,2024-06-24,2895,35,1500,1.93,39.82,13.7563,1.1378,0.01209
238600000000000003,238500000000000002,2024-06-24,1438,41,1132,1.2703,23.85,16.5867,0.5817,0.028512
238600000000000004,238500000000000002,2024-06-24,1843,48,642,2.8707,24.41,13.2448,0.5085,0.026044
238600000000000005,238500000000000003,2024-06-24,3744,52,2189,1.7104,36.2,9.6678,0.6961,0.013889
238600000000000006,238500000000000004,2024-06-24,3141,54,1785,1.7597,37.27,11.8671,0.6903,0.017192
238600000000000007,238500000000000004,2024-06-24,2497,26,1357,1.8401,35.12,14.0641,1.3507,0.010412
238600000000000001,238500000000000001,2024-06-25,5232,47,2389,2.19,53.35,10.1967,1.1351,0.008983
238600000000000002,238500000000000001,2024-06-25,4467,53,2567,1.7402,46.0,10.297,0.8679,0.011865
238600000000000003,238500000000000002,2024-06-25,1502,42,540,2.7815,26.9,17.907,0.6404,0.027963
238600000000000004,238500000000000002,2024-06-25,2913,67,1229,2.3702,29.87,10.2549,0.4459,0.023
238600000000000005,238500000000000003,2024-06-25,2897,54,1441,2.0104,42.58,14.6968,0.7885,0.01864
238600000000000006,238500000000000004,2024-06-25,3165,32,1426,2.2195,47.23,14.9238,1.4761,0.010111
238600000000000007,238500000000000004,2024-06-25,2175,30,745,2.9195,37.92,17.4343,1.264,0.013793
238600000000000002,238500000000000001,2024-06-26,4965,54,1962,2.5306,62.32,12.5514,1.154,0.010876
238600000000000004,238500000000000002,2024-06-26,2936,99,1087,2.701,40.33,13.738,0.4074,0.033719
238600000000000005,238500000000000003,2024-06-26,5262,88,1814,2.9008,58.39,11.0973,0.6636,0.016724
238600000000000006,238500000000000004,2024-06-26,3392,40,1631,2.0797,63.97,18.8578,1.5991,0.011792
238600000000000007,238500000000000004,2024-06-26,3139,55,1902,1.6504,52.82,16.8278,0.9604,0.017522
238600000000000001,238500000000000001,2024-06-27,6025,89,2035,2.9607,51.12,8.4851,0.5744,0.014772
238600000000000002,238500000000000001,2024-06-27,3706,48,1373,2.6992,45.83,12.367,0.9548,0.012952
238600000000000003,238500000000000002,2024-06-27,1734,49,688,2.5203,23.95,13.8126,0.4888,0.028258
238600000000000004,238500000000000002,2024-06-27,2776,95,1316,2.1094,31.45,11.33,0.3311,0.034222
238600000000000005,238500000000000003,2024-06-27,4403,66,2560,1.7199,41.55,9.4373,0.6296,0.01499
238600000000000006,238500000000000004,2024-06-27,3061,48,1275,2.4008,47.58,15.5445,0.9913,0.015681
238600000000000007,238500000000000004,2024-06-27,2264,27,839,2.6985,35.52,15.6902,1.3157,0.011926
238600000000000001,238500000000000001,2024-06-28,6236,55,4585,1.3601,60.86,9.76,1.1066,0.00882
238600000000000002,238500000000000001,2024-06-28,5933,59,2060,2.8801,58.93,9.9323,0.9988,0.009944
238600000000000003,238500000000000002,2024-06-28,2749,73,1003,2.7408,35.36,12.8623,0.4844,0.026555
238600000000000004,238500000000000002,2024-06-28,2872,96,1465,1.9604,33.09,11.5231,0.3447,0.033426
238600000000000005,238500000000000003,2024-06-28,4617,78,3579,1.29,51.34,11.1197,0.6582,0.016894
238600000000000006,238500000000000004,2024-06-28,3548,46,1867,1.9004,49.38,13.9166,1.0734,0.012965
238600000000000007,238500000000000004,2024-06-28,3056,45,1107,2.7606,53.3,17.4421,1.1845,0.014725
238600000000000001,238500000000000001,2024-06-29,4270,46,2259,1.8902,45.74,10.7113,0.9943,0.010773
238600000000000002,238500000000000001,2024-06-29,4080,36,2833,1.4402,51.29,12.5702,1.4246,0.008824
238600000000000003,238500000000000002,2024-06-29,1609,39,856,1.8797,27.75,17.2478,0.7116,0.024239
238600000000000004,238500000000000002,2024-06-29,1614,56,614,2.6287,27.69,17.1564,0.4945,0.034696
238600000000000005,238500000000000003,2024-06-29,2912,56,1018,2.8605,41.58,14.2794,0.7425,0.019231
238600000000000006,238500000000000004,2024-06-29,2828,38,965,2.9306,40.23,14.225,1.0586,0.013437
238600000000000007,238500000000000004,2024-06-29,2572,35,1225,2.0996,42.93,16.6932,1.2267,0.013608
238600000000000001,238500000000000001,2024-06-30,3944,46,2376,1.6599,47.74,12.1036,1.0378,0.011663
238600000000000002,238500000000000001,2024-06-30,7240,72,3004,2.4101,65.31,9.0211,0.9071,0.009945
238600000000000003,238500000000000002,2024-06-30,2095,72,1103,1.8994,28.86,13.7766,0.4009,0.034368
238600000000000004,238500000000000002,2024-06-30,2139,67,1215,1.7605,35.74,16.7077,0.5334,0.031323
238600000000000005,238500000000000003,2024-06-30,4928,76,3446,1.4301,48.45,9.8315,0.6375,0.015422
238600000000000006,238500000000000004,2024-06-30,3729,49,2960,1.2598,52.55,14.0922,1.0724,0.01314
238600000000000007,238500000000000004,2024-06-30,2447,43,827,2.9589,44.35,18.1241,1.0314,0.017573
238600000000000001,238500000000000001,2024-07-01,4042,58,2768,1.4603,55.52,13.7355,0.9572,0.014349
238600000000000002,238500000000000001,2024-07-01,4844,53,2990,1.6201,50.09,10.3412,0.9452,0.010941
238600000000000003,238500000000000002,2024-07-01,2314,60,1019,2.2709,31.16,13.4654,0.5193,0.025929
238600000000000004,238500000000000002,2024-07-01,1661,51,944,1.7595,29.19,17.5741,0.5724,0.030704
238600000000000005,238500000000000003,2024-07-01,4318,69,1762,2.4506,45.26,10.4822,0.656,0.01598
238600000000000006,238500000000000004,2024-07-01,3324,48,1646,2.0194,39.11,11.7652,0.8147,0.01444
238600000000000007,238500000000000004,2024-07-01,3188,38,1092,2.9194,51.42,16.1282,1.3531,0.01192
238600000000000001,238500000000000001,2024-07-02,5300,59,2335,2.2698,43.75,8.2548,0.7415,0.011132
238600000000000002,238500000000000001,2024-07-02,6675,71,3950,1.6899,55.57,8.3248,0.7826,0.010637
238600000000000003,238500000000000002,2024-07-02,1565,47,815,1.9202,27.37,17.487,0.5823,0.030032
238600000000000004,238500000000000002,2024-07-02,2782,67,1058,2.6295,29.39,10.5629,0.4386,0.024083
238600000000000006,238500000000000004,2024-07-02,2856,42,1046,2.7304,40.87,14.3107,0.9731,0.014706
238600000000000007,238500000000000004,2024-07-02,2462,41,943,2.6108,44.26,17.9767,1.0795,0.016653
238600000000000001,238500000000000001,2024-07-03,4257,35,3461,1.23,41.01,9.6345,1.1718,0.008222
238600000000000002,238500000000000001,2024-07-03,4055,46,2740,1.4799,47.36,11.6794,1.0296,0.011344
238600000000000003,238500000000000002,2024-07-03,2547,66,1507,1.6901,25.92,10.1769,0.3927,0.025913
238600000000000004,238500000000000002,2024-07-03,2438,53,1417,1.7205,24.58,10.0816,0.4638,0.021739
238600000000000005,238500000000000003,2024-07-03,2597,38,1073,2.4203,37.87,14.584,0.9967,0.014632
238600000000000006,238500000000000004,2024-07-03,2991,48,1061,2.819,33.15,11.0822,0.6906,0.016048
238600000000000007,238500000000000004,2024-07-03,2459,28,1472,1.6705,42.6,17.3251,1.5215,0.011387
238600000000000001,238500000000000001,2024-07-04,3653,38,1699,2.1501,42.82,11.7232,1.127,0.010402
238600000000000002,238500000000000001,2024-07-04,4725,62,2218,2.1303,46.72,9.8883,0.7536,0.013122
238600000000000003,238500000000000002,2024-07-04,1508,39,754,2.0,23.3,15.4495,0.5974,0.025862
238600000000000004,238500000000000002,2024-07-04,1824,53,1147,1.5902,27.87,15.2805,0.5259,0.029057
238600000000000005,238500000000000003,2024-07-04,3364,48,1699,1.98,38.38,11.4082,0.7995,0.014269
238600000000000006,238500000000000004,2024-07-04,2307,28,1093,2.1107,44.24,19.1751,1.5799,0.012137
238600000000000007,238500000000000004,2024-07-04,1952,30,962,2.0291,32.52,16.6586,1.0839,0.015369
238600000000000001,238500000000000001,2024-07-05,4985,61,2351,2.1204,41.39,8.3038,0.6786,0.012237
238600000000000002,238500000000000001,2024-07-05,4169,52,2779,1.5002,48.94,11.7394,0.9412,0.012473
238600000000000003,238500000000000002,2024-07-05,1713,42,861,1.9895,27.52,16.0673,0.6553,0.024518
238600000000000004,238500000000000002,2024-07-05,2031,63,879,2.3106,24.1,11.8647,0.3825,0.031019
238600000000000005,238500000000000003,2024-07-05,4046,77,2286,1.7699,38.72,9.5688,0.5028,0.019031
238600000000000006,238500000000000004,2024-07-05,1762,21,790,2.2304,33.95,19.2698,1.6168,0.011918
238600000000000007,238500000000000004,2024-07-05,3425,46,2224,1.54,43.48,12.6941,0.9452,0.013431
238600000000000001,238500000000000001,2024-07-06,4755,71,2899,1.6402,48.16,10.1285,0.6783,0.014932
238600000000000002,238500000000000001,2024-07-06,4066,51,1437,2.8295,44.71,10.9967,0.8767,0.012543
238600000000000003,238500000000000002,2024-07-06,2503,60,878,2.8508,26.05,10.408,0.4342,0.023971
238600000000000004,238500000000000002,2024-07-06,1895,61,1516,1.25,27.02,14.2583,0.4429,0.03219
238600000000000005,238500000000000003,2024-07-06,3424,52,2014,1.7001,39.8,11.6247,0.7654,0.015187
238600000000000006,238500000000000004,2024-07-06,3211,50,1522,2.1097,36.64,11.4111,0.7328,0.015571
238600000000000007,238500000000000004,2024-07-06,2190,35,991,2.2099,42.96,19.6187,1.2276,0.015982
238600000000000001,238500000000000001,2024-07-07,4934,52,3356,1.4702,49.33,9.9971,0.9486,0.010539
238600000000000002,238500000000000001,2024-07-07,5231,77,2797,1.8702,49.76,9.5126,0.6462,0.01472
238600000000000003,238500000000000002,2024-07-07,1813,51,817,2.2191,27.44,15.1337,0.538,0.02813
238600000000000004,238500000000000002,2024-07-07,1774,62,1375,1.2902,29.18,16.4504,0.4707,0.034949
238600000000000005,238500000000000003,2024-07-07,3930,74,2441,1.61,42.47,10.8054,0.5739,0.01883
238600000000000006,238500000000000004,2024-07-07,2866,40,1309,2.1895,37.93,13.234,0.9482,0.013957
238600000000000007,238500000000000004,2024-07-07,3113,32,1235,2.5206,47.0,15.0987,1.4688,0.010279
238600000000000001,238500000000000001,2024-07-08,4937,50,1802,2.7397,61.51,12.4593,1.2302,0.010128
238600000000000002,238500000000000001,2024-07-08,4091,46,2573,1.59,52.09,12.7319,1.1323,0.011244
238600000000000003,238500000000000002,2024-07-08,2445,71,1772,1.3798,32.4,13.2516,0.4563,0.029039
238600000000000004,238500000000000002,2024-07-08,2091,53,1025,2.04,32.51,15.5489,0.6134,0.025347
238600000000000005,238500000000000003,2024-07-08,4940,94,2245,2.2004,48.68,9.8552,0.5179,0.019028
238600000000000006,238500000000000004,2024-07-08,2737,45,1426,1.9194,50.9,18.5957,1.131,0.016441
238600000000000007,238500000000000004,2024-07-08,3253,47,1643,1.9799,46.47,14.2862,0.9888,0.014448
238600000000000001,238500000000000001,2024-07-09,5610,69,3643,1.5399,68.73,12.2512,0.9961,0.012299
238600000000000002,238500000000000001,2024-07-09,6976,66,2439,2.8602,66.44,9.5248,1.0067,0.009461
238600000000000003,238500000000000002,2024-07-09,2519,69,1625,1.5502,41.81,16.596,0.6059,0.027392
238600000000000005,238500000000000003,2024-07-09,5429,97,2770,1.9599,57.93,10.6708,0.5972,0.017867
238600000000000006,238500000000000004,2024-07-09,3465,58,1863,1.8599,55.33,15.9674,0.9539,0.016739
238600000000000007,238500000000000004,2024-07-09,3053,39,1394,2.1901,60.54,19.8285,1.5522,0.012774
238600000000000001,238500000000000001,2024-07-10,5829,61,2545,2.2904,46.91,8.0476,0.769,0.010465
238600000000000002,238500000000000001,2024-07-10,3378,45,1224,2.7598,42.18,12.4873,0.9374,0.013321
238600000000000003,238500000000000002,2024-07-10,1687,58,874,1.9302,25.94,15.3766,0.4472,0.034381
238600000000000004,238500000000000002,2024-07-10,1884,39,910,2.0703,24.97,13.2532,0.6402,0.020701
238600000000000005,238500000000000003,2024-07-10,3732,72,1744,2.1399,38.18,10.231,0.5303,0.019293
238600000000000006,238500000000000004,2024-07-10,2945,33,1437,2.0494,36.5,12.3926,1.1059,0.011205
238600000000000007,238500000000000004,2024-07-10,2374,28,935,2.539,39.87,16.7935,1.4238,0.011794
238600000000000002,238500000000000001,2024-07-11,4155,41,1545,2.6893,47.38,11.4029,1.1556,0.009868
238600000000000003,238500000000000002,2024-07-11,1318,39,809,1.6292,23.71,17.9857,0.6078,0.02959
238600000000000004,238500000000000002,2024-07-11,2050,43,740,2.7703,25.53,12.4546,0.5938,0.020976
238600000000000005,238500000000000003,2024-07-11,2690,52,1416,1.8997,36.93,13.7278,0.7101,0.019331
238600000000000006,238500000000000004,2024-07-11,2909,34,2171,1.3399,39.35,13.5278,1.1574,0.011688
238600000000000007,238500000000000004,2024-07-11,2802,30,1592,1.7601,34.5,12.3138,1.1501,0.010707
238600000000000001,238500000000000001,2024-07-12,5683,50,2398,2.3699,63.49,11.1715,1.2697,0.008798
238600000000000002,238500000000000001,2024-07-12,4028,44,1729,2.3297,54.13,13.4383,1.2302,0.010924
238600000000000003,238500000000000002,2024-07-12,2214,72,780,2.8385,34.67,15.6582,0.4815,0.03252
238600000000000004,238500000000000002,2024-07-12,2378,66,979,2.429,32.54,13.6848,0.4931,0.027754
238600000000000005,238500000000000003,2024-07-12,3569,64,2833,1.2598,50.41,14.1236,0.7876,0.017932
238600000000000006,238500000000000004,2024-07-12,4474,61,2663,1.6801,52.73,11.7852,0.8644,0.013634
238600000000000007,238500000000000004,2024-07-12,2463,36,947,2.6008,48.09,19.524,1.3358,0.014616
238600000000000001,238500000000000001,2024-07-13,3909,33,2068,1.8902,43.27,11.0703,1.3113,0.008442
238600000000000002,238500000000000001,2024-07-13,5921,62,4260,1.3899,48.59,8.2056,0.7836,0.010471
238600000000000003,238500000000000002,2024-07-13,1998,59,1289,1.55,22.76,11.3901,0.3857,0.02953
238600000000000004,238500000000000002,2024-07-13,2838,97,1763,1.6098,29.73,10.4768,0.3065,0.034179
238600000000000005,238500000000000003,2024-07-13,4019,54,3190,1.2599,39.37,9.7955,0.729,0.013436
238600000000000006,238500000000000004,2024-07-13,2068,32,1488,1.3898,34.24,16.5561,1.0699,0.015474
238600000000000007,238500000000000004,2024-07-13,4019,53,1827,2.1998,44.5,11.0719,0.8396,0.013187
238600000000000001,238500000000000001,2024-07-14,5304,76,2113,2.5102,54.91,10.3522,0.7225,0.014329
238600000000000002,238500000000000001,2024-07-14,6151,82,2092,2.9402,55.17,8.9685,0.6727,0.013331
238600000000000003,238500000000000002,2024-07-14,2228,69,819,2.7204,36.01,16.1613,0.5218,0.030969
238600000000000004,238500000000000002,2024-07-14,1677,57,953,1.7597,26.89,16.0357,0.4718,0.033989
238600000000000005,238500000000000003,2024-07-14,3954,60,2690,1.4699,47.17,11.9308,0.7862,0.015175
238600000000000006,238500000000000004,2024-07-14,3302,59,1814,1.8203,49.91,15.1158,0.846,0.017868
238600000000000007,238500000000000004,2024-07-14,3834,61,3117,1.23,44.44,11.5901,0.7285,0.01591
238600000000000001,238500000000000001,2024-07-15,4252,52,1987,2.1399,49.01,11.5273,0.9426,0.01223
238600000000000002,238500000000000001,2024-07-15,6308,81,2816,2.2401,58.31,9.2435,0.7199,0.012841
238600000000000003,238500000000000002,2024-07-15,2037,54,961,2.1197,30.35,14.8975,0.562,0.02651
238600000000000004,238500000000000002,2024-07-15,1961,40,995,1.9709,30.98,15.7985,0.7745,0.020398
238600000000000005,238500000000000003,2024-07-15,4932,71,3378,1.46,46.0,9.3259,0.6478,0.014396
238600000000000006,238500000000000004,2024-07-15,3494,57,1730,2.0197,51.46,14.7287,0.9028,0.016314
238600000000000007,238500000000000004,2024-07-15,2324,33,1417,1.6401,40.53,17.4391,1.2281,0.0142
238600000000000001,238500000000000001,2024-07-16,3096,31,1259,2.4591,42.18,13.625,1.3607,0.010013
238600000000000002,238500000000000001,2024-07-16,6615,61,2305,2.8698,53.75,8.1253,0.8811,0.009221
238600000000000003,238500000000000002,2024-07-16,2558,54,901,2.8391,29.97,11.7168,0.555,0.02111
238600000000000004,238500000000000002,2024-07-16,1839,44,707,2.6011,24.85,13.5108,0.5647,0.023926
238600000000000005,238500000000000003,2024-07-16,4448,66,2985,1.4901,41.11,9.2431,0.6229,0.014838
238600000000000006,238500000000000004,2024-07-16,2271,29,1734,1.3097,39.63,17.449,1.3664,0.01277
238600000000000007,238500000000000004,2024-07-16,2257,27,1080,2.0898,42.6,18.8747,1.5778,0.011963
238600000000000001,238500000000000001,2024-07-17,5390,59,2218,2.4301,45.41,8.4251,0.7697,0.010946
238600000000000002,238500000000000001,2024-07-17,3441,30,2390,1.4397,44.57,12.9516,1.4855,0.008718
238600000000000003,238500000000000002,2024-07-17,2633,62,1310,2.0099,26.77,10.1679,0.4318,0.023547
238600000000000004,238500000000000002,2024-07-17,1868,55,890,2.0989,24.64,13.1925,0.4481,0.029443
238600000000000005,238500000000000003,2024-07-17,2829,34,1316,2.1497,38.56,13.6309,1.1342,0.012018
238600000000000006,238500000000000004,2024-07-17,3025,35,2176,1.3902,43.64,14.4256,1.2468,0.01157
238600000000000007,238500000000000004,2024-07-17,2252,33,887,2.5389,33.49,14.8695,1.0147,0.014654
238600000000000001,238500000000000001,2024-07-18,4193,43,1897,2.2103,51.82,12.3576,1.205,0.010255
238600000000000002,238500000000000001,2024-07-18,4767,42,2029,2.3494,54.97,11.5303,1.3087,0.008811
238600000000000003,238500000000000002,2024-07-18,1626,42,1042,1.5605,27.99,17.2121,0.6664,0.02583
238600000000000004,238500000000000002,2024-07-18,2411,77,1347,1.7899,33.03,13.7,0.429,0.031937
238600000000000005,238500000000000003,2024-07-18,3483,68,2111,1.6499,45.76,13.139,0.673,0.019523
238600000000000006,238500000000000004,2024-07-18,2987,46,1082,2.7606,42.47,14.2198,0.9234,0.0154
238600000000000007,238500000000000004,2024-07-18,3406,39,1935,1.7602,49.05,14.4016,1.2577,0.01145
238600000000000001,238500000000000001,2024-07-19,5338,69,2855,1.8697,44.83,8.3983,0.6497,0.012926
238600000000000002,238500000000000001,2024-07-19,4084,49,3267,1.2501,51.97,12.7241,1.0605,0.011998
238600000000000003,238500000000000002,2024-07-19,2159,47,1186,1.8204,30.41,14.0833,0.6469,0.021769
238600000000000005,238500000000000003,2024-07-19,2979,58,1075,2.7712,41.48,13.9254,0.7152,0.01947
238600000000000006,238500000000000004,2024-07-19,3548,56,1267,2.8003,43.06,12.1367,0.7689,0.015784
238600000000000007,238500000000000004,2024-07-19,2807,40,1568,1.7902,39.91,14.2167,0.9977,0.01425
238600000000000001,238500000000000001,2024-07-20,4888,43,2731,1.7898,49.98,10.2256,1.1624,0.008797
238600000000000002,238500000000000001,2024-07-20,4753,58,2190,2.1703,44.91,9.449,0.7743,0.012203
238600000000000003,238500000000000002,2024-07-20,2040,56,1545,1.3204,23.88,11.708,0.4265,0.027451
238600000000000004,238500000000000002,2024-07-20,2227,73,804,2.7699,30.34,13.624,0.4156,0.03278
238600000000000005,238500000000000003,2024-07-20,3281,42,1108,2.9612,40.67,12.3952,0.9683,0.012801
238600000000000006,238500000000000004,2024-07-20,1906,29,1115,1.7094,37.11,19.4691,1.2796,0.015215
238600000000000007,238500000000000004,2024-07-20,2740,31,942,2.9087,44.23,16.1421,1.4268,0.011314
238600000000000001,238500000000000001,2024-07-21,4122,46,2169,1.9004,57.08,13.8472,1.2408,0.01116
238600000000000002,238500000000000001,2024-07-21,4069,59,1370,2.9701,55.23,13.5737,0.9361,0.0145
238600000000000003,238500000000000002,2024-07-21,2904,59,1190,2.4403,34.34,11.8259,0.5821,0.020317
238600000000000004,238500000000000002,2024-07-21,1830,46,622,2.9421,29.83,16.3031,0.6486,0.025137
238600000000000006,238500000000000004,2024-07-21,3355,35,1243,2.6991,45.45,13.5461,1.2985,0.010432
238600000000000007,238500000000000004,2024-07-21,3204,41,1319,2.4291,50.82,15.8609,1.2395,0.012797
238600000000000001,238500000000000001,2024-07-22,3559,44,1977,1.8002,48.91,13.7416,1.1115,0.012363
238600000000000002,238500000000000001,2024-07-22,5281,53,2654,1.9898,51.08,9.6725,0.9638,0.010036
238600000000000003,238500000000000002,2024-07-22,1350,30,655,2.0611,23.53,17.4318,0.7844,0.022222
238600000000000004,238500000000000002,2024-07-22,2106,60,984,2.1402,33.6,15.9556,0.56,0.02849
238600000000000005,238500000000000003,2024-07-22,3489,52,1255,2.7801,42.85,12.2819,0.8241,0.014904
238600000000000006,238500000000000004,2024-07-22,2442,25,1001,2.4396,41.61,17.0385,1.6643,0.010238
238600000000000007,238500000000000004,2024-07-22,2301,40,1770,1.3,44.1,19.1635,1.1024,0.017384
238600000000000001,238500000000000001,2024-07-23,5916,50,2090,2.8306,58.68,9.9193,1.1736,0.008452
238600000000000002,238500000000000001,2024-07-23,6518,97,3467,1.88,60.75,9.3209,0.6263,0.014882
238600000000000003,238500000000000002,2024-07-23,3097,70,1036,2.9894,31.33,10.1162,0.4476,0.022603
238600000000000004,238500000000000002,2024-07-23,2580,83,1206,2.1393,36.92,14.3098,0.4448,0.032171
238600000000000005,238500000000000003,2024-07-23,4125,66,2148,1.9204,51.19,12.409,0.7756,0.016
238600000000000006,238500000000000004,2024-07-23,4058,53,1727,2.3497,54.01,13.31,1.0191,0.013061
238600000000000007,238500000000000004,2024-07-23,2699,39,1901,1.4198,48.36,17.9185,1.24,0.01445
238600000000000001,238500000000000001,2024-07-24,4197,43,2269,1.8497,52.4,12.4853,1.2186,0.010245
238600000000000002,238500000000000001,2024-07-24,5417,74,2257,2.4001,50.74,9.3671,0.6857,0.013661
238600000000000003,238500000000000002,2024-07-24,3162,64,2510,1.2598,31.78,10.0503,0.4965,0.02024
238600000000000004,238500000000000002,2024-07-24,1940,50,866,2.2402,27.16,13.9998,0.5432,0.025773
238600000000000005,238500000000000003,2024-07-24,3955,48,2161,1.8302,44.2,11.1767,0.9209,0.012137
238600000000000006,238500000000000004,2024-07-24,3515,55,1196,2.939,43.5,12.3751,0.7909,0.015647
238600000000000007,238500000000000004,2024-07-24,2595,43,1230,2.1098,44.91,17.3061,1.0444,0.01657
238600000000000001,238500000000000001,2024-07-25,4906,47,1970,2.4904,44.1,8.9887,0.9383,0.00958
238600000000000002,238500000000000001,2024-07-25,4613,62,2078,2.2199,47.88,10.38,0.7723,0.01344
238600000000000003,238500000000000002,2024-07-25,1730,55,733,2.3602,24.07,13.9119,0.4376,0.031792
238600000000000004,238500000000000002,2024-07-25,2644,57,1062,2.4896,28.49,10.7766,0.4999,0.021558
238600000000000006,238500000000000004,2024-07-25,3420,40,2111,1.6201,40.22,11.7604,1.0055,0.011696
238600000000000007,238500000000000004,2024-07-25,2743,33,1351,2.0303,38.62,14.0797,1.1703,0.012031
238600000000000001,238500000000000001,2024-07-26,4568,65,2966,1.5401,51.68,11.314,0.7951,0.014229
238600000000000002,238500000000000001,2024-07-26,6016,77,4490,1.3399,57.17,9.5034,0.7425,0.012799
238600000000000003,238500000000000002,2024-07-26,3452,100,1246,2.7705,36.4,10.5445,0.364,0.028969
238600000000000004,238500000000000002,2024-07-26,1604,44,647,2.4791,25.8,16.0867,0.5864,0.027431
238600000000000005,238500000000000003,2024-07-26,4475,72,2034,2.2001,46.65,10.425,0.6479,0.016089
238600000000000006,238500000000000004,2024-07-26,2868,30,1456,1.9698,50.28,17.5327,1.6761,0.01046
238600000000000007,238500000000000004,2024-07-26,2376,36,1814,1.3098,43.02,18.1061,1.195,0.015152
238600000000000001,238500000000000001,2024-07-27,3472,48,1372,2.5306,41.52,11.9582,0.865,0.013825
238600000000000002,238500000000000001,2024-07-27,4517,44,1673,2.6999,49.37,10.9301,1.1221,0.009741
238600000000000003,238500000000000002,2024-07-27,2413,70,2011,1.1999,25.59,10.6066,0.3656,0.02901
238600000000000004,238500000000000002,2024-07-27,1676,46,1041,1.61,26.34,15.718,0.5727,0.027446
238600000000000005,238500000000000003,2024-07-27,2924,48,1059,2.7611,38.95,13.3218,0.8115,0.016416
238600000000000006,238500000000000004,2024-07-27,2126,23,773,2.7503,42.16,19.8285,1.8328,0.010818
238600000000000007,238500000000000004,2024-07-27,2143,22,755,2.8384,35.75,16.6824,1.625,0.010266
238600000000000001,238500000000000001,2024-07-28,2723,40,983,2.7701,34.16,12.5456,0.854,0.01469
238600000000000002,238500000000000001,2024-07-28,3663,40,1526,2.4004,43.97,12.005,1.0994,0.01092
238600000000000003,238500000000000002,2024-07-28,1394,33,534,2.6105,21.13,15.159,0.6404,0.023673
238600000000000004,238500000000000002,2024-07-28,1849,65,1541,1.1999,23.52,12.7189,0.3618,0.035154
238600000000000005,238500000000000003,2024-07-28,2471,33,1248,1.98,33.49,13.5519,1.0148,0.013355
238600000000000006,238500000000000004,2024-07-28,2186,39,1644,1.3297,35.03,16.0237,0.8981,0.017841
238600000000000007,238500000000000004,2024-07-28,2901,38,1909,1.5196,31.95,11.012,0.8407,0.013099
238600000000000001,238500000000000001,2024-07-29,4193,49,1402,2.9907,33.89,8.0836,0.6917,0.011686
238600000000000002,238500000000000001,2024-07-29,4093,47,2036,2.0103,38.72,9.4611,0.8239,0.011483
238600000000000003,238500000000000002,2024-07-29,1404,43,1141,1.2305,20.9,14.8871,0.4861,0.030627
238600000000000004,238500000000000002,2024-07-29,2029,66,702,2.8903,20.59,10.1503,0.312,0.032528
238600000000000005,238500000000000003,2024-07-29,3379,51,2194,1.5401,31.12,9.2105,0.6102,0.015093
238600000000000006,238500000000000004,2024-07-29,2320,37,979,2.3698,30.21,13.023,0.8166,0.015948
238600000000000007,238500000000000004,2024-07-29,1628,17,1123,1.4497,32.03,19.6753,1.8842,0.010442
238600000000000001,238500000000000001,2024-07-30,5863,52,4016,1.4599,50.04,8.5352,0.9623,0.008869
238600000000000002,238500000000000001,2024-07-30,3457,30,2744,1.2598,37.0,10.7033,1.2334,0.008678
238600000000000003,238500000000000002,2024-07-30,1787,57,715,2.4993,28.75,16.0904,0.5044,0.031897
238600000000000004,238500000000000002,2024-07-30,1570,45,1090,1.4404,20.99,13.3664,0.4663,0.028662
238600000000000005,238500000000000003,2024-07-30,3510,52,1819,1.9296,37.3,10.628,0.7174,0.014815
238600000000000006,238500000000000004,2024-07-30,3015,45,1795,1.6797,39.66,13.1542,0.8813,0.014925
238600000000000007,238500000000000004,2024-07-30,1833,30,659,2.7815,34.95,19.0661,1.1649,0.016367
238600000000000001,238500000000000001,2024-07-31,5656,75,2915,1.9403,62.22,11.0001,0.8296,0.01326
238600000000000002,238500000000000001,2024-07-31,7044,57,4961,1.4199,59.5,8.4473,1.0439,0.008092
238600000000000003,238500000000000002,2024-07-31,2390,66,1374,1.7394,33.14,13.8647,0.5021,0.027615
238600000000000004,238500000000000002,2024-07-31,2699,85,1158,2.3307,36.42,13.4928,0.4284,0.031493
238600000000000005,238500000000000003,2024-07-31,5380,103,3927,1.37,52.17,9.6962,0.5065,0.019145
238600000000000006,238500000000000004,2024-07-31,2716,33,1318,2.0607,48.03,17.683,1.4554,0.01215
238600000000000007,238500000000000004,2024-07-31,4137,52,2976,1.3901,56.3,13.6098,1.0828,0.012569
238600000000000001,238500000000000001,2024-08-01,3206,47,1183,2.7101,37.41,11.6676,0.7959,0.01466
238600000000000002,238500000000000001,2024-08-01,5399,63,3648,1.48,45.8,8.4833,0.727,0.011669
238600000000000003,238500000000000002,2024-08-01,1873,39,1249,1.4996,25.74,13.7438,0.6601,0.020822
238600000000000004,238500000000000002,2024-08-01,1802,45,621,2.9018,21.81,12.1005,0.4846,0.024972
238600000000000005,238500000000000003,2024-08-01,2444,45,1036,2.3591,35.66,14.591,0.7925,0.018412
238600000000000006,238500000000000004,2024-08-01,2725,38,1854,1.4698,34.01,12.4824,0.8951,0.013945
238600000000000001,238500000000000001,2024-08-02,3616,45,2940,1.2299,50.05,13.8407,1.1122,0.012445
238600000000000002,238500000000000001,2024-08-02,6002,79,2914,2.0597,52.68,8.7777,0.6669,0.013162
238600000000000004,238500000000000002,2024-08-02,1775,58,616,2.8815,31.0,17.4659,0.5345,0.032676
238600000000000005,238500000000000003,2024-08-02,4112,70,3370,1.2202,44.03,10.7072,0.629,0.017023
238600000000000006,238500000000000004,2024-08-02,3308,48,1671,1.9797,40.2,12.1533,0.8376,0.01451
238600000000000007,238500000000000004,2024-08-02,2412,37,1347,1.7906,47.85,19.8395,1.2933,0.01534
238600000000000001,238500000000000001,2024-08-03,2766,24,967,2.8604,29.04,10.4983,1.2099,0.008677
238600000000000002,238500000000000001,2024-08-03,5017,72,2344,2.1404,40.44,8.0607,0.5617,0.014351
238600000000000003,238500000000000002,2024-08-03,1992,61,1620,1.2296,22.96,11.5248,0.3763,0.030622
238600000000000004,238500000000000002,2024-08-03,1459,35,843,1.7307,16.74,11.477,0.4784,0.023989
238600000000000005,238500000000000003,2024-08-03,2510,45,954,2.631,29.78,11.8632,0.6617,0.017928
238600000000000007,238500000000000004,2024-08-03,1974,24,777,2.5405,29.82,15.1078,1.2426,0.012158
238600000000000001,238500000000000001,2024-08-04,3784,42,1472,2.5707,46.37,12.2543,1.1041,0.011099
238600000000000002,238500000000000001,2024-08-04,5693,53,2198,2.5901,53.41,9.3824,1.0078,0.00931
238600000000000003,238500000000000002,2024-08-04,2438,76,1037,2.351,30.4,12.4709,0.4001,0.031173
238600000000000004,238500000000000002,2024-08-04,1775,57,737,2.4084,26.62,14.9947,0.4669,0.032113
238600000000000005,238500000000000003,2024-08-04,3495,70,2299,1.5202,42.76,12.236,0.6109,0.020029
238600000000000006,238500000000000004,2024-08-04,2569,45,2007,1.28,40.75,15.8636,0.9056,0.017517
238600000000000007,238500000000000004,2024-08-04,2856,47,1741,1.6404,44.78,15.6778,0.9527,0.016457
238600000000000001,238500000000000001,2024-08-05,3081,31,2352,1.3099,38.34,12.4449,1.2369,0.010062
238600000000000002,238500000000000001,2024-08-05,4045,50,2002,2.0205,39.34,9.7266,0.7869,0.012361
238600000000000003,238500000000000002,2024-08-05,2049,47,807,2.539,22.27,10.8672,0.4738,0.022938
238600000000000004,238500000000000002,2024-08-05,1290,35,679,1.8999,22.13,17.1517,0.6322,0.027132
238600000000000005,238500000000000003,2024-08-05,3608,71,1362,2.649,33.29,9.2279,0.4689,0.019678
238600000000000006,238500000000000004,2024-08-05,1790,20,918,1.9499,30.72,17.1637,1.5362,0.011173
238600000000000007,238500000000000004,2024-08-05,1808,31,1197,1.5104,35.87,19.8372,1.157,0.017146
238600000000000002,238500000000000001,2024-08-06,3536,40,1249,2.8311,46.12,13.0441,1.1531,0.011312
238600000000000003,238500000000000002,2024-08-06,1485,38,1108,1.3403,24.52,16.5106,0.6452,0.025589
238600000000000004,238500000000000002,2024-08-06,1678,48,869,1.931,29.63,17.6591,0.6173,0.028605
238600000000000005,238500000000000003,2024-08-06,3652,67,1974,1.8501,40.61,11.1207,0.6062,0.018346
238600000000000006,238500000000000004,2024-08-06,2374,25,1840,1.2902,37.86,15.9458,1.5142,0.010531
238600000000000007,238500000000000004,2024-08-06,2342,37,890,2.6315,43.37,18.5184,1.1722,0.015798
238600000000000001,238500000000000001,2024-08-07,4245,37,2234,1.9002,45.16,10.6377,1.2205,0.008716
238600000000000002,238500000000000001,2024-08-07,4425,56,3598,1.2298,60.1,13.5823,1.0732,0.012655
238600000000000003,238500000000000002,2024-08-07,2225,53,1578,1.41,28.84,12.9635,0.5442,0.02382
238600000000000004,238500000000000002,2024-08-07,1763,53,923,1.9101,31.3,17.756,0.5906,0.030062
238600000000000005,238500000000000003,2024-08-07,4420,77,1905,2.3202,45.11,10.2061,0.5859,0.017421
238600000000000006,238500000000000004,2024-08-07,2821,34,940,3.0011,51.48,18.2505,1.5143,0.012052
238600000000000007,238500000000000004,2024-08-07,2988,48,1045,2.8593,38.74,12.9642,0.807,0.016064
238600000000000001,238500000000000001,2024-08-08,5993,55,2103,2.8497,58.87,9.8231,1.0704,0.009177
238600000000000002,238500000000000001,2024-08-08,4451,49,2432,1.8302,45.85,10.3005,0.9357,0.011009
238600000000000003,238500000000000002,2024-08-08,2743,76,1177,2.3305,30.9,11.264,0.4065,0.027707
238600000000000004,238500000000000002,2024-08-08,1665,57,1061,1.5693,28.94,17.3822,0.5077,0.034234
238600000000000005,238500000000000003,2024-08-08,3034,49,1445,2.0997,44.88,14.792,0.9159,0.01615
238600000000000006,238500000000000004,2024-08-08,2973,46,1077,2.7604,43.35,14.5804,0.9423,0.015473
238600000000000007,238500000000000004,2024-08-08,4049,71,3091,1.3099,46.41,11.4621,0.6537,0.017535
238600000000000001,238500000000000001,2024-08-09,4135,44,1634,2.5306,46.82,11.3234,1.0641,0.010641
238600000000000002,238500000000000001,2024-08-09,5039,43,3847,1.3099,48.08,9.5415,1.1181,0.008533
238600000000000003,238500000000000002,2024-08-09,2266,79,1857,1.2202,27.47,12.1208,0.3477,0.034863
238600000000000004,238500000000000002,2024-08-09,1799,48,1071,1.6797,26.76,14.8771,0.5576,0.026681
238600000000000005,238500000000000003,2024-08-09,3650,44,1746,2.0905,40.67,11.143,0.9244,0.012055
238600000000000006,238500000000000004,2024-08-09,2276,37,1003,2.2692,38.89,17.089,1.0512,0.016257
238600000000000007,238500000000000004,2024-08-09,2123,27,786,2.701,42.45,19.9952,1.5722,0.012718
238600000000000001,238500000000000001,2024-08-10,3098,45,2025,1.5299,38.83,12.5334,0.8629,0.014526
238600000000000002,238500000000000001,2024-08-10,5250,72,4008,1.3099,45.87,8.7364,0.637,0.013714
238600000000000003,238500000000000002,2024-08-10,1588,51,1194,1.33,21.5,13.5386,0.4216,0.032116
238600000000000004,238500000000000002,2024-08-10,2647,75,1504,1.76,26.9,10.1615,0.3586,0.028334
238600000000000005,238500000000000003,2024-08-10,2557,47,1039,2.461,36.3,14.1954,0.7723,0.018381
238600000000000006,238500000000000004,2024-08-10,3301,34,1784,1.8503,36.35,11.0133,1.0693,0.0103
238600000000000007,238500000000000004,2024-08-10,2035,27,1044,1.9492,36.24,17.8086,1.3422,0.013268
238600000000000001,238500000000000001,2024-08-11,4878,40,2312,2.1099,40.3,8.2608,1.0074,0.0082
238600000000000002,238500000000000001,2024-08-11,4187,61,1682,2.4893,47.86,11.4315,0.7847,0.014569
238600000000000004,238500000000000002,2024-08-11,1407,49,625,2.2512,21.13,15.018,0.4312,0.034826
238600000000000005,238500000000000003,2024-08-11,3044,40,1115,2.73,37.78,12.4122,0.9446,0.013141
238600000000000006,238500000000000004,2024-08-11,2436,28,858,2.8392,41.03,16.8442,1.4654,0.011494
238600000000000007,238500000000000004,2024-08-11,2089,36,1142,1.8292,34.53,16.531,0.9593,0.017233
238600000000000001,238500000000000001,2024-08-12,3658,49,1370,2.6701,41.1,11.2355,0.8388,0.013395
238600000000000002,238500000000000001,2024-08-12,4570,58,2539,1.7999,40.43,8.8473,0.6971,0.012691
238600000000000003,238500000000000002,2024-08-12,2049,49,1198,1.7104,26.39,12.8818,0.5387,0.023914
238600000000000004,238500000000000002,2024-08-12,1455,48,927,1.5696,20.19,13.8795,0.4207,0.03299
238600000000000005,238500000000000003,2024-08-12,2656,40,995,2.6693,34.94,13.1559,0.8736,0.01506
238600000000000006,238500000000000004,2024-08-12,1831,27,741,2.471,34.81,19.0105,1.2892,0.014746
238600000000000007,238500000000000004,2024-08-12,2149,34,1546,1.39,35.08,16.322,1.0316,0.015821
238600000000000001,238500000000000001,2024-08-13,5151,65,4024,1.2801,44.82,8.7003,0.6895,0.012619
238600000000000002,238500000000000001,2024-08-13,2500,30,1276,1.9592,33.85,13.5381,1.1282,0.012
238600000000000003,238500000000000002,2024-08-13,1870,58,1264,1.4794,22.54,12.0548,0.3887,0.031016
238600000000000004,238500000000000002,2024-08-13,1600,53,758,2.1108,22.41,14.0038,0.4228,0.033125
238600000000000005,238500000000000003,2024-08-13,2376,39,1148,2.0697,33.71,14.1883,0.8644,0.016414
238600000000000006,238500000000000004,2024-08-13,2228,22,1224,1.8203,30.49,13.6855,1.386,0.009874
238600000000000007,238500000000000004,2024-08-13,2837,47,1228,2.3103,36.93,13.0179,0.7858,0.016567
238600000000000001,238500000000000001,2024-08-14,5736,63,2451,2.3403,56.06,9.7732,0.8898,0.010983
238600000000000002,238500000000000001,2024-08-14,3837,34,1881,2.0399,47.09,12.2739,1.3851,0.008861
238600000000000003,238500000000000002,2024-08-14,1619,46,686,2.3601,24.34,15.0315,0.529,0.028413
238600000000000004,238500000000000002,2024-08-14,2106,60,1254,1.6794,34.61,16.4335,0.5768,0.02849
238600000000000005,238500000000000003,2024-08-14,3353,63,1168,2.8707,44.21,13.1848,0.7017,0.018789
238600000000000006,238500000000000004,2024-08-14,3915,65,2922,1.3398,44.18,11.2841,0.6797,0.016603
238600000000000007,238500000000000004,2024-08-14,3098,43,1648,1.8799,44.24,14.2802,1.0288,0.01388
238600000000000001,238500000000000001,2024-08-15,4858,44,1854,2.6203,60.03,12.356,1.3642,0.009057
238600000000000002,238500000000000001,2024-08-15,4017,42,2869,1.4001,54.97,13.6833,1.3087,0.010456
238600000000000003,238500000000000002,2024-08-15,2053,43,1416,1.4499,31.91,15.5445,0.7422,0.020945
238600000000000004,238500000000000002,2024-08-15,2111,53,1147,1.8405,33.8,16.0098,0.6377,0.025107
238600000000000005,238500000000000003,2024-08-15,3302,54,1494,2.2102,49.28,14.9249,0.9126,0.016354
238600000000000006,238500000000000004,2024-08-15,2238,30,929,2.409,40.62,18.1505,1.354,0.013405
238600000000000007,238500000000000004,2024-08-15,3449,43,2653,1.3,57.94,16.8001,1.3475,0.012467
238600000000000001,238500000000000001,2024-08-16,5994,90,2447,2.4495,48.55,8.1004,0.5395,0.015015
238600000000000002,238500000000000001,2024-08-16,4746,57,3185,1.4901,49.47,10.4239,0.8679,0.01201
238600000000000003,238500000000000002,2024-08-16,2192,52,996,2.2008,25.54,11.6507,0.4911,0.023723
238600000000000004,238500000000000002,2024-08-16,2827,77,2191,1.2903,30.48,10.7804,0.3958,0.027237
238600000000000005,238500000000000003,2024-08-16,3167,41,1365,2.3201,42.01,13.2652,1.0247,0.012946
238600000000000006,238500000000000004,2024-08-16,2434,30,872,2.7913,37.57,15.4372,1.2525,0.012325
238600000000000007,238500000000000004,2024-08-16,3509,59,2249,1.5602,46.45,13.2367,0.7872,0.016814
238600000000000001,238500000000000001,2024-08-17,3603,48,2095,1.7198,46.64,12.9439,0.9716,0.013322
238600000000000002,238500000000000001,2024-08-17,4280,58,2503,1.7099,49.89,11.6555,0.8601,0.013551
238600000000000003,238500000000000002,2024-08-17,1612,33,764,2.1099,28.72,17.8172,0.8703,0.020471
238600000000000004,238500000000000002,2024-08-17,1565,33,1072,1.4599,26.43,16.8909,0.801,0.021086
238600000000000005,238500000000000003,2024-08-17,3069,44,1382,2.2207,41.37,13.4789,0.9402,0.014337
238600000000000006,238500000000000004,2024-08-17,3244,49,1340,2.4209,38.7,11.9296,0.7898,0.015105
238600000000000007,238500000000000004,2024-08-17,3960,70,1597,2.4796,44.03,11.1196,0.6291,0.017677
238600000000000001,238500000000000001,2024-08-18,4553,46,1538,2.9603,45.29,9.9463,0.9845,0.010103
238600000000000002,238500000000000001,2024-08-18,5096,69,2725,1.8701,53.52,10.5016,0.7756,0.01354
238600000000000003,238500000000000002,2024-08-18,1604,53,605,2.6512,27.78,17.3174,0.5241,0.033042
238600000000000004,238500000000000002,2024-08-18,2592,72,1058,2.4499,28.68,11.0652,0.3983,0.027778
238600000000000005,238500000000000003,2024-08-18,2944,36,1487,1.9798,42.34,14.3831,1.1762,0.012228
238600000000000006,238500000000000004,2024-08-18,1943,32,1439,1.3502,35.53,18.2885,1.1105,0.016469
238600000000000007,238500000000000004,2024-08-18,2605,29,1296,2.01,49.15,18.8686,1.6949,0.011132
238600000000000001,238500000000000001,2024-08-19,5111,47,1872,2.7302,61.4,12.0132,1.3064,0.009196
238600000000000002,238500000000000001,2024-08-19,7619,110,4096,1.8601,74.7,9.8043,0.6791,0.014438
238600000000000003,238500000000000002,2024-08-19,2624,59,1590,1.6503,42.93,16.3621,0.7277,0.022485
238600000000000004,238500000000000002,2024-08-19,2830,57,1429,1.9804,34.84,12.3097,0.6112,0.020141
238600000000000005,238500000000000003,2024-08-19,4605,70,1656,2.7808,58.33,12.6662,0.8333,0.015201
238600000000000006,238500000000000004,2024-08-19,3712,63,1884,1.9703,65.07,17.5288,1.0328,0.016972
238600000000000007,238500000000000004,2024-08-19,4449,78,3006,1.48,51.59,11.5957,0.6614,0.017532
238600000000000001,238500000000000001,2024-08-20,4709,61,1676,2.8097,51.1,10.8511,0.8377,0.012954
238600000000000002,238500000000000001,2024-08-20,3751,47,1705,2.2,49.82,13.2822,1.06,0.01253
238600000000000003,238500000000000002,2024-08-20,2936,60,1359,2.1604,31.69,10.7942,0.5282,0.020436
238600000000000004,238500000000000002,2024-08-20,2129,53,873,2.4387,25.98,12.2012,0.4901,0.024894
238600000000000005,238500000000000003,2024-08-20,4217,66,2008,2.1001,43.25,10.2564,0.6553,0.015651
238600000000000006,238500000000000004,2024-08-20,2188,22,1609,1.3599,40.93,18.7074,1.8605,0.010055
238600000000000007,238500000000000004,2024-08-20,2343,29,901,2.6004,45.57,19.4496,1.5714,0.012377
238600000000000001,238500000000000001,2024-08-21,4800,56,1839,2.6101,48.39,10.0818,0.8642,0.011667
238600000000000002,238500000000000001,2024-08-21,4080,61,2292,1.7801,43.92,10.7643,0.72,0.014951
238600000000000003,238500000000000002,2024-08-21,1653,44,769,2.1495,27.01,16.3429,0.614,0.026618
238600000000000004,238500000000000002,2024-08-21,1464,50,642,2.2804,25.73,17.578,0.5147,0.034153
238600000000000005,238500000000000003,2024-08-21,3514,58,2475,1.4198,39.56,11.2583,0.6821,0.016505
238600000000000006,238500000000000004,2024-08-21,2673,30,1188,2.25,37.11,13.8843,1.2371,0.011223
238600000000000007,238500000000000004,2024-08-21,3390,50,1852,1.8305,42.01,12.3926,0.8402,0.014749
238600000000000001,238500000000000001,2024-08-22,3936,57,1765,2.23,37.99,9.6528,0.6666,0.014482
238600000000000002,238500000000000001,2024-08-22,3199,42,2025,1.5798,38.99,12.1881,0.9283,0.013129
238600000000000003,238500000000000002,2024-08-22,1872,53,777,2.4093,21.04,11.2395,0.397,0.028312
238600000000000004,238500000000000002,2024-08-22,1631,53,635,2.5685,22.95,14.0711,0.433,0.032495
238600000000000005,238500000000000003,2024-08-22,2578,32,1841,1.4003,32.99,12.7978,1.031,0.012413
238600000000000006,238500000000000004,2024-08-22,2990,40,1738,1.7204,34.78,11.6305,0.8694,0.013378
238600000000000007,238500000000000004,2024-08-22,1895,34,1192,1.5898,31.21,16.4698,0.918,0.017942
238600000000000001,238500000000000001,2024-08-23,2855,36,1347,2.1195,34.55,12.1005,0.9596,0.012609
238600000000000002,238500000000000001,2024-08-23,4226,56,3302,1.2798,35.48,8.3966,0.6336,0.013251
238600000000000003,238500000000000002,2024-08-23,1394,28,509,2.7387,20.48,14.6902,0.7314,0.020086
238600000000000006,238500000000000004,2024-08-23,2710,32,1284,2.1106,31.61,11.666,0.988,0.011808
238600000000000007,238500000000000004,2024-08-23,2427,34,1232,1.97,28.41,11.7065,0.8356,0.014009
238600000000000001,238500000000000001,2024-08-24,3385,34,1222,2.77,44.91,13.2683,1.321,0.010044
238600000000000002,238500000000000001,2024-08-24,3262,44,1517,2.1503,34.67,10.6294,0.788,0.013489
238600000000000003,238500000000000002,2024-08-24,1379,31,1029,1.3401,19.76,14.3285,0.6374,0.02248
238600000000000004,238500000000000002,2024-08-24,1432,31,566,2.53,25.72,17.9602,0.8296,0.021648
238600000000000005,238500000000000003,2024-08-24,2294,36,805,2.8497,34.11,14.8686,0.9475,0.015693
238600000000000006,238500000000000004,2024-08-24,1777,29,759,2.3412,33.81,19.0264,1.1659,0.01632
238600000000000007,238500000000000004,2024-08-24,1974,20,1073,1.8397,34.41,17.4301,1.7204,0.010132
238600000000000001,238500000000000001,2024-08-25,5132,57,2701,1.9,43.1,8.3989,0.7562,0.011107
238600000000000002,238500000000000001,2024-08-25,4165,43,1493,2.7897,52.65,12.6407,1.2244,0.010324
238600000000000003,238500000000000002,2024-08-25,1366,36,794,1.7204,22.21,16.2593,0.6169,0.026354
238600000000000004,238500000000000002,2024-08-25,2650,63,930,2.8495,32.51,12.2661,0.516,0.023774
238600000000000005,238500000000000003,2024-08-25,3770,73,1401,2.6909,41.04,10.885,0.5621,0.019363
238600000000000006,238500000000000004,2024-08-25,2730,32,2022,1.3501,38.62,14.1464,1.2069,0.011722
238600000000000007,238500000000000004,2024-08-25,2588,42,1019,2.5397,43.45,16.7903,1.0346,0.016229
238600000000000001,238500000000000001,2024-08-26,3178,35,1261,2.5202,39.76,12.5121,1.1361,0.011013
238600000000000002,238500000000000001,2024-08-26,4034,38,1436,2.8092,43.71,10.8342,1.1501,0.00942
238600000000000003,238500000000000002,2024-08-26,1665,52,915,1.8197,23.08,13.8649,0.4439,0.031231
238600000000000004,238500000000000002,2024-08-26,1990,60,748,2.6604,24.61,12.3675,0.4102,0.030151
238600000000000005,238500000000000003,2024-08-26,2427,35,1291,1.8799,35.77,14.7393,1.0221,0.014421
238600000000000006,238500000000000004,2024-08-26,1979,32,773,2.5602,37.87,19.1373,1.1835,0.01617
238600000000000007,238500000000000004,2024-08-26,1965,30,668,2.9416,33.67,17.1357,1.1224,0.015267
238600000000000001,238500000000000001,2024-08-27,4683,47,2602,1.7998,48.91,10.4447,1.0407,0.010036
238600000000000002,238500000000000001,2024-08-27,3512,51,2389,1.4701,48.52,13.8167,0.9515,0.014522
238600000000000003,238500000000000002,2024-08-27,2512,64,1918,1.3097,27.2,10.8267,0.4249,0.025478
238600000000000004,238500000000000002,2024-08-27,2401,50,1053,2.2802,28.48,11.8624,0.5696,0.020825
238600000000000005,238500000000000003,2024-08-27,4325,69,3204,1.3499,41.76,9.6552,0.6052,0.015954
238600000000000006,238500000000000004,2024-08-27,3517,62,1707,2.0603,43.69,12.4232,0.7047,0.017629
238600000000000007,238500000000000004,2024-08-27,3309,54,1263,2.62,39.83,12.0354,0.7375,0.016319
238600000000000001,238500000000000001,2024-08-28,3923,44,1325,2.9608,49.24,12.5529,1.1192,0.011216
238600000000000002,238500000000000001,2024-08-28,3629,35,2147,1.6903,43.39,11.9565,1.2397,0.009645
238600000000000003,238500000000000002,2024-08-28,1683,37,905,1.8597,28.87,17.1552,0.7803,0.021985
238600000000000004,238500000000000002,2024-08-28,2165,63,1328,1.6303,24.06,11.1142,0.3819,0.029099
238600000000000005,238500000000000003,2024-08-28,3435,50,2337,1.4698,39.7,11.5577,0.794,0.014556
238600000000000006,238500000000000004,2024-08-28,3115,45,1093,2.85,40.26,12.9251,0.8947,0.014446
238600000000000007,238500000000000004,2024-08-28,2849,37,1228,2.32,39.14,13.7381,1.0578,0.012987
238600000000000001,238500000000000001,2024-08-29,6601,71,3385,1.9501,65.56,9.9321,0.9234,0.010756
238600000000000002,238500000000000001,2024-08-29,6279,62,4453,1.4101,60.72,9.6695,0.9793,0.009874
238600000000000003,238500000000000002,2024-08-29,2749,94,1122,2.4501,39.45,14.3519,0.4197,0.034194
238600000000000004,238500000000000002,2024-08-29,2549,56,1191,2.1402,32.7,12.8305,0.584,0.021969
238600000000000005,238500000000000003,2024-08-29,5962,112,2085,2.8595,54.12,9.0773,0.4832,0.018786
238600000000000006,238500000000000004,2024-08-29,4006,53,3012,1.33,50.03,12.4878,0.9439,0.01323
238600000000000007,238500000000000004,2024-08-29,4011,59,1525,2.6302,58.21,14.5129,0.9866,0.01471
238600000000000002,238500000000000001,2024-08-30,4629,41,1794,2.5803,52.56,11.3546,1.282,0.008857
238600000000000003,238500000000000002,2024-08-30,2997,95,1086,2.7597,33.84,11.2917,0.3562,0.031698
238600000000000004,238500000000000002,2024-08-30,2676,62,1352,1.9793,32.65,12.2004,0.5266,0.023169
238600000000000005,238500000000000003,2024-08-30,3385,57,1491,2.2703,49.87,14.7318,0.8749,0.016839
238600000000000006,238500000000000004,2024-08-30,2589,35,1798,1.4399,49.05,18.9455,1.4014,0.013519
238600000000000007,238500000000000004,2024-08-30,3038,52,2110,1.4398,50.68,16.6834,0.9747,0.017117
238600000000000001,238500000000000001,2024-08-31,5386,70,2088,2.5795,47.89,8.8913,0.6841,0.012997
238600000000000002,238500000000000001,2024-08-31,6620,79,3152,2.1003,67.18,10.1476,0.8503,0.011934
238600000000000003,238500000000000002,2024-08-31,2072,45,759,2.7299,29.78,14.3717,0.6617,0.021718
238600000000000004,238500000000000002,2024-08-31,2031,69,688,2.952,35.97,17.7122,0.5214,0.033973
238600000000000005,238500000000000003,2024-08-31,3326,57,2682,1.2401,49.31,14.8267,0.8652,0.017138
238600000000000006,238500000000000004,2024-08-31,2998,53,1684,1.7803,46.09,15.3725,0.8696,0.017678
238600000000000007,238500000000000004,2024-08-31,3905,49,1575,2.4794,52.54,13.4548,1.0723,0.012548
238600000000000001,238500000000000001,2024-09-01,3302,41,1131,2.9195,31.87,9.6531,0.7774,0.012417
238600000000000002,238500000000000001,2024-09-01,4184,36,2214,1.8898,38.12,9.11,1.0588,0.008604
238600000000000004,238500000000000002,2024-09-01,1384,36,760,1.8211,21.76,15.721,0.6044,0.026012
238600000000000005,238500000000000003,2024-09-01,3255,57,2447,1.3302,30.0,9.2154,0.5262,0.017512
238600000000000006,238500000000000004,2024-09-01,2503,37,1882,1.33,31.17,12.4547,0.8425,0.014782
238600000000000007,238500000000000004,2024-09-01,1489,16,543,2.7422,28.82,19.3539,1.8011,0.010745
238600000000000001,238500000000000001,2024-09-02,4444,60,2189,2.0302,53.15,11.9598,0.8858,0.013501
238600000000000002,238500000000000001,2024-09-02,6400,66,2199,2.9104,67.15,10.4919,1.0174,0.010313
238600000000000003,238500000000000002,2024-09-02,3027,100,1710,1.7702,31.69,10.4699,0.3169,0.033036
238600000000000004,238500000000000002,2024-09-02,3174,89,1154,2.7504,37.05,11.6726,0.4163,0.02804
238600000000000005,238500000000000003,2024-09-02,5271,95,2187,2.4102,51.56,9.781,0.5427,0.018023
238600000000000006,238500000000000004,2024-09-02,4397,61,3409,1.2898,52.15,11.8604,0.8549,0.013873
238600000000000007,238500000000000004,2024-09-02,3668,55,2072,1.7703,50.96,13.8935,0.9266,0.014995
238600000000000001,238500000000000001,2024-09-03,7133,100,3257,2.1901,63.0,8.8319,0.63,0.014019
238600000000000002,238500000000000001,2024-09-03,5238,56,3010,1.7402,67.99,12.9795,1.214,0.010691
238600000000000003,238500000000000002,2024-09-03,2517,60,1155,2.1792,38.97,15.4817,0.6495,0.023838
238600000000000004,238500000000000002,2024-09-03,2581,74,1067,2.4189,35.88,13.902,0.4849,0.028671
238600000000000005,238500000000000003,2024-09-03,6122,82,3975,1.5401,56.14,9.1696,0.6846,0.013394
238600000000000006,238500000000000004,2024-09-03,3706,66,1544,2.4003,51.6,13.9231,0.7818,0.017809
238600000000000007,238500000000000004,2024-09-03,3815,39,1276,2.9898,60.67,15.904,1.5557,0.010223
238600000000000001,238500000000000001,2024-09-04,6530,68,2779,2.3498,60.2,9.2187,0.8853,0.010413
238600000000000002,238500000000000001,2024-09-04,4441,48,1609,2.7601,60.45,13.6111,1.2593,0.010808
238600000000000003,238500000000000002,2024-09-04,2254,79,1288,1.75,27.88,12.371,0.353,0.035049
238600000000000004,238500000000000002,2024-09-04,2306,56,1381,1.6698,41.06,17.8039,0.7331,0.024284
238600000000000005,238500000000000003,2024-09-04,3452,67,2762,1.2498,51.71,14.9783,0.7717,0.019409
238600000000000006,238500000000000004,2024-09-04,4407,47,1867,2.3605,53.28,12.0892,1.1336,0.010665
238600000000000007,238500000000000004,2024-09-04,3365,43,1145,2.9389,50.13,14.8984,1.1659,0.012779
238600000000000001,238500000000000001,2024-09-05,8160,91,5746,1.4201,83.81,10.2714,0.921,0.011152
238600000000000002,238500000000000001,2024-09-05,4879,43,2168,2.2505,59.01,12.0937,1.3722,0.008813
238600000000000003,238500000000000002,2024-09-05,2430,49,1381,1.7596,40.38,16.6185,0.8241,0.020165
238600000000000005,238500000000000003,2024-09-05,4094,55,1426,2.871,61.21,14.9508,1.1129,0.013434
238600000000000006,238500000000000004,2024-09-05,3668,39,1269,2.8905,63.46,17.2998,1.6271,0.010632
238600000000000007,238500000000000004,2024-09-05,4059,59,1400,2.8993,58.96,14.5261,0.9993,0.014536
238600000000000001,238500000000000001,2024-09-06,5708,53,3069,1.8599,74.23,13.0042,1.4005,0.009285
238600000000000002,238500000000000001,2024-09-06,6652,59,2568,2.5903,66.31,9.9681,1.1239,0.00887
238600000000000003,238500000000000002,2024-09-06,3161,105,1827,1.7302,39.12,12.3752,0.3726,0.033217
238600000000000004,238500000000000002,2024-09-06,2709,91,1046,2.5899,41.19,15.2042,0.4526,0.033592
238600000000000005,238500000000000003,2024-09-06,6531,118,2276,2.8695,60.23,9.2221,0.5104,0.018068
238600000000000006,238500000000000004,2024-09-06,4537,46,3086,1.4702,70.39,15.5136,1.5301,0.010139
238600000000000007,238500000000000004,2024-09-06,2914,32,1143,2.5494,50.07,17.1839,1.5648,0.010981
238600000000000001,238500000000000001,2024-09-07,7006,74,2450,2.8596,70.87,10.1158,0.9577,0.010562
238600000000000002,238500000000000001,2024-09-07,7405,97,2743,2.6996,72.08,9.7336,0.7431,0.013099
238600000000000003,238500000000000002,2024-09-07,2515,52,1079,2.3309,38.76,15.4105,0.7453,0.020676
238600000000000004,238500000000000002,2024-09-07,2484,80,1926,1.2897,42.93,17.2817,0.5366,0.032206
238600000000000005,238500000000000003,2024-09-07,4814,73,2953,1.6302,61.26,12.7262,0.8392,0.015164
238600000000000006,238500000000000004,2024-09-07,3414,55,1185,2.881,59.62,17.4632,1.084,0.01611
238600000000000007,238500000000000004,2024-09-07,5600,63,4179,1.34,62.91,11.2337,0.9985,0.01125
238600000000000001,238500000000000001,2024-09-08,5243,55,1820,2.8808,52.67,10.0452,0.9576,0.01049
238600000000000002,238500000000000001,2024-09-08,4867,63,3080,1.5802,52.28,10.7419,0.8299,0.012944
238600000000000003,238500000000000002,2024-09-08,2438,56,906,2.6909,27.32,11.2053,0.4878,0.02297
238600000000000004,238500000000000002,2024-09-08,3023,73,1617,1.8695,32.65,10.8011,0.4473,0.024148
238600000000000005,238500000000000003,2024-09-08,3658,56,2836,1.2898,44.98,12.2957,0.8032,0.015309
238600000000000006,238500000000000004,2024-09-08,4441,63,2019,2.1996,51.98,11.7045,0.8251,0.014186
238600000000000007,238500000000000004,2024-09-08,3128,43,1549,2.0194,37.98,12.1406,0.8832,0.013747
238600000000000001,238500000000000001,2024-09-09,10335,142,3990,2.5902,99.8,9.6569,0.7028,0.01374
238600000000000002,238500000000000001,2024-09-09,8620,89,2922,2.95,96.33,11.1754,1.0824,0.010325
238600000000000003,238500000000000002,2024-09-09,4748,105,1987,2.3895,52.18,10.9891,0.4969,0.022115
238600000000000004,238500000000000002,2024-09-09,3983,93,2414,1.65,59.9,15.0393,0.6441,0.023349
238600000000000005,238500000000000003,2024-09-09,6686,129,4077,1.6399,84.06,12.5723,0.6516,0.019294
238600000000000006,238500000000000004,2024-09-09,5536,85,2386,2.3202,80.03,14.4571,0.9416,0.015354
238600000000000007,238500000000000004,2024-09-09,6785,71,2324,2.9195,88.08,12.9819,1.2406,0.010464
238600000000000001,238500000000000001,2024-09-10,7383,80,4989,1.4799,72.06,9.76,0.9007,0.010836
238600000000000002,238500000000000001,2024-09-10,6621,61,3327,1.9901,68.19,10.299,1.1179,0.009213
238600000000000003,238500000000000002,2024-09-10,2993,71,2285,1.3098,40.08,13.3907,0.5645,0.023722
238600000000000004,238500000000000002,2024-09-10,3213,97,1168,2.7509,40.06,12.4691,0.413,0.03019
238600000000000005,238500000000000003,2024-09-10,4080,80,1962,2.0795,60.11,14.7319,0.7513,0.019608
238600000000000007,238500000000000004,2024-09-10,4012,66,1346,2.9807,59.19,14.7523,0.8968,0.016451
238600000000000001,238500000000000001,2024-09-11,8196,77,4247,1.9298,68.69,8.3808,0.8921,0.009395
238600000000000002,238500000000000001,2024-09-11,11302,104,5886,1.9201,97.41,8.619,0.9367,0.009202
238600000000000003,238500000000000002,2024-09-11,3886,94,1472,2.6399,47.32,12.1764,0.5034,0.024189
238600000000000005,238500000000000003,2024-09-11,6058,84,3384,1.7902,71.19,11.7508,0.8475,0.013866
238600000000000006,238500000000000004,2024-09-11,3234,54,2396,1.3497,60.6,18.7371,1.1221,0.016698
238600000000000007,238500000000000004,2024-09-11,6068,64,3428,1.7701,81.78,13.4767,1.2778,0.010547
238600000000000001,238500000000000001,2024-09-12,7295,73,3118,2.3396,82.25,11.2747,1.1267,0.010007
238600000000000002,238500000000000001,2024-09-12,5734,63,2100,2.7305,75.17,13.1097,1.1932,0.010987
238600000000000003,238500000000000002,2024-09-12,2665,67,1169,2.2797,44.6,16.7361,0.6657,0.025141
238600000000000004,238500000000000002,2024-09-12,3932,124,1795,2.1905,45.35,11.5343,0.3657,0.031536
238600000000000005,238500000000000003,2024-09-12,4604,60,3625,1.2701,67.47,14.6538,1.1244,0.013032
238600000000000006,238500000000000004,2024-09-12,3803,50,2859,1.3302,62.94,16.5491,1.2587,0.013148
238600000000000007,238500000000000004,2024-09-12,3747,38,1378,2.7192,72.0,19.2142,1.8946,0.010141
238600000000000001,238500000000000001,2024-09-13,9181,102,5045,1.8198,91.01,9.9124,0.8922,0.01111
238600000000000002,238500000000000001,2024-09-13,6141,70,3722,1.6499,68.47,11.15,0.9782,0.011399
238600000000000003,238500000000000002,2024-09-13,2823,98,1277,2.2106,42.07,14.9037,0.4293,0.034715
238600000000000004,238500000000000002,2024-09-13,2931,69,1409,2.0802,49.06,16.7372,0.711,0.023541
238600000000000005,238500000000000003,2024-09-13,6258,117,2219,2.8202,68.35,10.9216,0.5842,0.018696
238600000000000006,238500000000000004,2024-09-13,5427,73,3961,1.3701,73.55,13.5522,1.0075,0.013451
238600000000000007,238500000000000004,2024-09-13,3640,49,1542,2.3606,63.15,17.3482,1.2887,0.013462
238600000000000001,238500000000000001,2024-09-14,6911,85,4670,1.4799,85.51,12.3727,1.006,0.012299
238600000000000002,238500000000000001,2024-09-14,8725,75,4847,1.8001,88.27,10.117,1.1769,0.008596
238600000000000003,238500000000000002,2024-09-14,2711,67,1738,1.5598,42.19,15.5632,0.6297,0.024714
238600000000000004,238500000000000002,2024-09-14,3559,112,2267,1.5699,57.11,16.0467,0.5099,0.03147
238600000000000005,238500000000000003,2024-09-14,7780,154,5441,1.4299,74.48,9.5728,0.4836,0.019794
238600000000000006,238500000000000004,2024-09-14,4069,70,2949,1.3798,72.56,17.8315,1.0365,0.017203
238600000000000007,238500000000000004,2024-09-14,4326,52,1632,2.6507,76.4,17.6599,1.4692,0.01202
238600000000000001,238500000000000001,2024-09-15,5009,72,1980,2.5298,69.55,13.8847,0.966,0.014374
238600000000000002,238500000000000001,2024-09-15,4909,40,1859,2.6407,67.81,13.813,1.6952,0.008148
238600000000000003,238500000000000002,2024-09-15,2484,62,1194,2.0804,36.52,14.7003,0.589,0.02496
238600000000000004,238500000000000002,2024-09-15,3672,110,1732,2.1201,41.97,11.4308,0.3816,0.029956
238600000000000005,238500000000000003,2024-09-15,6060,82,3835,1.5802,58.87,9.7141,0.7179,0.013531
238600000000000006,238500000000000004,2024-09-15,4789,73,1794,2.6695,56.51,11.8002,0.7741,0.015243
238600000000000007,238500000000000004,2024-09-15,3666,60,1478,2.4804,61.22,16.7003,1.0204,0.016367
238600000000000001,238500000000000001,2024-09-16,4973,44,2030,2.4498,51.19,10.2934,1.1634,0.008848
238600000000000002,238500000000000001,2024-09-16,7343,71,4533,1.6199,66.16,9.0097,0.9318,0.009669
238600000000000003,238500000000000002,2024-09-16,3227,93,2069,1.5597,39.3,12.1779,0.4226,0.028819
238600000000000005,238500000000000003,2024-09-16,4150,80,2804,1.48,50.29,12.1185,0.6286,0.019277
238600000000000007,238500000000000004,2024-09-16,3640,57,2247,1.6199,57.53,15.8048,1.0093,0.015659
238600000000000001,238500000000000001,2024-09-17,6751,57,3230,2.0901,61.74,9.145,1.0831,0.008443
238600000000000002,238500000000000001,2024-09-17,5191,64,3285,1.5802,64.47,12.4202,1.0074,0.012329
238600000000000003,238500000000000002,2024-09-17,3414,91,1274,2.6797,34.18,10.0127,0.3756,0.026655
238600000000000004,238500000000000002,2024-09-17,3605,79,1387,2.5991,37.94,10.5235,0.4802,0.021914
238600000000000005,238500000000000003,2024-09-17,4044,63,1404,2.8803,54.09,13.3755,0.8586,0.015579
238600000000000006,238500000000000004,2024-09-17,2698,48,1143,2.3605,53.06,19.6658,1.1054,0.017791
238600000000000007,238500000000000004,2024-09-17,4598,49,2673,1.7202,55.12,11.9884,1.125,0.010657
238600000000000001,238500000000000001,2024-09-18,5121,45,2125,2.4099,50.87,9.9335,1.1304,0.008787
238600000000000002,238500000000000001,2024-09-18,4951,42,2250,2.2004,55.49,11.2078,1.3212,0.008483
238600000000000003,238500000000000002,2024-09-18,2261,66,876,2.5811,30.17,13.3457,0.4572,0.029191
238600000000000004,238500000000000002,2024-09-18,2400,82,960,2.5,30.6,12.7508,0.3732,0.034167
238600000000000005,238500000000000003,2024-09-18,4640,67,2442,1.9001,45.58,9.8238,0.6803,0.01444
238600000000000006,238500000000000004,2024-09-18,2888,51,1115,2.5901,43.9,15.2023,0.8609,0.017659
238600000000000007,238500000000000004,2024-09-18,4084,42,3216,1.2699,47.26,11.5722,1.1253,0.010284
238600000000000001,238500000000000001,2024-09-19,5388,64,3904,1.3801,58.97,10.9439,0.9213,0.011878
238600000000000002,238500000000000001,2024-09-19,6143,58,3746,1.6399,54.44,8.8627,0.9387,0.009442
238600000000000003,238500000000000002,2024-09-19,2190,53,1117,1.9606,33.7,15.3865,0.6358,0.024201
238600000000000004,238500000000000002,2024-09-19,1907,52,653,2.9204,31.11,16.3129,0.5982,0.027268
238600000000000005,238500000000000003,2024-09-19,4052,73,2214,1.8302,48.6,11.9951,0.6658,0.018016
238600000000000006,238500000000000004,2024-09-19,4559,66,1908,2.3894,50.47,11.0697,0.7646,0.014477
238600000000000007,238500000000000004,2024-09-19,2927,35,1020,2.8696,46.74,15.969,1.3355,0.011958
238600000000000001,238500000000000001,2024-09-20,4893,65,2434,2.0103,59.92,12.2458,0.9218,0.013284
238600000000000002,238500000000000001,2024-09-20,7336,92,2854,2.5704,59.76,8.1462,0.6496,0.012541
238600000000000003,238500000000000002,2024-09-20,3235,70,1304,2.4808,34.02,10.5152,0.486,0.021638
238600000000000004,238500000000000002,2024-09-20,3095,66,1620,1.9105,34.37,11.1055,0.5208,0.021325
238600000000000005,238500000000000003,2024-09-20,4109,66,1691,2.4299,51.29,12.4827,0.7771,0.016062
238600000000000006,238500000000000004,2024-09-20,2814,44,1309,2.1497,50.75,18.0349,1.1534,0.015636
238600000000000007,238500000000000004,2024-09-20,2912,41,1193,2.4409,51.83,17.7995,1.2642,0.01408
238600000000000001,238500000000000001,2024-09-21,5053,57,2453,2.0599,67.97,13.4516,1.1925,0.01128
238600000000000002,238500000000000001,2024-09-21,5436,60,2265,2.4,48.37,8.898,0.8062,0.011038
238600000000000003,238500000000000002,2024-09-21,2405,55,853,2.8195,33.01,13.7259,0.6002,0.022869
238600000000000004,238500000000000002,2024-09-21,2144,74,834,2.5707,33.47,15.6107,0.4523,0.034515
238600000000000005,238500000000000003,2024-09-21,4681,87,3392,1.38,49.86,10.6516,0.5731,0.018586
238600000000000006,238500000000000004,2024-09-21,4327,43,2739,1.5798,53.63,12.3953,1.2473,0.009938
238600000000000007,238500000000000004,2024-09-21,2466,27,874,2.8215,46.09,18.6886,1.7069,0.010949
238600000000000001,238500000000000001,2024-09-22,6422,61,2433,2.6395,60.79,9.4662,0.9966,0.009499
238600000000000002,238500000000000001,2024-09-22,6768,90,2400,2.82,62.71,9.2661,0.6968,0.013298
238600000000000003,238500000000000002,2024-09-22,1941,48,822,2.3613,31.56,16.2597,0.6575,0.02473
238600000000000005,238500000000000003,2024-09-22,3646,58,1219,2.991,52.93,14.5174,0.9126,0.015908
238600000000000006,238500000000000004,2024-09-22,3188,57,2070,1.5401,44.76,14.0398,0.7852,0.01788
238600000000000007,238500000000000004,2024-09-22,4847,80,3728,1.3002,61.1,12.6061,0.7638,0.016505
238600000000000001,238500000000000001,2024-09-23,4763,53,1784,2.6698,56.41,11.8432,1.0643,0.011127
238600000000000002,238500000000000001,2024-09-23,5741,82,3006,1.9098,73.88,12.8682,0.9009,0.014283
238600000000000003,238500000000000002,2024-09-23,3378,110,1769,1.9096,38.81,11.4898,0.3528,0.032564
238600000000000004,238500000000000002,2024-09-23,2371,71,895,2.6492,35.64,15.0301,0.5019,0.029945
238600000000000005,238500000000000003,2024-09-23,4196,58,1477,2.8409,55.84,13.3071,0.9627,0.013823
238600000000000006,238500000000000004,2024-09-23,2489,40,1753,1.4199,49.28,19.7988,1.232,0.016071
238600000000000007,238500000000000004,2024-09-23,5105,84,1850,2.7595,62.39,12.2222,0.7428,0.016454
238600000000000001,238500000000000001,2024-09-24,6993,74,4187,1.6702,81.72,11.6853,1.1043,0.010582
238600000000000002,238500000000000001,2024-09-24,4800,64,2909,1.6501,66.8,13.9169,1.0438,0.013333
238600000000000003,238500000000000002,2024-09-24,3169,77,1770,1.7904,42.53,13.4194,0.5523,0.024298
238600000000000004,238500000000000002,2024-09-24,3170,81,1422,2.2293,42.34,13.3567,0.5227,0.025552
238600000000000005,238500000000000003,2024-09-24,5154,64,1808,2.8507,63.65,12.3496,0.9945,0.012418
238600000000000006,238500000000000004,2024-09-24,3803,41,1785,2.1305,62.88,16.5353,1.5337,0.010781
238600000000000007,238500000000000004,2024-09-24,4821,79,2634,1.8303,64.42,13.3616,0.8154,0.016387
238600000000000001,238500000000000001,2024-09-25,10741,132,4690,2.2902,106.79,9.9426,0.809,0.012289
238600000000000002,238500000000000001,2024-09-25,6182,50,2415,2.5598,81.47,13.178,1.6293,0.008088
238600000000000003,238500000000000002,2024-09-25,4318,119,1444,2.9903,60.6,14.0338,0.5092,0.027559
238600000000000004,238500000000000002,2024-09-25,3060,78,1354,2.26,46.98,15.3527,0.6023,0.02549
238600000000000005,238500000000000003,2024-09-25,6596,95,2267,2.9096,80.68,12.2321,0.8493,0.014403
238600000000000006,238500000000000004,2024-09-25,4382,45,1753,2.4997,76.18,17.3852,1.6929,0.010269
238600000000000007,238500000000000004,2024-09-25,5752,58,2099,2.7404,85.18,14.8094,1.4687,0.010083
238600000000000001,238500000000000001,2024-09-26,8044,110,2968,2.7102,80.12,9.9603,0.7284,0.013675
238600000000000002,238500000000000001,2024-09-26,6531,92,4632,1.41,85.4,13.0757,0.9282,0.014087
238600000000000003,238500000000000002,2024-09-26,4579,122,2256,2.0297,51.83,11.3192,0.4248,0.026643
238600000000000004,238500000000000002,2024-09-26,3595,84,1215,2.9588,42.75,11.8919,0.5089,0.023366
238600000000000005,238500000000000003,2024-09-26,5670,107,2577,2.2002,70.94,12.5108,0.663,0.018871
238600000000000006,238500000000000004,2024-09-26,5319,88,2396,2.2199,76.19,14.3246,0.8658,0.016544
238600000000000001,238500000000000001,2024-09-27,6226,52,2111,2.9493,59.34,9.5307,1.1411,0.008352
238600000000000002,238500000000000001,2024-09-27,5874,79,2797,2.1001,60.92,10.3706,0.7711,0.013449
238600000000000003,238500000000000002,2024-09-27,1904,62,1088,1.75,31.91,16.7597,0.5147,0.032563
238600000000000004,238500000000000002,2024-09-27,2468,73,1856,1.3297,36.81,14.9135,0.5042,0.029579
238600000000000005,238500000000000003,2024-09-27,4341,54,3015,1.4398,51.54,11.8723,0.9544,0.01244
238600000000000006,238500000000000004,2024-09-27,3817,52,1468,2.6001,46.71,12.2361,0.8982,0.013623
238600000000000007,238500000000000004,2024-09-27,5032,57,3700,1.36,56.37,11.2024,0.989,0.011328
238600000000000001,238500000000000001,2024-09-28,8203,122,5944,1.38,90.19,10.9943,0.7392,0.014873
238600000000000002,238500000000000001,2024-09-28,11194,159,6996,1.6001,124.04,11.0811,0.7801,0.014204
238600000000000003,238500000000000002,2024-09-28,3853,109,2141,1.7996,62.15,16.1306,0.5702,0.02829
238600000000000004,238500000000000002,2024-09-28,3526,92,2574,1.3699,60.26,17.0914,0.655,0.026092
238600000000000005,238500000000000003,2024-09-28,6966,100,4906,1.4199,91.81,13.18,0.9181,0.014355
238600000000000006,238500000000000004,2024-09-28,5211,74,2659,1.9598,100.7,19.324,1.3608,0.014201
238600000000000007,238500000000000004,2024-09-28,6066,69,2099,2.8899,82.93,13.6707,1.2018,0.011375
238600000000000001,238500000000000001,2024-09-29,4844,47,3642,1.33,63.3,13.0685,1.3469,0.009703
238600000000000002,238500000000000001,2024-09-29,5092,65,1714,2.9708,64.99,12.7622,0.9998,0.012765
238600000000000003,238500000000000002,2024-09-29,2273,77,1476,1.54,38.0,16.7178,0.4935,0.033876
238600000000000004,238500000000000002,2024-09-29,2612,63,1493,1.7495,35.31,13.5178,0.5605,0.024119
238600000000000006,238500000000000004,2024-09-29,4693,54,1670,2.8102,61.6,13.126,1.1407,0.011506
238600000000000007,238500000000000004,2024-09-29,2597,37,880,2.9511,48.36,18.6221,1.3071,0.014247
238600000000000001,238500000000000001,2024-09-30,4367,58,3439,1.2698,60.5,13.8533,1.0431,0.013281
238600000000000002,238500000000000001,2024-09-30,5582,57,2710,2.0598,66.35,11.8865,1.164,0.010211
238600000000000003,238500000000000002,2024-09-30,2386,66,1591,1.4997,36.11,15.1357,0.5472,0.027661
238600000000000004,238500000000000002,2024-09-30,3483,79,2879,1.2098,36.37,10.4424,0.4604,0.022682
238600000000000005,238500000000000003,2024-09-30,5238,105,2015,2.5995,54.36,10.3787,0.5177,0.020046
238600000000000006,238500000000000004,2024-09-30,3339,44,1265,2.6395,47.84,14.3268,1.0872,0.013178
238600000000000007,238500000000000004,2024-09-30,4981,69,2102,2.3696,60.89,12.2244,0.8825,0.013853
238600000000000001,238500000000000001,2024-10-01,5384,69,2047,2.6302,51.64,9.5911,0.7484,0.012816
238600000000000002,238500000000000001,2024-10-01,3672,34,2173,1.6898,45.78,12.466,1.3463,0.009259
238600000000000003,238500000000000002,2024-10-01,3153,109,2353,1.34,33.11,10.5009,0.3038,0.03457
238600000000000004,238500000000000002,2024-10-01,1672,46,844,1.981,22.56,13.4904,0.4903,0.027512
238600000000000005,238500000000000003,2024-10-01,3857,75,2457,1.5698,41.75,10.8242,0.5567,0.019445
238600000000000006,238500000000000004,2024-10-01,2668,35,999,2.6707,43.92,16.4626,1.2549,0.013118
238600000000000007,238500000000000004,2024-10-01,2177,37,1501,1.4504,39.58,18.1789,1.0696,0.016996
238600000000000001,238500000000000001,2024-10-02,5415,68,2992,1.8098,54.16,10.0013,0.7964,0.012558
238600000000000002,238500000000000001,2024-10-02,4464,53,3122,1.4299,61.09,13.6845,1.1526,0.011873
238600000000000003,238500000000000002,2024-10-02,3033,73,1145,2.6489,32.95,10.8649,0.4514,0.024069
238600000000000004,238500000000000002,2024-10-02,3185,80,1642,1.9397,32.9,10.33,0.4113,0.025118
238600000000000005,238500000000000003,2024-10-02,3711,58,1245,2.9807,49.39,13.3092,0.8516,0.015629
238600000000000006,238500000000000004,2024-10-02,2467,41,907,2.72,42.12,17.0723,1.0273,0.016619
238600000000000007,238500000000000004,2024-10-02,3580,52,1799,1.99,56.66,15.8279,1.0897,0.014525
238600000000000001,238500000000000001,2024-10-03,5279,70,1820,2.9005,56.58,10.7184,0.8083,0.01326
238600000000000002,238500000000000001,2024-10-03,8338,77,4711,1.7699,69.7,8.3592,0.9052,0.009235
238600000000000003,238500000000000002,2024-10-03,2621,61,953,2.7503,35.08,13.3849,0.5751,0.023274
238600000000000004,238500000000000002,2024-10-03,3220,110,1134,2.8395,37.08,11.5153,0.3371,0.034161
238600000000000005,238500000000000003,2024-10-03,4222,59,2513,1.6801,54.12,12.8187,0.9173,0.013974
238600000000000006,238500000000000004,2024-10-03,4309,61,2023,2.13,55.99,12.9944,0.9179,0.014156
238600000000000007,238500000000000004,2024-10-03,3624,41,2970,1.2202,52.25,14.4173,1.2744,0.011313
238600000000000001,238500000000000001,2024-10-04,4215,39,2968,1.4201,50.81,12.0557,1.3029,0.009253
238600000000000002,238500000000000001,2024-10-04,3498,43,1794,1.9498,44.3,12.6655,1.0303,0.012293
238600000000000003,238500000000000002,2024-10-04,2360,66,1628,1.4496,25.45,10.7827,0.3856,0.027966
238600000000000004,238500000000000002,2024-10-04,1696,58,725,2.3393,28.91,17.0438,0.4984,0.034198
238600000000000005,238500000000000003,2024-10-04,4405,72,3263,1.35,40.77,9.2543,0.5662,0.016345
238600000000000006,238500000000000004,2024-10-04,2843,44,1571,1.8097,40.85,14.369,0.9284,0.015477
238600000000000007,238500000000000004,2024-10-04,2409,33,1105,2.1801,40.68,16.8863,1.2327,0.013699
238600000000000001,238500000000000001,2024-10-05,5215,72,2569,2.03,44.99,8.627,0.6249,0.013806
238600000000000002,238500000000000001,2024-10-05,3607,42,1366,2.6406,47.69,13.2208,1.1354,0.011644
238600000000000003,238500000000000002,2024-10-05,1924,64,863,2.2294,29.15,15.1486,0.4554,0.033264
238600000000000005,238500000000000003,2024-10-05,3899,70,1500,2.5993,39.72,10.1869,0.5674,0.017953
238600000000000006,238500000000000004,2024-10-05,3650,65,1352,2.6997,40.55,11.109,0.6238,0.017808
238600000000000007,238500000000000004,2024-10-05,2613,39,1313,1.9901,38.89,14.8831,0.9972,0.014925
238600000000000001,238500000000000001,2024-10-06,4715,48,1813,2.6007,48.03,10.1864,1.0006,0.01018
238600000000000002,238500000000000001,2024-10-06,5488,76,2135,2.5705,58.85,10.7242,0.7744,0.013848
238600000000000003,238500000000000002,2024-10-06,2281,46,800,2.8512,30.6,13.4165,0.6653,0.020167
238600000000000004,238500000000000002,2024-10-06,1929,52,1269,1.5201,30.47,15.7973,0.586,0.026957
238600000000000005,238500000000000003,2024-10-06,3338,47,1524,2.1903,45.81,13.7229,0.9746,0.01408
238600000000000006,238500000000000004,2024-10-06,2628,40,1189,2.2103,51.94,19.7657,1.2986,0.015221
238600000000000007,238500000000000004,2024-10-06,2075,27,1265,1.6403,39.67,19.118,1.4693,0.013012
238600000000000001,238500000000000001,2024-10-07,4792,70,2396,2.0,66.53,13.8828,0.9504,0.014608
238600000000000002,238500000000000001,2024-10-07,4318,62,1526,2.8296,54.18,12.547,0.8738,0.014358
238600000000000003,238500000000000002,2024-10-07,2071,46,779,2.6585,33.99,16.4127,0.7389,0.022211
238600000000000004,238500000000000002,2024-10-07,2502,65,1463,1.7102,34.98,13.9822,0.5382,0.025979
238600000000000005,238500000000000003,2024-10-07,3691,52,3050,1.2102,51.73,14.0153,0.9948,0.014088
238600000000000006,238500000000000004,2024-10-07,3736,56,2491,1.4998,50.61,13.5456,0.9037,0.014989
238600000000000007,238500000000000004,2024-10-07,3338,39,1605,2.0798,52.85,15.8343,1.3553,0.011684
238600000000000001,238500000000000001,2024-10-08,3309,48,2121,1.5601,36.54,11.0414,0.7612,0.014506
238600000000000002,238500000000000001,2024-10-08,4190,34,1524,2.7493,51.62,12.3187,1.5181,0.008115
238600000000000003,238500000000000002,2024-10-08,1748,46,791,2.2099,25.23,14.4326,0.5484,0.026316
238600000000000004,238500000000000002,2024-10-08,2171,47,996,2.1797,25.14,11.5818,0.535,0.021649
238600000000000005,238500000000000003,2024-10-08,2751,45,1456,1.8894,37.78,13.7329,0.8395,0.016358
238600000000000006,238500000000000004,2024-10-08,2421,35,1693,1.43,35.71,14.7521,1.0204,0.014457
238600000000000007,238500000000000004,2024-10-08,2680,30,2127,1.26,39.84,14.867,1.3281,0.011194
238600000000000001,238500000000000001,2024-10-09,5966,48,2507,2.3797,62.58,10.4896,1.3038,0.008046
238600000000000002,238500000000000001,2024-10-09,6183,54,3046,2.0299,56.31,9.107,1.0428,0.008734
238600000000000003,238500000000000002,2024-10-09,2442,83,1005,2.4299,36.89,15.1054,0.4444,0.033989
238600000000000004,238500000000000002,2024-10-09,1778,49,797,2.2309,31.05,17.4633,0.6337,0.027559
238600000000000005,238500000000000003,2024-10-09,4189,66,1599,2.6198,50.95,12.1635,0.772,0.015756
238600000000000007,238500000000000004,2024-10-09,3577,47,2669,1.3402,53.6,14.9859,1.1405,0.01314
238600000000000001,238500000000000001,2024-10-10,5087,45,3484,1.4601,62.15,12.2167,1.381,0.008846
238600000000000002,238500000000000001,2024-10-10,5457,52,1956,2.7899,74.84,13.7149,1.4393,0.009529
238600000000000003,238500000000000002,2024-10-10,3275,81,2290,1.4301,43.61,13.3171,0.5384,0.024733
238600000000000004,238500000000000002,2024-10-10,2353,47,1159,2.0302,34.67,14.7325,0.7376,0.019975
238600000000000005,238500000000000003,2024-10-10,6390,101,2152,2.9693,58.71,9.1877,0.5813,0.015806
238600000000000006,238500000000000004,2024-10-10,4559,64,1795,2.5398,58.51,12.8341,0.9142,0.014038
238600000000000007,238500000000000004,2024-10-10,2994,49,1528,1.9594,58.91,19.6754,1.2022,0.016366
238600000000000001,238500000000000001,2024-10-11,3685,50,1755,2.0997,43.06,11.6839,0.8611,0.013569
238600000000000002,238500000000000001,2024-10-11,5067,72,3519,1.4399,44.41,8.7654,0.6169,0.01421
238600000000000003,238500000000000002,2024-10-11,1518,51,1047,1.4499,24.53,16.1583,0.4809,0.033597
238600000000000004,238500000000000002,2024-10-11,2253,67,1788,1.2601,25.45,11.2979,0.3799,0.029738
238600000000000005,238500000000000003,2024-10-11,3329,56,1342,2.4806,37.49,11.2607,0.6694,0.016822
238600000000000006,238500000000000004,2024-10-11,3509,44,1281,2.7393,39.97,11.3905,0.9084,0.012539
238600000000000007,238500000000000004,2024-10-11,2895,52,1292,2.2407,35.0,12.0913,0.6732,0.017962
238600000000000001,238500000000000001,2024-10-12,4008,37,2474,1.62,55.18,13.7685,1.4915,0.009232
238600000000000002,238500000000000001,2024-10-12,4612,53,1653,2.7901,47.95,10.3974,0.9048,0.011492
238600000000000003,238500000000000002,2024-10-12,1972,68,930,2.1204,27.11,13.7497,0.3987,0.034483
238600000000000004,238500000000000002,2024-10-12,2573,87,1799,1.4302,31.82,12.3673,0.3658,0.033813
238600000000000005,238500000000000003,2024-10-12,4477,70,2296,1.9499,44.2,9.8731,0.6315,0.015635
238600000000000007,238500000000000004,2024-10-12,3513,45,1590,2.2094,49.88,14.1987,1.1084,0.01281
238600000000000001,238500000000000001,2024-10-13,6675,90,4944,1.3501,76.42,11.4493,0.8492,0.013483
238600000000000002,238500000000000001,2024-10-13,4602,54,1812,2.5397,56.23,12.2181,1.0413,0.011734
238600000000000003,238500000000000002,2024-10-13,4057,105,1905,2.1297,41.09,10.1271,0.3913,0.025881
238600000000000004,238500000000000002,2024-10-13,2157,63,784,2.7513,34.72,16.0943,0.551,0.029207
238600000000000005,238500000000000003,2024-10-13,3892,50,1880,2.0702,56.85,14.6071,1.137,0.012847
238600000000000006,238500000000000004,2024-10-13,4467,68,3102,1.44,49.97,11.1855,0.7348,0.015223
238600000000000007,238500000000000004,2024-10-13,5628,77,4232,1.3299,63.74,11.3247,0.8277,0.013682
238600000000000001,238500000000000001,2024-10-14,7402,70,5922,1.2499,81.28,10.9807,1.1611,0.009457
238600000000000002,238500000000000001,2024-10-14,6750,66,3649,1.8498,64.98,9.627,0.9846,0.009778
238600000000000003,238500000000000002,2024-10-14,3901,115,1489,2.6199,41.67,10.6814,0.3623,0.02948
238600000000000004,238500000000000002,2024-10-14,2497,77,1032,2.4196,41.91,16.7842,0.5443,0.030837
238600000000000005,238500000000000003,2024-10-14,5180,82,2047,2.5305,62.68,12.1011,0.7644,0.01583
238600000000000006,238500000000000004,2024-10-14,4477,47,1964,2.2795,58.8,13.1333,1.251,0.010498
238600000000000007,238500000000000004,2024-10-14,5162,74,2001,2.5797,66.57,12.896,0.8996,0.014336
238600000000000001,238500000000000001,2024-10-15,6036,76,4311,1.4001,62.26,10.3146,0.8192,0.012591
238600000000000002,238500000000000001,2024-10-15,7489,92,3373,2.2203,67.75,9.0466,0.7364,0.012285
238600000000000003,238500000000000002,2024-10-15,2408,83,882,2.7302,39.64,16.4598,0.4775,0.034468
238600000000000004,238500000000000002,2024-10-15,2311,81,899,2.5706,34.66,14.996,0.4278,0.03505
238600000000000005,238500000000000003,2024-10-15,3903,48,1365,2.8593,55.72,14.2757,1.1608,0.012298
238600000000000006,238500000000000004,2024-10-15,4671,66,3244,1.4399,57.79,12.3719,0.8756,0.01413
238600000000000007,238500000000000004,2024-10-15,4818,79,2283,2.1104,53.65,11.1347,0.6791,0.016397
238600000000000001,238500000000000001,2024-10-16,6488,66,2476,2.6204,73.25,11.2899,1.1098,0.010173
238600000000000002,238500000000000001,2024-10-16,5860,54,3781,1.5499,76.03,12.9748,1.408,0.009215
238600000000000003,238500000000000002,2024-10-16,1985,41,863,2.3001,35.51,17.8886,0.8661,0.020655
238600000000000004,238500000000000002,2024-10-16,3157,76,1200,2.6308,49.79,15.7727,0.6552,0.024073
238600000000000005,238500000000000003,2024-10-16,4442,80,1965,2.2606,63.98,14.4029,0.7997,0.01801
238600000000000006,238500000000000004,2024-10-16,3342,35,1943,1.72,63.04,18.8644,1.8013,0.010473
238600000000000007,238500000000000004,2024-10-16,4118,68,2674,1.54,64.91,15.7626,0.9546,0.016513
238600000000000001,238500000000000001,2024-10-17,7041,88,5416,1.3,80.79,11.4742,0.9181,0.012498
238600000000000002,238500000000000001,2024-10-17,4895,50,1890,2.5899,68.05,13.9014,1.3609,0.010215
238600000000000003,238500000000000002,2024-10-17,2364,49,1764,1.3401,40.46,17.1158,0.8257,0.020728
238600000000000005,238500000000000003,2024-10-17,5682,88,2397,2.3705,63.79,11.2262,0.7249,0.015488
238600000000000006,238500000000000004,2024-10-17,5748,69,3303,1.7402,67.57,11.7555,0.9793,0.012004
238600000000000007,238500000000000004,2024-10-17,3081,48,1540,2.0006,60.0,19.4755,1.2501,0.015579
238600000000000001,238500000000000001,2024-10-18,7650,69,5464,1.4001,85.27,11.1461,1.2358,0.00902
238600000000000002,238500000000000001,2024-10-18,7265,72,3379,2.15,77.44,10.6597,1.0756,0.009911
238600000000000003,238500000000000002,2024-10-18,4489,140,2108,2.1295,46.35,10.3251,0.3311,0.031187
238600000000000004,238500000000000002,2024-10-18,2674,56,1736,1.5403,46.63,17.4376,0.8326,0.020942
238600000000000005,238500000000000003,2024-10-18,7483,128,2878,2.6001,69.73,9.3189,0.5448,0.017105
238600000000000006,238500000000000004,2024-10-18,6624,96,4980,1.3301,73.64,11.1173,0.7671,0.014493
238600000000000007,238500000000000004,2024-10-18,4909,85,4057,1.21,65.82,13.409,0.7744,0.017315
238600000000000001,238500000000000001,2024-10-19,6246,79,3236,1.9302,53.92,8.633,0.6826,0.012648
238600000000000002,238500000000000001,2024-10-19,3716,55,1523,2.4399,51.34,13.8171,0.9335,0.014801
238600000000000003,238500000000000002,2024-10-19,1898,56,1531,1.2397,29.58,15.5843,0.5282,0.029505
238600000000000004,238500000000000002,2024-10-19,2057,70,922,2.231,30.57,14.8629,0.4368,0.03403
238600000000000005,238500000000000003,2024-10-19,3055,59,1909,1.6003,45.11,14.7672,0.7646,0.019313
238600000000000006,238500000000000004,2024-10-19,3502,39,2847,1.2301,47.45,13.5493,1.2167,0.011136
238600000000000007,238500000000000004,2024-10-19,3525,43,2260,1.5597,42.78,12.1356,0.9948,0.012199
238600000000000001,238500000000000001,2024-10-20,8029,83,2778,2.8902,72.26,8.9994,0.8706,0.010338
238600000000000002,238500000000000001,2024-10-20,8213,72,2784,2.9501,95.83,11.6683,1.331,0.008767
238600000000000003,238500000000000002,2024-10-20,5389,157,2708,1.99,54.0,10.0213,0.344,0.029133
238600000000000004,238500000000000002,2024-10-20,2997,98,1037,2.8901,42.05,14.0293,0.429,0.032699
238600000000000005,238500000000000003,2024-10-20,7340,122,4011,1.83,72.04,9.8144,0.5905,0.016621
238600000000000006,238500000000000004,2024-10-20,5047,67,2917,1.7302,73.07,14.478,1.0906,0.013275
238600000000000007,238500000000000004,2024-10-20,5040,54,2625,1.92,71.01,14.0883,1.3149,0.010714
238600000000000001,238500000000000001,2024-10-21,7259,71,2771,2.6196,66.0,9.092,0.9296,0.009781
238600000000000002,238500000000000001,2024-10-21,5430,72,2244,2.4198,65.45,12.0542,0.9091,0.01326
238600000000000003,238500000000000002,2024-10-21,1985,69,775,2.5613,33.52,16.887,0.4858,0.034761
238600000000000004,238500000000000002,2024-10-21,2994,87,1751,1.7099,41.6,13.8929,0.4781,0.029058
238600000000000005,238500000000000003,2024-10-21,5242,75,1899,2.7604,56.34,10.7472,0.7512,0.014308
238600000000000006,238500000000000004,2024-10-21,3475,62,2020,1.7203,57.57,16.5667,0.9285,0.017842
238600000000000007,238500000000000004,2024-10-21,3127,42,2085,1.4998,55.1,17.6222,1.312,0.013431
238600000000000001,238500000000000001,2024-10-22,5012,61,2695,1.8597,65.09,12.9869,1.0671,0.012171
238600000000000002,238500000000000001,2024-10-22,3743,42,2752,1.3601,52.35,13.9853,1.2464,0.011221
238600000000000003,238500000000000002,2024-10-22,2144,74,1787,1.1998,30.06,14.0193,0.4062,0.034515
238600000000000004,238500000000000002,2024-10-22,2447,81,1642,1.4903,37.05,15.1409,0.4574,0.033102
238600000000000005,238500000000000003,2024-10-22,3486,62,2388,1.4598,50.33,14.4379,0.8118,0.017785
238600000000000006,238500000000000004,2024-10-22,3058,33,1096,2.7901,46.43,15.1827,1.4069,0.010791
238600000000000007,238500000000000004,2024-10-22,2742,33,1474,1.8602,54.23,19.7782,1.6434,0.012035
238600000000000001,238500000000000001,2024-10-23,5572,75,4009,1.3899,77.77,13.9566,1.0369,0.01346
238600000000000002,238500000000000001,2024-10-23,7009,58,2558,2.74,85.15,12.1484,1.4681,0.008275
238600000000000003,238500000000000002,2024-10-23,4591,132,2087,2.1998,50.85,11.0763,0.3852,0.028752
238600000000000004,238500000000000002,2024-10-23,3861,96,1950,1.98,42.24,10.9408,0.44,0.024864
238600000000000005,238500000000000003,2024-10-23,7705,108,4846,1.59,69.82,9.0617,0.6465,0.014017
238600000000000006,238500000000000004,2024-10-23,4163,54,2313,1.7998,65.77,15.7976,1.2179,0.012971
238600000000000007,238500000000000004,2024-10-23,4119,63,1990,2.0698,73.88,17.9352,1.1726,0.015295
238600000000000001,238500000000000001,2024-10-24,8768,129,3796,2.3098,77.24,8.8094,0.5988,0.014713
238600000000000002,238500000000000001,2024-10-24,6250,80,2111,2.9607,86.58,13.8525,1.0822,0.0128
238600000000000003,238500000000000002,2024-10-24,3915,98,2447,1.5999,44.83,11.451,0.4575,0.025032
238600000000000004,238500000000000002,2024-10-24,3693,88,2160,1.7097,48.78,13.2089,0.5543,0.023829
238600000000000005,238500000000000003,2024-10-24,6779,122,5602,1.2101,70.21,10.3567,0.5755,0.017997
238600000000000006,238500000000000004,2024-10-24,4019,53,1960,2.0505,72.53,18.0465,1.3685,0.013187
238600000000000007,238500000000000004,2024-10-24,4335,74,3235,1.34,67.89,15.6603,0.9174,0.01707
238600000000000001,238500000000000001,2024-10-25,6909,76,2953,2.3397,82.73,11.9748,1.0886,0.011
238600000000000002,238500000000000001,2024-10-25,6393,67,4262,1.5,77.63,12.1426,1.1586,0.01048
238600000000000003,238500000000000002,2024-10-25,3472,107,2778,1.2498,49.23,14.178,0.4601,0.030818
238600000000000004,238500000000000002,2024-10-25,2504,58,1210,2.0694,42.41,16.9366,0.7312,0.023163
238600000000000005,238500000000000003,2024-10-25,6686,104,4102,1.6299,68.73,10.2792,0.6608,0.015555
238600000000000006,238500000000000004,2024-10-25,5068,80,3424,1.4801,76.77,15.148,0.9596,0.015785
238600000000000007,238500000000000004,2024-10-25,3815,52,2384,1.6003,60.68,15.9064,1.167,0.01363
238600000000000001,238500000000000001,2024-10-26,6847,82,4505,1.5199,71.72,10.4752,0.8747,0.011976
238600000000000002,238500000000000001,2024-10-26,7451,81,2719,2.7403,91.88,12.3312,1.1343,0.010871
238600000000000003,238500000000000002,2024-10-26,2665,55,1200,2.2208,45.96,17.2476,0.8357,0.020638
238600000000000004,238500000000000002,2024-10-26,3472,79,1330,2.6105,47.52,13.6874,0.6016,0.022753
238600000000000005,238500000000000003,2024-10-26,6243,94,4107,1.5201,70.12,11.2311,0.7459,0.015057
238600000000000006,238500000000000004,2024-10-26,5088,52,3047,1.6698,68.03,13.3706,1.3083,0.01022
238600000000000001,238500000000000001,2024-10-27,7747,99,3654,2.1201,69.55,8.9773,0.7025,0.012779
238600000000000002,238500000000000001,2024-10-27,6850,95,4628,1.4801,80.17,11.7032,0.8439,0.013869
238600000000000003,238500000000000002,2024-10-27,2168,63,1253,1.7302,37.18,17.1498,0.5902,0.029059
238600000000000004,238500000000000002,2024-10-27,3261,101,2380,1.3702,48.37,14.833,0.4789,0.030972
238600000000000005,238500000000000003,2024-10-27,4309,56,1710,2.5199,64.16,14.8905,1.1458,0.012996
238600000000000006,238500000000000004,2024-10-27,5633,91,2789,2.0197,71.96,12.774,0.7907,0.016155
238600000000000007,238500000000000004,2024-10-27,4845,53,1970,2.4594,56.37,11.6349,1.0636,0.010939
238600000000000001,238500000000000001,2024-10-28,8768,97,2932,2.9905,82.86,9.4504,0.8542,0.011063
238600000000000002,238500000000000001,2024-10-28,8604,117,5698,1.51,89.12,10.3575,0.7617,0.013598
238600000000000003,238500000000000002,2024-10-28,3231,96,1179,2.7405,52.57,16.2715,0.5476,0.029712
238600000000000004,238500000000000002,2024-10-28,3666,125,2350,1.56,45.7,12.4657,0.3656,0.034097
238600000000000005,238500000000000003,2024-10-28,5677,89,3836,1.4799,73.7,12.983,0.8281,0.015677
238600000000000006,238500000000000004,2024-10-28,5216,92,1843,2.8302,68.78,13.1857,0.7476,0.017638
238600000000000007,238500000000000004,2024-10-28,4567,50,1895,2.41,78.63,17.2175,1.5726,0.010948
238600000000000001,238500000000000001,2024-10-29,6048,50,2043,2.9604,57.64,9.5302,1.1528,0.008267
238600000000000003,238500000000000002,2024-10-29,3048,77,1044,2.9195,31.37,10.2935,0.4075,0.025262
238600000000000004,238500000000000002,2024-10-29,1741,41,1360,1.2801,31.1,17.8635,0.7585,0.02355
238600000000000005,238500000000000003,2024-10-29,4206,52,1624,2.5899,46.86,11.1403,0.9011,0.012363
238600000000000006,238500000000000004,2024-10-29,2899,51,1502,1.9301,41.41,14.2843,0.812,0.017592
238600000000000007,238500000000000004,2024-10-29,2739,40,1650,1.66,52.3,19.0954,1.3076,0.014604
238600000000000001,238500000000000001,2024-10-30,7485,80,3919,1.9099,68.7,9.1788,0.8588,0.010688
238600000000000002,238500000000000001,2024-10-30,6532,82,3125,2.0902,78.23,11.9768,0.9541,0.012554
238600000000000003,238500000000000002,2024-10-30,2840,88,1022,2.7789,45.3,15.9522,0.5148,0.030986
238600000000000004,238500000000000002,2024-10-30,3718,116,1269,2.9299,38.66,10.3978,0.3333,0.0312
238600000000000005,238500000000000003,2024-10-30,6579,88,2937,2.24,62.97,9.5717,0.7156,0.013376
238600000000000006,238500000000000004,2024-10-30,4730,49,2503,1.8897,61.34,12.9693,1.2519,0.010359
238600000000000007,238500000000000004,2024-10-30,4354,72,2592,1.6798,64.6,14.837,0.8972,0.016537
238600000000000001,238500000000000001,2024-10-31,12438,126,9642,1.29,102.69,8.2564,0.815,0.01013
238600000000000002,238500000000000001,2024-10-31,7743,75,4582,1.6899,87.49,11.2998,1.1666,0.009686
238600000000000003,238500000000000002,2024-10-31,4346,108,2997,1.4501,55.24,12.7096,0.5114,0.02485
238600000000000004,238500000000000002,2024-10-31,4467,150,2234,1.9996,53.44,11.9639,0.3563,0.03358
238600000000000005,238500000000000003,2024-10-31,5478,87,3652,1.5,81.51,14.8794,0.9369,0.015882
238600000000000006,238500000000000004,2024-10-31,4265,58,1930,2.2098,84.77,19.8757,1.4615,0.013599
238600000000000007,238500000000000004,2024-10-31,5083,90,2432,2.09,78.25,15.3941,0.8694,0.017706
238600000000000001,238500000000000001,2024-11-01,8204,72,5902,1.39,71.05,8.661,0.9869,0.008776
238600000000000002,238500000000000001,2024-11-01,6488,83,2403,2.7,60.71,9.3577,0.7315,0.012793
238600000000000003,238500000000000002,2024-11-01,2437,59,927,2.6289,39.91,16.3762,0.6764,0.02421
238600000000000004,238500000000000002,2024-11-01,3504,76,1752,2.0,35.39,10.099,0.4656,0.021689
238600000000000005,238500000000000003,2024-11-01,4841,60,1729,2.7999,56.47,11.6653,0.9412,0.012394
238600000000000006,238500000000000004,2024-11-01,3290,49,2031,1.6199,52.65,16.0027,1.0745,0.014894
238600000000000007,238500000000000004,2024-11-01,3683,49,1762,2.0902,60.29,16.3711,1.2305,0.013304
238600000000000001,238500000000000001,2024-11-02,6894,71,3628,1.9002,75.12,10.897,1.0581,0.010299
238600000000000002,238500000000000001,2024-11-02,5273,42,2397,2.1998,66.15,12.5456,1.5751,0.007965
238600000000000004,238500000000000002,2024-11-02,2462,57,1383,1.7802,39.12,15.8891,0.6863,0.023152
238600000000000005,238500000000000003,2024-11-02,4775,85,2190,2.1804,60.55,12.68,0.7123,0.017801
238600000000000007,238500000000000004,2024-11-02,3283,42,2233,1.4702,59.93,18.2549,1.4269,0.012793
238600000000000001,238500000000000001,2024-11-03,6700,96,3661,1.8301,56.24,8.3947,0.5859,0.014328
238600000000000002,238500000000000001,2024-11-03,5423,73,2916,1.8597,57.81,10.6601,0.7919,0.013461
238600000000000003,238500000000000002,2024-11-03,2551,88,1020,2.501,31.11,12.1943,0.3535,0.034496
238600000000000004,238500000000000002,2024-11-03,2411,49,1039,2.3205,34.07,14.1295,0.6952,0.020324
238600000000000005,238500000000000003,2024-11-03,3588,57,1429,2.5108,48.88,13.6233,0.8575,0.015886
238600000000000006,238500000000000004,2024-11-03,3436,52,2771,1.24,48.97,14.2508,0.9416,0.015134
238600000000000007,238500000000000004,2024-11-03,2501,39,851,2.9389,48.8,19.5102,1.2512,0.015594
238600000000000002,238500000000000001,2024-11-04,7768,105,3306,2.3497,80.27,10.3335,0.7645,0.013517
238600000000000004,238500000000000002,2024-11-04,2954,66,1055,2.8,42.32,14.3253,0.6412,0.022343
238600000000000005,238500000000000003,2024-11-04,6738,92,2292,2.9398,61.13,9.0723,0.6645,0.013654
238600000000000006,238500000000000004,2024-11-04,2830,37,1060,2.6698,54.48,19.251,1.4724,0.013074
238600000000000007,238500000000000004,2024-11-04,4444,60,1538,2.8895,67.78,15.2517,1.1296,0.013501
238600000000000001,238500000000000001,2024-11-05,8532,114,6415,1.33,87.65,10.2727,0.7688,0.013361
238600000000000002,238500000000000001,2024-11-05,12035,176,8243,1.46,107.56,8.9375,0.6111,0.014624
238600000000000003,238500000000000002,2024-11-05,3591,74,1247,2.8797,53.09,14.7848,0.7175,0.020607
238600000000000004,238500000000000002,2024-11-05,3766,130,1340,2.8104,58.46,15.522,0.4497,0.034519
238600000000000005,238500000000000003,2024-11-05,8408,105,4545,1.8499,83.66,9.9502,0.7968,0.012488
238600000000000006,238500000000000004,2024-11-05,5711,68,1936,2.9499,86.76,15.1924,1.2759,0.011907
238600000000000007,238500000000000004,2024-11-05,4104,58,1503,2.7305,80.56,19.6294,1.3889,0.014133
238600000000000003,238500000000000002,2024-11-06,3597,106,1499,2.3996,39.92,11.0989,0.3766,0.029469
238600000000000004,238500000000000002,2024-11-06,2410,57,1230,1.9593,42.12,17.4758,0.7389,0.023651
238600000000000005,238500000000000003,2024-11-06,4162,69,2448,1.7002,61.53,14.7837,0.8917,0.016579
238600000000000006,238500000000000004,2024-11-06,4271,72,1630,2.6202,52.45,12.2814,0.7285,0.016858
238600000000000007,238500000000000004,2024-11-06,3600,43,1333,2.7007,70.61,19.6126,1.642,0.011944
238600000000000001,238500000000000001,2024-11-07,7294,64,5443,1.3401,94.44,12.9482,1.4757,0.008774
238600000000000002,238500000000000001,2024-11-07,8512,94,4626,1.84,104.67,12.2972,1.1136,0.011043
238600000000000003,238500000000000002,2024-11-07,3669,101,1369,2.6801,56.56,15.4149,0.56,0.027528
238600000000000005,238500000000000003,2024-11-07,8154,127,3723,2.1902,85.34,10.4656,0.6719,0.015575
238600000000000006,238500000000000004,2024-11-07,7097,101,3531,2.0099,81.99,11.5533,0.8118,0.014231
238600000000000007,238500000000000004,2024-11-07,5438,81,2746,1.9803,88.68,16.3073,1.0948,0.014895
238600000000000002,238500000000000001,2024-11-08,8086,79,4256,1.8999,95.22,11.7753,1.2053,0.00977
238600000000000003,238500000000000002,2024-11-08,4334,112,2909,1.4899,56.91,13.1314,0.5081,0.025842
238600000000000004,238500000000000002,2024-11-08,3055,71,1971,1.55,52.68,17.2445,0.742,0.023241
238600000000000005,238500000000000003,2024-11-08,6809,118,2332,2.9198,82.2,12.0715,0.6966,0.01733
238600000000000006,238500000000000004,2024-11-08,4801,56,1600,3.0006,77.81,16.2077,1.3895,0.011664
238600000000000007,238500000000000004,2024-11-08,7437,95,3411,2.1803,86.58,11.6414,0.9113,0.012774
238600000000000001,238500000000000001,2024-11-09,6187,57,4125,1.4999,77.44,12.5166,1.3586,0.009213
238600000000000002,238500000000000001,2024-11-09,11708,159,6729,1.7399,94.9,8.1052,0.5968,0.01358
238600000000000003,238500000000000002,2024-11-09,3800,125,1891,2.0095,53.47,14.0704,0.4277,0.032895
238600000000000004,238500000000000002,2024-11-09,2523,66,1649,1.53,45.01,17.84,0.682,0.026159
238600000000000005,238500000000000003,2024-11-09,5962,90,2152,2.7704,73.86,12.3882,0.8207,0.015096
238600000000000006,238500000000000004,2024-11-09,3359,44,1527,2.1997,61.48,18.3039,1.3973,0.013099
238600000000000007,238500000000000004,2024-11-09,5120,58,3241,1.5798,86.23,16.8426,1.4868,0.011328
238600000000000001,238500000000000001,2024-11-10,6369,68,3746,1.7002,71.21,11.1811,1.0472,0.010677
238600000000000003,238500000000000002,2024-11-10,2403,58,1208,1.9892,35.51,14.7786,0.6123,0.024136
238600000000000004,238500000000000002,2024-11-10,3667,113,1871,1.9599,41.41,11.2926,0.3665,0.030815
238600000000000005,238500000000000003,2024-11-10,3912,60,1487,2.6308,57.69,14.7475,0.9615,0.015337
238600000000000006,238500000000000004,2024-11-10,3504,38,1288,2.7205,55.78,15.9181,1.4678,0.010845
238600000000000007,238500000000000004,2024-11-10,5394,65,3746,1.4399,59.61,11.0507,0.917,0.01205
238600000000000001,238500000000000001,2024-11-11,9974,149,5450,1.8301,87.59,8.7822,0.5879,0.014939
238600000000000002,238500000000000001,2024-11-11,8160,117,3611,2.2598,86.6,10.6128,0.7402,0.014338
238600000000000003,238500000000000002,2024-11-11,2868,94,1448,1.9807,44.23,15.4202,0.4705,0.032775
238600000000000004,238500000000000002,2024-11-11,3456,87,1294,2.6708,55.31,16.0053,0.6358,0.025174
238600000000000005,238500000000000003,2024-11-11,7379,99,2928,2.5202,74.65,10.1172,0.7541,0.013416
238600000000000006,238500000000000004,2024-11-11,6322,107,2422,2.6102,73.61,11.6429,0.6879,0.016925
238600000000000007,238500000000000004,2024-11-11,4216,68,2108,2.0,75.7,17.9561,1.1133,0.016129
238600000000000009,238500000000000006,2024-11-11,28965,223,12170,2.38,229.43,7.9209,1.0288,0.007699
238600000000000001,238500000000000001,2024-11-12,7641,67,2599,2.94,80.02,10.4731,1.1944,0.008768
238600000000000002,238500000000000001,2024-11-12,10221,138,4754,2.15,92.98,9.0972,0.6738,0.013502
238600000000000003,238500000000000002,2024-11-12,3405,75,2155,1.58,47.94,14.0804,0.6392,0.022026
238600000000000004,238500000000000002,2024-11-12,4563,116,1818,2.5099,50.92,11.1588,0.4389,0.025422
238600000000000005,238500000000000003,2024-11-12,6498,97,2372,2.7395,74.15,11.4106,0.7644,0.014928
238600000000000006,238500000000000004,2024-11-12,5695,97,2393,2.3799,72.88,12.7972,0.7513,0.017032
238600000000000007,238500000000000004,2024-11-12,4740,85,2772,1.71,75.41,15.9096,0.8872,0.017932
238600000000000009,238500000000000006,2024-11-12,30619,186,17106,1.79,160.93,5.2558,0.8652,0.006075
238600000000000001,238500000000000001,2024-11-13,5215,58,1823,2.8607,65.77,12.6118,1.134,0.011122
238600000000000002,238500000000000001,2024-11-13,6635,82,3835,1.7301,71.4,10.7611,0.8707,0.012359
238600000000000003,238500000000000002,2024-11-13,3695,114,1848,1.9995,40.95,11.0829,0.3592,0.030853
238600000000000004,238500000000000002,2024-11-13,3003,70,1054,2.8491,37.43,12.4648,0.5347,0.02331
238600000000000005,238500000000000003,2024-11-13,4069,57,1850,2.1995,58.79,14.4476,1.0314,0.014008
238600000000000006,238500000000000004,2024-11-13,3784,56,1314,2.8798,65.86,17.4056,1.1761,0.014799
238600000000000007,238500000000000004,2024-11-13,4328,69,3408,1.27,51.71,11.9481,0.7494,0.015943
238600000000000009,238500000000000006,2024-11-13,44054,329,35243,1.25,240.45,5.458,0.7308,0.007468
238600000000000001,238500000000000001,2024-11-14,9826,82,5429,1.8099,101.61,10.3411,1.2392,0.008345
238600000000000002,238500000000000001,2024-11-14,8938,127,3590,2.4897,81.85,9.1571,0.6445,0.014209
238600000000000003,238500000000000002,2024-11-14,4930,132,1736,2.8399,54.97,11.1506,0.4165,0.026775
238600000000000004,238500000000000002,2024-11-14,4503,106,2001,2.2504,49.86,11.0727,0.4704,0.02354
238600000000000005,238500000000000003,2024-11-14,5683,94,3323,1.7102,78.62,13.8351,0.8364,0.016541
238600000000000006,238500000000000004,2024-11-14,4402,73,2106,2.0902,68.0,15.4478,0.9315,0.016583
238600000000000007,238500000000000004,2024-11-14,5879,98,2390,2.4598,89.25,15.1809,0.9107,0.01667
238600000000000009,238500000000000006,2024-11-14,35577,239,21432,1.66,193.86,5.4489,0.8111,0.006718
238600000000000001,238500000000000001,2024-11-15,6957,98,2416,2.8796,66.87,9.6124,0.6824,0.014087
238600000000000002,238500000000000001,2024-11-15,6845,92,2305,2.9696,82.78,12.0935,0.8998,0.01344
238600000000000003,238500000000000002,2024-11-15,2571,65,1461,1.7598,43.45,16.8993,0.6684,0.025282
238600000000000004,238500000000000002,2024-11-15,2342,78,1531,1.5297,42.07,17.9626,0.5393,0.033305
238600000000000005,238500000000000003,2024-11-15,5156,96,1778,2.8999,64.14,12.4394,0.6681,0.018619
238600000000000006,238500000000000004,2024-11-15,3709,60,1405,2.6399,66.63,17.9637,1.1105,0.016177
238600000000000007,238500000000000004,2024-11-15,3564,43,1705,2.0903,61.65,17.2972,1.4337,0.012065
238600000000000009,238500000000000006,2024-11-15,37915,296,14527,2.61,152.05,4.0103,0.5137,0.007807
238600000000000001,238500000000000001,2024-11-16,10274,126,3763,2.7303,88.31,8.5952,0.7009,0.012264
238600000000000002,238500000000000001,2024-11-16,6176,62,4825,1.28,72.96,11.814,1.1768,0.010039
238600000000000003,238500000000000002,2024-11-16,3391,103,1696,1.9994,53.1,15.6593,0.5155,0.030375
238600000000000004,238500000000000002,2024-11-16,2278,55,1822,1.2503,39.05,17.1439,0.7101,0.024144
238600000000000005,238500000000000003,2024-11-16,5261,98,3555,1.4799,69.12,13.1374,0.7053,0.018628
238600000000000006,238500000000000004,2024-11-16,4322,77,1956,2.2096,73.55,17.0187,0.9553,0.017816
238600000000000007,238500000000000004,2024-11-16,3854,41,3035,1.2699,64.68,16.7818,1.5775,0.010638
238600000000000009,238500000000000006,2024-11-16,72081,470,46206,1.56,343.84,4.7702,0.7316,0.00652
238600000000000001,238500000000000001,2024-11-17,6562,58,2335,2.8103,90.94,13.8587,1.5679,0.008839
238600000000000002,238500000000000001,2024-11-17,6046,69,2129,2.8398,75.02,12.4081,1.0872,0.011413
238600000000000003,238500000000000002,2024-11-17,2670,75,1127,2.3691,43.64,16.3457,0.5819,0.02809
238600000000000004,238500000000000002,2024-11-17,3321,75,2657,1.2499,51.19,15.4144,0.6825,0.022584
238600000000000005,238500000000000003,2024-11-17,6020,76,2418,2.4897,71.13,11.8149,0.9359,0.012625
238600000000000006,238500000000000004,2024-11-17,5658,61,2656,2.1303,78.25,13.8298,1.2828,0.010781
238600000000000007,238500000000000004,2024-11-17,5707,90,2492,2.2901,64.0,11.2147,0.7111,0.01577
238600000000000009,238500000000000006,2024-11-17,19593,118,12480,1.57,153.08,7.8128,1.2972,0.006023
238600000000000001,238500000000000001,2024-11-18,7775,66,4368,1.78,93.45,12.0198,1.416,0.008489
238600000000000002,238500000000000001,2024-11-18,6768,99,4311,1.5699,89.76,13.263,0.9067,0.014628
238600000000000003,238500000000000002,2024-11-18,3493,114,2197,1.5899,59.75,17.1064,0.5241,0.032637
238600000000000004,238500000000000002,2024-11-18,3459,88,2096,1.6503,44.94,12.9932,0.5107,0.025441
238600000000000005,238500000000000003,2024-11-18,6549,103,2183,3.0,78.52,11.9899,0.7623,0.015728
238600000000000006,238500000000000004,2024-11-18,5029,72,3618,1.39,78.52,15.6142,1.0906,0.014317
238600000000000007,238500000000000004,2024-11-18,5356,55,2289,2.3399,78.52,14.6602,1.4276,0.010269
238600000000000009,238500000000000006,2024-11-18,26970,179,20746,1.3,201.94,7.4877,1.1282,0.006637
238600000000000002,238500000000000001,2024-11-19,8778,89,4083,2.1499,77.47,8.8254,0.8704,0.010139
238600000000000003,238500000000000002,2024-11-19,4207,108,1530,2.7497,50.82,12.0805,0.4706,0.025671
238600000000000004,238500000000000002,2024-11-19,3321,93,1815,1.8298,48.76,14.6818,0.5243,0.028004
238600000000000005,238500000000000003,2024-11-19,5917,116,4109,1.44,74.69,12.6222,0.6438,0.019605
238600000000000006,238500000000000004,2024-11-19,4214,64,1915,2.2005,72.64,17.2379,1.135,0.015187
238600000000000007,238500000000000004,2024-11-19,5380,75,2339,2.3001,76.73,14.2622,1.0231,0.013941
238600000000000009,238500000000000006,2024-11-19,22707,163,18612,1.22,165.42,7.2851,1.0149,0.007178
238600000000000001,238500000000000001,2024-11-20,7493,84,2882,2.5999,86.55,11.5514,1.0304,0.01121
238600000000000002,238500000000000001,2024-11-20,10206,129,5155,1.9798,83.96,8.2263,0.6508,0.01264
238600000000000003,238500000000000002,2024-11-20,3682,104,2192,1.6797,53.79,14.6092,0.5172,0.028246
238600000000000004,238500000000000002,2024-11-20,3091,100,1166,2.6509,43.64,14.12,0.4364,0.032352
238600000000000005,238500000000000003,2024-11-20,5571,102,1976,2.8193,73.08,13.1174,0.7164,0.018309
238600000000000006,238500000000000004,2024-11-20,4173,46,3091,1.35,71.63,17.164,1.5571,0.011023
238600000000000007,238500000000000004,2024-11-20,6024,64,2248,2.6797,74.53,12.372,1.1645,0.010624
238600000000000009,238500000000000006,2024-11-20,31871,164,10840,2.9401,240.15,7.5352,1.4644,0.005146
238600000000000001,238500000000000001,2024-11-21,8584,111,5266,1.6301,77.33,9.0081,0.6966,0.012931
238600000000000002,238500000000000001,2024-11-21,5925,60,3798,1.56,72.48,12.2336,1.2081,0.010127
238600000000000003,238500000000000002,2024-11-21,2326,58,1067,2.1799,41.77,17.9591,0.7202,0.024936
238600000000000004,238500000000000002,2024-11-21,3434,80,1296,2.6497,43.83,12.7643,0.5479,0.023296
238600000000000005,238500000000000003,2024-11-21,4564,79,1542,2.9598,64.2,14.0675,0.8127,0.017309
238600000000000006,238500000000000004,2024-11-21,4762,61,3691,1.2902,56.56,11.8766,0.9272,0.01281
238600000000000007,238500000000000004,2024-11-21,5923,69,2369,2.5002,71.85,12.131,1.0413,0.01165
238600000000000009,238500000000000006,2024-11-21,31047,226,25659,1.21,181.65,5.8509,0.8038,0.007279
238600000000000001,238500000000000001,2024-11-22,11981,118,7583,1.58,96.64,8.066,0.819,0.009849
238600000000000002,238500000000000001,2024-11-22,9877,124,3967,2.4898,102.46,10.3735,0.8263,0.012554
238600000000000003,238500000000000002,2024-11-22,3691,83,2546,1.4497,64.42,17.4526,0.7761,0.022487
238600000000000004,238500000000000002,2024-11-22,3491,120,1322,2.6407,49.35,14.1372,0.4113,0.034374
238600000000000005,238500000000000003,2024-11-22,6020,97,4210,1.4299,85.33,14.1741,0.8797,0.016113
238600000000000006,238500000000000004,2024-11-22,4598,70,3149,1.4601,86.28,18.7652,1.2326,0.015224
238600000000000009,238500000000000006,2024-11-22,43507,198,16295,2.67,259.63,5.9675,1.3113,0.004551
238600000000000001,238500000000000001,2024-11-23,5919,72,4054,1.46,73.03,12.3387,1.0143,0.012164
238600000000000002,238500000000000001,2024-11-23,6279,70,3852,1.6301,77.18,12.2917,1.1026,0.011148
238600000000000003,238500000000000002,2024-11-23,3928,112,1408,2.7898,40.1,10.2085,0.358,0.028513
238600000000000004,238500000000000002,2024-11-23,4568,100,2687,1.7,45.74,10.0124,0.4574,0.021891
238600000000000005,238500000000000003,2024-11-23,5631,103,3163,1.7803,64.38,11.4326,0.625,0.018292
238600000000000006,238500000000000004,2024-11-23,4192,56,1684,2.4893,66.44,15.8502,1.1865,0.013359
238600000000000007,238500000000000004,2024-11-23,5039,81,2366,2.1298,62.31,12.3655,0.7693,0.016075
238600000000000009,238500000000000006,2024-11-23,37265,181,21173,1.76,177.47,4.7625,0.9805,0.004857
238600000000000001,238500000000000001,2024-11-24,9157,135,4279,2.14,88.57,9.672,0.656,0.014743
238600000000000002,238500000000000001,2024-11-24,7835,81,4503,1.74,82.68,10.553,1.0208,0.010338
238600000000000003,238500000000000002,2024-11-24,3295,111,1225,2.6898,47.35,14.3693,0.4265,0.033687
238600000000000004,238500000000000002,2024-11-24,4450,118,2871,1.55,50.51,11.3505,0.4281,0.026517
238600000000000005,238500000000000003,2024-11-24,7000,94,3804,1.8402,73.39,10.4846,0.7808,0.013429
238600000000000006,238500000000000004,2024-11-24,4805,64,1986,2.4194,86.56,18.0138,1.3524,0.013319
238600000000000007,238500000000000004,2024-11-24,3882,64,1303,2.9793,60.23,15.5148,0.9411,0.016486
238600000000000009,238500000000000006,2024-11-24,27754,169,21683,1.28,143.6,5.1742,0.8497,0.006089
238600000000000001,238500000000000001,2024-11-25,9562,141,3187,3.0003,87.74,9.1755,0.6222,0.014746
238600000000000002,238500000000000001,2024-11-25,5195,69,2935,1.77,68.84,13.2509,0.9977,0.013282
238600000000000003,238500000000000002,2024-11-25,3419,76,1437,2.3793,46.91,13.7209,0.6173,0.022229
238600000000000004,238500000000000002,2024-11-25,2959,59,1193,2.4803,42.56,14.383,0.7213,0.019939
238600000000000005,238500000000000003,2024-11-25,6650,133,2956,2.2497,67.1,10.0907,0.5045,0.02
238600000000000006,238500000000000004,2024-11-25,6143,64,2381,2.58,75.03,12.2146,1.1724,0.010418
238600000000000007,238500000000000004,2024-11-25,4750,82,3209,1.4802,59.17,12.4574,0.7216,0.017263
238600000000000009,238500000000000006,2024-11-25,56947,409,31462,1.81,238.57,4.1893,0.5833,0.007182
238600000000000001,238500000000000001,2024-11-26,7374,95,4312,1.7101,89.89,12.19,0.9462,0.012883
238600000000000002,238500000000000001,2024-11-26,13067,146,10538,1.24,123.08,9.4189,0.843,0.011173
238600000000000003,238500000000000002,2024-11-26,3334,87,1221,2.7305,54.11,16.2293,0.6219,0.026095
238600000000000004,238500000000000002,2024-11-26,4527,126,1640,2.7604,67.59,14.9296,0.5364,0.027833
238600000000000005,238500000000000003,2024-11-26,8340,146,2866,2.91,91.27,10.9438,0.6251,0.017506
238600000000000006,238500000000000004,2024-11-26,4734,82,1807,2.6198,84.64,17.8799,1.0322,0.017322
238600000000000007,238500000000000004,2024-11-26,5858,100,2048,2.8604,97.9,16.712,0.979,0.017071
238600000000000009,238500000000000006,2024-11-26,39096,175,28330,1.38,226.21,5.786,1.2926,0.004476
238600000000000001,238500000000000001,2024-11-27,6856,61,2893,2.3699,83.16,12.129,1.3632,0.008897
238600000000000002,238500000000000001,2024-11-27,6989,99,5255,1.33,72.41,10.3609,0.7314,0.014165
238600000000000003,238500000000000002,2024-11-27,3125,72,1570,1.9904,52.09,16.6684,0.7235,0.02304
238600000000000004,238500000000000002,2024-11-27,2618,90,1051,2.491,36.81,14.0594,0.409,0.034377
238600000000000005,238500000000000003,2024-11-27,4554,59,3614,1.2601,66.67,14.6404,1.13,0.012956
238600000000000006,238500000000000004,2024-11-27,5912,100,3742,1.5799,73.81,12.4855,0.7381,0.016915
238600000000000007,238500000000000004,2024-11-27,3027,46,1299,2.3303,59.53,19.6664,1.2941,0.015197
238600000000000009,238500000000000006,2024-11-27,26888,171,21860,1.23,169.36,6.2986,0.9904,0.00636
238600000000000001,238500000000000001,2024-11-28,11597,148,5947,1.9501,98.7,8.511,0.6669,0.012762
238600000000000002,238500000000000001,2024-11-28,8028,88,3076,2.6099,101.22,12.6081,1.1502,0.010962
238600000000000003,238500000000000002,2024-11-28,4947,117,2027,2.4406,49.51,10.0079,0.4232,0.023651
238600000000000004,238500000000000002,2024-11-28,3930,81,2655,1.4802,64.73,16.471,0.7991,0.020611
238600000000000005,238500000000000003,2024-11-28,7619,118,3753,2.0301,85.68,11.2456,0.7261,0.015488
238600000000000006,238500000000000004,2024-11-28,4058,57,2962,1.37,80.2,19.7645,1.4071,0.014046
238600000000000007,238500000000000004,2024-11-28,6644,67,4551,1.4599,91.16,13.72,1.3605,0.010084
238600000000000009,238500000000000006,2024-11-28,34120,182,13174,2.5899,166.8,4.8886,0.9165,0.005334
238600000000000001,238500000000000001,2024-11-29,6414,81,3144,2.0401,88.23,13.756,1.0893,0.012629
238600000000000002,238500000000000001,2024-11-29,6918,76,3822,1.81,78.3,11.319,1.0303,0.010986
238600000000000003,238500000000000002,2024-11-29,2983,64,1441,2.0701,47.74,16.0034,0.7459,0.021455
238600000000000004,238500000000000002,2024-11-29,2685,85,2165,1.2402,47.42,17.6629,0.5579,0.031657
238600000000000005,238500000000000003,2024-11-29,5819,105,2657,2.1901,71.37,12.2654,0.6797,0.018044
238600000000000006,238500000000000004,2024-11-29,4299,69,1972,2.18,80.36,18.6933,1.1647,0.01605
238600000000000007,238500000000000004,2024-11-29,4962,82,3264,1.5202,62.38,12.572,0.7608,0.016526
238600000000000009,238500000000000006,2024-11-29,26782,122,16134,1.66,204.71,7.6435,1.6779,0.004555
238600000000000001,238500000000000001,2024-11-30,8530,80,4005,2.1298,78.68,9.2238,0.9835,0.009379
238600000000000002,238500000000000001,2024-11-30,7548,83,4414,1.71,97.28,12.8878,1.172,0.010996
238600000000000003,238500000000000002,2024-11-30,2905,87,2046,1.4198,42.49,14.6253,0.4883,0.029948
238600000000000004,238500000000000002,2024-11-30,3700,77,1418,2.6093,58.06,15.6918,0.754,0.020811
238600000000000005,238500000000000003,2024-11-30,7060,107,3394,2.0801,75.41,10.6813,0.7048,0.015156
238600000000000006,238500000000000004,2024-11-30,5808,62,4761,1.2199,84.7,14.5825,1.3661,0.010675
238600000000000007,238500000000000004,2024-11-30,4058,69,2618,1.55,66.12,16.2947,0.9583,0.017003
238600000000000001,238500000000000001,2024-12-01,8257,92,3670,2.2499,68.99,8.3552,0.7499,0.011142
238600000000000002,238500000000000001,2024-12-01,6727,63,3173,2.1201,67.31,10.0057,1.0684,0.009365
238600000000000003,238500000000000002,2024-12-01,2636,83,995,2.6492,41.69,15.8158,0.5023,0.031487
238600000000000004,238500000000000002,2024-12-01,3026,77,1627,1.8599,36.19,11.9609,0.47,0.025446
238600000000000005,238500000000000003,2024-12-01,4275,65,2096,2.0396,58.41,13.6639,0.8987,0.015205
238600000000000006,238500000000000004,2024-12-01,4421,57,1931,2.2895,56.33,12.7418,0.9883,0.012893
238600000000000007,238500000000000004,2024-12-01,3587,51,1700,2.11,60.49,16.8649,1.1862,0.014218
238600000000000001,238500000000000001,2024-12-02,3415,29,1846,1.8499,44.94,13.1608,1.5498,0.008492
238600000000000002,238500000000000001,2024-12-02,3623,41,1767,2.0504,44.37,12.2465,1.0822,0.011317
238600000000000003,238500000000000002,2024-12-02,2206,73,826,2.6707,25.26,11.4486,0.346,0.033092
238600000000000004,238500000000000002,2024-12-02,1601,33,1323,1.2101,25.78,16.1028,0.7812,0.020612
238600000000000005,238500000000000003,2024-12-02,2805,40,1055,2.6588,38.28,13.646,0.9569,0.01426
238600000000000006,238500000000000004,2024-12-02,2398,27,944,2.5403,38.15,15.9094,1.413,0.011259
238600000000000007,238500000000000004,2024-12-02,2738,35,1329,2.0602,38.4,14.0261,1.0972,0.012783
238600000000000001,238500000000000001,2024-12-03,4332,64,1892,2.2896,58.79,13.5715,0.9186,0.014774
238600000000000002,238500000000000001,2024-12-03,3905,56,1400,2.7893,42.93,10.9946,0.7667,0.014341
238600000000000003,238500000000000002,2024-12-03,2021,61,1148,1.7605,28.61,14.1556,0.469,0.030183
238600000000000005,238500000000000003,2024-12-03,3256,60,1119,2.9097,43.6,13.3896,0.7266,0.018428
238600000000000006,238500000000000004,2024-12-03,2637,47,1286,2.0505,45.17,17.13,0.9611,0.017823
238600000000000007,238500000000000004,2024-12-03,2679,31,1585,1.6902,42.02,15.6854,1.3555,0.011571
238600000000000001,238500000000000001,2024-12-04,7170,74,3104,2.3099,80.0,11.1576,1.0811,0.010321
238600000000000002,238500000000000001,2024-12-04,6656,92,4322,1.54,84.12,12.6376,0.9143,0.013822
238600000000000003,238500000000000002,2024-12-04,2954,99,1780,1.6596,42.34,14.3343,0.4277,0.033514
238600000000000004,238500000000000002,2024-12-04,4914,172,2100,2.34,51.44,10.4674,0.2991,0.035002
238600000000000005,238500000000000003,2024-12-04,5317,98,2685,1.9803,70.34,13.2284,0.7177,0.018431
238600000000000006,238500000000000004,2024-12-04,6164,97,2178,2.8301,69.55,11.2841,0.7171,0.015737
238600000000000007,238500000000000004,2024-12-04,3789,47,1599,2.3696,71.12,18.769,1.5131,0.012404
238600000000000002,238500000000000001,2024-12-05,7572,73,3321,2.28,71.73,9.4736,0.9827,0.009641
238600000000000003,238500000000000002,2024-12-05,2266,64,1619,1.3996,38.26,16.883,0.5978,0.028244
238600000000000004,238500000000000002,2024-12-05,3058,72,1747,1.7504,44.91,14.6866,0.6238,0.023545
238600000000000005,238500000000000003,2024-12-05,5107,62,4256,1.2,62.38,12.2139,1.0061,0.01214
238600000000000006,238500000000000004,2024-12-05,3825,38,2812,1.3602,62.37,16.3047,1.6412,0.009935
238600000000000007,238500000000000004,2024-12-05,3542,54,1647,2.1506,62.39,17.6135,1.1553,0.015246
238600000000000001,238500000000000001,2024-12-06,7764,105,3361,2.31,75.66,9.7452,0.7206,0.013524
238600000000000002,238500000000000001,2024-12-06,5498,46,3394,1.6199,64.35,11.7045,1.3989,0.008367
238600000000000003,238500000000000002,2024-12-06,3474,109,1746,1.9897,43.17,12.4267,0.3961,0.031376
238600000000000004,238500000000000002,2024-12-06,2303,48,1515,1.5201,36.84,15.9951,0.7674,0.020842
238600000000000005,238500000000000003,2024-12-06,4552,60,1564,2.9105,60.01,13.1822,1.0001,0.013181
238600000000000006,238500000000000004,2024-12-06,5065,76,2042,2.4804,59.44,11.7354,0.7821,0.015005
238600000000000007,238500000000000004,2024-12-06,4229,71,1949,2.1698,60.57,14.3227,0.8531,0.016789
238600000000000002,238500000000000001,2024-12-07,5581,46,2406,2.3196,73.53,13.1751,1.5985,0.008242
238600000000000003,238500000000000002,2024-12-07,2388,65,1349,1.7702,39.45,16.5201,0.6069,0.027219
238600000000000004,238500000000000002,2024-12-07,3599,96,2383,1.5103,41.07,11.4128,0.4279,0.026674
238600000000000005,238500000000000003,2024-12-07,4771,66,3160,1.5098,60.39,12.6585,0.9151,0.013834
238600000000000006,238500000000000004,2024-12-07,4603,67,1545,2.9793,58.98,12.8132,0.8803,0.014556
238600000000000007,238500000000000004,2024-12-07,3945,62,2966,1.3301,61.81,15.6674,0.9969,0.015716
238600000000000001,238500000000000001,2024-12-08,5762,52,2333,2.4698,65.38,11.3473,1.2574,0.009025
238600000000000002,238500000000000001,2024-12-08,5557,80,3250,1.7098,59.97,10.791,0.7496,0.014396
238600000000000003,238500000000000002,2024-12-08,2991,81,1869,1.6003,35.15,11.7503,0.4339,0.027081
238600000000000004,238500000000000002,2024-12-08,3022,76,1153,2.621,36.48,12.0724,0.48,0.025149
238600000000000005,238500000000000003,2024-12-08,3716,55,2563,1.4499,53.72,14.4566,0.9767,0.014801
238600000000000006,238500000000000004,2024-12-08,2953,50,1562,1.8905,47.84,16.2017,0.9569,0.016932
238600000000000007,238500000000000004,2024-12-08,4970,78,2189,2.2704,59.6,11.9916,0.7641,0.015694
238600000000000001,238500000000000001,2024-12-09,8910,92,4125,2.16,76.85,8.6257,0.8354,0.010325
238600000000000002,238500000000000001,2024-12-09,9166,79,3086,2.9702,80.9,8.8258,1.024,0.008619
238600000000000003,238500000000000002,2024-12-09,3272,85,1880,1.7404,43.46,13.2832,0.5113,0.025978
238600000000000004,238500000000000002,2024-12-09,3457,119,1290,2.6798,46.68,13.5035,0.3923,0.034423
238600000000000006,238500000000000004,2024-12-09,4443,49,2326,1.9101,62.64,14.0976,1.2783,0.011029
238600000000000007,238500000000000004,2024-12-09,4368,60,1851,2.3598,72.58,16.6164,1.2097,0.013736
238600000000000001,238500000000000001,2024-12-10,9168,137,6643,1.3801,84.82,9.2522,0.6192,0.014943
238600000000000002,238500000000000001,2024-12-10,6098,49,3127,1.9501,79.31,13.0058,1.6186,0.008035
238600000000000003,238500000000000002,2024-12-10,4462,111,3486,1.28,48.26,10.8157,0.4348,0.024877
238600000000000004,238500000000000002,2024-12-10,3483,111,1371,2.5405,45.53,13.0723,0.4102,0.031869
238600000000000005,238500000000000003,2024-12-10,6575,113,3058,2.1501,70.34,10.6985,0.6225,0.017186
238600000000000006,238500000000000004,2024-12-10,6346,112,2508,2.5303,81.53,12.8471,0.7279,0.017649
238600000000000007,238500000000000004,2024-12-10,4197,70,1515,2.7703,59.16,14.0953,0.8451,0.016679
238600000000000001,238500000000000001,2024-12-11,5093,51,2460,2.0703,61.49,12.0737,1.2057,0.010014
238600000000000002,238500000000000001,2024-12-11,4077,45,3315,1.2299,54.56,13.3816,1.2124,0.011038
238600000000000003,238500000000000002,2024-12-11,2113,57,1078,1.9601,34.96,16.5445,0.6133,0.026976
238600000000000004,238500000000000002,2024-12-11,2760,92,982,2.8106,31.35,11.3604,0.3408,0.033333
238600000000000005,238500000000000003,2024-12-11,4596,62,2070,2.2203,49.73,10.8214,0.8022,0.01349
238600000000000006,238500000000000004,2024-12-11,2594,31,1072,2.4198,51.22,19.7437,1.6521,0.011951
238600000000000007,238500000000000004,2024-12-11,2983,52,1546,1.9295,48.25,16.1766,0.928,0.017432
238600000000000001,238500000000000001,2024-12-12,5535,62,3008,1.8401,70.97,12.8216,1.1446,0.011201
238600000000000003,238500000000000002,2024-12-12,2855,81,1328,2.1498,35.15,12.3106,0.4339,0.028371
238600000000000004,238500000000000002,2024-12-12,2680,59,1763,1.5201,36.77,13.7193,0.6232,0.022015
238600000000000005,238500000000000003,2024-12-12,5243,68,1956,2.6805,53.94,10.2872,0.7932,0.01297
238600000000000006,238500000000000004,2024-12-12,2914,31,2208,1.3197,57.0,19.5624,1.8389,0.010638
238600000000000007,238500000000000004,2024-12-12,3945,62,2481,1.5901,50.87,12.8939,0.8204,0.015716
238600000000000001,238500000000000001,2024-12-13,7555,92,2778,2.7196,67.74,8.9661,0.7363,0.012177
238600000000000002,238500000000000001,2024-12-13,6505,90,3040,2.1398,71.54,10.9979,0.7949,0.013836
238600000000000003,238500000000000002,2024-12-13,2370,56,1612,1.4702,35.24,14.8687,0.6293,0.023629
238600000000000004,238500000000000002,2024-12-13,3657,86,1365,2.6791,44.35,12.1275,0.5157,0.023517
238600000000000005,238500000000000003,2024-12-13,4108,74,1457,2.8195,59.69,14.5306,0.8066,0.018014
238600000000000006,238500000000000004,2024-12-13,3760,45,1671,2.2501,50.06,13.315,1.1125,0.011968
238600000000000007,238500000000000004,2024-12-13,5008,70,3552,1.4099,69.32,13.8417,0.9903,0.013978
238600000000000001,238500000000000001,2024-12-14,5395,48,2257,2.3903,46.51,8.6205,0.9689,0.008897
238600000000000002,238500000000000001,2024-12-14,5992,88,3329,1.7999,56.19,9.378,0.6386,0.014686
238600000000000003,238500000000000002,2024-12-14,2406,56,1197,2.01,29.52,12.2713,0.5272,0.023275
238600000000000004,238500000000000002,2024-12-14,1948,66,1004,1.9402,29.16,14.9698,0.4418,0.033881
238600000000000005,238500000000000003,2024-12-14,2997,52,1026,2.9211,44.01,14.6862,0.8464,0.017351
238600000000000006,238500000000000004,2024-12-14,2165,31,1453,1.49,37.93,17.5204,1.2236,0.014319
238600000000000007,238500000000000004,2024-12-14,4066,71,2785,1.46,50.1,12.321,0.7056,0.017462
238600000000000001,238500000000000001,2024-12-15,5693,56,2305,2.4698,64.14,11.2669,1.1454,0.009837
238600000000000002,238500000000000001,2024-12-15,6752,99,2281,2.9601,68.05,10.0792,0.6874,0.014662
238600000000000003,238500000000000002,2024-12-15,2298,66,974,2.3593,36.34,15.8146,0.5506,0.028721
238600000000000004,238500000000000002,2024-12-15,2450,66,1346,1.8202,39.2,15.9998,0.5939,0.026939
238600000000000005,238500000000000003,2024-12-15,5211,89,1874,2.7807,56.66,10.8724,0.6366,0.017079
238600000000000006,238500000000000004,2024-12-15,3625,57,2158,1.6798,54.33,14.9869,0.9531,0.015724
238600000000000007,238500000000000004,2024-12-15,3270,52,1105,2.9593,58.98,18.0381,1.1343,0.015902
238600000000000001,238500000000000001,2024-12-16,4702,49,2833,1.6597,59.9,12.7387,1.2224,0.010421
238600000000000002,238500000000000001,2024-12-16,7804,84,4511,1.73,65.15,8.3477,0.7755,0.010764
238600000000000003,238500000000000002,2024-12-16,2577,87,1074,2.3994,29.49,11.4437,0.339,0.03376
238600000000000004,238500000000000002,2024-12-16,3656,86,1894,1.9303,41.96,11.4777,0.4879,0.023523
238600000000000005,238500000000000003,2024-12-16,4802,89,1921,2.4997,53.59,11.1599,0.6021,0.018534
238600000000000006,238500000000000004,2024-12-16,3125,46,1433,2.1807,48.38,15.4815,1.0517,0.01472
238600000000000007,238500000000000004,2024-12-16,4873,70,1860,2.6199,58.8,12.0665,0.84,0.014365
238600000000000001,238500000000000001,2024-12-17,6463,72,4039,1.6001,62.71,9.7036,0.871,0.01114
238600000000000002,238500000000000001,2024-12-17,7365,82,3816,1.93,75.07,10.1926,0.9155,0.011134
238600000000000003,238500000000000002,2024-12-17,2831,91,2302,1.2298,37.65,13.3003,0.4138,0.032144
238600000000000004,238500000000000002,2024-12-17,3228,97,2603,1.2401,41.08,12.7262,0.4235,0.03005
238600000000000005,238500000000000003,2024-12-17,5767,111,2383,2.4201,59.05,10.2393,0.532,0.019247
238600000000000006,238500000000000004,2024-12-17,4094,42,1940,2.1103,65.84,16.0831,1.5677,0.010259
238600000000000007,238500000000000004,2024-12-17,3739,42,1285,2.9097,52.26,13.9758,1.2442,0.011233
238600000000000001,238500000000000001,2024-12-18,8133,73,4929,1.65,84.56,10.3972,1.1584,0.008976
238600000000000002,238500000000000001,2024-12-18,8881,74,6436,1.3799,75.42,8.4919,1.0191,0.008332
238600000000000004,238500000000000002,2024-12-18,3610,125,2051,1.7601,47.26,13.0914,0.3781,0.034626
238600000000000005,238500000000000003,2024-12-18,6704,101,2344,2.8601,68.56,10.227,0.6788,0.015066
238600000000000006,238500000000000004,2024-12-18,5655,79,1964,2.8793,68.08,12.0397,0.8618,0.01397
238600000000000007,238500000000000004,2024-12-18,3671,58,1707,2.1506,69.04,18.8066,1.1903,0.0158
238600000000000001,238500000000000001,2024-12-19,6523,65,2800,2.3296,64.27,9.853,0.9888,0.009965
238600000000000002,238500000000000001,2024-12-19,6906,78,2708,2.5502,61.9,8.9638,0.7936,0.011295
238600000000000003,238500000000000002,2024-12-19,2508,78,1100,2.28,36.35,14.4928,0.466,0.0311
238600000000000004,238500000000000002,2024-12-19,2221,77,1657,1.3404,35.75,16.0974,0.4643,0.034669
238600000000000005,238500000000000003,2024-12-19,5308,68,3686,1.44,54.08,10.1875,0.7952,0.012811
238600000000000006,238500000000000004,2024-12-19,3361,55,1817,1.8498,52.98,15.7646,0.9634,0.016364
238600000000000007,238500000000000004,2024-12-19,2822,42,2240,1.2598,55.17,19.5485,1.3135,0.014883
238600000000000001,238500000000000001,2024-12-20,6865,99,4904,1.3999,59.89,8.7242,0.605,0.014421
238600000000000002,238500000000000001,2024-12-20,6996,96,4514,1.5498,64.43,9.2088,0.6711,0.013722
238600000000000003,238500000000000002,2024-12-20,2097,49,896,2.3404,35.9,17.1204,0.7327,0.023367
238600000000000004,238500000000000002,2024-12-20,2124,58,1272,1.6698,35.14,16.5427,0.6058,0.027307
238600000000000005,238500000000000003,2024-12-20,4254,51,1576,2.6992,53.28,12.5244,1.0447,0.011989
238600000000000006,238500000000000004,2024-12-20,3489,46,2115,1.6496,57.3,16.4238,1.2457,0.013184
238600000000000007,238500000000000004,2024-12-20,3549,62,1510,2.3503,49.25,13.8785,0.7944,0.01747
238600000000000001,238500000000000001,2024-12-21,5107,57,3674,1.39,68.07,13.3293,1.1943,0.011161
238600000000000002,238500000000000001,2024-12-21,8167,111,2981,2.7397,85.66,10.4884,0.7717,0.013591
238600000000000003,238500000000000002,2024-12-21,2983,78,1469,2.0306,42.23,14.1579,0.5414,0.026148
238600000000000004,238500000000000002,2024-12-21,2656,54,1025,2.5912,45.61,17.1738,0.8447,0.020331
238600000000000006,238500000000000004,2024-12-21,5697,64,1899,3.0,63.78,11.1948,0.9965,0.011234
238600000000000007,238500000000000004,2024-12-21,3779,55,2719,1.3898,67.99,17.9922,1.2362,0.014554
238600000000000001,238500000000000001,2024-12-22,7057,97,3267,2.1601,69.24,9.8118,0.7138,0.013745
238600000000000002,238500000000000001,2024-12-22,5780,73,2021,2.86,59.34,10.266,0.8128,0.01263
238600000000000003,238500000000000002,2024-12-22,2232,65,911,2.4501,38.84,17.3999,0.5975,0.029122
238600000000000004,238500000000000002,2024-12-22,2895,78,1448,1.9993,34.64,11.9646,0.4441,0.026943
238600000000000005,238500000000000003,2024-12-22,4110,51,2915,1.4099,55.11,13.4077,1.0805,0.012409
238600000000000006,238500000000000004,2024-12-22,4273,74,3030,1.4102,56.23,13.1587,0.7598,0.017318
238600000000000007,238500000000000004,2024-12-22,4219,47,1743,2.4205,53.98,12.7954,1.1486,0.01114
238600000000000001,238500000000000001,2024-12-23,4921,64,2460,2.0004,58.96,11.9815,0.9213,0.013005
238600000000000002,238500000000000001,2024-12-23,5403,43,2401,2.2503,74.45,13.7785,1.7313,0.007959
238600000000000003,238500000000000002,2024-12-23,2378,83,1177,2.0204,41.27,17.3537,0.4972,0.034903
238600000000000004,238500000000000002,2024-12-23,2598,88,1360,1.9103,34.97,13.4585,0.3973,0.033872
238600000000000005,238500000000000003,2024-12-23,5794,81,2047,2.8305,57.17,9.8678,0.7059,0.01398
238600000000000006,238500000000000004,2024-12-23,4921,79,1680,2.9292,57.41,11.6668,0.7267,0.016054
238600000000000007,238500000000000004,2024-12-23,3016,32,1714,1.7596,56.94,18.878,1.7793,0.01061
238600000000000001,238500000000000001,2024-12-24,6947,65,3993,1.7398,74.59,10.7371,1.1475,0.009357
238600000000000002,238500000000000001,2024-12-24,5066,50,2156,2.3497,58.3,11.5081,1.166,0.00987
238600000000000003,238500000000000002,2024-12-24,3761,100,1498,2.5107,39.63,10.5384,0.3963,0.026589
238600000000000005,238500000000000003,2024-12-24,6141,75,4874,1.26,56.95,9.2742,0.7594,0.012213
238600000000000006,238500000000000004,2024-12-24,4293,76,2571,1.6698,59.29,13.811,0.7801,0.017703
238600000000000007,238500000000000004,2024-12-24,4004,63,1621,2.4701,54.62,13.6402,0.8669,0.015734
238600000000000001,238500000000000001,2024-12-25,5558,77,2561,2.1702,64.0,11.5145,0.8311,0.013854
238600000000000002,238500000000000001,2024-12-25,9321,85,6173,1.51,77.75,8.341,0.9147,0.009119
238600000000000003,238500000000000002,2024-12-25,2531,76,996,2.5412,42.62,16.8406,0.5608,0.030028
238600000000000004,238500000000000002,2024-12-25,2200,63,821,2.6797,38.37,17.4422,0.6091,0.028636
238600000000000005,238500000000000003,2024-12-25,6253,89,2779,2.2501,60.75,9.7149,0.6826,0.014233
238600000000000006,238500000000000004,2024-12-25,5485,89,2151,2.55,64.88,11.8277,0.7289,0.016226
238600000000000007,238500000000000004,2024-12-25,2868,32,1392,2.0603,56.62,19.7418,1.7694,0.011158
238600000000000001,238500000000000001,2024-12-26,6629,64,3832,1.7299,62.63,9.4476,0.9786,0.009655
238600000000000002,238500000000000001,2024-12-26,8036,80,2922,2.7502,79.85,9.936,0.9981,0.009955
238600000000000003,238500000000000002,2024-12-26,2270,69,857,2.6488,39.61,17.4496,0.5741,0.030396
238600000000000004,238500000000000002,2024-12-26,2667,89,1089,2.449,41.8,15.6742,0.4697,0.033371
238600000000000005,238500000000000003,2024-12-26,4083,61,3266,1.2502,61.06,14.9548,1.001,0.01494
238600000000000006,238500000000000004,2024-12-26,5507,94,2364,2.3295,65.55,11.9022,0.6973,0.017069
238600000000000007,238500000000000004,2024-12-26,2965,47,1262,2.3494,56.58,19.0811,1.2037,0.015852
238600000000000001,238500000000000001,2024-12-27,3689,51,1765,2.0901,51.17,13.8703,1.0033,0.013825
238600000000000002,238500000000000001,2024-12-27,4530,65,3381,1.3398,57.4,12.6718,0.8831,0.014349
238600000000000003,238500000000000002,2024-12-27,2579,84,1023,2.521,29.45,11.4173,0.3505,0.032571
238600000000000004,238500000000000002,2024-12-27,2305,57,1397,1.65,32.6,14.1411,0.5718,0.024729
238600000000000005,238500000000000003,2024-12-27,3522,67,2887,1.22,46.53,13.2113,0.6945,0.019023
238600000000000007,238500000000000004,2024-12-27,3405,42,1139,2.9895,53.15,15.6081,1.2654,0.012335
238600000000000001,238500000000000001,2024-12-28,5040,58,1750,2.88,62.7,12.4399,1.081,0.011508
238600000000000002,238500000000000001,2024-12-28,5752,82,3994,1.4402,60.85,10.5794,0.7421,0.014256
238600000000000003,238500000000000002,2024-12-28,3235,113,1651,1.9594,38.92,12.03,0.3444,0.03493
238600000000000004,238500000000000002,2024-12-28,2566,72,1546,1.6598,31.68,12.3473,0.44,0.028059
238600000000000005,238500000000000003,2024-12-28,5216,87,4206,1.2401,52.95,10.1515,0.6086,0.016679
238600000000000006,238500000000000004,2024-12-28,3948,61,1513,2.6094,52.46,13.287,0.86,0.015451
238600000000000007,238500000000000004,2024-12-28,3447,52,2672,1.29,53.44,15.5042,1.0278,0.015086
238600000000000001,238500000000000001,2024-12-29,7443,81,4045,1.84,76.2,10.238,0.9408,0.010883
238600000000000002,238500000000000001,2024-12-29,8430,81,3618,2.33,72.84,8.6407,0.8993,0.009609
238600000000000003,238500000000000002,2024-12-29,2436,80,837,2.9104,43.06,17.6757,0.5382,0.032841
238600000000000004,238500000000000002,2024-12-29,3109,77,1068,2.911,42.11,13.5443,0.5469,0.024767
238600000000000005,238500000000000003,2024-12-29,4651,84,2005,2.3197,63.88,13.7337,0.7604,0.018061
238600000000000006,238500000000000004,2024-12-29,5328,55,1910,2.7895,59.25,11.12,1.0772,0.010323
238600000000000007,238500000000000004,2024-12-29,4239,43,1582,2.6795,68.5,16.1603,1.5931,0.010144
238600000000000002,238500000000000001,2024-12-30,8383,120,3093,2.7103,83.1,9.9133,0.6925,0.014315
238600000000000003,238500000000000002,2024-12-30,2595,54,1153,2.2507,40.79,15.7181,0.7553,0.020809
238600000000000004,238500000000000002,2024-12-30,3156,102,1278,2.4695,42.03,13.3175,0.4121,0.032319
238600000000000005,238500000000000003,2024-12-30,4892,91,1812,2.6998,62.11,12.697,0.6826,0.018602
238600000000000006,238500000000000004,2024-12-30,5343,63,2451,2.1799,63.45,11.8747,1.0071,0.011791
238600000000000007,238500000000000004,2024-12-30,3560,52,1309,2.7196,60.78,17.0734,1.1689,0.014607
238600000000000001,238500000000000001,2024-12-31,6716,89,2959,2.2697,93.04,13.8538,1.0454,0.013252
238600000000000002,238500000000000001,2024-12-31,7145,97,2390,2.9895,72.87,10.199,0.7513,0.013576
238600000000000003,238500000000000002,2024-12-31,4464,117,2096,2.1298,46.95,10.5184,0.4013,0.02621
238600000000000004,238500000000000002,2024-12-31,3698,94,1456,2.5398,47.85,12.9404,0.5091,0.025419
238600000000000005,238500000000000003,2024-12-31,5013,77,2063,2.43,71.11,14.1843,0.9235,0.01536
238600000000000006,238500000000000004,2024-12-31,5123,88,1785,2.87,75.31,14.6996,0.8558,0.017177
238600000000000007,238500000000000004,2024-12-31,5560,90,2317,2.3997,66.91,12.0334,0.7434,0.016187
238600000000000002,238500000000000001,2025-01-01,7794,85,4146,1.8799,72.88,9.351,0.8574,0.010906
238600000000000003,238500000000000002,2025-01-01,3510,106,1315,2.6692,39.64,11.2923,0.3739,0.030199
238600000000000004,238500000000000002,2025-01-01,3211,85,1332,2.4107,45.76,14.2523,0.5384,0.026472
238600000000000005,238500000000000003,2025-01-01,4282,78,2366,1.8098,64.05,14.958,0.8212,0.018216
238600000000000006,238500000000000004,2025-01-01,4304,50,1694,2.5407,71.54,16.6218,1.4308,0.011617
238600000000000007,238500000000000004,2025-01-01,3112,36,1096,2.8394,56.56,18.1749,1.5711,0.011568
238600000000000001,238500000000000001,2025-01-02,6839,97,2725,2.5097,81.35,11.895,0.8387,0.014183
238600000000000002,238500000000000001,2025-01-02,7641,75,3639,2.0998,80.35,10.5161,1.0714,0.009815
238600000000000004,238500000000000002,2025-01-02,4098,118,1485,2.7596,53.08,12.9516,0.4498,0.028795
238600000000000005,238500000000000003,2025-01-02,6486,125,2784,2.3297,69.3,10.6848,0.5544,0.019272
238600000000000006,238500000000000004,2025-01-02,3581,53,1530,2.3405,70.5,19.6878,1.3302,0.0148
238600000000000007,238500000000000004,2025-01-02,6134,71,2679,2.2897,68.1,11.1022,0.9592,0.011575
238600000000000001,238500000000000001,2025-01-03,5619,45,3021,1.86,76.54,13.6209,1.7008,0.008009
238600000000000002,238500000000000001,2025-01-03,6377,80,4555,1.4,71.26,11.1749,0.8908,0.012545
238600000000000003,238500000000000002,2025-01-03,3506,119,1193,2.9388,46.24,13.1874,0.3885,0.033942
238600000000000004,238500000000000002,2025-01-03,2485,76,1351,1.8394,38.22,15.3806,0.5029,0.030584
238600000000000005,238500000000000003,2025-01-03,5874,108,2622,2.2403,63.34,10.7834,0.5865,0.018386
238600000000000006,238500000000000004,2025-01-03,5165,91,2582,2.0004,65.41,12.6633,0.7187,0.017619
238600000000000007,238500000000000004,2025-01-03,3459,46,1687,2.0504,61.28,17.7155,1.3321,0.013299
238600000000000001,238500000000000001,2025-01-04,6480,80,2656,2.4398,86.05,13.2797,1.0757,0.012346
238600000000000002,238500000000000001,2025-01-04,7692,87,2925,2.6297,86.36,11.227,0.9926,0.01131
238600000000000003,238500000000000002,2025-01-04,2804,88,954,2.9392,48.7,17.3669,0.5534,0.031384
238600000000000004,238500000000000002,2025-01-04,3507,104,1624,2.1595,49.82,14.2069,0.4791,0.029655
238600000000000005,238500000000000003,2025-01-04,7843,138,4996,1.5699,73.89,9.4212,0.5354,0.017595
238600000000000006,238500000000000004,2025-01-04,4110,55,1375,2.9891,72.49,17.6384,1.3181,0.013382
238600000000000007,238500000000000004,2025-01-04,5883,67,2884,2.0399,75.29,12.7974,1.1237,0.011389
238600000000000001,238500000000000001,2025-01-05,8840,98,4753,1.8599,100.12,11.3257,1.0216,0.011086
238600000000000002,238500000000000001,2025-01-05,5438,81,3857,1.4099,73.74,13.5606,0.9104,0.014895
238600000000000003,238500000000000002,2025-01-05,3084,62,1264,2.4399,46.73,15.1511,0.7536,0.020104
238600000000000004,238500000000000002,2025-01-05,3163,69,1894,1.67,52.62,16.6373,0.7627,0.021815
238600000000000005,238500000000000003,2025-01-05,7411,133,3114,2.3799,74.51,10.0543,0.5602,0.017946
238600000000000006,238500000000000004,2025-01-05,5584,64,1912,2.9205,75.04,13.4389,1.1725,0.011461
238600000000000007,238500000000000004,2025-01-05,6477,85,2482,2.6096,73.98,11.4222,0.8704,0.013123
238600000000000001,238500000000000001,2025-01-06,10922,117,4987,2.1901,137.14,12.5562,1.1721,0.010712
238600000000000002,238500000000000001,2025-01-06,10473,145,4553,2.3002,115.87,11.0638,0.7991,0.013845
238600000000000003,238500000000000002,2025-01-06,4142,109,1785,2.3204,69.56,16.793,0.6381,0.026316
238600000000000004,238500000000000002,2025-01-06,4747,107,2003,2.3699,75.02,15.8038,0.7011,0.022541
238600000000000005,238500000000000003,2025-01-06,8954,166,3826,2.3403,108.43,12.11,0.6532,0.018539
238600000000000006,238500000000000004,2025-01-06,8087,110,4348,1.8599,121.55,15.0308,1.105,0.013602
238600000000000007,238500000000000004,2025-01-06,5530,80,2079,2.6599,95.31,17.2354,1.1914,0.014467
238600000000000001,238500000000000001,2025-01-07,18059,201,10319,1.7501,154.52,8.5562,0.7687,0.01113
238600000000000002,238500000000000001,2025-01-07,12079,158,4541,2.66,143.11,11.8479,0.9058,0.013081
238600000000000003,238500000000000002,2025-01-07,5083,174,1911,2.6599,73.73,14.5044,0.4237,0.034232
238600000000000004,238500000000000002,2025-01-07,6922,238,3063,2.2599,96.35,13.9189,0.4048,0.034383
238600000000000005,238500000000000003,2025-01-07,12241,233,5829,2.1,127.55,10.4202,0.5474,0.019034
238600000000000006,238500000000000004,2025-01-07,9029,127,3875,2.3301,121.39,13.4449,0.9559,0.014066
238600000000000007,238500000000000004,2025-01-07,9797,114,3935,2.4897,133.71,13.6486,1.1729,0.011636
238600000000000001,238500000000000001,2025-01-08,12822,133,4468,2.8697,158.42,12.3551,1.1911,0.010373
238600000000000002,238500000000000001,2025-01-08,13068,189,5422,2.4102,157.24,12.0327,0.832,0.014463
238600000000000003,238500000000000002,2025-01-08,9005,274,4112,2.1899,91.18,10.1253,0.3328,0.030428
238600000000000004,238500000000000002,2025-01-08,6071,178,2850,2.1302,89.2,14.6927,0.5011,0.02932
238600000000000005,238500000000000003,2025-01-08,11024,139,8289,1.33,135.28,12.2717,0.9733,0.012609
238600000000000006,238500000000000004,2025-01-08,9118,134,4281,2.1299,145.16,15.9201,1.0833,0.014696
238600000000000007,238500000000000004,2025-01-08,7001,106,5001,1.3999,125.41,17.9127,1.1831,0.015141
238600000000000001,238500000000000001,2025-01-09,11481,104,8764,1.31,101.36,8.8284,0.9746,0.009058
238600000000000002,238500000000000001,2025-01-09,6821,60,3966,1.7199,84.99,12.4597,1.4165,0.008796
238600000000000003,238500000000000002,2025-01-09,3517,113,1606,2.1899,53.03,15.0774,0.4693,0.03213
238600000000000004,238500000000000002,2025-01-09,4976,113,2117,2.3505,53.46,10.7428,0.4731,0.022709
238600000000000005,238500000000000003,2025-01-09,6047,73,2629,2.3001,79.86,13.207,1.094,0.012072
238600000000000006,238500000000000004,2025-01-09,6890,80,2505,2.7505,81.61,11.8445,1.0201,0.011611
238600000000000007,238500000000000004,2025-01-09,4535,52,1724,2.6305,78.12,17.2253,1.5022,0.011466
238600000000000001,238500000000000001,2025-01-10,13747,167,5925,2.3202,117.46,8.5446,0.7034,0.012148
238600000000000002,238500000000000001,2025-01-10,12687,112,10150,1.25,114.98,9.0625,1.0266,0.008828
238600000000000003,238500000000000002,2025-01-10,3973,86,1655,2.4006,55.48,13.9653,0.6452,0.021646
238600000000000004,238500000000000002,2025-01-10,4738,101,3245,1.4601,77.34,16.3229,0.7657,0.021317
238600000000000005,238500000000000003,2025-01-10,7763,153,2803,2.7695,99.62,12.8322,0.6511,0.019709
238600000000000006,238500000000000004,2025-01-10,7906,81,2794,2.8296,101.01,12.7767,1.2471,0.010245
238600000000000007,238500000000000004,2025-01-10,6551,109,2861,2.2898,98.22,14.9932,0.9011,0.016639
238600000000000002,238500000000000001,2025-01-11,11227,111,4968,2.2599,109.84,9.7838,0.9896,0.009887
238600000000000003,238500000000000002,2025-01-11,4854,163,2216,2.1904,64.18,13.2221,0.3937,0.033581
238600000000000004,238500000000000002,2025-01-11,4266,93,2370,1.8,73.71,17.2774,0.7925,0.0218
238600000000000005,238500000000000003,2025-01-11,10895,156,5765,1.8899,103.41,9.4919,0.6629,0.014318
238600000000000006,238500000000000004,2025-01-11,6227,110,3663,1.7,94.77,15.2193,0.8616,0.017665
238600000000000007,238500000000000004,2025-01-11,6501,84,4644,1.3999,112.06,17.237,1.334,0.012921
238600000000000001,238500000000000001,2025-01-12,12098,134,9235,1.31,117.93,9.7482,0.8801,0.011076
238600000000000002,238500000000000001,2025-01-12,12450,111,6587,1.8901,114.37,9.1865,1.0304,0.008916
238600000000000003,238500000000000002,2025-01-12,5732,177,2481,2.3104,66.6,11.6195,0.3763,0.030879
238600000000000004,238500000000000002,2025-01-12,5345,143,1909,2.7999,66.14,12.3748,0.4625,0.026754
238600000000000005,238500000000000003,2025-01-12,7250,112,3251,2.2301,99.56,13.7324,0.8889,0.015448
238600000000000006,238500000000000004,2025-01-12,5758,95,4329,1.3301,94.24,16.3669,0.992,0.016499
238600000000000007,238500000000000004,2025-01-12,9387,133,3638,2.5803,104.88,11.1728,0.7886,0.014169
238600000000000001,238500000000000001,2025-01-13,12684,108,10570,1.2,131.48,10.3658,1.2174,0.008515
238600000000000002,238500000000000001,2025-01-13,13814,157,9593,1.44,138.98,10.061,0.8852,0.011365
238600000000000003,238500000000000002,2025-01-13,7800,209,3012,2.5896,83.7,10.7308,0.4005,0.026795
238600000000000004,238500000000000002,2025-01-13,5796,148,2077,2.7906,70.85,12.224,0.4787,0.025535
238600000000000005,238500000000000003,2025-01-13,9083,177,4831,1.8801,115.91,12.7615,0.6549,0.019487
238600000000000006,238500000000000004,2025-01-13,7915,108,5421,1.4601,113.13,14.2936,1.0475,0.013645
238600000000000007,238500000000000004,2025-01-13,9926,131,7245,1.37,118.69,11.9577,0.906,0.013198
238600000000000001,238500000000000001,2025-01-14,7598,101,5546,1.37,88.87,11.6967,0.8799,0.013293
238600000000000002,238500000000000001,2025-01-14,14058,174,9070,1.5499,123.11,8.7573,0.7075,0.012377
238600000000000003,238500000000000002,2025-01-14,3674,94,1346,2.7296,64.3,17.5016,0.6841,0.025585
238600000000000004,238500000000000002,2025-01-14,4633,158,1544,3.0006,56.83,12.2667,0.3597,0.034103
238600000000000005,238500000000000003,2025-01-14,7133,112,5095,1.4,90.85,12.7365,0.8112,0.015702
238600000000000006,238500000000000004,2025-01-14,5293,95,2301,2.3003,98.96,18.6965,1.0417,0.017948
238600000000000007,238500000000000004,2025-01-14,4753,83,1611,2.9503,82.74,17.4077,0.9969,0.017463
238600000000000001,238500000000000001,2025-01-15,14147,192,5201,2.7201,152.88,10.8063,0.7962,0.013572
238600000000000002,238500000000000001,2025-01-15,14567,208,6095,2.39,148.68,10.2066,0.7148,0.014279
238600000000000003,238500000000000002,2025-01-15,4371,149,3642,1.2002,77.9,17.8221,0.5228,0.034088
238600000000000004,238500000000000002,2025-01-15,6685,187,2321,2.8802,94.42,14.1238,0.5049,0.027973
238600000000000005,238500000000000003,2025-01-15,8951,111,5265,1.7001,129.24,14.4384,1.1643,0.012401
238600000000000006,238500000000000004,2025-01-15,6126,85,2105,2.9102,113.92,18.5965,1.3403,0.013875
238600000000000007,238500000000000004,2025-01-15,7556,106,5997,1.26,144.55,19.1311,1.3637,0.014029
238600000000000001,238500000000000001,2025-01-16,15575,160,7561,2.0599,188.49,12.1024,1.1781,0.010273
238600000000000003,238500000000000002,2025-01-16,5355,170,2177,2.4598,85.57,15.9801,0.5034,0.031746
238600000000000004,238500000000000002,2025-01-16,9687,245,4725,2.0502,107.74,11.1223,0.4398,0.025292
238600000000000005,238500000000000003,2025-01-16,12114,158,4846,2.4998,144.99,11.9685,0.9176,0.013043
238600000000000006,238500000000000004,2025-01-16,8293,97,3441,2.4101,146.84,17.7063,1.5138,0.011697
238600000000000007,238500000000000004,2025-01-16,10226,156,4545,2.2499,143.13,13.9971,0.9175,0.015255
238600000000000001,238500000000000001,2025-01-17,11523,97,4381,2.6302,142.22,12.342,1.4662,0.008418
238600000000000002,238500000000000001,2025-01-17,12687,107,4699,2.6999,136.85,10.7865,1.279,0.008434
238600000000000003,238500000000000002,2025-01-17,5452,184,1920,2.8396,82.5,15.1317,0.4484,0.033749
238600000000000004,238500000000000002,2025-01-17,4931,160,2724,1.8102,76.97,15.609,0.4811,0.032448
238600000000000005,238500000000000003,2025-01-17,10245,199,3607,2.8403,119.6,11.6739,0.601,0.019424
238600000000000006,238500000000000004,2025-01-17,8709,146,3077,2.8304,102.91,11.8171,0.7049,0.016764
238600000000000007,238500000000000004,2025-01-17,7841,114,2780,2.8205,136.28,17.381,1.1955,0.014539
238600000000000001,238500000000000001,2025-01-18,8392,95,5180,1.6201,84.5,10.0688,0.8894,0.01132
238600000000000002,238500000000000001,2025-01-18,7210,93,2651,2.7197,82.88,11.4951,0.8912,0.012899
238600000000000003,238500000000000002,2025-01-18,3344,108,1399,2.3903,42.7,12.77,0.3954,0.032297
238600000000000004,238500000000000002,2025-01-18,2970,94,1485,2.0,52.94,17.8254,0.5632,0.03165
238600000000000005,238500000000000003,2025-01-18,4937,81,2234,2.2099,71.73,14.5297,0.8856,0.016407
238600000000000006,238500000000000004,2025-01-18,5692,77,2011,2.8304,76.76,13.485,0.9968,0.013528
238600000000000007,238500000000000004,2025-01-18,3617,52,2871,1.2598,66.71,18.4434,1.2829,0.014377
238600000000000002,238500000000000001,2025-01-19,11848,173,5313,2.23,111.14,9.3806,0.6424,0.014602
238600000000000003,238500000000000002,2025-01-19,4849,150,2389,2.0297,61.43,12.6679,0.4095,0.030934
238600000000000004,238500000000000002,2025-01-19,5251,158,1916,2.7406,77.11,14.6842,0.488,0.03009
238600000000000005,238500000000000003,2025-01-19,9617,138,5403,1.7799,103.9,10.8038,0.7529,0.01435
238600000000000006,238500000000000004,2025-01-19,6676,79,2681,2.4901,99.32,14.8776,1.2573,0.011833
238600000000000007,238500000000000004,2025-01-19,7680,116,4571,1.6802,108.48,14.1245,0.9351,0.015104
238600000000000001,238500000000000001,2025-01-20,20209,239,9356,2.16,178.38,8.8267,0.7464,0.011826
238600000000000002,238500000000000001,2025-01-20,10405,115,3839,2.7103,134.89,12.9636,1.1729,0.011052
238600000000000003,238500000000000002,2025-01-20,5599,196,3414,1.64,86.6,15.4672,0.4418,0.035006
238600000000000004,238500000000000002,2025-01-20,6301,154,2136,2.9499,92.41,14.6655,0.6,0.024441
238600000000000005,238500000000000003,2025-01-20,11059,196,7324,1.51,134.26,12.14,0.685,0.017723
238600000000000006,238500000000000004,2025-01-20,10491,114,5118,2.0498,143.47,13.6755,1.2585,0.010866
238600000000000007,238500000000000004,2025-01-20,9195,108,4105,2.24,125.04,13.599,1.1578,0.011746
238600000000000001,238500000000000001,2025-01-21,8672,73,2940,2.9497,82.84,9.5524,1.1348,0.008418
238600000000000002,238500000000000001,2025-01-21,7282,84,4091,1.78,89.65,12.3108,1.0672,0.011535
238600000000000003,238500000000000002,2025-01-21,4672,162,2433,1.9203,48.99,10.4861,0.3024,0.034675
238600000000000005,238500000000000003,2025-01-21,5770,70,2722,2.1198,73.92,12.8115,1.056,0.012132
238600000000000006,238500000000000004,2025-01-21,6587,117,3327,1.9799,78.91,11.9793,0.6744,0.017762
238600000000000007,238500000000000004,2025-01-21,3940,54,2000,1.97,68.94,17.4967,1.2766,0.013706
238600000000000001,238500000000000001,2025-01-22,16260,151,5626,2.8902,132.85,8.1704,0.8798,0.009287
238600000000000002,238500000000000001,2025-01-22,11861,169,7413,1.6,142.43,12.0084,0.8428,0.014248
238600000000000003,238500000000000002,2025-01-22,4778,153,1700,2.8106,74.04,15.4959,0.4839,0.032022
238600000000000004,238500000000000002,2025-01-22,5461,135,3665,1.49,83.26,15.2471,0.6168,0.024721
238600000000000005,238500000000000003,2025-01-22,8292,124,3484,2.38,117.98,14.2279,0.9514,0.014954
238600000000000006,238500000000000004,2025-01-22,7812,95,2937,2.6599,135.23,17.3099,1.4234,0.012161
238600000000000007,238500000000000004,2025-01-22,8865,117,4925,1.8,100.73,11.3627,0.8609,0.013198
238600000000000001,238500000000000001,2025-01-23,10613,90,7804,1.3599,128.66,12.123,1.4296,0.00848
238600000000000002,238500000000000001,2025-01-23,9654,102,5712,1.6901,127.85,13.2429,1.2534,0.010566
238600000000000003,238500000000000002,2025-01-23,4231,91,1832,2.3095,64.22,15.1775,0.7057,0.021508
238600000000000004,238500000000000002,2025-01-23,6102,213,2083,2.9294,82.36,13.4973,0.3867,0.034907
238600000000000005,238500000000000003,2025-01-23,9909,179,5630,1.76,109.93,11.0942,0.6141,0.018064
238600000000000006,238500000000000004,2025-01-23,6070,101,3701,1.6401,94.82,15.6213,0.9388,0.016639
238600000000000007,238500000000000004,2025-01-23,8521,149,3721,2.29,125.04,14.6747,0.8392,0.017486
238600000000000001,238500000000000001,2025-01-24,9925,121,7407,1.3399,129.02,12.9993,1.0663,0.012191
238600000000000002,238500000000000001,2025-01-24,12614,142,7508,1.6801,152.44,12.0847,1.0735,0.011257
238600000000000003,238500000000000002,2025-01-24,8401,274,3784,2.2201,85.49,10.1765,0.312,0.032615
238600000000000004,238500000000000002,2025-01-24,6930,208,3108,2.2297,75.34,10.8713,0.3622,0.030014
238600000000000005,238500000000000003,2025-01-24,12006,163,4961,2.4201,120.62,10.0469,0.74,0.013577
238600000000000006,238500000000000004,2025-01-24,8737,139,3866,2.26,122.97,14.0744,0.8847,0.015909
238600000000000007,238500000000000004,2025-01-24,7555,123,2527,2.9897,118.28,15.6557,0.9616,0.016281
238600000000000001,238500000000000001,2025-01-25,10701,103,4886,2.1901,134.93,12.6091,1.31,0.009625
238600000000000002,238500000000000001,2025-01-25,13976,178,7434,1.88,139.12,9.9542,0.7816,0.012736
238600000000000003,238500000000000002,2025-01-25,6557,228,2744,2.3896,74.07,11.2961,0.3249,0.034772
238600000000000004,238500000000000002,2025-01-25,8050,178,2845,2.8295,82.53,10.2523,0.4637,0.022112
238600000000000005,238500000000000003,2025-01-25,8864,120,3709,2.3899,117.45,13.2502,0.9787,0.013538
238600000000000006,238500000000000004,2025-01-25,8188,145,5766,1.42,103.39,12.6269,0.713,0.017709
238600000000000007,238500000000000004,2025-01-25,10680,168,5621,1.9,131.51,12.3137,0.7828,0.01573
238600000000000001,238500000000000001,2025-01-26,13933,208,9952,1.4,141.39,10.1481,0.6798,0.014929
238600000000000002,238500000000000001,2025-01-26,9885,115,3907,2.5301,127.91,12.9401,1.1123,0.011634
238600000000000003,238500000000000002,2025-01-26,4794,116,3217,1.4902,73.7,15.3743,0.6354,0.024197
238600000000000004,238500000000000002,2025-01-26,5058,146,3441,1.4699,80.19,15.8532,0.5492,0.028865
238600000000000005,238500000000000003,2025-01-26,12248,158,5468,2.2399,115.42,9.4234,0.7305,0.0129
238600000000000006,238500000000000004,2025-01-26,6493,103,2302,2.8206,124.06,19.1067,1.2045,0.015863
238600000000000007,238500000000000004,2025-01-26,7789,106,4930,1.5799,106.77,13.7084,1.0073,0.013609
238600000000000001,238500000000000001,2025-01-27,12787,146,7349,1.74,146.09,11.4248,1.0006,0.011418
238600000000000002,238500000000000001,2025-01-27,20308,302,7331,2.7702,178.24,8.7768,0.5902,0.014871
238600000000000003,238500000000000002,2025-01-27,5719,115,2344,2.4398,93.92,16.4229,0.8167,0.020108
238600000000000004,238500000000000002,2025-01-27,7886,169,3459,2.2798,91.41,11.5911,0.5409,0.02143
238600000000000005,238500000000000003,2025-01-27,11471,215,5793,1.9801,139.0,12.1173,0.6465,0.018743
238600000000000006,238500000000000004,2025-01-27,7319,84,2681,2.73,136.62,18.6668,1.6265,0.011477
238600000000000007,238500000000000004,2025-01-27,8423,108,3569,2.36,141.37,16.7842,1.309,0.012822
238600000000000001,238500000000000001,2025-01-28,17046,217,8235,2.0699,140.21,8.2254,0.6461,0.01273
238600000000000002,238500000000000001,2025-01-28,9994,89,3434,2.9103,98.21,9.8274,1.1035,0.008905
238600000000000003,238500000000000002,2025-01-28,3606,117,2026,1.7799,64.63,17.9223,0.5524,0.032446
238600000000000004,238500000000000002,2025-01-28,5564,122,2473,2.2499,71.62,12.8712,0.587,0.021927
238600000000000005,238500000000000003,2025-01-28,9408,188,4589,2.0501,102.18,10.8612,0.5435,0.019983
238600000000000006,238500000000000004,2025-01-28,7727,109,6334,1.2199,114.58,14.8281,1.0512,0.014106
238600000000000007,238500000000000004,2025-01-28,6177,104,3120,1.9798,89.79,14.5358,0.8633,0.016837
238600000000000001,238500000000000001,2025-01-29,7283,102,2601,2.8001,100.83,13.8449,0.9886,0.014005
238600000000000002,238500000000000001,2025-01-29,12268,125,7668,1.5999,144.26,11.7588,1.1541,0.010189
238600000000000003,238500000000000002,2025-01-29,5896,185,2656,2.2199,63.03,10.6904,0.3407,0.031377
238600000000000004,238500000000000002,2025-01-29,5074,159,1832,2.7697,77.02,15.1794,0.4844,0.031336
238600000000000005,238500000000000003,2025-01-29,8039,99,3177,2.5304,105.04,13.0661,1.061,0.012315
238600000000000006,238500000000000004,2025-01-29,6476,101,2203,2.9396,101.31,15.6437,1.0031,0.015596
238600000000000007,238500000000000004,2025-01-29,7898,94,4030,1.9598,108.77,13.7715,1.1571,0.011902
238600000000000001,238500000000000001,2025-01-30,11322,91,4621,2.4501,131.61,11.6246,1.4463,0.008037
238600000000000002,238500000000000001,2025-01-30,10584,121,4923,2.1499,107.43,10.1505,0.8879,0.011432
238600000000000003,238500000000000002,2025-01-30,4391,90,1837,2.3903,73.44,16.7245,0.816,0.020496
238600000000000004,238500000000000002,2025-01-30,3728,126,2219,1.68,63.16,16.9422,0.5013,0.033798
238600000000000005,238500000000000003,2025-01-30,8989,149,4049,2.2201,102.45,11.3971,0.6876,0.016576
238600000000000006,238500000000000004,2025-01-30,6812,99,2504,2.7204,113.53,16.6657,1.1467,0.014533
238600000000000007,238500000000000004,2025-01-30,5179,81,2015,2.5702,91.37,17.6424,1.128,0.01564
238600000000000001,238500000000000001,2025-01-31,8693,100,3988,2.1798,99.73,11.4723,0.9973,0.011504
238600000000000002,238500000000000001,2025-01-31,9983,139,4622,2.1599,117.63,11.7834,0.8463,0.013924
238600000000000003,238500000000000002,2025-01-31,5261,122,4384,1.2,54.03,10.2703,0.4429,0.02319
238600000000000004,238500000000000002,2025-01-31,6336,197,3641,1.7402,70.18,11.0757,0.3562,0.031092
238600000000000005,238500000000000003,2025-01-31,8614,134,3378,2.55,93.16,10.8144,0.6952,0.015556
238600000000000006,238500000000000004,2025-01-31,5615,67,2135,2.63,100.86,17.9633,1.5054,0.011932
238600000000000007,238500000000000004,2025-01-31,6723,100,2733,2.4599,85.45,12.7096,0.8545,0.014874
238600000000000001,238500000000000001,2025-02-01,6401,75,2388,2.6805,84.9,13.2631,1.132,0.011717
238600000000000002,238500000000000001,2025-02-01,8593,83,6272,1.3701,112.93,13.1421,1.3606,0.009659
238600000000000003,238500000000000002,2025-02-01,3927,96,3068,1.28,48.28,12.2944,0.5029,0.024446
238600000000000004,238500000000000002,2025-02-01,4058,95,1376,2.9491,64.76,15.9596,0.6817,0.023411
238600000000000005,238500000000000003,2025-02-01,7410,135,4843,1.53,84.78,11.4417,0.628,0.018219
238600000000000006,238500000000000004,2025-02-01,4487,51,2736,1.64,76.63,17.0777,1.5025,0.011366
238600000000000007,238500000000000004,2025-02-01,5381,77,3494,1.5401,92.94,17.2717,1.207,0.01431
238600000000000001,238500000000000001,2025-02-02,14575,175,7964,1.8301,117.85,8.0854,0.6734,0.012007
238600000000000002,238500000000000001,2025-02-02,11496,109,7928,1.4501,117.48,10.2192,1.0778,0.009482
238600000000000003,238500000000000002,2025-02-02,4143,123,1892,2.1897,64.19,15.4926,0.5218,0.029689
238600000000000004,238500000000000002,2025-02-02,4232,111,3089,1.37,70.29,16.6082,0.6332,0.026229
238600000000000005,238500000000000003,2025-02-02,10475,131,4076,2.5699,100.85,9.628,0.7699,0.012506
238600000000000006,238500000000000004,2025-02-02,7222,123,3862,1.87,96.56,13.3709,0.7851,0.017031
238600000000000007,238500000000000004,2025-02-02,8698,116,3221,2.7004,105.14,12.0882,0.9064,0.013336
238600000000000001,238500000000000001,2025-02-03,6378,61,2773,2.3,87.85,13.7744,1.4402,0.009564
238600000000000002,238500000000000001,2025-02-03,5337,60,3294,1.6202,71.61,13.4179,1.1935,0.011242
238600000000000004,238500000000000002,2025-02-03,4275,91,2286,1.8701,43.11,10.0853,0.4738,0.021287
238600000000000005,238500000000000003,2025-02-03,5131,81,3018,1.7001,68.34,13.3194,0.8437,0.015786
238600000000000006,238500000000000004,2025-02-03,4949,66,2525,1.96,66.23,13.3828,1.0035,0.013336
238600000000000007,238500000000000004,2025-02-03,4074,60,2190,1.8603,70.45,17.2932,1.1742,0.014728
238600000000000001,238500000000000001,2025-02-04,11309,121,5860,1.9299,93.17,8.2384,0.77,0.010699
238600000000000002,238500000000000001,2025-02-04,8564,78,6117,1.4,82.74,9.6614,1.0608,0.009108
238600000000000003,238500000000000002,2025-02-04,3079,97,1252,2.4593,50.08,16.2661,0.5163,0.031504
238600000000000004,238500000000000002,2025-02-04,3646,112,1635,2.23,50.44,13.8331,0.4503,0.030719
238600000000000005,238500000000000003,2025-02-04,5447,91,2928,1.8603,75.39,13.8405,0.8285,0.016706
238600000000000006,238500000000000004,2025-02-04,5765,95,2209,2.6098,84.19,14.6037,0.8862,0.016479
238600000000000007,238500000000000004,2025-02-04,5139,59,2254,2.2799,66.59,12.9573,1.1286,0.011481
238600000000000001,238500000000000001,2025-02-05,7166,78,5470,1.3101,69.71,9.7283,0.8938,0.010885
238600000000000002,238500000000000001,2025-02-05,8664,120,4609,1.8798,69.9,8.0677,0.5825,0.01385
238600000000000003,238500000000000002,2025-02-05,2302,49,1046,2.2008,33.73,14.6527,0.6884,0.021286
238600000000000004,238500000000000002,2025-02-05,3267,79,1992,1.6401,46.05,14.0948,0.5829,0.024181
238600000000000005,238500000000000003,2025-02-05,4264,55,1528,2.7906,59.83,14.0323,1.0879,0.012899
238600000000000006,238500000000000004,2025-02-05,3900,43,1781,2.1898,64.04,16.4201,1.4893,0.011026
238600000000000007,238500000000000004,2025-02-05,3133,33,1268,2.4708,55.63,17.7558,1.6857,0.010533
238600000000000001,238500000000000001,2025-02-06,8836,127,6903,1.28,73.41,8.3082,0.578,0.014373
238600000000000002,238500000000000001,2025-02-06,6850,68,4597,1.4901,70.17,10.2439,1.0319,0.009927
238600000000000003,238500000000000002,2025-02-06,3554,76,1525,2.3305,41.88,11.7839,0.5511,0.021384
238600000000000004,238500000000000002,2025-02-06,2689,79,1274,2.1107,40.17,14.9376,0.5084,0.029379
238600000000000005,238500000000000003,2025-02-06,4846,85,3413,1.4199,61.54,12.6982,0.7239,0.01754
238600000000000006,238500000000000004,2025-02-06,4896,62,3574,1.3699,65.76,13.4317,1.0607,0.012663
238600000000000007,238500000000000004,2025-02-06,4713,82,1660,2.8392,57.31,12.1598,0.6989,0.017399
238600000000000001,238500000000000001,2025-02-07,5260,51,1765,2.9802,72.99,13.8758,1.4311,0.009696
238600000000000003,238500000000000002,2025-02-07,2512,58,1903,1.32,43.52,17.3267,0.7504,0.023089
238600000000000004,238500000000000002,2025-02-07,2164,47,1280,1.6906,35.4,16.3581,0.7532,0.021719
238600000000000005,238500000000000003,2025-02-07,5792,111,2076,2.79,59.19,10.2197,0.5333,0.019164
238600000000000007,238500000000000004,2025-02-07,3835,60,1420,2.7007,56.67,14.7781,0.9446,0.015645
238600000000000001,238500000000000001,2025-02-08,7798,85,2736,2.8501,73.3,9.4005,0.8624,0.0109
238600000000000002,238500000000000001,2025-02-08,7728,94,3715,2.0802,72.16,9.3369,0.7676,0.012164
238600000000000003,238500000000000002,2025-02-08,3305,68,1291,2.56,39.3,11.8909,0.5779,0.020575
238600000000000005,238500000000000003,2025-02-08,5009,82,1808,2.7705,62.34,12.4456,0.7602,0.016371
238600000000000006,238500000000000004,2025-02-08,3689,40,2209,1.67,68.84,18.6601,1.7209,0.010843
238600000000000007,238500000000000004,2025-02-08,3335,53,1917,1.7397,55.84,16.7446,1.0536,0.015892
238600000000000001,238500000000000001,2025-02-09,14878,126,9416,1.5801,123.66,8.3119,0.9815,0.008469
238600000000000002,238500000000000001,2025-02-09,11252,138,4537,2.4801,90.52,8.045,0.656,0.012264
238600000000000003,238500000000000002,2025-02-09,3651,103,1995,1.8301,64.39,17.6362,0.6251,0.028211
238600000000000004,238500000000000002,2025-02-09,5279,129,1852,2.8504,58.0,10.9875,0.4496,0.024436
238600000000000005,238500000000000003,2025-02-09,8538,167,3127,2.7304,91.79,10.7513,0.5497,0.01956
238600000000000006,238500000000000004,2025-02-09,3940,70,3256,1.2101,77.26,19.6101,1.1038,0.017766
238600000000000007,238500000000000004,2025-02-09,6024,98,2654,2.2698,106.33,17.6503,1.085,0.016268
238600000000000001,238500000000000001,2025-02-10,7516,90,2815,2.67,60.86,8.0972,0.6762,0.011974
238600000000000002,238500000000000001,2025-02-10,7251,96,3898,1.8602,80.87,11.1523,0.8423,0.01324
238600000000000004,238500000000000002,2025-02-10,2182,65,862,2.5313,35.46,16.253,0.5456,0.029789
238600000000000005,238500000000000003,2025-02-10,4463,84,2721,1.6402,60.74,13.6094,0.7231,0.018821
238600000000000006,238500000000000004,2025-02-10,3617,63,1435,2.5206,59.73,16.5127,0.948,0.017418
238600000000000007,238500000000000004,2025-02-10,3109,35,1453,2.1397,61.75,19.8622,1.7643,0.011258
238600000000000001,238500000000000001,2025-02-11,5258,68,2155,2.4399,66.8,12.7046,0.9824,0.012933
238600000000000002,238500000000000001,2025-02-11,6871,86,2653,2.5899,72.3,10.5218,0.8406,0.012516
238600000000000003,238500000000000002,2025-02-11,2855,63,1428,1.9993,36.7,12.8557,0.5826,0.022067
238600000000000004,238500000000000002,2025-02-11,2932,74,1182,2.4805,42.78,14.5908,0.5781,0.025239
238600000000000005,238500000000000003,2025-02-11,4013,71,2887,1.39,59.61,14.8549,0.8396,0.017692
238600000000000006,238500000000000004,2025-02-11,4607,57,1725,2.6707,55.51,12.0485,0.9738,0.012372
238600000000000007,238500000000000004,2025-02-11,3201,40,2192,1.4603,63.72,19.9055,1.5929,0.012496
238600000000000001,238500000000000001,2025-02-12,9082,95,4036,2.2502,88.17,9.7086,0.9281,0.01046
238600000000000002,238500000000000001,2025-02-12,7526,62,2998,2.5103,82.58,10.972,1.3319,0.008238
238600000000000003,238500000000000002,2025-02-12,4623,100,1551,2.9807,47.51,10.2774,0.4751,0.021631
238600000000000004,238500000000000002,2025-02-12,2963,84,1391,2.1301,50.06,16.8943,0.5959,0.02835
238600000000000005,238500000000000003,2025-02-12,6179,91,2462,2.5097,73.18,11.843,0.8042,0.014727
238600000000000006,238500000000000004,2025-02-12,5638,88,2484,2.2697,76.17,13.5092,0.8655,0.015608
238600000000000001,238500000000000001,2025-02-13,5834,56,3087,1.8899,66.63,11.4218,1.1899,0.009599
238600000000000002,238500000000000001,2025-02-13,5131,76,1989,2.5797,59.65,11.6261,0.7849,0.014812
238600000000000003,238500000000000002,2025-02-13,2437,63,1904,1.2799,29.8,12.2281,0.473,0.025851
238600000000000004,238500000000000002,2025-02-13,4094,111,1913,2.1401,42.36,10.348,0.3817,0.027113
238600000000000005,238500000000000003,2025-02-13,5770,98,2346,2.4595,54.12,9.3802,0.5523,0.016984
238600000000000007,238500000000000004,2025-02-13,3551,42,1930,1.8399,47.53,13.386,1.1318,0.011828
238600000000000002,238500000000000001,2025-02-14,7043,68,4268,1.6502,84.17,11.9513,1.2378,0.009655
238600000000000003,238500000000000002,2025-02-14,3051,64,2243,1.3602,38.11,12.4912,0.5955,0.020977
238600000000000004,238500000000000002,2025-02-14,3101,65,1470,2.1095,48.69,15.7016,0.7491,0.020961
238600000000000005,238500000000000003,2025-02-14,5766,96,4805,1.2,65.1,11.2905,0.6781,0.016649
238600000000000006,238500000000000004,2025-02-14,5732,65,4376,1.3099,64.8,11.3045,0.9969,0.01134
238600000000000007,238500000000000004,2025-02-14,4979,54,2110,2.3597,65.4,13.136,1.2112,0.010846
238600000000000001,238500000000000001,2025-02-15,6530,66,5023,1.3,76.69,11.7445,1.162,0.010107
238600000000000002,238500000000000001,2025-02-15,9040,120,5381,1.68,85.64,9.4738,0.7137,0.013274
238600000000000003,238500000000000002,2025-02-15,2961,77,1459,2.0295,46.46,15.692,0.6034,0.026005
238600000000000004,238500000000000002,2025-02-15,4557,105,2201,2.0704,46.3,10.1599,0.4409,0.023041
238600000000000006,238500000000000004,2025-02-15,3824,47,3134,1.2202,75.34,19.7008,1.6029,0.012291
238600000000000007,238500000000000004,2025-02-15,3368,37,1684,2.0,63.81,18.9454,1.7245,0.010986
238600000000000001,238500000000000001,2025-02-16,6247,68,3451,1.8102,75.0,12.0054,1.1029,0.010885
238600000000000002,238500000000000001,2025-02-16,6669,66,2253,2.9601,76.05,11.4042,1.1523,0.009897
238600000000000003,238500000000000002,2025-02-16,2683,65,1132,2.3701,44.23,16.4842,0.6804,0.024227
238600000000000004,238500000000000002,2025-02-16,2341,71,948,2.4694,42.09,17.9788,0.5928,0.030329
238600000000000005,238500000000000003,2025-02-16,6785,91,5561,1.2201,64.74,9.5411,0.7114,0.013412
238600000000000007,238500000000000004,2025-02-16,5589,83,1968,2.8399,73.23,13.1027,0.8823,0.014851
238600000000000001,238500000000000001,2025-02-17,8269,95,4698,1.7601,90.18,10.9056,0.9492,0.011489
238600000000000002,238500000000000001,2025-02-17,6243,85,4028,1.5499,83.62,13.394,0.9838,0.013615
238600000000000003,238500000000000002,2025-02-17,3975,85,3155,1.2599,52.77,13.2759,0.6208,0.021384
238600000000000004,238500000000000002,2025-02-17,2705,89,1387,1.9503,46.54,17.2056,0.5229,0.032902
238600000000000005,238500000000000003,2025-02-17,6157,120,2405,2.5601,74.48,12.0975,0.6207,0.01949
238600000000000006,238500000000000004,2025-02-17,5600,96,3415,1.6398,67.16,11.9922,0.6995,0.017143
238600000000000007,238500000000000004,2025-02-17,6953,96,3010,2.31,81.81,11.7665,0.8522,0.013807
238600000000000001,238500000000000001,2025-02-18,7407,66,2664,2.7804,92.47,12.4838,1.401,0.00891
238600000000000003,238500000000000002,2025-02-18,3589,108,1233,2.9108,54.8,15.2693,0.5074,0.030092
238600000000000004,238500000000000002,2025-02-18,3493,93,1617,2.1602,49.96,14.3016,0.5372,0.026625
238600000000000005,238500000000000003,2025-02-18,7482,140,5306,1.4101,78.57,10.5009,0.5612,0.018712
238600000000000006,238500000000000004,2025-02-18,7023,83,2963,2.3702,79.61,11.3355,0.9591,0.011818
238600000000000007,238500000000000004,2025-02-18,6538,108,3962,1.6502,77.53,11.8579,0.7178,0.016519
238600000000000001,238500000000000001,2025-02-19,10026,128,6227,1.6101,105.08,10.4809,0.821,0.012767
238600000000000002,238500000000000001,2025-02-19,10345,103,6425,1.6101,101.76,9.8364,0.9879,0.009957
238600000000000003,238500000000000002,2025-02-19,5035,150,3052,1.6497,57.25,11.3701,0.3817,0.029791
238600000000000004,238500000000000002,2025-02-19,3748,100,1983,1.8901,60.95,16.2609,0.6095,0.026681
238600000000000005,238500000000000003,2025-02-19,8887,162,3316,2.68,88.65,9.9748,0.5472,0.018229
238600000000000006,238500000000000004,2025-02-19,6573,90,4798,1.3699,87.81,13.3589,0.9756,0.013692
238600000000000007,238500000000000004,2025-02-19,5221,73,1905,2.7407,89.48,17.1391,1.2258,0.013982
238600000000000001,238500000000000001,2025-02-20,7623,106,3343,2.2803,94.8,12.4357,0.8943,0.013905
238600000000000002,238500000000000001,2025-02-20,8035,106,3958,2.0301,89.63,11.1555,0.8456,0.013192
238600000000000005,238500000000000003,2025-02-20,7584,111,5618,1.3499,79.04,10.4223,0.7121,0.014636
238600000000000006,238500000000000004,2025-02-20,4524,75,3036,1.4901,74.52,16.4723,0.9936,0.016578
238600000000000007,238500000000000004,2025-02-20,7477,113,2800,2.6704,83.56,11.1762,0.7395,0.015113
238600000000000001,238500000000000001,2025-02-21,5658,80,3026,1.8698,74.82,13.2235,0.9352,0.014139
238600000000000002,238500000000000001,2025-02-21,8538,106,5082,1.68,88.96,10.419,0.8392,0.012415
238600000000000003,238500000000000002,2025-02-21,5229,159,3352,1.56,52.67,10.0728,0.3313,0.030407
238600000000000004,238500000000000002,2025-02-21,3298,94,2703,1.2201,40.92,12.4063,0.4353,0.028502
238600000000000005,238500000000000003,2025-02-21,4879,98,1671,2.9198,70.19,14.3861,0.7162,0.020086
238600000000000006,238500000000000004,2025-02-21,6511,95,4933,1.3199,75.29,11.5631,0.7925,0.014591
238600000000000007,238500000000000004,2025-02-21,4871,79,1674,2.9098,65.09,13.3633,0.824,0.016218
238600000000000001,238500000000000001,2025-02-22,10938,97,5284,2.07,88.52,8.0926,0.9125,0.008868
238600000000000002,238500000000000001,2025-02-22,9820,113,4092,2.3998,88.34,8.9954,0.7817,0.011507
238600000000000004,238500000000000002,2025-02-22,3019,67,1290,2.3403,51.16,16.9451,0.7635,0.022193
238600000000000005,238500000000000003,2025-02-22,7417,110,2955,2.51,75.79,10.2189,0.689,0.014831
238600000000000006,238500000000000004,2025-02-22,4226,65,1829,2.3106,75.54,17.8741,1.1621,0.015381
238600000000000001,238500000000000001,2025-02-23,6391,85,2282,2.8006,68.55,10.7268,0.8065,0.0133
238600000000000002,238500000000000001,2025-02-23,9790,146,3948,2.4797,85.72,8.7555,0.5871,0.014913
238600000000000003,238500000000000002,2025-02-23,2679,56,1185,2.2608,46.45,17.339,0.8295,0.020903
238600000000000004,238500000000000002,2025-02-23,2949,70,1536,1.9199,41.7,14.1415,0.5958,0.023737
238600000000000005,238500000000000003,2025-02-23,5317,74,3021,1.76,66.12,12.4348,0.8935,0.013918
238600000000000006,238500000000000004,2025-02-23,5209,71,2926,1.7802,65.63,12.5988,0.9243,0.01363
238600000000000001,238500000000000001,2025-02-24,6381,94,4171,1.5298,55.48,8.6938,0.5902,0.014731
238600000000000002,238500000000000001,2025-02-24,6221,90,2478,2.5105,57.61,9.2604,0.6401,0.014467
238600000000000003,238500000000000002,2025-02-24,2050,44,1602,1.2797,34.1,16.6324,0.7749,0.021463
238600000000000004,238500000000000002,2025-02-24,3034,100,1631,1.8602,30.52,10.0604,0.3052,0.03296
238600000000000005,238500000000000003,2025-02-24,4306,84,1817,2.3698,48.46,11.2552,0.577,0.019508
238600000000000006,238500000000000004,2025-02-24,2090,37,728,2.8709,40.15,19.2082,1.085,0.017703
238600000000000007,238500000000000004,2025-02-24,4634,71,2283,2.0298,56.78,12.2539,0.7998,0.015322
238600000000000001,238500000000000001,2025-02-25,5938,67,4124,1.4399,74.02,12.4662,1.1048,0.011283
238600000000000002,238500000000000001,2025-02-25,9977,142,4106,2.4299,82.69,8.2877,0.5823,0.014233
238600000000000003,238500000000000002,2025-02-25,2394,61,965,2.4808,43.03,17.9759,0.7055,0.02548
238600000000000004,238500000000000002,2025-02-25,4098,118,2070,1.9797,46.51,11.3505,0.3942,0.028795
238600000000000005,238500000000000003,2025-02-25,4496,82,1703,2.64,67.16,14.9381,0.819,0.018238
238600000000000006,238500000000000004,2025-02-25,4493,57,1769,2.5399,68.89,15.3335,1.2087,0.012686
238600000000000007,238500000000000004,2025-02-25,5849,104,4794,1.2201,65.43,11.1865,0.6291,0.017781
238600000000000001,238500000000000001,2025-02-26,5923,64,4085,1.4499,81.29,13.7252,1.2702,0.010805
238600000000000002,238500000000000001,2025-02-26,5680,61,3070,1.8502,75.34,13.2648,1.2351,0.010739
238600000000000003,238500000000000002,2025-02-26,4134,104,1492,2.7708,43.98,10.6397,0.4229,0.025157
238600000000000004,238500000000000002,2025-02-26,3194,69,1179,2.7091,45.52,14.2528,0.6598,0.021603
238600000000000005,238500000000000003,2025-02-26,5570,77,3868,1.44,67.13,12.0522,0.8718,0.013824
238600000000000006,238500000000000004,2025-02-26,3736,50,2237,1.6701,61.49,16.4597,1.2299,0.013383
238600000000000007,238500000000000004,2025-02-26,4568,71,2595,1.7603,72.77,15.93,1.0249,0.015543
238600000000000001,238500000000000001,2025-02-27,10013,119,3360,2.9801,81.1,8.0993,0.6815,0.011885
238600000000000002,238500000000000001,2025-02-27,10558,123,5387,1.9599,90.23,8.5464,0.7336,0.01165
238600000000000003,238500000000000002,2025-02-27,3444,81,2408,1.4302,46.63,13.5382,0.5756,0.023519
238600000000000005,238500000000000003,2025-02-27,6913,118,3157,2.1897,73.43,10.6217,0.6223,0.017069
238600000000000006,238500000000000004,2025-02-27,5755,102,3531,1.6298,73.79,12.8217,0.7234,0.017724
238600000000000007,238500000000000004,2025-02-27,4487,51,1602,2.8009,73.07,16.284,1.4327,0.011366
238600000000000001,238500000000000001,2025-02-28,4874,61,2355,2.0696,57.02,11.6986,0.9347,0.012515
238600000000000002,238500000000000001,2025-02-28,8491,87,5209,1.6301,78.29,9.2201,0.8999,0.010246
238600000000000003,238500000000000002,2025-02-28,2167,70,1363,1.5899,37.51,17.3082,0.5358,0.032303
238600000000000004,238500000000000002,2025-02-28,2694,84,1425,1.8905,39.81,14.7778,0.4739,0.03118
238600000000000006,238500000000000004,2025-02-28,3357,44,1505,2.2306,58.7,17.4869,1.3342,0.013107
238600000000000007,238500000000000004,2025-02-28,4018,41,3189,1.26,57.27,14.2544,1.3969,0.010204
238600000000000001,238500000000000001,2025-03-01,7260,64,2469,2.9405,92.0,12.6727,1.4376,0.008815
238600000000000002,238500000000000001,2025-03-01,6441,91,2516,2.56,67.8,10.5266,0.7451,0.014128
238600000000000003,238500000000000002,2025-03-01,3444,95,1484,2.3208,44.02,12.7811,0.4633,0.027584
238600000000000004,238500000000000002,2025-03-01,4478,98,1798,2.4905,47.3,10.5627,0.4826,0.021885
238600000000000005,238500000000000003,2025-03-01,5270,91,4250,1.24,68.49,12.9959,0.7526,0.017268
238600000000000006,238500000000000004,2025-03-01,3649,56,2683,1.36,70.82,19.4081,1.2646,0.015347
238600000000000007,238500000000000004,2025-03-01,4634,60,1824,2.5406,66.16,14.2763,1.1026,0.012948
238600000000000001,238500000000000001,2025-03-02,11038,156,3679,3.0003,97.66,8.8477,0.626,0.014133
238600000000000002,238500000000000001,2025-03-02,6262,69,2182,2.8698,84.57,13.5058,1.2257,0.011019
238600000000000003,238500000000000002,2025-03-02,3015,69,1997,1.5098,50.72,16.8218,0.735,0.022886
238600000000000004,238500000000000002,2025-03-02,3138,69,1117,2.8093,53.42,17.0225,0.7742,0.021989
238600000000000005,238500000000000003,2025-03-02,7920,116,4889,1.62,78.1,9.8612,0.6733,0.014646
238600000000000006,238500000000000004,2025-03-02,5059,77,3373,1.4999,72.58,14.3465,0.9426,0.01522
238600000000000007,238500000000000004,2025-03-02,5867,98,2540,2.3098,83.62,14.253,0.8533,0.016704
238600000000000001,238500000000000001,2025-03-03,6606,91,3073,2.1497,57.5,8.7045,0.6319,0.013775
238600000000000003,238500000000000002,2025-03-03,2003,67,728,2.7514,34.84,17.3929,0.52,0.03345
238600000000000004,238500000000000002,2025-03-03,1825,55,1460,1.25,32.8,17.9749,0.5964,0.030137
238600000000000005,238500000000000003,2025-03-03,3782,55,1472,2.5693,50.73,13.4139,0.9224,0.014543
238600000000000006,238500000000000004,2025-03-03,2336,37,946,2.4693,46.37,19.8485,1.2531,0.015839
238600000000000007,238500000000000004,2025-03-03,3213,49,1265,2.5399,55.1,17.1482,1.1244,0.015251
238600000000000001,238500000000000001,2025-03-04,5897,61,4012,1.4698,65.33,11.0792,1.071,0.010344
238600000000000002,238500000000000001,2025-03-04,9526,141,4836,1.9698,81.44,8.5493,0.5776,0.014802
238600000000000003,238500000000000002,2025-03-04,2246,54,1841,1.22,38.75,17.2508,0.7175,0.024043
238600000000000004,238500000000000002,2025-03-04,3467,71,1191,2.911,45.13,13.0159,0.6356,0.020479
238600000000000005,238500000000000003,2025-03-04,4267,67,3005,1.42,62.9,14.7418,0.9389,0.015702
238600000000000006,238500000000000004,2025-03-04,5101,57,2208,2.3102,62.18,12.1893,1.0908,0.011174
238600000000000007,238500000000000004,2025-03-04,4926,71,2291,2.1502,63.63,12.917,0.8962,0.014413
238600000000000001,238500000000000001,2025-03-05,5230,57,2655,1.9699,66.43,12.7021,1.1655,0.010899
238600000000000002,238500000000000001,2025-03-05,7017,68,3249,2.1597,80.62,11.4897,1.1856,0.009691
238600000000000003,238500000000000002,2025-03-05,2173,58,1598,1.3598,38.9,17.9031,0.6707,0.026691
238600000000000004,238500000000000002,2025-03-05,2898,80,1244,2.3296,45.13,15.5722,0.5641,0.027605
238600000000000005,238500000000000003,2025-03-05,6396,102,3135,2.0402,63.02,9.8536,0.6179,0.015947
238600000000000006,238500000000000004,2025-03-05,4527,78,2086,2.1702,65.23,14.4082,0.8362,0.01723
238600000000000007,238500000000000004,2025-03-05,3324,59,2770,1.2,60.82,18.2978,1.0309,0.01775
238600000000000001,238500000000000001,2025-03-06,7247,66,3235,2.2402,78.74,10.8652,1.193,0.009107
238600000000000002,238500000000000001,2025-03-06,5418,72,2463,2.1998,68.2,12.5869,0.9472,0.013289
238600000000000003,238500000000000002,2025-03-06,3507,70,2125,1.6504,44.75,12.7607,0.6393,0.01996
238600000000000004,238500000000000002,2025-03-06,2386,75,1879,1.2698,39.21,16.4341,0.5228,0.031433
238600000000000006,238500000000000004,2025-03-06,5066,81,2639,1.9197,67.1,13.2442,0.8283,0.015989
238600000000000007,238500000000000004,2025-03-06,5321,85,2163,2.46,58.85,11.06,0.6924,0.015974
238600000000000001,238500000000000001,2025-03-07,5556,56,3157,1.7599,69.04,12.4261,1.2329,0.010079
238600000000000002,238500000000000001,2025-03-07,3709,46,2747,1.3502,50.71,13.6731,1.1025,0.012402
238600000000000003,238500000000000002,2025-03-07,3748,129,1284,2.919,39.99,10.6697,0.31,0.034418
238600000000000004,238500000000000002,2025-03-07,1868,58,744,2.5108,28.44,15.2251,0.4904,0.031049
238600000000000005,238500000000000003,2025-03-07,5009,72,1704,2.9396,51.32,10.2461,0.7128,0.014374
238600000000000006,238500000000000004,2025-03-07,4355,69,3299,1.3201,50.51,11.5985,0.7321,0.015844
238600000000000007,238500000000000004,2025-03-07,4174,59,1454,2.8707,52.13,12.4902,0.8836,0.014135
238600000000000001,238500000000000001,2025-03-08,6382,84,2648,2.4101,81.28,12.7355,0.9676,0.013162
238600000000000002,238500000000000001,2025-03-08,7928,97,4530,1.7501,79.2,9.9896,0.8165,0.012235
238600000000000003,238500000000000002,2025-03-08,3457,118,2320,1.4901,50.78,14.6876,0.4303,0.034134
238600000000000004,238500000000000002,2025-03-08,2933,81,1639,1.7895,40.92,13.9533,0.5052,0.027617
238600000000000005,238500000000000003,2025-03-08,7556,93,3162,2.3896,68.78,9.102,0.7395,0.012308
238600000000000007,238500000000000004,2025-03-08,4161,60,1935,2.1504,77.58,18.6448,1.293,0.01442
238600000000000001,238500000000000001,2025-03-09,5779,66,2792,2.0698,54.58,9.444,0.8269,0.011421
238600000000000002,238500000000000001,2025-03-09,5180,47,2432,2.1299,64.76,12.5021,1.3779,0.009073
238600000000000003,238500000000000002,2025-03-09,2301,78,796,2.8907,32.98,14.3346,0.4229,0.033898
238600000000000004,238500000000000002,2025-03-09,2268,54,1532,1.4804,35.21,15.5243,0.652,0.02381
238600000000000005,238500000000000003,2025-03-09,3438,66,1415,2.4297,51.14,14.8763,0.7749,0.019197
238600000000000006,238500000000000004,2025-03-09,3814,54,3051,1.2501,51.89,13.6064,0.961,0.014158
238600000000000007,238500000000000004,2025-03-09,2851,41,1097,2.5989,50.39,17.6762,1.2291,0.014381
238600000000000001,238500000000000001,2025-03-10,6972,86,4617,1.5101,60.74,8.7114,0.7062,0.012335
238600000000000002,238500000000000001,2025-03-10,6359,86,2596,2.4495,61.14,9.6153,0.711,0.013524
238600000000000003,238500000000000002,2025-03-10,2822,97,1283,2.1995,40.83,14.4675,0.4209,0.034373
238600000000000004,238500000000000002,2025-03-10,2076,59,755,2.7497,28.82,13.8815,0.4884,0.02842
238600000000000005,238500000000000003,2025-03-10,4278,84,2118,2.0198,52.23,12.2099,0.6218,0.019635
238600000000000006,238500000000000004,2025-03-10,4427,77,1723,2.5694,58.83,13.2883,0.764,0.017393
238600000000000007,238500000000000004,2025-03-10,3070,48,1335,2.2996,45.64,14.8666,0.9508,0.015635
238600000000000001,238500000000000001,2025-03-11,7504,79,2588,2.8995,72.81,9.7027,0.9216,0.010528
238600000000000002,238500000000000001,2025-03-11,7197,103,3076,2.3397,96.21,13.3678,0.9341,0.014312
238600000000000003,238500000000000002,2025-03-11,3018,68,1126,2.6803,41.96,13.9027,0.617,0.022531
238600000000000004,238500000000000002,2025-03-11,3245,113,1735,1.8703,54.62,16.8329,0.4834,0.034823
238600000000000005,238500000000000003,2025-03-11,7892,100,5297,1.4899,72.44,9.1784,0.7244,0.012671
238600000000000006,238500000000000004,2025-03-11,5017,71,2031,2.4702,75.82,15.1134,1.0679,0.014152
238600000000000007,238500000000000004,2025-03-11,5159,85,2388,2.1604,69.05,13.3839,0.8123,0.016476
238600000000000001,238500000000000001,2025-03-12,7368,75,4439,1.6598,67.35,9.1408,0.898,0.010179
238600000000000002,238500000000000001,2025-03-12,4822,59,2755,1.7503,56.52,11.7221,0.958,0.012236
238600000000000003,238500000000000002,2025-03-12,3074,82,2091,1.4701,33.26,10.8203,0.4056,0.026675
238600000000000004,238500000000000002,2025-03-12,2357,76,1339,1.7603,37.52,15.9199,0.4937,0.032244
238600000000000005,238500000000000003,2025-03-12,3918,50,2062,1.9001,53.09,13.5499,1.0618,0.012762
238600000000000006,238500000000000004,2025-03-12,3187,43,2276,1.4003,52.6,16.5039,1.2232,0.013492
238600000000000007,238500000000000004,2025-03-12,2903,42,1152,2.52,53.58,18.4565,1.2757,0.014468
238600000000000001,238500000000000001,2025-03-13,8420,75,4087,2.0602,72.88,8.6552,0.9717,0.008907
238600000000000002,238500000000000001,2025-03-13,5187,64,1972,2.6303,56.04,10.8038,0.8756,0.012339
238600000000000003,238500000000000002,2025-03-13,2885,78,1814,1.5904,36.29,12.5782,0.4652,0.027036
238600000000000004,238500000000000002,2025-03-13,2180,53,1772,1.2302,37.38,17.1459,0.7052,0.024312
238600000000000005,238500000000000003,2025-03-13,4745,73,1854,2.5593,55.25,11.6438,0.7568,0.015385
238600000000000006,238500000000000004,2025-03-13,3176,52,1194,2.66,54.5,17.1609,1.0481,0.016373
238600000000000007,238500000000000004,2025-03-13,4830,69,2927,1.6502,56.0,11.5935,0.8115,0.014286
238600000000000001,238500000000000001,2025-03-14,4733,53,1871,2.5297,57.83,12.2192,1.0912,0.011198
238600000000000002,238500000000000001,2025-03-14,4925,48,2061,2.3896,57.8,11.7355,1.2041,0.009746
238600000000000003,238500000000000002,2025-03-14,2408,80,857,2.8098,38.22,15.871,0.4777,0.033223
238600000000000004,238500000000000002,2025-03-14,1763,48,691,2.5514,27.86,15.8012,0.5804,0.027226
238600000000000005,238500000000000003,2025-03-14,4010,71,1469,2.7297,49.56,12.3581,0.698,0.017706
238600000000000006,238500000000000004,2025-03-14,3005,38,2017,1.4898,52.51,17.474,1.3818,0.012646
238600000000000007,238500000000000004,2025-03-14,3057,42,1456,2.0996,46.6,15.2446,1.1096,0.013739
238600000000000001,238500000000000001,2025-03-15,5923,88,4815,1.2301,71.28,12.0344,0.81,0.014857
238600000000000002,238500000000000001,2025-03-15,8004,81,4910,1.6301,83.17,10.3904,1.0267,0.01012
238600000000000003,238500000000000002,2025-03-15,3604,104,2452,1.4698,48.29,13.3977,0.4643,0.028857
238600000000000004,238500000000000002,2025-03-15,2305,63,1670,1.3802,39.97,17.3401,0.6344,0.027332
238600000000000005,238500000000000003,2025-03-15,6585,84,3394,1.9402,66.19,10.0517,0.788,0.012756
238600000000000006,238500000000000004,2025-03-15,3541,58,2409,1.4699,62.54,17.6603,1.0782,0.01638
238600000000000007,238500000000000004,2025-03-15,4384,73,1797,2.4396,69.85,15.932,0.9568,0.016651
238600000000000001,238500000000000001,2025-03-16,8042,105,4189,1.9198,93.6,11.6388,0.8914,0.013056
238600000000000002,238500000000000001,2025-03-16,9360,96,3296,2.8398,89.02,9.5108,0.9273,0.010256
238600000000000003,238500000000000002,2025-03-16,3030,74,2386,1.2699,53.24,17.5698,0.7194,0.024422
238600000000000004,238500000000000002,2025-03-16,4772,161,3561,1.3401,51.12,10.7121,0.3175,0.033738
238600000000000005,238500000000000003,2025-03-16,5742,86,2015,2.8496,78.27,13.6304,0.9101,0.014977
238600000000000006,238500000000000004,2025-03-16,3983,62,1514,2.6308,79.64,19.994,1.2845,0.015566
238600000000000007,238500000000000004,2025-03-16,6040,92,2890,2.09,76.9,12.7311,0.8358,0.015232
238600000000000001,238500000000000001,2025-03-17,5065,53,1890,2.6799,47.44,9.3664,0.8951,0.010464
238600000000000002,238500000000000001,2025-03-17,5331,61,1857,2.8708,59.25,11.1139,0.9713,0.011443
238600000000000003,238500000000000002,2025-03-17,3127,107,1454,2.1506,32.28,10.3217,0.3016,0.034218
238600000000000004,238500000000000002,2025-03-17,2419,53,870,2.7805,28.69,11.8599,0.5413,0.02191
238600000000000005,238500000000000003,2025-03-17,3518,67,2132,1.6501,45.72,12.9971,0.6824,0.019045
238600000000000006,238500000000000004,2025-03-17,3562,59,1979,1.7999,46.08,12.9362,0.781,0.016564
238600000000000007,238500000000000004,2025-03-17,4088,59,1578,2.5906,45.37,11.0982,0.769,0.014432
238600000000000002,238500000000000001,2025-03-18,6144,72,2719,2.2597,61.05,9.9372,0.848,0.011719
238600000000000003,238500000000000002,2025-03-18,2770,71,1179,2.3494,35.54,12.8295,0.5005,0.025632
238600000000000004,238500000000000002,2025-03-18,3445,92,1823,1.8897,38.21,11.0922,0.4154,0.026705
238600000000000005,238500000000000003,2025-03-18,3734,64,1965,1.9003,55.31,14.8133,0.8643,0.01714
238600000000000006,238500000000000004,2025-03-18,3379,45,1673,2.0197,57.2,16.9269,1.271,0.013318
238600000000000007,238500000000000004,2025-03-18,3797,39,1537,2.4704,53.43,14.0716,1.37,0.010271
238600000000000001,238500000000000001,2025-03-19,5376,59,1969,2.7303,61.29,11.4002,1.0388,0.010975
238600000000000002,238500000000000001,2025-03-19,5698,72,3474,1.6402,64.0,11.2321,0.8889,0.012636
238600000000000003,238500000000000002,2025-03-19,2575,78,2093,1.2303,38.69,15.0269,0.4961,0.030291
238600000000000004,238500000000000002,2025-03-19,2912,80,1294,2.2504,32.9,11.2976,0.4112,0.027473
238600000000000005,238500000000000003,2025-03-19,5486,89,2032,2.6998,53.69,9.7876,0.6033,0.016223
238600000000000006,238500000000000004,2025-03-19,5291,68,2394,2.2101,61.3,11.5853,0.9014,0.012852
238600000000000007,238500000000000004,2025-03-19,2507,37,1003,2.4995,46.09,18.3851,1.2457,0.014759
238600000000000001,238500000000000001,2025-03-20,7312,92,2470,2.9603,59.6,8.1509,0.6478,0.012582
238600000000000002,238500000000000001,2025-03-20,5755,84,2197,2.6195,52.22,9.0734,0.6216,0.014596
238600000000000003,238500000000000002,2025-03-20,1872,55,652,2.8712,31.69,16.9278,0.5762,0.02938
238600000000000004,238500000000000002,2025-03-20,2259,74,1071,2.1092,32.21,14.2569,0.4352,0.032758
238600000000000005,238500000000000003,2025-03-20,3630,56,1806,2.01,47.92,13.2015,0.8557,0.015427
238600000000000006,238500000000000004,2025-03-20,3121,40,1099,2.8399,45.15,14.4671,1.1288,0.012816
238600000000000001,238500000000000001,2025-03-21,5323,71,2702,1.97,56.97,10.7024,0.8024,0.013338
238600000000000002,238500000000000001,2025-03-21,9145,95,6264,1.4599,74.58,8.1551,0.785,0.010388
238600000000000003,238500000000000002,2025-03-21,2135,66,1433,1.4899,37.47,17.5526,0.5678,0.030913
238600000000000004,238500000000000002,2025-03-21,2535,65,1565,1.6198,37.7,14.8699,0.5799,0.025641
238600000000000005,238500000000000003,2025-03-21,6218,78,2303,2.7,56.38,9.0668,0.7228,0.012544
238600000000000006,238500000000000004,2025-03-21,2520,35,958,2.6305,49.46,19.6254,1.413,0.013889
238600000000000007,238500000000000004,2025-03-21,4007,68,1677,2.3894,63.3,15.797,0.9309,0.01697
238600000000000001,238500000000000001,2025-03-22,7873,66,3822,2.0599,72.3,9.1838,1.0955,0.008383
238600000000000002,238500000000000001,2025-03-22,4520,56,2205,2.0499,54.81,12.1263,0.9788,0.012389
238600000000000003,238500000000000002,2025-03-22,2119,48,1547,1.3697,31.81,15.0135,0.6628,0.022652
238600000000000004,238500000000000002,2025-03-22,2969,98,1381,2.1499,40.82,13.7499,0.4166,0.033008
238600000000000005,238500000000000003,2025-03-22,5326,98,2573,2.07,54.48,10.2287,0.5559,0.0184
238600000000000006,238500000000000004,2025-03-22,4266,63,2601,1.6401,59.84,14.0275,0.9499,0.014768
238600000000000007,238500000000000004,2025-03-22,2640,36,1031,2.5606,49.11,18.6039,1.3643,0.013636
238600000000000001,238500000000000001,2025-03-23,5645,74,3596,1.5698,71.72,12.7054,0.9692,0.013109
238600000000000002,238500000000000001,2025-03-23,7093,81,3427,2.0697,82.85,11.6806,1.0228,0.01142
238600000000000003,238500000000000002,2025-03-23,3593,80,1497,2.4001,40.51,11.2755,0.5064,0.022266
238600000000000004,238500000000000002,2025-03-23,2790,92,1993,1.3999,47.81,17.1377,0.5197,0.032975
238600000000000005,238500000000000003,2025-03-23,5608,89,3868,1.4498,66.25,11.8126,0.7443,0.01587
238600000000000006,238500000000000004,2025-03-23,5657,85,2946,1.9202,74.43,13.1569,0.8756,0.015026
238600000000000007,238500000000000004,2025-03-23,4567,58,3434,1.3299,58.06,12.7134,1.0011,0.0127
238600000000000001,238500000000000001,2025-03-24,7672,113,3503,2.1901,67.5,8.7988,0.5974,0.014729
238600000000000002,238500000000000001,2025-03-24,6295,59,3331,1.8898,55.82,8.8681,0.9462,0.009373
238600000000000003,238500000000000002,2025-03-24,2012,57,818,2.4597,34.5,17.1453,0.6052,0.02833
238600000000000005,238500000000000003,2025-03-24,4354,63,1461,2.9802,52.86,12.1395,0.839,0.014469
238600000000000006,238500000000000004,2025-03-24,3265,51,1192,2.7391,52.07,15.9485,1.021,0.01562
238600000000000007,238500000000000004,2025-03-24,2792,28,1439,1.9402,53.64,19.2115,1.9157,0.010029
238600000000000001,238500000000000001,2025-03-25,7045,67,3188,2.2098,93.37,13.2527,1.3935,0.00951
238600000000000002,238500000000000001,2025-03-25,4966,73,2288,2.1705,68.31,13.7562,0.9358,0.0147
238600000000000003,238500000000000002,2025-03-25,2607,66,2069,1.26,44.08,16.908,0.6679,0.025316
238600000000000004,238500000000000002,2025-03-25,2739,76,1838,1.4902,48.31,17.6373,0.6356,0.027747
238600000000000005,238500000000000003,2025-03-25,6736,115,2830,2.3802,69.29,10.2867,0.6025,0.017072
238600000000000006,238500000000000004,2025-03-25,5695,74,2738,2.08,69.27,12.1629,0.936,0.012994
238600000000000007,238500000000000004,2025-03-25,5472,71,3854,1.4198,69.31,12.6671,0.9763,0.012975
238600000000000001,238500000000000001,2025-03-26,5884,67,2373,2.4796,72.85,12.3816,1.0874,0.011387
238600000000000002,238500000000000001,2025-03-26,6795,87,5480,1.24,59.5,8.7565,0.6839,0.012804
238600000000000003,238500000000000002,2025-03-26,2228,65,1768,1.2602,36.18,16.2379,0.5566,0.029174
238600000000000004,238500000000000002,2025-03-26,2338,63,1003,2.331,39.45,16.8745,0.6262,0.026946
238600000000000005,238500000000000003,2025-03-26,4285,61,3541,1.2101,56.72,13.2376,0.9299,0.014236
238600000000000006,238500000000000004,2025-03-26,3161,40,1094,2.8894,55.9,17.6832,1.3974,0.012654
238600000000000007,238500000000000004,2025-03-26,3777,61,1679,2.2496,57.55,15.2368,0.9434,0.01615
238600000000000002,238500000000000001,2025-03-27,10702,102,5488,1.9501,93.25,8.7135,0.9142,0.009531
238600000000000003,238500000000000002,2025-03-27,3802,112,2775,1.3701,47.48,12.4881,0.4239,0.029458
238600000000000004,238500000000000002,2025-03-27,2835,57,1038,2.7312,45.86,16.1749,0.8045,0.020106
238600000000000005,238500000000000003,2025-03-27,6538,112,3892,1.6799,70.0,10.7069,0.625,0.017131
238600000000000006,238500000000000004,2025-03-27,4961,77,2432,2.0399,78.96,15.9167,1.0255,0.015521
238600000000000007,238500000000000004,2025-03-27,3383,53,1634,2.0704,61.04,18.0433,1.1517,0.015667
238600000000000001,238500000000000001,2025-03-28,5300,76,1853,2.8602,57.44,10.838,0.7558,0.01434
238600000000000002,238500000000000001,2025-03-28,7224,76,2627,2.7499,80.67,11.1664,1.0614,0.01052
238600000000000003,238500000000000002,2025-03-28,1910,58,1540,1.2403,33.44,17.5084,0.5766,0.030366
238600000000000004,238500000000000002,2025-03-28,3530,103,1270,2.7795,45.48,12.8832,0.4415,0.029178
238600000000000005,238500000000000003,2025-03-28,5043,62,3275,1.5398,59.19,11.7369,0.9547,0.012294
238600000000000006,238500000000000004,2025-03-28,3755,50,1571,2.3902,59.13,15.7462,1.1825,0.013316
238600000000000007,238500000000000004,2025-03-28,4442,65,1992,2.2299,59.25,13.3389,0.9116,0.014633
238600000000000001,238500000000000001,2025-03-29,5078,74,1840,2.7598,68.11,13.4136,0.9205,0.014573
238600000000000002,238500000000000001,2025-03-29,7988,74,3535,2.2597,88.09,11.0284,1.1905,0.009264
238600000000000003,238500000000000002,2025-03-29,4064,132,1782,2.2806,52.81,12.9951,0.4001,0.03248
238600000000000004,238500000000000002,2025-03-29,2693,64,1012,2.6611,36.45,13.5353,0.5695,0.023765
238600000000000005,238500000000000003,2025-03-29,6254,101,3983,1.5702,66.95,10.7046,0.6628,0.01615
238600000000000006,238500000000000004,2025-03-29,4949,51,2209,2.2404,67.64,13.668,1.3263,0.010305
238600000000000007,238500000000000004,2025-03-29,5777,90,4248,1.3599,66.25,11.4681,0.7361,0.015579
238600000000000001,238500000000000001,2025-03-30,6699,65,4187,1.6,67.14,10.0228,1.033,0.009703
238600000000000002,238500000000000001,2025-03-30,7557,106,2597,2.9099,73.61,9.7405,0.6944,0.014027
238600000000000003,238500000000000002,2025-03-30,3105,81,1500,2.07,40.34,12.9934,0.4981,0.026087
238600000000000004,238500000000000002,2025-03-30,3454,80,1427,2.4205,40.08,11.6054,0.5011,0.023162
238600000000000005,238500000000000003,2025-03-30,5241,88,2221,2.3597,60.32,11.5097,0.6855,0.016791
238600000000000006,238500000000000004,2025-03-30,3380,47,1225,2.7592,67.57,19.9912,1.4377,0.013905
238600000000000007,238500000000000004,2025-03-30,2687,45,1828,1.4699,53.07,19.7521,1.1794,0.016747
238600000000000001,238500000000000001,2025-03-31,5530,83,2807,1.9701,75.71,13.6904,0.9121,0.015009
238600000000000002,238500000000000001,2025-03-31,6068,63,2550,2.3796,72.36,11.9253,1.1486,0.010382
238600000000000003,238500000000000002,2025-03-31,2938,90,1209,2.4301,49.46,16.833,0.5495,0.030633
238600000000000004,238500000000000002,2025-03-31,2310,68,1009,2.2894,35.16,15.2192,0.517,0.029437
238600000000000005,238500000000000003,2025-03-31,4577,63,1664,2.7506,63.46,13.8647,1.0073,0.013764
238600000000000006,238500000000000004,2025-03-31,3762,48,1288,2.9208,55.26,14.6892,1.1513,0.012759
238600000000000007,238500000000000004,2025-03-31,4369,67,3034,1.44,71.66,16.4012,1.0695,0.015335
238600000000000002,238500000000000001,2025-04-01,5176,43,2562,2.0203,60.52,11.6931,1.4075,0.008308
238600000000000003,238500000000000002,2025-04-01,2782,96,963,2.8889,38.85,13.9654,0.4047,0.034508
238600000000000004,238500000000000002,2025-04-01,2331,81,1094,2.1307,27.97,11.9981,0.3453,0.034749
238600000000000005,238500000000000003,2025-04-01,4572,62,1669,2.7394,50.11,10.9612,0.8083,0.013561
238600000000000006,238500000000000004,2025-04-01,3701,58,1879,1.9697,46.46,12.5526,0.801,0.015671
238600000000000007,238500000000000004,2025-04-01,4408,78,2099,2.1,53.77,12.1987,0.6894,0.017695
238600000000000002,238500000000000001,2025-04-02,5496,53,2271,2.4201,67.66,12.3113,1.2767,0.009643
238600000000000003,238500000000000002,2025-04-02,1937,66,1041,1.8607,33.03,17.0522,0.5005,0.034073
238600000000000004,238500000000000002,2025-04-02,2612,70,1306,2.0,37.89,14.5065,0.5413,0.026799
238600000000000005,238500000000000003,2025-04-02,4883,98,2220,2.1995,53.19,10.893,0.5428,0.02007
238600000000000006,238500000000000004,2025-04-02,3527,37,1208,2.9197,59.27,16.805,1.6019,0.010491
238600000000000007,238500000000000004,2025-04-02,3151,53,1297,2.4295,47.11,14.9509,0.8889,0.01682
238600000000000001,238500000000000001,2025-04-03,5838,53,4261,1.3701,64.67,11.0767,1.2201,0.009078
238600000000000003,238500000000000002,2025-04-03,3509,72,2599,1.3501,39.06,11.1321,0.5425,0.020519
238600000000000005,238500000000000003,2025-04-03,4576,71,1947,2.3503,58.17,12.7129,0.8194,0.015516
238600000000000007,238500000000000004,2025-04-03,2759,35,1150,2.3991,52.3,18.9569,1.4943,0.012686
238600000000000001,238500000000000001,2025-04-04,5032,65,3620,1.3901,54.25,10.7817,0.8347,0.012917
238600000000000002,238500000000000001,2025-04-04,5217,57,1976,2.6402,57.48,11.0185,1.0085,0.010926
238600000000000003,238500000000000002,2025-04-04,2192,64,1172,1.8703,29.41,13.4148,0.4595,0.029197
238600000000000004,238500000000000002,2025-04-04,3367,98,2158,1.5602,34.44,10.23,0.3515,0.029106
238600000000000005,238500000000000003,2025-04-04,4911,79,1717,2.8602,47.89,9.751,0.6062,0.016086
238600000000000006,238500000000000004,2025-04-04,2629,27,1919,1.37,50.41,19.1761,1.8672,0.01027
238600000000000007,238500000000000004,2025-04-04,2948,31,1765,1.6703,45.36,15.3869,1.4632,0.010516
238600000000000001,238500000000000001,2025-04-05,6055,75,2276,2.6604,61.78,10.2033,0.8237,0.012386
238600000000000002,238500000000000001,2025-04-05,7467,76,2894,2.5802,68.08,9.1179,0.8958,0.010178
238600000000000004,238500000000000002,2025-04-05,2823,96,1233,2.2895,34.31,12.153,0.3574,0.034006
238600000000000005,238500000000000003,2025-04-05,5283,64,3943,1.3398,55.66,10.535,0.8696,0.012114
238600000000000006,238500000000000004,2025-04-05,4068,55,1866,2.1801,63.52,15.6141,1.1549,0.01352
238600000000000007,238500000000000004,2025-04-05,2978,43,1645,1.8103,47.79,16.0491,1.1115,0.014439
238600000000000001,238500000000000001,2025-04-06,7058,92,5006,1.4099,57.68,8.172,0.6269,0.013035
238600000000000002,238500000000000001,2025-04-06,8056,98,5035,1.6,71.06,8.8208,0.7251,0.012165
238600000000000003,238500000000000002,2025-04-06,3454,72,1445,2.3903,39.08,11.3148,0.5428,0.020845
238600000000000004,238500000000000002,2025-04-06,3221,99,1512,2.1303,34.48,10.7058,0.3483,0.030736
238600000000000005,238500000000000003,2025-04-06,5663,72,4323,1.31,55.17,9.7428,0.7663,0.012714
238600000000000006,238500000000000004,2025-04-06,3826,54,1549,2.47,63.24,16.5298,1.1712,0.014114
238600000000000007,238500000000000004,2025-04-06,2708,31,2052,1.3197,47.1,17.3944,1.5195,0.011448
238600000000000001,238500000000000001,2025-04-07,5633,67,2244,2.5102,69.83,12.3959,1.0422,0.011894
238600000000000002,238500000000000001,2025-04-07,4433,47,2477,1.7897,57.98,13.0797,1.2337,0.010602
238600000000000003,238500000000000002,2025-04-07,2873,58,1266,2.2694,33.8,11.7646,0.5828,0.020188
238600000000000004,238500000000000002,2025-04-07,2505,85,1384,1.81,39.23,15.6622,0.4616,0.033932
238600000000000005,238500000000000003,2025-04-07,5317,90,2053,2.5899,54.78,10.3019,0.6086,0.016927
238600000000000006,238500000000000004,2025-04-07,5111,58,2175,2.3499,61.33,11.9993,1.0574,0.011348
238600000000000007,238500000000000004,2025-04-07,2940,45,1085,2.7097,48.22,16.402,1.0716,0.015306
238600000000000001,238500000000000001,2025-04-08,4531,56,2360,1.9199,61.58,13.5913,1.0997,0.012359
238600000000000002,238500000000000001,2025-04-08,5633,68,2816,2.0004,45.65,8.1047,0.6714,0.012072
238600000000000003,238500000000000002,2025-04-08,2039,58,1030,1.9796,29.78,14.6034,0.5134,0.028445
238600000000000004,238500000000000002,2025-04-08,2786,77,932,2.9893,31.5,11.307,0.4091,0.027638
238600000000000005,238500000000000003,2025-04-08,3587,58,1645,2.1805,45.96,12.8125,0.7924,0.01617
238600000000000006,238500000000000004,2025-04-08,3244,34,1357,2.3906,41.41,12.7648,1.2179,0.010481
238600000000000007,238500000000000004,2025-04-08,3909,63,1642,2.3806,50.51,12.9209,0.8017,0.016117
238600000000000001,238500000000000001,2025-04-09,6334,73,3839,1.6499,63.01,9.9485,0.8632,0.011525
238600000000000002,238500000000000001,2025-04-09,6756,87,2608,2.5905,74.23,10.987,0.8532,0.012877
238600000000000003,238500000000000002,2025-04-09,3075,107,1196,2.5711,45.06,14.6538,0.4211,0.034797
238600000000000005,238500000000000003,2025-04-09,4411,87,1652,2.6701,58.82,13.3344,0.6761,0.019723
238600000000000006,238500000000000004,2025-04-09,4760,56,2573,1.85,67.28,14.1339,1.2014,0.011765
238600000000000007,238500000000000004,2025-04-09,2757,40,1826,1.5099,50.36,18.2657,1.259,0.014509
238600000000000001,238500000000000001,2025-04-10,9755,118,5331,1.8299,80.88,8.2914,0.6854,0.012096
238600000000000002,238500000000000001,2025-04-10,5465,55,1865,2.9303,65.17,11.9245,1.1849,0.010064
238600000000000003,238500000000000002,2025-04-10,3325,73,1143,2.909,36.65,11.022,0.502,0.021955
238600000000000004,238500000000000002,2025-04-10,2951,83,1014,2.9103,46.81,15.8621,0.564,0.028126
238600000000000005,238500000000000003,2025-04-10,6466,117,2628,2.4604,62.59,9.6803,0.535,0.018095
238600000000000006,238500000000000004,2025-04-10,4860,53,2086,2.3298,62.34,12.8274,1.1762,0.010905
238600000000000007,238500000000000004,2025-04-10,3312,51,1127,2.9388,62.84,18.9748,1.2322,0.015399
238600000000000001,238500000000000001,2025-04-11,9149,97,3233,2.8299,85.95,9.3949,0.8861,0.010602
238600000000000002,238500000000000001,2025-04-11,5155,54,2590,1.9903,71.81,13.9294,1.3297,0.010475
238600000000000003,238500000000000002,2025-04-11,2739,79,922,2.9707,47.89,17.4829,0.6061,0.028843
238600000000000004,238500000000000002,2025-04-11,3691,108,1670,2.2102,42.26,11.4503,0.3913,0.02926
238600000000000005,238500000000000003,2025-04-11,5224,93,2115,2.47,67.61,12.9425,0.727,0.017802
238600000000000006,238500000000000004,2025-04-11,4001,50,2128,1.8802,71.68,17.9152,1.4336,0.012497
238600000000000007,238500000000000004,2025-04-11,4750,51,2241,2.1196,63.54,13.3778,1.246,0.010737
238600000000000001,238500000000000001,2025-04-12,5661,71,1959,2.8897,55.23,9.7556,0.7778,0.012542
238600000000000002,238500000000000001,2025-04-12,6621,94,2207,3.0,53.98,8.153,0.5743,0.014197
238600000000000003,238500000000000002,2025-04-12,1782,47,627,2.8421,30.87,17.3241,0.6568,0.026375
238600000000000004,238500000000000002,2025-04-12,1910,48,806,2.3697,31.53,16.5094,0.6569,0.025131
238600000000000006,238500000000000004,2025-04-12,2273,24,1010,2.2505,44.53,19.593,1.8556,0.010559
238600000000000007,238500000000000004,2025-04-12,3882,59,2793,1.3899,49.07,12.6408,0.8317,0.015198
238600000000000001,238500000000000001,2025-04-13,5226,45,1965,2.6595,57.38,10.9797,1.2751,0.008611
238600000000000002,238500000000000001,2025-04-13,6673,95,2427,2.7495,65.64,9.8362,0.6909,0.014236
238600000000000003,238500000000000002,2025-04-13,2215,65,1065,2.0798,34.5,15.5755,0.5308,0.029345
238600000000000004,238500000000000002,2025-04-13,3008,101,2164,1.39,35.8,11.9002,0.3544,0.033577
238600000000000005,238500000000000003,2025-04-13,5257,81,1819,2.89,52.72,10.0288,0.6509,0.015408
238600000000000006,238500000000000004,2025-04-13,4490,71,3650,1.2301,51.79,11.5347,0.7294,0.015813
238600000000000007,238500000000000004,2025-04-13,3531,52,2918,1.2101,53.65,15.1947,1.0318,0.014727
238600000000000001,238500000000000001,2025-04-14,8127,104,4369,1.8602,86.78,10.6783,0.8345,0.012797
238600000000000002,238500000000000001,2025-04-14,6039,78,4194,1.4399,79.83,13.2187,1.0234,0.012916
238600000000000003,238500000000000002,2025-04-14,2961,102,2260,1.3102,39.89,13.4719,0.3911,0.034448
238600000000000004,238500000000000002,2025-04-14,4225,108,1790,2.3603,55.32,13.0925,0.5122,0.025562
238600000000000005,238500000000000003,2025-04-14,6934,99,2901,2.3902,71.4,10.2978,0.7213,0.014277
238600000000000006,238500000000000004,2025-04-14,4583,65,1661,2.7592,78.83,17.1994,1.2127,0.014183
238600000000000007,238500000000000004,2025-04-14,5076,70,1937,2.6205,63.98,12.6053,0.9141,0.01379
238600000000000001,238500000000000001,2025-04-15,5367,63,3032,1.7701,55.98,10.4297,0.8885,0.011738
238600000000000002,238500000000000001,2025-04-15,4254,60,2216,1.9197,55.94,13.1504,0.9324,0.014104
238600000000000003,238500000000000002,2025-04-15,2023,55,954,2.1205,30.38,15.0188,0.5524,0.027187
238600000000000004,238500000000000002,2025-04-15,1989,61,1554,1.2799,33.57,16.878,0.5503,0.030669
238600000000000005,238500000000000003,2025-04-15,3555,68,1422,2.5,47.96,13.4923,0.7054,0.019128
238600000000000006,238500000000000004,2025-04-15,2529,29,1611,1.5698,43.11,17.0457,1.4865,0.011467
238600000000000007,238500000000000004,2025-04-15,3452,42,1364,2.5308,52.82,15.3017,1.2577,0.012167
238600000000000001,238500000000000001,2025-04-16,5030,69,4123,1.22,48.59,9.6593,0.7041,0.013718
238600000000000002,238500000000000001,2025-04-16,5193,52,1967,2.6401,49.38,9.5081,0.9495,0.010013
238600000000000003,238500000000000002,2025-04-16,1960,44,1352,1.4497,26.53,13.534,0.6029,0.022449
238600000000000004,238500000000000002,2025-04-16,2459,68,1795,1.3699,29.45,11.9771,0.4331,0.027654
238600000000000005,238500000000000003,2025-04-16,4191,67,2451,1.7099,41.98,10.0176,0.6266,0.015987
238600000000000006,238500000000000004,2025-04-16,2720,37,1271,2.14,46.55,17.1144,1.2581,0.013603
238600000000000007,238500000000000004,2025-04-16,2451,31,866,2.8303,37.42,15.2657,1.207,0.012648
238600000000000001,238500000000000001,2025-04-17,3987,56,1450,2.7497,51.79,12.9885,0.9247,0.014046
238600000000000002,238500000000000001,2025-04-17,3947,34,2881,1.37,52.06,13.1906,1.5313,0.008614
238600000000000003,238500000000000002,2025-04-17,2226,63,912,2.4408,29.2,13.1174,0.4635,0.028302
238600000000000004,238500000000000002,2025-04-17,2156,57,1057,2.0397,30.14,13.9809,0.5288,0.026438
238600000000000005,238500000000000003,2025-04-17,2992,36,1432,2.0894,44.51,14.8752,1.2363,0.012032
238600000000000006,238500000000000004,2025-04-17,3058,39,1104,2.7699,43.94,14.3689,1.1267,0.012753
238600000000000007,238500000000000004,2025-04-17,3820,58,1854,2.0604,45.07,11.7992,0.7771,0.015183
238600000000000001,238500000000000001,2025-04-18,5855,80,2686,2.1798,65.62,11.208,0.8203,0.013664
238600000000000002,238500000000000001,2025-04-18,3565,49,1404,2.5392,48.96,13.7337,0.9992,0.013745
238600000000000003,238500000000000002,2025-04-18,1904,59,1013,1.8796,32.34,16.9863,0.5482,0.030987
238600000000000004,238500000000000002,2025-04-18,2029,43,1201,1.6894,33.13,16.3303,0.7706,0.021193
238600000000000005,238500000000000003,2025-04-18,4976,62,3210,1.5502,49.11,9.8688,0.792,0.01246
238600000000000006,238500000000000004,2025-04-18,3585,41,2255,1.5898,53.66,14.968,1.3088,0.011437
238600000000000007,238500000000000004,2025-04-18,2250,26,849,2.6502,44.55,19.8018,1.7136,0.011556
238600000000000001,238500000000000001,2025-04-19,7540,112,2762,2.7299,93.56,12.4088,0.8354,0.014854
238600000000000002,238500000000000001,2025-04-19,6659,65,3561,1.87,80.83,12.1384,1.2435,0.009761
238600000000000003,238500000000000002,2025-04-19,3008,80,2060,1.4602,50.79,16.8861,0.6349,0.026596
238600000000000004,238500000000000002,2025-04-19,3774,126,2859,1.32,48.86,12.9463,0.3878,0.033386
238600000000000005,238500000000000003,2025-04-19,5350,93,1981,2.7007,74.74,13.97,0.8036,0.017383
238600000000000006,238500000000000004,2025-04-19,4593,50,2380,1.9298,83.51,18.1824,1.6702,0.010886
238600000000000007,238500000000000004,2025-04-19,4953,62,2489,1.99,65.97,13.3186,1.064,0.012518
238600000000000002,238500000000000001,2025-04-20,4683,64,2027,2.3103,58.27,12.4432,0.9105,0.013666
238600000000000003,238500000000000002,2025-04-20,2342,60,864,2.7106,34.51,14.7372,0.5752,0.025619
238600000000000004,238500000000000002,2025-04-20,2598,87,1319,1.9697,38.71,14.9007,0.445,0.033487
238600000000000005,238500000000000003,2025-04-20,4223,68,1446,2.9205,54.92,13.005,0.8076,0.016102
238600000000000006,238500000000000004,2025-04-20,2761,28,1290,2.1403,55.15,19.9755,1.9697,0.010141
238600000000000007,238500000000000004,2025-04-20,3424,42,2784,1.2299,54.69,15.9719,1.3021,0.012266
238600000000000001,238500000000000001,2025-04-21,8775,78,4594,1.9101,92.53,10.5446,1.1863,0.008889
238600000000000002,238500000000000001,2025-04-21,11528,128,6625,1.7401,92.43,8.0179,0.7221,0.011103
238600000000000003,238500000000000002,2025-04-21,4795,102,3307,1.45,56.65,11.8147,0.5554,0.021272
238600000000000004,238500000000000002,2025-04-21,2868,81,1147,2.5004,49.04,17.0989,0.6054,0.028243
238600000000000005,238500000000000003,2025-04-21,5958,117,2135,2.7906,79.27,13.3045,0.6775,0.019637
238600000000000006,238500000000000004,2025-04-21,5072,67,3001,1.6901,86.11,16.9767,1.2852,0.01321
238600000000000007,238500000000000004,2025-04-21,3948,62,2668,1.4798,72.43,18.3462,1.1682,0.015704
238600000000000001,238500000000000001,2025-04-22,6707,84,2512,2.67,55.43,8.2647,0.6599,0.012524
238600000000000002,238500000000000001,2025-04-22,5810,71,4685,1.2401,60.68,10.4434,0.8546,0.01222
238600000000000003,238500000000000002,2025-04-22,1991,47,1508,1.3203,31.04,15.5908,0.6605,0.023606
238600000000000004,238500000000000002,2025-04-22,2645,70,2186,1.21,35.31,13.3481,0.5044,0.026465
238600000000000005,238500000000000003,2025-04-22,5194,80,3847,1.3501,49.76,9.5803,0.622,0.015402
238600000000000006,238500000000000004,2025-04-22,4810,74,1659,2.8993,55.3,11.4964,0.7473,0.015385
238600000000000001,238500000000000001,2025-04-23,7777,91,3703,2.1002,63.32,8.1414,0.6958,0.011701
238600000000000002,238500000000000001,2025-04-23,6121,76,2118,2.89,54.19,8.8539,0.7131,0.012416
238600000000000003,238500000000000002,2025-04-23,2034,60,881,2.3087,30.01,14.7561,0.5002,0.029499
238600000000000005,238500000000000003,2025-04-23,5478,67,2753,1.9898,50.36,9.1934,0.7517,0.012231
238600000000000006,238500000000000004,2025-04-23,2596,41,1060,2.4491,50.04,19.2748,1.2204,0.015794
238600000000000007,238500000000000004,2025-04-23,3002,33,1516,1.9802,50.69,16.884,1.5359,0.010993
238600000000000001,238500000000000001,2025-04-24,7974,89,3379,2.3599,70.35,8.8219,0.7904,0.011161
238600000000000002,238500000000000001,2025-04-24,5368,57,2886,1.86,69.72,12.9887,1.2232,0.010618
238600000000000003,238500000000000002,2025-04-24,2151,72,1630,1.3196,34.39,15.9862,0.4776,0.033473
238600000000000004,238500000000000002,2025-04-24,4311,141,1562,2.7599,45.65,10.5899,0.3238,0.032707
238600000000000005,238500000000000003,2025-04-24,5535,91,4225,1.3101,60.03,10.8454,0.6597,0.016441
238600000000000006,238500000000000004,2025-04-24,2972,35,1389,2.1397,57.42,19.3219,1.6407,0.011777
238600000000000007,238500000000000004,2025-04-24,3455,49,1781,1.9399,62.63,18.1286,1.2783,0.014182
238600000000000001,238500000000000001,2025-04-25,6488,70,4537,1.43,60.1,9.263,0.8585,0.010789
238600000000000002,238500000000000001,2025-04-25,5686,51,2195,2.5904,67.88,11.9373,1.3309,0.008969
238600000000000003,238500000000000002,2025-04-25,2436,81,1212,2.0099,37.46,15.3793,0.4625,0.033251
238600000000000004,238500000000000002,2025-04-25,2086,45,790,2.6405,35.66,17.0969,0.7925,0.021572
238600000000000005,238500000000000003,2025-04-25,4526,70,1550,2.92,54.85,12.118,0.7835,0.015466
238600000000000006,238500000000000004,2025-04-25,3701,60,2127,1.74,50.55,13.6597,0.8426,0.016212
238600000000000007,238500000000000004,2025-04-25,4730,59,3032,1.56,59.14,12.5027,1.0023,0.012474
238600000000000001,238500000000000001,2025-04-26,5944,53,2957,2.0101,63.46,10.6761,1.1973,0.008917
238600000000000002,238500000000000001,2025-04-26,6053,50,2501,2.4202,56.48,9.3316,1.1297,0.00826
238600000000000003,238500000000000002,2025-04-26,1955,61,660,2.9621,33.84,17.3117,0.5548,0.031202
238600000000000004,238500000000000002,2025-04-26,2327,50,1492,1.5597,34.69,14.9095,0.6939,0.021487
238600000000000005,238500000000000003,2025-04-26,3671,51,2532,1.4498,51.4,14.0028,1.0079,0.013893
238600000000000006,238500000000000004,2025-04-26,2602,41,1746,1.4903,46.5,17.8703,1.1341,0.015757
238600000000000007,238500000000000004,2025-04-26,3993,57,2170,1.8401,56.31,14.1021,0.9879,0.014275
238600000000000001,238500000000000001,2025-04-27,4596,38,2080,2.2096,62.02,13.4954,1.6322,0.008268
238600000000000002,238500000000000001,2025-04-27,5592,83,3177,1.7602,68.88,12.318,0.8299,0.014843
238600000000000003,238500000000000002,2025-04-27,2656,61,2142,1.24,42.28,15.9184,0.6931,0.022967
238600000000000004,238500000000000002,2025-04-27,1860,41,798,2.3308,32.52,17.4864,0.7933,0.022043
238600000000000005,238500000000000003,2025-04-27,4797,72,2838,1.6903,56.1,11.6954,0.7792,0.015009
238600000000000006,238500000000000004,2025-04-27,3366,50,1753,1.9201,56.3,16.7252,1.1259,0.014854
238600000000000007,238500000000000004,2025-04-27,4652,68,2448,1.9003,55.91,12.0183,0.8222,0.014617
238600000000000001,238500000000000001,2025-04-28,8805,83,3453,2.55,79.6,9.0403,0.959,0.009426
238600000000000002,238500000000000001,2025-04-28,8716,82,5009,1.7401,70.6,8.1003,0.861,0.009408
238600000000000003,238500000000000002,2025-04-28,2184,69,1583,1.3797,38.73,17.7334,0.5613,0.031593
238600000000000004,238500000000000002,2025-04-28,3506,93,1762,1.9898,47.1,13.4341,0.5064,0.026526
238600000000000005,238500000000000003,2025-04-28,4359,59,1568,2.78,64.37,14.7677,1.0911,0.013535
238600000000000006,238500000000000004,2025-04-28,4136,50,1603,2.5802,58.99,14.2618,1.1797,0.012089
238600000000000007,238500000000000004,2025-04-28,5067,88,2077,2.4396,69.76,13.767,0.7927,0.017367
238600000000000001,238500000000000001,2025-04-29,4877,65,1854,2.6305,59.01,12.1004,0.9079,0.013328
238600000000000002,238500000000000001,2025-04-29,5507,79,3298,1.6698,67.45,12.2475,0.8538,0.014345
238600000000000003,238500000000000002,2025-04-29,2282,76,782,2.9182,35.75,15.6666,0.4704,0.033304
238600000000000004,238500000000000002,2025-04-29,3412,85,1157,2.949,36.51,10.701,0.4296,0.024912
238600000000000005,238500000000000003,2025-04-29,3766,65,1255,3.0008,54.2,14.3912,0.8338,0.01726
238600000000000006,238500000000000004,2025-04-29,4278,56,2288,1.8698,59.22,13.8421,1.0574,0.01309
238600000000000007,238500000000000004,2025-04-29,3477,43,2449,1.4198,49.18,14.1439,1.1437,0.012367
238600000000000001,238500000000000001,2025-04-30,7395,107,4865,1.52,101.39,13.7105,0.9476,0.014469
238600000000000002,238500000000000001,2025-04-30,8336,74,6221,1.34,79.04,9.4812,1.068,0.008877
238600000000000003,238500000000000002,2025-04-30,3459,72,1870,1.8497,53.76,15.5412,0.7466,0.020815
238600000000000004,238500000000000002,2025-04-30,2982,94,2100,1.42,49.34,16.5468,0.5249,0.031522
238600000000000006,238500000000000004,2025-04-30,4786,50,1645,2.9094,64.71,13.5209,1.2942,0.010447
238600000000000007,238500000000000004,2025-04-30,6169,80,2539,2.4297,89.94,14.5791,1.1242,0.012968
238600000000000001,238500000000000001,2025-05-01,6872,94,2851,2.4104,86.24,12.55,0.9175,0.013679
238600000000000002,238500000000000001,2025-05-01,5225,50,3958,1.3201,66.44,12.7164,1.3289,0.009569
238600000000000003,238500000000000002,2025-05-01,3007,81,2133,1.4098,41.13,13.6793,0.5078,0.026937
238600000000000004,238500000000000002,2025-05-01,2851,80,1273,2.2396,46.12,16.1755,0.5765,0.02806
238600000000000005,238500000000000003,2025-05-01,5872,95,2488,2.3601,65.44,11.144,0.6888,0.016178
238600000000000006,238500000000000004,2025-05-01,6549,66,4198,1.56,74.57,11.3865,1.1298,0.010078
238600000000000007,238500000000000004,2025-05-01,3427,56,1303,2.6301,56.3,16.4298,1.0054,0.016341
238600000000000001,238500000000000001,2025-05-02,7379,93,2501,2.9504,90.11,12.2121,0.969,0.012603
238600000000000002,238500000000000001,2025-05-02,9223,87,5989,1.54,96.92,10.5084,1.114,0.009433
238600000000000003,238500000000000002,2025-05-02,3997,134,2137,1.8704,55.04,13.7694,0.4107,0.033525
238600000000000004,238500000000000002,2025-05-02,4367,104,1560,2.7994,51.84,11.8706,0.4985,0.023815
238600000000000005,238500000000000003,2025-05-02,5911,117,2134,2.7699,80.16,13.5606,0.6851,0.019794
238600000000000006,238500000000000004,2025-05-02,6231,102,2885,2.1598,72.44,11.6251,0.7102,0.01637
238600000000000007,238500000000000004,2025-05-02,4625,55,1745,2.6504,87.88,19.0004,1.5978,0.011892
238600000000000002,238500000000000001,2025-05-03,5686,62,3842,1.48,76.38,13.4335,1.232,0.010904
238600000000000004,238500000000000002,2025-05-03,2882,82,1757,1.6403,43.24,15.0036,0.5273,0.028452
238600000000000005,238500000000000003,2025-05-03,4752,92,2190,2.1699,64.72,13.62,0.7035,0.01936
238600000000000006,238500000000000004,2025-05-03,3498,41,2776,1.2601,67.6,19.3241,1.6487,0.011721
238600000000000007,238500000000000004,2025-05-03,4254,70,1462,2.9097,61.85,14.5389,0.8835,0.016455
238600000000000001,238500000000000001,2025-05-04,4529,48,1573,2.8792,61.02,13.4739,1.2713,0.010598
238600000000000002,238500000000000001,2025-05-04,4854,65,1881,2.5805,61.96,12.7641,0.9532,0.013391
238600000000000003,238500000000000002,2025-05-04,2670,90,921,2.899,34.73,13.0058,0.3858,0.033708
238600000000000004,238500000000000002,2025-05-04,2342,71,1748,1.3398,35.55,15.1788,0.5007,0.030316
238600000000000005,238500000000000003,2025-05-04,4624,61,1669,2.7705,52.71,11.3983,0.864,0.013192
238600000000000006,238500000000000004,2025-05-04,4190,66,2253,1.8597,46.65,11.1335,0.7068,0.015752
238600000000000007,238500000000000004,2025-05-04,4457,63,2017,2.2097,58.76,13.1842,0.9327,0.014135
238600000000000001,238500000000000001,2025-05-05,3603,30,2730,1.3198,45.0,12.4904,1.5001,0.008326
238600000000000002,238500000000000001,2025-05-05,7263,75,3706,1.9598,60.18,8.2863,0.8024,0.010326
238600000000000003,238500000000000002,2025-05-05,2752,86,1001,2.7493,35.68,12.966,0.4149,0.03125
238600000000000004,238500000000000002,2025-05-05,1981,62,777,2.5495,24.42,12.3289,0.3939,0.031297
238600000000000005,238500000000000003,2025-05-05,4602,71,2161,2.1296,45.08,9.7957,0.6349,0.015428
238600000000000006,238500000000000004,2025-05-05,3513,46,1336,2.6295,47.26,13.454,1.0275,0.013094
238600000000000007,238500000000000004,2025-05-05,3007,54,1135,2.6493,42.9,14.2652,0.7944,0.017958
238600000000000001,238500000000000001,2025-05-06,4959,57,2883,1.7201,58.36,11.7693,1.0239,0.011494
238600000000000002,238500000000000001,2025-05-06,7676,72,3473,2.2102,69.38,9.0391,0.9637,0.00938
238600000000000003,238500000000000002,2025-05-06,2992,88,1028,2.9105,32.75,10.9466,0.3722,0.029412
238600000000000004,238500000000000002,2025-05-06,3492,83,2224,1.5701,40.25,11.5254,0.4849,0.023769
238600000000000005,238500000000000003,2025-05-06,5973,87,2352,2.5395,54.75,9.1661,0.6293,0.014566
238600000000000006,238500000000000004,2025-05-06,2917,31,1612,1.8096,56.31,19.3051,1.8165,0.010627
238600000000000001,238500000000000001,2025-05-07,5898,73,1979,2.9803,51.35,8.7059,0.7034,0.012377
238600000000000002,238500000000000001,2025-05-07,3920,45,1463,2.6794,51.81,13.2181,1.1514,0.01148
238600000000000003,238500000000000002,2025-05-07,3355,116,1747,1.9204,34.37,10.2441,0.2963,0.034575
238600000000000004,238500000000000002,2025-05-07,1516,37,559,2.712,24.58,16.2143,0.6643,0.024406
238600000000000005,238500000000000003,2025-05-07,4875,89,3638,1.34,44.21,9.0692,0.4968,0.018256
238600000000000006,238500000000000004,2025-05-07,2352,37,1018,2.3104,42.34,18.0033,1.1444,0.015731
238600000000000007,238500000000000004,2025-05-07,3591,45,2720,1.3202,46.08,12.8324,1.024,0.012531
238600000000000001,238500000000000001,2025-05-08,7256,101,4564,1.5898,71.19,9.8115,0.7049,0.01392
238600000000000002,238500000000000001,2025-05-08,6414,71,2251,2.8494,84.17,13.1229,1.1855,0.01107
238600000000000003,238500000000000002,2025-05-08,3093,74,1257,2.4606,45.46,14.6981,0.6143,0.023925
238600000000000004,238500000000000002,2025-05-08,3071,73,1146,2.6798,43.32,14.1053,0.5934,0.023771
238600000000000005,238500000000000003,2025-05-08,5159,68,2080,2.4803,66.58,12.9064,0.9792,0.013181
238600000000000006,238500000000000004,2025-05-08,4790,85,1808,2.6493,74.14,15.478,0.8722,0.017745
238600000000000007,238500000000000004,2025-05-08,3959,56,1379,2.8709,59.03,14.9099,1.0541,0.014145
238600000000000001,238500000000000001,2025-05-09,4611,47,1596,2.8891,63.93,13.8642,1.3602,0.010193
238600000000000002,238500000000000001,2025-05-09,7215,97,3719,1.94,59.94,8.3076,0.6179,0.013444
238600000000000003,238500000000000002,2025-05-09,3013,95,1240,2.4298,34.93,11.5926,0.3677,0.03153
238600000000000004,238500000000000002,2025-05-09,2347,74,1262,1.8597,35.85,15.2761,0.4845,0.03153
238600000000000005,238500000000000003,2025-05-09,3567,46,1331,2.6799,53.09,14.8826,1.154,0.012896
238600000000000006,238500000000000004,2025-05-09,4643,63,3544,1.3101,51.81,11.1577,0.8223,0.013569
238600000000000007,238500000000000004,2025-05-09,2737,41,1021,2.6807,54.37,19.8636,1.326,0.01498
238600000000000001,238500000000000001,2025-05-10,5128,74,2454,2.0896,67.06,13.0766,0.9062,0.014431
238600000000000002,238500000000000001,2025-05-10,5126,57,2018,2.5401,60.83,11.8675,1.0672,0.01112
238600000000000003,238500000000000002,2025-05-10,2178,56,935,2.3294,35.96,16.5122,0.6422,0.025712
238600000000000004,238500000000000002,2025-05-10,2292,55,967,2.3702,37.12,16.1938,0.6748,0.023997
238600000000000005,238500000000000003,2025-05-10,3975,74,2799,1.4202,54.81,13.7887,0.7407,0.018616
238600000000000006,238500000000000004,2025-05-10,2568,30,1284,2.0,46.28,18.0224,1.5427,0.011682
238600000000000007,238500000000000004,2025-05-10,5188,77,4288,1.2099,63.34,12.2086,0.8226,0.014842
238600000000000001,238500000000000001,2025-05-11,3716,51,1327,2.8003,44.9,12.0833,0.8804,0.013724
238600000000000002,238500000000000001,2025-05-11,4340,42,1729,2.5101,44.7,10.3003,1.0644,0.009677
238600000000000003,238500000000000002,2025-05-11,1887,52,655,2.8809,28.28,14.9881,0.5439,0.027557
238600000000000004,238500000000000002,2025-05-11,1839,41,1063,1.73,22.92,12.4634,0.559,0.022295
238600000000000005,238500000000000003,2025-05-11,2724,45,1005,2.7104,38.4,14.0977,0.8534,0.01652
238600000000000006,238500000000000004,2025-05-11,2748,42,2234,1.2301,31.88,11.6021,0.7591,0.015284
238600000000000007,238500000000000004,2025-05-11,2918,42,1314,2.2207,44.92,15.3947,1.0696,0.014393
238600000000000001,238500000000000001,2025-05-12,5894,63,1991,2.9603,55.22,9.3696,0.8766,0.010689
238600000000000002,238500000000000001,2025-05-12,5230,71,1749,2.9903,67.91,12.9854,0.9565,0.013576
238600000000000003,238500000000000002,2025-05-12,2585,65,1361,1.8993,39.21,15.1698,0.6033,0.025145
238600000000000004,238500000000000002,2025-05-12,2276,76,1711,1.3302,31.15,13.6867,0.4099,0.033392
238600000000000005,238500000000000003,2025-05-12,4160,70,1491,2.7901,52.77,12.686,0.7539,0.016827
238600000000000006,238500000000000004,2025-05-12,4235,44,1899,2.2301,56.52,13.3467,1.2846,0.01039
238600000000000007,238500000000000004,2025-05-12,3364,40,1799,1.8699,49.02,14.5731,1.2256,0.011891
238600000000000001,238500000000000001,2025-05-13,5925,72,3823,1.5498,52.78,8.9082,0.7331,0.012152
238600000000000002,238500000000000001,2025-05-13,6043,65,3753,1.6102,60.32,9.9812,0.9279,0.010756
238600000000000003,238500000000000002,2025-05-13,2587,66,2005,1.2903,33.84,13.082,0.5128,0.025512
238600000000000004,238500000000000002,2025-05-13,1928,46,669,2.8819,30.78,15.9668,0.6692,0.023859
238600000000000005,238500000000000003,2025-05-13,3984,55,1449,2.7495,48.47,12.1663,0.8813,0.013805
238600000000000006,238500000000000004,2025-05-13,3959,49,1867,2.1205,48.7,12.3011,0.9939,0.012377
238600000000000007,238500000000000004,2025-05-13,3612,49,1456,2.4808,48.24,13.3557,0.9845,0.013566
238600000000000001,238500000000000001,2025-05-14,7192,69,2877,2.4998,61.19,8.5084,0.8869,0.009594
238600000000000002,238500000000000001,2025-05-14,6570,65,2205,2.9796,61.24,9.321,0.9421,0.009893
238600000000000003,238500000000000002,2025-05-14,2753,67,1886,1.4597,37.08,13.4687,0.5534,0.024337
238600000000000004,238500000000000002,2025-05-14,2191,61,987,2.2199,32.88,15.0075,0.539,0.027841
238600000000000005,238500000000000003,2025-05-14,3585,72,1897,1.8898,52.47,14.6362,0.7288,0.020084
238600000000000006,238500000000000004,2025-05-14,2349,40,1135,2.0696,46.82,19.9328,1.1706,0.017029
238600000000000007,238500000000000004,2025-05-14,4097,60,3358,1.2201,58.12,14.1858,0.9687,0.014645
238600000000000001,238500000000000001,2025-05-15,8369,111,4452,1.8798,69.02,8.247,0.6218,0.013263
238600000000000002,238500000000000001,2025-05-15,5491,57,4008,1.37,63.62,11.5866,1.1162,0.010381
238600000000000003,238500000000000002,2025-05-15,2449,85,1788,1.3697,32.79,13.3881,0.3857,0.034708
238600000000000004,238500000000000002,2025-05-15,3612,79,1570,2.3006,43.01,11.9068,0.5444,0.021872
238600000000000005,238500000000000003,2025-05-15,5996,101,2157,2.7798,56.85,9.4807,0.5628,0.016845
238600000000000006,238500000000000004,2025-05-15,3617,42,2477,1.4602,52.93,14.634,1.2603,0.011612
238600000000000007,238500000000000004,2025-05-15,3813,62,2783,1.3701,60.76,15.9352,0.98,0.01626
238600000000000001,238500000000000001,2025-05-16,6067,77,3611,1.6801,58.49,9.6402,0.7596,0.012692
238600000000000002,238500000000000001,2025-05-16,4688,65,2211,2.1203,56.52,12.0558,0.8695,0.013865
238600000000000003,238500000000000002,2025-05-16,2144,46,936,2.2906,33.26,15.5117,0.723,0.021455
238600000000000004,238500000000000002,2025-05-16,2592,59,1122,2.3102,32.46,12.5232,0.5502,0.022762
238600000000000005,238500000000000003,2025-05-16,3611,44,1299,2.7798,49.29,13.6494,1.1202,0.012185
238600000000000006,238500000000000004,2025-05-16,3842,63,1980,1.9404,55.53,14.4531,0.8814,0.016398
238600000000000007,238500000000000004,2025-05-16,2762,43,1105,2.4995,43.05,15.5855,1.0011,0.015568
238600000000000001,238500000000000001,2025-05-17,5927,73,3899,1.5201,60.67,10.2356,0.831,0.012317
238600000000000002,238500000000000001,2025-05-17,6651,55,2367,2.8099,64.05,9.6303,1.1646,0.008269
238600000000000003,238500000000000002,2025-05-17,2570,65,1084,2.3708,30.87,12.0129,0.475,0.025292
238600000000000004,238500000000000002,2025-05-17,3622,113,2307,1.57,40.39,11.1524,0.3575,0.031198
238600000000000005,238500000000000003,2025-05-17,4312,63,2875,1.4998,53.45,12.3958,0.8484,0.01461
238600000000000006,238500000000000004,2025-05-17,3732,60,1435,2.6007,49.25,13.1961,0.8208,0.016077
238600000000000007,238500000000000004,2025-05-17,5162,82,1768,2.9197,57.65,11.1687,0.7031,0.015885
238600000000000001,238500000000000001,2025-05-18,4358,46,2724,1.5999,54.22,12.4416,1.1787,0.010555
238600000000000002,238500000000000001,2025-05-18,4572,44,1937,2.3604,51.03,11.1606,1.1597,0.009624
238600000000000003,238500000000000002,2025-05-18,2539,77,984,2.5803,31.39,12.3624,0.4076,0.030327
238600000000000004,238500000000000002,2025-05-18,2703,55,1987,1.3603,28.75,10.6375,0.5228,0.020348
238600000000000005,238500000000000003,2025-05-18,4559,65,1982,2.3002,45.11,9.8938,0.6939,0.014258
238600000000000006,238500000000000004,2025-05-18,3673,58,1275,2.8808,45.86,12.4861,0.7907,0.015791
238600000000000007,238500000000000004,2025-05-18,2783,39,1141,2.4391,44.35,15.9361,1.1372,0.014014
238600000000000001,238500000000000001,2025-05-19,7050,89,2374,2.9697,60.71,8.6117,0.6822,0.012624
238600000000000002,238500000000000001,2025-05-19,4610,65,2013,2.2901,58.59,12.7094,0.9014,0.0141
238600000000000003,238500000000000002,2025-05-19,2312,47,1257,1.8393,36.96,15.9844,0.7863,0.020329
238600000000000004,238500000000000002,2025-05-19,2217,61,947,2.3411,31.22,14.0808,0.5118,0.027515
238600000000000005,238500000000000003,2025-05-19,3500,44,2000,1.75,51.13,14.6085,1.162,0.012571
238600000000000006,238500000000000004,2025-05-19,3244,47,1392,2.3305,44.03,13.5724,0.9368,0.014488
238600000000000007,238500000000000004,2025-05-19,4126,57,1500,2.7507,58.23,14.1131,1.0216,0.013815
238600000000000001,238500000000000001,2025-05-20,6381,88,2786,2.2904,70.24,11.0077,0.7982,0.013791
238600000000000002,238500000000000001,2025-05-20,5749,75,4599,1.2501,56.79,9.8789,0.7572,0.013046
238600000000000003,238500000000000002,2025-05-20,2069,64,1254,1.6499,36.08,17.4386,0.5638,0.030933
238600000000000004,238500000000000002,2025-05-20,2404,79,914,2.6302,36.51,15.1873,0.4622,0.032862
238600000000000005,238500000000000003,2025-05-20,5430,67,1816,2.9901,54.44,10.0263,0.8126,0.012339
238600000000000006,238500000000000004,2025-05-20,2477,25,857,2.8903,47.92,19.3467,1.9169,0.010093
238600000000000007,238500000000000004,2025-05-20,4050,61,1640,2.4695,60.96,15.0529,0.9994,0.015062
238600000000000002,238500000000000001,2025-05-21,5461,45,4106,1.33,73.84,13.5219,1.641,0.00824
238600000000000003,238500000000000002,2025-05-21,3734,80,2766,1.35,40.94,10.9645,0.5118,0.021425
238600000000000004,238500000000000002,2025-05-21,3039,62,1251,2.4293,36.85,12.1266,0.5944,0.020401
238600000000000006,238500000000000004,2025-05-21,2792,49,990,2.8202,51.91,18.5913,1.0593,0.01755
238600000000000007,238500000000000004,2025-05-21,5484,70,3731,1.4698,64.78,11.8134,0.9255,0.012764
238600000000000001,238500000000000001,2025-05-22,6315,61,2710,2.3303,54.73,8.6671,0.8973,0.00966
238600000000000002,238500000000000001,2025-05-22,4903,71,1673,2.9307,68.52,13.9753,0.9651,0.014481
238600000000000003,238500000000000002,2025-05-22,2409,69,1115,2.1605,38.59,16.0195,0.5593,0.028643
238600000000000004,238500000000000002,2025-05-22,1980,44,1424,1.3904,31.84,16.0806,0.7236,0.022222
238600000000000005,238500000000000003,2025-05-22,5425,105,4521,1.2,52.82,9.737,0.5031,0.019355
238600000000000006,238500000000000004,2025-05-22,3004,45,1187,2.5307,49.7,16.5431,1.1043,0.01498
238600000000000007,238500000000000004,2025-05-22,3214,36,1296,2.4799,55.95,17.4084,1.5542,0.011201
238600000000000001,238500000000000001,2025-05-23,6498,67,3651,1.7798,59.58,9.1685,0.8892,0.010311
238600000000000002,238500000000000001,2025-05-23,3474,31,1441,2.4108,45.31,13.0439,1.4618,0.008923
238600000000000003,238500000000000002,2025-05-23,2105,52,1210,1.7397,30.55,14.511,0.5874,0.024703
238600000000000004,238500000000000002,2025-05-23,2104,57,1606,1.3101,29.39,13.9696,0.5157,0.027091
238600000000000005,238500000000000003,2025-05-23,4036,76,1478,2.7307,44.95,11.1381,0.5915,0.018831
238600000000000006,238500000000000004,2025-05-23,2090,27,733,2.8513,39.46,18.8799,1.4614,0.012919
238600000000000007,238500000000000004,2025-05-23,4368,58,1680,2.6,50.45,11.5494,0.8698,0.013278
238600000000000001,238500000000000001,2025-05-24,7585,110,2975,2.5496,71.42,9.4157,0.6493,0.014502
238600000000000002,238500000000000001,2025-05-24,3960,45,1529,2.5899,55.13,13.9206,1.225,0.011364
238600000000000003,238500000000000002,2025-05-24,2714,88,1121,2.4211,39.37,14.5074,0.4474,0.032424
238600000000000004,238500000000000002,2025-05-24,2729,70,2083,1.3101,32.94,12.0694,0.4705,0.02565
238600000000000005,238500000000000003,2025-05-24,4051,73,2166,1.8703,54.23,13.3875,0.7429,0.01802
238600000000000006,238500000000000004,2025-05-24,2620,47,1638,1.5995,51.0,19.4673,1.0852,0.017939
238600000000000007,238500000000000004,2025-05-24,2884,43,1001,2.8811,57.46,19.9242,1.3363,0.01491
238600000000000001,238500000000000001,2025-05-25,4629,48,3354,1.3801,61.08,13.195,1.2725,0.010369
238600000000000002,238500000000000001,2025-05-25,6441,81,3789,1.6999,65.53,10.1735,0.809,0.012576
238600000000000003,238500000000000002,2025-05-25,2137,45,1102,1.9392,32.13,15.0336,0.7139,0.021058
238600000000000004,238500000000000002,2025-05-25,2472,82,1405,1.7594,40.22,16.2704,0.4905,0.033172
238600000000000005,238500000000000003,2025-05-25,4715,78,1759,2.6805,54.26,11.508,0.6956,0.016543
238600000000000006,238500000000000004,2025-05-25,4215,43,3242,1.3001,60.84,14.4347,1.4149,0.010202
238600000000000007,238500000000000004,2025-05-25,3488,40,1406,2.4808,47.68,13.6693,1.192,0.011468
238600000000000001,238500000000000001,2025-05-26,7164,72,3036,2.3597,66.39,9.2678,0.9221,0.01005
238600000000000002,238500000000000001,2025-05-26,3988,44,1494,2.6693,47.71,11.9642,1.0844,0.011033
238600000000000003,238500000000000002,2025-05-26,2897,88,1501,1.93,31.91,11.0139,0.3626,0.030376
238600000000000004,238500000000000002,2025-05-26,2384,81,950,2.5095,33.3,13.9669,0.4111,0.033977
238600000000000005,238500000000000003,2025-05-26,4642,59,2200,2.11,48.9,10.535,0.8289,0.01271
238600000000000006,238500000000000004,2025-05-26,2801,46,1429,1.9601,54.53,19.4696,1.1855,0.016423
238600000000000007,238500000000000004,2025-05-26,2239,24,899,2.4905,43.27,19.3266,1.803,0.010719
238600000000000001,238500000000000001,2025-05-27,6340,73,4529,1.3999,67.35,10.6228,0.9226,0.011514
238600000000000002,238500000000000001,2025-05-27,4518,61,2627,1.7198,61.63,13.6405,1.0103,0.013502
238600000000000003,238500000000000002,2025-05-27,2480,60,2050,1.2098,34.86,14.0572,0.581,0.024194
238600000000000004,238500000000000002,2025-05-27,2290,66,1709,1.34,38.84,16.9602,0.5885,0.028821
238600000000000005,238500000000000003,2025-05-27,4399,69,3211,1.37,55.28,12.5655,0.8011,0.015685
238600000000000006,238500000000000004,2025-05-27,2984,52,1005,2.9692,45.53,15.2571,0.8755,0.017426
238600000000000007,238500000000000004,2025-05-27,3256,39,1620,2.0099,65.02,19.9704,1.6673,0.011978
238600000000000001,238500000000000001,2025-05-28,4588,61,2535,1.8099,59.95,13.0668,0.9828,0.013296
238600000000000002,238500000000000001,2025-05-28,4952,74,3057,1.6199,60.54,12.2256,0.8181,0.014943
238600000000000003,238500000000000002,2025-05-28,3382,81,1490,2.2698,35.64,10.5371,0.44,0.02395
238600000000000004,238500000000000002,2025-05-28,2729,93,2201,1.2399,33.22,12.1714,0.3572,0.034078
238600000000000005,238500000000000003,2025-05-28,4571,66,1681,2.7192,51.64,11.2971,0.7824,0.014439
238600000000000006,238500000000000004,2025-05-28,2562,43,883,2.9015,44.83,17.4975,1.0425,0.016784
238600000000000007,238500000000000004,2025-05-28,4554,54,1844,2.4696,58.45,12.8348,1.0824,0.011858
238600000000000001,238500000000000001,2025-05-29,3654,50,1774,2.0598,36.98,10.1215,0.7397,0.013684
238600000000000002,238500000000000001,2025-05-29,3391,50,1474,2.3005,36.56,10.7808,0.7312,0.014745
238600000000000003,238500000000000002,2025-05-29,1980,63,1119,1.7694,21.77,10.995,0.3456,0.031818
238600000000000004,238500000000000002,2025-05-29,1221,35,698,1.7493,20.25,16.5878,0.5787,0.028665
238600000000000005,238500000000000003,2025-05-29,2803,36,1374,2.04,31.52,11.2443,0.8755,0.012843
238600000000000006,238500000000000004,2025-05-29,1839,22,1108,1.6597,32.33,17.5788,1.4694,0.011963
238600000000000007,238500000000000004,2025-05-29,1710,20,799,2.1402,30.71,17.9581,1.5354,0.011696
238600000000000001,238500000000000001,2025-05-30,5513,56,2638,2.0898,52.35,9.4956,0.9348,0.010158
238600000000000002,238500000000000001,2025-05-30,6620,74,4597,1.4401,62.19,9.3946,0.8404,0.011178
238600000000000003,238500000000000002,2025-05-30,2303,78,1193,1.9304,32.13,13.9527,0.412,0.033869
238600000000000004,238500000000000002,2025-05-30,2185,46,743,2.9408,33.32,15.2489,0.7243,0.021053
238600000000000005,238500000000000003,2025-05-30,4511,90,1709,2.6396,49.09,10.8821,0.5454,0.019951
238600000000000007,238500000000000004,2025-05-30,3481,61,1164,2.9905,46.65,13.4,0.7647,0.017524
238600000000000001,238500000000000001,2025-05-31,3795,39,2711,1.3999,50.26,13.2448,1.2888,0.010277
238600000000000002,238500000000000001,2025-05-31,3979,34,1672,2.3798,43.58,10.9522,1.2817,0.008545
238600000000000003,238500000000000002,2025-05-31,1906,66,1513,1.2597,25.23,13.2365,0.3823,0.034627
238600000000000004,238500000000000002,2025-05-31,2005,61,673,2.9792,28.4,14.1625,0.4655,0.030424
238600000000000005,238500000000000003,2025-05-31,4340,64,1502,2.8895,40.22,9.2669,0.6284,0.014747
238600000000000006,238500000000000004,2025-05-31,2111,23,942,2.241,40.47,19.1726,1.7597,0.010895
238600000000000007,238500000000000004,2025-05-31,2471,29,969,2.5501,39.96,16.173,1.378,0.011736
238600000000000001,238500000000000001,2025-06-01,4267,62,2282,1.8699,39.49,9.2542,0.6369,0.01453
238600000000000002,238500000000000001,2025-06-01,4680,68,2438,1.9196,43.59,9.3143,0.641,0.01453
238600000000000003,238500000000000002,2025-06-01,2148,57,759,2.83,24.72,11.5097,0.4337,0.026536
238600000000000004,238500000000000002,2025-06-01,2019,47,1216,1.6604,22.75,11.2682,0.4841,0.023279
238600000000000005,238500000000000003,2025-06-01,3265,57,2134,1.53,35.61,10.9051,0.6247,0.017458
238600000000000006,238500000000000004,2025-06-01,3578,54,1460,2.4507,40.09,11.2041,0.7424,0.015092
238600000000000007,238500000000000004,2025-06-01,1808,24,800,2.26,31.12,17.2135,1.2967,0.013274
238600000000000001,238500000000000001,2025-06-02,4350,39,1521,2.86,43.11,9.9093,1.1053,0.008966
238600000000000004,238500000000000002,2025-06-02,1980,65,725,2.731,23.03,11.633,0.3544,0.032828
238600000000000005,238500000000000003,2025-06-02,2918,56,1211,2.4096,34.89,11.9561,0.623,0.019191
238600000000000006,238500000000000004,2025-06-02,1961,24,834,2.3513,37.16,18.9501,1.5484,0.012239
238600000000000007,238500000000000004,2025-06-02,1778,22,1078,1.6494,32.61,18.3436,1.4825,0.012373
238600000000000001,238500000000000001,2025-06-03,5102,69,2758,1.8499,57.14,11.1986,0.828,0.013524
238600000000000002,238500000000000001,2025-06-03,5646,68,2343,2.4097,59.74,10.5801,0.8785,0.012044
238600000000000003,238500000000000002,2025-06-03,2722,88,1328,2.0497,32.29,11.8614,0.3669,0.032329
238600000000000004,238500000000000002,2025-06-03,2029,67,697,2.911,34.5,17.0017,0.5149,0.033021
238600000000000005,238500000000000003,2025-06-03,3555,61,1616,2.1999,50.09,14.0893,0.8211,0.017159
238600000000000006,238500000000000004,2025-06-03,3224,53,1645,1.9599,51.21,15.8835,0.9662,0.016439
238600000000000007,238500000000000004,2025-06-03,2557,46,1065,2.4009,48.97,19.1498,1.0645,0.01799
238600000000000001,238500000000000001,2025-06-04,5372,79,2499,2.1497,57.68,10.737,0.7301,0.014706
238600000000000002,238500000000000001,2025-06-04,4974,51,1715,2.9003,56.25,11.3094,1.103,0.010253
238600000000000003,238500000000000002,2025-06-04,1847,55,1466,1.2599,30.93,16.7476,0.5624,0.029778
238600000000000004,238500000000000002,2025-06-04,3072,74,2148,1.4302,34.17,11.1234,0.4618,0.024089
238600000000000005,238500000000000003,2025-06-04,3950,56,1975,2.0,48.83,12.3615,0.8719,0.014177
238600000000000006,238500000000000004,2025-06-04,3013,41,1271,2.3706,45.9,15.2354,1.1196,0.013608
238600000000000007,238500000000000004,2025-06-04,3935,54,1674,2.3507,51.75,13.1517,0.9584,0.013723
238600000000000001,238500000000000001,2025-06-05,5473,63,2709,2.0203,51.33,9.3781,0.8147,0.011511
238600000000000002,238500000000000001,2025-06-05,5224,68,4081,1.2801,49.99,9.5698,0.7352,0.013017
238600000000000003,238500000000000002,2025-06-05,2487,81,1776,1.4003,32.82,13.1981,0.4052,0.032569
238600000000000004,238500000000000002,2025-06-05,2146,60,1774,1.2097,25.07,11.6836,0.4179,0.027959
238600000000000005,238500000000000003,2025-06-05,4473,58,2541,1.7603,43.42,9.7077,0.7487,0.012967
238600000000000006,238500000000000004,2025-06-05,2711,44,958,2.8299,50.09,18.4755,1.1383,0.01623
238600000000000007,238500000000000004,2025-06-05,3314,59,1331,2.4899,36.76,11.0917,0.623,0.017803
238600000000000001,238500000000000001,2025-06-06,5468,74,3375,1.6201,52.46,9.5938,0.7089,0.013533
238600000000000002,238500000000000001,2025-06-06,4963,65,1873,2.6498,63.85,12.8648,0.9823,0.013097
238600000000000003,238500000000000002,2025-06-06,2408,60,827,2.9117,30.41,12.6284,0.5068,0.024917
238600000000000004,238500000000000002,2025-06-06,2016,63,741,2.7206,36.05,17.8828,0.5723,0.03125
238600000000000005,238500000000000003,2025-06-06,4083,79,1485,2.7495,49.85,12.2081,0.631,0.019349
238600000000000006,238500000000000004,2025-06-06,3294,52,1238,2.6607,43.96,13.3465,0.8454,0.015786
238600000000000007,238500000000000004,2025-06-06,3575,57,1582,2.2598,55.73,15.5883,0.9777,0.015944
238600000000000001,238500000000000001,2025-06-07,3174,37,2145,1.4797,40.72,12.8288,1.1005,0.011657
238600000000000002,238500000000000001,2025-06-07,3052,44,1310,2.3298,42.62,13.9653,0.9687,0.014417
238600000000000003,238500000000000002,2025-06-07,1651,39,712,2.3188,25.19,15.2601,0.646,0.023622
238600000000000004,238500000000000002,2025-06-07,1913,40,1034,1.8501,22.43,11.7244,0.5607,0.02091
238600000000000005,238500000000000003,2025-06-07,2470,49,1205,2.0498,35.72,14.4605,0.7289,0.019838
238600000000000006,238500000000000004,2025-06-07,3536,51,2679,1.3199,39.58,11.1929,0.776,0.014423
238600000000000007,238500000000000004,2025-06-07,2476,28,1032,2.3992,31.86,12.8661,1.1377,0.011309
238600000000000001,238500000000000001,2025-06-08,6108,69,4558,1.3401,63.15,10.3391,0.9152,0.011297
238600000000000002,238500000000000001,2025-06-08,5337,65,2554,2.0897,69.79,13.0775,1.0738,0.012179
238600000000000003,238500000000000002,2025-06-08,3143,72,1442,2.1796,36.45,11.5966,0.5062,0.022908
238600000000000004,238500000000000002,2025-06-08,3167,68,1591,1.9906,39.52,12.479,0.5812,0.021471
238600000000000005,238500000000000003,2025-06-08,4899,66,1781,2.7507,56.98,11.6303,0.8633,0.013472
238600000000000006,238500000000000004,2025-06-08,3180,48,2149,1.4798,59.89,18.8334,1.2477,0.015094
238600000000000007,238500000000000004,2025-06-08,3638,41,2675,1.36,54.06,14.8608,1.3186,0.01127
238600000000000001,238500000000000001,2025-06-09,4774,56,3945,1.2101,39.83,8.3437,0.7113,0.01173
238600000000000002,238500000000000001,2025-06-09,4367,55,1850,2.3605,43.14,9.8783,0.7843,0.012594
238600000000000003,238500000000000002,2025-06-09,2178,51,889,2.4499,22.4,10.2846,0.4392,0.023416
238600000000000004,238500000000000002,2025-06-09,1959,56,1020,1.9206,25.01,12.768,0.4467,0.028586
238600000000000005,238500000000000003,2025-06-09,2833,42,1034,2.7398,35.56,12.5518,0.8466,0.014825
238600000000000006,238500000000000004,2025-06-09,1869,33,1206,1.5498,35.19,18.8256,1.0662,0.017657
238600000000000007,238500000000000004,2025-06-09,2076,34,772,2.6891,35.93,17.309,1.0569,0.016378
238600000000000001,238500000000000001,2025-06-10,4987,64,3238,1.5401,60.71,12.1737,0.9486,0.012833
238600000000000002,238500000000000001,2025-06-10,6253,53,3050,2.0502,55.92,8.9422,1.055,0.008476
238600000000000003,238500000000000002,2025-06-10,2440,63,881,2.7696,35.33,14.4801,0.5608,0.02582
238600000000000004,238500000000000002,2025-06-10,1765,43,810,2.179,31.31,17.7405,0.7282,0.024363
238600000000000005,238500000000000003,2025-06-10,3583,70,1621,2.2104,49.98,13.9499,0.714,0.019537
238600000000000006,238500000000000004,2025-06-10,4563,61,3236,1.4101,58.07,12.7259,0.9519,0.013368
238600000000000007,238500000000000004,2025-06-10,3258,45,1417,2.2992,41.9,12.8597,0.931,0.013812
238600000000000002,238500000000000001,2025-06-11,5414,50,2059,2.6294,52.84,9.7592,1.0567,0.009235
238600000000000003,238500000000000002,2025-06-11,1864,62,758,2.4591,23.2,12.449,0.3743,0.033262
238600000000000004,238500000000000002,2025-06-11,2466,58,1989,1.2398,32.21,13.0612,0.5553,0.02352
238600000000000005,238500000000000003,2025-06-11,3667,73,2072,1.7698,41.56,11.3336,0.5693,0.019907
238600000000000006,238500000000000004,2025-06-11,3161,33,1079,2.9296,48.99,15.4995,1.4847,0.01044
238600000000000007,238500000000000004,2025-06-11,1711,29,754,2.2692,34.13,19.9456,1.1768,0.016949
238600000000000001,238500000000000001,2025-06-12,4339,54,3528,1.2299,53.75,12.388,0.9954,0.012445
238600000000000002,238500000000000001,2025-06-12,6845,95,5348,1.2799,60.54,8.8449,0.6373,0.013879
238600000000000003,238500000000000002,2025-06-12,2545,74,1162,2.1902,34.63,13.6072,0.468,0.029077
238600000000000004,238500000000000002,2025-06-12,2901,61,1568,1.8501,30.68,10.576,0.503,0.021027
238600000000000005,238500000000000003,2025-06-12,3840,68,1670,2.2994,48.98,12.7561,0.7203,0.017708
238600000000000006,238500000000000004,2025-06-12,2836,30,1331,2.1307,54.47,19.2056,1.8156,0.010578
238600000000000007,238500000000000004,2025-06-12,2253,25,802,2.8092,43.5,19.3075,1.74,0.011096
238600000000000001,238500000000000001,2025-06-13,4062,42,2172,1.8702,54.82,13.4958,1.3052,0.01034
238600000000000002,238500000000000001,2025-06-13,5314,79,2518,2.1104,52.46,9.8718,0.664,0.014866
238600000000000003,238500000000000002,2025-06-13,1929,39,691,2.7916,32.52,16.8559,0.8337,0.020218
238600000000000004,238500000000000002,2025-06-13,2034,70,1263,1.6105,28.79,14.1528,0.4112,0.034415
238600000000000005,238500000000000003,2025-06-13,3116,55,1855,1.6798,45.98,14.755,0.8359,0.017651
238600000000000006,238500000000000004,2025-06-13,4073,63,1860,2.1898,45.53,11.178,0.7227,0.015468
238600000000000007,238500000000000004,2025-06-13,2695,35,1531,1.7603,46.42,17.2262,1.3264,0.012987
238600000000000001,238500000000000001,2025-06-14,5851,76,3927,1.4899,47.13,8.0542,0.6201,0.012989
238600000000000002,238500000000000001,2025-06-14,4341,48,2249,1.9302,59.98,13.8163,1.2495,0.011057
238600000000000003,238500000000000002,2025-06-14,2141,44,1081,1.9806,31.4,14.6642,0.7135,0.020551
238600000000000004,238500000000000002,2025-06-14,2535,56,845,3.0,29.8,11.7573,0.5322,0.022091
238600000000000005,238500000000000003,2025-06-14,3435,44,2419,1.42,45.9,13.3627,1.0432,0.012809
238600000000000006,238500000000000004,2025-06-14,2605,40,1350,1.9296,46.29,17.7683,1.1572,0.015355
238600000000000007,238500000000000004,2025-06-14,3129,47,1126,2.7789,45.51,14.5462,0.9684,0.015021
238600000000000001,238500000000000001,2025-06-15,4230,43,2518,1.6799,40.02,9.4621,0.9308,0.010165
238600000000000002,238500000000000001,2025-06-15,4894,56,2137,2.2901,57.39,11.7265,1.0248,0.011443
238600000000000003,238500000000000002,2025-06-15,1889,57,638,2.9608,25.71,13.6079,0.451,0.030175
238600000000000004,238500000000000002,2025-06-15,1726,35,702,2.4587,29.96,17.3579,0.856,0.020278
238600000000000005,238500000000000003,2025-06-15,3509,61,1258,2.7893,41.75,11.8976,0.6844,0.017384
238600000000000006,238500000000000004,2025-06-15,3385,46,2242,1.5098,40.68,12.018,0.8844,0.013589
238600000000000007,238500000000000004,2025-06-15,2542,46,862,2.949,42.82,16.8437,0.9308,0.018096
238600000000000001,238500000000000001,2025-06-16,6337,62,2419,2.6197,56.42,8.903,0.91,0.009784
238600000000000003,238500000000000002,2025-06-16,2820,86,1185,2.3797,29.71,10.5337,0.3454,0.030496
238600000000000004,238500000000000002,2025-06-16,2763,94,1075,2.5702,29.75,10.7688,0.3165,0.034021
238600000000000005,238500000000000003,2025-06-16,3040,54,1134,2.6808,44.59,14.6692,0.8258,0.017763
238600000000000006,238500000000000004,2025-06-16,2495,36,928,2.6886,47.12,18.8839,1.3088,0.014429
238600000000000007,238500000000000004,2025-06-16,2228,24,857,2.5998,42.07,18.884,1.7531,0.010772
238600000000000001,238500000000000001,2025-06-17,3392,42,2458,1.38,45.78,13.4961,1.09,0.012382
238600000000000002,238500000000000001,2025-06-17,3269,41,2534,1.2901,42.55,13.0165,1.0378,0.012542
238600000000000004,238500000000000002,2025-06-17,2290,75,1672,1.3696,27.65,12.0738,0.3687,0.032751
238600000000000005,238500000000000003,2025-06-17,3868,71,1887,2.0498,37.86,9.7869,0.5332,0.018356
238600000000000006,238500000000000004,2025-06-17,3393,46,1131,3.0,41.94,12.3615,0.9118,0.013557
238600000000000007,238500000000000004,2025-06-17,1713,17,691,2.479,33.77,19.7133,1.9864,0.009924
238600000000000002,238500000000000001,2025-06-18,4603,57,1662,2.7696,48.2,10.471,0.8456,0.012383
238600000000000003,238500000000000002,2025-06-18,1659,57,737,2.251,25.13,15.1466,0.4408,0.034358
238600000000000004,238500000000000002,2025-06-18,1742,44,1340,1.3,29.04,16.6677,0.6599,0.025258
238600000000000006,238500000000000004,2025-06-18,2104,30,1026,2.0507,40.38,19.1927,1.346,0.014259
238600000000000007,238500000000000004,2025-06-18,3217,34,2282,1.4097,40.86,12.7024,1.2019,0.010569
238600000000000001,238500000000000001,2025-06-19,4213,44,2926,1.4398,54.87,13.0239,1.247,0.010444
238600000000000002,238500000000000001,2025-06-19,3500,44,2349,1.49,46.33,13.2366,1.0529,0.012571
238600000000000003,238500000000000002,2025-06-19,2572,68,1326,1.9397,27.11,10.5406,0.3987,0.026439
238600000000000004,238500000000000002,2025-06-19,2174,63,830,2.6193,30.72,14.1291,0.4876,0.028979
238600000000000005,238500000000000003,2025-06-19,2959,57,1064,2.781,43.37,14.6571,0.7609,0.019263
238600000000000006,238500000000000004,2025-06-19,1978,34,856,2.3107,39.3,19.8668,1.1558,0.017189
238600000000000007,238500000000000004,2025-06-19,2526,30,1589,1.5897,47.44,18.7823,1.5815,0.011876
238600000000000001,238500000000000001,2025-06-20,3728,43,1560,2.3897,51.32,13.7664,1.1935,0.011534
238600000000000002,238500000000000001,2025-06-20,3926,42,1722,2.2799,49.04,12.492,1.1677,0.010698
238600000000000003,238500000000000002,2025-06-20,2348,81,1044,2.249,31.76,13.5278,0.3921,0.034497
238600000000000004,238500000000000002,2025-06-20,2267,49,973,2.3299,25.59,11.2871,0.5222,0.021614
238600000000000005,238500000000000003,2025-06-20,3484,42,2112,1.6496,43.01,12.346,1.0241,0.012055
238600000000000006,238500000000000004,2025-06-20,2203,23,979,2.2503,40.91,18.5701,1.7787,0.01044
238600000000000007,238500000000000004,2025-06-20,2852,44,1174,2.4293,45.12,15.8193,1.0254,0.015428
238600000000000001,238500000000000001,2025-06-21,3791,41,2985,1.27,51.11,13.4814,1.2465,0.010815
238600000000000002,238500000000000001,2025-06-21,4854,66,2110,2.3005,56.42,11.6226,0.8548,0.013597
238600000000000003,238500000000000002,2025-06-21,2238,71,854,2.6206,28.95,12.9336,0.4077,0.031725
238600000000000004,238500000000000002,2025-06-21,2415,81,1015,2.3793,32.5,13.4562,0.4012,0.03354
238600000000000005,238500000000000003,2025-06-21,3479,50,1289,2.699,46.08,13.2457,0.9216,0.014372
238600000000000006,238500000000000004,2025-06-21,3094,53,2515,1.2302,53.91,17.4241,1.0172,0.01713
238600000000000007,238500000000000004,2025-06-21,2290,27,1145,2.0,38.25,16.7045,1.4168,0.01179
238600000000000001,238500000000000001,2025-06-22,7006,61,2424,2.8903,65.84,9.398,1.0794,0.008707
238600000000000002,238500000000000001,2025-06-22,6016,80,2089,2.8798,58.54,9.7308,0.7318,0.013298
238600000000000003,238500000000000002,2025-06-22,2861,98,2104,1.3598,33.77,11.8032,0.3446,0.034254
238600000000000004,238500000000000002,2025-06-22,3584,102,2757,1.3,37.31,10.4093,0.3658,0.02846
238600000000000005,238500000000000003,2025-06-22,4560,77,2280,2.0,53.31,11.6901,0.6923,0.016886
238600000000000006,238500000000000004,2025-06-22,2564,32,975,2.6297,47.94,18.6972,1.4981,0.01248
238600000000000007,238500000000000004,2025-06-22,3226,49,1629,1.9804,58.67,18.188,1.1974,0.015189
238600000000000001,238500000000000001,2025-06-23,7659,98,5892,1.2999,67.28,8.7841,0.6865,0.012795
238600000000000002,238500000000000001,2025-06-23,5032,56,3841,1.3101,59.32,11.7893,1.0594,0.011129
238600000000000003,238500000000000002,2025-06-23,2253,73,1543,1.4601,36.95,16.4008,0.5062,0.032401
238600000000000004,238500000000000002,2025-06-23,2802,95,1919,1.4601,35.39,12.6311,0.3726,0.033904
238600000000000005,238500000000000003,2025-06-23,4002,72,2900,1.38,54.26,13.5576,0.7536,0.017991
238600000000000006,238500000000000004,2025-06-23,4252,49,2932,1.4502,50.04,11.7694,1.0213,0.011524
238600000000000007,238500000000000004,2025-06-23,5013,53,3827,1.3099,58.47,11.664,1.1032,0.010573
238600000000000001,238500000000000001,2025-06-24,5040,74,2201,2.2899,50.39,9.9975,0.6809,0.014683
238600000000000002,238500000000000001,2025-06-24,8067,117,3477,2.3201,72.3,8.9621,0.6179,0.014504
238600000000000003,238500000000000002,2025-06-24,2017,40,847,2.3813,31.54,15.6363,0.7885,0.019831
238600000000000004,238500000000000002,2025-06-24,2663,76,1138,2.3401,38.57,14.4826,0.5075,0.028539
238600000000000005,238500000000000003,2025-06-24,3679,52,2705,1.3601,52.58,14.2917,1.0111,0.014134
238600000000000006,238500000000000004,2025-06-24,4522,50,1604,2.8192,56.17,12.4208,1.1233,0.011057
238600000000000007,238500000000000004,2025-06-24,3537,36,1558,2.2702,48.99,13.8511,1.3609,0.010178
238600000000000001,238500000000000001,2025-06-25,5390,55,3247,1.66,66.19,12.2807,1.2035,0.010204
238600000000000002,238500000000000001,2025-06-25,6935,72,4884,1.4199,85.09,12.2694,1.1818,0.010382
238600000000000003,238500000000000002,2025-06-25,2929,98,1356,2.16,42.88,14.6407,0.4376,0.033459
238600000000000004,238500000000000002,2025-06-25,2968,94,2005,1.4803,43.56,14.6779,0.4634,0.031671
238600000000000005,238500000000000003,2025-06-25,5278,71,2693,1.9599,64.83,12.284,0.9132,0.013452
238600000000000006,238500000000000004,2025-06-25,4786,70,2866,1.6699,56.95,11.8987,0.8135,0.014626
238600000000000007,238500000000000004,2025-06-25,3934,49,1660,2.3699,72.72,18.4856,1.4841,0.012456
238600000000000001,238500000000000001,2025-06-26,6924,99,2909,2.3802,70.53,10.1866,0.7124,0.014298
238600000000000002,238500000000000001,2025-06-26,4590,60,2207,2.0797,56.28,12.262,0.938,0.013072
238600000000000003,238500000000000002,2025-06-26,2908,97,1926,1.5099,34.27,11.7855,0.3533,0.033356
238600000000000004,238500000000000002,2025-06-26,3079,103,1683,1.8295,38.19,12.4044,0.3708,0.033452
238600000000000005,238500000000000003,2025-06-26,4662,70,3821,1.2201,54.35,11.6579,0.7764,0.015015
238600000000000006,238500000000000004,2025-06-26,5011,51,2596,1.9303,55.27,11.0298,1.0837,0.010178
238600000000000007,238500000000000004,2025-06-26,2676,40,1120,2.3893,53.43,19.9655,1.3357,0.014948
238600000000000002,238500000000000001,2025-06-27,4641,69,1706,2.7204,50.67,10.9186,0.7344,0.014867
238600000000000003,238500000000000002,2025-06-27,2108,59,1434,1.47,27.18,12.894,0.4607,0.027989
238600000000000004,238500000000000002,2025-06-27,1999,46,985,2.0294,28.7,14.3585,0.624,0.023012
238600000000000005,238500000000000003,2025-06-27,2823,44,1162,2.4294,41.91,14.8467,0.9526,0.015586
238600000000000006,238500000000000004,2025-06-27,2779,34,1527,1.8199,44.51,16.015,1.309,0.012235
238600000000000007,238500000000000004,2025-06-27,2062,21,863,2.3893,39.32,19.0683,1.8723,0.010184
238600000000000001,238500000000000001,2025-06-28,4567,47,3239,1.41,61.57,13.4818,1.31,0.010291
238600000000000002,238500000000000001,2025-06-28,4282,56,3398,1.2602,49.42,11.5418,0.8825,0.013078
238600000000000004,238500000000000002,2025-06-28,1985,57,1398,1.4199,30.54,15.384,0.5357,0.028715
238600000000000005,238500000000000003,2025-06-28,3306,56,1355,2.4399,47.57,14.3886,0.8494,0.016939
238600000000000006,238500000000000004,2025-06-28,3110,48,1323,2.3507,42.06,13.5241,0.8763,0.015434
238600000000000007,238500000000000004,2025-06-28,3549,50,2933,1.21,53.08,14.9555,1.0615,0.014088
238600000000000001,238500000000000001,2025-06-29,4342,54,2001,2.1699,45.41,10.4583,0.8409,0.012437
238600000000000003,238500000000000002,2025-06-29,1749,49,1174,1.4898,30.19,17.2634,0.6162,0.028016
238600000000000004,238500000000000002,2025-06-29,1516,48,781,1.9411,24.87,16.4056,0.5181,0.031662
238600000000000005,238500000000000003,2025-06-29,4061,68,1386,2.93,41.3,10.1695,0.6073,0.016745
238600000000000006,238500000000000004,2025-06-29,2901,30,1401,2.0707,42.66,14.7056,1.422,0.010341
238600000000000007,238500000000000004,2025-06-29,2395,36,806,2.9715,39.94,16.6747,1.1093,0.015031
238600000000000001,238500000000000001,2025-06-30,4979,55,3276,1.5198,59.17,11.8844,1.0759,0.011046
238600000000000002,238500000000000001,2025-06-30,5966,77,2896,2.0601,62.67,10.5041,0.8139,0.012906
238600000000000003,238500000000000002,2025-06-30,2401,52,949,2.53,35.55,14.8068,0.6837,0.021658
238600000000000004,238500000000000002,2025-06-30,3395,94,1886,1.8001,34.07,10.0358,0.3625,0.027688
238600000000000005,238500000000000003,2025-06-30,3542,58,2084,1.6996,52.22,14.7422,0.9003,0.016375
238600000000000006,238500000000000004,2025-06-30,3972,62,2182,1.8203,45.59,11.4786,0.7354,0.015609
238600000000000001,238500000000000001,2025-07-01,3098,39,2025,1.5299,40.22,12.9814,1.0312,0.012589
238600000000000002,238500000000000001,2025-07-01,3491,30,1799,1.9405,42.78,12.2555,1.4261,0.008594
238600000000000003,238500000000000002,2025-07-01,2441,60,1214,2.0107,25.33,10.3778,0.4222,0.02458
238600000000000004,238500000000000002,2025-07-01,1302,35,1085,1.2,22.1,16.9711,0.6313,0.026882
238600000000000005,238500000000000003,2025-07-01,2655,38,958,2.7714,35.57,13.3979,0.9361,0.014313
238600000000000006,238500000000000004,2025-07-01,2329,37,939,2.4803,35.78,15.3617,0.967,0.015887
238600000000000007,238500000000000004,2025-07-01,1837,31,649,2.8305,35.37,19.2518,1.1408,0.016875
238600000000000001,238500000000000001,2025-07-02,9297,84,7207,1.29,75.38,8.1084,0.8974,0.009035
238600000000000002,238500000000000001,2025-07-02,9232,132,3445,2.6798,74.17,8.0339,0.5619,0.014298
238600000000000003,238500000000000002,2025-07-02,2927,85,1722,1.6998,47.6,16.2612,0.56,0.02904
238600000000000004,238500000000000002,2025-07-02,3228,92,1351,2.3893,37.86,11.7293,0.4115,0.028501
238600000000000005,238500000000000003,2025-07-02,4730,58,2330,2.03,64.09,13.5505,1.1051,0.012262
238600000000000006,238500000000000004,2025-07-02,5075,87,3996,1.27,65.44,12.8953,0.7522,0.017143
238600000000000007,238500000000000004,2025-07-02,3149,44,1799,1.7504,62.74,19.9252,1.426,0.013973
238600000000000001,238500000000000001,2025-07-03,7705,65,5707,1.3501,64.74,8.4025,0.996,0.008436
238600000000000002,238500000000000001,2025-07-03,4025,60,1935,2.0801,51.62,12.8257,0.8604,0.014907
238600000000000003,238500000000000002,2025-07-03,3125,66,2520,1.2401,37.09,11.8677,0.5619,0.02112
238600000000000004,238500000000000002,2025-07-03,2761,61,1302,2.1206,29.41,10.6511,0.4821,0.022093
238600000000000005,238500000000000003,2025-07-03,5308,80,3515,1.5101,49.87,9.3954,0.6234,0.015072
238600000000000006,238500000000000004,2025-07-03,2531,26,1414,1.79,48.95,19.3401,1.8827,0.010273
238600000000000007,238500000000000004,2025-07-03,3171,52,2497,1.2699,50.79,16.0174,0.9768,0.016399
238600000000000001,238500000000000001,2025-07-04,3012,41,1918,1.5704,34.39,11.4178,0.8388,0.013612
238600000000000002,238500000000000001,2025-07-04,3980,42,1785,2.2297,43.56,10.9445,1.0371,0.010553
238600000000000003,238500000000000002,2025-07-04,1489,43,596,2.4983,22.7,15.2468,0.528,0.028878
238600000000000004,238500000000000002,2025-07-04,1445,30,835,1.7305,21.84,15.1143,0.728,0.020761
238600000000000005,238500000000000003,2025-07-04,3026,49,1369,2.2104,33.41,11.04,0.6818,0.016193
238600000000000006,238500000000000004,2025-07-04,2089,34,1274,1.6397,32.58,15.5954,0.9582,0.016276
238600000000000007,238500000000000004,2025-07-04,2952,50,1360,2.1706,34.24,11.5973,0.6847,0.016938
238600000000000001,238500000000000001,2025-07-05,5210,42,1973,2.6406,47.22,9.0624,1.1242,0.008061
238600000000000002,238500000000000001,2025-07-05,2858,40,1880,1.5202,39.45,13.8048,0.9864,0.013996
238600000000000003,238500000000000002,2025-07-05,1831,48,1280,1.4305,28.62,15.6321,0.5963,0.026215
238600000000000004,238500000000000002,2025-07-05,1896,64,1384,1.3699,20.9,11.0247,0.3266,0.033755
238600000000000005,238500000000000003,2025-07-05,3205,41,2544,1.2598,37.14,11.5894,0.9059,0.012793
238600000000000006,238500000000000004,2025-07-05,2107,22,1254,1.6802,29.98,14.2271,1.3626,0.010441
238600000000000001,238500000000000001,2025-07-06,4751,52,1703,2.7898,57.03,12.0046,1.0968,0.010945
238600000000000002,238500000000000001,2025-07-06,5847,74,4176,1.4001,60.41,10.332,0.8164,0.012656
238600000000000003,238500000000000002,2025-07-06,2190,75,755,2.9007,36.76,16.7863,0.4902,0.034247
238600000000000004,238500000000000002,2025-07-06,2159,71,1220,1.7697,30.35,14.0572,0.4275,0.032886
238600000000000005,238500000000000003,2025-07-06,4477,71,1588,2.8193,50.33,11.2427,0.7089,0.015859
238600000000000006,238500000000000004,2025-07-06,2528,32,1743,1.4504,49.76,19.684,1.555,0.012658
238600000000000007,238500000000000004,2025-07-06,3501,40,1613,2.1705,50.91,14.5404,1.2726,0.011425
238600000000000001,238500000000000001,2025-07-07,5311,53,2470,2.1502,46.2,8.6985,0.8717,0.009979
238600000000000002,238500000000000001,2025-07-07,6561,64,2278,2.8802,53.12,8.0967,0.83,0.009755
238600000000000003,238500000000000002,2025-07-07,2395,54,834,2.8717,28.12,11.7409,0.5207,0.022547
238600000000000004,238500000000000002,2025-07-07,1889,38,1548,1.2203,28.63,15.1587,0.7535,0.020116
238600000000000005,238500000000000003,2025-07-07,3569,50,1288,2.771,42.57,11.9265,0.8513,0.01401
238600000000000006,238500000000000004,2025-07-07,2601,38,1093,2.3797,42.65,16.3975,1.1224,0.01461
238600000000000007,238500000000000004,2025-07-07,2288,31,873,2.6208,42.48,18.567,1.3704,0.013549
238600000000000001,238500000000000001,2025-07-08,4932,65,1927,2.5594,39.85,8.0797,0.6131,0.013179
238600000000000002,238500000000000001,2025-07-08,6181,72,4121,1.4999,53.61,8.673,0.7446,0.011649
238600000000000003,238500000000000002,2025-07-08,1685,57,921,1.8295,25.03,14.852,0.439,0.033828
238600000000000005,238500000000000003,2025-07-08,4129,55,1885,2.1905,40.05,9.7004,0.7282,0.01332
238600000000000006,238500000000000004,2025-07-08,3036,49,1706,1.7796,45.07,14.8437,0.9197,0.01614
238600000000000007,238500000000000004,2025-07-08,2172,29,832,2.6106,35.04,16.1328,1.2083,0.013352
238600000000000001,238500000000000001,2025-07-09,4159,34,1865,2.23,48.71,11.7123,1.4327,0.008175
238600000000000002,238500000000000001,2025-07-09,3276,47,2374,1.3799,45.8,13.9806,0.9745,0.014347
238600000000000004,238500000000000002,2025-07-09,1542,39,857,1.7993,27.31,17.7116,0.7003,0.025292
238600000000000005,238500000000000003,2025-07-09,3621,51,2034,1.7802,40.5,11.1861,0.7942,0.014085
238600000000000006,238500000000000004,2025-07-09,2517,45,1430,1.7601,37.91,15.0632,0.8425,0.017878
238600000000000007,238500000000000004,2025-07-09,3636,49,1337,2.7195,43.1,11.8525,0.8795,0.013476
238600000000000001,238500000000000001,2025-07-10,6412,90,2752,2.3299,54.35,8.4769,0.6039,0.014036
238600000000000002,238500000000000001,2025-07-10,4423,64,2365,1.8702,55.93,12.6444,0.8738,0.01447
238600000000000003,238500000000000002,2025-07-10,1601,33,777,2.0605,27.92,17.4373,0.846,0.020612
238600000000000004,238500000000000002,2025-07-10,3113,90,1132,2.75,35.1,11.2753,0.39,0.028911
238600000000000005,238500000000000003,2025-07-10,4034,58,1391,2.9001,47.26,11.7161,0.8149,0.014378
238600000000000006,238500000000000004,2025-07-10,3007,31,1558,1.93,46.89,15.5953,1.5127,0.010309
238600000000000007,238500000000000004,2025-07-10,3052,34,2422,1.2601,47.63,15.6064,1.4009,0.01114
238600000000000001,238500000000000001,2025-07-11,3727,41,1664,2.2398,48.77,13.0868,1.1896,0.011001
238600000000000002,238500000000000001,2025-07-11,5549,61,2522,2.2002,61.88,11.1514,1.0144,0.010993
238600000000000003,238500000000000002,2025-07-11,1800,41,629,2.8617,30.14,16.7443,0.7351,0.022778
238600000000000004,238500000000000002,2025-07-11,2560,64,880,2.9091,33.09,12.9261,0.517,0.025
238600000000000005,238500000000000003,2025-07-11,4971,97,2280,2.1803,47.42,9.5399,0.4889,0.019513
238600000000000006,238500000000000004,2025-07-11,3686,42,2378,1.55,43.6,11.8293,1.0382,0.011394
238600000000000007,238500000000000004,2025-07-11,2790,28,1848,1.5097,51.24,18.3667,1.8301,0.010036
238600000000000001,238500000000000001,2025-07-12,4938,57,2386,2.0696,62.64,12.6847,1.0989,0.011543
238600000000000002,238500000000000001,2025-07-12,7169,100,2579,2.7798,64.99,9.0653,0.6499,0.013949
238600000000000003,238500000000000002,2025-07-12,3368,116,1311,2.569,35.2,10.4505,0.3034,0.034442
238600000000000004,238500000000000002,2025-07-12,2509,78,1261,1.9897,37.73,15.0387,0.4837,0.031088
238600000000000005,238500000000000003,2025-07-12,4132,67,1680,2.4595,54.7,13.2374,0.8164,0.016215
238600000000000006,238500000000000004,2025-07-12,2923,41,1288,2.2694,56.29,19.2562,1.3728,0.014027
238600000000000007,238500000000000004,2025-07-12,2685,33,929,2.8902,53.11,19.7796,1.6093,0.012291
238600000000000001,238500000000000001,2025-07-13,4403,60,2393,1.8399,50.17,11.3937,0.8361,0.013627
238600000000000002,238500000000000001,2025-07-13,3422,39,1746,1.9599,42.1,12.3028,1.0795,0.011397
238600000000000003,238500000000000002,2025-07-13,1801,47,883,2.0396,22.29,12.3755,0.4742,0.026097
238600000000000004,238500000000000002,2025-07-13,1853,62,922,2.0098,30.44,16.425,0.4909,0.033459
238600000000000005,238500000000000003,2025-07-13,3108,38,1182,2.6294,39.54,12.7229,1.0406,0.012227
238600000000000006,238500000000000004,2025-07-13,2013,34,751,2.6804,35.6,17.686,1.0471,0.01689
238600000000000007,238500000000000004,2025-07-13,3073,48,1155,2.6606,43.48,14.1503,0.9059,0.01562
238600000000000001,238500000000000001,2025-07-14,6784,56,2503,2.7103,72.23,10.6478,1.2899,0.008255
238600000000000002,238500000000000001,2025-07-14,6153,55,4845,1.27,77.33,12.5679,1.406,0.008939
238600000000000003,238500000000000002,2025-07-14,3592,109,2007,1.7897,37.83,10.5321,0.3471,0.030345
238600000000000004,238500000000000002,2025-07-14,4670,96,2684,1.7399,47.63,10.2001,0.4962,0.020557
238600000000000005,238500000000000003,2025-07-14,5604,106,2734,2.0497,64.1,11.4381,0.6047,0.018915
238600000000000006,238500000000000004,2025-07-14,4300,46,1617,2.6592,60.76,14.1305,1.3209,0.010698
238600000000000007,238500000000000004,2025-07-14,6039,105,3947,1.53,67.44,11.1669,0.6423,0.017387
238600000000000001,238500000000000001,2025-07-15,8968,111,3040,2.95,74.79,8.3392,0.6738,0.012377
238600000000000002,238500000000000001,2025-07-15,5671,68,3832,1.4799,65.66,11.5775,0.9655,0.011991
238600000000000003,238500000000000002,2025-07-15,2913,70,1170,2.4897,45.26,15.5383,0.6466,0.02403
238600000000000004,238500000000000002,2025-07-15,2053,55,1208,1.6995,34.99,17.0432,0.6362,0.02679
238600000000000005,238500000000000003,2025-07-15,6054,115,2554,2.3704,60.19,9.9421,0.5234,0.018996
238600000000000006,238500000000000004,2025-07-15,3359,60,2365,1.4203,57.76,17.1957,0.9627,0.017862
238600000000000007,238500000000000004,2025-07-15,5635,75,3436,1.64,62.62,11.1125,0.8349,0.01331
238600000000000001,238500000000000001,2025-07-16,5541,66,2075,2.6704,67.81,12.2383,1.0275,0.011911
238600000000000003,238500000000000002,2025-07-16,2570,65,1325,1.9396,35.57,13.8414,0.5473,0.025292
238600000000000004,238500000000000002,2025-07-16,2513,71,1808,1.3899,39.79,15.8348,0.5605,0.028253
238600000000000005,238500000000000003,2025-07-16,6165,78,4110,1.5,56.52,9.1685,0.7247,0.012652
238600000000000006,238500000000000004,2025-07-16,3716,52,1318,2.8194,47.19,12.6989,0.9075,0.013994
238600000000000007,238500000000000004,2025-07-16,3831,40,2380,1.6097,65.86,17.1911,1.6465,0.010441
238600000000000001,238500000000000001,2025-07-17,4885,67,2283,2.1397,60.92,12.4713,0.9093,0.013715
238600000000000002,238500000000000001,2025-07-17,6895,61,4723,1.4599,61.26,8.8847,1.0043,0.008847
238600000000000003,238500000000000002,2025-07-17,2847,92,1162,2.4501,38.65,13.5756,0.4201,0.032315
238600000000000004,238500000000000002,2025-07-17,2430,78,1688,1.4396,31.17,12.8266,0.3996,0.032099
238600000000000005,238500000000000003,2025-07-17,4155,55,1550,2.6806,52.36,12.6026,0.9521,0.013237
238600000000000006,238500000000000004,2025-07-17,3866,45,2078,1.8604,54.86,14.1907,1.2191,0.01164
238600000000000007,238500000000000004,2025-07-17,4124,42,1663,2.4799,49.87,12.0918,1.1873,0.010184
238600000000000001,238500000000000001,2025-07-18,4283,45,1635,2.6196,56.2,13.1214,1.2489,0.010507
238600000000000002,238500000000000001,2025-07-18,3261,34,1639,1.9896,41.32,12.6717,1.2154,0.010426
238600000000000003,238500000000000002,2025-07-18,2008,65,1557,1.2897,24.16,12.0322,0.3717,0.032371
238600000000000004,238500000000000002,2025-07-18,1860,60,732,2.541,31.57,16.9709,0.5261,0.032258
238600000000000005,238500000000000003,2025-07-18,3098,45,1497,2.0695,41.79,13.491,0.9288,0.014526
238600000000000006,238500000000000004,2025-07-18,3345,35,1186,2.8204,41.76,12.4843,1.1931,0.010463
238600000000000007,238500000000000004,2025-07-18,3035,32,1573,1.9294,41.83,13.7825,1.3072,0.010544
238600000000000001,238500000000000001,2025-07-19,4967,53,3124,1.5899,60.24,12.1277,1.1366,0.01067
238600000000000002,238500000000000001,2025-07-19,4090,40,3298,1.2401,57.22,13.9897,1.4304,0.00978
238600000000000003,238500000000000002,2025-07-19,1951,51,976,1.999,31.37,16.0787,0.6151,0.02614
238600000000000004,238500000000000002,2025-07-19,2313,77,800,2.8912,35.75,15.4554,0.4643,0.03329
238600000000000005,238500000000000003,2025-07-19,4630,82,2724,1.6997,50.34,10.8722,0.6139,0.017711
238600000000000006,238500000000000004,2025-07-19,3410,53,2623,1.3,51.77,15.181,0.9767,0.015543
238600000000000007,238500000000000004,2025-07-19,3529,49,2595,1.3599,48.91,13.8594,0.9982,0.013885
238600000000000001,238500000000000001,2025-07-20,5802,87,3649,1.59,52.03,8.9675,0.598,0.014995
238600000000000002,238500000000000001,2025-07-20,7901,84,2993,2.6398,74.24,9.3967,0.8839,0.010632
238600000000000003,238500000000000002,2025-07-20,2173,51,842,2.5808,29.97,13.7905,0.5876,0.02347
238600000000000004,238500000000000002,2025-07-20,3482,108,1324,2.6299,42.19,12.1164,0.3906,0.031017
238600000000000005,238500000000000003,2025-07-20,5679,91,3617,1.5701,54.12,9.5293,0.5947,0.016024
238600000000000006,238500000000000004,2025-07-20,3981,51,3263,1.22,58.86,14.7864,1.1542,0.012811
238600000000000007,238500000000000004,2025-07-20,2670,29,1090,2.4495,49.37,18.4904,1.7024,0.010861
238600000000000001,238500000000000001,2025-07-21,4164,42,2192,1.8996,53.77,12.9127,1.2802,0.010086
238600000000000002,238500000000000001,2025-07-21,5059,71,2608,1.9398,65.98,13.0426,0.9293,0.014034
238600000000000003,238500000000000002,2025-07-21,2237,61,1332,1.6794,29.79,13.3163,0.4883,0.027269
238600000000000004,238500000000000002,2025-07-21,2516,84,1582,1.5904,38.64,15.3579,0.46,0.033386
238600000000000005,238500000000000003,2025-07-21,4625,80,1670,2.7695,51.32,11.0966,0.6415,0.017297
238600000000000006,238500000000000004,2025-07-21,2875,48,2246,1.2801,52.01,18.0887,1.0834,0.016696
238600000000000007,238500000000000004,2025-07-21,4422,73,1535,2.8808,50.64,11.4515,0.6937,0.016508
238600000000000001,238500000000000001,2025-07-22,6216,80,3473,1.7898,68.06,10.9487,0.8507,0.01287
238600000000000002,238500000000000001,2025-07-22,6578,97,2245,2.9301,65.07,9.8914,0.6708,0.014746
238600000000000003,238500000000000002,2025-07-22,2143,57,1599,1.3402,35.2,16.4233,0.6175,0.026598
238600000000000004,238500000000000002,2025-07-22,3799,117,1638,2.3193,40.87,10.7594,0.3494,0.030798
238600000000000005,238500000000000003,2025-07-22,5057,78,1826,2.7694,57.05,11.2819,0.7314,0.015424
238600000000000006,238500000000000004,2025-07-22,3168,51,2098,1.51,56.1,17.7075,1.0999,0.016098
238600000000000007,238500000000000004,2025-07-22,4978,58,1960,2.5398,58.01,11.6528,1.0001,0.011651
238600000000000001,238500000000000001,2025-07-23,6539,95,2239,2.9205,53.53,8.1859,0.5634,0.014528
238600000000000002,238500000000000001,2025-07-23,3783,47,2955,1.2802,44.13,11.6648,0.9389,0.012424
238600000000000003,238500000000000002,2025-07-23,2079,49,800,2.5987,30.39,14.6184,0.6202,0.023569
238600000000000004,238500000000000002,2025-07-23,1630,43,1124,1.4502,25.41,15.5899,0.591,0.02638
238600000000000006,238500000000000004,2025-07-23,2481,30,1187,2.0901,48.28,19.4583,1.6092,0.012092
238600000000000007,238500000000000004,2025-07-23,2499,26,1322,1.8903,35.43,14.1772,1.3626,0.010404
238600000000000001,238500000000000001,2025-07-24,5353,79,3692,1.4499,54.13,10.113,0.6853,0.014758
238600000000000002,238500000000000001,2025-07-24,4061,40,1880,2.1601,52.77,12.9945,1.3193,0.00985
238600000000000003,238500000000000002,2025-07-24,1981,64,819,2.4188,33.47,16.8945,0.5229,0.032307
238600000000000004,238500000000000002,2025-07-24,2292,57,846,2.7092,27.62,12.051,0.4846,0.024869
238600000000000005,238500000000000003,2025-07-24,3208,50,1288,2.4907,45.82,14.282,0.9163,0.015586
238600000000000006,238500000000000004,2025-07-24,2942,48,2431,1.2102,47.25,16.0593,0.9843,0.016315
238600000000000007,238500000000000004,2025-07-24,3795,60,1351,2.809,44.39,11.6962,0.7398,0.01581
238600000000000001,238500000000000001,2025-07-25,4141,50,2817,1.47,48.87,11.8019,0.9774,0.012074
238600000000000002,238500000000000001,2025-07-25,6157,59,2138,2.8798,52.18,8.4753,0.8845,0.009583
238600000000000003,238500000000000002,2025-07-25,1838,48,817,2.2497,27.75,15.0972,0.5781,0.026115
238600000000000004,238500000000000002,2025-07-25,2013,57,1360,1.4801,30.0,14.9014,0.5263,0.028316
238600000000000005,238500000000000003,2025-07-25,3918,67,1580,2.4797,43.31,11.0538,0.6464,0.017101
238600000000000006,238500000000000004,2025-07-25,2163,24,1405,1.5395,41.4,19.1398,1.725,0.011096
238600000000000001,238500000000000001,2025-07-26,4731,62,3218,1.4702,50.75,10.727,0.8185,0.013105
238600000000000002,238500000000000001,2025-07-26,3065,39,1400,2.1893,39.62,12.9266,1.0159,0.012724
238600000000000003,238500000000000002,2025-07-26,2083,66,1666,1.2503,28.83,13.8395,0.4368,0.031685
238600000000000004,238500000000000002,2025-07-26,1938,46,1301,1.4896,22.81,11.7709,0.4959,0.023736
238600000000000005,238500000000000003,2025-07-26,2914,45,1856,1.57,38.73,13.2909,0.8607,0.015443
238600000000000006,238500000000000004,2025-07-26,1668,28,1367,1.2202,33.26,19.9375,1.1877,0.016787
238600000000000007,238500000000000004,2025-07-26,2702,47,1789,1.5103,44.2,16.3597,0.9405,0.017395
238600000000000001,238500000000000001,2025-07-27,4089,41,2297,1.7801,49.64,12.1401,1.2108,0.010027
238600000000000002,238500000000000001,2025-07-27,4485,44,1585,2.8297,52.44,11.6921,1.1918,0.00981
238600000000000003,238500000000000002,2025-07-27,2613,69,1146,2.2801,34.63,13.2528,0.5019,0.026406
238600000000000004,238500000000000002,2025-07-27,1949,63,783,2.4891,23.7,12.161,0.3762,0.032324
238600000000000005,238500000000000003,2025-07-27,3215,43,1600,2.0094,43.75,13.6076,1.0174,0.013375
238600000000000006,238500000000000004,2025-07-27,2949,31,1966,1.5,45.36,15.3802,1.4631,0.010512
238600000000000007,238500000000000004,2025-07-27,2670,38,1428,1.8697,42.14,15.783,1.109,0.014232
238600000000000001,238500000000000001,2025-07-28,4031,60,2551,1.5802,47.69,11.832,0.7949,0.014885
238600000000000002,238500000000000001,2025-07-28,4914,45,2808,1.75,56.54,11.5068,1.2565,0.009158
238600000000000003,238500000000000002,2025-07-28,2731,69,1167,2.3402,29.71,10.8801,0.4306,0.025265
238600000000000004,238500000000000002,2025-07-28,1784,53,1283,1.3905,29.85,16.733,0.5632,0.029709
238600000000000005,238500000000000003,2025-07-28,3232,64,1126,2.8703,44.67,13.8224,0.698,0.019802
238600000000000006,238500000000000004,2025-07-28,2863,51,1582,1.8097,40.26,14.0629,0.7895,0.017813
238600000000000007,238500000000000004,2025-07-28,3614,56,1538,2.3498,49.09,13.5822,0.8765,0.015495
238600000000000001,238500000000000001,2025-07-29,5551,63,2876,1.9301,57.87,10.4253,0.9186,0.011349
238600000000000002,238500000000000001,2025-07-29,4751,51,2189,2.1704,46.56,9.7998,0.9129,0.010735
238600000000000003,238500000000000002,2025-07-29,2294,59,1806,1.2702,29.55,12.8807,0.5008,0.025719
238600000000000004,238500000000000002,2025-07-29,2121,48,880,2.4102,30.13,14.2037,0.6276,0.022631
238600000000000005,238500000000000003,2025-07-29,3168,43,2364,1.3401,44.76,14.1274,1.0408,0.013573
238600000000000006,238500000000000004,2025-07-29,3639,65,1685,2.1596,48.49,13.3241,0.7459,0.017862
238600000000000007,238500000000000004,2025-07-29,2333,42,1414,1.6499,41.02,17.5846,0.9768,0.018003
238600000000000001,238500000000000001,2025-07-30,5394,44,3525,1.5302,74.14,13.7457,1.6851,0.008157
238600000000000002,238500000000000001,2025-07-30,4158,50,1540,2.7,56.2,13.5164,1.124,0.012025
238600000000000003,238500000000000002,2025-07-30,2760,55,1525,1.8098,36.79,13.3285,0.6688,0.019928
238600000000000004,238500000000000002,2025-07-30,3563,85,1755,2.0302,37.7,10.58,0.4435,0.023856
238600000000000005,238500000000000003,2025-07-30,4517,65,3346,1.35,55.86,12.3671,0.8594,0.01439
238600000000000006,238500000000000004,2025-07-30,3221,46,2162,1.4898,60.27,18.711,1.3102,0.014281
238600000000000007,238500000000000004,2025-07-30,4628,77,2892,1.6003,51.46,11.1185,0.6683,0.016638
238600000000000002,238500000000000001,2025-07-31,4341,62,3501,1.2399,60.02,13.8262,0.9681,0.014282
238600000000000004,238500000000000002,2025-07-31,2109,58,1270,1.6606,31.31,14.8455,0.5398,0.027501
238600000000000005,238500000000000003,2025-07-31,3766,69,1308,2.8792,52.92,14.0528,0.767,0.018322
238600000000000006,238500000000000004,2025-07-31,2493,45,1408,1.7706,47.22,18.9393,1.0492,0.018051
238600000000000007,238500000000000004,2025-07-31,4482,69,2784,1.6099,58.63,13.0812,0.8497,0.015395
238600000000000001,238500000000000001,2025-08-01,8744,110,5465,1.6,82.57,9.4433,0.7507,0.01258
238600000000000002,238500000000000001,2025-08-01,5094,45,3830,1.33,57.71,11.3286,1.2824,0.008834
238600000000000003,238500000000000002,2025-08-01,2141,44,805,2.6596,37.49,17.5123,0.8521,0.020551
238600000000000004,238500000000000002,2025-08-01,2924,77,1392,2.1006,42.67,14.5917,0.5541,0.026334
238600000000000005,238500000000000003,2025-08-01,4277,62,2117,2.0203,60.12,14.0566,0.9697,0.014496
238600000000000007,238500000000000004,2025-08-01,4252,55,2226,1.9102,52.77,12.4118,0.9595,0.012935
238600000000000001,238500000000000001,2025-08-02,4093,36,2924,1.3998,44.87,10.9618,1.2463,0.008796
238600000000000004,238500000000000002,2025-08-02,1735,37,822,2.1107,27.94,16.1058,0.7552,0.021326
238600000000000005,238500000000000003,2025-08-02,4267,70,1896,2.2505,45.96,10.7712,0.6566,0.016405
238600000000000007,238500000000000004,2025-08-02,2833,40,1069,2.6501,45.5,16.0608,1.1375,0.014119
238600000000000001,238500000000000001,2025-08-03,6271,52,2403,2.6097,57.39,9.1524,1.1037,0.008292
238600000000000002,238500000000000001,2025-08-03,8093,105,2850,2.8396,66.12,8.1701,0.6297,0.012974
238600000000000003,238500000000000002,2025-08-03,2648,56,1136,2.331,35.91,13.5613,0.6413,0.021148
238600000000000004,238500000000000002,2025-08-03,3000,73,1149,2.611,34.67,11.5566,0.4749,0.024333
238600000000000005,238500000000000003,2025-08-03,4478,89,1806,2.4795,52.94,11.8212,0.5948,0.019875
238600000000000006,238500000000000004,2025-08-03,2914,39,1143,2.5494,51.14,17.55,1.3113,0.013384
238600000000000007,238500000000000004,2025-08-03,4424,67,1702,2.5993,54.73,12.3711,0.8169,0.015145
238600000000000001,238500000000000001,2025-08-04,5112,50,2506,2.0399,52.95,10.3581,1.059,0.009781
238600000000000002,238500000000000001,2025-08-04,4052,43,2155,1.8803,49.64,12.25,1.1544,0.010612
238600000000000004,238500000000000002,2025-08-04,1629,38,926,1.7592,28.41,17.4409,0.7477,0.023327
238600000000000005,238500000000000003,2025-08-04,3006,41,1738,1.7296,43.97,14.6261,1.0723,0.013639
238600000000000006,238500000000000004,2025-08-04,3728,61,1497,2.4903,44.58,11.9593,0.7309,0.016363
238600000000000007,238500000000000004,2025-08-04,2179,31,838,2.6002,43.35,19.8937,1.3983,0.014227
238600000000000001,238500000000000001,2025-08-05,7273,85,4490,1.6198,60.69,8.3441,0.714,0.011687
238600000000000002,238500000000000001,2025-08-05,3328,50,2377,1.4001,42.66,12.8186,0.8532,0.015024
238600000000000004,238500000000000002,2025-08-05,2348,74,966,2.4306,31.08,13.2367,0.42,0.031516
238600000000000005,238500000000000003,2025-08-05,4727,84,2168,2.1804,44.29,9.3699,0.5273,0.01777
238600000000000006,238500000000000004,2025-08-05,3229,40,2604,1.24,42.28,13.093,1.0569,0.012388
238600000000000007,238500000000000004,2025-08-05,2545,33,1131,2.2502,46.31,18.1947,1.4032,0.012967
238600000000000001,238500000000000001,2025-08-06,3441,29,1679,2.0494,44.72,12.9957,1.542,0.008428
238600000000000002,238500000000000001,2025-08-06,3888,39,2184,1.7802,42.29,10.8767,1.0843,0.010031
238600000000000003,238500000000000002,2025-08-06,1713,46,1098,1.5601,23.92,13.9647,0.52,0.026853
238600000000000005,238500000000000003,2025-08-06,3141,55,1094,2.8711,37.29,11.8716,0.678,0.01751
238600000000000006,238500000000000004,2025-08-06,1984,25,1115,1.7794,38.99,19.6527,1.5596,0.012601
238600000000000007,238500000000000004,2025-08-06,2928,44,1583,1.8497,35.59,12.1538,0.8088,0.015027
238600000000000001,238500000000000001,2025-08-07,3825,48,1314,2.911,51.64,13.5006,1.0758,0.012549
238600000000000004,238500000000000002,2025-08-07,2336,74,865,2.7006,31.48,13.4753,0.4254,0.031678
238600000000000005,238500000000000003,2025-08-07,3098,53,1468,2.1104,44.24,14.2792,0.8347,0.017108
238600000000000006,238500000000000004,2025-08-07,2212,26,1177,1.8794,39.8,17.9938,1.5309,0.011754
238600000000000007,238500000000000004,2025-08-07,2648,47,956,2.7699,48.67,18.3805,1.0356,0.017749
238600000000000001,238500000000000001,2025-08-08,3103,37,1246,2.4904,40.52,13.0571,1.095,0.011924
238600000000000002,238500000000000001,2025-08-08,5531,60,3352,1.6501,50.44,9.1192,0.8406,0.010848
238600000000000003,238500000000000002,2025-08-08,2081,62,779,2.6714,28.31,13.6035,0.4566,0.029793
238600000000000004,238500000000000002,2025-08-08,2151,64,1434,1.5,23.66,11.0018,0.3698,0.029754
238600000000000005,238500000000000003,2025-08-08,2780,52,2206,1.2602,38.98,14.0217,0.7496,0.018705
238600000000000006,238500000000000004,2025-08-08,2235,34,1118,1.9991,37.81,16.9151,1.1119,0.015213
238600000000000007,238500000000000004,2025-08-08,3022,31,1519,1.9895,40.16,13.2878,1.2953,0.010258
238600000000000002,238500000000000001,2025-08-09,6098,88,3176,1.92,60.14,9.8619,0.6834,0.014431
238600000000000003,238500000000000002,2025-08-09,2427,64,1507,1.6105,37.26,15.3513,0.5821,0.02637
238600000000000004,238500000000000002,2025-08-09,2095,47,756,2.7712,29.58,14.1183,0.6293,0.022434
238600000000000005,238500000000000003,2025-08-09,3461,54,1566,2.2101,50.13,14.4832,0.9283,0.015602
238600000000000006,238500000000000004,2025-08-09,3029,33,1188,2.5497,57.07,18.8416,1.7294,0.010895
238600000000000007,238500000000000004,2025-08-09,3544,59,1197,2.9607,43.18,12.1845,0.7319,0.016648
238600000000000001,238500000000000001,2025-08-10,6108,58,3054,2.0,55.3,9.0534,0.9534,0.009496
238600000000000002,238500000000000001,2025-08-10,4501,54,1852,2.4303,43.78,9.7276,0.8108,0.011997
238600000000000003,238500000000000002,2025-08-10,1961,66,1257,1.5601,26.67,13.5979,0.404,0.033656
238600000000000004,238500000000000002,2025-08-10,2160,53,818,2.6406,29.95,13.8671,0.5651,0.024537
238600000000000005,238500000000000003,2025-08-10,2967,46,1361,2.18,42.46,14.312,0.9231,0.015504
238600000000000006,238500000000000004,2025-08-10,2975,37,2125,1.4,42.01,14.1216,1.1355,0.012437
238600000000000007,238500000000000004,2025-08-10,2402,34,972,2.4712,42.92,17.8666,1.2622,0.014155
238600000000000001,238500000000000001,2025-08-11,6011,60,2453,2.4505,52.49,8.7321,0.8748,0.009982
238600000000000002,238500000000000001,2025-08-11,5299,74,3375,1.5701,55.17,10.4113,0.7455,0.013965
238600000000000003,238500000000000002,2025-08-11,1495,35,715,2.0909,26.58,17.7816,0.7595,0.023411
238600000000000004,238500000000000002,2025-08-11,2072,70,1016,2.0394,34.94,16.8607,0.4991,0.033784
238600000000000005,238500000000000003,2025-08-11,3776,48,1593,2.3704,46.14,12.2191,0.9612,0.012712
238600000000000006,238500000000000004,2025-08-11,2634,47,1126,2.3393,41.76,15.8546,0.8885,0.017844
238600000000000007,238500000000000004,2025-08-11,2617,43,1038,2.5212,50.52,19.3036,1.1748,0.016431
238600000000000001,238500000000000001,2025-08-12,6403,96,3518,1.8201,58.68,9.1649,0.6113,0.014993
238600000000000002,238500000000000001,2025-08-12,5512,63,3909,1.4101,53.81,9.7617,0.8541,0.01143
238600000000000003,238500000000000002,2025-08-12,2172,51,1020,2.1294,36.69,16.8901,0.7193,0.023481
238600000000000004,238500000000000002,2025-08-12,1682,49,940,1.7894,27.59,16.4057,0.5632,0.029132
238600000000000005,238500000000000003,2025-08-12,4962,83,2852,1.7398,48.21,9.7158,0.5808,0.016727
238600000000000006,238500000000000004,2025-08-12,4141,66,1495,2.7699,48.18,11.6354,0.73,0.015938
238600000000000007,238500000000000004,2025-08-12,3583,38,2312,1.5497,48.24,13.4628,1.2694,0.010606
238600000000000001,238500000000000001,2025-08-13,5456,65,4102,1.3301,47.29,8.6672,0.7275,0.011913
238600000000000002,238500000000000001,2025-08-13,5718,57,2697,2.1201,52.33,9.1523,0.9181,0.009969
238600000000000003,238500000000000002,2025-08-13,2896,69,2129,1.3603,32.27,11.1425,0.4677,0.023826
238600000000000004,238500000000000002,2025-08-13,2111,70,960,2.199,24.66,11.6805,0.3523,0.03316
238600000000000005,238500000000000003,2025-08-13,3242,51,1362,2.3803,42.69,13.1693,0.8372,0.015731
238600000000000006,238500000000000004,2025-08-13,3358,60,2048,1.6396,38.68,11.52,0.6447,0.017868
238600000000000007,238500000000000004,2025-08-13,3598,60,2646,1.3598,46.71,12.9809,0.7784,0.016676
238600000000000001,238500000000000001,2025-08-14,5156,59,3015,1.7101,64.02,12.4157,1.085,0.011443
238600000000000003,238500000000000002,2025-08-14,3572,87,1567,2.2795,43.88,12.2855,0.5044,0.024356
238600000000000004,238500000000000002,2025-08-14,2070,43,781,2.6504,31.62,15.2773,0.7354,0.020773
238600000000000005,238500000000000003,2025-08-14,4433,72,3518,1.2601,56.63,12.7749,0.7865,0.016242
238600000000000006,238500000000000004,2025-08-14,2850,47,1532,1.8603,48.46,17.0026,1.031,0.016491
238600000000000007,238500000000000004,2025-08-14,3412,49,1181,2.8891,64.8,18.9931,1.3225,0.014361
238600000000000001,238500000000000001,2025-08-15,4503,48,2814,1.6002,61.97,13.7621,1.2911,0.01066
238600000000000002,238500000000000001,2025-08-15,4741,57,1838,2.5794,57.01,12.0241,1.0001,0.012023
238600000000000003,238500000000000002,2025-08-15,2667,69,1990,1.3402,33.34,12.5003,0.4832,0.025872
238600000000000004,238500000000000002,2025-08-15,2171,45,1348,1.6105,34.65,15.9597,0.77,0.020728
238600000000000005,238500000000000003,2025-08-15,5067,74,2401,2.1104,50.99,10.0632,0.6891,0.014604
238600000000000006,238500000000000004,2025-08-15,3289,47,1196,2.75,54.91,16.6951,1.1683,0.01429
238600000000000007,238500000000000004,2025-08-15,2572,45,1090,2.3596,47.07,18.3009,1.046,0.017496
238600000000000001,238500000000000001,2025-08-16,5708,63,2419,2.3597,61.65,10.8014,0.9786,0.011037
238600000000000002,238500000000000001,2025-08-16,6343,75,2459,2.5795,60.16,9.4846,0.8021,0.011824
238600000000000003,238500000000000002,2025-08-16,2121,52,991,2.1403,33.53,15.8072,0.6448,0.024517
238600000000000004,238500000000000002,2025-08-16,3217,67,1938,1.66,36.08,11.2159,0.5385,0.020827
238600000000000005,238500000000000003,2025-08-16,5089,71,2027,2.5106,52.21,10.2587,0.7353,0.013952
238600000000000006,238500000000000004,2025-08-16,3612,63,1511,2.3905,53.06,14.6905,0.8423,0.017442
238600000000000007,238500000000000004,2025-08-16,4084,50,1647,2.4797,51.35,12.5737,1.027,0.012243
238600000000000001,238500000000000001,2025-08-17,4075,54,1521,2.6792,46.58,11.4314,0.8626,0.013252
238600000000000002,238500000000000001,2025-08-17,5116,41,2483,2.0604,57.73,11.2836,1.408,0.008014
238600000000000003,238500000000000002,2025-08-17,1841,58,1070,1.7206,31.98,17.3732,0.5514,0.031505
238600000000000004,238500000000000002,2025-08-17,2265,47,1595,1.4201,27.62,12.195,0.5877,0.020751
238600000000000005,238500000000000003,2025-08-17,4738,87,3360,1.4101,44.7,9.4352,0.5138,0.018362
238600000000000007,238500000000000004,2025-08-17,3574,56,1290,2.7705,44.71,12.5101,0.7984,0.015669
238600000000000001,238500000000000001,2025-08-18,4268,34,3071,1.3898,52.24,12.2409,1.5366,0.007966
238600000000000002,238500000000000001,2025-08-18,4494,57,1508,2.9801,59.12,13.1549,1.0372,0.012684
238600000000000003,238500000000000002,2025-08-18,2234,52,912,2.4496,32.43,14.5166,0.6237,0.023277
238600000000000004,238500000000000002,2025-08-18,2645,91,1248,2.1194,31.21,11.798,0.3429,0.034405
238600000000000005,238500000000000003,2025-08-18,3752,73,1449,2.5894,47.73,12.7203,0.6538,0.019456
238600000000000006,238500000000000004,2025-08-18,2843,44,1034,2.7495,44.83,15.7697,1.0189,0.015477
238600000000000007,238500000000000004,2025-08-18,3497,42,1170,2.9889,50.62,14.4753,1.2052,0.01201
238600000000000002,238500000000000001,2025-08-19,4698,58,3758,1.2501,65.58,13.9581,1.1306,0.012346
238600000000000003,238500000000000002,2025-08-19,3374,92,1592,2.1193,41.55,12.3136,0.4516,0.027267
238600000000000004,238500000000000002,2025-08-19,2787,67,945,2.9492,32.02,11.4896,0.4779,0.02404
238600000000000005,238500000000000003,2025-08-19,3803,71,1316,2.8898,55.18,14.5084,0.7771,0.018669
238600000000000006,238500000000000004,2025-08-19,2472,34,852,2.9014,48.12,19.4641,1.4152,0.013754
238600000000000007,238500000000000004,2025-08-19,3222,52,2092,1.5402,62.24,19.316,1.1968,0.016139
238600000000000001,238500000000000001,2025-08-20,4969,70,2497,1.99,50.19,10.1004,0.717,0.014087
238600000000000002,238500000000000001,2025-08-20,5653,68,2086,2.71,49.03,8.6734,0.721,0.012029
238600000000000003,238500000000000002,2025-08-20,1873,58,804,2.3296,28.92,15.439,0.4986,0.030966
238600000000000004,238500000000000002,2025-08-20,2096,70,1103,1.9003,27.78,13.2538,0.3969,0.033397
238600000000000005,238500000000000003,2025-08-20,3848,67,1624,2.3695,42.52,11.0506,0.6347,0.017412
238600000000000006,238500000000000004,2025-08-20,2366,28,1368,1.7295,43.92,18.5619,1.5685,0.011834
238600000000000007,238500000000000004,2025-08-20,2350,36,1026,2.2904,41.13,17.5013,1.1424,0.015319
238600000000000001,238500000000000001,2025-08-21,7124,67,3180,2.2403,64.33,9.0298,0.9601,0.009405
238600000000000002,238500000000000001,2025-08-21,3937,32,1406,2.8001,49.53,12.5816,1.5479,0.008128
238600000000000003,238500000000000002,2025-08-21,2137,52,1074,1.9898,33.74,15.7893,0.6489,0.024333
238600000000000004,238500000000000002,2025-08-21,2519,85,969,2.5996,31.32,12.4344,0.3685,0.033744
238600000000000005,238500000000000003,2025-08-21,4922,61,2618,1.8801,48.8,9.9143,0.8,0.012393
238600000000000006,238500000000000004,2025-08-21,2933,30,1107,2.6495,54.0,18.41,1.7999,0.010228
238600000000000007,238500000000000004,2025-08-21,3211,36,1867,1.7199,43.6,13.5782,1.2111,0.011211
238600000000000001,238500000000000001,2025-08-22,4406,61,1551,2.8407,52.8,11.9836,0.8656,0.013845
238600000000000002,238500000000000001,2025-08-22,4143,41,2031,2.0399,53.65,12.9502,1.3086,0.009896
238600000000000003,238500000000000002,2025-08-22,2553,74,1557,1.6397,30.05,11.7714,0.4061,0.028986
238600000000000004,238500000000000002,2025-08-22,2121,50,835,2.5401,30.78,14.5109,0.6156,0.023574
238600000000000005,238500000000000003,2025-08-22,4571,83,3489,1.3101,45.62,9.9808,0.5497,0.018158
238600000000000006,238500000000000004,2025-08-22,2333,24,845,2.7609,43.09,18.47,1.7954,0.010287
238600000000000007,238500000000000004,2025-08-22,2738,45,951,2.8791,48.15,17.5874,1.0701,0.016435
238600000000000001,238500000000000001,2025-08-23,4570,64,2597,1.7597,57.75,12.636,0.9023,0.014004
238600000000000002,238500000000000001,2025-08-23,4806,54,2731,1.7598,53.29,11.0884,0.9869,0.011236
238600000000000003,238500000000000002,2025-08-23,2408,62,1309,1.8396,30.83,12.8018,0.4972,0.025748
238600000000000004,238500000000000002,2025-08-23,1820,42,1006,1.8091,32.62,17.9249,0.7767,0.023077
238600000000000005,238500000000000003,2025-08-23,4173,67,2782,1.5,47.59,11.4037,0.7103,0.016056
238600000000000006,238500000000000004,2025-08-23,2817,39,992,2.8397,46.23,16.4115,1.1854,0.013845
238600000000000007,238500000000000004,2025-08-23,3881,61,2098,1.8499,48.94,12.6112,0.8024,0.015718
238600000000000001,238500000000000001,2025-08-24,3609,47,2201,1.6397,42.5,11.7758,0.9042,0.013023
238600000000000002,238500000000000001,2025-08-24,3567,35,1399,2.5497,35.99,10.0899,1.0283,0.009812
238600000000000003,238500000000000002,2025-08-24,1451,36,1091,1.33,22.46,15.4785,0.6239,0.02481
238600000000000004,238500000000000002,2025-08-24,1908,59,1353,1.4102,22.39,11.7357,0.3795,0.030922
238600000000000005,238500000000000003,2025-08-24,2600,49,1053,2.4691,33.64,12.9378,0.6865,0.018846
238600000000000006,238500000000000004,2025-08-24,2573,36,1225,2.1004,31.47,12.2308,0.8742,0.013991
238600000000000007,238500000000000004,2025-08-24,2150,22,1547,1.3898,35.81,16.6542,1.6276,0.010233
238600000000000001,238500000000000001,2025-08-25,4417,48,1618,2.7299,43.73,9.8999,0.911,0.010867
238600000000000002,238500000000000001,2025-08-25,4770,68,1656,2.8804,48.32,10.1291,0.7105,0.014256
238600000000000003,238500000000000002,2025-08-25,2176,61,1501,1.4497,25.57,11.7519,0.4192,0.028033
238600000000000004,238500000000000002,2025-08-25,1696,55,640,2.65,27.02,15.9342,0.4914,0.032429
238600000000000005,238500000000000003,2025-08-25,2963,44,1568,1.8897,39.45,13.3133,0.8965,0.01485
238600000000000006,238500000000000004,2025-08-25,2250,35,1339,1.6804,44.77,19.8959,1.279,0.015556
238600000000000007,238500000000000004,2025-08-25,2514,39,2011,1.2501,34.13,13.5755,0.8751,0.015513
238600000000000001,238500000000000001,2025-08-26,3985,32,1633,2.4403,52.95,13.287,1.6547,0.00803
238600000000000002,238500000000000001,2025-08-26,4666,46,1643,2.8399,52.02,11.1493,1.1309,0.009859
238600000000000003,238500000000000002,2025-08-26,1733,36,741,2.3387,30.41,17.548,0.8447,0.020773
238600000000000004,238500000000000002,2025-08-26,2463,85,1539,1.6004,29.57,12.0069,0.3479,0.034511
238600000000000005,238500000000000003,2025-08-26,3746,48,1510,2.4808,44.99,12.0095,0.9372,0.012814
238600000000000006,238500000000000004,2025-08-26,3956,59,1849,2.1395,46.97,11.8737,0.7961,0.014914
238600000000000007,238500000000000004,2025-08-26,2992,46,2022,1.4797,43.0,14.3727,0.9348,0.015374
238600000000000001,238500000000000001,2025-08-27,6339,77,2609,2.4297,60.33,9.5174,0.7835,0.012147
238600000000000002,238500000000000001,2025-08-27,4644,51,1800,2.58,64.87,13.9695,1.272,0.010982
238600000000000004,238500000000000002,2025-08-27,2247,59,960,2.3406,35.75,15.9111,0.606,0.026257
238600000000000005,238500000000000003,2025-08-27,3964,60,1870,2.1198,53.66,13.5367,0.8943,0.015136
238600000000000006,238500000000000004,2025-08-27,3470,52,1994,1.7402,55.63,16.0308,1.0698,0.014986
238600000000000007,238500000000000004,2025-08-27,2979,40,1330,2.2398,51.69,17.352,1.2923,0.013427
238600000000000001,238500000000000001,2025-08-28,4762,69,1603,2.9707,62.02,13.0247,0.8989,0.01449
238600000000000002,238500000000000001,2025-08-28,5954,67,3022,1.9702,66.74,11.2091,0.9961,0.011253
238600000000000003,238500000000000002,2025-08-28,2308,67,1184,1.9493,38.51,16.6835,0.5747,0.029029
238600000000000004,238500000000000002,2025-08-28,2771,83,1277,2.1699,35.07,12.6572,0.4226,0.029953
238600000000000005,238500000000000003,2025-08-28,4126,77,1468,2.8106,55.18,13.3747,0.7167,0.018662
238600000000000006,238500000000000004,2025-08-28,4306,70,2929,1.4701,52.99,12.305,0.7569,0.016256
238600000000000007,238500000000000004,2025-08-28,4166,57,1673,2.4901,57.38,13.7741,1.0067,0.013682
238600000000000002,238500000000000001,2025-08-29,5395,68,3503,1.5401,61.93,11.4784,0.9107,0.012604
238600000000000004,238500000000000002,2025-08-29,2758,65,1164,2.3694,35.89,13.0142,0.5522,0.023568
238600000000000005,238500000000000003,2025-08-29,4226,69,1457,2.9005,53.17,12.5825,0.7706,0.016327
238600000000000006,238500000000000004,2025-08-29,3665,57,1234,2.97,47.36,12.9231,0.8309,0.015553
238600000000000007,238500000000000004,2025-08-29,3469,49,2065,1.6799,58.98,17.0032,1.2038,0.014125
238600000000000001,238500000000000001,2025-08-30,3069,36,1650,1.86,42.81,13.9499,1.1892,0.01173
238600000000000002,238500000000000001,2025-08-30,5062,65,4149,1.2201,52.48,10.3673,0.8074,0.012841
238600000000000003,238500000000000002,2025-08-30,2149,60,793,2.71,27.3,12.7038,0.455,0.02792
238600000000000004,238500000000000002,2025-08-30,1593,43,551,2.8911,27.15,17.0445,0.6314,0.026993
238600000000000005,238500000000000003,2025-08-30,3179,53,1100,2.89,40.84,12.8466,0.7706,0.016672
238600000000000006,238500000000000004,2025-08-30,2678,32,2213,1.2101,40.21,15.0136,1.2564,0.011949
238600000000000007,238500000000000004,2025-08-30,2479,32,1319,1.8795,41.47,16.7294,1.296,0.012908
238600000000000001,238500000000000001,2025-08-31,6213,78,2690,2.3097,53.01,8.5328,0.6797,0.012554
238600000000000002,238500000000000001,2025-08-31,5323,51,3646,1.46,51.02,9.5855,1.0005,0.009581
238600000000000003,238500000000000002,2025-08-31,1807,45,1221,1.4799,28.38,15.7079,0.6308,0.024903
238600000000000004,238500000000000002,2025-08-31,1762,56,1167,1.5099,31.07,17.6311,0.5547,0.031782
238600000000000005,238500000000000003,2025-08-31,3893,66,1497,2.6005,44.59,11.4533,0.6756,0.016954
238600000000000006,238500000000000004,2025-08-31,3186,55,2549,1.2499,46.53,14.604,0.846,0.017263
238600000000000007,238500000000000004,2025-08-31,3390,50,2457,1.3797,42.65,12.5803,0.8529,0.014749
238600000000000001,238500000000000001,2025-09-01,10701,138,3877,2.7601,113.02,10.5618,0.819,0.012896
238600000000000002,238500000000000001,2025-09-01,11893,127,4682,2.5402,126.33,10.622,0.9947,0.010679
238600000000000003,238500000000000002,2025-09-01,5515,171,3491,1.5798,63.06,11.4337,0.3688,0.031006
238600000000000004,238500000000000002,2025-09-01,5172,159,1967,2.6294,73.71,14.2525,0.4636,0.030742
238600000000000005,238500000000000003,2025-09-01,8729,131,5743,1.5199,102.58,11.7514,0.783,0.015007
238600000000000006,238500000000000004,2025-09-01,5342,84,2658,2.0098,86.03,16.1045,1.0242,0.015724
238600000000000007,238500000000000004,2025-09-01,8103,86,5161,1.57,119.13,14.7015,1.3852,0.010613
238600000000000001,238500000000000001,2025-09-02,8451,124,3165,2.6701,89.68,10.6114,0.7232,0.014673
238600000000000002,238500000000000001,2025-09-02,13431,192,5246,2.5602,115.12,8.571,0.5996,0.014295
238600000000000003,238500000000000002,2025-09-02,3730,87,1309,2.8495,65.53,17.5679,0.7532,0.023324
238600000000000004,238500000000000002,2025-09-02,4780,101,2556,1.8701,51.5,10.7734,0.5099,0.02113
238600000000000005,238500000000000003,2025-09-02,7661,141,6080,1.26,87.77,11.4566,0.6225,0.018405
238600000000000006,238500000000000004,2025-09-02,6275,89,3997,1.5699,97.89,15.5999,1.0999,0.014183
238600000000000007,238500000000000004,2025-09-02,6368,114,2599,2.4502,77.65,12.1935,0.6811,0.017902
238600000000000001,238500000000000001,2025-09-03,5834,82,2161,2.6997,81.24,13.9261,0.9908,0.014056
238600000000000002,238500000000000001,2025-09-03,11243,133,5229,2.1501,98.5,8.7614,0.7406,0.01183
238600000000000003,238500000000000002,2025-09-03,2820,68,1076,2.6208,49.2,17.4482,0.7236,0.024113
238600000000000004,238500000000000002,2025-09-03,3756,98,2009,1.8696,53.51,14.2465,0.546,0.026092
238600000000000005,238500000000000003,2025-09-03,6203,75,2110,2.9398,77.04,12.419,1.0271,0.012091
238600000000000006,238500000000000004,2025-09-03,5526,99,1988,2.7797,77.64,14.0507,0.7843,0.017915
238600000000000007,238500000000000004,2025-09-03,6519,97,4206,1.5499,76.43,11.7236,0.7879,0.01488
238600000000000001,238500000000000001,2025-09-04,7338,71,2780,2.6396,76.9,10.4804,1.0832,0.009676
238600000000000002,238500000000000001,2025-09-04,4655,44,2660,1.75,60.35,12.9646,1.3716,0.009452
238600000000000003,238500000000000002,2025-09-04,2012,54,882,2.2812,34.86,17.3259,0.6455,0.026839
238600000000000004,238500000000000002,2025-09-04,3487,98,1378,2.5305,43.57,12.4955,0.4446,0.028104
238600000000000005,238500000000000003,2025-09-04,3992,64,1728,2.3102,58.82,14.7354,0.9191,0.016032
238600000000000006,238500000000000004,2025-09-04,3303,36,1866,1.7701,58.38,17.6762,1.6218,0.010899
238600000000000007,238500000000000004,2025-09-04,3615,46,2231,1.6203,59.26,16.3936,1.2883,0.012725
238600000000000001,238500000000000001,2025-09-05,5369,72,2581,2.0802,74.17,13.8148,1.0302,0.01341
238600000000000002,238500000000000001,2025-09-05,6593,92,2658,2.4804,83.86,12.7198,0.9115,0.013954
238600000000000003,238500000000000002,2025-09-05,3380,74,2561,1.3198,42.1,12.4549,0.5689,0.021893
238600000000000004,238500000000000002,2025-09-05,2903,78,1649,1.7605,48.21,16.606,0.618,0.026869
238600000000000005,238500000000000003,2025-09-05,5650,104,2306,2.4501,67.73,11.9874,0.6512,0.018407
238600000000000006,238500000000000004,2025-09-05,6312,75,3220,1.9602,73.75,11.6848,0.9834,0.011882
238600000000000007,238500000000000004,2025-09-05,3338,52,1748,1.9096,61.7,18.485,1.1866,0.015578
238600000000000001,238500000000000001,2025-09-06,7392,88,4769,1.55,71.25,9.6387,0.8097,0.011905
238600000000000002,238500000000000001,2025-09-06,8218,92,5407,1.5199,72.21,8.7871,0.7849,0.011195
238600000000000003,238500000000000002,2025-09-06,2307,78,1016,2.2707,39.59,17.1618,0.5076,0.03381
238600000000000004,238500000000000002,2025-09-06,2900,76,1495,1.9398,42.39,14.6159,0.5577,0.026207
238600000000000005,238500000000000003,2025-09-06,5587,99,2208,2.5303,61.48,11.0048,0.621,0.01772
238600000000000007,238500000000000004,2025-09-06,4438,78,3522,1.2601,51.0,11.4912,0.6538,0.017575
238600000000000001,238500000000000001,2025-09-07,10243,137,8260,1.2401,99.63,9.7262,0.7272,0.013375
238600000000000002,238500000000000001,2025-09-07,7531,98,2842,2.6499,105.24,13.9748,1.0739,0.013013
238600000000000003,238500000000000002,2025-09-07,5363,173,2332,2.2997,59.45,11.0858,0.3437,0.032258
238600000000000004,238500000000000002,2025-09-07,5662,123,3629,1.5602,57.61,10.1757,0.4684,0.021724
238600000000000005,238500000000000003,2025-09-07,9282,150,3543,2.6198,87.8,9.4593,0.5853,0.01616
238600000000000006,238500000000000004,2025-09-07,5001,63,1923,2.6006,90.04,18.0044,1.4292,0.012597
238600000000000007,238500000000000004,2025-09-07,6043,81,2048,2.9507,85.56,14.1589,1.0563,0.013404
238600000000000001,238500000000000001,2025-09-08,5715,58,2774,2.0602,54.02,9.453,0.9314,0.010149
238600000000000002,238500000000000001,2025-09-08,4220,41,2740,1.5401,55.58,13.1697,1.3555,0.009716
238600000000000003,238500000000000002,2025-09-08,1866,45,1152,1.6198,32.36,17.3427,0.7191,0.024116
238600000000000004,238500000000000002,2025-09-08,2854,65,1586,1.7995,30.27,10.6052,0.4656,0.022775
238600000000000005,238500000000000003,2025-09-08,3516,65,2664,1.3198,46.97,13.3593,0.7226,0.018487
238600000000000006,238500000000000004,2025-09-08,2465,35,1867,1.3203,48.63,19.7274,1.3894,0.014199
238600000000000007,238500000000000004,2025-09-08,2588,36,1101,2.3506,45.31,17.5096,1.2587,0.01391
238600000000000001,238500000000000001,2025-09-09,6031,73,4535,1.3299,57.98,9.6135,0.7942,0.012104
238600000000000002,238500000000000001,2025-09-09,5494,80,2206,2.4905,61.63,11.2185,0.7704,0.014561
238600000000000003,238500000000000002,2025-09-09,2657,67,1131,2.3492,36.35,13.6807,0.5425,0.025216
238600000000000004,238500000000000002,2025-09-09,1880,57,974,1.9302,32.0,17.0216,0.5614,0.030319
238600000000000005,238500000000000003,2025-09-09,4107,56,2934,1.3998,51.26,12.4818,0.9154,0.013635
238600000000000006,238500000000000004,2025-09-09,4357,53,2578,1.6901,55.93,12.8372,1.0553,0.012164
238600000000000001,238500000000000001,2025-09-10,4132,47,2141,1.9299,47.75,11.5561,1.0159,0.011375
238600000000000002,238500000000000001,2025-09-10,7043,61,3870,1.8199,59.35,8.4266,0.9729,0.008661
238600000000000003,238500000000000002,2025-09-10,2158,44,1255,1.7195,31.71,14.6929,0.7206,0.020389
238600000000000004,238500000000000002,2025-09-10,1754,42,657,2.6697,29.49,16.8138,0.7022,0.023945
238600000000000005,238500000000000003,2025-09-10,3060,51,1200,2.55,45.9,14.9997,0.9,0.016667
238600000000000006,238500000000000004,2025-09-10,2489,33,1317,1.8899,40.69,16.3473,1.233,0.013258
238600000000000007,238500000000000004,2025-09-10,2665,27,1257,2.1201,51.11,19.1781,1.893,0.010131
238600000000000001,238500000000000001,2025-09-11,5239,44,3493,1.4999,52.17,9.9575,1.1856,0.008399
238600000000000002,238500000000000001,2025-09-11,4255,62,2781,1.53,52.48,12.3328,0.8464,0.014571
238600000000000003,238500000000000002,2025-09-11,2308,75,1073,2.151,28.95,12.5415,0.3859,0.032496
238600000000000004,238500000000000002,2025-09-11,3081,78,1081,2.8501,30.85,10.0132,0.3955,0.025316
238600000000000005,238500000000000003,2025-09-11,3133,38,1478,2.1198,44.85,14.3145,1.1802,0.012129
238600000000000006,238500000000000004,2025-09-11,2470,32,992,2.4899,46.93,19.0017,1.4667,0.012955
238600000000000007,238500000000000004,2025-09-11,3600,54,2308,1.5598,42.76,11.8779,0.7919,0.015
238600000000000001,238500000000000001,2025-09-12,6051,73,3168,1.91,57.39,9.4843,0.7862,0.012064
238600000000000002,238500000000000001,2025-09-12,7825,112,3302,2.3698,64.1,8.1914,0.5723,0.014313
238600000000000003,238500000000000002,2025-09-12,2252,76,1028,2.1907,39.65,17.6078,0.5217,0.033748
238600000000000004,238500000000000002,2025-09-12,1958,42,809,2.4203,29.77,15.2036,0.7088,0.02145
238600000000000005,238500000000000003,2025-09-12,3746,51,1274,2.9403,52.07,13.8991,1.0209,0.013615
238600000000000006,238500000000000004,2025-09-12,4043,47,2042,1.9799,49.17,12.1625,1.0462,0.011625
238600000000000007,238500000000000004,2025-09-12,3550,39,1571,2.2597,54.96,15.4813,1.4092,0.010986
238600000000000001,238500000000000001,2025-09-13,5591,65,2369,2.3601,72.55,12.9754,1.1161,0.011626
238600000000000002,238500000000000001,2025-09-13,6068,53,2507,2.4204,66.4,10.9419,1.2527,0.008734
238600000000000003,238500000000000002,2025-09-13,2801,88,1167,2.4002,43.45,15.5141,0.4938,0.031417
238600000000000004,238500000000000002,2025-09-13,2076,68,827,2.5103,35.94,17.3121,0.5285,0.032755
238600000000000005,238500000000000003,2025-09-13,4136,73,2954,1.4001,59.55,14.397,0.8157,0.01765
238600000000000006,238500000000000004,2025-09-13,3830,58,2214,1.7299,59.81,15.6168,1.0313,0.015144
238600000000000007,238500000000000004,2025-09-13,3643,54,1702,2.1404,59.28,16.2722,1.0978,0.014823
238600000000000001,238500000000000001,2025-09-14,6866,100,2581,2.6602,85.67,12.4773,0.8567,0.014565
238600000000000002,238500000000000001,2025-09-14,5813,76,3284,1.7701,68.55,11.7918,0.9019,0.013074
238600000000000003,238500000000000002,2025-09-14,3309,70,1212,2.7302,45.47,13.7403,0.6495,0.021154
238600000000000004,238500000000000002,2025-09-14,3170,76,1093,2.9003,42.66,13.4561,0.5613,0.023975
238600000000000006,238500000000000004,2025-09-14,6269,107,3709,1.6902,72.65,11.5895,0.679,0.017068
238600000000000007,238500000000000004,2025-09-14,3444,52,2375,1.4501,59.53,17.285,1.1448,0.015099
238600000000000001,238500000000000001,2025-09-15,4616,48,2849,1.6202,60.21,13.0446,1.2545,0.010399
238600000000000002,238500000000000001,2025-09-15,6787,59,2662,2.5496,63.82,9.4039,1.0818,0.008693
238600000000000003,238500000000000002,2025-09-15,2688,73,911,2.9506,36.03,13.4035,0.4935,0.027158
238600000000000004,238500000000000002,2025-09-15,1946,41,655,2.971,34.85,17.9088,0.85,0.021069
238600000000000005,238500000000000003,2025-09-15,4473,56,1675,2.6704,53.16,11.8845,0.9493,0.01252
238600000000000006,238500000000000004,2025-09-15,3708,52,1818,2.0396,51.85,13.9829,0.9971,0.014024
238600000000000007,238500000000000004,2025-09-15,2773,28,1114,2.4892,54.47,19.643,1.9454,0.010097
238600000000000001,238500000000000001,2025-09-16,8140,95,2982,2.7297,85.83,10.5439,0.9034,0.011671
238600000000000002,238500000000000001,2025-09-16,5150,45,2960,1.7399,64.16,12.4588,1.4258,0.008738
238600000000000003,238500000000000002,2025-09-16,3194,70,1528,2.0903,47.1,14.7461,0.6728,0.021916
238600000000000004,238500000000000002,2025-09-16,2403,75,1190,2.0193,38.61,16.0673,0.5148,0.031211
238600000000000005,238500000000000003,2025-09-16,4444,61,1821,2.4404,64.28,14.4648,1.0538,0.013726
238600000000000006,238500000000000004,2025-09-16,4618,61,1974,2.3394,63.74,13.8015,1.0448,0.013209
238600000000000007,238500000000000004,2025-09-16,5674,84,4172,1.36,64.83,11.4254,0.7718,0.014804
238600000000000001,238500000000000001,2025-09-17,11075,121,7099,1.5601,118.44,10.6947,0.9789,0.010926
238600000000000003,238500000000000002,2025-09-17,3799,106,2968,1.28,67.15,17.6744,0.6334,0.027902
238600000000000004,238500000000000002,2025-09-17,5088,116,1779,2.86,53.45,10.5058,0.4608,0.022799
238600000000000005,238500000000000003,2025-09-17,9476,140,4249,2.2302,90.45,9.545,0.6461,0.014774
238600000000000006,238500000000000004,2025-09-17,5198,70,2260,2.3,90.55,17.4204,1.2936,0.013467
238600000000000007,238500000000000004,2025-09-17,4526,54,3058,1.4801,90.35,19.9617,1.6731,0.011931
238600000000000001,238500000000000001,2025-09-18,5643,78,2257,2.5002,62.03,10.993,0.7953,0.013822
238600000000000002,238500000000000001,2025-09-18,9604,111,4778,2.01,77.26,8.0443,0.696,0.011558
238600000000000003,238500000000000002,2025-09-18,3533,110,1285,2.7494,44.23,12.5179,0.4021,0.031135
238600000000000004,238500000000000002,2025-09-18,2086,42,1234,1.6904,35.37,16.9557,0.8421,0.020134
238600000000000005,238500000000000003,2025-09-18,5895,88,3684,1.6002,59.7,10.1266,0.6784,0.014928
238600000000000006,238500000000000004,2025-09-18,2857,31,1143,2.4996,53.83,18.8416,1.7365,0.010851
238600000000000007,238500000000000004,2025-09-18,5334,84,1885,2.8297,65.56,12.2914,0.7805,0.015748
238600000000000001,238500000000000001,2025-09-19,10938,141,6323,1.7299,98.76,9.0287,0.7004,0.012891
238600000000000002,238500000000000001,2025-09-19,8376,93,2981,2.8098,90.95,10.8589,0.978,0.011103
238600000000000003,238500000000000002,2025-09-19,4115,120,2201,1.8696,60.64,14.7373,0.5054,0.029162
238600000000000004,238500000000000002,2025-09-19,3672,95,2961,1.2401,47.76,13.0071,0.5028,0.025871
238600000000000005,238500000000000003,2025-09-19,8476,142,6054,1.4001,81.3,9.5923,0.5726,0.016753
238600000000000006,238500000000000004,2025-09-19,5115,67,3789,1.35,79.25,15.4944,1.1829,0.013099
238600000000000007,238500000000000004,2025-09-19,5355,62,1803,2.97,83.36,15.5659,1.3444,0.011578
238600000000000001,238500000000000001,2025-09-20,4714,39,3003,1.5698,60.43,12.8198,1.5496,0.008273
238600000000000002,238500000000000001,2025-09-20,5451,76,2583,2.1103,53.92,9.891,0.7094,0.013942
238600000000000003,238500000000000002,2025-09-20,2142,48,1741,1.2303,29.78,13.9042,0.6205,0.022409
238600000000000004,238500000000000002,2025-09-20,2603,79,907,2.8699,35.56,13.6608,0.4501,0.03035
238600000000000005,238500000000000003,2025-09-20,3370,59,1199,2.8107,49.01,14.542,0.8306,0.017507
238600000000000006,238500000000000004,2025-09-20,3628,58,2791,1.2999,46.87,12.9177,0.808,0.015987
238600000000000001,238500000000000001,2025-09-21,8226,67,6529,1.2599,96.13,11.6867,1.4348,0.008145
238600000000000002,238500000000000001,2025-09-21,7660,93,6079,1.2601,77.3,10.0913,0.8312,0.012141
238600000000000003,238500000000000002,2025-09-21,4486,152,3505,1.2799,55.64,12.4041,0.3661,0.033883
238600000000000004,238500000000000002,2025-09-21,2771,79,1399,1.9807,43.46,15.684,0.5501,0.02851
238600000000000005,238500000000000003,2025-09-21,5690,74,2155,2.6404,74.33,13.0631,1.0044,0.013005
238600000000000006,238500000000000004,2025-09-21,4712,60,2839,1.6597,79.78,16.9306,1.3296,0.012733
238600000000000007,238500000000000004,2025-09-21,6096,63,2540,2.4,68.88,11.2993,1.0933,0.010335
238600000000000001,238500000000000001,2025-09-22,7629,73,3391,2.2498,63.18,8.2815,0.8655,0.009569
238600000000000002,238500000000000001,2025-09-22,8135,88,4960,1.6401,71.1,8.7399,0.8079,0.010817
238600000000000003,238500000000000002,2025-09-22,3700,96,1474,2.5102,39.33,10.63,0.4097,0.025946
238600000000000004,238500000000000002,2025-09-22,2399,70,1387,1.7296,37.4,15.5897,0.5343,0.029179
238600000000000005,238500000000000003,2025-09-22,4803,86,3842,1.2501,57.55,11.9817,0.6692,0.017905
238600000000000006,238500000000000004,2025-09-22,3029,49,1048,2.8903,55.95,18.4711,1.1418,0.016177
238600000000000007,238500000000000004,2025-09-22,4265,51,2717,1.5697,59.15,13.868,1.1597,0.011958
238600000000000001,238500000000000001,2025-09-23,10491,122,4180,2.5098,102.38,9.7591,0.8392,0.011629
238600000000000002,238500000000000001,2025-09-23,7849,97,4700,1.67,79.0,10.0654,0.8145,0.012358
238600000000000003,238500000000000002,2025-09-23,3989,120,2046,1.9497,49.53,12.4169,0.4128,0.030083
238600000000000004,238500000000000002,2025-09-23,4525,113,2145,2.1096,54.12,11.9598,0.4789,0.024972
238600000000000005,238500000000000003,2025-09-23,5326,101,2228,2.3905,77.74,14.5958,0.7697,0.018964
238600000000000006,238500000000000004,2025-09-23,3949,48,1567,2.5201,76.75,19.4361,1.599,0.012155
238600000000000007,238500000000000004,2025-09-23,4328,78,2502,1.7298,78.72,18.1888,1.0092,0.018022
238600000000000001,238500000000000001,2025-09-24,6710,58,3322,2.0199,88.01,13.1161,1.5174,0.008644
238600000000000002,238500000000000001,2025-09-24,6837,91,2909,2.3503,82.27,12.0337,0.9041,0.01331
238600000000000003,238500000000000002,2025-09-24,4177,101,2018,2.0699,45.0,10.7722,0.4455,0.02418
238600000000000004,238500000000000002,2025-09-24,3090,75,1486,2.0794,52.31,16.9286,0.6975,0.024272
238600000000000005,238500000000000003,2025-09-24,5533,110,2481,2.2301,72.98,13.1897,0.6634,0.019881
238600000000000006,238500000000000004,2025-09-24,4835,56,1845,2.6206,67.54,13.9692,1.2061,0.011582
238600000000000007,238500000000000004,2025-09-24,5292,93,1838,2.8792,78.42,14.8178,0.8432,0.017574
238600000000000001,238500000000000001,2025-09-25,7654,67,6027,1.27,100.46,13.1256,1.4995,0.008754
238600000000000002,238500000000000001,2025-09-25,7212,83,3402,2.1199,100.09,13.8784,1.2059,0.011509
238600000000000003,238500000000000002,2025-09-25,3120,65,1054,2.9602,55.93,17.9274,0.8605,0.020833
238600000000000004,238500000000000002,2025-09-25,3753,81,2040,1.8397,58.67,15.6325,0.7243,0.021583
238600000000000005,238500000000000003,2025-09-25,8030,128,4015,2.0,85.95,10.7038,0.6715,0.01594
238600000000000006,238500000000000004,2025-09-25,8149,97,4074,2.0002,90.61,11.1195,0.9342,0.011903
238600000000000007,238500000000000004,2025-09-25,4979,86,2316,2.1498,81.29,16.3267,0.9452,0.017273
238600000000000001,238500000000000001,2025-09-26,11260,132,4036,2.7899,95.54,8.4845,0.7238,0.011723
238600000000000002,238500000000000001,2025-09-26,8723,96,4406,1.9798,92.71,10.6279,0.9657,0.011005
238600000000000003,238500000000000002,2025-09-26,3708,107,1670,2.2204,49.85,13.4429,0.4659,0.028857
238600000000000004,238500000000000002,2025-09-26,4405,93,1714,2.57,57.72,13.1035,0.6207,0.021112
238600000000000005,238500000000000003,2025-09-26,5409,74,2862,1.8899,80.68,14.915,1.0902,0.013681
238600000000000006,238500000000000004,2025-09-26,5434,60,2860,1.9,76.49,14.0759,1.2748,0.011042
238600000000000007,238500000000000004,2025-09-26,5258,81,3756,1.3999,84.86,16.1397,1.0477,0.015405
238600000000000001,238500000000000001,2025-09-27,5221,43,2166,2.4104,65.78,12.5988,1.5297,0.008236
238600000000000002,238500000000000001,2025-09-27,7008,74,5744,1.2201,95.31,13.6,1.288,0.010559
238600000000000003,238500000000000002,2025-09-27,4767,144,2238,2.13,52.42,10.9966,0.364,0.030208
238600000000000004,238500000000000002,2025-09-27,2320,48,1459,1.5901,39.63,17.0815,0.8256,0.02069
238600000000000005,238500000000000003,2025-09-27,5705,76,2177,2.6206,69.04,12.1012,0.9084,0.013322
238600000000000007,238500000000000004,2025-09-27,4510,80,1841,2.4498,68.91,15.279,0.8614,0.017738
238600000000000001,238500000000000001,2025-09-28,5951,55,2755,2.1601,81.56,13.7059,1.483,0.009242
238600000000000002,238500000000000001,2025-09-28,8405,92,3002,2.7998,94.64,11.2605,1.0287,0.010946
238600000000000003,238500000000000002,2025-09-28,3105,65,1146,2.7094,47.15,15.1868,0.7255,0.020934
238600000000000004,238500000000000002,2025-09-28,4425,130,2950,1.5,53.54,12.0984,0.4118,0.029379
238600000000000005,238500000000000003,2025-09-28,6736,81,2432,2.7697,75.52,11.2111,0.9323,0.012025
238600000000000007,238500000000000004,2025-09-28,5080,64,2190,2.3196,73.68,14.5036,1.1512,0.012598
238600000000000001,238500000000000001,2025-09-29,8570,93,2925,2.9299,82.22,9.5937,0.8841,0.010852
238600000000000002,238500000000000001,2025-09-29,4885,65,1850,2.6405,61.34,12.5576,0.9438,0.013306
238600000000000003,238500000000000002,2025-09-29,3162,95,1235,2.5603,36.0,11.3847,0.3789,0.030044
238600000000000004,238500000000000002,2025-09-29,3824,91,2148,1.7803,46.04,12.039,0.5059,0.023797
238600000000000005,238500000000000003,2025-09-29,5620,91,4014,1.4001,61.53,10.9478,0.6761,0.016192
238600000000000006,238500000000000004,2025-09-29,4921,80,2343,2.1003,66.64,13.5421,0.833,0.016257
238600000000000007,238500000000000004,2025-09-29,4337,77,1455,2.9808,56.41,13.0073,0.7326,0.017754
238600000000000001,238500000000000001,2025-09-30,6516,80,4344,1.5,74.51,11.435,0.9314,0.012277
238600000000000002,238500000000000001,2025-09-30,6892,89,2768,2.4899,91.93,13.3384,1.0329,0.012914
238600000000000003,238500000000000002,2025-09-30,4114,115,2434,1.6902,53.19,12.9288,0.4625,0.027953
238600000000000004,238500000000000002,2025-09-30,2374,68,892,2.6614,41.92,17.6575,0.6165,0.028644
238600000000000005,238500000000000003,2025-09-30,4932,70,1840,2.6804,71.33,14.4629,1.019,0.014193
238600000000000006,238500000000000004,2025-09-30,5682,85,3055,1.8599,65.13,11.4617,0.7662,0.01496
238600000000000007,238500000000000004,2025-09-30,4475,52,1702,2.6293,77.54,17.3266,1.4911,0.01162
238600000000000001,238500000000000001,2025-10-01,9767,116,4788,2.0399,86.73,8.8798,0.7477,0.011877
238600000000000002,238500000000000001,2025-10-01,7603,85,2631,2.8898,66.12,8.6965,0.7779,0.01118
238600000000000003,238500000000000002,2025-10-01,2526,69,1226,2.0604,45.01,17.8171,0.6523,0.027316
238600000000000004,238500000000000002,2025-10-01,3540,80,2603,1.36,42.34,11.9593,0.5292,0.022599
238600000000000005,238500000000000003,2025-10-01,5234,89,2991,1.7499,65.51,12.5155,0.736,0.017004
238600000000000006,238500000000000004,2025-10-01,3979,51,1496,2.6598,60.01,15.0827,1.1767,0.012817
238600000000000007,238500000000000004,2025-10-01,5953,83,2470,2.4101,71.0,11.9265,0.8554,0.013943
238600000000000001,238500000000000001,2025-10-02,4431,58,1482,2.9899,49.39,11.1459,0.8515,0.01309
238600000000000002,238500000000000001,2025-10-02,6808,92,2458,2.7697,55.57,8.1625,0.604,0.013514
238600000000000003,238500000000000002,2025-10-02,1826,43,1178,1.5501,30.9,16.9235,0.7187,0.023549
238600000000000004,238500000000000002,2025-10-02,2017,69,1653,1.2202,29.07,14.4141,0.4214,0.034209
238600000000000005,238500000000000003,2025-10-02,4125,71,2012,2.0502,44.98,10.9047,0.6335,0.017212
238600000000000006,238500000000000004,2025-10-02,4506,75,2870,1.57,52.23,11.5906,0.6964,0.016644
238600000000000007,238500000000000004,2025-10-02,1919,31,1391,1.3796,37.74,19.6646,1.2173,0.016154
238600000000000001,238500000000000001,2025-10-03,8189,92,5352,1.5301,67.36,8.2255,0.7322,0.011235
238600000000000002,238500000000000001,2025-10-03,9592,132,4820,1.99,88.45,9.2208,0.67,0.013761
238600000000000003,238500000000000002,2025-10-03,2878,98,2214,1.2999,43.37,15.071,0.4426,0.034051
238600000000000004,238500000000000002,2025-10-03,4514,148,2052,2.1998,45.66,10.1145,0.3085,0.032787
238600000000000005,238500000000000003,2025-10-03,4866,96,2263,2.1502,66.77,13.7224,0.6956,0.019729
238600000000000006,238500000000000004,2025-10-03,5136,61,2732,1.8799,59.07,11.5011,0.9684,0.011877
238600000000000007,238500000000000004,2025-10-03,4345,62,2617,1.6603,74.48,17.1409,1.2012,0.014269
238600000000000001,238500000000000001,2025-10-04,6577,93,3536,1.86,88.64,13.4771,0.9531,0.01414
238600000000000002,238500000000000001,2025-10-04,6837,85,2960,2.3098,77.46,11.3298,0.9113,0.012432
238600000000000003,238500000000000002,2025-10-04,2842,76,1428,1.9902,46.65,16.4136,0.6138,0.026742
238600000000000004,238500000000000002,2025-10-04,3209,71,1150,2.7904,48.27,15.0413,0.6798,0.022125
238600000000000005,238500000000000003,2025-10-04,6672,86,5424,1.2301,71.19,10.6694,0.8277,0.01289
238600000000000006,238500000000000004,2025-10-04,4318,46,2750,1.5702,79.38,18.3834,1.7256,0.010653
238600000000000007,238500000000000004,2025-10-04,3621,60,1521,2.3807,62.99,17.3965,1.0499,0.01657
238600000000000001,238500000000000001,2025-10-05,5789,80,4020,1.44,70.07,12.104,0.8759,0.013819
238600000000000002,238500000000000001,2025-10-05,5077,67,2124,2.3903,65.8,12.9605,0.9821,0.013197
238600000000000003,238500000000000002,2025-10-05,2326,48,1410,1.6496,34.78,14.9509,0.7245,0.020636
238600000000000004,238500000000000002,2025-10-05,3314,100,1255,2.6406,42.86,12.9344,0.4286,0.030175
238600000000000005,238500000000000003,2025-10-05,6398,99,2601,2.4598,58.23,9.1013,0.5882,0.015474
238600000000000006,238500000000000004,2025-10-05,3773,49,2880,1.3101,52.74,13.9785,1.0763,0.012987
238600000000000007,238500000000000004,2025-10-05,3627,65,1971,1.8402,63.72,17.5682,0.9803,0.017921
238600000000000001,238500000000000001,2025-10-06,6051,49,2401,2.5202,76.06,12.57,1.5523,0.008098
238600000000000002,238500000000000001,2025-10-06,7508,108,4875,1.5401,61.09,8.1361,0.5656,0.014385
238600000000000003,238500000000000002,2025-10-06,4076,108,1617,2.5207,42.78,10.4956,0.3961,0.026497
238600000000000004,238500000000000002,2025-10-06,3400,79,2677,1.2701,35.59,10.4675,0.4505,0.023235
238600000000000005,238500000000000003,2025-10-06,4245,76,1549,2.7405,58.78,13.8462,0.7734,0.017903
238600000000000006,238500000000000004,2025-10-06,4827,76,2343,2.0602,58.1,12.0354,0.7644,0.015745
238600000000000007,238500000000000004,2025-10-06,3730,65,2169,1.7197,59.46,15.9409,0.9148,0.017426
238600000000000001,238500000000000001,2025-10-07,4609,69,1557,2.9602,51.08,11.0837,0.7404,0.014971
238600000000000002,238500000000000001,2025-10-07,7073,91,2508,2.8202,65.7,9.2883,0.7219,0.012866
238600000000000003,238500000000000002,2025-10-07,1967,48,867,2.2687,35.22,17.9029,0.7336,0.024403
238600000000000004,238500000000000002,2025-10-07,1992,41,1043,1.9099,31.52,15.8216,0.7687,0.020582
238600000000000005,238500000000000003,2025-10-07,4904,90,1938,2.5304,50.05,10.2057,0.5561,0.018352
238600000000000006,238500000000000004,2025-10-07,4222,67,2385,1.7702,54.6,12.9327,0.815,0.015869
238600000000000007,238500000000000004,2025-10-07,2925,31,1406,2.0804,45.5,15.5541,1.4676,0.010598
238600000000000001,238500000000000001,2025-10-08,7238,59,4021,1.8,86.66,11.9729,1.4688,0.008151
238600000000000002,238500000000000001,2025-10-08,8619,116,3204,2.6901,97.06,11.2612,0.8367,0.013459
238600000000000004,238500000000000002,2025-10-08,4077,111,2486,1.64,47.44,11.6359,0.4274,0.027226
238600000000000005,238500000000000003,2025-10-08,5374,83,3019,1.7801,78.74,14.6515,0.9486,0.015445
238600000000000006,238500000000000004,2025-10-08,5626,89,2581,2.1798,78.65,13.9797,0.8837,0.015819
238600000000000007,238500000000000004,2025-10-08,5042,66,2559,1.9703,78.82,15.6337,1.1943,0.01309
238600000000000001,238500000000000001,2025-10-09,4678,44,3249,1.4398,61.4,13.1258,1.3955,0.009406
238600000000000002,238500000000000001,2025-10-09,4570,46,1626,2.8106,57.02,12.4774,1.2396,0.010066
238600000000000003,238500000000000002,2025-10-09,2275,66,1149,1.98,32.59,14.3234,0.4937,0.029011
238600000000000004,238500000000000002,2025-10-09,2746,63,1006,2.7296,35.09,12.7769,0.5569,0.022942
238600000000000005,238500000000000003,2025-10-09,3978,61,1800,2.21,50.75,12.7585,0.832,0.015334
238600000000000006,238500000000000004,2025-10-09,3737,63,1465,2.5509,54.25,14.5164,0.8611,0.016858
238600000000000007,238500000000000004,2025-10-09,3343,51,1291,2.5895,47.26,14.1366,0.9266,0.015256
238600000000000001,238500000000000001,2025-10-10,5375,51,2125,2.5294,71.65,13.3296,1.4048,0.009488
238600000000000002,238500000000000001,2025-10-10,7302,91,3843,1.9001,84.77,11.6092,0.9315,0.012462
238600000000000003,238500000000000002,2025-10-10,2697,88,1110,2.4297,43.13,15.9933,0.4902,0.032629
238600000000000004,238500000000000002,2025-10-10,4588,121,2622,1.7498,46.25,10.08,0.3822,0.026373
238600000000000005,238500000000000003,2025-10-10,4472,59,2813,1.5898,67.04,14.9901,1.1362,0.013193
238600000000000006,238500000000000004,2025-10-10,4282,48,1838,2.3297,67.57,15.7791,1.4076,0.01121
238600000000000007,238500000000000004,2025-10-10,3480,49,1338,2.6009,66.51,19.1107,1.3573,0.01408
238600000000000001,238500000000000001,2025-10-11,6377,78,3708,1.7198,75.59,11.8538,0.9691,0.012231
238600000000000002,238500000000000001,2025-10-11,8117,120,3382,2.4001,73.72,9.0822,0.6143,0.014784
238600000000000003,238500000000000002,2025-10-11,3088,102,1033,2.9894,40.01,12.9561,0.3922,0.033031
238600000000000005,238500000000000003,2025-10-11,4880,93,2681,1.8202,63.99,13.1129,0.6881,0.019057
238600000000000006,238500000000000004,2025-10-11,3809,66,2664,1.4298,62.09,16.3012,0.9408,0.017327
238600000000000007,238500000000000004,2025-10-11,5149,60,3344,1.5398,65.89,12.7968,1.0982,0.011653
238600000000000001,238500000000000001,2025-10-12,4667,68,3734,1.2499,59.07,12.6579,0.8687,0.01457
238600000000000002,238500000000000001,2025-10-12,5882,69,4631,1.2701,78.18,13.292,1.1331,0.011731
238600000000000003,238500000000000002,2025-10-12,3584,77,1332,2.6907,43.96,12.2659,0.5709,0.021484
238600000000000004,238500000000000002,2025-10-12,2415,65,1872,1.2901,34.47,14.2742,0.5303,0.026915
238600000000000005,238500000000000003,2025-10-12,5551,83,2313,2.3999,58.82,10.5972,0.7087,0.014952
238600000000000006,238500000000000004,2025-10-12,2834,44,1350,2.0993,51.46,18.1572,1.1695,0.015526
238600000000000007,238500000000000004,2025-10-12,4034,63,3079,1.3102,66.19,16.4086,1.0507,0.015617
238600000000000001,238500000000000001,2025-10-13,10337,153,7178,1.4401,83.91,8.1177,0.5485,0.014801
238600000000000002,238500000000000001,2025-10-13,5275,64,3103,1.7,66.2,12.5498,1.0344,0.012133
238600000000000003,238500000000000002,2025-10-13,2948,63,1776,1.6599,39.22,13.3053,0.6226,0.02137
238600000000000004,238500000000000002,2025-10-13,3492,85,1580,2.2101,46.55,13.3319,0.5477,0.024341
238600000000000005,238500000000000003,2025-10-13,4375,61,2025,2.1605,64.33,14.705,1.0547,0.013943
238600000000000006,238500000000000004,2025-10-13,4040,65,2322,1.7399,64.01,15.844,0.9848,0.016089
238600000000000007,238500000000000004,2025-10-13,3788,44,2059,1.8397,64.66,17.0694,1.4695,0.011616
238600000000000001,238500000000000001,2025-10-14,5962,85,2453,2.4305,76.33,12.8022,0.898,0.014257
238600000000000002,238500000000000001,2025-10-14,5792,60,2529,2.2902,58.08,10.0283,0.9681,0.010359
238600000000000003,238500000000000002,2025-10-14,3135,99,1100,2.85,39.4,12.5689,0.398,0.031579
238600000000000004,238500000000000002,2025-10-14,2331,58,1055,2.2095,37.4,16.0456,0.6449,0.024882
238600000000000005,238500000000000003,2025-10-14,5550,98,2434,2.2802,57.6,10.3792,0.5878,0.017658
238600000000000006,238500000000000004,2025-10-14,3703,41,1255,2.9506,56.26,15.1941,1.3723,0.011072
238600000000000007,238500000000000004,2025-10-14,3862,55,1672,2.3098,58.95,15.2629,1.0717,0.014241
238600000000000001,238500000000000001,2025-10-15,6694,81,2743,2.4404,76.62,11.4468,0.946,0.0121
238600000000000002,238500000000000001,2025-10-15,5797,52,4294,1.35,63.56,10.9643,1.2223,0.00897
238600000000000003,238500000000000002,2025-10-15,3423,78,1180,2.9008,40.5,11.8327,0.5193,0.022787
238600000000000004,238500000000000002,2025-10-15,2238,72,1834,1.2203,39.6,17.6954,0.55,0.032172
238600000000000006,238500000000000004,2025-10-15,5702,88,2592,2.1998,68.61,12.0325,0.7797,0.015433
238600000000000001,238500000000000001,2025-10-16,6073,62,2489,2.4399,80.71,13.2904,1.3018,0.010209
238600000000000002,238500000000000001,2025-10-16,5528,50,3021,1.8299,76.16,13.7774,1.5232,0.009045
238600000000000003,238500000000000002,2025-10-16,3364,85,1657,2.0302,46.09,13.7004,0.5422,0.025268
238600000000000004,238500000000000002,2025-10-16,2680,65,954,2.8092,43.55,16.2515,0.6701,0.024254
238600000000000005,238500000000000003,2025-10-16,6550,114,4679,1.3999,67.23,10.2644,0.5898,0.017405
238600000000000006,238500000000000004,2025-10-16,4263,77,1579,2.6998,70.84,16.6177,0.92,0.018062
238600000000000007,238500000000000004,2025-10-16,3507,50,1616,2.1702,63.62,18.1415,1.2724,0.014257
238600000000000001,238500000000000001,2025-10-17,10218,127,4984,2.0502,91.3,8.935,0.7189,0.012429
238600000000000002,238500000000000001,2025-10-17,8948,122,7046,1.2699,95.89,10.7161,0.786,0.013634
238600000000000003,238500000000000002,2025-10-17,5217,154,1768,2.9508,61.45,11.7788,0.399,0.029519
238600000000000005,238500000000000003,2025-10-17,8728,113,3879,2.2501,80.22,9.1914,0.7099,0.012947
238600000000000006,238500000000000004,2025-10-17,4214,73,1602,2.6305,78.37,18.5969,1.0735,0.017323
238600000000000007,238500000000000004,2025-10-17,4955,66,2753,1.7999,82.08,16.5646,1.2436,0.01332
238600000000000001,238500000000000001,2025-10-18,6816,82,2417,2.82,81.08,11.896,0.9888,0.012031
238600000000000002,238500000000000001,2025-10-18,6089,69,2548,2.3897,82.44,13.5386,1.1947,0.011332
238600000000000003,238500000000000002,2025-10-18,2632,78,1309,2.0107,44.45,16.8891,0.5699,0.029635
238600000000000004,238500000000000002,2025-10-18,3507,121,1252,2.8011,48.99,13.9685,0.4049,0.034502
238600000000000005,238500000000000003,2025-10-18,5446,94,4095,1.3299,70.08,12.8681,0.7455,0.01726
238600000000000006,238500000000000004,2025-10-18,5505,76,3336,1.6502,60.6,11.0079,0.7973,0.013806
238600000000000007,238500000000000004,2025-10-18,7232,95,2964,2.4399,79.56,11.0012,0.8375,0.013136
238600000000000001,238500000000000001,2025-10-19,9916,135,6792,1.46,85.08,8.58,0.6302,0.013614
238600000000000002,238500000000000001,2025-10-19,5372,60,3379,1.5898,73.81,13.7391,1.2301,0.011169
238600000000000003,238500000000000002,2025-10-19,3256,81,2185,1.4902,45.79,14.0624,0.5653,0.024877
238600000000000004,238500000000000002,2025-10-19,3540,86,1242,2.8502,45.0,12.7132,0.5233,0.024294
238600000000000005,238500000000000003,2025-10-19,5590,77,2420,2.3099,68.09,12.1814,0.8843,0.013775
238600000000000006,238500000000000004,2025-10-19,3765,67,2069,1.8197,65.35,17.3569,0.9754,0.017795
238600000000000007,238500000000000004,2025-10-19,4940,73,1764,2.8005,70.84,14.3399,0.9704,0.014777
238600000000000001,238500000000000001,2025-10-20,5827,78,2158,2.7002,76.13,13.0646,0.976,0.013386
238600000000000002,238500000000000001,2025-10-20,6566,94,3474,1.89,90.71,13.8146,0.965,0.014316
238600000000000003,238500000000000002,2025-10-20,2879,86,1107,2.6007,44.99,15.6255,0.5231,0.029871
238600000000000004,238500000000000002,2025-10-20,3530,121,2193,1.6097,50.35,14.263,0.4161,0.034278
238600000000000005,238500000000000003,2025-10-20,5260,95,2112,2.4905,71.5,13.5933,0.7526,0.018061
238600000000000006,238500000000000004,2025-10-20,4520,71,1982,2.2805,64.84,14.3459,0.9133,0.015708
238600000000000007,238500000000000004,2025-10-20,5857,81,2914,2.01,78.16,13.3443,0.9649,0.01383
238600000000000001,238500000000000001,2025-10-21,5956,58,2150,2.7702,80.66,13.5434,1.3908,0.009738
238600000000000002,238500000000000001,2025-10-21,7127,84,2432,2.9305,88.3,12.389,1.0512,0.011786
238600000000000003,238500000000000002,2025-10-21,3775,100,1339,2.8193,47.58,12.6052,0.4758,0.02649
238600000000000004,238500000000000002,2025-10-21,3498,79,1861,1.8796,48.96,13.9979,0.6198,0.022584
238600000000000005,238500000000000003,2025-10-21,5574,88,3131,1.7803,72.41,12.991,0.8229,0.015788
238600000000000006,238500000000000004,2025-10-21,6254,80,5169,1.2099,71.0,11.3522,0.8875,0.012792
238600000000000007,238500000000000004,2025-10-21,4248,48,2334,1.8201,73.83,17.3793,1.5381,0.011299
238600000000000001,238500000000000001,2025-10-22,7613,89,5902,1.2899,81.99,10.7698,0.9212,0.011691
238600000000000002,238500000000000001,2025-10-22,5325,46,4034,1.32,64.05,12.0273,1.3923,0.008638
238600000000000003,238500000000000002,2025-10-22,2196,50,1347,1.6303,36.41,16.5781,0.7281,0.022769
238600000000000004,238500000000000002,2025-10-22,2882,75,967,2.9804,47.04,16.3232,0.6272,0.026024
238600000000000005,238500000000000003,2025-10-22,5062,75,3806,1.33,62.59,12.364,0.8345,0.014816
238600000000000006,238500000000000004,2025-10-22,3024,44,1779,1.6998,60.34,19.9546,1.3714,0.01455
238600000000000007,238500000000000004,2025-10-22,3945,69,1500,2.63,64.83,16.4337,0.9396,0.01749
238600000000000001,238500000000000001,2025-10-23,7399,75,2868,2.5798,76.58,10.3499,1.0211,0.010137
238600000000000002,238500000000000001,2025-10-23,9810,81,4785,2.0502,83.91,8.5538,1.036,0.008257
238600000000000003,238500000000000002,2025-10-23,2764,84,1447,1.9102,46.06,16.6658,0.5484,0.030391
238600000000000004,238500000000000002,2025-10-23,4465,153,2302,1.9396,45.65,10.223,0.2983,0.034267
238600000000000005,238500000000000003,2025-10-23,6414,93,2983,2.1502,68.78,10.7238,0.7396,0.0145
238600000000000006,238500000000000004,2025-10-23,3852,50,1437,2.6806,70.24,18.2346,1.4048,0.01298
238600000000000007,238500000000000004,2025-10-23,3447,60,2040,1.6897,67.32,19.5314,1.1221,0.017406
238600000000000001,238500000000000001,2025-10-24,8538,99,6278,1.36,73.77,8.64,0.7451,0.011595
238600000000000002,238500000000000001,2025-10-24,6219,50,2401,2.5902,80.69,12.9754,1.6139,0.00804
238600000000000003,238500000000000002,2025-10-24,2626,90,1774,1.4803,40.26,15.3315,0.4473,0.034273
238600000000000004,238500000000000002,2025-10-24,2941,99,1325,2.2196,48.0,16.3222,0.4849,0.033662
238600000000000005,238500000000000003,2025-10-24,5511,108,1849,2.9805,66.2,12.012,0.6129,0.019597
238600000000000006,238500000000000004,2025-10-24,6108,93,4966,1.23,77.11,12.6244,0.8291,0.015226
238600000000000007,238500000000000004,2025-10-24,3700,57,1480,2.5,55.29,14.9422,0.9699,0.015405
238600000000000001,238500000000000001,2025-10-25,7316,64,3640,2.0099,64.13,8.7655,1.002,0.008748
238600000000000002,238500000000000001,2025-10-25,6123,53,2746,2.2298,68.27,11.1498,1.2881,0.008656
238600000000000003,238500000000000002,2025-10-25,2805,71,1362,2.0595,42.9,15.2924,0.6042,0.025312
238600000000000004,238500000000000002,2025-10-25,2220,58,978,2.2699,32.76,14.7572,0.5648,0.026126
238600000000000005,238500000000000003,2025-10-25,4885,96,3514,1.3902,56.74,11.6156,0.5911,0.019652
238600000000000006,238500000000000004,2025-10-25,4255,72,1462,2.9104,56.78,13.3452,0.7887,0.016921
238600000000000007,238500000000000004,2025-10-25,3595,59,1664,2.1605,56.7,15.7721,0.961,0.016412
238600000000000001,238500000000000001,2025-10-26,5849,76,2397,2.4401,69.22,11.8342,0.9108,0.012994
238600000000000002,238500000000000001,2025-10-26,8114,96,2723,2.9798,65.38,8.0578,0.681,0.011831
238600000000000003,238500000000000002,2025-10-26,4169,144,2116,1.9702,43.25,10.3742,0.3003,0.034541
238600000000000004,238500000000000002,2025-10-26,2324,62,1490,1.5597,33.66,14.4853,0.543,0.026678
238600000000000005,238500000000000003,2025-10-26,4036,49,2230,1.8099,57.69,14.2927,1.1773,0.012141
238600000000000006,238500000000000004,2025-10-26,3979,55,2105,1.8903,59.24,14.8893,1.0772,0.013823
238600000000000007,238500000000000004,2025-10-26,3322,50,1605,2.0698,56.13,16.8954,1.1225,0.015051
238600000000000001,238500000000000001,2025-10-27,9356,117,3517,2.6602,88.81,9.492,0.759,0.012505
238600000000000002,238500000000000001,2025-10-27,8626,122,4564,1.89,87.76,10.1743,0.7194,0.014143
238600000000000003,238500000000000002,2025-10-27,3584,97,2002,1.7902,51.49,14.3653,0.5308,0.027065
238600000000000004,238500000000000002,2025-10-27,4635,128,1869,2.4799,49.41,10.6607,0.386,0.027616
238600000000000005,238500000000000003,2025-10-27,5566,85,3162,1.7603,75.67,13.5956,0.8903,0.015271
238600000000000006,238500000000000004,2025-10-27,5690,71,4064,1.4001,84.62,14.8711,1.1918,0.012478
238600000000000007,238500000000000004,2025-10-27,4605,79,1593,2.8908,66.73,14.4908,0.8447,0.017155
238600000000000001,238500000000000001,2025-10-28,6301,75,3406,1.85,78.16,12.4037,1.0421,0.011903
238600000000000002,238500000000000001,2025-10-28,7583,76,2851,2.6598,84.23,11.1077,1.1083,0.010022
238600000000000003,238500000000000002,2025-10-28,3253,75,1542,2.1096,46.35,14.2471,0.6179,0.023056
238600000000000004,238500000000000002,2025-10-28,2643,56,1662,1.5903,46.45,17.5732,0.8294,0.021188
238600000000000005,238500000000000003,2025-10-28,7163,112,3427,2.0902,69.59,9.7157,0.6214,0.015636
238600000000000006,238500000000000004,2025-10-28,4177,54,1559,2.6793,66.66,15.9598,1.2345,0.012928
238600000000000007,238500000000000004,2025-10-28,5080,64,2180,2.3303,72.52,14.2763,1.1332,0.012598
238600000000000001,238500000000000001,2025-10-29,6394,51,3552,1.8001,78.21,12.2322,1.5336,0.007976
238600000000000002,238500000000000001,2025-10-29,10313,137,5486,1.8799,89.07,8.6362,0.6501,0.013284
238600000000000003,238500000000000002,2025-10-29,2819,86,1293,2.1802,42.84,15.1967,0.4981,0.030507
238600000000000004,238500000000000002,2025-10-29,4076,115,1691,2.4104,52.75,12.9411,0.4587,0.028214
238600000000000005,238500000000000003,2025-10-29,5389,90,2018,2.6705,71.69,13.3031,0.7966,0.016701
238600000000000006,238500000000000004,2025-10-29,4969,85,2776,1.79,70.85,14.2592,0.8336,0.017106
238600000000000007,238500000000000004,2025-10-29,5647,79,2866,1.9703,72.53,12.8435,0.9181,0.01399
238600000000000001,238500000000000001,2025-10-30,4949,53,1730,2.8607,55.24,11.1621,1.0423,0.010709
238600000000000002,238500000000000001,2025-10-30,5276,72,2264,2.3304,50.73,9.6152,0.7046,0.013647
238600000000000003,238500000000000002,2025-10-30,2157,47,787,2.7408,30.24,14.02,0.6434,0.02179
238600000000000004,238500000000000002,2025-10-30,1703,35,1362,1.2504,30.31,17.8002,0.8661,0.020552
238600000000000005,238500000000000003,2025-10-30,3545,60,2607,1.3598,45.42,12.8113,0.7569,0.016925
238600000000000007,238500000000000004,2025-10-30,2585,42,1701,1.5197,47.57,18.4025,1.1326,0.016248
238600000000000001,238500000000000001,2025-10-31,8767,76,3188,2.75,97.1,11.0759,1.2777,0.008669
238600000000000002,238500000000000001,2025-10-31,7543,87,2628,2.8702,80.15,10.6257,0.9213,0.011534
238600000000000003,238500000000000002,2025-10-31,4115,91,2099,1.9605,43.73,10.6266,0.4805,0.022114
238600000000000004,238500000000000002,2025-10-31,3901,119,2155,1.8102,57.56,14.7549,0.4837,0.030505
238600000000000005,238500000000000003,2025-10-31,6840,123,3420,2.0,75.97,11.106,0.6176,0.017982
238600000000000006,238500000000000004,2025-10-31,6169,104,4140,1.4901,88.93,14.4148,0.855,0.016858
238600000000000007,238500000000000004,2025-10-31,3957,57,2341,1.6903,63.01,15.9225,1.1054,0.014405
238600000000000001,238500000000000001,2025-11-01,6449,82,3115,2.0703,63.97,9.9192,0.7801,0.012715
238600000000000002,238500000000000001,2025-11-01,7341,106,2823,2.6004,61.2,8.3369,0.5774,0.014439
238600000000000003,238500000000000002,2025-11-01,2981,75,2014,1.4801,34.77,11.6626,0.4635,0.025159
238600000000000004,238500000000000002,2025-11-01,2115,50,820,2.5793,36.76,17.3805,0.7352,0.023641
238600000000000005,238500000000000003,2025-11-01,4091,60,2783,1.47,53.64,13.1128,0.8941,0.014666
238600000000000006,238500000000000004,2025-11-01,4884,77,2442,2.0,54.04,11.0641,0.7018,0.015766
238600000000000007,238500000000000004,2025-11-01,2759,43,1401,1.9693,53.25,19.3011,1.2384,0.015585
238600000000000001,238500000000000001,2025-11-02,4013,42,2320,1.7297,47.4,11.8125,1.1287,0.010466
238600000000000002,238500000000000001,2025-11-02,4171,33,3184,1.31,55.19,13.2309,1.6723,0.007912
238600000000000003,238500000000000002,2025-11-02,2879,97,1411,2.0404,28.94,10.051,0.2983,0.033692
238600000000000004,238500000000000002,2025-11-02,1768,40,693,2.5512,29.69,16.7907,0.7421,0.022624
238600000000000005,238500000000000003,2025-11-02,3439,52,1859,1.8499,43.97,12.7849,0.8455,0.015121
238600000000000006,238500000000000004,2025-11-02,3059,46,2170,1.4097,37.7,12.3256,0.8197,0.015038
238600000000000007,238500000000000004,2025-11-02,2539,42,996,2.5492,50.23,19.7834,1.196,0.016542
238600000000000001,238500000000000001,2025-11-03,9230,123,5398,1.7099,122.11,13.2295,0.9928,0.013326
238600000000000002,238500000000000001,2025-11-03,15125,135,11040,1.37,125.52,8.2989,0.9298,0.008926
238600000000000003,238500000000000002,2025-11-03,4914,152,2559,1.9203,75.78,15.421,0.4985,0.030932
238600000000000004,238500000000000002,2025-11-03,4697,123,1894,2.4799,65.72,13.9927,0.5343,0.026187
238600000000000005,238500000000000003,2025-11-03,7967,123,3944,2.02,106.13,13.3208,0.8628,0.015439
238600000000000006,238500000000000004,2025-11-03,6846,103,2428,2.8196,110.96,16.2078,1.0773,0.015045
238600000000000007,238500000000000004,2025-11-03,6249,90,3452,1.8103,101.3,16.2099,1.1255,0.014402
238600000000000001,238500000000000001,2025-11-04,6945,59,3215,2.1602,92.84,13.3672,1.5735,0.008495
238600000000000002,238500000000000001,2025-11-04,12965,168,4732,2.7399,109.09,8.4145,0.6494,0.012958
238600000000000003,238500000000000002,2025-11-04,5185,172,1899,2.7304,67.28,12.9753,0.3911,0.033173
238600000000000004,238500000000000002,2025-11-04,4470,107,2776,1.6102,48.11,10.7632,0.4496,0.023937
238600000000000005,238500000000000003,2025-11-04,8881,119,4531,1.9601,86.54,9.7445,0.7272,0.013399
238600000000000006,238500000000000004,2025-11-04,5110,58,3430,1.4898,101.56,19.8749,1.751,0.01135
238600000000000007,238500000000000004,2025-11-04,4507,79,2299,1.9604,71.52,15.8691,0.9053,0.017528
238600000000000001,238500000000000001,2025-11-05,6838,72,3225,2.1203,83.09,12.1516,1.1541,0.010529
238600000000000002,238500000000000001,2025-11-05,5990,62,2527,2.3704,83.37,13.9189,1.3447,0.010351
238600000000000003,238500000000000002,2025-11-05,4093,139,1441,2.8404,44.88,10.9651,0.3229,0.03396
238600000000000004,238500000000000002,2025-11-05,4262,143,3134,1.3599,50.24,11.7888,0.3514,0.033552
238600000000000005,238500000000000003,2025-11-05,6272,87,5099,1.23,71.34,11.3748,0.82,0.013871
238600000000000006,238500000000000004,2025-11-05,3307,49,1553,2.1294,64.06,19.3711,1.3074,0.014817
238600000000000007,238500000000000004,2025-11-05,6905,107,3418,2.0202,78.63,11.3868,0.7348,0.015496
238600000000000001,238500000000000001,2025-11-06,7849,114,5902,1.3299,96.21,12.2579,0.844,0.014524
238600000000000002,238500000000000001,2025-11-06,11402,143,4936,2.31,104.08,9.1283,0.7278,0.012542
238600000000000003,238500000000000002,2025-11-06,3877,125,1532,2.5307,63.9,16.4824,0.5112,0.032241
238600000000000004,238500000000000002,2025-11-06,2855,64,1124,2.54,50.55,17.7062,0.7899,0.022417
238600000000000005,238500000000000003,2025-11-06,8682,153,4407,1.97,85.84,9.8871,0.561,0.017623
238600000000000006,238500000000000004,2025-11-06,6308,87,4442,1.4201,83.17,13.1855,0.956,0.013792
238600000000000007,238500000000000004,2025-11-06,5302,53,1942,2.7302,88.51,16.693,1.6699,0.009996
238600000000000001,238500000000000001,2025-11-07,9768,79,3831,2.5497,92.05,9.4236,1.1652,0.008088
238600000000000002,238500000000000001,2025-11-07,8092,108,3581,2.2597,110.47,13.6523,1.0229,0.013347
238600000000000004,238500000000000002,2025-11-07,4178,105,1542,2.7095,59.44,14.2275,0.5661,0.025132
238600000000000005,238500000000000003,2025-11-07,8682,119,4057,2.14,86.8,9.9972,0.7294,0.013707
238600000000000006,238500000000000004,2025-11-07,6681,70,3122,2.14,86.85,13.0002,1.2408,0.010477
238600000000000007,238500000000000004,2025-11-07,6696,88,5314,1.2601,86.74,12.9536,0.9857,0.013142
238600000000000001,238500000000000001,2025-11-08,6919,78,3802,1.8198,69.22,10.0037,0.8874,0.011273
238600000000000002,238500000000000001,2025-11-08,6747,86,4139,1.6301,80.23,11.8909,0.9329,0.012746
238600000000000003,238500000000000002,2025-11-08,4206,113,1790,2.3497,44.26,10.5234,0.3917,0.026866
238600000000000004,238500000000000002,2025-11-08,3627,79,1395,2.6,41.14,11.3413,0.5207,0.021781
238600000000000005,238500000000000003,2025-11-08,5091,73,2148,2.3701,64.05,12.5805,0.8774,0.014339
238600000000000006,238500000000000004,2025-11-08,5471,69,1913,2.8599,64.99,11.8784,0.9418,0.012612
238600000000000007,238500000000000004,2025-11-08,5565,58,2290,2.4301,63.11,11.3401,1.0881,0.010422
238600000000000001,238500000000000001,2025-11-09,10672,102,6278,1.6999,116.42,10.9088,1.1414,0.009558
238600000000000002,238500000000000001,2025-11-09,12740,153,5981,2.1301,132.71,10.4166,0.8674,0.012009
238600000000000003,238500000000000002,2025-11-09,5135,110,2087,2.4605,77.38,15.0701,0.7035,0.021422
238600000000000004,238500000000000002,2025-11-09,6185,141,3794,1.6302,64.97,10.505,0.4608,0.022797
238600000000000005,238500000000000003,2025-11-09,7119,140,2524,2.8205,106.77,14.9977,0.7626,0.019666
238600000000000006,238500000000000004,2025-11-09,6177,94,2152,2.8704,120.7,19.5402,1.284,0.015218
238600000000000001,238500000000000001,2025-11-10,11706,161,9145,1.28,134.4,11.4817,0.8348,0.013754
238600000000000002,238500000000000001,2025-11-10,16247,173,7557,2.1499,131.95,8.1218,0.7627,0.010648
238600000000000003,238500000000000002,2025-11-10,5497,110,2043,2.6907,76.74,13.9597,0.6976,0.020011
238600000000000004,238500000000000002,2025-11-10,6937,239,4282,1.62,75.47,10.8792,0.3158,0.034453
238600000000000005,238500000000000003,2025-11-10,8764,150,5280,1.6598,114.15,13.0253,0.761,0.017115
238600000000000006,238500000000000004,2025-11-10,10072,180,3801,2.6498,131.88,13.0935,0.7327,0.017871
238600000000000007,238500000000000004,2025-11-10,5019,53,1713,2.9299,96.43,19.213,1.8194,0.01056
238600000000000010,238500000000000007,2025-11-10,46373,361,18329,2.53,238.68,5.147,0.6612,0.007785
238600000000000002,238500000000000001,2025-11-11,8953,88,3328,2.6902,92.8,10.3657,1.0546,0.009829
238600000000000003,238500000000000002,2025-11-11,3316,75,1405,2.3601,53.15,16.0269,0.7086,0.022618
238600000000000004,238500000000000002,2025-11-11,4543,96,2272,1.9996,50.46,11.1078,0.5257,0.021131
238600000000000005,238500000000000003,2025-11-11,8509,131,4550,1.8701,77.71,9.1322,0.5932,0.015395
238600000000000006,238500000000000004,2025-11-11,4408,52,1777,2.4806,81.76,18.5478,1.5723,0.011797
238600000000000007,238500000000000004,2025-11-11,4906,86,3165,1.5501,73.65,15.0129,0.8564,0.01753
238600000000000010,238500000000000007,2025-11-11,38481,200,30540,1.26,226.02,5.8735,1.1301,0.005197
238600000000000002,238500000000000001,2025-11-12,12650,147,6554,1.9301,142.3,11.249,0.968,0.011621
238600000000000003,238500000000000002,2025-11-12,5863,161,3988,1.4702,77.81,13.2708,0.4833,0.02746
238600000000000004,238500000000000002,2025-11-12,7128,156,2611,2.73,98.73,13.8508,0.6329,0.021886
238600000000000005,238500000000000003,2025-11-12,9051,174,4152,2.1799,132.4,14.6284,0.7609,0.019224
238600000000000006,238500000000000004,2025-11-12,7307,73,5893,1.2399,137.18,18.7732,1.8791,0.00999
238600000000000007,238500000000000004,2025-11-12,8221,104,3288,2.5003,127.63,15.5245,1.2272,0.012651
238600000000000010,238500000000000007,2025-11-12,27778,131,12569,2.21,191.67,6.9002,1.4632,0.004716
238600000000000001,238500000000000001,2025-11-13,7917,70,3442,2.3001,100.7,12.7189,1.4385,0.008842
238600000000000002,238500000000000001,2025-11-13,10642,115,4548,2.3399,127.75,12.0039,1.1108,0.010806
238600000000000003,238500000000000002,2025-11-13,3726,83,1863,2.0,65.58,17.6012,0.7901,0.022276
238600000000000004,238500000000000002,2025-11-13,4131,97,1639,2.5204,64.96,15.7239,0.6696,0.023481
238600000000000005,238500000000000003,2025-11-13,7760,126,2762,2.8096,97.9,12.6164,0.777,0.016237
238600000000000006,238500000000000004,2025-11-13,6475,85,2779,2.33,100.27,15.4858,1.1797,0.013127
238600000000000007,238500000000000004,2025-11-13,6415,97,2741,2.3404,95.54,14.8926,0.9849,0.015121
238600000000000010,238500000000000007,2025-11-13,38113,223,17091,2.23,232.01,6.0875,1.0404,0.005851
238600000000000001,238500000000000001,2025-11-14,8678,97,4132,2.1002,92.07,10.6095,0.9492,0.011178
238600000000000003,238500000000000002,2025-11-14,4734,120,1981,2.3897,56.01,11.8311,0.4667,0.025349
238600000000000004,238500000000000002,2025-11-14,3955,80,1968,2.0097,58.75,14.8535,0.7343,0.020228
238600000000000005,238500000000000003,2025-11-14,9308,164,4951,1.88,86.07,9.2464,0.5248,0.017619
238600000000000006,238500000000000004,2025-11-14,6393,100,3312,1.9303,90.06,14.088,0.9006,0.015642
238600000000000007,238500000000000004,2025-11-14,4886,56,1796,2.7205,82.07,16.7962,1.4655,0.011461
238600000000000010,238500000000000007,2025-11-14,47936,311,28877,1.66,214.43,4.4733,0.6895,0.006488
238600000000000001,238500000000000001,2025-11-15,7151,97,3295,2.1703,90.49,12.6539,0.9329,0.013565
238600000000000002,238500000000000001,2025-11-15,11397,135,8974,1.27,93.5,8.2039,0.6926,0.011845
238600000000000004,238500000000000002,2025-11-15,4224,132,2081,2.0298,54.01,12.7868,0.4092,0.03125
238600000000000005,238500000000000003,2025-11-15,6475,106,3390,1.91,78.85,12.1779,0.7439,0.016371
238600000000000006,238500000000000004,2025-11-15,5429,85,3194,1.6997,85.5,15.7491,1.0059,0.015657
238600000000000007,238500000000000004,2025-11-15,4673,52,2144,2.1796,72.2,15.4508,1.3885,0.011128
238600000000000001,238500000000000001,2025-11-16,10994,156,3714,2.9602,130.48,11.8682,0.8364,0.01419
238600000000000002,238500000000000001,2025-11-16,12205,140,8974,1.36,114.47,9.3786,0.8176,0.011471
238600000000000003,238500000000000002,2025-11-16,4339,150,2180,1.9904,59.91,13.8085,0.3994,0.03457
238600000000000004,238500000000000002,2025-11-16,4598,154,2322,1.9802,80.05,17.4105,0.5198,0.033493
238600000000000005,238500000000000003,2025-11-16,10193,171,6031,1.6901,104.98,10.2989,0.6139,0.016776
238600000000000006,238500000000000004,2025-11-16,8218,140,3787,2.1701,105.44,12.8309,0.7532,0.017036
238600000000000007,238500000000000004,2025-11-16,6643,84,2390,2.7795,104.51,15.7321,1.2441,0.012645
238600000000000010,238500000000000007,2025-11-16,41576,289,21768,1.91,267.5,6.434,0.9256,0.006951
238600000000000001,238500000000000001,2025-11-17,12518,133,8516,1.4699,124.4,9.938,0.9354,0.010625
238600000000000002,238500000000000001,2025-11-17,8458,77,2999,2.8203,95.89,11.3375,1.2454,0.009104
238600000000000003,238500000000000002,2025-11-17,4510,129,2148,2.0996,67.49,14.9651,0.5232,0.028603
238600000000000004,238500000000000002,2025-11-17,5138,147,3618,1.4201,58.39,11.3646,0.3972,0.02861
238600000000000005,238500000000000003,2025-11-17,6394,96,4772,1.3399,94.41,14.7659,0.9835,0.015014
238600000000000006,238500000000000004,2025-11-17,7759,130,2751,2.8204,97.04,12.5072,0.7465,0.016755
238600000000000007,238500000000000004,2025-11-17,5100,87,2742,1.86,91.78,17.9965,1.055,0.017059
238600000000000010,238500000000000007,2025-11-17,40984,248,25939,1.58,178.97,4.3669,0.7217,0.006051
238600000000000001,238500000000000001,2025-11-18,13756,196,5684,2.4201,124.58,9.0564,0.6356,0.014248
238600000000000002,238500000000000001,2025-11-18,12179,142,6619,1.84,134.66,11.0567,0.9483,0.011659
238600000000000003,238500000000000002,2025-11-18,7106,216,2603,2.7299,72.38,10.1853,0.3351,0.030397
238600000000000004,238500000000000002,2025-11-18,4262,143,1501,2.8394,75.76,17.7756,0.5298,0.033552
238600000000000005,238500000000000003,2025-11-18,9392,143,6522,1.44,111.1,11.8295,0.7769,0.015226
238600000000000006,238500000000000004,2025-11-18,8216,142,5827,1.41,100.01,12.1727,0.7043,0.017283
238600000000000007,238500000000000004,2025-11-18,7323,114,3854,1.9001,122.19,16.6864,1.0719,0.015567
238600000000000010,238500000000000007,2025-11-18,54774,221,24562,2.23,271.43,4.9555,1.2282,0.004035
238600000000000001,238500000000000001,2025-11-19,8641,101,6085,1.42,118.39,13.7007,1.1722,0.011688
238600000000000002,238500000000000001,2025-11-19,13799,158,6160,2.2401,123.41,8.9432,0.7811,0.01145
238600000000000003,238500000000000002,2025-11-19,4813,110,2395,2.0096,78.83,16.3778,0.7166,0.022855
238600000000000004,238500000000000002,2025-11-19,3523,87,2097,1.68,59.34,16.8441,0.6821,0.024695
238600000000000005,238500000000000003,2025-11-19,11269,168,5392,2.0899,103.63,9.1957,0.6168,0.014908
238600000000000006,238500000000000004,2025-11-19,7511,101,3700,2.03,88.44,11.7752,0.8757,0.013447
238600000000000007,238500000000000004,2025-11-19,6720,79,3083,2.1797,118.81,17.6799,1.5039,0.011756
238600000000000010,238500000000000007,2025-11-19,41421,267,14283,2.9,269.76,6.5126,1.0103,0.006446
238600000000000001,238500000000000001,2025-11-20,5865,67,3598,1.6301,63.88,10.8922,0.9535,0.011424
238600000000000003,238500000000000002,2025-11-20,4225,108,2641,1.5998,44.23,10.4697,0.4096,0.025562
238600000000000005,238500000000000003,2025-11-20,4433,80,3518,1.2601,59.63,13.4512,0.7454,0.018046
238600000000000006,238500000000000004,2025-11-20,3509,41,1371,2.5594,51.55,14.6895,1.2572,0.011684
238600000000000007,238500000000000004,2025-11-20,4003,40,2032,1.97,67.71,16.9156,1.6928,0.009993
238600000000000010,238500000000000007,2025-11-20,45705,230,17784,2.57,262.59,5.7454,1.1417,0.005032
238600000000000001,238500000000000001,2025-11-21,7375,59,4075,1.8098,99.05,13.4303,1.6788,0.008
238600000000000002,238500000000000001,2025-11-21,13023,140,4370,2.9801,104.49,8.0238,0.7464,0.01075
238600000000000003,238500000000000002,2025-11-21,3817,84,2144,1.7803,58.85,15.4181,0.7006,0.022007
238600000000000004,238500000000000002,2025-11-21,4021,116,1668,2.4107,57.46,14.2896,0.4953,0.028849
238600000000000005,238500000000000003,2025-11-21,6047,87,2478,2.4403,87.23,14.4257,1.0027,0.014387
238600000000000006,238500000000000004,2025-11-21,4648,56,1709,2.7197,90.48,19.4674,1.6158,0.012048
238600000000000007,238500000000000004,2025-11-21,4497,49,1914,2.3495,83.98,18.6746,1.7139,0.010896
238600000000000010,238500000000000007,2025-11-21,23317,148,17532,1.33,173.36,7.4349,1.1713,0.006347
238600000000000001,238500000000000001,2025-11-22,9497,104,7914,1.2,91.06,9.5885,0.8756,0.010951
238600000000000002,238500000000000001,2025-11-22,8469,116,6093,1.39,81.34,9.6042,0.7012,0.013697
238600000000000003,238500000000000002,2025-11-22,2856,60,2267,1.2598,45.05,15.7749,0.7509,0.021008
238600000000000004,238500000000000002,2025-11-22,3419,69,1276,2.6795,53.46,15.6365,0.7748,0.020181
238600000000000005,238500000000000003,2025-11-22,5826,83,2037,2.8601,73.89,12.6821,0.8902,0.014246
238600000000000006,238500000000000004,2025-11-22,4405,62,1625,2.7108,72.48,16.4536,1.169,0.014075
238600000000000007,238500000000000004,2025-11-22,4791,56,1711,2.8001,75.29,15.7156,1.3445,0.011689
238600000000000010,238500000000000007,2025-11-22,24688,175,12102,2.04,173.39,7.0231,0.9908,0.007088
238600000000000001,238500000000000001,2025-11-23,8275,72,2796,2.9596,103.74,12.537,1.4409,0.008701
238600000000000002,238500000000000001,2025-11-23,8563,73,5319,1.6099,97.18,11.3494,1.3313,0.008525
238600000000000003,238500000000000002,2025-11-23,5240,150,2121,2.4705,59.71,11.3955,0.3981,0.028626
238600000000000004,238500000000000002,2025-11-23,4704,98,1852,2.54,55.1,11.7143,0.5623,0.020833
238600000000000005,238500000000000003,2025-11-23,8182,142,3771,2.1697,86.11,10.5246,0.6064,0.017355
238600000000000006,238500000000000004,2025-11-23,7029,95,2823,2.4899,92.63,13.1776,0.975,0.013515
238600000000000007,238500000000000004,2025-11-23,5761,62,4432,1.2999,79.6,13.8169,1.2839,0.010762
238600000000000010,238500000000000007,2025-11-23,33575,265,13484,2.49,234.79,6.9931,0.886,0.007893
238600000000000001,238500000000000001,2025-11-24,8835,116,4071,2.1702,87.14,9.8628,0.7512,0.01313
238600000000000002,238500000000000001,2025-11-24,9640,92,8033,1.2,96.74,10.0349,1.0515,0.009544
238600000000000003,238500000000000002,2025-11-24,3208,77,1080,2.9704,57.61,17.9575,0.7482,0.024002
238600000000000004,238500000000000002,2025-11-24,3115,106,1684,1.8498,47.46,15.2369,0.4478,0.034029
238600000000000005,238500000000000003,2025-11-24,8587,105,5022,1.7099,78.8,9.177,0.7505,0.012228
238600000000000006,238500000000000004,2025-11-24,6167,107,2127,2.8994,84.01,13.6223,0.7851,0.01735
238600000000000007,238500000000000004,2025-11-24,3694,64,1856,1.9903,73.6,19.9236,1.15,0.017325
238600000000000010,238500000000000007,2025-11-24,32319,230,14113,2.29,230.87,7.1434,1.0038,0.007117
238600000000000001,238500000000000001,2025-11-25,5744,86,2192,2.6204,66.16,11.5189,0.7694,0.014972
238600000000000002,238500000000000001,2025-11-25,6568,60,2211,2.9706,88.24,13.4352,1.4707,0.009135
238600000000000003,238500000000000002,2025-11-25,3520,96,1248,2.8205,43.76,12.4322,0.4558,0.027273
238600000000000004,238500000000000002,2025-11-25,4279,104,2326,1.8396,44.47,10.3929,0.4276,0.024305
238600000000000005,238500000000000003,2025-11-25,4803,73,1722,2.7892,66.17,13.7777,0.9065,0.015199
238600000000000006,238500000000000004,2025-11-25,4487,60,2564,1.75,71.74,15.9884,1.1957,0.013372
238600000000000007,238500000000000004,2025-11-25,4438,58,1579,2.8106,60.61,13.6568,1.045,0.013069
238600000000000010,238500000000000007,2025-11-25,37721,297,14128,2.6699,172.83,4.5819,0.5819,0.007874
238600000000000001,238500000000000001,2025-11-26,8290,88,4166,1.9899,91.95,11.0922,1.0449,0.010615
238600000000000002,238500000000000001,2025-11-26,6378,83,4906,1.3,87.54,13.7247,1.0547,0.013013
238600000000000003,238500000000000002,2025-11-26,2951,90,1335,2.2105,48.66,16.4885,0.5406,0.030498
238600000000000004,238500000000000002,2025-11-26,3189,75,1594,2.0006,53.91,16.9045,0.7188,0.023518
238600000000000005,238500000000000003,2025-11-26,6368,127,2376,2.6801,76.92,12.0799,0.6057,0.019943
238600000000000006,238500000000000004,2025-11-26,4261,62,1691,2.5198,70.76,16.606,1.1413,0.014551
238600000000000007,238500000000000004,2025-11-26,6074,67,2774,2.1896,83.09,13.6798,1.2402,0.011031
238600000000000010,238500000000000007,2025-11-26,27387,213,22634,1.21,142.54,5.2046,0.6692,0.007777
238600000000000001,238500000000000001,2025-11-27,10400,150,5503,1.8899,95.0,9.1347,0.6333,0.014423
238600000000000002,238500000000000001,2025-11-27,9244,117,5535,1.6701,98.07,10.6088,0.8382,0.012657
238600000000000003,238500000000000002,2025-11-27,4941,154,3361,1.4701,54.48,11.0268,0.3538,0.031168
238600000000000004,238500000000000002,2025-11-27,3327,97,1320,2.5205,55.84,16.7844,0.5757,0.029155
238600000000000005,238500000000000003,2025-11-27,8933,127,4174,2.1402,82.74,9.2627,0.6515,0.014217
238600000000000006,238500000000000004,2025-11-27,4923,60,2333,2.1102,82.15,16.6866,1.3691,0.012188
238600000000000007,238500000000000004,2025-11-27,5088,69,3855,1.3198,83.34,16.3796,1.2078,0.013561
238600000000000010,238500000000000007,2025-11-27,28275,149,13529,2.09,175.03,6.1904,1.1747,0.00527
238600000000000001,238500000000000001,2025-11-28,7746,90,2837,2.7303,91.29,11.7853,1.0143,0.011619
238600000000000002,238500000000000001,2025-11-28,8144,92,3028,2.6896,68.02,8.3526,0.7394,0.011297
238600000000000003,238500000000000002,2025-11-28,4384,132,2370,1.8498,50.6,11.5414,0.3833,0.030109
238600000000000004,238500000000000002,2025-11-28,2559,81,1062,2.4096,40.44,15.8024,0.4992,0.031653
238600000000000005,238500000000000003,2025-11-28,5029,78,2825,1.7802,68.28,13.5766,0.8753,0.01551
238600000000000006,238500000000000004,2025-11-28,5206,68,1921,2.71,64.33,12.3559,0.946,0.013062
238600000000000007,238500000000000004,2025-11-28,4429,72,1697,2.6099,72.23,16.3081,1.0032,0.016256
238600000000000010,238500000000000007,2025-11-28,36354,223,20539,1.77,256.37,7.052,1.1496,0.006134
238600000000000001,238500000000000001,2025-11-29,6562,95,2614,2.5103,53.31,8.1243,0.5612,0.014477
238600000000000002,238500000000000001,2025-11-29,4779,52,2529,1.8897,66.79,13.9752,1.2844,0.010881
238600000000000003,238500000000000002,2025-11-29,1662,37,622,2.672,28.96,17.4263,0.7828,0.022262
238600000000000004,238500000000000002,2025-11-29,3601,94,2143,1.6804,39.67,11.0151,0.422,0.026104
238600000000000005,238500000000000003,2025-11-29,4123,75,2609,1.5803,51.47,12.4839,0.6863,0.018191
238600000000000006,238500000000000004,2025-11-29,3831,47,2589,1.4797,49.04,12.8019,1.0435,0.012268
238600000000000007,238500000000000004,2025-11-29,3243,34,2574,1.2599,53.9,16.6198,1.5852,0.010484
238600000000000001,238500000000000001,2025-11-30,8846,82,3611,2.4497,123.46,13.9563,1.5056,0.00927
238600000000000002,238500000000000001,2025-11-30,7089,73,3960,1.7902,94.32,13.3048,1.292,0.010298
238600000000000003,238500000000000002,2025-11-30,3341,112,1977,1.6899,54.53,16.3221,0.4869,0.033523
238600000000000004,238500000000000002,2025-11-30,4348,145,2805,1.5501,69.91,16.0789,0.4821,0.033349
238600000000000005,238500000000000003,2025-11-30,8686,126,4454,1.9502,93.33,10.7451,0.7407,0.014506
238600000000000006,238500000000000004,2025-11-30,5521,86,4247,1.3,106.94,19.3703,1.2435,0.015577
238600000000000007,238500000000000004,2025-11-30,4420,58,2075,2.1301,79.72,18.0365,1.3745,0.013122
238600000000000001,238500000000000001,2025-12-01,9653,137,3800,2.5403,77.4,8.0181,0.565,0.014192
238600000000000002,238500000000000001,2025-12-01,12340,172,5848,2.1101,99.74,8.0824,0.5799,0.013938
238600000000000003,238500000000000002,2025-12-01,3396,108,1673,2.0299,53.05,15.6211,0.4912,0.031802
238600000000000004,238500000000000002,2025-12-01,3274,98,1099,2.9791,48.17,14.7133,0.4915,0.029933
238600000000000005,238500000000000003,2025-12-01,6471,118,2968,2.1803,75.92,11.7316,0.6433,0.018235
238600000000000006,238500000000000004,2025-12-01,6396,104,3924,1.63,77.38,12.098,0.744,0.01626
238600000000000007,238500000000000004,2025-12-01,5092,63,3264,1.56,74.45,14.6213,1.1818,0.012372
238600000000000002,238500000000000001,2025-12-02,9133,84,3624,2.5201,90.74,9.9352,1.0802,0.009197
238600000000000003,238500000000000002,2025-12-02,3939,106,2238,1.7601,54.95,13.9509,0.5184,0.02691
238600000000000004,238500000000000002,2025-12-02,2977,61,1272,2.3404,42.4,14.2415,0.695,0.02049
238600000000000005,238500000000000003,2025-12-02,7467,117,2676,2.7904,73.01,9.778,0.624,0.015669
238600000000000006,238500000000000004,2025-12-02,3448,53,2378,1.45,68.91,19.9867,1.3003,0.015371
238600000000000007,238500000000000004,2025-12-02,5780,102,2133,2.7098,77.11,13.3408,0.756,0.017647
238600000000000001,238500000000000001,2025-12-03,10091,121,3630,2.7799,95.34,9.4482,0.7879,0.011991
238600000000000002,238500000000000001,2025-12-03,10433,134,4384,2.3798,91.39,8.76,0.682,0.012844
238600000000000003,238500000000000002,2025-12-03,4577,97,1838,2.4902,58.02,12.6762,0.5981,0.021193
238600000000000004,238500000000000002,2025-12-03,3524,119,1325,2.6596,48.69,13.8157,0.4091,0.033768
238600000000000005,238500000000000003,2025-12-03,6015,119,3101,1.9397,80.03,13.3049,0.6725,0.019784
238600000000000006,238500000000000004,2025-12-03,4489,46,1532,2.9302,73.99,16.483,1.6085,0.010247
238600000000000007,238500000000000004,2025-12-03,5682,65,3342,1.7002,86.07,15.1472,1.3241,0.01144
238600000000000001,238500000000000001,2025-12-04,5356,61,4184,1.2801,74.91,13.9867,1.2281,0.011389
238600000000000002,238500000000000001,2025-12-04,4981,64,2722,1.8299,67.79,13.6107,1.0593,0.012849
238600000000000003,238500000000000002,2025-12-04,3614,74,1772,2.0395,42.76,11.8323,0.5779,0.020476
238600000000000004,238500000000000002,2025-12-04,2857,78,992,2.88,38.79,13.5755,0.4972,0.027301
238600000000000005,238500000000000003,2025-12-04,4518,56,2689,1.6802,61.16,13.537,1.0921,0.012395
238600000000000006,238500000000000004,2025-12-04,4404,49,2191,2.01,66.08,15.0038,1.3485,0.011126
238600000000000007,238500000000000004,2025-12-04,4633,61,3195,1.4501,56.24,12.1398,0.922,0.013166
238600000000000001,238500000000000001,2025-12-05,9706,124,3882,2.5003,91.95,9.4736,0.7415,0.012776
238600000000000002,238500000000000001,2025-12-05,6939,98,2879,2.4102,93.16,13.426,0.9506,0.014123
238600000000000003,238500000000000002,2025-12-05,4288,100,2052,2.0897,55.31,12.8996,0.5531,0.023321
238600000000000004,238500000000000002,2025-12-05,3381,98,1496,2.26,50.47,14.9265,0.515,0.028986
238600000000000005,238500000000000003,2025-12-05,6274,103,4864,1.2899,79.33,12.645,0.7702,0.016417
238600000000000007,238500000000000004,2025-12-05,6500,96,2778,2.3398,87.41,13.4475,0.9105,0.014769
238600000000000001,238500000000000001,2025-12-06,7689,82,4026,1.9098,67.39,8.7648,0.8219,0.010665
238600000000000002,238500000000000001,2025-12-06,5826,70,2428,2.3995,62.16,10.6695,0.888,0.012015
238600000000000003,238500000000000002,2025-12-06,2121,65,1423,1.4905,37.44,17.6503,0.5759,0.030646
238600000000000004,238500000000000002,2025-12-06,2067,61,980,2.1092,36.59,17.704,0.5999,0.029511
238600000000000005,238500000000000003,2025-12-06,3734,56,1453,2.5699,55.52,14.8695,0.9915,0.014997
238600000000000006,238500000000000004,2025-12-06,2957,42,1129,2.6191,56.13,18.9816,1.3364,0.014204
238600000000000007,238500000000000004,2025-12-06,3290,58,1228,2.6792,54.92,16.6921,0.9468,0.017629
238600000000000001,238500000000000001,2025-12-07,8664,77,3040,2.85,86.31,9.9622,1.1209,0.008887
238600000000000002,238500000000000001,2025-12-07,11894,98,6395,1.8599,97.78,8.2206,0.9977,0.008239
238600000000000003,238500000000000002,2025-12-07,3174,68,1110,2.8595,55.77,17.5709,0.8201,0.021424
238600000000000004,238500000000000002,2025-12-07,2763,96,1223,2.2592,49.42,17.8876,0.5148,0.034745
238600000000000005,238500000000000003,2025-12-07,5834,102,2701,2.1599,78.9,13.5233,0.7735,0.017484
238600000000000006,238500000000000004,2025-12-07,5576,60,4570,1.2201,80.69,14.4709,1.3448,0.01076
238600000000000007,238500000000000004,2025-12-07,4166,43,1627,2.5605,77.1,18.5071,1.793,0.010322
238600000000000001,238500000000000001,2025-12-08,9645,89,5185,1.8602,86.27,8.9443,0.9693,0.009228
238600000000000002,238500000000000001,2025-12-08,7475,76,5750,1.3,95.78,12.8133,1.2603,0.010167
238600000000000003,238500000000000002,2025-12-08,4205,105,2459,1.71,48.16,11.454,0.4587,0.02497
238600000000000004,238500000000000002,2025-12-08,3670,127,2867,1.2801,55.86,15.2215,0.4399,0.034605
238600000000000005,238500000000000003,2025-12-08,6759,98,2315,2.9197,78.02,11.5432,0.7961,0.014499
238600000000000006,238500000000000004,2025-12-08,4679,52,2271,2.0603,79.65,17.022,1.5317,0.011113
238600000000000007,238500000000000004,2025-12-08,4207,64,1710,2.4602,76.39,18.1589,1.1937,0.015213
238600000000000001,238500000000000001,2025-12-09,7886,104,3923,2.0102,96.93,12.2909,0.932,0.013188
238600000000000002,238500000000000001,2025-12-09,10475,106,7274,1.4401,94.0,8.9741,0.8868,0.010119
238600000000000003,238500000000000002,2025-12-09,4782,117,1745,2.7404,50.69,10.6001,0.4332,0.024467
238600000000000004,238500000000000002,2025-12-09,3271,70,1168,2.8005,58.41,17.8577,0.8345,0.0214
238600000000000005,238500000000000003,2025-12-09,5663,108,3801,1.4899,81.83,14.4494,0.7577,0.019071
238600000000000006,238500000000000004,2025-12-09,6266,110,2760,2.2703,79.99,12.7652,0.7272,0.017555
238600000000000007,238500000000000004,2025-12-09,4476,46,1857,2.4103,83.67,18.6923,1.8188,0.010277
238600000000000002,238500000000000001,2025-12-10,6757,63,5119,1.32,88.21,13.0546,1.4002,0.009324
238600000000000003,238500000000000002,2025-12-10,4508,112,3339,1.3501,61.44,13.6295,0.5486,0.024845
238600000000000005,238500000000000003,2025-12-10,8246,117,5219,1.58,83.55,10.1318,0.7141,0.014189
238600000000000006,238500000000000004,2025-12-10,4202,50,1410,2.9801,77.77,18.5076,1.5554,0.011899
238600000000000007,238500000000000004,2025-12-10,7784,121,3760,2.0702,89.32,11.4754,0.7382,0.015545
238600000000000001,238500000000000001,2025-12-11,6135,61,2679,2.29,64.99,10.593,1.0654,0.009943
238600000000000002,238500000000000001,2025-12-11,7552,101,3739,2.0198,78.84,10.4396,0.7806,0.013374
238600000000000003,238500000000000002,2025-12-11,2760,92,1408,1.9602,44.92,16.2749,0.4882,0.033333
238600000000000004,238500000000000002,2025-12-11,2935,71,1322,2.2201,37.27,12.698,0.5249,0.024191
238600000000000005,238500000000000003,2025-12-11,4416,78,1544,2.8601,61.64,13.9585,0.7903,0.017663
238600000000000006,238500000000000004,2025-12-11,5742,71,2829,2.0297,64.75,11.2768,0.912,0.012365
238600000000000007,238500000000000004,2025-12-11,3272,55,1902,1.7203,58.53,17.8881,1.0642,0.016809
238600000000000002,238500000000000001,2025-12-12,6041,74,3356,1.8001,75.12,12.4343,1.0151,0.01225
238600000000000003,238500000000000002,2025-12-12,3158,73,2208,1.4303,43.54,13.7887,0.5965,0.023116
238600000000000004,238500000000000002,2025-12-12,3689,115,2183,1.6899,56.96,15.4405,0.4953,0.031174
238600000000000005,238500000000000003,2025-12-12,6980,118,2520,2.7698,75.38,10.7992,0.6388,0.016905
238600000000000006,238500000000000004,2025-12-12,7535,81,2589,2.9104,83.42,11.0712,1.0299,0.01075
238600000000000007,238500000000000004,2025-12-12,3648,54,1245,2.9301,67.34,18.4582,1.247,0.014803
238600000000000002,238500000000000001,2025-12-13,5534,50,3503,1.5798,77.23,13.9564,1.5447,0.009035
238600000000000003,238500000000000002,2025-12-13,2627,66,1436,1.8294,40.64,15.4683,0.6157,0.025124
238600000000000004,238500000000000002,2025-12-13,4738,155,2872,1.6497,50.3,10.6161,0.3245,0.032714
238600000000000005,238500000000000003,2025-12-13,5344,103,2936,1.8202,68.2,12.7621,0.6621,0.019274
238600000000000006,238500000000000004,2025-12-13,6561,115,2318,2.8305,77.93,11.8779,0.6777,0.017528
238600000000000007,238500000000000004,2025-12-13,3046,43,2072,1.4701,58.47,19.1958,1.3598,0.014117
238600000000000001,238500000000000001,2025-12-14,12116,171,5968,2.0302,110.2,9.0953,0.6444,0.014114
238600000000000002,238500000000000001,2025-12-14,7666,72,3422,2.2402,83.4,10.8798,1.1584,0.009392
238600000000000003,238500000000000002,2025-12-14,3852,88,1566,2.4598,63.3,16.4324,0.7193,0.022845
238600000000000004,238500000000000002,2025-12-14,2751,82,1191,2.3098,47.33,17.2057,0.5772,0.029807
238600000000000005,238500000000000003,2025-12-14,7549,124,2984,2.5298,82.97,10.9912,0.6691,0.016426
238600000000000006,238500000000000004,2025-12-14,5037,63,3208,1.5701,82.72,16.4215,1.3129,0.012507
238600000000000007,238500000000000004,2025-12-14,4665,61,1728,2.6997,83.23,17.8415,1.3644,0.013076
238600000000000001,238500000000000001,2025-12-15,8277,106,6270,1.3201,110.36,13.3339,1.0412,0.012807
238600000000000002,238500000000000001,2025-12-15,12212,169,7982,1.5299,100.3,8.2133,0.5935,0.013839
238600000000000003,238500000000000002,2025-12-15,3564,90,2601,1.3702,63.42,17.7937,0.7046,0.025253
238600000000000004,238500000000000002,2025-12-15,3775,116,2838,1.3302,56.96,15.0897,0.4911,0.030728
238600000000000005,238500000000000003,2025-12-15,7321,90,3038,2.4098,90.29,12.3324,1.0032,0.012293
238600000000000006,238500000000000004,2025-12-15,6673,73,2627,2.5402,102.87,15.4162,1.4092,0.01094
238600000000000007,238500000000000004,2025-12-15,6920,114,2621,2.6402,77.7,11.2281,0.6816,0.016474
238600000000000001,238500000000000001,2025-12-16,5486,46,2438,2.2502,65.15,11.8764,1.4164,0.008385
238600000000000002,238500000000000001,2025-12-16,5959,62,3612,1.6498,72.98,12.2474,1.1771,0.010404
238600000000000003,238500000000000002,2025-12-16,3062,89,2355,1.3002,43.32,14.1491,0.4868,0.029066
238600000000000004,238500000000000002,2025-12-16,2181,58,732,2.9795,35.61,16.3276,0.614,0.026593
238600000000000005,238500000000000003,2025-12-16,4433,73,2152,2.0599,59.2,13.3547,0.811,0.016467
238600000000000006,238500000000000004,2025-12-16,2903,43,1885,1.5401,50.06,17.2453,1.1643,0.014812
238600000000000007,238500000000000004,2025-12-16,5356,96,2370,2.2599,68.34,12.7594,0.7119,0.017924
238600000000000001,238500000000000001,2025-12-17,5034,68,3596,1.3999,63.44,12.6032,0.933,0.013508
238600000000000002,238500000000000001,2025-12-17,9677,81,3736,2.5902,92.15,9.5229,1.1377,0.00837
238600000000000003,238500000000000002,2025-12-17,4129,85,2867,1.4402,48.9,11.8431,0.5753,0.020586
238600000000000004,238500000000000002,2025-12-17,2456,76,893,2.7503,40.01,16.2919,0.5265,0.030945
238600000000000005,238500000000000003,2025-12-17,6854,128,5077,1.35,66.68,9.7293,0.521,0.018675
238600000000000007,238500000000000004,2025-12-17,3671,62,1249,2.9392,62.49,17.023,1.0079,0.016889
238600000000000001,238500000000000001,2025-12-18,12209,126,6898,1.7699,120.46,9.8661,0.956,0.01032
238600000000000002,238500000000000001,2025-12-18,18973,255,7905,2.4001,152.45,8.035,0.5978,0.01344
238600000000000003,238500000000000002,2025-12-18,3910,128,2125,1.84,67.3,17.2125,0.5258,0.032737
238600000000000004,238500000000000002,2025-12-18,6567,190,3040,2.1602,88.64,13.4985,0.4666,0.028933
238600000000000005,238500000000000003,2025-12-18,8540,139,2965,2.8803,116.96,13.6954,0.8414,0.016276
238600000000000006,238500000000000004,2025-12-18,5717,76,3465,1.6499,103.81,18.1582,1.3659,0.013294
238600000000000007,238500000000000004,2025-12-18,7288,120,3024,2.4101,130.11,17.8523,1.0842,0.016465
238600000000000001,238500000000000001,2025-12-19,11554,149,9318,1.24,97.68,8.4538,0.6555,0.012896
238600000000000003,238500000000000002,2025-12-19,3407,116,1331,2.5597,57.88,16.9889,0.499,0.034048
238600000000000006,238500000000000004,2025-12-19,4537,58,3545,1.2798,81.19,17.8946,1.3998,0.012784
238600000000000007,238500000000000004,2025-12-19,5395,81,2325,2.3204,96.75,17.9328,1.1944,0.015014
238600000000000001,238500000000000001,2025-12-20,7487,96,3532,2.1198,88.05,11.7604,0.9172,0.012822
238600000000000002,238500000000000001,2025-12-20,8820,95,2960,2.9797,75.81,8.5952,0.798,0.010771
238600000000000003,238500000000000002,2025-12-20,4157,143,1690,2.4598,54.05,13.0016,0.378,0.0344
238600000000000004,238500000000000002,2025-12-20,2352,58,1104,2.1304,39.59,16.831,0.6825,0.02466
238600000000000005,238500000000000003,2025-12-20,4829,78,2489,1.9401,70.23,14.5424,0.9003,0.016152
238600000000000006,238500000000000004,2025-12-20,4331,49,2102,2.0604,74.38,17.1743,1.518,0.011314
238600000000000007,238500000000000004,2025-12-20,4360,74,3182,1.3702,66.07,15.1535,0.8928,0.016972
238600000000000001,238500000000000001,2025-12-21,12767,121,7466,1.71,120.38,9.4288,0.9949,0.009478
238600000000000002,238500000000000001,2025-12-21,10732,150,7301,1.4699,126.49,11.7867,0.8433,0.013977
238600000000000003,238500000000000002,2025-12-21,3996,87,1549,2.5797,67.4,16.8657,0.7747,0.021772
238600000000000004,238500000000000002,2025-12-21,5468,133,3483,1.5699,73.67,13.4738,0.5539,0.024323
238600000000000005,238500000000000003,2025-12-21,10127,159,3793,2.6699,105.8,10.4476,0.6654,0.015701
238600000000000006,238500000000000004,2025-12-21,6424,112,3893,1.6501,116.06,18.0665,1.0362,0.017435
238600000000000007,238500000000000004,2025-12-21,8646,114,6550,1.32,95.55,11.0509,0.8381,0.013185
238600000000000001,238500000000000001,2025-12-22,6275,81,3850,1.6299,80.17,12.7761,0.9898,0.012908
238600000000000002,238500000000000001,2025-12-22,9962,98,3985,2.4999,112.33,11.2757,1.1462,0.009837
238600000000000003,238500000000000002,2025-12-22,3127,102,1141,2.7406,51.31,16.4098,0.5031,0.032619
238600000000000004,238500000000000002,2025-12-22,4191,95,2206,1.8998,58.69,14.0029,0.6177,0.022668
238600000000000005,238500000000000003,2025-12-22,5743,82,2252,2.5502,82.5,14.3652,1.0061,0.014278
238600000000000006,238500000000000004,2025-12-22,4586,75,1680,2.7298,83.9,18.2938,1.1186,0.016354
238600000000000001,238500000000000001,2025-12-23,6624,94,3362,1.9703,81.77,12.3449,0.8699,0.014191
238600000000000002,238500000000000001,2025-12-23,7134,105,5753,1.24,87.29,12.2364,0.8314,0.014718
238600000000000003,238500000000000002,2025-12-23,4501,115,2543,1.77,54.93,12.2038,0.4776,0.02555
238600000000000004,238500000000000002,2025-12-23,3760,77,2149,1.7497,41.68,11.0853,0.5413,0.020479
238600000000000005,238500000000000003,2025-12-23,6921,129,5493,1.26,72.46,10.4692,0.5617,0.018639
238600000000000006,238500000000000004,2025-12-23,4275,72,2286,1.8701,78.5,18.3634,1.0903,0.016842
238600000000000007,238500000000000004,2025-12-23,3921,67,2667,1.4702,66.41,16.9373,0.9912,0.017087
238600000000000001,238500000000000001,2025-12-24,7851,68,4244,1.8499,70.38,8.9646,1.035,0.008661
238600000000000002,238500000000000001,2025-12-24,6795,71,5524,1.2301,79.95,11.7663,1.1261,0.010449
238600000000000003,238500000000000002,2025-12-24,4037,122,2691,1.5002,43.85,10.8614,0.3594,0.03022
238600000000000005,238500000000000003,2025-12-24,5606,99,3377,1.6601,64.43,11.4928,0.6508,0.01766
238600000000000006,238500000000000004,2025-12-24,3837,51,1890,2.0302,53.88,14.0421,1.0565,0.013292
238600000000000007,238500000000000004,2025-12-24,4803,78,1668,2.8795,74.98,15.6106,0.9613,0.01624
238600000000000001,238500000000000001,2025-12-25,11039,113,4718,2.3398,107.23,9.714,0.949,0.010236
238600000000000002,238500000000000001,2025-12-25,7707,115,3172,2.4297,100.97,13.1007,0.878,0.014921
238600000000000003,238500000000000002,2025-12-25,3241,75,1174,2.7606,50.23,15.4981,0.6697,0.023141
238600000000000004,238500000000000002,2025-12-25,4975,130,3741,1.3299,68.74,13.8175,0.5288,0.026131
238600000000000005,238500000000000003,2025-12-25,6001,80,2317,2.59,89.23,14.8689,1.1154,0.013331
238600000000000006,238500000000000004,2025-12-25,7225,126,2779,2.5999,80.11,11.0878,0.6358,0.017439
238600000000000007,238500000000000004,2025-12-25,8237,92,3727,2.2101,98.35,11.9397,1.069,0.011169
238600000000000001,238500000000000001,2025-12-26,10246,153,3795,2.6999,93.35,9.1106,0.6101,0.014933
238600000000000002,238500000000000001,2025-12-26,6277,70,3321,1.8901,84.32,13.4337,1.2046,0.011152
238600000000000003,238500000000000002,2025-12-26,2398,81,1609,1.4904,42.7,17.8057,0.5271,0.033778
238600000000000004,238500000000000002,2025-12-26,4834,98,2370,2.0397,58.83,12.1696,0.6003,0.020273
238600000000000006,238500000000000004,2025-12-26,5727,71,3014,1.9001,67.91,11.8587,0.9565,0.012397
238600000000000007,238500000000000004,2025-12-26,4449,65,1846,2.4101,84.37,18.9647,1.2981,0.01461
238600000000000001,238500000000000001,2025-12-27,9070,98,4199,2.16,80.33,8.8562,0.8196,0.010805
238600000000000002,238500000000000001,2025-12-27,7070,59,2455,2.8798,90.97,12.8665,1.5418,0.008345
238600000000000003,238500000000000002,2025-12-27,3744,92,1991,1.8805,43.3,11.5645,0.4706,0.024573
238600000000000004,238500000000000002,2025-12-27,3394,112,1502,2.2597,54.58,16.0823,0.4874,0.032999
238600000000000005,238500000000000003,2025-12-27,5473,91,2198,2.49,73.41,13.4133,0.8067,0.016627
238600000000000006,238500000000000004,2025-12-27,4661,54,1814,2.5695,71.83,15.4118,1.3303,0.011585
238600000000000007,238500000000000004,2025-12-27,6501,78,2373,2.7396,74.99,11.5348,0.9614,0.011998
238600000000000001,238500000000000001,2025-12-28,7670,97,4565,1.6802,72.66,9.4733,0.7491,0.012647
238600000000000002,238500000000000001,2025-12-28,6709,74,4533,1.48,82.06,12.2316,1.1089,0.01103
238600000000000003,238500000000000002,2025-12-28,2822,73,1542,1.8301,45.34,16.0666,0.6211,0.025868
238600000000000004,238500000000000002,2025-12-28,2956,60,2158,1.3698,43.07,14.5713,0.7179,0.020298
238600000000000005,238500000000000003,2025-12-28,4879,90,2301,2.1204,66.31,13.5908,0.7368,0.018446
238600000000000006,238500000000000004,2025-12-28,4321,59,2171,1.9903,63.17,14.6188,1.0706,0.013654
238600000000000007,238500000000000004,2025-12-28,4897,60,1834,2.6701,69.45,14.1824,1.1575,0.012252
238600000000000001,238500000000000001,2025-12-29,11632,154,4929,2.3599,108.32,9.3119,0.7033,0.013239
238600000000000003,238500000000000002,2025-12-29,3994,105,1939,2.0598,55.64,13.9305,0.5299,0.026289
238600000000000004,238500000000000002,2025-12-29,5820,200,2028,2.8698,59.92,10.2958,0.2996,0.034364
238600000000000005,238500000000000003,2025-12-29,6222,82,2183,2.8502,86.67,13.9296,1.057,0.013179
238600000000000006,238500000000000004,2025-12-29,5721,89,2192,2.6099,102.19,17.8614,1.1481,0.015557
238600000000000007,238500000000000004,2025-12-29,3802,47,3042,1.2498,71.15,18.7151,1.5139,0.012362
238600000000000001,238500000000000001,2025-12-30,7085,64,4755,1.49,83.53,11.7899,1.3052,0.009033
238600000000000002,238500000000000001,2025-12-30,12010,123,5719,2.1,105.59,8.7921,0.8585,0.010241
238600000000000003,238500000000000002,2025-12-30,4196,130,2528,1.6598,49.41,11.7764,0.3801,0.030982
238600000000000004,238500000000000002,2025-12-30,3422,111,1414,2.4201,58.66,17.1413,0.5284,0.032437
238600000000000005,238500000000000003,2025-12-30,5810,90,2441,2.3802,81.05,13.9507,0.9006,0.015491
238600000000000006,238500000000000004,2025-12-30,4772,58,2209,2.1603,82.25,17.2357,1.4181,0.012154
238600000000000007,238500000000000004,2025-12-30,6348,105,2243,2.8301,79.86,12.58,0.7606,0.016541
238600000000000001,238500000000000001,2025-12-31,5025,65,1814,2.7701,66.53,13.2401,1.0236,0.012935
238600000000000002,238500000000000001,2025-12-31,4341,56,2933,1.4801,59.79,13.7724,1.0676,0.0129
238600000000000003,238500000000000002,2025-12-31,2767,70,2162,1.2798,38.24,13.8201,0.5463,0.025298
238600000000000004,238500000000000002,2025-12-31,3154,102,1593,1.9799,33.94,10.7613,0.3328,0.03234
238600000000000005,238500000000000003,2025-12-31,4677,69,1624,2.8799,54.14,11.5749,0.7846,0.014753
238600000000000006,238500000000000004,2025-12-31,5110,78,3500,1.46,62.43,12.2179,0.8004,0.015264
238600000000000007,238500000000000004,2025-12-31,2644,39,1632,1.6201,45.84,17.3367,1.1753,0.01475
238600000000000001,238500000000000001,2026-01-01,9144,122,3672,2.4902,82.87,9.0628,0.6793,0.013342
238600000000000003,238500000000000002,2026-01-01,3337,89,2112,1.58,43.37,12.9974,0.4873,0.026671
238600000000000004,238500000000000002,2026-01-01,2834,82,1941,1.4601,39.38,13.8961,0.4803,0.028934
238600000000000005,238500000000000003,2026-01-01,4920,97,3280,1.5,62.07,12.6149,0.6398,0.019715
238600000000000006,238500000000000004,2026-01-01,2884,50,1442,2.0,53.37,18.5042,1.0673,0.017337
238600000000000007,238500000000000004,2026-01-01,5124,72,2979,1.72,70.76,13.8104,0.9828,0.014052
238600000000000001,238500000000000001,2026-01-02,5570,76,1996,2.7906,74.93,13.4529,0.986,0.013645
238600000000000002,238500000000000001,2026-01-02,6066,52,3447,1.7598,66.15,10.9047,1.2721,0.008572
238600000000000003,238500000000000002,2026-01-02,2300,49,1402,1.6405,36.68,15.9499,0.7487,0.021304
238600000000000004,238500000000000002,2026-01-02,2953,81,984,3.001,43.93,14.8773,0.5424,0.02743
238600000000000005,238500000000000003,2026-01-02,4346,63,3196,1.3598,60.46,13.9124,0.9597,0.014496
238600000000000006,238500000000000004,2026-01-02,3863,40,2044,1.8899,62.77,16.2487,1.5692,0.010355
238600000000000007,238500000000000004,2026-01-02,3064,33,1665,1.8402,58.16,18.9809,1.7623,0.01077
238600000000000001,238500000000000001,2026-01-03,11052,99,4586,2.4099,96.3,8.7131,0.9727,0.008958
238600000000000002,238500000000000001,2026-01-03,8360,95,4000,2.09,87.6,10.479,0.9222,0.011364
238600000000000003,238500000000000002,2026-01-03,3375,95,1696,1.99,54.87,16.2581,0.5776,0.028148
238600000000000004,238500000000000002,2026-01-03,2888,66,1570,1.8395,50.22,17.3875,0.7608,0.022853
238600000000000005,238500000000000003,2026-01-03,5447,78,2454,2.2196,78.81,14.4694,1.0104,0.01432
238600000000000006,238500000000000004,2026-01-03,4628,66,2183,2.12,81.99,17.7154,1.2422,0.014261
238600000000000007,238500000000000004,2026-01-03,4976,67,2293,2.1701,75.64,15.2014,1.129,0.013465
238600000000000001,238500000000000001,2026-01-04,10523,98,8555,1.23,84.62,8.0414,0.8635,0.009313
238600000000000002,238500000000000001,2026-01-04,7002,70,4119,1.6999,61.08,8.7232,0.8726,0.009997
238600000000000004,238500000000000002,2026-01-04,3832,88,1617,2.3698,40.77,10.6393,0.4633,0.022965
238600000000000005,238500000000000003,2026-01-04,5096,75,2106,2.4198,62.44,12.2532,0.8326,0.014717
238600000000000006,238500000000000004,2026-01-04,3703,53,1356,2.7308,62.91,16.9885,1.187,0.014313
238600000000000007,238500000000000004,2026-01-04,5486,61,2887,1.9002,61.98,11.2972,1.016,0.011119
238600000000000001,238500000000000001,2026-01-05,17406,251,13925,1.25,151.77,8.7194,0.6047,0.01442
238600000000000002,238500000000000001,2026-01-05,16115,217,5674,2.8401,186.91,11.5982,0.8613,0.013466
238600000000000003,238500000000000002,2026-01-05,7186,217,3822,1.8802,101.61,14.1403,0.4683,0.030198
238600000000000004,238500000000000002,2026-01-05,6285,162,5152,1.2199,91.92,14.6246,0.5674,0.025776
238600000000000005,238500000000000003,2026-01-05,14357,196,6215,2.3101,145.15,10.1098,0.7405,0.013652
238600000000000006,238500000000000004,2026-01-05,7531,108,3362,2.24,132.56,17.6024,1.2274,0.014341
238600000000000007,238500000000000004,2026-01-05,9488,104,4674,2.03,157.73,16.624,1.5166,0.010961
238600000000000001,238500000000000001,2026-01-06,10144,148,7459,1.36,129.53,12.7692,0.8752,0.01459
238600000000000002,238500000000000001,2026-01-06,16079,170,5763,2.79,163.85,10.1902,0.9638,0.010573
238600000000000003,238500000000000002,2026-01-06,8364,168,3590,2.3298,88.18,10.5427,0.5249,0.020086
238600000000000004,238500000000000002,2026-01-06,6456,170,3607,1.7899,79.47,12.3088,0.4674,0.026332
238600000000000005,238500000000000003,2026-01-06,12102,193,6915,1.7501,125.73,10.3895,0.6515,0.015948
238600000000000006,238500000000000004,2026-01-06,9164,139,3160,2.9,111.31,12.1468,0.8008,0.015168
238600000000000007,238500000000000004,2026-01-06,9571,135,5407,1.7701,140.15,14.6436,1.0382,0.014105
238600000000000001,238500000000000001,2026-01-07,13980,129,10058,1.3899,117.08,8.3745,0.9076,0.009227
238600000000000002,238500000000000001,2026-01-07,10858,133,8352,1.3,149.62,13.7801,1.125,0.012249
238600000000000003,238500000000000002,2026-01-07,5040,159,2880,1.75,84.57,16.7799,0.5319,0.031548
238600000000000004,238500000000000002,2026-01-07,6165,187,2380,2.5903,67.83,11.0022,0.3627,0.030333
238600000000000005,238500000000000003,2026-01-07,8234,158,5453,1.51,114.3,13.8814,0.7234,0.019189
238600000000000006,238500000000000004,2026-01-07,5959,77,3348,1.7799,116.75,19.5916,1.5162,0.012922
238600000000000007,238500000000000004,2026-01-07,7305,73,2736,2.67,111.85,15.3118,1.5322,0.009993
238600000000000001,238500000000000001,2026-01-08,16623,170,10656,1.56,139.19,8.3731,0.8187,0.010227
238600000000000002,238500000000000001,2026-01-08,15009,150,10073,1.49,143.7,9.5745,0.958,0.009994
238600000000000003,238500000000000002,2026-01-08,5684,138,2549,2.2299,79.43,13.9743,0.5756,0.024279
238600000000000004,238500000000000002,2026-01-08,6465,180,2728,2.3699,82.22,12.7178,0.4568,0.027842
238600000000000005,238500000000000003,2026-01-08,10209,139,4133,2.4701,121.24,11.8756,0.8722,0.013615
238600000000000006,238500000000000004,2026-01-08,9748,123,4431,2.2,116.95,11.9969,0.9508,0.012618
238600000000000007,238500000000000004,2026-01-08,6494,91,5237,1.24,125.53,19.3302,1.3795,0.014013
238600000000000001,238500000000000001,2026-01-09,18278,161,10385,1.76,195.36,10.6883,1.2134,0.008808
238600000000000002,238500000000000001,2026-01-09,12860,148,9319,1.38,161.7,12.5737,1.0926,0.011509
238600000000000003,238500000000000002,2026-01-09,8013,247,4130,1.9402,112.51,14.0409,0.4555,0.030825
238600000000000004,238500000000000002,2026-01-09,8541,298,3248,2.6296,91.52,10.7159,0.3071,0.034891
238600000000000005,238500000000000003,2026-01-09,14648,186,7590,1.9299,153.03,10.4469,0.8227,0.012698
238600000000000006,238500000000000004,2026-01-09,12262,204,4258,2.8798,154.45,12.5958,0.7571,0.016637
238600000000000007,238500000000000004,2026-01-09,8050,88,2766,2.9103,151.6,18.8325,1.7227,0.010932
238600000000000001,238500000000000001,2026-01-10,18785,245,10436,1.8,162.95,8.6747,0.6651,0.013042
238600000000000002,238500000000000001,2026-01-10,15080,137,8871,1.6999,165.25,10.9581,1.2062,0.009085
238600000000000003,238500000000000002,2026-01-10,6407,208,3599,1.7802,102.06,15.9296,0.4907,0.032464
238600000000000004,238500000000000002,2026-01-10,5768,185,2383,2.4205,85.48,14.8202,0.4621,0.032074
238600000000000005,238500000000000003,2026-01-10,11155,168,7291,1.53,140.66,12.6094,0.8372,0.015061
238600000000000006,238500000000000004,2026-01-10,11599,117,6236,1.86,155.74,13.4266,1.3311,0.010087
238600000000000007,238500000000000004,2026-01-10,10058,136,6171,1.6299,125.58,12.4856,0.9234,0.013522
238600000000000001,238500000000000001,2026-01-11,18053,253,14215,1.27,167.91,9.3012,0.6637,0.014014
238600000000000002,238500000000000001,2026-01-11,16730,150,7929,2.11,172.85,10.3319,1.1523,0.008966
238600000000000003,238500000000000002,2026-01-11,7355,234,5216,1.4101,94.39,12.834,0.4034,0.031815
238600000000000004,238500000000000002,2026-01-11,9042,259,4759,1.9,100.33,11.0959,0.3874,0.028644
238600000000000005,238500000000000003,2026-01-11,16156,247,10699,1.51,146.04,9.0395,0.5913,0.015288
238600000000000006,238500000000000004,2026-01-11,9968,161,3368,2.9596,159.53,16.0041,0.9909,0.016152
238600000000000001,238500000000000001,2026-01-12,10229,150,4043,2.5301,124.61,12.1823,0.8307,0.014664
238600000000000002,238500000000000001,2026-01-12,11259,146,5744,1.9601,136.76,12.1467,0.9367,0.012967
238600000000000003,238500000000000002,2026-01-12,7416,178,3356,2.2098,76.81,10.3576,0.4315,0.024002
238600000000000004,238500000000000002,2026-01-12,4937,139,3313,1.4902,72.54,14.6939,0.5219,0.028155
238600000000000005,238500000000000003,2026-01-12,8949,173,3698,2.42,112.02,12.5172,0.6475,0.019332
238600000000000006,238500000000000004,2026-01-12,6180,70,2586,2.3898,116.86,18.909,1.6694,0.011327
238600000000000007,238500000000000004,2026-01-12,9640,162,3679,2.6203,107.18,11.1178,0.6616,0.016805
238600000000000001,238500000000000001,2026-01-13,11624,147,7698,1.51,116.49,10.0213,0.7924,0.012646
238600000000000002,238500000000000001,2026-01-13,7510,107,4196,1.7898,91.79,12.2219,0.8578,0.014248
238600000000000003,238500000000000002,2026-01-13,3493,84,1176,2.9702,52.56,15.0474,0.6257,0.024048
238600000000000004,238500000000000002,2026-01-13,5226,165,2765,1.8901,66.45,12.7159,0.4027,0.031573
238600000000000005,238500000000000003,2026-01-13,7920,153,3023,2.6199,89.26,11.2702,0.5834,0.019318
238600000000000006,238500000000000004,2026-01-13,5605,89,1967,2.8495,90.28,16.1068,1.0144,0.015879
238600000000000007,238500000000000004,2026-01-13,4509,77,1856,2.4294,88.24,19.5702,1.146,0.017077
238600000000000001,238500000000000001,2026-01-14,12060,112,9068,1.33,109.38,9.0697,0.9766,0.009287
238600000000000002,238500000000000001,2026-01-14,8632,114,3072,2.8099,108.49,12.5684,0.9517,0.013207
238600000000000003,238500000000000002,2026-01-14,5290,158,2989,1.7698,62.66,11.8447,0.3966,0.029868
238600000000000004,238500000000000002,2026-01-14,4382,107,2169,2.0203,61.84,14.1121,0.5779,0.024418
238600000000000005,238500000000000003,2026-01-14,9541,157,3324,2.8703,93.37,9.7865,0.5947,0.016455
238600000000000006,238500000000000004,2026-01-14,4821,75,3826,1.2601,96.39,19.9942,1.2852,0.015557
238600000000000007,238500000000000004,2026-01-14,6385,99,2776,2.3001,90.35,14.1511,0.9127,0.015505
238600000000000001,238500000000000001,2026-01-15,12122,133,9397,1.29,153.34,12.6498,1.1529,0.010972
238600000000000002,238500000000000001,2026-01-15,12526,120,5198,2.4098,133.76,10.6787,1.1147,0.00958
238600000000000003,238500000000000002,2026-01-15,4746,145,3342,1.4201,80.64,16.9913,0.5561,0.030552
238600000000000005,238500000000000003,2026-01-15,12875,179,7948,1.6199,123.04,9.5568,0.6874,0.013903
238600000000000006,238500000000000004,2026-01-15,6565,108,2387,2.7503,122.4,18.6447,1.1334,0.016451
238600000000000007,238500000000000004,2026-01-15,8570,134,4842,1.7699,123.68,14.4323,0.923,0.015636
238600000000000001,238500000000000001,2026-01-16,10801,159,7553,1.43,147.64,13.6694,0.9286,0.014721
238600000000000002,238500000000000001,2026-01-16,9002,132,3516,2.5603,118.32,13.1433,0.8963,0.014663
238600000000000003,238500000000000002,2026-01-16,5549,185,2511,2.2099,76.75,13.8309,0.4149,0.033339
238600000000000004,238500000000000002,2026-01-16,7246,200,2970,2.4397,75.23,10.3822,0.3761,0.027601
238600000000000005,238500000000000003,2026-01-16,11493,148,4749,2.4201,113.98,9.9176,0.7702,0.012877
238600000000000006,238500000000000004,2026-01-16,9319,117,5450,1.7099,109.43,11.7423,0.9353,0.012555
238600000000000007,238500000000000004,2026-01-16,6052,93,3236,1.8702,118.54,19.5867,1.2746,0.015367
238600000000000001,238500000000000001,2026-01-17,7903,92,4295,1.84,102.77,13.0045,1.1171,0.011641
238600000000000002,238500000000000001,2026-01-17,10818,138,4113,2.6302,129.15,11.9386,0.9359,0.012757
238600000000000003,238500000000000002,2026-01-17,4929,151,1654,2.98,74.72,15.1598,0.4949,0.030635
238600000000000004,238500000000000002,2026-01-17,3458,120,2175,1.5899,57.81,16.7168,0.4817,0.034702
238600000000000005,238500000000000003,2026-01-17,8950,114,3524,2.5397,99.4,11.1058,0.8719,0.012737
238600000000000006,238500000000000004,2026-01-17,7142,115,3246,2.2002,100.25,14.0365,0.8717,0.016102
238600000000000007,238500000000000004,2026-01-17,6156,98,3093,1.9903,98.55,16.008,1.0056,0.015919
238600000000000001,238500000000000001,2026-01-18,13300,130,5612,2.3699,124.84,9.3867,0.9603,0.009774
238600000000000002,238500000000000001,2026-01-18,15101,219,5432,2.78,134.14,8.8829,0.6125,0.014502
238600000000000003,238500000000000002,2026-01-18,6368,138,3538,1.7999,65.52,10.2896,0.4748,0.021671
238600000000000004,238500000000000002,2026-01-18,7425,173,2596,2.8602,82.47,11.1066,0.4767,0.0233
238600000000000005,238500000000000003,2026-01-18,8200,110,3612,2.2702,110.99,13.5357,1.009,0.013415
238600000000000007,238500000000000004,2026-01-18,5182,88,1838,2.8194,101.02,19.4949,1.148,0.016982
238600000000000001,238500000000000001,2026-01-19,18099,169,11753,1.5399,146.39,8.0881,0.8662,0.009338
238600000000000002,238500000000000001,2026-01-19,16259,198,6426,2.5302,144.57,8.8919,0.7302,0.012178
238600000000000003,238500000000000002,2026-01-19,6281,144,3695,1.6999,98.84,15.7371,0.6864,0.022926
238600000000000004,238500000000000002,2026-01-19,5172,137,2487,2.0796,67.42,13.0353,0.4921,0.026489
238600000000000005,238500000000000003,2026-01-19,11207,218,4046,2.7699,124.7,11.1267,0.572,0.019452
238600000000000006,238500000000000004,2026-01-19,6665,101,5049,1.3201,113.9,17.09,1.1278,0.015154
238600000000000007,238500000000000004,2026-01-19,9307,96,5004,1.8599,135.49,14.5578,1.4114,0.010315
238600000000000001,238500000000000001,2026-01-20,10861,134,8166,1.33,114.07,10.5027,0.8513,0.012338
238600000000000002,238500000000000001,2026-01-20,12268,172,6596,1.8599,144.99,11.8183,0.8429,0.01402
238600000000000003,238500000000000002,2026-01-20,7650,211,4250,1.8,83.17,10.8723,0.3942,0.027582
238600000000000005,238500000000000003,2026-01-20,7628,134,3039,2.51,111.02,14.5549,0.8285,0.017567
238600000000000006,238500000000000004,2026-01-20,6521,92,2280,2.8601,117.77,18.0598,1.2801,0.014108
238600000000000007,238500000000000004,2026-01-20,5414,58,1947,2.7807,104.28,19.2615,1.798,0.010713
238600000000000001,238500000000000001,2026-01-21,8243,95,3158,2.6102,107.68,13.0635,1.1335,0.011525
238600000000000002,238500000000000001,2026-01-21,9685,102,3813,2.54,110.61,11.4205,1.0844,0.010532
238600000000000003,238500000000000002,2026-01-21,4516,97,2100,2.1505,54.67,12.1062,0.5636,0.021479
238600000000000004,238500000000000002,2026-01-21,4344,150,2511,1.73,70.07,16.1292,0.4671,0.03453
238600000000000005,238500000000000003,2026-01-21,7652,135,5277,1.4501,93.55,12.2259,0.693,0.017642
238600000000000006,238500000000000004,2026-01-21,5077,54,2256,2.2504,92.33,18.1858,1.7098,0.010636
238600000000000007,238500000000000004,2026-01-21,5961,103,3171,1.8798,94.78,15.8994,0.9202,0.017279
238600000000000001,238500000000000001,2026-01-22,16659,139,6334,2.6301,145.49,8.7336,1.0467,0.008344
238600000000000002,238500000000000001,2026-01-22,9530,115,3209,2.9698,130.35,13.6774,1.1334,0.012067
238600000000000003,238500000000000002,2026-01-22,4909,148,1705,2.8792,75.11,15.2998,0.5075,0.030149
238600000000000004,238500000000000002,2026-01-22,7909,229,6179,1.28,82.51,10.433,0.3603,0.028954
238600000000000005,238500000000000003,2026-01-22,10620,187,4917,2.1599,118.22,11.1315,0.6322,0.017608
238600000000000006,238500000000000004,2026-01-22,9962,136,4151,2.3999,125.47,12.5947,0.9226,0.013652
238600000000000007,238500000000000004,2026-01-22,5909,94,2483,2.3798,110.96,18.7788,1.1805,0.015908
238600000000000001,238500000000000001,2026-01-23,8723,120,3195,2.7302,88.85,10.1862,0.7405,0.013757
238600000000000002,238500000000000001,2026-01-23,13558,122,5003,2.71,124.61,9.1912,1.0214,0.008998
238600000000000003,238500000000000002,2026-01-23,3795,80,1336,2.8406,63.08,16.6223,0.7885,0.02108
238600000000000004,238500000000000002,2026-01-23,4000,86,2273,1.7598,58.9,14.7251,0.6849,0.0215
238600000000000005,238500000000000003,2026-01-23,7050,112,3711,1.8998,91.49,12.9768,0.8168,0.015887
238600000000000006,238500000000000004,2026-01-23,6169,74,3196,1.9302,91.45,14.8244,1.2358,0.011995
238600000000000007,238500000000000004,2026-01-23,7770,121,5931,1.3101,91.52,11.7788,0.7564,0.015573
238600000000000001,238500000000000001,2026-01-24,10581,158,5039,2.0998,129.64,12.2526,0.8205,0.014932
238600000000000002,238500000000000001,2026-01-24,8313,86,5100,1.63,104.83,12.6102,1.2189,0.010345
238600000000000003,238500000000000002,2026-01-24,4018,89,1594,2.5207,55.35,13.7756,0.6219,0.02215
238600000000000004,238500000000000002,2026-01-24,4659,142,2071,2.2496,78.63,16.8779,0.5538,0.030479
238600000000000005,238500000000000003,2026-01-24,6771,98,5460,1.2401,100.49,14.841,1.0254,0.014473
238600000000000007,238500000000000004,2026-01-24,9403,166,4725,1.9901,106.24,11.2984,0.64,0.017654
238600000000000001,238500000000000001,2026-01-25,13766,171,7023,1.9601,112.14,8.1461,0.6558,0.012422
238600000000000002,238500000000000001,2026-01-25,12842,175,6904,1.8601,154.43,12.0251,0.8824,0.013627
238600000000000003,238500000000000002,2026-01-25,6311,126,2278,2.7704,78.68,12.4671,0.6244,0.019965
238600000000000004,238500000000000002,2026-01-25,5789,173,3181,1.8199,73.64,12.7213,0.4257,0.029884
238600000000000005,238500000000000003,2026-01-25,9070,116,6299,1.4399,114.24,12.5957,0.9849,0.012789
238600000000000006,238500000000000004,2026-01-25,9194,119,4032,2.2803,108.58,11.8098,0.9124,0.012943
238600000000000007,238500000000000004,2026-01-25,7035,85,4043,1.74,119.91,17.0442,1.4107,0.012082
238600000000000001,238500000000000001,2026-01-26,9336,121,3619,2.5797,113.99,12.2093,0.942,0.012961
238600000000000002,238500000000000001,2026-01-26,9948,105,4111,2.4198,92.21,9.2695,0.8782,0.010555
238600000000000003,238500000000000002,2026-01-26,4104,117,2218,1.8503,56.81,13.8418,0.4855,0.028509
238600000000000004,238500000000000002,2026-01-26,3990,138,1966,2.0295,61.02,15.2935,0.4422,0.034586
238600000000000005,238500000000000003,2026-01-26,6661,111,2345,2.8405,88.37,13.2669,0.7961,0.016664
238600000000000006,238500000000000004,2026-01-26,6693,114,2873,2.3296,79.87,11.9327,0.7006,0.017033
238600000000000007,238500000000000004,2026-01-26,6122,72,2861,2.1398,96.88,15.8243,1.3455,0.011761
238600000000000001,238500000000000001,2026-01-27,8250,117,5222,1.5799,103.35,12.5276,0.8834,0.014182
238600000000000002,238500000000000001,2026-01-27,7771,76,4270,1.8199,96.28,12.3897,1.2668,0.00978
238600000000000003,238500000000000002,2026-01-27,4008,126,2444,1.6399,58.66,14.6363,0.4656,0.031437
238600000000000004,238500000000000002,2026-01-27,3590,125,1870,1.9198,55.41,15.4356,0.4433,0.034819
238600000000000005,238500000000000003,2026-01-27,7679,125,4740,1.62,85.56,11.1417,0.6845,0.016278
238600000000000006,238500000000000004,2026-01-27,5103,77,2288,2.2303,79.57,15.5925,1.0334,0.015089
238600000000000007,238500000000000004,2026-01-27,7701,136,3118,2.4699,91.55,11.8875,0.6731,0.01766
238600000000000001,238500000000000001,2026-01-28,16378,150,6134,2.67,152.22,9.2939,1.0148,0.009159
238600000000000002,238500000000000001,2026-01-28,9322,75,5267,1.7699,114.86,12.3209,1.5314,0.008045
238600000000000003,238500000000000002,2026-01-28,4935,144,1732,2.8493,77.49,15.7022,0.5381,0.029179
238600000000000004,238500000000000002,2026-01-28,4757,164,2086,2.2804,75.12,15.7917,0.4581,0.034476
238600000000000006,238500000000000004,2026-01-28,5261,87,1814,2.9002,103.85,19.74,1.1937,0.016537
238600000000000007,238500000000000004,2026-01-28,7846,99,2651,2.9596,125.07,15.94,1.2633,0.012618
238600000000000001,238500000000000001,2026-01-29,12882,134,5153,2.4999,128.35,9.9635,0.9578,0.010402
238600000000000002,238500000000000001,2026-01-29,15981,207,7399,2.1599,136.26,8.5264,0.6583,0.012953
238600000000000003,238500000000000002,2026-01-29,4867,135,2011,2.4202,80.4,16.5197,0.5956,0.027738
238600000000000004,238500000000000002,2026-01-29,4729,111,3031,1.5602,70.8,14.9724,0.6379,0.023472
238600000000000005,238500000000000003,2026-01-29,11044,212,6068,1.82,113.4,10.2684,0.5349,0.019196
238600000000000006,238500000000000004,2026-01-29,6507,65,2512,2.5904,98.73,15.1722,1.5189,0.009989
238600000000000007,238500000000000004,2026-01-29,7196,102,3227,2.2299,128.08,17.7992,1.2557,0.014175
238600000000000001,238500000000000001,2026-01-30,10551,97,7327,1.44,116.15,11.0086,1.1974,0.009193
238600000000000002,238500000000000001,2026-01-30,7951,94,3487,2.2802,106.47,13.3913,1.1327,0.011822
238600000000000003,238500000000000002,2026-01-30,5524,168,3368,1.6401,59.33,10.7399,0.3531,0.030413
238600000000000004,238500000000000002,2026-01-30,4490,146,2201,2.04,67.89,15.1198,0.465,0.032517
238600000000000005,238500000000000003,2026-01-30,7785,137,5156,1.5099,95.41,12.2558,0.6964,0.017598
238600000000000006,238500000000000004,2026-01-30,6210,82,4600,1.35,93.85,15.1128,1.1445,0.013205
238600000000000007,238500000000000004,2026-01-30,5942,68,4155,1.4301,96.97,16.3198,1.4261,0.011444
238600000000000001,238500000000000001,2026-01-31,10437,124,4832,2.16,128.47,12.3089,1.036,0.011881
238600000000000002,238500000000000001,2026-01-31,10916,107,6421,1.7,116.8,10.6998,1.0916,0.009802
238600000000000003,238500000000000002,2026-01-31,4842,127,1937,2.4997,72.8,15.0346,0.5732,0.026229
238600000000000004,238500000000000002,2026-01-31,4399,146,2244,1.9603,67.36,15.3115,0.4613,0.033189
238600000000000005,238500000000000003,2026-01-31,7564,146,6150,1.2299,105.11,13.8967,0.72,0.019302
238600000000000006,238500000000000004,2026-01-31,7278,130,3164,2.3003,111.05,15.2578,0.8542,0.017862
238600000000000007,238500000000000004,2026-01-31,6533,86,2207,2.9601,99.18,15.1819,1.1533,0.013164
238600000000000001,238500000000000001,2026-02-01,12841,107,8917,1.4401,146.77,11.4301,1.3717,0.008333
238600000000000002,238500000000000001,2026-02-01,12035,148,8475,1.4201,164.97,13.7074,1.1146,0.012297
238600000000000003,238500000000000002,2026-02-01,4879,128,2140,2.2799,79.33,16.259,0.6197,0.026235
238600000000000004,238500000000000002,2026-02-01,6155,150,3517,1.7501,98.81,16.0537,0.6587,0.02437
238600000000000005,238500000000000003,2026-02-01,11674,165,7888,1.48,133.6,11.4445,0.8097,0.014134
238600000000000006,238500000000000004,2026-02-01,7642,83,4318,1.7698,141.86,18.5629,1.7091,0.010861
238600000000000007,238500000000000004,2026-02-01,10499,122,4054,2.5898,125.35,11.9392,1.0275,0.01162
238600000000000002,238500000000000001,2026-02-02,11356,122,8942,1.27,92.71,8.1637,0.7599,0.010743
238600000000000003,238500000000000002,2026-02-02,2829,88,1145,2.4707,50.36,17.8007,0.5723,0.031106
238600000000000004,238500000000000002,2026-02-02,4937,110,2194,2.2502,61.11,12.3782,0.5556,0.022281
238600000000000005,238500000000000003,2026-02-02,8765,142,3054,2.87,83.6,9.5382,0.5887,0.016201
238600000000000006,238500000000000004,2026-02-02,6843,106,3844,1.7802,95.47,13.9518,0.9007,0.01549
238600000000000007,238500000000000004,2026-02-02,4805,75,1848,2.6001,71.73,14.9285,0.9564,0.015609
238600000000000001,238500000000000001,2026-02-03,13956,208,6521,2.1402,118.87,8.5174,0.5715,0.014904
238600000000000002,238500000000000001,2026-02-03,8674,103,4873,1.78,115.37,13.3007,1.1201,0.011875
238600000000000003,238500000000000002,2026-02-03,4424,135,2911,1.5198,71.82,16.2352,0.532,0.030515
238600000000000004,238500000000000002,2026-02-03,4449,123,1539,2.8908,62.03,13.9417,0.5043,0.027647
238600000000000005,238500000000000003,2026-02-03,6885,124,2881,2.3898,100.39,14.5807,0.8096,0.01801
238600000000000007,238500000000000004,2026-02-03,5903,78,3736,1.58,94.95,16.0858,1.2174,0.013214
238600000000000001,238500000000000001,2026-02-04,8499,86,2871,2.9603,79.96,9.4085,0.9298,0.010119
238600000000000002,238500000000000001,2026-02-04,6510,89,2284,2.8503,67.09,10.3063,0.7539,0.013671
238600000000000003,238500000000000002,2026-02-04,2533,78,1206,2.1003,39.92,15.7607,0.5118,0.030794
238600000000000004,238500000000000002,2026-02-04,3307,77,2054,1.61,44.11,13.3386,0.5729,0.023284
238600000000000005,238500000000000003,2026-02-04,5650,92,3693,1.5299,63.02,11.1548,0.685,0.016283
238600000000000006,238500000000000004,2026-02-04,4009,68,1806,2.2198,65.04,16.2229,0.9564,0.016962
238600000000000007,238500000000000004,2026-02-04,3841,69,2494,1.5401,61.01,15.8842,0.8842,0.017964
238600000000000001,238500000000000001,2026-02-05,10198,122,4232,2.4097,107.67,10.5582,0.8826,0.011963
238600000000000002,238500000000000001,2026-02-05,10327,145,5013,2.06,89.33,8.6506,0.6161,0.014041
238600000000000003,238500000000000002,2026-02-05,4323,118,1446,2.9896,61.88,14.3136,0.5244,0.027296
238600000000000004,238500000000000002,2026-02-05,4410,102,2464,1.7898,50.7,11.4961,0.497,0.023129
238600000000000005,238500000000000003,2026-02-05,8826,110,3356,2.6299,84.43,9.5662,0.7676,0.012463
238600000000000006,238500000000000004,2026-02-05,7675,94,6240,1.23,90.08,11.7372,0.9583,0.012248
238600000000000007,238500000000000004,2026-02-05,6722,91,2453,2.7403,78.78,11.7197,0.8657,0.013538
238600000000000001,238500000000000001,2026-02-06,9794,92,6849,1.43,107.99,11.0261,1.1738,0.009394
238600000000000002,238500000000000001,2026-02-06,11210,98,3866,2.8996,104.75,9.3442,1.0689,0.008742
238600000000000003,238500000000000002,2026-02-06,4290,100,2918,1.4702,70.86,16.5183,0.7086,0.02331
238600000000000004,238500000000000002,2026-02-06,3839,91,1580,2.4297,50.7,13.2069,0.5572,0.023704
238600000000000005,238500000000000003,2026-02-06,7143,94,4762,1.5,91.17,12.764,0.9699,0.01316
238600000000000006,238500000000000004,2026-02-06,5398,69,1928,2.7998,98.17,18.186,1.4227,0.012783
238600000000000007,238500000000000004,2026-02-06,4850,71,1696,2.8597,84.18,17.3566,1.1856,0.014639
238600000000000002,238500000000000001,2026-02-07,13109,146,8350,1.5699,111.37,8.4954,0.7628,0.011137
238600000000000003,238500000000000002,2026-02-07,3418,114,1401,2.4397,60.71,17.7626,0.5326,0.033353
238600000000000004,238500000000000002,2026-02-07,3586,118,1775,2.0203,61.52,17.157,0.5214,0.032906
238600000000000005,238500000000000003,2026-02-07,8633,126,2887,2.9903,91.68,10.6195,0.7276,0.014595
238600000000000006,238500000000000004,2026-02-07,5846,69,2575,2.2703,98.83,16.9051,1.4323,0.011803
238600000000000007,238500000000000004,2026-02-07,4431,49,3056,1.4499,84.53,19.0767,1.7251,0.011058
238600000000000001,238500000000000001,2026-02-08,6444,78,3222,2.0,86.53,13.4287,1.1094,0.012104
238600000000000002,238500000000000001,2026-02-08,8856,75,4495,1.9702,106.33,12.0068,1.4178,0.008469
238600000000000003,238500000000000002,2026-02-08,2840,59,1399,2.03,47.11,16.5869,0.7984,0.020775
238600000000000004,238500000000000002,2026-02-08,4324,149,3515,1.2302,63.1,14.5936,0.4235,0.034459
238600000000000005,238500000000000003,2026-02-08,6182,119,2369,2.6095,82.66,13.3706,0.6946,0.019249
238600000000000006,238500000000000004,2026-02-08,4381,48,2148,2.0396,80.55,18.3858,1.6781,0.010956
238600000000000007,238500000000000004,2026-02-08,5263,53,2371,2.2197,84.77,16.1061,1.5994,0.01007
238600000000000001,238500000000000001,2026-02-09,7331,90,5865,1.25,79.05,10.7832,0.8784,0.012277
238600000000000002,238500000000000001,2026-02-09,6689,67,3635,1.8402,83.36,12.4618,1.2441,0.010016
238600000000000003,238500000000000002,2026-02-09,3330,110,1640,2.0305,47.46,14.2516,0.4314,0.033033
238600000000000004,238500000000000002,2026-02-09,3962,104,2830,1.4,45.35,11.4455,0.436,0.026249
238600000000000005,238500000000000003,2026-02-09,6412,115,5130,1.2499,69.6,10.8552,0.6053,0.017935
238600000000000006,238500000000000004,2026-02-09,3561,51,2544,1.3998,69.1,19.4035,1.3548,0.014322
238600000000000007,238500000000000004,2026-02-09,4010,49,1383,2.8995,70.11,17.4842,1.4309,0.012219
238600000000000001,238500000000000001,2026-02-10,8288,107,5054,1.6399,69.52,8.3875,0.6497,0.01291
238600000000000002,238500000000000001,2026-02-10,5390,51,2750,1.96,72.05,13.3681,1.4128,0.009462
238600000000000003,238500000000000002,2026-02-10,2912,100,1067,2.7291,43.35,14.8872,0.4335,0.034341
238600000000000004,238500000000000002,2026-02-10,2169,61,756,2.869,37.55,17.3101,0.6155,0.028124
238600000000000005,238500000000000003,2026-02-10,6070,97,4367,1.39,60.67,9.9955,0.6255,0.01598
238600000000000006,238500000000000004,2026-02-10,3046,49,1269,2.4003,59.5,19.5349,1.2144,0.016087
238600000000000007,238500000000000004,2026-02-10,5100,78,2277,2.2398,61.84,12.1259,0.7928,0.015294
238600000000000001,238500000000000001,2026-02-11,7190,107,2497,2.8795,90.26,12.5538,0.8436,0.014882
238600000000000002,238500000000000001,2026-02-11,6688,92,2477,2.7,93.35,13.9583,1.0147,0.013756
238600000000000003,238500000000000002,2026-02-11,4466,127,2863,1.5599,54.47,12.1957,0.4289,0.028437
238600000000000005,238500000000000003,2026-02-11,6502,109,2942,2.2101,78.69,12.1028,0.7219,0.016764
238600000000000006,238500000000000004,2026-02-11,6002,74,3126,1.92,76.12,12.6823,1.0286,0.012329
238600000000000007,238500000000000004,2026-02-11,4920,79,2689,1.8297,81.27,16.5174,1.0287,0.016057
238600000000000001,238500000000000001,2026-02-12,8297,92,4852,1.71,107.97,13.0129,1.1736,0.011088
238600000000000002,238500000000000001,2026-02-12,10548,131,5071,2.0801,97.43,9.2367,0.7437,0.012419
238600000000000003,238500000000000002,2026-02-12,3966,93,1335,2.9708,51.48,12.9798,0.5535,0.023449
238600000000000004,238500000000000002,2026-02-12,5895,199,2456,2.4002,65.89,11.1776,0.3311,0.033757
238600000000000005,238500000000000003,2026-02-12,6230,98,3228,1.93,88.03,14.1296,0.8982,0.01573
238600000000000006,238500000000000004,2026-02-12,6810,111,4540,1.5,75.25,11.0494,0.6779,0.0163
238600000000000007,238500000000000004,2026-02-12,5404,67,2271,2.3796,100.81,18.6543,1.5046,0.012398
238600000000000001,238500000000000001,2026-02-13,6630,94,4911,1.35,66.06,9.964,0.7028,0.014178
238600000000000003,238500000000000002,2026-02-13,3571,103,1831,1.9503,49.38,13.8268,0.4794,0.028843
238600000000000004,238500000000000002,2026-02-13,2820,57,1659,1.6998,38.51,13.6555,0.6756,0.020213
238600000000000005,238500000000000003,2026-02-13,4746,90,1745,2.7198,65.91,13.8882,0.7324,0.018963
238600000000000006,238500000000000004,2026-02-13,3930,40,1644,2.3905,66.4,16.8952,1.66,0.010178
238600000000000001,238500000000000001,2026-02-14,4574,45,2108,2.1698,55.22,12.0733,1.2272,0.009838
238600000000000002,238500000000000001,2026-02-14,4883,50,3671,1.3302,57.81,11.8385,1.1561,0.01024
238600000000000003,238500000000000002,2026-02-14,2556,66,1504,1.6995,29.89,11.6943,0.4529,0.025822
238600000000000004,238500000000000002,2026-02-14,3437,98,2232,1.5399,34.7,10.0955,0.3541,0.028513
238600000000000006,238500000000000004,2026-02-14,3261,55,1235,2.6405,42.87,13.1477,0.7795,0.016866
238600000000000007,238500000000000004,2026-02-14,3244,34,2554,1.2702,54.01,16.6488,1.5885,0.010481
238600000000000001,238500000000000001,2026-02-15,4311,35,2566,1.68,51.29,11.897,1.4654,0.008119
238600000000000002,238500000000000001,2026-02-15,6934,69,2485,2.7903,70.58,10.1795,1.023,0.009951
238600000000000003,238500000000000002,2026-02-15,1905,61,997,1.9107,33.85,17.7678,0.5549,0.032021
238600000000000004,238500000000000002,2026-02-15,2693,84,932,2.8895,35.79,13.2914,0.4261,0.031192
238600000000000005,238500000000000003,2026-02-15,4920,86,3280,1.5,52.23,10.6161,0.6073,0.01748
238600000000000006,238500000000000004,2026-02-15,3347,39,1195,2.8008,52.45,15.672,1.345,0.011652
238600000000000007,238500000000000004,2026-02-15,4085,58,1808,2.2594,52.01,12.7314,0.8967,0.014198
238600000000000001,238500000000000001,2026-02-16,10223,116,7864,1.3,82.07,8.028,0.7075,0.011347
238600000000000002,238500000000000001,2026-02-16,8154,77,6370,1.2801,99.05,12.1473,1.2864,0.009443
238600000000000003,238500000000000002,2026-02-16,3384,112,1511,2.2396,57.49,16.9882,0.5133,0.033097
238600000000000004,238500000000000002,2026-02-16,3097,107,1674,1.8501,46.01,14.8559,0.43,0.03455
238600000000000005,238500000000000003,2026-02-16,6880,99,2709,2.5397,77.62,11.2823,0.7841,0.01439
238600000000000006,238500000000000004,2026-02-16,4214,58,2354,1.7901,74.17,17.6015,1.2788,0.013764
238600000000000007,238500000000000004,2026-02-16,5485,59,1918,2.8597,81.07,14.7807,1.3741,0.010757
238600000000000001,238500000000000001,2026-02-17,9595,134,3464,2.7699,114.62,11.9459,0.8554,0.013966
238600000000000002,238500000000000001,2026-02-17,9036,93,4706,1.9201,89.31,9.8842,0.9604,0.010292
238600000000000003,238500000000000002,2026-02-17,5128,126,2947,1.7401,57.78,11.2685,0.4586,0.024571
238600000000000004,238500000000000002,2026-02-17,4026,135,2341,1.7198,58.75,14.5924,0.4352,0.033532
238600000000000005,238500000000000003,2026-02-17,8699,148,3270,2.6602,87.4,10.0472,0.5905,0.017013
238600000000000006,238500000000000004,2026-02-17,6176,101,3812,1.6201,91.93,14.885,0.9102,0.016354
238600000000000007,238500000000000004,2026-02-17,6923,78,5538,1.2501,82.87,11.9704,1.0624,0.011267
238600000000000001,238500000000000001,2026-02-18,7306,62,4510,1.62,101.43,13.8824,1.6359,0.008486
238600000000000002,238500000000000001,2026-02-18,7722,67,5148,1.5,92.53,11.9821,1.381,0.008677
238600000000000003,238500000000000002,2026-02-18,5938,128,2841,2.0901,59.85,10.0786,0.4676,0.021556
238600000000000004,238500000000000002,2026-02-18,5091,132,1858,2.74,50.98,10.0142,0.3862,0.025928
238600000000000005,238500000000000003,2026-02-18,6402,124,2192,2.9206,83.12,12.9837,0.6703,0.019369
238600000000000006,238500000000000004,2026-02-18,7920,101,2849,2.7799,92.86,11.7245,0.9194,0.012753
238600000000000007,238500000000000004,2026-02-18,3795,60,1741,2.1798,73.39,19.3376,1.2231,0.01581
238600000000000001,238500000000000001,2026-02-19,11207,98,7184,1.56,139.0,12.4032,1.4184,0.008745
238600000000000002,238500000000000001,2026-02-19,8237,85,4268,1.9299,109.9,13.3427,1.293,0.010319
238600000000000003,238500000000000002,2026-02-19,4592,154,3827,1.1999,65.43,14.2486,0.4249,0.033537
238600000000000004,238500000000000002,2026-02-19,5337,186,2281,2.3398,76.8,14.3906,0.4129,0.034851
238600000000000005,238500000000000003,2026-02-19,9859,151,6529,1.51,106.67,10.82,0.7065,0.015316
238600000000000006,238500000000000004,2026-02-19,6200,97,3780,1.6402,90.57,14.6077,0.9337,0.015645
238600000000000007,238500000000000004,2026-02-19,9953,178,7483,1.3301,122.78,12.336,0.6898,0.017884
238600000000000001,238500000000000001,2026-02-20,8871,116,3452,2.5698,103.49,11.666,0.8921,0.013076
238600000000000002,238500000000000001,2026-02-20,12597,182,8342,1.5101,123.99,9.8426,0.6812,0.014448
238600000000000003,238500000000000002,2026-02-20,4127,90,1657,2.4906,57.44,13.9189,0.6383,0.021808
238600000000000004,238500000000000002,2026-02-20,7129,239,3086,2.3101,72.54,10.1757,0.3035,0.033525
238600000000000005,238500000000000003,2026-02-20,8234,108,3940,2.0898,97.49,11.8399,0.9027,0.013116
238600000000000006,238500000000000004,2026-02-20,9164,125,6234,1.47,105.58,11.5211,0.8446,0.01364
238600000000000007,238500000000000004,2026-02-20,6801,118,2667,2.5501,89.4,13.1451,0.7576,0.01735
238600000000000001,238500000000000001,2026-02-21,7628,105,3360,2.2702,92.64,12.1451,0.8823,0.013765
238600000000000002,238500000000000001,2026-02-21,8644,103,3528,2.4501,91.95,10.637,0.8927,0.011916
238600000000000003,238500000000000002,2026-02-21,2832,88,1147,2.469,44.0,15.5383,0.5001,0.031073
238600000000000004,238500000000000002,2026-02-21,4794,120,1837,2.6097,61.47,12.8233,0.5123,0.025031
238600000000000005,238500000000000003,2026-02-21,5561,75,3006,1.85,79.11,14.2258,1.0548,0.013487
238600000000000006,238500000000000004,2026-02-21,4945,73,1676,2.9505,80.1,16.1988,1.0973,0.014762
238600000000000007,238500000000000004,2026-02-21,4925,78,3305,1.4902,78.12,15.8611,1.0015,0.015838
238600000000000001,238500000000000001,2026-02-22,6133,85,2473,2.48,84.34,13.7515,0.9922,0.013859
238600000000000002,238500000000000001,2026-02-22,7979,94,6045,1.3199,83.34,10.4447,0.8866,0.011781
238600000000000003,238500000000000002,2026-02-22,5225,170,4214,1.2399,52.76,10.0985,0.3104,0.032536
238600000000000004,238500000000000002,2026-02-22,3219,79,2457,1.3101,43.05,13.3737,0.5449,0.024542
238600000000000005,238500000000000003,2026-02-22,7950,128,3518,2.2598,71.86,9.0391,0.5614,0.016101
238600000000000006,238500000000000004,2026-02-22,4145,45,1594,2.6004,64.63,15.593,1.4363,0.010856
238600000000000001,238500000000000001,2026-02-23,9759,106,5987,1.63,105.58,10.8188,0.996,0.010862
238600000000000002,238500000000000001,2026-02-23,7038,61,2523,2.7895,97.33,13.8294,1.5956,0.008667
238600000000000003,238500000000000002,2026-02-23,3951,98,2245,1.7599,55.76,14.1132,0.569,0.024804
238600000000000004,238500000000000002,2026-02-23,4780,163,1853,2.5796,60.19,12.5917,0.3693,0.0341
238600000000000005,238500000000000003,2026-02-23,5972,97,3413,1.7498,86.96,14.5617,0.8965,0.016242
238600000000000006,238500000000000004,2026-02-23,6331,110,2176,2.9095,85.9,13.5686,0.7809,0.017375
238600000000000007,238500000000000004,2026-02-23,4521,64,3478,1.2999,88.02,19.4696,1.3753,0.014156
238600000000000001,238500000000000001,2026-02-24,6014,66,2081,2.89,82.9,13.7839,1.256,0.010974
238600000000000002,238500000000000001,2026-02-24,8941,111,7451,1.2,83.98,9.3923,0.7565,0.012415
238600000000000003,238500000000000002,2026-02-24,2940,90,1109,2.651,46.54,15.8297,0.5171,0.030612
238600000000000004,238500000000000002,2026-02-24,4250,144,1816,2.3403,48.82,11.4863,0.339,0.033882
238600000000000005,238500000000000003,2026-02-24,5691,89,2085,2.7295,71.52,12.5667,0.8036,0.015639
238600000000000006,238500000000000004,2026-02-24,4086,59,1866,2.1897,78.11,19.1172,1.3239,0.01444
238600000000000007,238500000000000004,2026-02-24,5025,55,1911,2.6295,64.92,12.9196,1.1804,0.010945
238600000000000001,238500000000000001,2026-02-25,7364,100,5579,1.3199,78.87,10.7102,0.7887,0.01358
238600000000000002,238500000000000001,2026-02-25,8592,114,5337,1.6099,75.73,8.8141,0.6643,0.013268
238600000000000003,238500000000000002,2026-02-25,4036,102,1778,2.27,47.67,11.8114,0.4674,0.025273
238600000000000004,238500000000000002,2026-02-25,2337,52,1900,1.23,40.67,17.4037,0.7822,0.022251
238600000000000006,238500000000000004,2026-02-25,4106,41,2851,1.4402,65.58,15.9728,1.5996,0.009985
238600000000000007,238500000000000004,2026-02-25,3657,57,2926,1.2498,66.93,18.3021,1.1742,0.015587
238600000000000001,238500000000000001,2026-02-26,11789,173,8421,1.4,108.01,9.1617,0.6243,0.014675
238600000000000002,238500000000000001,2026-02-26,9968,148,3625,2.7498,134.41,13.4837,0.9081,0.014848
238600000000000003,238500000000000002,2026-02-26,3672,103,2123,1.7296,64.79,17.6455,0.6291,0.02805
238600000000000004,238500000000000002,2026-02-26,6168,177,2284,2.7005,73.73,11.9532,0.4165,0.028696
238600000000000005,238500000000000003,2026-02-26,10815,151,6008,1.8001,103.89,9.6062,0.688,0.013962
238600000000000006,238500000000000004,2026-02-26,5269,61,1804,2.9207,103.02,19.5518,1.6888,0.011577
238600000000000007,238500000000000004,2026-02-26,5749,69,2046,2.8099,104.76,18.223,1.5183,0.012002
238600000000000001,238500000000000001,2026-02-27,13139,197,8212,1.6,128.65,9.7916,0.6531,0.014994
238600000000000002,238500000000000001,2026-02-27,10584,136,6014,1.7599,89.13,8.4211,0.6554,0.01285
238600000000000003,238500000000000002,2026-02-27,3528,74,1464,2.4098,59.66,16.9093,0.8062,0.020975
238600000000000004,238500000000000002,2026-02-27,4405,112,2997,1.4698,64.79,14.7083,0.5785,0.025426
238600000000000005,238500000000000003,2026-02-27,6364,112,3616,1.76,93.33,14.666,0.8333,0.017599
238600000000000006,238500000000000004,2026-02-27,7248,123,2645,2.7403,91.64,12.643,0.745,0.01697
238600000000000007,238500000000000004,2026-02-27,5074,60,3995,1.2701,95.03,18.7295,1.5839,0.011825
238600000000000001,238500000000000001,2026-02-28,5959,85,2580,2.3097,82.95,13.9198,0.9759,0.014264
238600000000000002,238500000000000001,2026-02-28,5672,65,3356,1.6901,76.77,13.5348,1.1811,0.01146
238600000000000003,238500000000000002,2026-02-28,4038,87,1811,2.2297,46.89,11.6125,0.539,0.021545
238600000000000004,238500000000000002,2026-02-28,3401,119,1539,2.2099,44.38,13.0478,0.3729,0.03499
238600000000000005,238500000000000003,2026-02-28,7419,93,4913,1.5101,68.45,9.2264,0.736,0.012535
238600000000000006,238500000000000004,2026-02-28,3373,60,1961,1.72,66.35,19.6723,1.1059,0.017788
238600000000000007,238500000000000004,2026-02-28,5658,84,3957,1.4299,70.55,12.4684,0.8398,0.014846
238600000000000001,238500000000000001,2026-03-01,7351,88,2693,2.7297,95.47,12.9874,1.0849,0.011971
238600000000000002,238500000000000001,2026-03-01,9717,124,4357,2.2302,114.32,11.7648,0.9219,0.012761
238600000000000004,238500000000000002,2026-03-01,5889,158,2506,2.35,59.76,10.1471,0.3782,0.02683
238600000000000005,238500000000000003,2026-03-01,7826,104,2635,2.97,89.91,11.4886,0.8645,0.013289
238600000000000006,238500000000000004,2026-03-01,5908,87,4047,1.4598,81.18,13.7405,0.9331,0.014726
238600000000000007,238500000000000004,2026-03-01,5518,72,2059,2.6799,98.64,17.8761,1.37,0.013048
238600000000000001,238500000000000001,2026-03-02,6842,56,3620,1.8901,58.23,8.511,1.0399,0.008185
238600000000000003,238500000000000002,2026-03-02,2823,98,1233,2.2895,34.62,12.2618,0.3532,0.034715
238600000000000004,238500000000000002,2026-03-02,3880,121,1865,2.0804,39.15,10.0895,0.3235,0.031186
238600000000000005,238500000000000003,2026-03-02,3808,60,2151,1.7703,55.32,14.5278,0.922,0.015756
238600000000000007,238500000000000004,2026-03-02,3804,53,1912,1.9895,51.91,13.6466,0.9795,0.013933
238600000000000001,238500000000000001,2026-03-03,6016,79,2949,2.04,69.51,11.5545,0.8799,0.013132
238600000000000002,238500000000000001,2026-03-03,7988,111,3535,2.2597,77.66,9.7224,0.6997,0.013896
238600000000000003,238500000000000002,2026-03-03,2449,51,1391,1.7606,40.31,16.46,0.7904,0.020825
238600000000000004,238500000000000002,2026-03-03,3294,113,1840,1.7902,43.79,13.2936,0.3875,0.034305
238600000000000005,238500000000000003,2026-03-03,5543,109,4399,1.2601,63.07,11.3792,0.5787,0.019664
238600000000000006,238500000000000004,2026-03-03,3173,46,2021,1.57,62.27,19.6238,1.3536,0.014497
238600000000000007,238500000000000004,2026-03-03,3951,59,1508,2.62,63.88,16.1689,1.0828,0.014933
238600000000000001,238500000000000001,2026-03-04,4560,48,1991,2.2903,59.47,13.042,1.239,0.010526
238600000000000002,238500000000000001,2026-03-04,5281,63,1906,2.7707,59.55,11.2768,0.9453,0.01193
238600000000000003,238500000000000002,2026-03-04,2647,71,1479,1.7897,34.21,12.9256,0.4819,0.026823
238600000000000004,238500000000000002,2026-03-04,2378,78,806,2.9504,33.8,14.2136,0.4333,0.032801
238600000000000005,238500000000000003,2026-03-04,3556,70,1891,1.8805,51.01,14.3449,0.7287,0.019685
238600000000000006,238500000000000004,2026-03-04,3423,36,1236,2.7694,53.04,15.4937,1.4732,0.010517
238600000000000007,238500000000000004,2026-03-04,4127,61,3439,1.2001,48.99,11.8696,0.803,0.014781
238600000000000001,238500000000000001,2026-03-05,8066,103,5073,1.59,80.29,9.9542,0.7795,0.01277
238600000000000002,238500000000000001,2026-03-05,5161,51,1805,2.8593,64.55,12.5071,1.2657,0.009882
238600000000000003,238500000000000002,2026-03-05,2567,57,1097,2.34,39.3,15.3106,0.6895,0.022205
238600000000000004,238500000000000002,2026-03-05,2617,66,1768,1.4802,43.46,16.608,0.6585,0.02522
238600000000000005,238500000000000003,2026-03-05,5789,73,2412,2.4001,62.07,10.7228,0.8503,0.01261
238600000000000007,238500000000000004,2026-03-05,3743,45,1910,1.9597,67.18,17.9485,1.4929,0.012022
238600000000000001,238500000000000001,2026-03-06,6328,78,3882,1.6301,69.72,11.0171,0.8938,0.012326
238600000000000002,238500000000000001,2026-03-06,4845,51,2053,2.36,59.71,12.3241,1.1708,0.010526
238600000000000003,238500000000000002,2026-03-06,1830,52,1441,1.27,32.94,18.0015,0.6335,0.028415
238600000000000004,238500000000000002,2026-03-06,3205,66,1174,2.73,41.02,12.7973,0.6214,0.020593
238600000000000005,238500000000000003,2026-03-06,4544,87,2217,2.0496,55.47,12.207,0.6376,0.019146
238600000000000006,238500000000000004,2026-03-06,3243,40,1096,2.9589,46.74,14.4121,1.1685,0.012334
238600000000000007,238500000000000004,2026-03-06,3417,50,2022,1.6899,64.2,18.7881,1.284,0.014633
238600000000000001,238500000000000001,2026-03-07,7863,69,5242,1.5,92.89,11.8132,1.3462,0.008775
238600000000000002,238500000000000001,2026-03-07,9153,103,6312,1.4501,79.81,8.7196,0.7749,0.011253
238600000000000003,238500000000000002,2026-03-07,5030,175,3811,1.3199,50.87,10.1143,0.2907,0.034791
238600000000000004,238500000000000002,2026-03-07,4370,104,2526,1.73,47.81,10.9404,0.4597,0.023799
238600000000000005,238500000000000003,2026-03-07,6183,113,2185,2.8297,74.01,11.9705,0.655,0.018276
238600000000000006,238500000000000004,2026-03-07,3794,65,1679,2.2597,75.49,19.8985,1.1615,0.017132
238600000000000007,238500000000000004,2026-03-07,4566,60,1856,2.4601,72.53,15.8852,1.2089,0.013141
238600000000000001,238500000000000001,2026-03-08,5778,48,2020,2.8604,74.01,12.8095,1.5419,0.008307
238600000000000003,238500000000000002,2026-03-08,4293,112,2224,1.9303,47.6,11.0867,0.425,0.026089
238600000000000004,238500000000000002,2026-03-08,2562,68,1129,2.2693,44.45,17.35,0.6537,0.026542
238600000000000005,238500000000000003,2026-03-08,4892,61,2929,1.6702,69.03,14.1117,1.1317,0.012469
238600000000000006,238500000000000004,2026-03-08,3958,41,2328,1.7002,75.74,19.1366,1.8474,0.010359
238600000000000007,238500000000000004,2026-03-08,3148,48,2201,1.4303,62.33,19.7987,1.2985,0.015248
238600000000000001,238500000000000001,2026-03-09,6499,81,4248,1.5299,80.18,12.3374,0.9899,0.012463
238600000000000002,238500000000000001,2026-03-09,7480,107,3528,2.1202,83.76,11.1972,0.7828,0.014305
238600000000000003,238500000000000002,2026-03-09,2961,78,2388,1.2399,51.86,17.514,0.6649,0.026342
238600000000000004,238500000000000002,2026-03-09,3490,70,2624,1.33,41.82,11.9825,0.5974,0.020057
238600000000000005,238500000000000003,2026-03-09,4987,69,1847,2.7001,70.26,14.0883,1.0182,0.013836
238600000000000006,238500000000000004,2026-03-09,3982,56,2536,1.5702,70.69,17.7518,1.2623,0.014063
238600000000000007,238500000000000004,2026-03-09,3902,64,2636,1.4803,69.83,17.8957,1.0911,0.016402
238600000000000001,238500000000000001,2026-03-10,6478,63,2322,2.7898,58.54,9.0361,0.9291,0.009725
238600000000000003,238500000000000002,2026-03-10,1655,49,1346,1.2296,29.55,17.8552,0.6031,0.029607
238600000000000004,238500000000000002,2026-03-10,1996,63,825,2.4194,35.0,17.5373,0.5556,0.031563
238600000000000005,238500000000000003,2026-03-10,4279,56,1910,2.2403,48.42,11.3148,0.8646,0.013087
238600000000000006,238500000000000004,2026-03-10,2651,37,1178,2.2504,47.19,17.8015,1.2755,0.013957
238600000000000007,238500000000000004,2026-03-10,3999,46,3305,1.21,49.64,12.4132,1.0791,0.011503
238600000000000001,238500000000000001,2026-03-11,5156,43,1835,2.8098,51.93,10.0725,1.2078,0.00834
238600000000000002,238500000000000001,2026-03-11,5537,46,2346,2.3602,64.58,11.6642,1.404,0.008308
238600000000000003,238500000000000002,2026-03-11,2764,92,1218,2.2693,35.83,12.9649,0.3895,0.033285
238600000000000004,238500000000000002,2026-03-11,2229,62,1056,2.1108,30.75,13.7942,0.4959,0.027815
238600000000000005,238500000000000003,2026-03-11,4864,72,1923,2.5294,49.94,10.2666,0.6936,0.014803
238600000000000006,238500000000000004,2026-03-11,4178,47,2009,2.0796,50.02,11.9732,1.0643,0.011249
238600000000000007,238500000000000004,2026-03-11,3276,49,1300,2.52,49.85,15.2164,1.0173,0.014957
238600000000000001,238500000000000001,2026-03-12,6412,62,4932,1.3001,63.78,9.9474,1.0288,0.009669
238600000000000002,238500000000000001,2026-03-12,8762,119,4114,2.1298,80.41,9.1776,0.6757,0.013581
238600000000000003,238500000000000002,2026-03-12,2420,69,840,2.881,39.73,16.4183,0.5758,0.028512
238600000000000004,238500000000000002,2026-03-12,4063,121,2745,1.4801,42.67,10.5011,0.3526,0.029781
238600000000000005,238500000000000003,2026-03-12,4655,68,2271,2.0498,61.8,13.2757,0.9088,0.014608
238600000000000006,238500000000000004,2026-03-12,3498,57,1434,2.4393,64.86,18.5425,1.1379,0.016295
238600000000000007,238500000000000004,2026-03-12,3258,38,2431,1.3402,58.74,18.0281,1.5457,0.011664
238600000000000001,238500000000000001,2026-03-13,5119,77,3482,1.4701,65.48,12.7913,0.8504,0.015042
238600000000000002,238500000000000001,2026-03-13,6046,51,2183,2.7696,73.38,12.1368,1.4388,0.008435
238600000000000003,238500000000000002,2026-03-13,2904,79,1326,2.19,38.36,13.2087,0.4855,0.027204
238600000000000004,238500000000000002,2026-03-13,3759,76,1429,2.6305,40.99,10.9043,0.5393,0.020218
238600000000000005,238500000000000003,2026-03-13,5413,80,2640,2.0504,59.51,10.994,0.7439,0.014779
238600000000000006,238500000000000004,2026-03-13,3636,52,1691,2.1502,56.93,15.6577,1.0948,0.014301
238600000000000007,238500000000000004,2026-03-13,4665,58,2549,1.8301,62.09,13.3097,1.0705,0.012433
238600000000000001,238500000000000001,2026-03-14,5542,67,2107,2.6303,61.9,11.1701,0.9239,0.012089
238600000000000003,238500000000000002,2026-03-14,3413,111,1250,2.7304,42.39,12.4196,0.3819,0.032523
238600000000000004,238500000000000002,2026-03-14,2133,61,1748,1.2203,33.71,15.8051,0.5527,0.028598
238600000000000005,238500000000000003,2026-03-14,3865,50,2560,1.5098,57.08,14.7672,1.1415,0.012937
238600000000000006,238500000000000004,2026-03-14,2999,46,1796,1.6698,51.92,17.3124,1.1287,0.015338
238600000000000007,238500000000000004,2026-03-14,3819,40,1359,2.8102,62.23,16.2951,1.5558,0.010474
238600000000000001,238500000000000001,2026-03-15,4999,67,2525,1.9798,69.02,13.8071,1.0302,0.013403
238600000000000002,238500000000000001,2026-03-15,7153,106,2896,2.47,69.18,9.671,0.6526,0.014819
238600000000000003,238500000000000002,2026-03-15,2798,89,1186,2.3592,36.51,13.0494,0.4102,0.031808
238600000000000004,238500000000000002,2026-03-15,4050,107,1667,2.4295,42.46,10.4835,0.3968,0.02642
238600000000000005,238500000000000003,2026-03-15,4154,66,1610,2.5801,59.23,14.258,0.8974,0.015888
238600000000000006,238500000000000004,2026-03-15,4403,53,1812,2.4299,58.53,13.2941,1.1044,0.012037
238600000000000007,238500000000000004,2026-03-15,3382,49,1191,2.8396,59.92,17.7178,1.2229,0.014488
238600000000000001,238500000000000001,2026-03-16,8434,105,3012,2.8001,94.82,11.2425,0.903,0.01245
238600000000000002,238500000000000001,2026-03-16,9177,79,6373,1.44,93.7,10.2102,1.1861,0.008608
238600000000000003,238500000000000002,2026-03-16,4233,125,1714,2.4697,48.48,11.4525,0.3878,0.02953
238600000000000004,238500000000000002,2026-03-16,4675,129,1964,2.3803,59.25,12.673,0.4593,0.027594
238600000000000005,238500000000000003,2026-03-16,7814,155,3757,2.0799,80.79,10.3396,0.5212,0.019836
238600000000000006,238500000000000004,2026-03-16,6897,114,2517,2.7402,89.33,12.952,0.7836,0.016529
238600000000000007,238500000000000004,2026-03-16,6039,89,4991,1.21,72.26,11.9651,0.8119,0.014738
238600000000000001,238500000000000001,2026-03-17,6151,81,3576,1.7201,78.67,12.7898,0.9712,0.013169
238600000000000002,238500000000000001,2026-03-17,7802,83,4085,1.9099,107.55,13.7853,1.2958,0.010638
238600000000000003,238500000000000002,2026-03-17,3139,86,2396,1.3101,52.95,16.869,0.6157,0.027397
238600000000000004,238500000000000002,2026-03-17,5164,165,3466,1.4899,53.46,10.3527,0.324,0.031952
238600000000000006,238500000000000004,2026-03-17,5620,100,2942,1.9103,87.64,15.5936,0.8764,0.017794
238600000000000007,238500000000000004,2026-03-17,4097,44,3358,1.2201,71.98,17.5698,1.636,0.01074
238600000000000001,238500000000000001,2026-03-18,8714,109,5515,1.5801,85.39,9.7997,0.7834,0.012509
238600000000000002,238500000000000001,2026-03-18,8450,117,3018,2.7999,81.28,9.6188,0.6947,0.013846
238600000000000003,238500000000000002,2026-03-18,2638,79,1474,1.7897,43.27,16.4036,0.5478,0.029947
238600000000000004,238500000000000002,2026-03-18,3825,115,1857,2.0598,51.97,13.5867,0.4519,0.030065
238600000000000005,238500000000000003,2026-03-18,5581,98,1918,2.9098,71.43,12.799,0.7289,0.01756
238600000000000006,238500000000000004,2026-03-18,5003,76,2734,1.8299,83.14,16.6173,1.0939,0.015191
238600000000000007,238500000000000004,2026-03-18,5341,58,2254,2.3696,59.73,11.1826,1.0298,0.010859
238600000000000001,238500000000000001,2026-03-19,8818,123,2999,2.9403,72.57,8.2294,0.59,0.013949
238600000000000002,238500000000000001,2026-03-19,5696,78,2445,2.3297,74.36,13.0555,0.9534,0.013694
238600000000000003,238500000000000002,2026-03-19,2817,59,1280,2.2008,47.3,16.7895,0.8016,0.020944
238600000000000005,238500000000000003,2026-03-19,4757,70,1858,2.5603,62.97,13.2374,0.8996,0.014715
238600000000000006,238500000000000004,2026-03-19,4249,63,1666,2.5504,65.37,15.384,1.0376,0.014827
238600000000000007,238500000000000004,2026-03-19,3244,54,1495,2.1699,60.57,18.6725,1.1217,0.016646
238600000000000001,238500000000000001,2026-03-20,5312,55,3200,1.66,64.9,12.2174,1.18,0.010354
238600000000000002,238500000000000001,2026-03-20,7291,63,2497,2.9199,68.22,9.3568,1.0829,0.008641
238600000000000003,238500000000000002,2026-03-20,3028,103,1311,2.3097,41.31,13.6428,0.4011,0.034016
238600000000000004,238500000000000002,2026-03-20,3411,86,1214,2.8097,34.76,10.1899,0.4042,0.025213
238600000000000005,238500000000000003,2026-03-20,4922,96,3845,1.2801,57.05,11.591,0.5943,0.019504
238600000000000006,238500000000000004,2026-03-20,3065,35,1432,2.1404,58.04,18.9356,1.6582,0.011419
238600000000000007,238500000000000004,2026-03-20,3265,48,2053,1.5904,56.06,17.1714,1.168,0.014701
238600000000000001,238500000000000001,2026-03-21,6846,82,2951,2.3199,73.36,10.7164,0.8947,0.011978
238600000000000002,238500000000000001,2026-03-21,8473,96,3851,2.2002,72.27,8.5298,0.7528,0.01133
238600000000000003,238500000000000002,2026-03-21,3122,83,1174,2.6593,43.85,14.047,0.5284,0.026586
238600000000000004,238500000000000002,2026-03-21,2323,51,1683,1.3803,39.37,16.9465,0.7719,0.021954
238600000000000005,238500000000000003,2026-03-21,5145,78,3137,1.6401,62.42,12.1314,0.8002,0.01516
238600000000000006,238500000000000004,2026-03-21,3900,64,1822,2.1405,60.85,15.6016,0.9507,0.01641
238600000000000007,238500000000000004,2026-03-21,4227,59,2501,1.6901,63.99,15.1374,1.0845,0.013958
238600000000000001,238500000000000001,2026-03-22,7041,98,3321,2.1201,83.58,11.8705,0.8529,0.013918
238600000000000002,238500000000000001,2026-03-22,8455,74,5093,1.6601,84.77,10.0257,1.1455,0.008752
238600000000000003,238500000000000002,2026-03-22,3566,81,2947,1.21,44.04,12.3495,0.5437,0.022715
238600000000000005,238500000000000003,2026-03-22,7560,141,2710,2.7897,72.15,9.5435,0.5117,0.018651
238600000000000006,238500000000000004,2026-03-22,5234,80,1805,2.8997,75.43,14.4113,0.9429,0.015285
238600000000000007,238500000000000004,2026-03-22,4717,61,2758,1.7103,68.87,14.6003,1.129,0.012932
238600000000000001,238500000000000001,2026-03-23,7014,101,5274,1.3299,78.46,11.1864,0.7768,0.0144
238600000000000002,238500000000000001,2026-03-23,8517,104,4436,1.92,85.38,10.0244,0.8209,0.012211
238600000000000003,238500000000000002,2026-03-23,3582,74,1235,2.9004,49.91,13.9338,0.6745,0.020659
238600000000000004,238500000000000002,2026-03-23,2926,93,1626,1.7995,43.71,14.939,0.47,0.031784
238600000000000005,238500000000000003,2026-03-23,5429,67,2742,1.9799,70.22,12.9336,1.048,0.012341
238600000000000006,238500000000000004,2026-03-23,3582,53,1231,2.9098,61.42,17.1467,1.1589,0.014796
238600000000000007,238500000000000004,2026-03-23,4154,58,2270,1.83,79.01,19.0211,1.3623,0.013962
238600000000000001,238500000000000001,2026-03-24,6089,89,2264,2.6895,63.06,10.3569,0.7086,0.014617
238600000000000002,238500000000000001,2026-03-24,6111,89,4812,1.27,70.3,11.5034,0.7899,0.014564
238600000000000003,238500000000000002,2026-03-24,2587,72,1082,2.3909,35.57,13.7482,0.494,0.027831
238600000000000004,238500000000000002,2026-03-24,3408,102,2130,1.6,40.64,11.9247,0.3984,0.02993
238600000000000005,238500000000000003,2026-03-24,4020,59,1951,2.0605,57.15,14.2175,0.9687,0.014677
238600000000000006,238500000000000004,2026-03-24,4647,70,2923,1.5898,51.3,11.0404,0.7329,0.015063
238600000000000007,238500000000000004,2026-03-24,4713,79,1964,2.3997,63.0,13.3681,0.7975,0.016762
238600000000000001,238500000000000001,2026-03-25,8410,85,2982,2.8203,93.53,11.1216,1.1004,0.010107
238600000000000002,238500000000000001,2026-03-25,8662,71,4164,2.0802,108.34,12.5076,1.5259,0.008197
238600000000000003,238500000000000002,2026-03-25,3343,74,1281,2.6097,56.27,16.833,0.7604,0.022136
238600000000000004,238500000000000002,2026-03-25,3561,104,2185,1.6297,59.08,16.5919,0.5681,0.029205
238600000000000005,238500000000000003,2026-03-25,7302,114,4321,1.6899,86.52,11.8484,0.7589,0.015612
238600000000000006,238500000000000004,2026-03-25,5987,104,3219,1.8599,93.29,15.5814,0.897,0.017371
238600000000000007,238500000000000004,2026-03-25,6070,80,3613,1.68,79.75,13.1382,0.9969,0.01318
238600000000000001,238500000000000001,2026-03-26,7839,76,6532,1.2001,65.16,8.3119,0.8573,0.009695
238600000000000002,238500000000000001,2026-03-26,8589,109,3800,2.2603,91.88,10.698,0.843,0.012691
238600000000000003,238500000000000002,2026-03-26,2121,68,1670,1.2701,37.13,17.5045,0.546,0.03206
238600000000000004,238500000000000002,2026-03-26,4022,92,2198,1.8298,52.61,13.0809,0.5719,0.022874
238600000000000005,238500000000000003,2026-03-26,4942,68,1824,2.7094,67.3,13.6187,0.9898,0.01376
238600000000000006,238500000000000004,2026-03-26,4566,59,2927,1.56,66.43,14.5481,1.1259,0.012922
238600000000000007,238500000000000004,2026-03-26,4414,50,1491,2.9604,68.18,15.4465,1.3636,0.011328
238600000000000001,238500000000000001,2026-03-27,7490,100,2637,2.8403,89.4,11.9354,0.894,0.013351
238600000000000002,238500000000000001,2026-03-27,8577,72,3431,2.4999,102.6,11.9619,1.425,0.008395
238600000000000003,238500000000000002,2026-03-27,4309,149,1959,2.1996,54.15,12.5669,0.3634,0.034579
238600000000000004,238500000000000002,2026-03-27,3872,78,1907,2.0304,55.56,14.3491,0.7123,0.020145
238600000000000005,238500000000000003,2026-03-27,7121,136,3151,2.2599,82.28,11.555,0.605,0.019098
238600000000000006,238500000000000004,2026-03-27,4338,54,2046,2.1202,73.49,16.942,1.361,0.012448
238600000000000007,238500000000000004,2026-03-27,5606,92,2009,2.7904,91.07,16.2453,0.9899,0.016411
238600000000000001,238500000000000001,2026-03-28,4890,48,1778,2.7503,64.86,13.2638,1.3513,0.009816
238600000000000002,238500000000000001,2026-03-28,7726,84,4088,1.8899,76.97,9.9619,0.9163,0.010872
238600000000000003,238500000000000002,2026-03-28,4029,139,2817,1.4302,41.45,10.2879,0.2982,0.0345
238600000000000005,238500000000000003,2026-03-28,5867,113,2051,2.8606,60.78,10.3601,0.5379,0.01926
238600000000000006,238500000000000004,2026-03-28,3948,61,1762,2.2406,62.61,15.8575,1.0263,0.015451
238600000000000007,238500000000000004,2026-03-28,4515,81,1678,2.6907,58.96,13.0587,0.7279,0.01794
238600000000000001,238500000000000001,2026-03-29,9110,116,3828,2.3798,74.35,8.1612,0.6409,0.012733
238600000000000002,238500000000000001,2026-03-29,6510,80,3223,2.0199,66.74,10.2523,0.8343,0.012289
238600000000000003,238500000000000002,2026-03-29,3226,112,1148,2.8101,38.82,12.0328,0.3466,0.034718
238600000000000004,238500000000000002,2026-03-29,2497,78,991,2.5197,41.81,16.7424,0.536,0.031237
238600000000000005,238500000000000003,2026-03-29,4323,64,2287,1.8902,60.47,13.9874,0.9448,0.014805
238600000000000006,238500000000000004,2026-03-29,3765,59,1448,2.6001,60.19,15.9871,1.0202,0.015671
238600000000000007,238500000000000004,2026-03-29,3749,53,1984,1.8896,60.74,16.2027,1.1461,0.014137
238600000000000001,238500000000000001,2026-03-30,9679,93,4033,2.4,99.54,10.2838,1.0703,0.009608
238600000000000002,238500000000000001,2026-03-30,7624,110,4332,1.7599,84.79,11.1209,0.7708,0.014428
238600000000000003,238500000000000002,2026-03-30,4249,134,2529,1.6801,55.59,13.0826,0.4148,0.031537
238600000000000004,238500000000000002,2026-03-30,2991,89,1104,2.7092,49.74,16.6297,0.5589,0.029756
238600000000000005,238500000000000003,2026-03-30,5985,86,3627,1.6501,79.0,13.1989,0.9186,0.014369
238600000000000006,238500000000000004,2026-03-30,5203,66,2891,1.7997,74.93,14.4022,1.1354,0.012685
238600000000000007,238500000000000004,2026-03-30,4641,67,2714,1.71,83.06,17.8962,1.2396,0.014437
238600000000000001,238500000000000001,2026-03-31,9596,129,3917,2.4498,81.26,8.4677,0.6299,0.013443
238600000000000002,238500000000000001,2026-03-31,5947,79,2631,2.2604,71.76,12.067,0.9084,0.013284
238600000000000003,238500000000000002,2026-03-31,3714,106,2672,1.39,38.45,10.3527,0.3627,0.028541
238600000000000004,238500000000000002,2026-03-31,3558,93,1214,2.9308,48.99,13.7687,0.5268,0.026138
238600000000000005,238500000000000003,2026-03-31,5315,64,2224,2.3898,65.58,12.3385,1.0247,0.012041
238600000000000006,238500000000000004,2026-03-31,5056,60,3028,1.6697,59.66,11.799,0.9943,0.011867
238600000000000007,238500000000000004,2026-03-31,4484,73,2768,1.6199,71.5,15.9461,0.9795,0.01628
238600000000000001,238500000000000001,2026-04-01,6266,88,2270,2.7604,64.36,10.2706,0.7313,0.014044
238600000000000002,238500000000000001,2026-04-01,6215,89,2336,2.6605,69.19,11.1326,0.7774,0.01432
238600000000000003,238500000000000002,2026-04-01,3558,113,1482,2.4008,38.08,10.7024,0.337,0.031759
238600000000000004,238500000000000002,2026-04-01,3229,103,1631,1.9798,38.23,11.8403,0.3712,0.031898
238600000000000005,238500000000000003,2026-04-01,5078,68,2775,1.8299,57.23,11.2709,0.8417,0.013391
238600000000000006,238500000000000004,2026-04-01,4708,50,2065,2.2799,57.15,12.1383,1.1429,0.01062
238600000000000007,238500000000000004,2026-04-01,3579,50,1680,2.1304,57.32,16.0156,1.1464,0.01397
238600000000000001,238500000000000001,2026-04-02,9076,135,4607,1.97,108.21,11.9226,0.8015,0.014874
238600000000000002,238500000000000001,2026-04-02,12912,171,7173,1.8001,110.34,8.5454,0.6453,0.013243
238600000000000003,238500000000000002,2026-04-02,4851,149,3416,1.4201,64.58,13.3132,0.4334,0.030715
238600000000000004,238500000000000002,2026-04-02,3428,79,1265,2.7099,60.3,17.591,0.7633,0.023046
238600000000000005,238500000000000003,2026-04-02,10016,124,7004,1.43,93.66,9.3514,0.7553,0.01238
238600000000000006,238500000000000004,2026-04-02,5235,91,2380,2.1996,82.35,15.73,0.9049,0.017383
238600000000000007,238500000000000004,2026-04-02,5952,92,2821,2.1099,104.98,17.6378,1.1411,0.015457
238600000000000001,238500000000000001,2026-04-03,8413,123,4124,2.04,74.58,8.8648,0.6063,0.01462
238600000000000002,238500000000000001,2026-04-03,9693,132,5571,1.7399,97.16,10.024,0.7361,0.013618
238600000000000003,238500000000000002,2026-04-03,2808,87,962,2.9189,46.79,16.6636,0.5378,0.030983
238600000000000004,238500000000000002,2026-04-03,3323,109,2556,1.3001,51.35,15.452,0.4711,0.032802
238600000000000005,238500000000000003,2026-04-03,5838,104,3945,1.4798,73.6,12.6077,0.7077,0.017814
238600000000000006,238500000000000004,2026-04-03,5228,60,2283,2.29,66.96,12.8084,1.116,0.011477
238600000000000007,238500000000000004,2026-04-03,4594,60,2198,2.0901,80.25,17.4674,1.3374,0.013061
238600000000000001,238500000000000001,2026-04-04,9302,88,5707,1.6299,88.19,9.4808,1.0022,0.00946
238600000000000003,238500000000000002,2026-04-04,3184,80,1072,2.9701,54.14,17.0045,0.6768,0.025126
238600000000000004,238500000000000002,2026-04-04,3131,86,1273,2.4595,48.32,15.4328,0.5619,0.027467
238600000000000005,238500000000000003,2026-04-04,7174,108,5236,1.3701,76.85,10.7119,0.7115,0.015054
238600000000000006,238500000000000004,2026-04-04,4181,63,2549,1.6403,80.44,19.2393,1.2768,0.015068
238600000000000007,238500000000000004,2026-04-04,4704,53,2834,1.6598,73.25,15.5727,1.3822,0.011267
238600000000000001,238500000000000001,2026-04-05,8622,79,5042,1.71,108.65,12.6019,1.3754,0.009163
238600000000000002,238500000000000001,2026-04-05,6879,66,2796,2.4603,79.12,11.501,1.1987,0.009594
238600000000000003,238500000000000002,2026-04-05,4334,109,2743,1.58,59.03,13.62,0.5416,0.02515
238600000000000004,238500000000000002,2026-04-05,3500,113,2318,1.5099,48.27,13.7907,0.4271,0.032286
238600000000000005,238500000000000003,2026-04-05,8332,115,6459,1.29,80.47,9.6582,0.6998,0.013802
238600000000000006,238500000000000004,2026-04-05,6505,95,3040,2.1398,82.77,12.7245,0.8713,0.014604
238600000000000007,238500000000000004,2026-04-05,4305,72,1757,2.4502,78.17,18.1585,1.0857,0.016725
238600000000000001,238500000000000001,2026-04-06,11530,94,5570,2.07,94.38,8.1859,1.0041,0.008153
238600000000000002,238500000000000001,2026-04-06,10899,120,6022,1.8099,106.3,9.7532,0.8858,0.01101
238600000000000003,238500000000000002,2026-04-06,4871,132,3455,1.4098,64.7,13.2836,0.4902,0.027099
238600000000000004,238500000000000002,2026-04-06,3492,87,1386,2.5195,49.97,14.3104,0.5744,0.024914
238600000000000005,238500000000000003,2026-04-06,6154,92,2115,2.9097,86.01,13.9758,0.9349,0.01495
238600000000000006,238500000000000004,2026-04-06,6961,79,3040,2.2898,92.09,13.2288,1.1656,0.011349
238600000000000007,238500000000000004,2026-04-06,4060,50,1574,2.5794,79.93,19.6868,1.5986,0.012315
238600000000000001,238500000000000001,2026-04-07,9811,125,6958,1.41,115.06,11.7273,0.9205,0.012741
238600000000000002,238500000000000001,2026-04-07,7029,79,2501,2.8105,87.04,12.3828,1.1018,0.011239
238600000000000003,238500000000000002,2026-04-07,3693,106,1634,2.2601,57.87,15.6703,0.5459,0.028703
238600000000000004,238500000000000002,2026-04-07,3795,101,1790,2.1201,57.61,15.1812,0.5704,0.026614
238600000000000005,238500000000000003,2026-04-07,6978,93,4715,1.48,86.61,12.4122,0.9313,0.013328
238600000000000006,238500000000000004,2026-04-07,5473,78,3378,1.6202,86.36,15.7788,1.1071,0.014252
238600000000000007,238500000000000004,2026-04-07,7493,83,3986,1.8798,86.87,11.5931,1.0466,0.011077
238600000000000001,238500000000000001,2026-04-08,11723,150,6269,1.87,109.2,9.3154,0.728,0.012795
238600000000000002,238500000000000001,2026-04-08,15127,214,7415,2.0401,121.33,8.0211,0.567,0.014147
238600000000000003,238500000000000002,2026-04-08,3838,104,1586,2.4199,63.92,16.6546,0.6146,0.027097
238600000000000004,238500000000000002,2026-04-08,4126,144,2441,1.6903,67.82,16.4364,0.4709,0.034901
238600000000000005,238500000000000003,2026-04-08,8023,144,2674,3.0004,98.8,12.3149,0.6861,0.017948
238600000000000007,238500000000000004,2026-04-08,8459,116,3304,2.5602,101.63,12.0147,0.8761,0.013713
238600000000000001,238500000000000001,2026-04-09,8326,123,4142,2.0101,77.34,9.2893,0.6288,0.014773
238600000000000002,238500000000000001,2026-04-09,7674,83,2610,2.9402,83.37,10.8643,1.0045,0.010816
238600000000000003,238500000000000002,2026-04-09,3723,76,1284,2.8995,53.46,14.359,0.7034,0.020414
238600000000000004,238500000000000002,2026-04-09,2486,50,1668,1.4904,38.38,15.4379,0.7676,0.020113
238600000000000005,238500000000000003,2026-04-09,6609,127,4005,1.6502,68.88,10.4218,0.5423,0.019216
238600000000000006,238500000000000004,2026-04-09,4052,42,1523,2.6605,76.74,18.9392,1.8272,0.010365
238600000000000001,238500000000000001,2026-04-10,8601,100,3360,2.5598,84.76,9.8543,0.8476,0.011627
238600000000000002,238500000000000001,2026-04-10,5883,65,4358,1.3499,78.36,13.3194,1.2055,0.011049
238600000000000003,238500000000000002,2026-04-10,2981,92,1703,1.7504,41.08,13.7792,0.4465,0.030862
238600000000000004,238500000000000002,2026-04-10,5140,136,2169,2.3698,52.13,10.1426,0.3833,0.026459
238600000000000005,238500000000000003,2026-04-10,7574,120,2959,2.5596,69.91,9.2298,0.5826,0.015844
238600000000000006,238500000000000004,2026-04-10,5317,71,3881,1.37,70.3,13.222,0.9902,0.013353
238600000000000007,238500000000000004,2026-04-10,6300,113,3559,1.7702,69.51,11.0336,0.6151,0.017937
238600000000000001,238500000000000001,2026-04-11,10274,134,3669,2.8002,84.2,8.1951,0.6283,0.013043
238600000000000002,238500000000000001,2026-04-11,8701,108,3625,2.4003,118.23,13.5882,1.0947,0.012412
238600000000000003,238500000000000002,2026-04-11,3916,134,2922,1.3402,60.87,15.5444,0.4543,0.034219
238600000000000004,238500000000000002,2026-04-11,4212,114,2492,1.6902,54.8,13.0106,0.4807,0.027066
238600000000000005,238500000000000003,2026-04-11,8012,105,3709,2.1602,86.75,10.8281,0.8262,0.013105
238600000000000001,238500000000000001,2026-04-12,7976,101,2789,2.8598,72.22,9.0548,0.7151,0.012663
238600000000000002,238500000000000001,2026-04-12,4151,35,2427,1.7103,58.01,13.9743,1.6573,0.008432
238600000000000003,238500000000000002,2026-04-12,2591,86,1283,2.0195,39.77,15.3503,0.4625,0.033192
238600000000000004,238500000000000002,2026-04-12,2095,69,794,2.6385,34.64,16.5364,0.5021,0.032936
238600000000000005,238500000000000003,2026-04-12,5186,100,2913,1.7803,55.81,10.7621,0.5581,0.019283
238600000000000006,238500000000000004,2026-04-12,4561,68,1689,2.7004,55.47,12.162,0.8157,0.014909
238600000000000007,238500000000000004,2026-04-12,4574,68,1882,2.4304,56.15,12.2767,0.8258,0.014867
238600000000000001,238500000000000001,2026-04-13,7567,75,4586,1.65,77.53,10.2463,1.0338,0.009911
238600000000000002,238500000000000001,2026-04-13,7018,74,2571,2.7297,81.25,11.5773,1.098,0.010544
238600000000000003,238500000000000002,2026-04-13,3329,91,1698,1.9605,44.4,13.3369,0.4879,0.027336
238600000000000004,238500000000000002,2026-04-13,2781,70,1293,2.1508,46.33,16.6612,0.6619,0.025171
238600000000000005,238500000000000003,2026-04-13,5195,79,2372,2.1901,68.05,13.0991,0.8614,0.015207
238600000000000006,238500000000000004,2026-04-13,4173,45,1799,2.3196,71.56,17.1482,1.5902,0.010784
238600000000000007,238500000000000004,2026-04-13,4043,68,1460,2.7692,64.54,15.9635,0.9491,0.016819
238600000000000001,238500000000000001,2026-04-14,8118,71,4720,1.7199,75.6,9.3126,1.0648,0.008746
238600000000000002,238500000000000001,2026-04-14,8402,110,3374,2.4902,76.11,9.059,0.6919,0.013092
238600000000000003,238500000000000002,2026-04-14,2620,76,1272,2.0597,43.02,16.4188,0.566,0.029008
238600000000000004,238500000000000002,2026-04-14,3839,79,1328,2.8908,43.68,11.3769,0.5529,0.020578
238600000000000006,238500000000000004,2026-04-14,3233,48,1107,2.9205,57.82,17.8833,1.2045,0.014847
238600000000000007,238500000000000004,2026-04-14,4437,59,2348,1.8897,72.22,16.2774,1.2241,0.013297
238600000000000001,238500000000000001,2026-04-15,6749,90,5532,1.22,87.75,13.0023,0.975,0.013335
238600000000000002,238500000000000001,2026-04-15,9659,78,5649,1.7099,98.99,10.2486,1.2691,0.008075
238600000000000003,238500000000000002,2026-04-15,3242,69,1122,2.8895,46.78,14.429,0.678,0.021283
238600000000000004,238500000000000002,2026-04-15,3529,118,2307,1.5297,59.93,16.9827,0.5079,0.033437
238600000000000005,238500000000000003,2026-04-15,5786,74,2167,2.6701,80.03,13.8322,1.0815,0.012789
238600000000000006,238500000000000004,2026-04-15,6066,65,2538,2.3901,73.71,12.1514,1.134,0.010715
238600000000000007,238500000000000004,2026-04-15,7229,98,4694,1.5401,86.36,11.9457,0.8812,0.013557
238600000000000001,238500000000000001,2026-04-16,6638,66,4845,1.3701,74.19,11.1771,1.1241,0.009943
238600000000000002,238500000000000001,2026-04-16,5616,64,2649,2.12,77.09,13.726,1.2045,0.011396
238600000000000003,238500000000000002,2026-04-16,2751,89,949,2.8988,44.06,16.0149,0.495,0.032352
238600000000000004,238500000000000002,2026-04-16,2435,75,998,2.4399,42.39,17.4078,0.5652,0.030801
238600000000000005,238500000000000003,2026-04-16,6242,96,2645,2.3599,64.83,10.3867,0.6754,0.01538
238600000000000006,238500000000000004,2026-04-16,4922,78,2461,2.0,69.62,14.1449,0.8926,0.015847
238600000000000007,238500000000000004,2026-04-16,4755,83,2015,2.3598,60.05,12.6281,0.7235,0.017455
238600000000000001,238500000000000001,2026-04-17,7768,82,4948,1.5699,69.75,8.979,0.8506,0.010556
238600000000000002,238500000000000001,2026-04-17,6676,98,2967,2.2501,90.33,13.5308,0.9217,0.014679
238600000000000003,238500000000000002,2026-04-17,3487,79,1250,2.7896,48.28,13.8462,0.6112,0.022656
238600000000000004,238500000000000002,2026-04-17,2636,64,1204,2.1894,43.19,16.3857,0.6749,0.024279
238600000000000005,238500000000000003,2026-04-17,5474,67,1991,2.7494,68.61,12.533,1.024,0.01224
238600000000000006,238500000000000004,2026-04-17,3812,63,2296,1.6603,75.56,19.8207,1.1993,0.016527
238600000000000007,238500000000000004,2026-04-17,5263,71,1840,2.8603,61.66,11.7148,0.8684,0.01349
238600000000000001,238500000000000001,2026-04-18,7539,86,2803,2.6896,92.44,12.2613,1.0749,0.011407
238600000000000003,238500000000000002,2026-04-18,3935,128,2249,1.7497,45.1,11.4618,0.3524,0.032529
238600000000000004,238500000000000002,2026-04-18,2810,69,1232,2.2808,48.51,17.2632,0.703,0.024555
238600000000000005,238500000000000003,2026-04-18,4863,96,1768,2.7506,70.21,14.4373,0.7313,0.019741
238600000000000006,238500000000000004,2026-04-18,3732,51,2039,1.8303,64.21,17.2059,1.2591,0.013666
238600000000000007,238500000000000004,2026-04-18,6304,72,2706,2.3296,76.21,12.0884,1.0584,0.011421
238600000000000001,238500000000000001,2026-04-19,5291,64,3266,1.62,67.56,12.7692,1.0556,0.012096
238600000000000002,238500000000000001,2026-04-19,6216,62,4782,1.2999,73.03,11.7487,1.1779,0.009974
238600000000000003,238500000000000002,2026-04-19,2268,56,1492,1.5201,40.29,17.7627,0.7194,0.024691
238600000000000004,238500000000000002,2026-04-19,2651,71,1993,1.3302,40.05,15.1084,0.5641,0.026782
238600000000000006,238500000000000004,2026-04-19,5644,65,3866,1.4599,64.29,11.3917,0.9892,0.011517
238600000000000007,238500000000000004,2026-04-19,4999,89,1960,2.5505,56.21,11.2447,0.6316,0.017804
238600000000000001,238500000000000001,2026-04-20,5936,60,4463,1.33,64.43,10.8548,1.0739,0.010108
238600000000000002,238500000000000001,2026-04-20,4070,54,3155,1.29,53.93,13.2498,0.9986,0.013268
238600000000000003,238500000000000002,2026-04-20,2024,42,884,2.2896,34.94,17.2649,0.832,0.020751
238600000000000004,238500000000000002,2026-04-20,1992,65,668,2.982,32.69,16.4109,0.5029,0.032631
238600000000000005,238500000000000003,2026-04-20,5027,64,2717,1.8502,50.73,10.0907,0.7926,0.012731
238600000000000006,238500000000000004,2026-04-20,2480,39,1143,2.1697,46.88,18.9028,1.202,0.015726
238600000000000007,238500000000000004,2026-04-20,3888,47,2430,1.6,54.57,14.0363,1.1611,0.012088
238600000000000001,238500000000000001,2026-04-21,5839,77,4562,1.2799,63.12,10.8099,0.8197,0.013187
238600000000000002,238500000000000001,2026-04-21,4976,50,2154,2.3101,68.69,13.8046,1.3738,0.010048
238600000000000003,238500000000000002,2026-04-21,3396,113,1163,2.92,36.67,10.7986,0.3245,0.033274
238600000000000004,238500000000000002,2026-04-21,3205,107,1412,2.2698,38.65,12.0588,0.3612,0.033385
238600000000000005,238500000000000003,2026-04-21,3828,77,1973,1.9402,56.49,14.7571,0.7336,0.020115
238600000000000006,238500000000000004,2026-04-21,4239,51,2944,1.4399,63.08,14.8813,1.2369,0.012031
238600000000000007,238500000000000004,2026-04-21,3919,42,1689,2.3203,49.9,12.7326,1.1881,0.010717
238600000000000001,238500000000000001,2026-04-22,4770,40,2385,2.0,57.91,12.1406,1.4478,0.008386
238600000000000002,238500000000000001,2026-04-22,4897,52,1660,2.95,54.69,11.1676,1.0517,0.010619
238600000000000003,238500000000000002,2026-04-22,3253,102,1095,2.9708,37.2,11.4353,0.3647,0.031356
238600000000000004,238500000000000002,2026-04-22,1911,65,1080,1.7694,27.14,14.2034,0.4176,0.034014
238600000000000005,238500000000000003,2026-04-22,3257,53,1253,2.5994,48.26,14.8162,0.9105,0.016273
238600000000000006,238500000000000004,2026-04-22,4396,74,1628,2.7002,50.94,11.5885,0.6884,0.016833
238600000000000007,238500000000000004,2026-04-22,3622,64,1432,2.5293,45.57,12.5813,0.712,0.01767
238600000000000001,238500000000000001,2026-04-23,4120,39,2624,1.5701,49.27,11.9577,1.2632,0.009466
238600000000000002,238500000000000001,2026-04-23,3139,37,1516,2.0706,42.28,13.4684,1.1426,0.011787
238600000000000003,238500000000000002,2026-04-23,1675,51,877,1.9099,27.99,16.7117,0.5489,0.030448
238600000000000004,238500000000000002,2026-04-23,1697,56,687,2.4702,24.32,14.3302,0.4343,0.032999
238600000000000005,238500000000000003,2026-04-23,2661,45,1000,2.661,39.23,14.7436,0.8718,0.016911
238600000000000006,238500000000000004,2026-04-23,3525,36,2398,1.47,38.95,11.0488,1.0819,0.010213
238600000000000007,238500000000000004,2026-04-23,2023,24,738,2.7412,39.52,19.5347,1.6466,0.011864
238600000000000001,238500000000000001,2026-04-24,4890,70,2296,2.1298,41.19,8.423,0.5884,0.014315
238600000000000002,238500000000000001,2026-04-24,5142,60,1955,2.6302,50.4,9.8021,0.84,0.011669
238600000000000003,238500000000000002,2026-04-24,1638,52,969,1.6904,28.95,17.6763,0.5568,0.031746
238600000000000004,238500000000000002,2026-04-24,1335,27,470,2.8404,23.38,17.5162,0.8661,0.020225
238600000000000005,238500000000000003,2026-04-24,3092,51,2290,1.3502,39.25,12.6951,0.7697,0.016494
238600000000000006,238500000000000004,2026-04-24,2482,33,844,2.9408,42.06,16.9463,1.2746,0.013296
238600000000000007,238500000000000004,2026-04-24,1995,25,1357,1.4702,36.45,18.2686,1.4578,0.012531
238600000000000001,238500000000000001,2026-04-25,6326,68,2541,2.4896,64.86,10.2529,0.9538,0.010749
238600000000000002,238500000000000001,2026-04-25,5134,58,3249,1.5802,63.37,12.344,1.0927,0.011297
238600000000000003,238500000000000002,2026-04-25,2592,85,1728,1.5,38.1,14.6989,0.4482,0.032793
238600000000000004,238500000000000002,2026-04-25,2031,45,1069,1.8999,35.18,17.32,0.7817,0.022157
238600000000000005,238500000000000003,2026-04-25,5444,97,3678,1.4802,54.96,10.095,0.5666,0.017818
238600000000000006,238500000000000004,2026-04-25,2900,30,1747,1.66,55.36,19.0908,1.8454,0.010345
238600000000000007,238500000000000004,2026-04-25,2808,40,1605,1.7495,54.55,19.4271,1.3638,0.014245
238600000000000001,238500000000000001,2026-04-26,5736,83,2056,2.7899,75.91,13.234,0.9146,0.01447
238600000000000002,238500000000000001,2026-04-26,6522,97,2211,2.9498,64.64,9.9114,0.6664,0.014873
238600000000000003,238500000000000002,2026-04-26,2212,49,793,2.7894,35.67,16.1253,0.7279,0.022152
238600000000000005,238500000000000003,2026-04-26,4416,69,2964,1.4899,60.24,13.6406,0.873,0.015625
238600000000000006,238500000000000004,2026-04-26,4825,53,3446,1.4002,56.94,11.8021,1.0744,0.010984
238600000000000007,238500000000000004,2026-04-26,5279,58,2237,2.3599,63.53,12.0342,1.0953,0.010987
238600000000000001,238500000000000001,2026-04-27,8798,127,4036,2.1799,79.4,9.0243,0.6252,0.014435
238600000000000002,238500000000000001,2026-04-27,5557,59,4446,1.2499,76.92,13.8415,1.3037,0.010617
238600000000000003,238500000000000002,2026-04-27,3995,139,2699,1.4802,45.18,11.3098,0.3251,0.034793
238600000000000004,238500000000000002,2026-04-27,4320,149,2107,2.0503,44.14,10.2174,0.2962,0.034491
238600000000000005,238500000000000003,2026-04-27,7343,138,4799,1.5301,66.99,9.1232,0.4854,0.018793
238600000000000006,238500000000000004,2026-04-27,4982,85,2504,1.9896,68.1,13.6686,0.8011,0.017061
238600000000000007,238500000000000004,2026-04-27,4754,62,1815,2.6193,65.89,13.859,1.0627,0.013042
238600000000000001,238500000000000001,2026-04-28,7251,107,2912,2.49,59.6,8.2201,0.557,0.014757
238600000000000002,238500000000000001,2026-04-28,4133,45,1715,2.4099,56.55,13.6831,1.2567,0.010888
238600000000000003,238500000000000002,2026-04-28,2089,64,711,2.9381,36.92,17.6744,0.5769,0.030637
238600000000000004,238500000000000002,2026-04-28,2845,58,1046,2.7199,29.45,10.3526,0.5078,0.020387
238600000000000005,238500000000000003,2026-04-28,4219,60,3196,1.3201,49.78,11.7993,0.8297,0.014221
238600000000000006,238500000000000004,2026-04-28,4773,73,1801,2.6502,53.77,11.2661,0.7366,0.015294
238600000000000007,238500000000000004,2026-04-28,2329,38,1346,1.7303,45.79,19.6605,1.205,0.016316
238600000000000001,238500000000000001,2026-04-29,3850,40,1954,1.9703,49.79,12.9313,1.2446,0.01039
238600000000000002,238500000000000001,2026-04-29,6582,72,2862,2.2998,64.76,9.8392,0.8995,0.010939
238600000000000003,238500000000000002,2026-04-29,1798,50,702,2.5613,29.98,16.6745,0.5996,0.027809
238600000000000004,238500000000000002,2026-04-29,2991,81,1088,2.7491,35.47,11.8606,0.438,0.027081
238600000000000005,238500000000000003,2026-04-29,4174,80,1420,2.9394,49.09,11.7613,0.6136,0.019166
238600000000000006,238500000000000004,2026-04-29,3109,33,1787,1.7398,47.18,15.1763,1.4298,0.010614
238600000000000007,238500000000000004,2026-04-29,3573,53,1533,2.3307,51.0,14.2738,0.9623,0.014833
238600000000000001,238500000000000001,2026-04-30,5342,65,4415,1.21,64.33,12.0424,0.9897,0.012168
238600000000000002,238500000000000001,2026-04-30,4019,39,1778,2.2604,49.71,12.369,1.2746,0.009704
238600000000000003,238500000000000002,2026-04-30,2433,74,981,2.4801,33.31,13.6925,0.4502,0.030415
238600000000000004,238500000000000002,2026-04-30,1907,40,1014,1.8807,31.85,16.703,0.7963,0.020975
238600000000000005,238500000000000003,2026-04-30,3922,63,1775,2.2096,48.87,12.4617,0.7758,0.016063
238600000000000006,238500000000000004,2026-04-30,2699,44,1616,1.6702,48.24,17.8751,1.0965,0.016302
238600000000000007,238500000000000004,2026-04-30,2581,44,1206,2.1401,49.51,19.1806,1.1251,0.017048
238600000000000001,238500000000000001,2026-05-01,4099,36,1491,2.7492,56.51,13.7863,1.5697,0.008783
238600000000000002,238500000000000001,2026-05-01,3741,41,2429,1.5401,47.03,12.5726,1.1472,0.01096
238600000000000003,238500000000000002,2026-05-01,2474,86,903,2.7398,27.44,11.0925,0.3191,0.034762
238600000000000004,238500000000000002,2026-05-01,2129,66,1499,1.4203,31.73,14.9015,0.4807,0.031
238600000000000005,238500000000000003,2026-05-01,4915,76,1982,2.4798,44.38,9.0287,0.5839,0.015463
238600000000000006,238500000000000004,2026-05-01,4214,47,1692,2.4905,47.77,11.3349,1.0163,0.011153
238600000000000007,238500000000000004,2026-05-01,3353,47,1660,2.0199,40.99,12.2239,0.8721,0.014017
238600000000000001,238500000000000001,2026-05-02,7704,90,4304,1.79,80.64,10.4675,0.896,0.011682
238600000000000002,238500000000000001,2026-05-02,7278,91,4757,1.53,63.23,8.6879,0.6948,0.012503
238600000000000003,238500000000000002,2026-05-02,3178,74,2464,1.2898,41.67,13.1128,0.5631,0.023285
238600000000000004,238500000000000002,2026-05-02,2273,73,1229,1.8495,40.54,17.8355,0.5553,0.032116
238600000000000005,238500000000000003,2026-05-02,5062,61,2636,1.9203,61.66,12.1808,1.0108,0.012051
238600000000000006,238500000000000004,2026-05-02,3609,57,2051,1.7596,63.19,17.5103,1.1087,0.015794
238600000000000007,238500000000000004,2026-05-02,5054,54,3199,1.5799,60.12,11.8964,1.1134,0.010685
238600000000000001,238500000000000001,2026-05-03,2942,39,2029,1.45,33.47,11.3763,0.8582,0.013256
238600000000000002,238500000000000001,2026-05-03,3462,52,1215,2.8494,43.28,12.5015,0.8323,0.01502
238600000000000004,238500000000000002,2026-05-03,1550,36,1062,1.4595,19.84,12.8014,0.5512,0.023226
238600000000000005,238500000000000003,2026-05-03,2385,36,831,2.87,32.89,13.7914,0.9137,0.015094
238600000000000006,238500000000000004,2026-05-03,1983,22,754,2.63,36.63,18.4734,1.6651,0.011094
238600000000000007,238500000000000004,2026-05-03,2008,22,1217,1.65,29.15,14.5181,1.3251,0.010956
238600000000000002,238500000000000001,2026-05-04,8131,68,5212,1.5601,68.36,8.4071,1.0053,0.008363
238600000000000003,238500000000000002,2026-05-04,3178,82,1177,2.7001,34.4,10.8245,0.4195,0.025802
238600000000000004,238500000000000002,2026-05-04,2971,76,1428,2.0805,42.45,14.2884,0.5586,0.025581
238600000000000005,238500000000000003,2026-05-04,5332,82,1777,3.0006,57.64,10.8099,0.7029,0.015379
238600000000000006,238500000000000004,2026-05-04,3849,68,1504,2.5592,60.03,15.5955,0.8828,0.017667
238600000000000007,238500000000000004,2026-05-04,3359,48,1647,2.0395,55.25,16.4483,1.151,0.01429
238600000000000001,238500000000000001,2026-05-05,7556,112,5475,1.3801,84.86,11.2305,0.7577,0.014823
238600000000000002,238500000000000001,2026-05-05,5617,83,3956,1.4199,70.14,12.4873,0.8451,0.014777
238600000000000003,238500000000000002,2026-05-05,4377,122,1621,2.7002,44.14,10.0838,0.3618,0.027873
238600000000000004,238500000000000002,2026-05-05,2677,86,1217,2.1997,44.43,16.5984,0.5167,0.032126
238600000000000005,238500000000000003,2026-05-05,7115,124,4976,1.4299,66.43,9.3363,0.5357,0.017428
238600000000000006,238500000000000004,2026-05-05,3497,59,2301,1.5198,60.02,17.1639,1.0173,0.016872
238600000000000007,238500000000000004,2026-05-05,4918,86,2287,2.1504,72.83,14.8096,0.8469,0.017487
238600000000000001,238500000000000001,2026-05-06,4286,46,1559,2.7492,58.38,13.6211,1.2691,0.010733
238600000000000002,238500000000000001,2026-05-06,8262,81,3705,2.23,68.98,8.3487,0.8516,0.009804
238600000000000003,238500000000000002,2026-05-06,3338,113,1567,2.1302,37.35,11.19,0.3306,0.033853
238600000000000004,238500000000000002,2026-05-06,2859,78,1157,2.471,35.42,12.3901,0.4541,0.027282
238600000000000006,238500000000000004,2026-05-06,3427,53,1579,2.1704,52.98,15.4603,0.9997,0.015465
238600000000000007,238500000000000004,2026-05-06,4990,64,2668,1.8703,56.18,11.2587,0.8778,0.012826
238600000000000001,238500000000000001,2026-05-07,8551,119,3302,2.5896,76.7,8.9696,0.6445,0.013917
238600000000000002,238500000000000001,2026-05-07,5937,68,3758,1.5798,68.31,11.5054,1.0045,0.011454
238600000000000003,238500000000000002,2026-05-07,3264,72,2079,1.57,42.8,13.1128,0.5944,0.022059
238600000000000004,238500000000000002,2026-05-07,3190,108,2552,1.25,40.06,12.5583,0.3709,0.033856
238600000000000005,238500000000000003,2026-05-07,5730,109,2154,2.6602,62.15,10.8457,0.5701,0.019023
238600000000000006,238500000000000004,2026-05-07,3303,37,1580,2.0905,60.1,18.1955,1.6243,0.011202
238600000000000007,238500000000000004,2026-05-07,5161,58,1926,2.6796,64.19,12.4378,1.1068,0.011238
238600000000000001,238500000000000001,2026-05-08,4453,51,3399,1.3101,60.31,13.5434,1.1825,0.011453
238600000000000002,238500000000000001,2026-05-08,4193,37,3153,1.3298,57.06,13.6086,1.5422,0.008824
238600000000000003,238500000000000002,2026-05-08,2419,82,1905,1.2698,34.47,14.2511,0.4204,0.033898
238600000000000004,238500000000000002,2026-05-08,1864,52,986,1.8905,32.6,17.4867,0.6268,0.027897
238600000000000005,238500000000000003,2026-05-08,4198,73,1794,2.34,50.3,11.9822,0.6891,0.017389
238600000000000006,238500000000000004,2026-05-08,3360,51,1240,2.7097,46.52,13.8441,0.9121,0.015179
238600000000000007,238500000000000004,2026-05-08,4055,46,3168,1.28,54.09,13.3382,1.1758,0.011344
238600000000000001,238500000000000001,2026-05-09,7814,78,2852,2.7398,95.25,12.189,1.2211,0.009982
238600000000000002,238500000000000001,2026-05-09,7607,90,4638,1.6401,86.92,11.4258,0.9657,0.011831
238600000000000003,238500000000000002,2026-05-09,2669,71,1103,2.4198,47.62,17.8413,0.6707,0.026602
238600000000000004,238500000000000002,2026-05-09,3391,68,1161,2.9208,56.47,16.654,0.8305,0.020053
238600000000000005,238500000000000003,2026-05-09,7235,123,4206,1.7202,78.07,10.7905,0.6347,0.017001
238600000000000006,238500000000000004,2026-05-09,3873,68,2128,1.82,71.44,18.4457,1.0506,0.017557
238600000000000007,238500000000000004,2026-05-09,4336,64,2492,1.74,84.7,19.5337,1.3234,0.01476
238600000000000001,238500000000000001,2026-05-10,5999,51,4255,1.4099,73.56,12.2627,1.4424,0.008501
238600000000000002,238500000000000001,2026-05-10,7583,96,6319,1.2,82.34,10.8585,0.8577,0.01266
238600000000000003,238500000000000002,2026-05-10,3621,86,2605,1.39,45.84,12.6599,0.533,0.02375
238600000000000004,238500000000000002,2026-05-10,2531,85,1516,1.6695,43.25,17.0867,0.5088,0.033584
238600000000000005,238500000000000003,2026-05-10,4569,73,2367,1.9303,66.82,14.6238,0.9153,0.015977
238600000000000006,238500000000000004,2026-05-10,4713,64,2333,2.0201,59.77,12.6823,0.9339,0.013579
238600000000000007,238500000000000004,2026-05-10,6544,88,4040,1.6198,73.86,11.2867,0.8393,0.013447
238600000000000001,238500000000000001,2026-05-11,4885,65,1809,2.7004,50.81,10.4008,0.7817,0.013306
238600000000000003,238500000000000002,2026-05-11,3479,118,1303,2.67,38.04,10.9338,0.3224,0.033918
238600000000000004,238500000000000002,2026-05-11,2391,61,960,2.4906,26.65,11.1453,0.4369,0.025512
238600000000000005,238500000000000003,2026-05-11,4883,74,2530,1.93,48.52,9.9356,0.6556,0.015155
238600000000000006,238500000000000004,2026-05-11,3097,38,1877,1.65,52.63,16.9954,1.3851,0.01227
238600000000000007,238500000000000004,2026-05-11,3422,35,1222,2.8003,44.4,12.9738,1.2685,0.010228
238600000000000001,238500000000000001,2026-05-12,6595,70,2381,2.7698,73.12,11.087,1.0446,0.010614
238600000000000002,238500000000000001,2026-05-12,6814,100,2469,2.7598,78.04,11.4532,0.7804,0.014676
238600000000000003,238500000000000002,2026-05-12,2440,81,1683,1.4498,37.42,15.3361,0.462,0.033197
238600000000000004,238500000000000002,2026-05-12,3760,127,1593,2.3603,48.96,13.0207,0.3855,0.033777
238600000000000005,238500000000000003,2026-05-12,6234,101,3646,1.7098,64.78,10.3919,0.6414,0.016201
238600000000000006,238500000000000004,2026-05-12,3888,69,3135,1.2402,74.01,19.0355,1.0726,0.017747
238600000000000007,238500000000000004,2026-05-12,4919,50,3279,1.5002,55.56,11.2942,1.1111,0.010165
238600000000000001,238500000000000001,2026-05-13,5111,64,3385,1.5099,71.11,13.9134,1.1111,0.012522
238600000000000002,238500000000000001,2026-05-13,6933,93,4917,1.41,69.97,10.0923,0.7524,0.013414
238600000000000003,238500000000000002,2026-05-13,3327,74,1128,2.9495,40.14,12.0652,0.5424,0.022242
238600000000000004,238500000000000002,2026-05-13,3686,94,2156,1.7096,40.48,10.9812,0.4306,0.025502
238600000000000005,238500000000000003,2026-05-13,5275,98,2102,2.5095,60.46,11.4622,0.617,0.018578
238600000000000006,238500000000000004,2026-05-13,3627,49,1499,2.4196,61.53,16.9658,1.2558,0.01351
238600000000000007,238500000000000004,2026-05-13,3027,37,1904,1.5898,59.39,19.6206,1.6052,0.012223
238600000000000001,238500000000000001,2026-05-14,4744,69,3163,1.4998,63.16,13.313,0.9153,0.014545
238600000000000002,238500000000000001,2026-05-14,5972,51,2188,2.7294,73.94,12.3809,1.4498,0.00854
238600000000000003,238500000000000002,2026-05-14,2112,42,973,2.1706,36.7,17.3773,0.8738,0.019886
238600000000000004,238500000000000002,2026-05-14,3343,88,1499,2.2302,41.64,12.4558,0.4732,0.026324
238600000000000005,238500000000000003,2026-05-14,4890,72,1948,2.5103,58.76,12.0154,0.816,0.014724
238600000000000006,238500000000000004,2026-05-14,3691,62,1295,2.8502,58.09,15.7379,0.9369,0.016798
238600000000000007,238500000000000004,2026-05-14,3701,45,1451,2.5507,59.42,16.0557,1.3205,0.012159
238600000000000001,238500000000000001,2026-05-15,3744,44,1741,2.1505,51.89,13.8599,1.1793,0.011752
238600000000000002,238500000000000001,2026-05-15,6359,90,2852,2.2297,67.52,10.6185,0.7503,0.014153
238600000000000003,238500000000000002,2026-05-15,2747,68,1461,1.8802,36.49,13.2846,0.5367,0.024754
238600000000000004,238500000000000002,2026-05-15,1963,57,1079,1.8193,31.74,16.1712,0.5569,0.029037
238600000000000005,238500000000000003,2026-05-15,4122,71,1527,2.6994,51.18,12.4157,0.7208,0.017225
238600000000000006,238500000000000004,2026-05-15,2808,40,1404,2.0,46.37,16.5152,1.1594,0.014245
238600000000000007,238500000000000004,2026-05-15,3742,55,2430,1.5399,55.98,14.9601,1.0178,0.014698
238600000000000001,238500000000000001,2026-05-16,8074,106,3217,2.5098,70.61,8.7456,0.6662,0.013129
238600000000000002,238500000000000001,2026-05-16,8849,89,5205,1.7001,80.31,9.076,0.9024,0.010058
238600000000000003,238500000000000002,2026-05-16,3135,88,2272,1.3798,51.61,16.464,0.5865,0.02807
238600000000000004,238500000000000002,2026-05-16,2073,44,947,2.189,34.63,16.7045,0.787,0.021225
238600000000000005,238500000000000003,2026-05-16,4816,88,3676,1.3101,64.68,13.4307,0.735,0.018272
238600000000000006,238500000000000004,2026-05-16,3675,61,1584,2.3201,62.67,17.0539,1.0274,0.016599
238600000000000007,238500000000000004,2026-05-16,4279,43,1603,2.6694,66.69,15.5858,1.551,0.010049
238600000000000001,238500000000000001,2026-05-17,5256,44,3413,1.54,67.16,12.778,1.5264,0.008371
238600000000000002,238500000000000001,2026-05-17,6253,91,4773,1.3101,60.91,9.7407,0.6693,0.014553
238600000000000003,238500000000000002,2026-05-17,2402,57,1327,1.8101,31.62,13.1633,0.5547,0.02373
238600000000000004,238500000000000002,2026-05-17,2749,55,1762,1.5602,41.56,15.1198,0.7557,0.020007
238600000000000005,238500000000000003,2026-05-17,4125,73,2126,1.9403,54.89,13.3059,0.7519,0.017697
238600000000000006,238500000000000004,2026-05-17,4121,68,2424,1.7001,61.12,14.8325,0.8989,0.016501
238600000000000007,238500000000000004,2026-05-17,2642,43,1545,1.71,48.65,18.4138,1.1314,0.016276
238600000000000001,238500000000000001,2026-05-18,6901,92,5189,1.3299,55.38,8.0252,0.602,0.013331
238600000000000002,238500000000000001,2026-05-18,6356,84,2573,2.4703,59.87,9.4195,0.7127,0.013216
238600000000000003,238500000000000002,2026-05-18,2104,69,726,2.8981,31.98,15.202,0.4635,0.032795
238600000000000004,238500000000000002,2026-05-18,1956,60,1449,1.3499,33.87,17.3176,0.5646,0.030675
238600000000000005,238500000000000003,2026-05-18,3317,60,1843,1.7998,49.39,14.8911,0.8232,0.018089
238600000000000006,238500000000000004,2026-05-18,4186,64,1993,2.1004,50.84,12.1443,0.7943,0.015289
238600000000000007,238500000000000004,2026-05-18,2418,39,1483,1.6305,47.95,19.8309,1.2295,0.016129
238600000000000001,238500000000000001,2026-05-19,6126,76,4572,1.3399,61.15,9.9816,0.8046,0.012406
238600000000000002,238500000000000001,2026-05-19,8016,74,2883,2.7804,68.52,8.5475,0.9259,0.009232
238600000000000003,238500000000000002,2026-05-19,3326,81,1151,2.8897,39.6,11.9063,0.4889,0.024354
238600000000000004,238500000000000002,2026-05-19,2320,47,838,2.7685,34.49,14.8677,0.7339,0.020259
238600000000000005,238500000000000003,2026-05-19,4566,80,2984,1.5302,55.57,12.1704,0.6946,0.017521
238600000000000006,238500000000000004,2026-05-19,4245,52,1602,2.6498,55.66,13.1107,1.0703,0.01225
238600000000000007,238500000000000004,2026-05-19,3070,39,1919,1.5998,55.49,18.0734,1.4227,0.012704
238600000000000001,238500000000000001,2026-05-20,6557,60,4314,1.5199,70.77,10.7934,1.1795,0.009151
238600000000000002,238500000000000001,2026-05-20,7062,77,3496,2.02,83.8,11.8668,1.0884,0.010903
238600000000000003,238500000000000002,2026-05-20,2575,52,1170,2.2009,43.9,17.0501,0.8443,0.020194
238600000000000004,238500000000000002,2026-05-20,2618,53,1349,1.9407,44.42,16.969,0.8382,0.020244
238600000000000005,238500000000000003,2026-05-20,5161,97,1890,2.7307,66.25,12.836,0.683,0.018795
238600000000000006,238500000000000004,2026-05-20,3840,55,1829,2.0995,60.32,15.7086,1.0967,0.014323
238600000000000007,238500000000000004,2026-05-20,3714,38,2527,1.4697,72.17,19.4326,1.8993,0.010232
238600000000000001,238500000000000001,2026-05-21,6662,80,2533,2.6301,54.32,8.1533,0.679,0.012008
238600000000000002,238500000000000001,2026-05-21,4045,55,2393,1.6903,51.8,12.8063,0.9418,0.013597
238600000000000003,238500000000000002,2026-05-21,2645,87,1392,1.9001,34.36,12.9923,0.395,0.032892
238600000000000004,238500000000000002,2026-05-21,1547,51,1199,1.2902,26.27,16.9841,0.5152,0.032967
238600000000000005,238500000000000003,2026-05-21,4825,96,3035,1.5898,45.48,9.4258,0.4737,0.019896
238600000000000006,238500000000000004,2026-05-21,2721,31,1546,1.76,41.96,15.4213,1.3536,0.011393
238600000000000007,238500000000000004,2026-05-21,2615,42,1072,2.4394,49.0,18.7371,1.1666,0.016061
238600000000000001,238500000000000001,2026-05-22,4125,58,1551,2.6596,51.55,12.4959,0.8887,0.014061
238600000000000002,238500000000000001,2026-05-22,3488,37,2907,1.1999,47.94,13.7455,1.2958,0.010608
238600000000000003,238500000000000002,2026-05-22,1516,53,662,2.29,24.96,16.4639,0.4709,0.03496
238600000000000004,238500000000000002,2026-05-22,2485,81,831,2.9904,31.89,12.8338,0.3937,0.032596
238600000000000005,238500000000000003,2026-05-22,3012,60,2136,1.4101,42.64,14.1562,0.7106,0.01992
238600000000000006,238500000000000004,2026-05-22,2685,40,2004,1.3398,45.63,16.9956,1.1408,0.014898
238600000000000007,238500000000000004,2026-05-22,2532,25,1407,1.7996,39.64,15.6571,1.5857,0.009874
238600000000000001,238500000000000001,2026-05-23,5173,71,2320,2.2297,54.34,10.5043,0.7653,0.013725
238600000000000002,238500000000000001,2026-05-23,7283,101,5355,1.36,67.81,9.3109,0.6714,0.013868
238600000000000003,238500000000000002,2026-05-23,2043,52,992,2.0595,32.06,15.6914,0.6165,0.025453
238600000000000004,238500000000000002,2026-05-23,3735,122,1459,2.56,37.74,10.1051,0.3094,0.032664
238600000000000005,238500000000000003,2026-05-23,3956,58,2888,1.3698,52.35,13.2331,0.9026,0.014661
238600000000000006,238500000000000004,2026-05-23,4067,56,3081,1.32,58.86,14.4721,1.051,0.013769
238600000000000007,238500000000000004,2026-05-23,2370,41,1881,1.26,45.84,19.3427,1.1181,0.0173
238600000000000001,238500000000000001,2026-05-24,4861,64,1781,2.7294,59.11,12.1607,0.9236,0.013166
238600000000000002,238500000000000001,2026-05-24,4849,70,3344,1.4501,63.46,13.0879,0.9066,0.014436
238600000000000003,238500000000000002,2026-05-24,2373,58,1018,2.331,36.09,15.2076,0.6222,0.024442
238600000000000004,238500000000000002,2026-05-24,2073,48,1052,1.9705,33.96,16.3801,0.7074,0.023155
238600000000000005,238500000000000003,2026-05-24,4465,58,1595,2.7994,52.53,11.7655,0.9057,0.01299
238600000000000006,238500000000000004,2026-05-24,4776,81,2985,1.6,53.23,11.1458,0.6572,0.01696
238600000000000007,238500000000000004,2026-05-24,3451,37,1514,2.2794,51.83,15.0197,1.4009,0.010722
238600000000000001,238500000000000001,2026-05-25,6490,65,3434,1.8899,66.13,10.1893,1.0174,0.010015
238600000000000002,238500000000000001,2026-05-25,8961,115,4414,2.0301,73.9,8.2466,0.6426,0.012833
238600000000000003,238500000000000002,2026-05-25,4002,85,2396,1.6703,40.77,10.1863,0.4796,0.021239
238600000000000004,238500000000000002,2026-05-25,2397,76,901,2.6604,39.25,16.3745,0.5164,0.031706
238600000000000005,238500000000000003,2026-05-25,4050,59,3347,1.21,60.01,14.8176,1.0171,0.014568
238600000000000006,238500000000000004,2026-05-25,3072,31,1736,1.7696,61.18,19.9153,1.9735,0.010091
238600000000000007,238500000000000004,2026-05-25,3022,51,1406,2.1494,58.84,19.4715,1.1538,0.016876
238600000000000001,238500000000000001,2026-05-26,7228,59,3012,2.3997,94.81,13.1166,1.6069,0.008163
238600000000000002,238500000000000001,2026-05-26,6338,66,3521,1.8001,82.85,13.0718,1.2553,0.010413
238600000000000003,238500000000000002,2026-05-26,3659,117,1321,2.7699,54.15,14.7979,0.4628,0.031976
238600000000000004,238500000000000002,2026-05-26,3759,110,1740,2.1603,47.37,12.6023,0.4307,0.029263
238600000000000005,238500000000000003,2026-05-26,5855,104,2218,2.6398,76.14,13.004,0.7321,0.017763
238600000000000007,238500000000000004,2026-05-26,7563,89,3125,2.4202,90.17,11.9229,1.0132,0.011768
238600000000000001,238500000000000001,2026-05-27,4882,48,2370,2.0599,58.96,12.0765,1.2283,0.009832
238600000000000002,238500000000000001,2026-05-27,6026,61,2420,2.4901,58.17,9.6529,0.9536,0.010123
238600000000000003,238500000000000002,2026-05-27,2535,61,1509,1.6799,33.46,13.201,0.5486,0.024063
238600000000000004,238500000000000002,2026-05-27,2427,84,1526,1.5904,33.46,13.7884,0.3984,0.034611
238600000000000005,238500000000000003,2026-05-27,3640,44,1238,2.9402,50.2,13.7903,1.1408,0.012088
238600000000000006,238500000000000004,2026-05-27,2510,45,1218,2.0608,46.65,18.5849,1.0366,0.017928
238600000000000007,238500000000000004,2026-05-27,3925,53,1707,2.2994,53.75,13.6931,1.0141,0.013503
238600000000000001,238500000000000001,2026-05-28,7547,91,3310,2.2801,60.95,8.0759,0.6698,0.012058
238600000000000002,238500000000000001,2026-05-28,5649,61,2942,1.9201,63.06,11.1633,1.0338,0.010798
238600000000000003,238500000000000002,2026-05-28,3857,97,3161,1.2202,40.44,10.4857,0.4169,0.025149
238600000000000004,238500000000000002,2026-05-28,2094,71,1138,1.8401,30.42,14.5272,0.4284,0.033906
238600000000000005,238500000000000003,2026-05-28,5053,63,1858,2.7196,53.15,10.518,0.8436,0.012468
238600000000000006,238500000000000004,2026-05-28,3775,51,2247,1.68,59.69,15.8126,1.1704,0.01351
238600000000000007,238500000000000004,2026-05-28,2410,41,984,2.4492,46.6,19.3371,1.1366,0.017012
238600000000000001,238500000000000001,2026-05-29,9465,122,5634,1.68,80.96,8.554,0.6636,0.01289
238600000000000002,238500000000000001,2026-05-29,7715,96,4061,1.8998,83.39,10.8093,0.8687,0.012443
238600000000000003,238500000000000002,2026-05-29,4401,150,1572,2.7996,47.05,10.6913,0.3137,0.034083
238600000000000004,238500000000000002,2026-05-29,3682,105,1554,2.3694,46.87,12.7284,0.4463,0.028517
238600000000000005,238500000000000003,2026-05-29,4999,73,2252,2.2198,70.44,14.0906,0.9649,0.014603
238600000000000006,238500000000000004,2026-05-29,3780,58,1703,2.2196,73.3,19.3928,1.2639,0.015344
238600000000000007,238500000000000004,2026-05-29,3580,58,2419,1.48,67.57,18.8751,1.1651,0.016201
238600000000000001,238500000000000001,2026-05-30,3619,50,1502,2.4095,50.18,13.8664,1.0037,0.013816
238600000000000002,238500000000000001,2026-05-30,5204,57,2344,2.2201,52.2,10.0301,0.9157,0.010953
238600000000000003,238500000000000002,2026-05-30,2714,54,1436,1.89,28.14,10.3687,0.5211,0.019897
238600000000000004,238500000000000002,2026-05-30,1875,48,716,2.6187,30.36,16.193,0.6325,0.0256
238600000000000005,238500000000000003,2026-05-30,4084,58,2687,1.5199,43.88,10.7436,0.7565,0.014202
238600000000000006,238500000000000004,2026-05-30,3680,39,1822,2.0198,43.64,11.8588,1.119,0.010598
238600000000000007,238500000000000004,2026-05-30,2299,36,818,2.8105,44.11,19.188,1.2254,0.015659
238600000000000001,238500000000000001,2026-05-31,8278,105,6841,1.2101,69.19,8.3577,0.6589,0.012684
238600000000000002,238500000000000001,2026-05-31,9237,106,7634,1.21,88.61,9.5929,0.8359,0.011476
238600000000000003,238500000000000002,2026-05-31,3076,64,1493,2.0603,44.51,14.4692,0.6954,0.020806
238600000000000004,238500000000000002,2026-05-31,2779,77,1470,1.8905,45.66,16.4309,0.593,0.027708
238600000000000005,238500000000000003,2026-05-31,4925,78,2356,2.0904,67.63,13.7313,0.867,0.015838
238600000000000006,238500000000000004,2026-05-31,4303,77,2207,1.9497,64.57,15.0052,0.8385,0.017894
238600000000000007,238500000000000004,2026-05-31,3830,39,2005,1.9102,70.69,18.4557,1.8124,0.010183
238600000000000001,238500000000000001,2026-06-01,4826,52,3094,1.5598,50.7,10.505,0.9749,0.010775
238600000000000002,238500000000000001,2026-06-01,5259,63,2247,2.3405,46.78,8.8956,0.7426,0.011979
238600000000000003,238500000000000002,2026-06-01,2086,60,1028,2.0292,31.23,14.9695,0.5204,0.028763
238600000000000004,238500000000000002,2026-06-01,1427,47,732,1.9495,24.48,17.1522,0.5208,0.032936
238600000000000005,238500000000000003,2026-06-01,2990,38,1010,2.9604,41.78,13.9722,1.0994,0.012709
238600000000000006,238500000000000004,2026-06-01,3491,56,1887,1.85,38.98,11.1657,0.6961,0.016041
238600000000000007,238500000000000004,2026-06-01,3492,54,1655,2.11,44.57,12.7647,0.8254,0.015464
238600000000000001,238500000000000001,2026-06-02,9077,110,4262,2.1298,76.95,8.4779,0.6996,0.012119
238600000000000002,238500000000000001,2026-06-02,4457,54,1776,2.5096,56.82,12.7496,1.0523,0.012116
238600000000000003,238500000000000002,2026-06-02,2426,82,1771,1.3698,39.01,16.0806,0.4758,0.0338
238600000000000004,238500000000000002,2026-06-02,3730,127,2049,1.8204,37.43,10.0358,0.2948,0.034048
238600000000000005,238500000000000003,2026-06-02,4219,52,2256,1.8701,57.33,13.5894,1.1026,0.012325
238600000000000006,238500000000000004,2026-06-02,3695,66,2161,1.7099,60.01,16.2415,0.9093,0.017862
238600000000000007,238500000000000004,2026-06-02,3050,35,1078,2.8293,54.66,17.9197,1.5616,0.011475
238600000000000001,238500000000000001,2026-06-03,7661,77,5074,1.5099,71.54,9.3387,0.9291,0.010051
238600000000000002,238500000000000001,2026-06-03,8111,97,2740,2.9602,65.3,8.0505,0.6732,0.011959
238600000000000003,238500000000000002,2026-06-03,3474,88,2347,1.4802,41.95,12.0767,0.4768,0.025331
238600000000000005,238500000000000003,2026-06-03,4678,63,1733,2.6994,58.65,12.5366,0.9309,0.013467
238600000000000006,238500000000000004,2026-06-03,4864,61,2361,2.0601,57.08,11.7352,0.9357,0.012541
238600000000000007,238500000000000004,2026-06-03,3931,51,1394,2.8199,60.21,15.3174,1.1806,0.012974
238600000000000001,238500000000000001,2026-06-04,4039,50,2573,1.5698,50.22,12.4334,1.0044,0.012379
238600000000000002,238500000000000001,2026-06-04,5778,52,2330,2.4798,63.43,10.9777,1.2198,0.009
238600000000000003,238500000000000002,2026-06-04,2449,52,1975,1.24,35.45,14.4744,0.6817,0.021233
238600000000000004,238500000000000002,2026-06-04,2201,59,1135,1.9392,29.49,13.4001,0.4999,0.026806
238600000000000005,238500000000000003,2026-06-04,4390,78,1620,2.7099,48.71,11.0948,0.6244,0.017768
238600000000000006,238500000000000004,2026-06-04,3806,45,1359,2.8006,53.03,13.9324,1.1784,0.011823
238600000000000007,238500000000000004,2026-06-04,3424,40,2195,1.5599,44.39,12.9631,1.1096,0.011682
238600000000000001,238500000000000001,2026-06-05,4564,62,1950,2.3405,61.16,13.4009,0.9865,0.013585
238600000000000002,238500000000000001,2026-06-05,5079,70,2853,1.7802,53.58,10.5496,0.7654,0.013782
238600000000000003,238500000000000002,2026-06-05,2045,53,1440,1.4201,36.73,17.9618,0.6931,0.025917
238600000000000004,238500000000000002,2026-06-05,2172,70,1308,1.6606,28.84,13.2761,0.4119,0.032228
238600000000000005,238500000000000003,2026-06-05,3665,70,2276,1.6103,49.18,13.4176,0.7025,0.0191
238600000000000006,238500000000000004,2026-06-05,3278,50,2375,1.3802,45.43,13.8581,0.9085,0.015253
238600000000000001,238500000000000001,2026-06-06,4384,54,2011,2.18,41.3,9.4203,0.7648,0.012318
238600000000000002,238500000000000001,2026-06-06,6703,63,2979,2.2501,58.44,8.7189,0.9277,0.009399
238600000000000003,238500000000000002,2026-06-06,1646,38,1048,1.5706,27.49,16.7033,0.7235,0.023086
238600000000000004,238500000000000002,2026-06-06,2747,72,2163,1.27,29.5,10.7396,0.4097,0.02621
238600000000000005,238500000000000003,2026-06-06,4706,59,1905,2.4703,42.75,9.0834,0.7245,0.012537
238600000000000006,238500000000000004,2026-06-06,2106,27,766,2.7493,39.66,18.8331,1.469,0.012821
238600000000000007,238500000000000004,2026-06-06,2382,33,1113,2.1402,45.83,19.2403,1.3888,0.013854
238600000000000001,238500000000000001,2026-06-07,4709,40,3388,1.3899,64.18,13.63,1.6046,0.008494
238600000000000002,238500000000000001,2026-06-07,3728,36,1371,2.7192,44.74,12.002,1.2429,0.009657
238600000000000003,238500000000000002,2026-06-07,3056,75,1057,2.8912,31.23,10.2205,0.4165,0.024542
238600000000000004,238500000000000002,2026-06-07,2140,58,801,2.6717,31.01,14.4907,0.5347,0.027103
238600000000000005,238500000000000003,2026-06-07,4496,78,1913,2.3502,46.68,10.3833,0.5985,0.017349
238600000000000006,238500000000000004,2026-06-07,2165,33,1370,1.5803,43.22,19.962,1.3096,0.015242
238600000000000007,238500000000000004,2026-06-07,3034,33,1141,2.6591,50.15,16.5288,1.5197,0.010877
238600000000000001,238500000000000001,2026-06-08,5366,76,2916,1.8402,73.91,13.7734,0.9725,0.014163
238600000000000002,238500000000000001,2026-06-08,8161,111,4509,1.8099,71.97,8.8185,0.6484,0.013601
238600000000000003,238500000000000002,2026-06-08,2798,63,1656,1.6896,35.54,12.7014,0.5641,0.022516
238600000000000004,238500000000000002,2026-06-08,3898,117,1363,2.8599,47.82,12.2676,0.4087,0.030015
238600000000000005,238500000000000003,2026-06-08,6509,88,2893,2.2499,62.52,9.6049,0.7104,0.01352
238600000000000006,238500000000000004,2026-06-08,3119,38,1846,1.6896,58.59,18.7864,1.542,0.012183
238600000000000007,238500000000000004,2026-06-08,5957,83,4348,1.3701,66.44,11.1535,0.8005,0.013933
238600000000000001,238500000000000001,2026-06-09,6598,65,4998,1.3201,72.38,10.9701,1.1135,0.009851
238600000000000002,238500000000000001,2026-06-09,7525,92,2998,2.51,80.04,10.6364,0.87,0.012226
238600000000000003,238500000000000002,2026-06-09,4199,115,1500,2.7993,44.16,10.5178,0.384,0.027387
238600000000000004,238500000000000002,2026-06-09,3493,90,2360,1.4801,42.93,12.291,0.477,0.025766
238600000000000005,238500000000000003,2026-06-09,4668,92,1838,2.5397,65.32,13.9937,0.71,0.019709
238600000000000006,238500000000000004,2026-06-09,3110,43,1095,2.8402,60.7,19.5163,1.4115,0.013826
238600000000000007,238500000000000004,2026-06-09,5562,83,2164,2.5702,69.95,12.5764,0.8428,0.014923
238600000000000001,238500000000000001,2026-06-10,7741,63,3186,2.4297,65.03,8.4002,1.0322,0.008138
238600000000000002,238500000000000001,2026-06-10,7050,62,2423,2.9096,89.95,12.7592,1.4508,0.008794
238600000000000003,238500000000000002,2026-06-10,3947,102,1385,2.8498,48.05,12.1732,0.4711,0.025842
238600000000000004,238500000000000002,2026-06-10,3038,80,1073,2.8313,40.51,13.335,0.5064,0.026333
238600000000000005,238500000000000003,2026-06-10,4682,81,1829,2.5599,66.42,14.1861,0.82,0.0173
238600000000000007,238500000000000004,2026-06-10,3897,47,1493,2.6102,71.47,18.3388,1.5206,0.012061
238600000000000001,238500000000000001,2026-06-11,6781,59,3125,2.1699,66.03,9.7378,1.1192,0.008701
238600000000000002,238500000000000001,2026-06-11,7242,58,3621,2.0,91.72,12.6648,1.5814,0.008009
238600000000000003,238500000000000002,2026-06-11,3136,67,1552,2.0206,49.28,15.7152,0.7356,0.021365
238600000000000004,238500000000000002,2026-06-11,3109,102,2507,1.2401,40.86,13.1425,0.4006,0.032808
238600000000000005,238500000000000003,2026-06-11,4549,77,2049,2.2201,67.61,14.862,0.878,0.016927
238600000000000006,238500000000000004,2026-06-11,3204,43,1602,2.0,62.78,19.5955,1.4601,0.013421
238600000000000007,238500000000000004,2026-06-11,3853,56,1338,2.8797,72.43,18.7984,1.2934,0.014534
238600000000000001,238500000000000001,2026-06-12,4586,66,2094,2.1901,60.67,13.2297,0.9193,0.014392
238600000000000002,238500000000000001,2026-06-12,7364,65,2639,2.7905,75.08,10.1957,1.1551,0.008827
238600000000000003,238500000000000002,2026-06-12,2931,72,1191,2.461,37.77,12.8854,0.5245,0.024565
238600000000000004,238500000000000002,2026-06-12,3039,100,1126,2.6989,39.81,13.0983,0.3981,0.032906
238600000000000005,238500000000000003,2026-06-12,5399,78,3233,1.67,58.18,10.776,0.7459,0.014447
238600000000000006,238500000000000004,2026-06-12,3225,48,1295,2.4903,52.47,16.2693,1.0931,0.014884
238600000000000007,238500000000000004,2026-06-12,3363,53,1933,1.7398,63.89,18.9981,1.2055,0.01576
238600000000000001,238500000000000001,2026-06-13,5594,55,2005,2.79,74.22,13.268,1.3495,0.009832
238600000000000002,238500000000000001,2026-06-13,6767,92,3981,1.6998,68.99,10.1948,0.7499,0.013595
238600000000000003,238500000000000002,2026-06-13,3935,133,1674,2.3507,42.24,10.7352,0.3176,0.033799
238600000000000004,238500000000000002,2026-06-13,2456,76,896,2.7411,39.59,16.1201,0.5209,0.030945
238600000000000005,238500000000000003,2026-06-13,4250,75,3172,1.3398,61.38,14.4413,0.8183,0.017647
238600000000000006,238500000000000004,2026-06-13,4726,74,1898,2.49,56.59,11.9742,0.7647,0.015658
238600000000000007,238500000000000004,2026-06-13,4140,46,2706,1.5299,66.16,15.9809,1.4383,0.011111
238600000000000001,238500000000000001,2026-06-14,8229,108,5878,1.4,80.89,9.8304,0.749,0.013124
238600000000000002,238500000000000001,2026-06-14,7663,81,2717,2.8204,97.64,12.7422,1.2055,0.01057
238600000000000004,238500000000000002,2026-06-14,2474,67,923,2.6804,41.56,16.7969,0.6202,0.027082
238600000000000005,238500000000000003,2026-06-14,5139,99,1954,2.63,76.52,14.8894,0.7729,0.019264
238600000000000006,238500000000000004,2026-06-14,4474,70,3389,1.3202,75.05,16.7742,1.0721,0.015646
238600000000000007,238500000000000004,2026-06-14,4025,40,1954,2.0599,77.98,19.3751,1.9496,0.009938
238600000000000001,238500000000000001,2026-06-15,6522,95,3379,1.9302,62.28,9.5489,0.6556,0.014566
238600000000000002,238500000000000001,2026-06-15,4905,64,2991,1.6399,55.51,11.3171,0.8673,0.013048
238600000000000003,238500000000000002,2026-06-15,3116,91,2493,1.2499,35.8,11.4906,0.3935,0.029204
238600000000000004,238500000000000002,2026-06-15,2067,71,703,2.9403,31.5,15.2409,0.4437,0.034349
238600000000000005,238500000000000003,2026-06-15,3705,51,2895,1.2798,50.48,13.625,0.9898,0.013765
238600000000000006,238500000000000004,2026-06-15,4207,68,2629,1.6002,53.89,12.8089,0.7925,0.016164
238600000000000007,238500000000000004,2026-06-15,3295,37,2371,1.3897,47.07,14.2866,1.2723,0.011229
238600000000000001,238500000000000001,2026-06-16,7584,67,2615,2.9002,67.94,8.9586,1.0141,0.008834
238600000000000002,238500000000000001,2026-06-16,7822,108,4322,1.8098,71.98,9.2021,0.6665,0.013807
238600000000000003,238500000000000002,2026-06-16,2838,76,2087,1.3598,43.5,15.3291,0.5724,0.026779
238600000000000004,238500000000000002,2026-06-16,2392,57,1208,1.9801,36.45,15.2386,0.6395,0.023829
238600000000000005,238500000000000003,2026-06-16,4126,79,1418,2.9097,59.97,14.5337,0.7591,0.019147
238600000000000006,238500000000000004,2026-06-16,3488,41,2052,1.6998,63.72,18.2695,1.5542,0.011755
238600000000000007,238500000000000004,2026-06-16,4200,48,1892,2.2199,56.21,13.3829,1.171,0.011429
238600000000000001,238500000000000001,2026-06-17,5075,62,2236,2.2697,56.39,11.1112,0.9095,0.012217
238600000000000002,238500000000000001,2026-06-17,5252,59,1762,2.9807,52.74,10.0423,0.8939,0.011234
238600000000000003,238500000000000002,2026-06-17,1582,39,573,2.7609,25.83,16.3276,0.6623,0.024652
238600000000000004,238500000000000002,2026-06-17,2525,59,1282,1.9696,36.53,14.4677,0.6192,0.023366
238600000000000005,238500000000000003,2026-06-17,4067,70,1541,2.6392,46.77,11.5001,0.6682,0.017212
238600000000000006,238500000000000004,2026-06-17,3175,46,1180,2.6907,48.33,15.2228,1.0507,0.014488
238600000000000007,238500000000000004,2026-06-17,3821,58,2465,1.5501,45.21,11.8318,0.7795,0.015179
238600000000000002,238500000000000001,2026-06-18,5874,80,3604,1.6299,64.3,10.9466,0.8038,0.013619
238600000000000003,238500000000000002,2026-06-18,2011,45,701,2.8688,31.9,15.8629,0.7089,0.022377
238600000000000004,238500000000000002,2026-06-18,1838,59,1242,1.4799,31.96,17.3882,0.5417,0.0321
238600000000000005,238500000000000003,2026-06-18,3228,55,1515,2.1307,47.89,14.8373,0.8708,0.017038
238600000000000006,238500000000000004,2026-06-18,2609,30,1850,1.4103,49.84,19.1018,1.6612,0.011499
238600000000000007,238500000000000004,2026-06-18,2474,31,1219,2.0295,45.95,18.5744,1.4824,0.01253
238600000000000001,238500000000000001,2026-06-19,6299,73,3442,1.83,65.83,10.4505,0.9018,0.011589
238600000000000002,238500000000000001,2026-06-19,4992,72,2459,2.0301,57.73,11.5635,0.8017,0.014423
238600000000000003,238500000000000002,2026-06-19,2042,41,1201,1.7002,35.23,17.2523,0.8592,0.020078
238600000000000004,238500000000000002,2026-06-19,3230,75,1691,1.9101,35.37,10.9513,0.4716,0.02322
238600000000000005,238500000000000003,2026-06-19,5343,71,2343,2.2804,52.95,9.9104,0.7458,0.013288
238600000000000006,238500000000000004,2026-06-19,3597,57,2141,1.6801,51.01,14.1811,0.8949,0.015847
238600000000000007,238500000000000004,2026-06-19,3392,39,1462,2.3201,54.89,16.1832,1.4075,0.011498
238600000000000001,238500000000000001,2026-06-20,5498,74,2411,2.2804,54.73,9.9543,0.7396,0.013459
238600000000000002,238500000000000001,2026-06-20,4152,39,3053,1.36,57.9,13.9456,1.4847,0.009393
238600000000000003,238500000000000002,2026-06-20,2264,69,1742,1.2997,30.52,13.4794,0.4423,0.030477
238600000000000004,238500000000000002,2026-06-20,2222,62,942,2.3588,33.84,15.2309,0.5459,0.027903
238600000000000005,238500000000000003,2026-06-20,4093,67,1650,2.4806,48.27,11.7934,0.7205,0.016369
238600000000000006,238500000000000004,2026-06-20,2556,40,1092,2.3407,43.83,17.1476,1.0957,0.015649
238600000000000007,238500000000000004,2026-06-20,3350,35,1701,1.9694,52.71,15.7347,1.506,0.010448
238600000000000001,238500000000000001,2026-06-21,5232,59,2275,2.2998,55.06,10.5235,0.9332,0.011277
238600000000000002,238500000000000001,2026-06-21,6792,96,3773,1.8002,64.02,9.4252,0.6668,0.014134
238600000000000003,238500000000000002,2026-06-21,2636,78,891,2.9585,36.33,13.783,0.4658,0.02959
238600000000000004,238500000000000002,2026-06-21,2213,46,774,2.8592,31.71,14.3292,0.6894,0.020786
238600000000000005,238500000000000003,2026-06-21,5315,85,2416,2.1999,51.03,9.6015,0.6004,0.015992
238600000000000006,238500000000000004,2026-06-21,4369,63,1595,2.7392,57.63,13.1916,0.9148,0.01442
238600000000000007,238500000000000004,2026-06-21,3793,58,1464,2.5908,44.43,11.7136,0.766,0.015291
238600000000000001,238500000000000001,2026-06-22,6069,71,2371,2.5597,59.42,9.7912,0.8369,0.011699
238600000000000002,238500000000000001,2026-06-22,6452,90,2987,2.16,70.9,10.9893,0.7878,0.013949
238600000000000003,238500000000000002,2026-06-22,2100,61,761,2.7595,33.84,16.1159,0.5548,0.029048
238600000000000004,238500000000000002,2026-06-22,3878,91,1527,2.5396,40.63,10.4766,0.4465,0.023466
238600000000000005,238500000000000003,2026-06-22,5129,93,1825,2.8104,55.85,10.8898,0.6006,0.018132
238600000000000006,238500000000000004,2026-06-22,3074,47,1385,2.2195,55.6,18.0869,1.183,0.01529
238600000000000007,238500000000000004,2026-06-22,3379,45,1877,1.8002,56.11,16.6051,1.2469,0.013318
238600000000000001,238500000000000001,2026-06-23,7197,61,3395,2.1199,78.88,10.9595,1.293,0.008476
238600000000000002,238500000000000001,2026-06-23,8635,108,3674,2.3503,82.05,9.502,0.7597,0.012507
238600000000000003,238500000000000002,2026-06-23,2560,55,973,2.631,44.86,17.5219,0.8156,0.021484
238600000000000004,238500000000000002,2026-06-23,2743,88,930,2.9495,47.1,17.1715,0.5352,0.032082
238600000000000005,238500000000000003,2026-06-23,6746,118,2666,2.5304,68.97,10.2235,0.5845,0.017492
238600000000000006,238500000000000004,2026-06-23,4544,65,2430,1.87,69.02,15.19,1.0619,0.014305
238600000000000007,238500000000000004,2026-06-23,3827,64,1867,2.0498,68.91,18.0069,1.0768,0.016723
238600000000000002,238500000000000001,2026-06-24,5713,84,3940,1.45,78.82,13.7967,0.9383,0.014703
238600000000000003,238500000000000002,2026-06-24,4788,152,1607,2.9795,48.21,10.0699,0.3172,0.031746
238600000000000004,238500000000000002,2026-06-24,3124,107,1149,2.7189,39.17,12.5396,0.3661,0.034251
238600000000000005,238500000000000003,2026-06-24,5865,85,2072,2.8306,65.54,11.175,0.7711,0.014493
238600000000000006,238500000000000004,2026-06-24,3304,38,2002,1.6503,64.99,19.6714,1.7104,0.011501
238600000000000007,238500000000000004,2026-06-24,4808,86,2081,2.3104,66.09,13.7455,0.7685,0.017887
238600000000000001,238500000000000001,2026-06-25,5284,45,1791,2.9503,56.03,10.6035,1.2451,0.008516
238600000000000002,238500000000000001,2026-06-25,7491,91,3161,2.3698,66.05,8.817,0.7258,0.012148
238600000000000003,238500000000000002,2026-06-25,1832,43,625,2.9312,31.69,17.2992,0.737,0.023472
238600000000000004,238500000000000002,2026-06-25,2222,77,1722,1.2904,38.07,17.1315,0.4944,0.034653
238600000000000005,238500000000000003,2026-06-25,4609,86,3093,1.4901,52.32,11.3515,0.6084,0.018659
238600000000000006,238500000000000004,2026-06-25,3447,49,1306,2.6394,54.3,15.7522,1.1081,0.014215
238600000000000007,238500000000000004,2026-06-25,2957,49,2143,1.3798,50.34,17.024,1.0273,0.016571
238600000000000001,238500000000000001,2026-06-26,7664,85,3702,2.0702,89.83,11.7207,1.0568,0.011091
238600000000000002,238500000000000001,2026-06-26,5845,76,2022,2.8907,80.47,13.7673,1.0588,0.013003
238600000000000003,238500000000000002,2026-06-26,3208,67,1118,2.8694,43.32,13.5047,0.6466,0.020885
238600000000000004,238500000000000002,2026-06-26,4589,137,2622,1.7502,53.99,11.765,0.3941,0.029854
238600000000000005,238500000000000003,2026-06-26,6680,93,3611,1.8499,72.98,10.9258,0.7848,0.013922
238600000000000006,238500000000000004,2026-06-26,4167,68,1403,2.9701,77.91,18.6972,1.1458,0.016319
238600000000000007,238500000000000004,2026-06-26,3644,45,1506,2.4197,68.06,18.6767,1.5124,0.012349
238600000000000002,238500000000000001,2026-06-27,6561,84,3038,2.1596,53.58,8.1668,0.6379,0.012803
238600000000000003,238500000000000002,2026-06-27,2984,62,1515,1.9696,30.1,10.0879,0.4855,0.020777
238600000000000005,238500000000000003,2026-06-27,3208,60,1753,1.83,46.55,14.5119,0.7759,0.018703
238600000000000006,238500000000000004,2026-06-27,2759,35,1652,1.6701,42.83,15.5254,1.2238,0.012686
238600000000000007,238500000000000004,2026-06-27,2682,39,1824,1.4704,50.27,18.745,1.2891,0.014541
238600000000000001,238500000000000001,2026-06-28,4306,39,1560,2.7603,58.01,13.4721,1.4875,0.009057
238600000000000002,238500000000000001,2026-06-28,4777,45,2843,1.6803,60.7,12.7064,1.3489,0.00942
238600000000000003,238500000000000002,2026-06-28,2140,47,866,2.4711,34.78,16.2523,0.74,0.021963
238600000000000004,238500000000000002,2026-06-28,2639,73,1095,2.41,33.05,12.5252,0.4528,0.027662
238600000000000005,238500000000000003,2026-06-28,4446,69,1959,2.2695,50.88,11.443,0.7373,0.01552
238600000000000006,238500000000000004,2026-06-28,4208,49,1637,2.5706,57.27,13.6093,1.1687,0.011644
238600000000000007,238500000000000004,2026-06-28,2226,29,1203,1.8504,44.48,19.9834,1.5339,0.013028
238600000000000001,238500000000000001,2026-06-29,4076,49,1905,2.1396,45.81,11.2388,0.9349,0.012022
238600000000000002,238500000000000001,2026-06-29,4914,55,1666,2.9496,57.61,11.7235,1.0474,0.011193
238600000000000003,238500000000000002,2026-06-29,2135,58,1617,1.3203,27.9,13.0666,0.481,0.027166
238600000000000004,238500000000000002,2026-06-29,1802,50,892,2.0202,31.2,17.3137,0.624,0.027747
238600000000000005,238500000000000003,2026-06-29,4779,66,1770,2.7,44.32,9.2744,0.6716,0.01381
238600000000000006,238500000000000004,2026-06-29,3234,55,2608,1.24,44.71,13.8246,0.8129,0.017007
238600000000000007,238500000000000004,2026-06-29,2533,27,859,2.9488,43.94,17.3454,1.6273,0.010659
238600000000000001,238500000000000001,2026-06-30,5674,55,3614,1.57,61.61,10.8577,1.1201,0.009693
238600000000000002,238500000000000001,2026-06-30,6752,75,3880,1.7402,69.42,10.2808,0.9255,0.011108
238600000000000003,238500000000000002,2026-06-30,2013,60,868,2.3191,35.36,17.5673,0.5894,0.029806
238600000000000004,238500000000000002,2026-06-30,2439,68,835,2.921,39.51,16.1981,0.581,0.02788
238600000000000005,238500000000000003,2026-06-30,4650,63,1867,2.4906,56.15,12.0758,0.8913,0.013548
238600000000000006,238500000000000004,2026-06-30,2931,30,2008,1.4597,54.74,18.6751,1.8246,0.010235
238600000000000007,238500000000000004,2026-06-30,3067,42,2005,1.5297,57.57,18.7702,1.3707,0.013694
238600000000000001,238500000000000001,2026-07-01,5763,77,3451,1.67,61.8,10.724,0.8026,0.013361
238600000000000002,238500000000000001,2026-07-01,7183,74,5131,1.3999,68.46,9.5306,0.9251,0.010302
238600000000000003,238500000000000002,2026-07-01,2971,66,1179,2.5199,33.56,11.295,0.5084,0.022215
238600000000000004,238500000000000002,2026-07-01,3145,92,1392,2.2593,40.88,12.9976,0.4443,0.029253
238600000000000006,238500000000000004,2026-07-01,4389,65,2061,2.1295,60.87,13.8677,0.9364,0.01481
238600000000000007,238500000000000004,2026-07-01,3230,34,1175,2.7489,50.79,15.7234,1.4937,0.010526
238600000000000001,238500000000000001,2026-07-02,5130,44,3000,1.71,57.34,11.1777,1.3032,0.008577
238600000000000002,238500000000000001,2026-07-02,3875,57,2189,1.7702,53.97,13.9282,0.9469,0.01471
238600000000000003,238500000000000002,2026-07-02,2057,43,1672,1.2303,32.5,15.7987,0.7558,0.020904
238600000000000004,238500000000000002,2026-07-02,1810,41,707,2.5601,31.11,17.1876,0.7588,0.022652
238600000000000005,238500000000000003,2026-07-02,3516,65,1337,2.6298,47.71,13.5682,0.7339,0.018487
238600000000000006,238500000000000004,2026-07-02,4568,54,1637,2.7905,51.51,11.276,0.9539,0.011821
238600000000000007,238500000000000004,2026-07-02,2226,26,1400,1.59,43.9,19.7228,1.6886,0.01168
238600000000000001,238500000000000001,2026-07-03,5090,50,2028,2.5099,50.69,9.9595,1.0139,0.009823
238600000000000002,238500000000000001,2026-07-03,4960,74,1710,2.9006,45.98,9.27,0.6213,0.014919
238600000000000003,238500000000000002,2026-07-03,1568,44,543,2.8877,24.69,15.7468,0.5612,0.028061
238600000000000004,238500000000000002,2026-07-03,1785,44,906,1.9702,30.55,17.1151,0.6943,0.02465
238600000000000005,238500000000000003,2026-07-03,4150,74,2695,1.5399,41.43,9.9834,0.5599,0.017831
238600000000000006,238500000000000004,2026-07-03,2941,42,1073,2.7409,41.31,14.0459,0.9835,0.014281
238600000000000001,238500000000000001,2026-07-04,3530,53,1221,2.8911,48.32,13.6883,0.9117,0.015014
238600000000000002,238500000000000001,2026-07-04,5469,47,2327,2.3502,58.44,10.6857,1.2434,0.008594
238600000000000003,238500000000000002,2026-07-04,2372,67,1592,1.4899,26.45,11.1528,0.3948,0.028246
238600000000000005,238500000000000003,2026-07-04,4060,68,2051,1.9795,45.75,11.2695,0.6729,0.016749
238600000000000006,238500000000000004,2026-07-04,4017,66,1895,2.1198,47.99,11.9464,0.7271,0.01643
238600000000000007,238500000000000004,2026-07-04,2356,41,1571,1.4997,43.52,18.4719,1.0615,0.017402
238600000000000001,238500000000000001,2026-07-05,4393,64,2072,2.1202,60.0,13.6579,0.9375,0.014569
238600000000000002,238500000000000001,2026-07-05,4802,52,2825,1.6998,57.01,11.872,1.0963,0.010829
238600000000000003,238500000000000002,2026-07-05,2880,88,1735,1.6599,31.03,10.7743,0.3526,0.030556
238600000000000004,238500000000000002,2026-07-05,2175,63,780,2.7885,35.83,16.4745,0.5688,0.028966
238600000000000006,238500000000000004,2026-07-05,3712,42,1665,2.2294,49.18,13.25,1.171,0.011315
238600000000000007,238500000000000004,2026-07-05,4155,59,2646,1.5703,51.11,12.3005,0.8663,0.0142
238600000000000001,238500000000000001,2026-07-06,3737,47,2380,1.5702,49.12,13.1442,1.0451,0.012577
238600000000000002,238500000000000001,2026-07-06,4065,43,1680,2.4196,51.6,12.6934,1.2,0.010578
238600000000000003,238500000000000002,2026-07-06,1988,59,676,2.9408,25.48,12.8193,0.4319,0.029678
238600000000000004,238500000000000002,2026-07-06,3204,111,1200,2.67,32.07,10.009,0.2889,0.034644
238600000000000005,238500000000000003,2026-07-06,2937,43,1769,1.6603,43.17,14.697,1.0038,0.014641
238600000000000006,238500000000000004,2026-07-06,2822,40,2205,1.2798,46.61,16.5157,1.1652,0.014174
238600000000000007,238500000000000004,2026-07-06,2447,43,844,2.8993,39.72,16.2334,0.9238,0.017573
238600000000000001,238500000000000001,2026-07-07,4116,56,2274,1.81,46.17,11.2165,0.8244,0.013605
238600000000000002,238500000000000001,2026-07-07,4023,57,1437,2.7996,46.32,11.5139,0.8126,0.014169
238600000000000003,238500000000000002,2026-07-07,2033,56,721,2.8197,26.21,12.8898,0.4679,0.027545
238600000000000004,238500000000000002,2026-07-07,2081,67,1156,1.8002,26.64,12.8039,0.3977,0.032196
238600000000000005,238500000000000003,2026-07-07,4227,65,1975,2.1403,39.64,9.3772,0.6098,0.015377
238600000000000006,238500000000000004,2026-07-07,2686,36,1357,1.9794,38.57,14.3601,1.0714,0.013403
238600000000000001,238500000000000001,2026-07-08,3906,32,1869,2.0899,54.48,13.9473,1.7024,0.008193
238600000000000002,238500000000000001,2026-07-08,4096,34,1370,2.9898,48.54,11.8507,1.4277,0.008301
238600000000000003,238500000000000002,2026-07-08,1815,58,1464,1.2398,29.33,16.1589,0.5057,0.031956
238600000000000004,238500000000000002,2026-07-08,2592,55,1448,1.7901,29.54,11.3963,0.5371,0.021219
238600000000000005,238500000000000003,2026-07-08,4708,79,2452,1.9201,44.15,9.3778,0.5589,0.01678
238600000000000006,238500000000000004,2026-07-08,2160,36,742,2.9111,38.44,17.796,1.0678,0.016667
238600000000000001,238500000000000001,2026-07-09,4526,47,2219,2.0397,52.17,11.5278,1.1101,0.010384
238600000000000002,238500000000000001,2026-07-09,4938,74,2759,1.7898,51.36,10.4009,0.694,0.014986
238600000000000003,238500000000000002,2026-07-09,1727,35,1339,1.2898,29.37,17.0076,0.8392,0.020266
238600000000000004,238500000000000002,2026-07-09,2624,79,1835,1.43,29.79,11.3531,0.3771,0.030107
238600000000000005,238500000000000003,2026-07-09,4343,74,1546,2.8092,44.37,10.2169,0.5996,0.017039
238600000000000006,238500000000000004,2026-07-09,3349,37,2392,1.4001,50.03,14.9382,1.3521,0.011048
238600000000000007,238500000000000004,2026-07-09,2228,33,1120,1.9893,38.72,17.377,1.1732,0.014811
238600000000000001,238500000000000001,2026-07-10,3982,58,1475,2.6997,47.93,12.0373,0.8264,0.014566
238600000000000002,238500000000000001,2026-07-10,4676,57,2834,1.65,46.81,10.0114,0.8213,0.01219
238600000000000003,238500000000000002,2026-07-10,1848,51,1148,1.6098,29.05,15.7196,0.5696,0.027597
238600000000000004,238500000000000002,2026-07-10,2146,48,1226,1.7504,25.09,11.6918,0.5227,0.022367
238600000000000005,238500000000000003,2026-07-10,2794,43,2309,1.21,40.61,14.533,0.9443,0.01539
238600000000000006,238500000000000004,2026-07-10,2682,46,975,2.7508,40.13,14.9639,0.8725,0.017151
238600000000000007,238500000000000004,2026-07-10,2370,28,859,2.759,41.08,17.3323,1.4671,0.011814
238600000000000001,238500000000000001,2026-07-11,5842,76,2256,2.5895,74.23,12.7058,0.9767,0.013009
238600000000000002,238500000000000001,2026-07-11,6125,52,3062,2.0003,64.56,10.5412,1.2416,0.00849
238600000000000003,238500000000000002,2026-07-11,2810,97,1191,2.3594,34.97,12.4443,0.3605,0.03452
238600000000000004,238500000000000002,2026-07-11,2995,102,1426,2.1003,44.34,14.8052,0.4347,0.034057
238600000000000005,238500000000000003,2026-07-11,4871,71,3314,1.4698,59.48,12.2115,0.8378,0.014576
238600000000000006,238500000000000004,2026-07-11,4387,66,1776,2.4702,58.51,13.3375,0.8865,0.015044
238600000000000007,238500000000000004,2026-07-11,3956,62,2186,1.8097,60.45,15.2813,0.975,0.015672
238600000000000001,238500000000000001,2026-07-12,4083,41,1479,2.7606,44.01,10.7796,1.0735,0.010042
238600000000000002,238500000000000001,2026-07-12,5909,50,2213,2.6701,47.8,8.0898,0.9561,0.008462
238600000000000003,238500000000000002,2026-07-12,1860,44,861,2.1603,26.14,14.0557,0.5942,0.023656
238600000000000004,238500000000000002,2026-07-12,1549,35,523,2.9618,26.32,16.9934,0.7521,0.022595
238600000000000005,238500000000000003,2026-07-12,2972,53,1161,2.5599,39.35,13.2401,0.7424,0.017833
238600000000000006,238500000000000004,2026-07-12,2868,49,962,2.9813,42.9,14.9575,0.8755,0.017085
238600000000000007,238500000000000004,2026-07-12,2286,26,1566,1.4598,35.8,15.6611,1.377,0.011374
238600000000000001,238500000000000001,2026-07-13,3848,54,1458,2.6392,49.42,12.8428,0.9152,0.014033
238600000000000002,238500000000000001,2026-07-13,4358,37,2724,1.5999,58.54,13.4325,1.5821,0.00849
238600000000000003,238500000000000002,2026-07-13,2381,59,1253,1.9002,32.96,13.8422,0.5586,0.02478
238600000000000004,238500000000000002,2026-07-13,1621,47,585,2.7709,28.73,17.7249,0.6113,0.028994
238600000000000005,238500000000000003,2026-07-13,4383,80,1635,2.6807,46.27,10.5562,0.5783,0.018252
238600000000000006,238500000000000004,2026-07-13,3203,57,2502,1.2802,46.22,14.4301,0.8109,0.017796
238600000000000007,238500000000000004,2026-07-13,2738,27,947,2.8912,46.32,16.916,1.7154,0.009861
238600000000000001,238500000000000001,2026-07-14,4868,61,1887,2.5798,46.33,9.5178,0.7596,0.012531
238600000000000002,238500000000000001,2026-07-14,5010,65,2197,2.2804,60.11,11.9976,0.9247,0.012974
238600000000000003,238500000000000002,2026-07-14,2467,81,1363,1.81,30.88,12.5171,0.3812,0.032833
238600000000000004,238500000000000002,2026-07-14,1670,35,1128,1.4805,29.94,17.9302,0.8555,0.020958
238600000000000005,238500000000000003,2026-07-14,3670,52,2640,1.3902,45.62,12.4298,0.8773,0.014169
238600000000000006,238500000000000004,2026-07-14,3292,46,1829,1.7999,51.68,15.6989,1.1235,0.013973
238600000000000007,238500000000000004,2026-07-14,2756,35,1163,2.3697,39.55,14.352,1.1301,0.0127
238600000000000001,238500000000000001,2026-07-15,5751,54,2114,2.7204,77.59,13.4922,1.4369,0.00939
238600000000000002,238500000000000001,2026-07-15,4580,61,2936,1.5599,62.62,13.6728,1.0266,0.013319
238600000000000003,238500000000000002,2026-07-15,3130,104,1665,1.8799,42.54,13.5901,0.409,0.033227
238600000000000004,238500000000000002,2026-07-15,3561,104,2943,1.21,37.59,10.5549,0.3614,0.029205
238600000000000005,238500000000000003,2026-07-15,5173,103,2586,2.0004,60.09,11.6165,0.5834,0.019911
238600000000000006,238500000000000004,2026-07-15,3622,53,1958,1.8498,54.77,15.1227,1.0335,0.014633
238600000000000007,238500000000000004,2026-07-15,3573,50,2414,1.4801,65.41,18.3067,1.3082,0.013994
238600000000000001,238500000000000001,2026-07-16,4972,49,1862,2.6702,60.36,12.1396,1.2318,0.009855
238600000000000002,238500000000000001,2026-07-16,3163,36,1499,2.1101,43.91,13.8822,1.2197,0.011382
238600000000000003,238500000000000002,2026-07-16,1613,42,806,2.0012,28.33,17.5633,0.6745,0.026038
238600000000000004,238500000000000002,2026-07-16,1815,40,717,2.5314,31.25,17.2185,0.7813,0.022039
238600000000000005,238500000000000003,2026-07-16,4257,68,1424,2.9895,44.69,10.4971,0.6571,0.015974
238600000000000006,238500000000000004,2026-07-16,2949,34,2304,1.2799,45.11,15.2959,1.3267,0.011529
238600000000000007,238500000000000004,2026-07-16,3871,42,2933,1.3198,44.26,11.4348,1.0539,0.01085
238600000000000002,238500000000000001,2026-07-17,5379,79,3362,1.5999,63.65,11.8325,0.8057,0.014687
238600000000000003,238500000000000002,2026-07-17,2084,69,1279,1.6294,35.82,17.1866,0.5191,0.033109
238600000000000004,238500000000000002,2026-07-17,1635,48,723,2.2614,27.86,17.042,0.5805,0.029358
238600000000000005,238500000000000003,2026-07-17,3567,52,1351,2.6403,47.76,13.3895,0.9185,0.014578
238600000000000006,238500000000000004,2026-07-17,2269,38,785,2.8904,43.96,19.3735,1.1568,0.016747
238600000000000007,238500000000000004,2026-07-17,3174,49,1971,1.6104,51.56,16.2452,1.0523,0.015438
238600000000000001,238500000000000001,2026-07-18,7575,97,5335,1.4199,70.26,9.2756,0.7244,0.012805
238600000000000002,238500000000000001,2026-07-18,6550,61,3180,2.0597,61.7,9.4195,1.0114,0.009313
238600000000000003,238500000000000002,2026-07-18,3071,96,1944,1.5797,36.26,11.8085,0.3778,0.03126
238600000000000004,238500000000000002,2026-07-18,3603,96,1251,2.8801,39.14,10.8636,0.4077,0.026644
238600000000000005,238500000000000003,2026-07-18,5862,94,1967,2.9802,56.55,9.6476,0.6016,0.016035
238600000000000006,238500000000000004,2026-07-18,3201,41,1539,2.0799,60.53,18.9095,1.4763,0.012808
238600000000000001,238500000000000001,2026-07-19,4741,45,2725,1.7398,48.35,10.199,1.0745,0.009492
238600000000000002,238500000000000001,2026-07-19,3683,32,1270,2.9,37.92,10.2971,1.1851,0.008689
238600000000000003,238500000000000002,2026-07-19,2257,54,781,2.8899,25.12,11.1319,0.4653,0.023926
238600000000000004,238500000000000002,2026-07-19,1426,36,513,2.7797,24.18,16.9543,0.6716,0.025245
238600000000000005,238500000000000003,2026-07-19,2554,34,1290,1.9798,36.98,14.4777,1.0875,0.013312
238600000000000006,238500000000000004,2026-07-19,2348,40,1357,1.7303,43.37,18.4706,1.0842,0.017036
238600000000000007,238500000000000004,2026-07-19,1942,34,1191,1.6306,30.58,15.7483,0.8995,0.017508
238600000000000001,238500000000000001,2026-07-20,9692,143,3474,2.7899,78.37,8.0864,0.5481,0.014754
238600000000000002,238500000000000001,2026-07-20,7692,104,2634,2.9203,74.76,9.7196,0.7189,0.013521
238600000000000003,238500000000000002,2026-07-20,3840,91,1820,2.1099,39.64,10.3227,0.4356,0.023698
238600000000000004,238500000000000002,2026-07-20,3919,130,2925,1.3398,47.87,12.2141,0.3682,0.033172
238600000000000005,238500000000000003,2026-07-20,5340,78,2342,2.2801,65.63,12.2902,0.8414,0.014607
238600000000000006,238500000000000004,2026-07-20,3542,61,1845,1.9198,64.59,18.2365,1.0589,0.017222
238600000000000007,238500000000000004,2026-07-20,5278,61,1933,2.7305,66.67,12.6309,1.0929,0.011557
238600000000000001,238500000000000001,2026-07-21,3740,35,2011,1.8598,51.24,13.6996,1.4639,0.009358
238600000000000002,238500000000000001,2026-07-21,6792,76,2807,2.4197,55.74,8.2073,0.7335,0.01119
238600000000000003,238500000000000002,2026-07-21,2301,73,1065,2.1606,29.53,12.8341,0.4045,0.031725
238600000000000004,238500000000000002,2026-07-21,2013,42,1266,1.59,31.6,15.6981,0.7524,0.020864
238600000000000005,238500000000000003,2026-07-21,3126,56,1060,2.9491,45.85,14.6669,0.8187,0.017914
238600000000000006,238500000000000004,2026-07-21,2987,47,1580,1.8905,50.11,16.7773,1.0662,0.015735
238600000000000007,238500000000000004,2026-07-21,3772,44,1715,2.1994,41.58,11.0243,0.9451,0.011665
238600000000000001,238500000000000001,2026-07-22,5398,73,3395,1.59,72.35,13.4037,0.9911,0.013524
238600000000000002,238500000000000001,2026-07-22,6729,81,3657,1.84,64.15,9.5339,0.792,0.012037
238600000000000003,238500000000000002,2026-07-22,2784,93,2003,1.3899,44.32,15.9212,0.4766,0.033405
238600000000000004,238500000000000002,2026-07-22,2089,43,779,2.6816,33.68,16.1222,0.7832,0.020584
238600000000000005,238500000000000003,2026-07-22,5129,88,2865,1.7902,58.5,11.4063,0.6648,0.017157
238600000000000006,238500000000000004,2026-07-22,3172,45,2332,1.3602,55.58,17.5235,1.2352,0.014187
238600000000000007,238500000000000004,2026-07-22,4589,61,1572,2.9192,61.42,13.3845,1.0069,0.013293
238600000000000001,238500000000000001,2026-07-23,4070,39,2544,1.5998,48.43,11.898,1.2417,0.009582
238600000000000002,238500000000000001,2026-07-23,2797,29,2027,1.3799,35.5,12.6923,1.2242,0.010368
238600000000000003,238500000000000002,2026-07-23,1461,48,551,2.6515,23.82,16.3005,0.4961,0.032854
238600000000000004,238500000000000002,2026-07-23,1401,41,477,2.9371,24.14,17.2323,0.5888,0.029265
238600000000000006,238500000000000004,2026-07-23,3159,47,2209,1.4301,38.79,12.2804,0.8254,0.014878
238600000000000007,238500000000000004,2026-07-23,2833,36,1254,2.2592,33.14,11.6987,0.9206,0.012707
238600000000000001,238500000000000001,2026-07-24,5195,76,3207,1.6199,62.28,11.988,0.8194,0.014629
238600000000000002,238500000000000001,2026-07-24,4112,36,1534,2.6806,45.66,11.1036,1.2683,0.008755
238600000000000003,238500000000000002,2026-07-24,2231,78,811,2.7509,30.62,13.7235,0.3925,0.034962
238600000000000004,238500000000000002,2026-07-24,2438,71,1046,2.3308,31.06,12.7401,0.4375,0.029122
238600000000000005,238500000000000003,2026-07-24,4656,79,2228,2.0898,46.26,9.9352,0.5855,0.016967
238600000000000006,238500000000000004,2026-07-24,2452,43,1185,2.0692,44.8,18.2705,1.0418,0.017537
238600000000000007,238500000000000004,2026-07-24,2830,29,1665,1.6997,47.72,16.8611,1.6454,0.010247
238600000000000001,238500000000000001,2026-07-25,4980,59,3074,1.62,40.52,8.1369,0.6868,0.011847
238600000000000002,238500000000000001,2026-07-25,4616,59,1789,2.5802,53.98,11.6942,0.9149,0.012782
238600000000000003,238500000000000002,2026-07-25,2367,75,1208,1.9594,29.24,12.3544,0.3899,0.031686
238600000000000004,238500000000000002,2026-07-25,1625,47,908,1.7896,24.76,15.236,0.5268,0.028923
238600000000000005,238500000000000003,2026-07-25,2904,55,1045,2.7789,40.5,13.9467,0.7364,0.018939
238600000000000006,238500000000000004,2026-07-25,2683,28,897,2.9911,40.83,15.2178,1.4582,0.010436
238600000000000007,238500000000000004,2026-07-25,3643,43,1727,2.1094,40.17,11.0274,0.9342,0.011803
238600000000000001,238500000000000001,2026-07-26,5130,53,2300,2.2304,53.61,10.4501,1.0115,0.010331
238600000000000002,238500000000000001,2026-07-26,6304,51,3389,1.8601,58.51,9.2806,1.1472,0.00809
238600000000000003,238500000000000002,2026-07-26,1845,61,827,2.231,29.7,16.0953,0.4868,0.033062
238600000000000004,238500000000000002,2026-07-26,2361,59,1651,1.43,34.37,14.5571,0.5825,0.024989
238600000000000005,238500000000000003,2026-07-26,3587,45,1369,2.6202,48.05,13.3953,1.0678,0.012545
238600000000000006,238500000000000004,2026-07-26,3903,50,2828,1.3801,44.99,11.5277,0.8998,0.012811
238600000000000001,238500000000000001,2026-07-27,7003,59,4270,1.64,85.34,12.1867,1.4465,0.008425
238600000000000002,238500000000000001,2026-07-27,7360,67,5111,1.44,81.05,11.0126,1.2097,0.009103
238600000000000003,238500000000000002,2026-07-27,2566,67,1833,1.3999,45.23,17.6256,0.675,0.026111
238600000000000004,238500000000000002,2026-07-27,2895,77,1821,1.5898,49.86,17.2215,0.6475,0.026598
238600000000000005,238500000000000003,2026-07-27,6976,117,2895,2.4097,71.31,10.2226,0.6095,0.016772
238600000000000006,238500000000000004,2026-07-27,4353,67,1762,2.4705,73.35,16.8509,1.0948,0.015392
238600000000000007,238500000000000004,2026-07-27,3685,47,1523,2.4196,69.27,18.7988,1.4739,0.012754
238600000000000001,238500000000000001,2026-07-28,7499,97,2862,2.6202,77.65,10.3544,0.8005,0.012935
238600000000000002,238500000000000001,2026-07-28,5567,64,2282,2.4395,74.17,13.3224,1.1588,0.011496
238600000000000004,238500000000000002,2026-07-28,3685,106,1981,1.8602,44.22,11.9991,0.4171,0.028765
238600000000000005,238500000000000003,2026-07-28,4452,79,1919,2.32,65.06,14.6143,0.8236,0.017745
238600000000000006,238500000000000004,2026-07-28,4394,44,1474,2.981,69.2,15.7483,1.5727,0.010014
238600000000000007,238500000000000004,2026-07-28,4806,81,1657,2.9004,60.93,12.6775,0.7522,0.016854
238600000000000001,238500000000000001,2026-07-29,6397,96,2168,2.9506,67.32,10.5229,0.7012,0.015007
238600000000000002,238500000000000001,2026-07-29,4515,36,1813,2.4903,60.74,13.4533,1.6873,0.007973
238600000000000003,238500000000000002,2026-07-29,3182,82,1421,2.2393,33.2,10.435,0.4049,0.02577
238600000000000004,238500000000000002,2026-07-29,2333,55,813,2.8696,39.97,17.133,0.7267,0.023575
238600000000000005,238500000000000003,2026-07-29,4253,72,3150,1.3502,54.88,12.9042,0.7622,0.016929
238600000000000006,238500000000000004,2026-07-29,3203,36,2080,1.5399,57.39,17.9168,1.5941,0.011239
238600000000000007,238500000000000004,2026-07-29,4139,45,1468,2.8195,52.38,12.6542,1.1639,0.010872
238600000000000001,238500000000000001,2026-07-30,7709,90,2640,2.9201,64.96,8.4267,0.7218,0.011675
238600000000000002,238500000000000001,2026-07-30,4637,41,2576,1.8001,58.34,12.5819,1.423,0.008842
238600000000000003,238500000000000002,2026-07-30,2157,59,1365,1.5802,30.27,14.0355,0.5131,0.027353
238600000000000004,238500000000000002,2026-07-30,2698,71,1316,2.0502,40.18,14.8942,0.566,0.026316
238600000000000005,238500000000000003,2026-07-30,4096,81,2276,1.7996,52.84,12.9015,0.6524,0.019775
238600000000000006,238500000000000004,2026-07-30,3415,55,2161,1.5803,53.69,15.721,0.9761,0.016105
238600000000000007,238500000000000004,2026-07-30,2724,40,1244,2.1897,52.0,19.0902,1.3,0.014684
