payment_id,order_id,customer_id,amount,currency,payment_method_type,card_brand,card_last4,status,failure_code,processed_at,created_at
pay_000001,order_000001,,34.99,usd,card,visa,8534,succeeded,,2023-08-08T07:28:57,2023-08-08T07:28:57
pay_000002,order_000002,,64.99,usd,card,mastercard,5774,succeeded,,2023-08-18T22:11:06,2023-08-18T22:11:06
pay_000003,order_000003,,31.49,usd,paypal,,,succeeded,,2023-08-18T15:32:21,2023-08-18T15:32:21
pay_000004,order_000004,,49.99,usd,card,mastercard,8256,succeeded,,2023-08-21T06:31:36,2023-08-21T06:31:36
pay_000005,order_000005,,24.99,usd,card,visa,1434,succeeded,,2023-08-22T09:41:00,2023-08-22T09:41:00
pay_000006,order_000006,,24.99,usd,paypal,,,succeeded,,2023-08-22T08:43:05,2023-08-22T08:43:05
pay_000007,order_000007,cust_00625,9.99,usd,card,mastercard,4523,succeeded,,2023-08-24T17:25:13,2023-08-24T17:25:13
pay_000008,order_000008,,34.99,usd,card,visa,8263,succeeded,,2023-08-24T03:21:32,2023-08-24T03:21:32
pay_000009,order_000009,cust_00598,64.99,usd,paypal,,,succeeded,,2023-08-26T13:44:41,2023-08-26T13:44:41
pay_000010,order_000010,,64.99,usd,card,visa,0810,succeeded,,2023-08-30T13:43:07,2023-08-30T13:43:07
pay_000011,order_000011,cust_00616,64.99,usd,card,visa,0310,succeeded,,2023-09-01T15:59:00,2023-09-01T15:59:00
pay_000012,order_000012,,24.99,usd,card,mastercard,1061,failed,processing_error,2023-09-01T12:47:11,2023-09-01T12:47:11
pay_000013,order_000012,,24.99,usd,card,visa,6317,succeeded,,2023-09-01T13:07:11,2023-09-01T13:07:11
pay_000014,order_000013,,64.99,usd,card,mastercard,8341,succeeded,,2023-09-02T21:31:27,2023-09-02T21:31:27
pay_000015,order_000014,,31.49,usd,card,visa,1584,succeeded,,2023-09-03T11:46:31,2023-09-03T11:46:31
pay_000016,order_000015,,34.99,usd,card,amex,3974,succeeded,,2023-09-07T16:32:00,2023-09-07T16:32:00
pay_000017,order_000016,cust_00663,8.99,usd,card,visa,4907,succeeded,,2023-09-08T11:33:14,2023-09-08T11:33:14
pay_000018,order_000017,,24.99,usd,card,mastercard,4352,succeeded,,2023-09-08T15:34:01,2023-09-08T15:34:01
pay_000019,order_000018,,102.0,usd,card,visa,8159,succeeded,,2023-09-10T02:46:07,2023-09-10T02:46:07
pay_000020,order_000019,,64.99,usd,card,mastercard,2124,succeeded,,2023-09-10T07:32:31,2023-09-10T07:32:31
pay_000021,order_000020,,89.99,usd,card,visa,3813,succeeded,,2023-09-11T03:18:57,2023-09-11T03:18:57
pay_000022,order_000021,,49.99,usd,card,visa,3504,failed,card_declined,2023-09-13T01:06:03,2023-09-13T01:06:03
pay_000023,order_000021,,49.99,usd,card,amex,3872,succeeded,,2023-09-13T01:24:03,2023-09-13T01:24:03
pay_000024,order_000022,,24.99,usd,card,amex,1106,succeeded,,2023-09-13T13:54:22,2023-09-13T13:54:22
pay_000025,order_000023,,34.99,usd,card,visa,4117,succeeded,,2023-09-14T21:46:39,2023-09-14T21:46:39
pay_000026,order_000024,,24.99,usd,paypal,,,succeeded,,2023-09-17T18:48:48,2023-09-17T18:48:48
pay_000027,order_000025,,24.99,usd,card,mastercard,3139,succeeded,,2023-09-17T06:36:47,2023-09-17T06:36:47
pay_000028,order_000026,,49.99,usd,card,visa,1609,succeeded,,2023-09-18T12:26:59,2023-09-18T12:26:59
pay_000029,order_000027,cust_00059,19.99,usd,card,visa,4738,succeeded,,2023-09-19T14:20:18,2023-09-19T14:20:18
pay_000030,order_000028,,34.99,usd,card,visa,1477,succeeded,,2023-09-19T22:58:44,2023-09-19T22:58:44
pay_000031,order_000029,,34.99,usd,card,visa,3046,succeeded,,2023-09-21T01:41:44,2023-09-21T01:41:44
pay_000032,order_000030,cust_00686,19.99,usd,card,mastercard,0228,succeeded,,2023-09-22T20:57:22,2023-09-22T20:57:22
pay_000033,order_000031,,24.99,usd,card,amex,9521,succeeded,,2023-09-23T20:28:10,2023-09-23T20:28:10
pay_000034,order_000032,cust_00237,79.0,usd,card,mastercard,5134,succeeded,,2023-09-24T20:53:30,2023-09-24T20:53:30
pay_000035,order_000033,,64.99,usd,card,visa,9027,succeeded,,2023-09-24T18:31:13,2023-09-24T18:31:13
pay_000036,order_000034,,89.99,usd,card,visa,2658,succeeded,,2023-09-25T14:27:24,2023-09-25T14:27:24
pay_000037,order_000035,,34.99,usd,card,mastercard,3392,succeeded,,2023-09-26T00:56:22,2023-09-26T00:56:22
pay_000038,order_000036,cust_00534,22.49,usd,card,mastercard,9109,succeeded,,2023-09-27T01:07:35,2023-09-27T01:07:35
pay_000039,order_000037,,24.99,usd,card,mastercard,2666,failed,insufficient_funds,2023-09-27T17:50:45,2023-09-27T17:50:45
pay_000040,order_000037,,24.99,usd,card,amex,4805,succeeded,,2023-09-27T17:53:45,2023-09-27T17:53:45
pay_000041,order_000038,cust_00299,79.0,usd,card,mastercard,1340,succeeded,,2023-09-28T12:33:58,2023-09-28T12:33:58
pay_000042,order_000039,,34.99,usd,card,mastercard,9828,succeeded,,2023-09-28T23:44:15,2023-09-28T23:44:15
pay_000043,order_000040,,49.99,usd,card,visa,3774,succeeded,,2023-10-02T23:34:53,2023-10-02T23:34:53
pay_000044,order_000041,,34.99,usd,card,amex,3958,succeeded,,2023-10-02T13:13:15,2023-10-02T13:13:15
pay_000045,order_000042,,24.99,usd,card,mastercard,0137,succeeded,,2023-10-03T09:19:11,2023-10-03T09:19:11
pay_000046,order_000043,,120.0,usd,card,discover,2573,failed,insufficient_funds,2023-10-05T09:36:26,2023-10-05T09:36:26
pay_000047,order_000043,,120.0,usd,card,mastercard,0666,succeeded,,2023-10-05T09:39:26,2023-10-05T09:39:26
pay_000048,order_000044,,34.99,usd,paypal,,,succeeded,,2023-10-08T14:11:04,2023-10-08T14:11:04
pay_000049,order_000045,cust_00634,19.99,usd,card,amex,2628,succeeded,,2023-10-09T12:21:56,2023-10-09T12:21:56
pay_000050,order_000046,,24.99,usd,card,mastercard,1476,succeeded,,2023-10-09T00:41:14,2023-10-09T00:41:14
pay_000051,order_000047,cust_00686,39.99,usd,card,visa,2367,succeeded,,2023-10-11T14:51:15,2023-10-11T14:51:15
pay_000052,order_000048,,34.99,usd,paypal,,,succeeded,,2023-10-11T15:39:31,2023-10-11T15:39:31
pay_000053,order_000049,,49.99,usd,card,visa,7448,succeeded,,2023-10-14T09:43:46,2023-10-14T09:43:46
pay_000054,order_000050,,49.99,usd,card,amex,7156,succeeded,,2023-10-14T19:52:24,2023-10-14T19:52:24
pay_000055,order_000051,,89.99,usd,card,mastercard,5080,succeeded,,2023-10-15T07:45:58,2023-10-15T07:45:58
pay_000056,order_000052,,31.49,usd,paypal,,,succeeded,,2023-10-17T05:37:40,2023-10-17T05:37:40
pay_000057,order_000053,,89.99,usd,card,discover,0533,succeeded,,2023-10-21T08:02:37,2023-10-21T08:02:37
pay_000058,order_000054,,64.99,usd,card,visa,2827,succeeded,,2023-10-22T01:19:57,2023-10-22T01:19:57
pay_000059,order_000055,,89.99,usd,card,visa,0882,failed,card_declined,2023-10-22T09:48:55,2023-10-22T09:48:55
pay_000060,order_000055,,89.99,usd,card,mastercard,2599,succeeded,,2023-10-22T10:01:55,2023-10-22T10:01:55
pay_000061,order_000056,,24.99,usd,card,amex,7003,succeeded,,2023-10-22T03:01:58,2023-10-22T03:01:58
pay_000062,order_000057,,34.99,usd,paypal,,,succeeded,,2023-10-22T09:17:57,2023-10-22T09:17:57
pay_000063,order_000058,,89.99,usd,paypal,,,succeeded,,2023-10-24T07:59:43,2023-10-24T07:59:43
pay_000064,order_000059,,89.99,usd,card,visa,9645,succeeded,,2023-10-24T08:05:34,2023-10-24T08:05:34
pay_000065,order_000060,cust_00237,99.0,usd,card,visa,3332,succeeded,,2023-10-27T14:46:23,2023-10-27T14:46:23
pay_000066,order_000061,cust_00085,64.99,usd,card,mastercard,3134,failed,expired_card,2023-10-29T02:42:36,2023-10-29T02:42:36
pay_000067,order_000061,cust_00085,64.99,usd,card,amex,5971,succeeded,,2023-10-29T03:00:36,2023-10-29T03:00:36
pay_000068,order_000062,,49.99,usd,card,amex,4998,succeeded,,2023-10-30T12:33:44,2023-10-30T12:33:44
pay_000069,order_000063,,24.99,usd,card,mastercard,1843,succeeded,,2023-11-02T10:40:01,2023-11-02T10:40:01
pay_000070,order_000064,,24.99,usd,card,amex,9750,failed,card_declined,2023-11-05T08:14:17,2023-11-05T08:14:17
pay_000071,order_000064,,24.99,usd,card,amex,6184,succeeded,,2023-11-05T08:17:17,2023-11-05T08:17:17
pay_000072,order_000065,,24.99,usd,card,visa,4745,succeeded,,2023-11-06T23:28:01,2023-11-06T23:28:01
pay_000073,order_000066,,34.99,usd,apple_pay,,,succeeded,,2023-11-07T03:13:45,2023-11-07T03:13:45
pay_000074,order_000067,cust_00237,9.99,usd,card,visa,9887,succeeded,,2023-11-10T18:10:29,2023-11-10T18:10:29
pay_000075,order_000068,,49.99,usd,card,visa,6034,failed,insufficient_funds,2023-11-10T05:06:43,2023-11-10T05:06:43
pay_000076,order_000068,,49.99,usd,card,amex,0729,succeeded,,2023-11-10T05:10:43,2023-11-10T05:10:43
pay_000077,order_000069,cust_00323,31.49,usd,card,visa,6046,succeeded,,2023-11-11T04:16:53,2023-11-11T04:16:53
pay_000078,order_000070,,24.99,usd,card,visa,1625,failed,card_declined,2023-11-11T09:43:47,2023-11-11T09:43:47
pay_000079,order_000070,,24.99,usd,card,amex,2733,succeeded,,2023-11-11T09:48:47,2023-11-11T09:48:47
pay_000080,order_000071,cust_00714,9.99,usd,card,visa,3656,succeeded,,2023-11-12T14:31:17,2023-11-12T14:31:17
pay_000081,order_000072,,24.99,usd,card,visa,6972,succeeded,,2023-11-14T00:38:33,2023-11-14T00:38:33
pay_000082,order_000073,,64.99,usd,card,amex,1538,succeeded,,2023-11-15T18:57:38,2023-11-15T18:57:38
pay_000083,order_000074,,64.99,usd,card,mastercard,0106,succeeded,,2023-11-17T16:51:10,2023-11-17T16:51:10
pay_000084,order_000075,,34.99,usd,card,mastercard,1379,succeeded,,2023-11-18T06:24:06,2023-11-18T06:24:06
pay_000085,order_000076,,34.99,usd,card,amex,2755,succeeded,,2023-11-20T21:31:12,2023-11-20T21:31:12
pay_000086,order_000077,,49.99,usd,paypal,,,succeeded,,2023-11-21T15:43:34,2023-11-21T15:43:34
pay_000087,order_000078,,22.49,usd,card,mastercard,4784,succeeded,,2023-11-22T10:01:56,2023-11-22T10:01:56
pay_000088,order_000079,,24.99,usd,card,mastercard,5779,succeeded,,2023-11-23T16:38:40,2023-11-23T16:38:40
pay_000089,order_000080,,64.99,usd,card,visa,4245,succeeded,,2023-11-24T18:16:04,2023-11-24T18:16:04
pay_000090,order_000081,cust_00014,19.99,usd,card,visa,6438,succeeded,,2023-11-25T14:15:55,2023-11-25T14:15:55
pay_000091,order_000082,,49.99,usd,card,mastercard,5014,succeeded,,2023-11-25T22:57:45,2023-11-25T22:57:45
pay_000092,order_000083,,24.99,usd,card,mastercard,5123,succeeded,,2023-11-26T06:20:26,2023-11-26T06:20:26
pay_000093,order_000084,,64.99,usd,paypal,,,succeeded,,2023-11-26T17:36:32,2023-11-26T17:36:32
pay_000094,order_000085,,24.99,usd,card,mastercard,6510,succeeded,,2023-11-28T00:27:47,2023-11-28T00:27:47
pay_000095,order_000086,cust_00299,99.0,usd,card,mastercard,7802,succeeded,,2023-11-29T22:21:43,2023-11-29T22:21:43
pay_000096,order_000087,,49.99,usd,card,visa,0823,succeeded,,2023-11-29T17:42:57,2023-11-29T17:42:57
pay_000097,order_000088,,34.99,usd,card,mastercard,9341,succeeded,,2023-11-29T01:06:36,2023-11-29T01:06:36
pay_000098,order_000089,,24.99,usd,card,discover,3899,succeeded,,2023-11-29T00:10:08,2023-11-29T00:10:08
pay_000099,order_000090,cust_00229,34.99,usd,paypal,,,failed,expired_card,2023-11-30T02:10:22,2023-11-30T02:10:22
pay_000100,order_000090,cust_00229,34.99,usd,card,amex,0581,succeeded,,2023-11-30T02:30:22,2023-11-30T02:30:22
pay_000101,order_000091,,34.99,usd,card,visa,1662,succeeded,,2023-11-30T20:33:21,2023-11-30T20:33:21
pay_000102,order_000092,,24.99,usd,card,visa,6732,succeeded,,2023-11-30T10:21:19,2023-11-30T10:21:19
pay_000103,order_000093,,24.99,usd,card,visa,9861,succeeded,,2023-12-01T05:24:13,2023-12-01T05:24:13
pay_000104,order_000094,,24.99,usd,card,mastercard,5044,succeeded,,2023-12-01T14:28:04,2023-12-01T14:28:04
pay_000105,order_000095,,89.99,usd,card,mastercard,7806,succeeded,,2023-12-02T07:03:24,2023-12-02T07:03:24
pay_000106,order_000096,,24.99,usd,card,mastercard,5025,succeeded,,2023-12-02T21:44:48,2023-12-02T21:44:48
pay_000107,order_000097,cust_00673,9.99,usd,card,mastercard,9580,succeeded,,2023-12-04T15:18:05,2023-12-04T15:18:05
pay_000108,order_000098,,120.0,usd,card,visa,7466,succeeded,,2023-12-04T21:33:06,2023-12-04T21:33:06
pay_000109,order_000099,,31.49,usd,card,mastercard,9786,succeeded,,2023-12-06T04:04:57,2023-12-06T04:04:57
pay_000110,order_000100,,24.99,usd,card,mastercard,1710,succeeded,,2023-12-06T15:46:08,2023-12-06T15:46:08
pay_000111,order_000101,,34.99,usd,card,visa,3966,succeeded,,2023-12-07T23:23:57,2023-12-07T23:23:57
pay_000112,order_000102,,34.99,usd,card,mastercard,8339,succeeded,,2023-12-07T06:13:41,2023-12-07T06:13:41
pay_000113,order_000103,,49.99,usd,paypal,,,succeeded,,2023-12-08T15:12:42,2023-12-08T15:12:42
pay_000114,order_000104,,80.99,usd,card,amex,0861,succeeded,,2023-12-09T14:01:00,2023-12-09T14:01:00
pay_000115,order_000105,,24.99,usd,card,visa,5010,succeeded,,2023-12-09T11:27:20,2023-12-09T11:27:20
pay_000116,order_000106,cust_00074,19.99,usd,card,amex,6946,succeeded,,2023-12-14T09:45:30,2023-12-14T09:45:30
pay_000117,order_000107,,34.99,usd,card,mastercard,2809,failed,expired_card,2023-12-14T18:52:49,2023-12-14T18:52:49
pay_000118,order_000107,,34.99,usd,card,mastercard,7083,succeeded,,2023-12-14T19:12:49,2023-12-14T19:12:49
pay_000119,order_000108,,24.99,usd,paypal,,,succeeded,,2023-12-14T23:23:40,2023-12-14T23:23:40
pay_000120,order_000109,cust_00464,129.0,usd,card,visa,6421,succeeded,,2023-12-16T04:24:54,2023-12-16T04:24:54
pay_000121,order_000110,cust_00663,9.99,usd,paypal,,,succeeded,,2023-12-16T03:46:13,2023-12-16T03:46:13
pay_000122,order_000111,cust_00352,9.99,usd,card,visa,5192,succeeded,,2023-12-17T12:55:36,2023-12-17T12:55:36
pay_000123,order_000112,,49.99,usd,card,visa,2921,succeeded,,2023-12-17T10:50:28,2023-12-17T10:50:28
pay_000124,order_000113,,49.99,usd,card,visa,7786,succeeded,,2023-12-20T13:44:52,2023-12-20T13:44:52
pay_000125,order_000114,,49.99,usd,paypal,,,succeeded,,2023-12-21T04:04:18,2023-12-21T04:04:18
pay_000126,order_000115,,89.99,usd,card,mastercard,5581,succeeded,,2023-12-23T04:02:01,2023-12-23T04:02:01
pay_000127,order_000116,cust_00852,79.0,usd,paypal,,,succeeded,,2023-12-24T21:13:04,2023-12-24T21:13:04
pay_000128,order_000117,,49.99,usd,card,visa,0037,succeeded,,2023-12-24T00:19:42,2023-12-24T00:19:42
pay_000129,order_000118,,34.99,usd,card,mastercard,7211,succeeded,,2023-12-24T18:29:24,2023-12-24T18:29:24
pay_000130,order_000119,,34.99,usd,card,mastercard,4401,failed,processing_error,2023-12-26T10:13:34,2023-12-26T10:13:34
pay_000131,order_000119,,34.99,usd,card,mastercard,2541,succeeded,,2023-12-26T10:30:34,2023-12-26T10:30:34
pay_000132,order_000120,cust_00408,129.0,usd,card,visa,0344,succeeded,,2023-12-27T06:32:49,2023-12-27T06:32:49
pay_000133,order_000121,cust_00372,27.99,usd,card,mastercard,8411,succeeded,,2023-12-28T13:56:18,2023-12-28T13:56:18
pay_000134,order_000122,,34.99,usd,card,mastercard,4857,succeeded,,2023-12-29T10:53:43,2023-12-29T10:53:43
pay_000135,order_000123,cust_00146,71.99,usd,card,visa,8410,succeeded,,2023-12-30T22:54:05,2023-12-30T22:54:05
pay_000136,order_000124,,89.99,usd,card,mastercard,2523,succeeded,,2023-12-30T22:25:27,2023-12-30T22:25:27
pay_000137,order_000125,cust_00085,49.99,usd,card,mastercard,9652,succeeded,,2024-01-01T06:35:48,2024-01-01T06:35:48
pay_000138,order_000126,cust_00169,44.99,usd,card,mastercard,0586,succeeded,,2024-01-01T15:52:22,2024-01-01T15:52:22
pay_000139,order_000127,,64.99,usd,card,amex,7802,succeeded,,2024-01-01T10:46:06,2024-01-01T10:46:06
pay_000140,order_000128,,64.99,usd,paypal,,,failed,card_declined,2024-01-01T14:29:35,2024-01-01T14:29:35
pay_000141,order_000128,,64.99,usd,paypal,,,succeeded,,2024-01-01T14:35:35,2024-01-01T14:35:35
pay_000142,order_000129,cust_00175,24.99,usd,card,visa,0232,succeeded,,2024-01-02T05:01:13,2024-01-02T05:01:13
pay_000143,order_000130,cust_00533,39.99,usd,card,visa,8200,succeeded,,2024-01-02T08:18:21,2024-01-02T08:18:21
pay_000144,order_000131,,24.99,usd,card,mastercard,7735,succeeded,,2024-01-02T00:01:41,2024-01-02T00:01:41
pay_000145,order_000132,,31.49,usd,card,discover,5843,succeeded,,2024-01-02T13:14:07,2024-01-02T13:14:07
pay_000146,order_000133,,34.99,usd,card,visa,5287,succeeded,,2024-01-03T08:13:44,2024-01-03T08:13:44
pay_000147,order_000134,cust_00372,27.99,usd,card,visa,8916,succeeded,,2024-01-04T15:21:56,2024-01-04T15:21:56
pay_000148,order_000135,cust_00442,64.99,usd,card,visa,9407,succeeded,,2024-01-04T11:52:24,2024-01-04T11:52:24
pay_000149,order_000136,cust_00616,49.99,usd,card,amex,9307,succeeded,,2024-01-04T16:41:45,2024-01-04T16:41:45
pay_000150,order_000137,,34.99,usd,card,visa,7803,failed,insufficient_funds,2024-01-04T17:49:21,2024-01-04T17:49:21
pay_000151,order_000137,,34.99,usd,card,mastercard,5733,succeeded,,2024-01-04T17:57:21,2024-01-04T17:57:21
pay_000152,order_000138,,24.99,usd,card,mastercard,4822,succeeded,,2024-01-04T13:14:57,2024-01-04T13:14:57
pay_000153,order_000139,,34.99,usd,card,amex,4554,succeeded,,2024-01-05T18:32:50,2024-01-05T18:32:50
pay_000154,order_000140,cust_00284,79.0,usd,apple_pay,,,failed,card_declined,2024-01-06T02:58:48,2024-01-06T02:58:48
pay_000155,order_000140,cust_00284,79.0,usd,card,visa,3255,succeeded,,2024-01-06T03:17:48,2024-01-06T03:17:48
pay_000156,order_000141,cust_00614,89.99,usd,card,discover,7825,succeeded,,2024-01-06T11:35:32,2024-01-06T11:35:32
pay_000157,order_000142,,24.99,usd,card,mastercard,8125,succeeded,,2024-01-06T06:20:51,2024-01-06T06:20:51
pay_000158,order_000143,,34.99,usd,card,mastercard,1790,succeeded,,2024-01-07T10:20:40,2024-01-07T10:20:40
pay_000159,order_000144,,34.99,usd,card,visa,4514,succeeded,,2024-01-07T04:53:03,2024-01-07T04:53:03
pay_000160,order_000145,,49.99,usd,card,amex,6149,succeeded,,2024-01-07T06:09:02,2024-01-07T06:09:02
pay_000161,order_000146,,34.99,usd,card,amex,9070,succeeded,,2024-01-07T04:59:45,2024-01-07T04:59:45
pay_000162,order_000147,cust_00625,149.0,usd,card,visa,8632,succeeded,,2024-01-08T22:30:40,2024-01-08T22:30:40
pay_000163,order_000148,,24.99,usd,paypal,,,succeeded,,2024-01-08T12:38:39,2024-01-08T12:38:39
pay_000164,order_000149,,24.99,usd,card,visa,5342,succeeded,,2024-01-10T04:01:14,2024-01-10T04:01:14
pay_000165,order_000150,,31.49,usd,card,visa,2545,succeeded,,2024-01-10T10:31:27,2024-01-10T10:31:27
pay_000166,order_000151,,76.49,usd,card,mastercard,3504,succeeded,,2024-01-10T05:10:38,2024-01-10T05:10:38
pay_000167,order_000152,,34.99,usd,paypal,,,succeeded,,2024-01-10T07:21:36,2024-01-10T07:21:36
pay_000168,order_000153,cust_00352,149.0,usd,card,visa,0085,succeeded,,2024-01-11T11:50:54,2024-01-11T11:50:54
pay_000169,order_000154,,34.99,usd,paypal,,,succeeded,,2024-01-11T23:10:03,2024-01-11T23:10:03
pay_000170,order_000155,,24.99,usd,card,mastercard,8901,succeeded,,2024-01-12T13:32:19,2024-01-12T13:32:19
pay_000171,order_000156,,24.99,usd,paypal,,,succeeded,,2024-01-13T23:32:28,2024-01-13T23:32:28
pay_000172,order_000157,,120.0,usd,card,mastercard,1886,succeeded,,2024-01-13T19:57:30,2024-01-13T19:57:30
pay_000173,order_000158,,89.99,usd,card,discover,0089,succeeded,,2024-01-14T06:59:14,2024-01-14T06:59:14
pay_000174,order_000159,,34.99,usd,apple_pay,,,succeeded,,2024-01-14T06:27:45,2024-01-14T06:27:45
pay_000175,order_000160,,24.99,usd,card,mastercard,7008,succeeded,,2024-01-14T02:37:38,2024-01-14T02:37:38
pay_000176,order_000161,cust_00141,64.99,usd,card,visa,6050,succeeded,,2024-01-15T01:07:41,2024-01-15T01:07:41
pay_000177,order_000162,cust_00733,7.99,usd,card,visa,6553,succeeded,,2024-01-15T17:33:37,2024-01-15T17:33:37
pay_000178,order_000163,,49.99,usd,card,visa,4341,succeeded,,2024-01-16T08:44:02,2024-01-16T08:44:02
pay_000179,order_000164,,34.99,usd,card,visa,0301,succeeded,,2024-01-17T05:14:54,2024-01-17T05:14:54
pay_000180,order_000165,,89.99,usd,card,visa,6356,succeeded,,2024-01-17T11:46:59,2024-01-17T11:46:59
pay_000181,order_000166,cust_00118,99.0,usd,paypal,,,succeeded,,2024-01-18T07:39:48,2024-01-18T07:39:48
pay_000182,order_000167,,120.0,usd,card,visa,0363,failed,card_declined,2024-01-18T22:00:17,2024-01-18T22:00:17
pay_000183,order_000167,,120.0,usd,card,visa,0653,succeeded,,2024-01-18T22:18:17,2024-01-18T22:18:17
pay_000184,order_000168,,49.99,usd,card,visa,8622,succeeded,,2024-01-19T17:51:31,2024-01-19T17:51:31
pay_000185,order_000169,,58.49,usd,card,amex,4075,succeeded,,2024-01-19T09:14:20,2024-01-19T09:14:20
pay_000186,order_000170,,89.99,usd,card,visa,6648,succeeded,,2024-01-19T06:50:55,2024-01-19T06:50:55
pay_000187,order_000171,,24.99,usd,card,mastercard,3470,succeeded,,2024-01-19T23:00:05,2024-01-19T23:00:05
pay_000188,order_000172,,120.0,usd,card,mastercard,9683,succeeded,,2024-01-21T05:25:40,2024-01-21T05:25:40
pay_000189,order_000173,cust_00614,99.0,usd,card,mastercard,9732,succeeded,,2024-01-23T07:28:03,2024-01-23T07:28:03
pay_000190,order_000174,,34.99,usd,card,discover,8477,succeeded,,2024-01-23T23:16:35,2024-01-23T23:16:35
pay_000191,order_000175,,49.99,usd,card,discover,5537,succeeded,,2024-01-23T08:18:07,2024-01-23T08:18:07
pay_000192,order_000176,,24.99,usd,card,amex,6514,succeeded,,2024-01-23T01:33:28,2024-01-23T01:33:28
pay_000193,order_000177,cust_00299,120.0,usd,card,visa,7497,failed,card_declined,2024-01-24T09:59:22,2024-01-24T09:59:22
pay_000194,order_000177,cust_00299,120.0,usd,card,visa,6182,succeeded,,2024-01-24T10:02:22,2024-01-24T10:02:22
pay_000195,order_000178,cust_00130,9.99,usd,card,visa,8307,succeeded,,2024-01-25T16:04:32,2024-01-25T16:04:32
pay_000196,order_000179,cust_00447,96.0,usd,card,visa,0216,succeeded,,2024-01-25T03:37:35,2024-01-25T03:37:35
pay_000197,order_000180,,34.99,usd,card,visa,1765,succeeded,,2024-01-25T04:43:39,2024-01-25T04:43:39
pay_000198,order_000181,cust_00098,39.99,usd,card,visa,4062,succeeded,,2024-01-26T17:13:52,2024-01-26T17:13:52
pay_000199,order_000182,,24.99,usd,card,visa,0817,succeeded,,2024-01-26T00:22:56,2024-01-26T00:22:56
pay_000200,order_000183,cust_00323,99.0,usd,card,mastercard,2537,succeeded,,2024-01-27T07:56:30,2024-01-27T07:56:30
pay_000201,order_000184,,24.99,usd,card,discover,7475,succeeded,,2024-01-27T01:18:50,2024-01-27T01:18:50
pay_000202,order_000185,cust_00200,96.0,usd,card,amex,0263,succeeded,,2024-01-28T15:12:36,2024-01-28T15:12:36
pay_000203,order_000186,,34.99,usd,card,amex,1316,succeeded,,2024-01-28T01:23:09,2024-01-28T01:23:09
pay_000204,order_000187,,22.49,usd,card,mastercard,7751,failed,card_declined,2024-01-29T09:43:24,2024-01-29T09:43:24
pay_000205,order_000187,,22.49,usd,card,mastercard,8475,succeeded,,2024-01-29T09:58:24,2024-01-29T09:58:24
pay_000206,order_000188,,64.99,usd,paypal,,,succeeded,,2024-01-29T15:55:48,2024-01-29T15:55:48
pay_000207,order_000189,cust_00014,51.99,usd,card,visa,3337,succeeded,,2024-01-30T21:59:26,2024-01-30T21:59:26
pay_000208,order_000190,cust_00714,99.0,usd,card,visa,7734,succeeded,,2024-01-30T14:07:54,2024-01-30T14:07:54
pay_000209,order_000191,cust_00662,64.99,usd,apple_pay,,,succeeded,,2024-01-31T08:12:33,2024-01-31T08:12:33
pay_000210,order_000192,,34.99,usd,card,visa,3250,succeeded,,2024-01-31T07:34:19,2024-01-31T07:34:19
pay_000211,order_000193,,24.99,usd,card,visa,7519,succeeded,,2024-02-02T12:06:43,2024-02-02T12:06:43
pay_000212,order_000194,cust_00189,99.0,usd,card,mastercard,3544,succeeded,,2024-02-03T21:07:21,2024-02-03T21:07:21
pay_000213,order_000195,,24.99,usd,card,amex,0872,succeeded,,2024-02-03T04:18:03,2024-02-03T04:18:03
pay_000214,order_000196,,89.99,usd,card,visa,8417,succeeded,,2024-02-03T04:39:45,2024-02-03T04:39:45
pay_000215,order_000197,,24.99,usd,card,amex,3773,succeeded,,2024-02-03T15:55:23,2024-02-03T15:55:23
pay_000216,order_000198,,24.99,usd,card,visa,7713,succeeded,,2024-02-06T05:33:03,2024-02-06T05:33:03
pay_000217,order_000199,,64.99,usd,card,visa,3066,succeeded,,2024-02-06T15:19:42,2024-02-06T15:19:42
pay_000218,order_000200,,24.99,usd,paypal,,,failed,card_declined,2024-02-06T11:46:57,2024-02-06T11:46:57
pay_000219,order_000200,,24.99,usd,card,discover,7143,succeeded,,2024-02-06T11:51:57,2024-02-06T11:51:57
pay_000220,order_000201,,64.99,usd,card,mastercard,6228,succeeded,,2024-02-09T15:49:16,2024-02-09T15:49:16
pay_000221,order_000202,,64.99,usd,card,visa,4416,succeeded,,2024-02-09T06:43:37,2024-02-09T06:43:37
pay_000222,order_000203,cust_00136,79.0,usd,card,discover,0876,succeeded,,2024-02-10T09:49:02,2024-02-10T09:49:02
pay_000223,order_000204,cust_00617,24.99,usd,card,visa,8088,succeeded,,2024-02-12T16:59:02,2024-02-12T16:59:02
pay_000224,order_000205,,49.99,usd,card,visa,3295,failed,card_declined,2024-02-13T03:49:43,2024-02-13T03:49:43
pay_000225,order_000205,,49.99,usd,card,mastercard,3280,succeeded,,2024-02-13T04:04:43,2024-02-13T04:04:43
pay_000226,order_000206,,49.99,usd,card,visa,1166,succeeded,,2024-02-13T02:45:15,2024-02-13T02:45:15
pay_000227,order_000207,cust_00419,7.99,usd,card,visa,3992,succeeded,,2024-02-14T04:32:49,2024-02-14T04:32:49
pay_000228,order_000208,cust_00830,34.99,usd,card,amex,5503,succeeded,,2024-02-14T06:24:26,2024-02-14T06:24:26
pay_000229,order_000209,,44.99,usd,card,amex,1904,succeeded,,2024-02-14T10:19:04,2024-02-14T10:19:04
pay_000230,order_000210,,89.99,usd,card,amex,8310,succeeded,,2024-02-15T12:05:26,2024-02-15T12:05:26
pay_000231,order_000211,,24.99,usd,card,mastercard,5896,succeeded,,2024-02-17T08:55:16,2024-02-17T08:55:16
pay_000232,order_000212,cust_00001,9.99,usd,paypal,,,succeeded,,2024-02-19T17:29:28,2024-02-19T17:29:28
pay_000233,order_000213,,24.99,usd,card,mastercard,6655,failed,insufficient_funds,2024-02-19T22:44:16,2024-02-19T22:44:16
pay_000234,order_000213,,24.99,usd,card,visa,4776,succeeded,,2024-02-19T22:57:16,2024-02-19T22:57:16
pay_000235,order_000214,cust_00373,9.99,usd,card,mastercard,0651,succeeded,,2024-02-20T17:05:23,2024-02-20T17:05:23
pay_000236,order_000215,cust_00630,24.99,usd,card,visa,2232,succeeded,,2024-02-21T00:11:24,2024-02-21T00:11:24
pay_000237,order_000216,,22.49,usd,card,visa,2201,succeeded,,2024-02-21T12:13:49,2024-02-21T12:13:49
pay_000238,order_000217,,64.99,usd,card,discover,1662,succeeded,,2024-02-22T04:14:34,2024-02-22T04:14:34
pay_000239,order_000218,,64.99,usd,card,visa,8677,succeeded,,2024-02-22T20:00:48,2024-02-22T20:00:48
pay_000240,order_000219,,24.99,usd,card,mastercard,0765,succeeded,,2024-02-22T01:08:21,2024-02-22T01:08:21
pay_000241,order_000220,,31.49,usd,card,visa,7439,succeeded,,2024-02-22T00:24:51,2024-02-22T00:24:51
pay_000242,order_000221,cust_00130,34.99,usd,card,visa,0819,succeeded,,2024-02-23T06:46:18,2024-02-23T06:46:18
pay_000243,order_000222,,89.99,usd,card,amex,2942,succeeded,,2024-02-23T05:37:43,2024-02-23T05:37:43
pay_000244,order_000223,cust_00840,9.99,usd,card,mastercard,8223,succeeded,,2024-02-24T02:55:37,2024-02-24T02:55:37
pay_000245,order_000224,,24.99,usd,card,visa,7525,succeeded,,2024-02-24T09:45:15,2024-02-24T09:45:15
pay_000246,order_000225,,24.99,usd,card,mastercard,0894,succeeded,,2024-02-24T09:40:54,2024-02-24T09:40:54
pay_000247,order_000226,,58.49,usd,card,mastercard,0559,succeeded,,2024-02-24T17:44:00,2024-02-24T17:44:00
pay_000248,order_000227,,22.49,usd,card,mastercard,8233,succeeded,,2024-02-24T11:26:06,2024-02-24T11:26:06
pay_000249,order_000228,,64.99,usd,apple_pay,,,succeeded,,2024-02-25T15:35:50,2024-02-25T15:35:50
pay_000250,order_000229,cust_00230,89.99,usd,card,discover,4988,succeeded,,2024-02-26T14:15:31,2024-02-26T14:15:31
pay_000251,order_000230,cust_00744,34.99,usd,card,visa,1040,succeeded,,2024-02-26T14:01:40,2024-02-26T14:01:40
pay_000252,order_000231,,89.99,usd,card,visa,0296,succeeded,,2024-02-26T04:29:19,2024-02-26T04:29:19
pay_000253,order_000232,,120.0,usd,card,mastercard,2534,failed,card_declined,2024-02-26T21:52:35,2024-02-26T21:52:35
pay_000254,order_000232,,120.0,usd,card,mastercard,4013,succeeded,,2024-02-26T21:55:35,2024-02-26T21:55:35
pay_000255,order_000233,,24.99,usd,card,amex,9739,succeeded,,2024-02-26T03:03:02,2024-02-26T03:03:02
pay_000256,order_000234,,24.99,usd,card,discover,2825,succeeded,,2024-02-27T08:38:44,2024-02-27T08:38:44
pay_000257,order_000235,,24.99,usd,card,amex,2700,succeeded,,2024-02-28T07:17:55,2024-02-28T07:17:55
pay_000258,order_000236,,64.99,usd,paypal,,,succeeded,,2024-02-29T11:48:51,2024-02-29T11:48:51
pay_000259,order_000237,cust_00730,34.99,usd,card,mastercard,6045,succeeded,,2024-03-01T12:11:17,2024-03-01T12:11:17
pay_000260,order_000238,cust_00661,22.49,usd,card,amex,8521,succeeded,,2024-03-02T15:40:46,2024-03-02T15:40:46
pay_000261,order_000239,cust_00689,99.0,usd,card,discover,0394,succeeded,,2024-03-02T22:59:29,2024-03-02T22:59:29
pay_000262,order_000240,,34.99,usd,card,mastercard,9656,succeeded,,2024-03-02T09:53:41,2024-03-02T09:53:41
pay_000263,order_000241,cust_00312,27.99,usd,card,mastercard,7990,succeeded,,2024-03-04T15:21:27,2024-03-04T15:21:27
pay_000264,order_000242,,24.99,usd,card,visa,4223,succeeded,,2024-03-04T23:10:02,2024-03-04T23:10:02
pay_000265,order_000243,,89.99,usd,card,visa,4920,succeeded,,2024-03-05T02:09:39,2024-03-05T02:09:39
pay_000266,order_000244,cust_00733,9.99,usd,card,amex,6663,succeeded,,2024-03-06T12:06:01,2024-03-06T12:06:01
pay_000267,order_000245,,24.99,usd,card,visa,7623,succeeded,,2024-03-06T11:12:09,2024-03-06T11:12:09
pay_000268,order_000246,,49.99,usd,card,discover,7074,succeeded,,2024-03-06T22:09:02,2024-03-06T22:09:02
pay_000269,order_000247,,64.99,usd,card,mastercard,8074,succeeded,,2024-03-07T09:13:57,2024-03-07T09:13:57
pay_000270,order_000248,cust_00655,34.99,usd,card,visa,7847,succeeded,,2024-03-08T05:18:07,2024-03-08T05:18:07
pay_000271,order_000249,cust_00733,129.0,usd,card,visa,5028,succeeded,,2024-03-08T18:03:56,2024-03-08T18:03:56
pay_000272,order_000250,,24.99,usd,card,mastercard,9277,succeeded,,2024-03-08T11:49:09,2024-03-08T11:49:09
pay_000273,order_000251,,34.99,usd,card,visa,9947,failed,card_declined,2024-03-08T07:25:14,2024-03-08T07:25:14
pay_000274,order_000251,,34.99,usd,card,visa,3294,succeeded,,2024-03-08T07:27:14,2024-03-08T07:27:14
pay_000275,order_000252,,34.99,usd,card,mastercard,6159,succeeded,,2024-03-08T04:41:32,2024-03-08T04:41:32
pay_000276,order_000253,cust_00171,9.99,usd,card,visa,3018,succeeded,,2024-03-09T13:15:48,2024-03-09T13:15:48
pay_000277,order_000254,cust_00171,89.99,usd,card,amex,9909,succeeded,,2024-03-09T07:12:26,2024-03-09T07:12:26
pay_000278,order_000255,,89.99,usd,card,visa,7924,failed,card_declined,2024-03-09T10:03:10,2024-03-09T10:03:10
pay_000279,order_000255,,89.99,usd,card,visa,0421,succeeded,,2024-03-09T10:17:10,2024-03-09T10:17:10
pay_000280,order_000256,,89.99,usd,card,mastercard,3419,succeeded,,2024-03-09T07:30:43,2024-03-09T07:30:43
pay_000281,order_000257,cust_00172,9.99,usd,card,visa,7204,succeeded,,2024-03-10T13:28:35,2024-03-10T13:28:35
pay_000282,order_000258,,120.0,usd,card,mastercard,0415,succeeded,,2024-03-10T21:08:00,2024-03-10T21:08:00
pay_000283,order_000259,cust_00472,39.99,usd,card,mastercard,4096,succeeded,,2024-03-11T04:21:29,2024-03-11T04:21:29
pay_000284,order_000260,,34.99,usd,card,mastercard,5161,succeeded,,2024-03-11T06:50:49,2024-03-11T06:50:49
pay_000285,order_000261,,89.99,usd,card,discover,8274,succeeded,,2024-03-11T00:35:40,2024-03-11T00:35:40
pay_000286,order_000262,,24.99,usd,card,visa,7691,failed,card_declined,2024-03-11T15:29:53,2024-03-11T15:29:53
pay_000287,order_000262,,24.99,usd,card,mastercard,7017,succeeded,,2024-03-11T15:45:53,2024-03-11T15:45:53
pay_000288,order_000263,cust_00722,9.99,usd,card,amex,8293,succeeded,,2024-03-12T23:38:16,2024-03-12T23:38:16
pay_000289,order_000264,cust_00733,34.99,usd,card,amex,0266,succeeded,,2024-03-12T00:44:56,2024-03-12T00:44:56
pay_000290,order_000265,,49.99,usd,card,mastercard,0191,succeeded,,2024-03-13T17:29:52,2024-03-13T17:29:52
pay_000291,order_000266,cust_00464,34.99,usd,card,visa,4198,succeeded,,2024-03-14T17:24:34,2024-03-14T17:24:34
pay_000292,order_000267,,49.99,usd,card,visa,5739,succeeded,,2024-03-14T00:57:04,2024-03-14T00:57:04
pay_000293,order_000268,,49.99,usd,card,mastercard,3711,succeeded,,2024-03-15T07:05:43,2024-03-15T07:05:43
pay_000294,order_000269,,120.0,usd,card,visa,9701,succeeded,,2024-03-15T00:34:54,2024-03-15T00:34:54
pay_000295,order_000270,cust_00237,9.99,usd,card,discover,7308,succeeded,,2024-03-16T22:00:23,2024-03-16T22:00:23
pay_000296,order_000271,cust_00419,120.0,usd,card,amex,0502,succeeded,,2024-03-16T18:23:15,2024-03-16T18:23:15
pay_000297,order_000272,,24.99,usd,card,discover,2568,succeeded,,2024-03-16T15:38:44,2024-03-16T15:38:44
pay_000298,order_000273,cust_00312,19.99,usd,card,amex,5783,succeeded,,2024-03-17T20:58:06,2024-03-17T20:58:06
pay_000299,order_000274,,24.99,usd,card,visa,7686,succeeded,,2024-03-17T18:06:27,2024-03-17T18:06:27
pay_000300,order_000275,cust_00472,51.99,usd,card,amex,4271,succeeded,,2024-03-18T07:42:41,2024-03-18T07:42:41
pay_000301,order_000276,cust_00614,129.0,usd,card,mastercard,4745,failed,card_declined,2024-03-18T22:18:16,2024-03-18T22:18:16
pay_000302,order_000276,cust_00614,129.0,usd,card,visa,7722,failed,card_declined,2024-03-18T22:19:16,2024-03-18T22:19:16
pay_000303,order_000276,cust_00614,129.0,usd,card,visa,6936,succeeded,,2024-03-18T22:25:16,2024-03-18T22:25:16
pay_000304,order_000277,cust_00705,34.99,usd,card,visa,2780,succeeded,,2024-03-18T19:09:01,2024-03-18T19:09:01
pay_000305,order_000278,,34.99,usd,card,mastercard,9750,succeeded,,2024-03-18T17:57:36,2024-03-18T17:57:36
pay_000306,order_000279,,64.99,usd,card,visa,8064,succeeded,,2024-03-19T11:01:08,2024-03-19T11:01:08
pay_000307,order_000280,,31.49,usd,card,visa,9501,succeeded,,2024-03-19T18:34:35,2024-03-19T18:34:35
pay_000308,order_000281,cust_00730,49.99,usd,paypal,,,succeeded,,2024-03-20T08:00:26,2024-03-20T08:00:26
pay_000309,order_000282,,34.99,usd,card,discover,1035,succeeded,,2024-03-20T23:45:02,2024-03-20T23:45:02
pay_000310,order_000283,cust_00376,89.99,usd,card,visa,7416,succeeded,,2024-03-21T16:44:49,2024-03-21T16:44:49
pay_000311,order_000284,cust_00606,24.99,usd,card,mastercard,1672,succeeded,,2024-03-21T07:07:24,2024-03-21T07:07:24
pay_000312,order_000285,,31.49,usd,card,visa,6991,succeeded,,2024-03-21T21:25:12,2024-03-21T21:25:12
pay_000313,order_000286,,49.99,usd,card,mastercard,0592,failed,card_declined,2024-03-21T12:56:49,2024-03-21T12:56:49
pay_000314,order_000286,,49.99,usd,card,visa,1096,succeeded,,2024-03-21T13:05:49,2024-03-21T13:05:49
pay_000315,order_000287,,89.99,usd,card,mastercard,5619,succeeded,,2024-03-21T23:53:49,2024-03-21T23:53:49
pay_000316,order_000288,,49.99,usd,card,mastercard,4021,succeeded,,2024-03-21T06:51:35,2024-03-21T06:51:35
pay_000317,order_000289,cust_00444,8.99,usd,card,discover,3836,succeeded,,2024-03-22T00:03:55,2024-03-22T00:03:55
pay_000318,order_000290,,22.49,usd,card,mastercard,5753,failed,processing_error,2024-03-22T10:11:03,2024-03-22T10:11:03
pay_000319,order_000290,,22.49,usd,card,visa,3807,succeeded,,2024-03-22T10:21:03,2024-03-22T10:21:03
pay_000320,order_000291,,34.99,usd,card,visa,9086,succeeded,,2024-03-23T23:50:57,2024-03-23T23:50:57
pay_000321,order_000292,,76.49,usd,card,mastercard,4722,succeeded,,2024-03-24T12:30:06,2024-03-24T12:30:06
pay_000322,order_000293,,64.99,usd,card,visa,4242,succeeded,,2024-03-24T18:34:28,2024-03-24T18:34:28
pay_000323,order_000294,,89.99,usd,card,amex,9442,succeeded,,2024-03-25T07:09:21,2024-03-25T07:09:21
pay_000324,order_000295,,49.99,usd,card,discover,7556,succeeded,,2024-03-25T02:27:06,2024-03-25T02:27:06
pay_000325,order_000296,,64.99,usd,card,visa,5610,succeeded,,2024-03-25T12:37:49,2024-03-25T12:37:49
pay_000326,order_000297,cust_00419,9.99,usd,card,discover,4154,succeeded,,2024-03-26T14:23:47,2024-03-26T14:23:47
pay_000327,order_000298,cust_00179,34.99,usd,card,amex,1280,succeeded,,2024-03-27T14:05:19,2024-03-27T14:05:19
pay_000328,order_000299,cust_00408,79.0,usd,card,mastercard,7109,succeeded,,2024-03-27T13:00:33,2024-03-27T13:00:33
pay_000329,order_000300,cust_00668,44.99,usd,card,visa,3142,succeeded,,2024-03-28T12:30:52,2024-03-28T12:30:52
pay_000330,order_000301,cust_00142,79.0,usd,card,visa,5032,succeeded,,2024-03-29T01:02:52,2024-03-29T01:02:52
pay_000331,order_000302,cust_00370,24.99,usd,card,visa,8022,succeeded,,2024-03-29T17:17:38,2024-03-29T17:17:38
pay_000332,order_000303,,89.99,usd,paypal,,,succeeded,,2024-03-29T00:18:29,2024-03-29T00:18:29
pay_000333,order_000304,cust_00130,9.99,usd,card,amex,4931,succeeded,,2024-03-31T13:38:37,2024-03-31T13:38:37
pay_000334,order_000305,cust_00468,89.99,usd,card,visa,6582,failed,card_declined,2024-04-02T19:40:10,2024-04-02T19:40:10
pay_000335,order_000305,cust_00468,89.99,usd,card,visa,6577,failed,card_declined,2024-04-02T19:42:10,2024-04-02T19:42:10
pay_000336,order_000305,cust_00468,89.99,usd,card,visa,9742,succeeded,,2024-04-02T19:49:10,2024-04-02T19:49:10
pay_000337,order_000306,cust_00673,89.99,usd,card,amex,4435,succeeded,,2024-04-02T00:27:37,2024-04-02T00:27:37
pay_000338,order_000307,cust_00416,27.99,usd,card,mastercard,1822,succeeded,,2024-04-03T19:35:52,2024-04-03T19:35:52
pay_000339,order_000308,cust_00601,24.99,usd,card,visa,5424,succeeded,,2024-04-03T11:22:01,2024-04-03T11:22:01
pay_000340,order_000309,cust_00419,9.99,usd,card,mastercard,2659,succeeded,,2024-04-04T03:04:19,2024-04-04T03:04:19
pay_000341,order_000310,cust_00519,51.99,usd,card,discover,7215,succeeded,,2024-04-04T13:46:09,2024-04-04T13:46:09
pay_000342,order_000311,cust_00533,39.99,usd,apple_pay,,,succeeded,,2024-04-04T20:47:08,2024-04-04T20:47:08
pay_000343,order_000312,cust_00630,9.99,usd,card,visa,6852,succeeded,,2024-04-04T03:43:35,2024-04-04T03:43:35
pay_000344,order_000313,,34.99,usd,card,mastercard,1067,succeeded,,2024-04-04T03:27:56,2024-04-04T03:27:56
pay_000345,order_000314,cust_00625,24.99,usd,paypal,,,succeeded,,2024-04-05T16:26:37,2024-04-05T16:26:37
pay_000346,order_000315,,34.99,usd,card,visa,4270,succeeded,,2024-04-05T09:53:41,2024-04-05T09:53:41
pay_000347,order_000316,cust_00423,64.99,usd,card,mastercard,9518,succeeded,,2024-04-06T17:17:53,2024-04-06T17:17:53
pay_000348,order_000317,,34.99,usd,card,visa,6497,succeeded,,2024-04-06T22:32:19,2024-04-06T22:32:19
pay_000349,order_000318,,34.99,usd,card,visa,4733,succeeded,,2024-04-07T11:41:48,2024-04-07T11:41:48
pay_000350,order_000319,cust_00444,9.99,usd,card,mastercard,5878,succeeded,,2024-04-08T15:47:50,2024-04-08T15:47:50
pay_000351,order_000320,cust_00050,34.99,usd,paypal,,,succeeded,,2024-04-09T15:37:03,2024-04-09T15:37:03
pay_000352,order_000321,,24.99,usd,card,mastercard,7719,succeeded,,2024-04-09T06:56:19,2024-04-09T06:56:19
pay_000353,order_000322,,24.99,usd,card,visa,8225,succeeded,,2024-04-09T05:16:26,2024-04-09T05:16:26
pay_000354,order_000323,cust_00617,64.99,usd,card,amex,0117,succeeded,,2024-04-10T08:15:25,2024-04-10T08:15:25
pay_000355,order_000324,,34.99,usd,paypal,,,succeeded,,2024-04-10T00:18:18,2024-04-10T00:18:18
pay_000356,order_000325,cust_00237,99.0,usd,card,mastercard,0041,succeeded,,2024-04-11T18:05:40,2024-04-11T18:05:40
pay_000357,order_000326,cust_00310,24.99,usd,card,visa,0575,succeeded,,2024-04-11T18:23:51,2024-04-11T18:23:51
pay_000358,order_000327,cust_00419,79.0,usd,card,mastercard,2882,succeeded,,2024-04-11T14:07:15,2024-04-11T14:07:15
pay_000359,order_000328,,64.99,usd,card,mastercard,8267,succeeded,,2024-04-11T07:38:22,2024-04-11T07:38:22
pay_000360,order_000329,,44.99,usd,card,mastercard,2224,succeeded,,2024-04-11T05:07:35,2024-04-11T05:07:35
pay_000361,order_000330,cust_00205,64.99,usd,card,amex,2747,failed,card_declined,2024-04-12T18:12:22,2024-04-12T18:12:22
pay_000362,order_000330,cust_00205,64.99,usd,card,visa,7077,succeeded,,2024-04-12T18:22:22,2024-04-12T18:22:22
pay_000363,order_000331,cust_00813,61.19,usd,card,mastercard,5155,succeeded,,2024-04-12T11:36:02,2024-04-12T11:36:02
pay_000364,order_000332,,49.99,usd,card,discover,9678,succeeded,,2024-04-12T22:40:45,2024-04-12T22:40:45
pay_000365,order_000333,,64.99,usd,card,discover,4806,succeeded,,2024-04-12T06:03:33,2024-04-12T06:03:33
pay_000366,order_000334,,24.99,usd,card,visa,5662,succeeded,,2024-04-12T09:33:37,2024-04-12T09:33:37
pay_000367,order_000335,cust_00720,34.99,usd,card,discover,0795,failed,card_declined,2024-04-14T07:04:27,2024-04-14T07:04:27
pay_000368,order_000335,cust_00720,34.99,usd,card,mastercard,2180,succeeded,,2024-04-14T07:16:27,2024-04-14T07:16:27
pay_000369,order_000336,,49.99,usd,card,visa,8972,succeeded,,2024-04-14T08:46:22,2024-04-14T08:46:22
pay_000370,order_000337,,64.99,usd,apple_pay,,,succeeded,,2024-04-14T05:25:21,2024-04-14T05:25:21
pay_000371,order_000338,cust_00189,9.99,usd,paypal,,,succeeded,,2024-04-15T10:58:43,2024-04-15T10:58:43
pay_000372,order_000339,cust_00515,19.99,usd,paypal,,,succeeded,,2024-04-15T14:23:10,2024-04-15T14:23:10
pay_000373,order_000340,cust_00616,49.99,usd,paypal,,,succeeded,,2024-04-15T01:36:06,2024-04-15T01:36:06
pay_000374,order_000341,,120.0,usd,card,visa,6060,succeeded,,2024-04-15T16:23:49,2024-04-15T16:23:49
pay_000375,order_000342,,31.49,usd,card,amex,2612,failed,card_declined,2024-04-15T14:47:14,2024-04-15T14:47:14
pay_000376,order_000342,,31.49,usd,paypal,,,succeeded,,2024-04-15T14:59:14,2024-04-15T14:59:14
pay_000377,order_000343,,49.99,usd,apple_pay,,,succeeded,,2024-04-16T10:17:04,2024-04-16T10:17:04
pay_000378,order_000344,,34.99,usd,card,visa,3879,succeeded,,2024-04-17T12:22:02,2024-04-17T12:22:02
pay_000379,order_000345,cust_00378,31.49,usd,card,amex,8852,succeeded,,2024-04-19T09:01:29,2024-04-19T09:01:29
pay_000380,order_000346,cust_00829,34.99,usd,card,discover,3533,succeeded,,2024-04-20T14:13:15,2024-04-20T14:13:15
pay_000381,order_000347,cust_00169,120.0,usd,card,amex,8485,succeeded,,2024-04-21T13:13:24,2024-04-21T13:13:24
pay_000382,order_000348,cust_00472,71.99,usd,card,visa,4867,succeeded,,2024-04-21T00:10:03,2024-04-21T00:10:03
pay_000383,order_000349,,24.99,usd,card,visa,0108,succeeded,,2024-04-22T17:07:39,2024-04-22T17:07:39
pay_000384,order_000350,cust_00515,27.99,usd,card,amex,8046,succeeded,,2024-04-23T18:41:24,2024-04-23T18:41:24
pay_000385,order_000351,cust_00205,64.99,usd,card,mastercard,6902,succeeded,,2024-04-25T07:36:19,2024-04-25T07:36:19
pay_000386,order_000352,,24.99,usd,card,visa,2116,succeeded,,2024-04-25T01:15:34,2024-04-25T01:15:34
pay_000387,order_000353,,49.99,usd,card,visa,7975,succeeded,,2024-04-25T20:59:35,2024-04-25T20:59:35
pay_000388,order_000354,cust_00331,49.99,usd,card,visa,2906,failed,card_declined,2024-04-26T03:51:26,2024-04-26T03:51:26
pay_000389,order_000354,cust_00331,49.99,usd,card,visa,4629,succeeded,,2024-04-26T03:56:26,2024-04-26T03:56:26
pay_000390,order_000355,,64.99,usd,card,amex,9204,succeeded,,2024-04-26T11:57:01,2024-04-26T11:57:01
pay_000391,order_000356,cust_00167,149.0,usd,card,mastercard,1617,succeeded,,2024-04-27T22:49:33,2024-04-27T22:49:33
pay_000392,order_000357,cust_00800,108.0,usd,card,mastercard,2799,succeeded,,2024-04-27T16:43:57,2024-04-27T16:43:57
pay_000393,order_000358,,31.49,usd,card,mastercard,3321,succeeded,,2024-04-27T12:36:39,2024-04-27T12:36:39
pay_000394,order_000359,cust_00238,49.99,usd,card,visa,8622,failed,card_declined,2024-04-28T23:01:11,2024-04-28T23:01:11
pay_000395,order_000359,cust_00238,49.99,usd,card,mastercard,0384,succeeded,,2024-04-28T23:09:11,2024-04-28T23:09:11
pay_000396,order_000360,cust_00263,89.99,usd,apple_pay,,,succeeded,,2024-04-28T05:59:26,2024-04-28T05:59:26
pay_000397,order_000361,,64.99,usd,card,amex,1066,succeeded,,2024-04-29T13:21:08,2024-04-29T13:21:08
pay_000398,order_000362,cust_00140,24.99,usd,paypal,,,succeeded,,2024-04-30T11:01:51,2024-04-30T11:01:51
pay_000399,order_000363,cust_00370,9.99,usd,paypal,,,succeeded,,2024-05-01T08:09:01,2024-05-01T08:09:01
pay_000400,order_000364,,64.99,usd,card,visa,1525,succeeded,,2024-05-01T15:54:49,2024-05-01T15:54:49
pay_000401,order_000365,cust_00118,99.0,usd,card,amex,0035,succeeded,,2024-05-02T11:18:48,2024-05-02T11:18:48
pay_000402,order_000366,cust_00323,9.99,usd,card,mastercard,4542,succeeded,,2024-05-02T22:10:08,2024-05-02T22:10:08
pay_000403,order_000367,,34.99,usd,card,amex,5673,succeeded,,2024-05-03T18:27:46,2024-05-03T18:27:46
pay_000404,order_000368,,24.99,usd,card,mastercard,4152,succeeded,,2024-05-03T05:46:36,2024-05-03T05:46:36
pay_000405,order_000369,cust_00172,9.99,usd,card,visa,0568,succeeded,,2024-05-05T07:39:32,2024-05-05T07:39:32
pay_000406,order_000370,cust_00381,7.99,usd,card,visa,2720,succeeded,,2024-05-05T00:36:20,2024-05-05T00:36:20
pay_000407,order_000371,,34.99,usd,apple_pay,,,succeeded,,2024-05-05T04:56:17,2024-05-05T04:56:17
pay_000408,order_000372,cust_00174,9.99,usd,card,visa,1639,succeeded,,2024-05-06T22:16:57,2024-05-06T22:16:57
pay_000409,order_000373,cust_00616,8.99,usd,card,visa,6247,succeeded,,2024-05-06T12:25:16,2024-05-06T12:25:16
pay_000410,order_000374,cust_00752,9.99,usd,card,amex,3450,succeeded,,2024-05-06T08:54:34,2024-05-06T08:54:34
pay_000411,order_000375,,44.99,usd,card,visa,5692,succeeded,,2024-05-06T20:29:03,2024-05-06T20:29:03
pay_000412,order_000376,cust_00733,129.0,usd,paypal,,,succeeded,,2024-05-07T03:36:50,2024-05-07T03:36:50
pay_000413,order_000377,,49.99,usd,card,visa,7249,succeeded,,2024-05-07T16:46:11,2024-05-07T16:46:11
pay_000414,order_000378,,24.99,usd,card,discover,2827,succeeded,,2024-05-07T20:49:30,2024-05-07T20:49:30
pay_000415,order_000379,,24.99,usd,card,mastercard,1620,succeeded,,2024-05-08T07:39:00,2024-05-08T07:39:00
pay_000416,order_000380,,64.99,usd,card,visa,8529,failed,card_declined,2024-05-08T19:32:08,2024-05-08T19:32:08
pay_000417,order_000380,,64.99,usd,card,mastercard,5376,succeeded,,2024-05-08T19:37:08,2024-05-08T19:37:08
pay_000418,order_000381,,24.99,usd,card,visa,7233,succeeded,,2024-05-08T20:33:02,2024-05-08T20:33:02
pay_000419,order_000382,cust_00075,34.99,usd,card,visa,2597,succeeded,,2024-05-09T22:04:33,2024-05-09T22:04:33
pay_000420,order_000383,cust_00219,49.99,usd,paypal,,,succeeded,,2024-05-10T19:15:12,2024-05-10T19:15:12
pay_000421,order_000384,cust_00615,24.99,usd,card,discover,5680,succeeded,,2024-05-10T06:32:55,2024-05-10T06:32:55
pay_000422,order_000385,cust_00840,89.99,usd,card,amex,4725,succeeded,,2024-05-10T23:57:08,2024-05-10T23:57:08
pay_000423,order_000386,,49.99,usd,apple_pay,,,succeeded,,2024-05-10T01:53:23,2024-05-10T01:53:23
pay_000424,order_000387,,34.99,usd,card,visa,6254,failed,expired_card,2024-05-11T03:57:40,2024-05-11T03:57:40
pay_000425,order_000387,,34.99,usd,card,visa,9531,succeeded,,2024-05-11T04:08:40,2024-05-11T04:08:40
pay_000426,order_000388,,24.99,usd,card,visa,3045,succeeded,,2024-05-11T06:47:51,2024-05-11T06:47:51
pay_000427,order_000389,,64.99,usd,card,discover,8297,succeeded,,2024-05-12T07:47:57,2024-05-12T07:47:57
pay_000428,order_000390,,49.99,usd,card,mastercard,9893,succeeded,,2024-05-12T07:18:10,2024-05-12T07:18:10
pay_000429,order_000391,cust_00464,34.99,usd,card,mastercard,2563,succeeded,,2024-05-14T19:53:15,2024-05-14T19:53:15
pay_000430,order_000392,cust_00830,49.99,usd,card,visa,0028,succeeded,,2024-05-14T16:42:29,2024-05-14T16:42:29
pay_000431,order_000393,cust_00788,44.99,usd,card,visa,1726,succeeded,,2024-05-15T19:42:48,2024-05-15T19:42:48
pay_000432,order_000394,cust_00800,34.99,usd,card,visa,7191,succeeded,,2024-05-15T09:11:57,2024-05-15T09:11:57
pay_000433,order_000395,cust_00384,34.99,usd,card,visa,8942,succeeded,,2024-05-16T11:23:31,2024-05-16T11:23:31
pay_000434,order_000396,cust_00762,64.99,usd,card,visa,9279,failed,insufficient_funds,2024-05-16T09:55:41,2024-05-16T09:55:41
pay_000435,order_000396,cust_00762,64.99,usd,paypal,,,succeeded,,2024-05-16T10:09:41,2024-05-16T10:09:41
pay_000436,order_000397,cust_00787,9.99,usd,card,visa,4045,succeeded,,2024-05-16T14:44:37,2024-05-16T14:44:37
pay_000437,order_000398,,64.99,usd,card,mastercard,9670,succeeded,,2024-05-16T08:50:29,2024-05-16T08:50:29
pay_000438,order_000399,,24.99,usd,card,visa,5711,succeeded,,2024-05-16T08:45:33,2024-05-16T08:45:33
pay_000439,order_000400,,34.99,usd,apple_pay,,,succeeded,,2024-05-16T21:59:29,2024-05-16T21:59:29
pay_000440,order_000401,,49.99,usd,card,visa,2304,succeeded,,2024-05-16T23:18:50,2024-05-16T23:18:50
pay_000441,order_000402,cust_00167,79.0,usd,card,visa,5771,succeeded,,2024-05-17T12:52:22,2024-05-17T12:52:22
pay_000442,order_000403,,89.99,usd,card,visa,2369,succeeded,,2024-05-17T10:40:27,2024-05-17T10:40:27
pay_000443,order_000404,cust_00175,24.99,usd,card,mastercard,1321,succeeded,,2024-05-19T20:35:29,2024-05-19T20:35:29
pay_000444,order_000405,,49.99,usd,card,discover,1528,succeeded,,2024-05-19T14:13:37,2024-05-19T14:13:37
pay_000445,order_000406,,24.99,usd,apple_pay,,,succeeded,,2024-05-20T10:30:57,2024-05-20T10:30:57
pay_000446,order_000407,,22.49,usd,card,mastercard,5039,succeeded,,2024-05-20T14:34:32,2024-05-20T14:34:32
pay_000447,order_000408,,31.49,usd,card,discover,6154,succeeded,,2024-05-20T08:38:38,2024-05-20T08:38:38
pay_000448,order_000409,cust_00171,34.99,usd,card,visa,9919,succeeded,,2024-05-23T22:05:19,2024-05-23T22:05:19
pay_000449,order_000410,cust_00813,27.99,usd,card,visa,8859,succeeded,,2024-05-23T06:06:13,2024-05-23T06:06:13
pay_000450,order_000411,,64.99,usd,apple_pay,,,succeeded,,2024-05-23T04:23:14,2024-05-23T04:23:14
pay_000451,order_000412,cust_00303,99.0,usd,card,amex,3393,succeeded,,2024-05-24T04:45:06,2024-05-24T04:45:06
pay_000452,order_000413,cust_00171,99.0,usd,card,visa,0318,succeeded,,2024-05-25T03:24:34,2024-05-25T03:24:34
pay_000453,order_000414,cust_00501,58.49,usd,card,visa,8220,succeeded,,2024-05-26T13:25:44,2024-05-26T13:25:44
pay_000454,order_000415,cust_00625,24.99,usd,card,visa,8742,succeeded,,2024-05-27T18:35:37,2024-05-27T18:35:37
pay_000455,order_000416,cust_00689,89.1,usd,apple_pay,,,succeeded,,2024-05-27T23:19:42,2024-05-27T23:19:42
pay_000456,order_000417,,64.99,usd,card,visa,1810,succeeded,,2024-05-27T11:08:40,2024-05-27T11:08:40
pay_000457,order_000418,,34.99,usd,card,visa,6838,succeeded,,2024-05-27T04:05:53,2024-05-27T04:05:53
pay_000458,order_000419,cust_00012,71.99,usd,paypal,,,succeeded,,2024-05-28T17:19:28,2024-05-28T17:19:28
pay_000459,order_000420,cust_00178,108.0,usd,card,visa,6042,succeeded,,2024-05-28T16:37:46,2024-05-28T16:37:46
pay_000460,order_000421,cust_00515,27.99,usd,card,visa,4348,succeeded,,2024-05-28T21:04:55,2024-05-28T21:04:55
pay_000461,order_000422,,34.99,usd,card,amex,6146,succeeded,,2024-05-28T18:43:42,2024-05-28T18:43:42
pay_000462,order_000423,,34.99,usd,card,mastercard,2214,succeeded,,2024-05-28T00:20:16,2024-05-28T00:20:16
pay_000463,order_000424,cust_00352,79.0,usd,card,visa,0957,succeeded,,2024-05-30T11:10:29,2024-05-30T11:10:29
pay_000464,order_000425,,24.99,usd,card,visa,7635,succeeded,,2024-05-30T21:08:17,2024-05-30T21:08:17
pay_000465,order_000426,cust_00714,9.99,usd,card,amex,7880,succeeded,,2024-05-31T02:38:27,2024-05-31T02:38:27
pay_000466,order_000427,,64.99,usd,card,amex,1585,succeeded,,2024-05-31T18:41:52,2024-05-31T18:41:52
pay_000467,order_000428,cust_00611,27.99,usd,apple_pay,,,succeeded,,2024-06-01T08:57:12,2024-06-01T08:57:12
pay_000468,order_000429,,22.49,usd,paypal,,,succeeded,,2024-06-01T16:44:06,2024-06-01T16:44:06
pay_000469,order_000430,cust_00419,120.0,usd,card,mastercard,8059,succeeded,,2024-06-02T18:03:22,2024-06-02T18:03:22
pay_000470,order_000431,,34.99,usd,card,visa,4263,succeeded,,2024-06-03T15:35:06,2024-06-03T15:35:06
pay_000471,order_000432,cust_00041,64.99,usd,card,amex,3106,succeeded,,2024-06-04T23:31:22,2024-06-04T23:31:22
pay_000472,order_000433,cust_00059,24.99,usd,card,mastercard,7454,succeeded,,2024-06-05T08:56:40,2024-06-05T08:56:40
pay_000473,order_000434,cust_00354,120.0,usd,card,visa,5627,succeeded,,2024-06-05T01:35:09,2024-06-05T01:35:09
pay_000474,order_000435,,24.99,usd,paypal,,,succeeded,,2024-06-05T23:30:44,2024-06-05T23:30:44
pay_000475,order_000436,cust_00440,49.99,usd,paypal,,,succeeded,,2024-06-06T23:08:00,2024-06-06T23:08:00
pay_000476,order_000437,cust_00543,49.99,usd,card,mastercard,2993,succeeded,,2024-06-06T06:46:47,2024-06-06T06:46:47
pay_000477,order_000438,,24.99,usd,card,visa,7967,succeeded,,2024-06-07T02:56:19,2024-06-07T02:56:19
pay_000478,order_000439,,44.99,usd,card,visa,2164,succeeded,,2024-06-08T04:14:51,2024-06-08T04:14:51
pay_000479,order_000440,cust_00663,99.0,usd,paypal,,,succeeded,,2024-06-10T16:21:36,2024-06-10T16:21:36
pay_000480,order_000441,cust_00733,24.99,usd,card,visa,7687,succeeded,,2024-06-11T12:07:12,2024-06-11T12:07:12
pay_000481,order_000442,cust_00257,89.99,usd,card,visa,6062,succeeded,,2024-06-12T23:23:20,2024-06-12T23:23:20
pay_000482,order_000443,cust_00501,120.0,usd,card,visa,0504,succeeded,,2024-06-12T11:25:42,2024-06-12T11:25:42
pay_000483,order_000444,,22.49,usd,apple_pay,,,succeeded,,2024-06-12T13:55:43,2024-06-12T13:55:43
pay_000484,order_000445,,64.99,usd,card,amex,9083,succeeded,,2024-06-13T04:35:29,2024-06-13T04:35:29
pay_000485,order_000446,cust_00440,24.99,usd,card,visa,0781,succeeded,,2024-06-14T01:03:54,2024-06-14T01:03:54
pay_000486,order_000447,,22.49,usd,card,mastercard,8972,succeeded,,2024-06-15T09:22:35,2024-06-15T09:22:35
pay_000487,order_000448,,24.99,usd,card,mastercard,0534,succeeded,,2024-06-15T23:34:05,2024-06-15T23:34:05
pay_000488,order_000449,cust_00322,99.0,usd,card,visa,3982,succeeded,,2024-06-16T03:48:42,2024-06-16T03:48:42
pay_000489,order_000450,,34.99,usd,card,amex,1919,succeeded,,2024-06-16T23:44:21,2024-06-16T23:44:21
pay_000490,order_000451,,34.99,usd,card,visa,9652,succeeded,,2024-06-17T21:58:21,2024-06-17T21:58:21
pay_000491,order_000452,,49.99,usd,card,visa,4522,succeeded,,2024-06-17T20:52:24,2024-06-17T20:52:24
pay_000492,order_000453,cust_00085,24.99,usd,card,visa,4058,succeeded,,2024-06-18T15:28:53,2024-06-18T15:28:53
pay_000493,order_000454,cust_00044,24.99,usd,card,mastercard,8354,succeeded,,2024-06-19T13:51:48,2024-06-19T13:51:48
pay_000494,order_000455,cust_00625,9.99,usd,card,amex,8422,succeeded,,2024-06-20T11:58:17,2024-06-20T11:58:17
pay_000495,order_000456,cust_00705,34.99,usd,card,mastercard,5590,succeeded,,2024-06-20T10:12:01,2024-06-20T10:12:01
pay_000496,order_000457,,49.99,usd,card,amex,4469,succeeded,,2024-06-21T15:25:13,2024-06-21T15:25:13
pay_000497,order_000458,,22.49,usd,card,amex,0867,succeeded,,2024-06-21T06:05:46,2024-06-21T06:05:46
pay_000498,order_000459,,64.99,usd,card,visa,4702,succeeded,,2024-06-22T04:48:58,2024-06-22T04:48:58
pay_000499,order_000460,,89.99,usd,card,visa,8272,succeeded,,2024-06-22T15:57:09,2024-06-22T15:57:09
pay_000500,order_000461,cust_00299,129.0,usd,card,visa,2903,succeeded,,2024-06-23T12:32:17,2024-06-23T12:32:17
pay_000501,order_000462,cust_00813,35.99,usd,card,visa,1080,succeeded,,2024-06-23T11:07:00,2024-06-23T11:07:00
pay_000502,order_000463,,64.99,usd,card,visa,1620,succeeded,,2024-06-23T20:34:36,2024-06-23T20:34:36
pay_000503,order_000464,cust_00252,44.99,usd,card,visa,3756,failed,card_declined,2024-06-24T10:04:26,2024-06-24T10:04:26
pay_000504,order_000464,cust_00252,44.99,usd,card,visa,8941,failed,insufficient_funds,2024-06-24T10:11:26,2024-06-24T10:11:26
pay_000505,order_000464,cust_00252,44.99,usd,card,mastercard,8207,succeeded,,2024-06-24T10:13:26,2024-06-24T10:13:26
pay_000506,order_000465,,49.99,usd,card,mastercard,3784,succeeded,,2024-06-25T03:02:14,2024-06-25T03:02:14
pay_000507,order_000466,,34.99,usd,card,mastercard,1210,succeeded,,2024-06-25T13:30:34,2024-06-25T13:30:34
pay_000508,order_000467,cust_00095,35.99,usd,card,amex,4386,succeeded,,2024-06-26T13:16:49,2024-06-26T13:16:49
pay_000509,order_000468,cust_00370,9.99,usd,card,visa,7704,succeeded,,2024-06-26T17:40:41,2024-06-26T17:40:41
pay_000510,order_000469,,34.99,usd,card,visa,0835,succeeded,,2024-06-26T04:37:40,2024-06-26T04:37:40
pay_000511,order_000470,,24.99,usd,card,amex,5280,succeeded,,2024-06-26T14:30:26,2024-06-26T14:30:26
pay_000512,order_000471,cust_00050,64.99,usd,card,visa,9166,succeeded,,2024-06-28T16:07:04,2024-06-28T16:07:04
pay_000513,order_000472,cust_00184,129.0,usd,card,discover,9775,succeeded,,2024-06-28T11:35:13,2024-06-28T11:35:13
pay_000514,order_000473,,31.49,usd,card,visa,2423,succeeded,,2024-06-28T07:52:12,2024-06-28T07:52:12
pay_000515,order_000474,cust_00001,129.0,usd,card,mastercard,6377,succeeded,,2024-06-29T18:06:49,2024-06-29T18:06:49
pay_000516,order_000475,,34.99,usd,paypal,,,succeeded,,2024-06-29T06:53:06,2024-06-29T06:53:06
pay_000517,order_000476,cust_00001,99.0,usd,card,visa,0953,succeeded,,2024-06-30T12:54:16,2024-06-30T12:54:16
pay_000518,order_000477,cust_00041,24.99,usd,card,visa,1494,succeeded,,2024-06-30T08:13:54,2024-06-30T08:13:54
pay_000519,order_000478,cust_00625,24.99,usd,card,visa,9828,succeeded,,2024-06-30T00:55:24,2024-06-30T00:55:24
pay_000520,order_000479,cust_00118,9.99,usd,card,visa,6961,succeeded,,2024-07-01T06:04:21,2024-07-01T06:04:21
pay_000521,order_000480,cust_00160,49.99,usd,card,visa,2232,succeeded,,2024-07-01T12:46:26,2024-07-01T12:46:26
pay_000522,order_000481,cust_00673,24.99,usd,card,visa,5719,succeeded,,2024-07-01T14:41:01,2024-07-01T14:41:01
pay_000523,order_000482,,24.99,usd,apple_pay,,,succeeded,,2024-07-01T21:46:41,2024-07-01T21:46:41
pay_000524,order_000483,cust_00334,31.49,usd,card,visa,7870,succeeded,,2024-07-02T17:43:09,2024-07-02T17:43:09
pay_000525,order_000484,,49.99,usd,card,mastercard,3090,succeeded,,2024-07-02T09:31:19,2024-07-02T09:31:19
pay_000526,order_000485,,24.99,usd,card,visa,5043,succeeded,,2024-07-02T12:26:09,2024-07-02T12:26:09
pay_000527,order_000486,cust_00299,9.99,usd,card,visa,1759,failed,insufficient_funds,2024-07-03T00:06:47,2024-07-03T00:06:47
pay_000528,order_000486,cust_00299,9.99,usd,card,visa,3800,failed,card_declined,2024-07-03T00:07:47,2024-07-03T00:07:47
pay_000529,order_000486,cust_00299,9.99,usd,card,mastercard,2609,succeeded,,2024-07-03T00:24:47,2024-07-03T00:24:47
pay_000530,order_000487,cust_00292,64.99,usd,card,mastercard,3590,succeeded,,2024-07-05T11:59:42,2024-07-05T11:59:42
pay_000531,order_000488,cust_00403,95.0,usd,card,mastercard,5678,succeeded,,2024-07-05T19:41:18,2024-07-05T19:41:18
pay_000532,order_000489,cust_00454,9.99,usd,card,discover,0787,succeeded,,2024-07-05T18:48:56,2024-07-05T18:48:56
pay_000533,order_000490,,49.99,usd,card,mastercard,2109,succeeded,,2024-07-06T04:10:25,2024-07-06T04:10:25
pay_000534,order_000491,,24.99,usd,card,amex,6874,succeeded,,2024-07-08T05:44:29,2024-07-08T05:44:29
pay_000535,order_000492,cust_00728,58.49,usd,card,visa,7293,succeeded,,2024-07-09T04:55:52,2024-07-09T04:55:52
pay_000536,order_000493,,24.99,usd,paypal,,,succeeded,,2024-07-09T19:33:08,2024-07-09T19:33:08
pay_000537,order_000494,,34.99,usd,card,visa,0868,succeeded,,2024-07-12T20:04:54,2024-07-12T20:04:54
pay_000538,order_000495,cust_00172,9.99,usd,card,visa,1973,succeeded,,2024-07-13T00:04:03,2024-07-13T00:04:03
pay_000539,order_000496,,58.49,usd,card,amex,9461,succeeded,,2024-07-13T03:22:39,2024-07-13T03:22:39
pay_000540,order_000497,cust_00288,129.0,usd,card,mastercard,1163,succeeded,,2024-07-14T05:43:00,2024-07-14T05:43:00
pay_000541,order_000498,cust_00170,149.0,usd,paypal,,,succeeded,,2024-07-17T06:02:29,2024-07-17T06:02:29
pay_000542,order_000499,,89.99,usd,card,visa,4373,succeeded,,2024-07-17T08:36:48,2024-07-17T08:36:48
pay_000543,order_000500,cust_00840,89.99,usd,card,visa,2981,succeeded,,2024-07-18T04:48:36,2024-07-18T04:48:36
pay_000544,order_000501,,24.99,usd,apple_pay,,,succeeded,,2024-07-18T16:22:29,2024-07-18T16:22:29
pay_000545,order_000502,,34.99,usd,card,discover,5363,succeeded,,2024-07-18T05:42:42,2024-07-18T05:42:42
pay_000546,order_000503,cust_00759,149.0,usd,card,visa,9222,succeeded,,2024-07-19T16:25:26,2024-07-19T16:25:26
pay_000547,order_000504,cust_00592,19.99,usd,card,visa,0634,succeeded,,2024-07-20T18:42:14,2024-07-20T18:42:14
pay_000548,order_000505,cust_00852,79.0,usd,card,visa,3273,succeeded,,2024-07-20T16:09:48,2024-07-20T16:09:48
pay_000549,order_000506,,24.99,usd,card,visa,8366,succeeded,,2024-07-20T07:05:04,2024-07-20T07:05:04
pay_000550,order_000507,cust_00104,79.0,usd,card,mastercard,7227,succeeded,,2024-07-22T05:12:03,2024-07-22T05:12:03
pay_000551,order_000508,cust_00160,149.0,usd,card,mastercard,9438,succeeded,,2024-07-22T19:57:51,2024-07-22T19:57:51
pay_000552,order_000509,,49.99,usd,card,mastercard,0727,succeeded,,2024-07-22T09:36:01,2024-07-22T09:36:01
pay_000553,order_000510,,34.99,usd,apple_pay,,,succeeded,,2024-07-22T01:39:41,2024-07-22T01:39:41
pay_000554,order_000511,cust_00167,76.49,usd,card,visa,5098,succeeded,,2024-07-23T22:52:45,2024-07-23T22:52:45
pay_000555,order_000512,cust_00335,49.99,usd,paypal,,,succeeded,,2024-07-23T14:43:55,2024-07-23T14:43:55
pay_000556,order_000513,cust_00440,34.99,usd,card,amex,0352,succeeded,,2024-07-23T16:50:37,2024-07-23T16:50:37
pay_000557,order_000514,cust_00130,34.99,usd,card,amex,5839,failed,card_declined,2024-07-24T18:01:23,2024-07-24T18:01:23
pay_000558,order_000514,cust_00130,34.99,usd,card,mastercard,3050,succeeded,,2024-07-24T18:21:23,2024-07-24T18:21:23
pay_000559,order_000515,cust_00322,84.15,usd,paypal,,,succeeded,,2024-07-25T11:15:29,2024-07-25T11:15:29
pay_000560,order_000516,cust_00326,79.0,usd,card,discover,1733,succeeded,,2024-07-25T12:10:48,2024-07-25T12:10:48
pay_000561,order_000517,,34.99,usd,card,mastercard,7535,succeeded,,2024-07-26T00:18:04,2024-07-26T00:18:04
pay_000562,order_000518,cust_00467,49.99,usd,card,visa,4881,succeeded,,2024-07-27T03:13:25,2024-07-27T03:13:25
pay_000563,order_000519,,24.99,usd,card,visa,1646,succeeded,,2024-07-27T18:56:35,2024-07-27T18:56:35
pay_000564,order_000520,cust_00420,9.99,usd,card,amex,5802,succeeded,,2024-07-29T20:58:37,2024-07-29T20:58:37
pay_000565,order_000521,,34.99,usd,card,mastercard,4751,succeeded,,2024-07-29T17:58:31,2024-07-29T17:58:31
pay_000566,order_000522,cust_00172,129.0,usd,card,mastercard,6619,succeeded,,2024-07-31T00:00:12,2024-07-31T00:00:12
pay_000567,order_000523,cust_00472,39.99,usd,card,visa,9196,succeeded,,2024-07-31T05:12:20,2024-07-31T05:12:20
pay_000568,order_000524,,64.99,usd,card,visa,3977,succeeded,,2024-07-31T05:26:39,2024-07-31T05:26:39
pay_000569,order_000525,,24.99,usd,card,visa,3921,succeeded,,2024-07-31T12:43:03,2024-07-31T12:43:03
pay_000570,order_000526,cust_00205,9.99,usd,card,visa,9739,succeeded,,2024-08-01T14:54:33,2024-08-01T14:54:33
pay_000571,order_000527,,24.99,usd,apple_pay,,,succeeded,,2024-08-01T05:35:02,2024-08-01T05:35:02
pay_000572,order_000528,cust_00681,34.99,usd,card,visa,3861,succeeded,,2024-08-02T15:28:37,2024-08-02T15:28:37
pay_000573,order_000529,,34.99,usd,card,visa,3203,succeeded,,2024-08-02T09:54:37,2024-08-02T09:54:37
pay_000574,order_000530,,34.99,usd,card,mastercard,2444,succeeded,,2024-08-02T15:58:40,2024-08-02T15:58:40
pay_000575,order_000531,,64.99,usd,card,mastercard,3565,succeeded,,2024-08-02T18:05:57,2024-08-02T18:05:57
pay_000576,order_000532,cust_00136,129.0,usd,paypal,,,succeeded,,2024-08-03T23:23:44,2024-08-03T23:23:44
pay_000577,order_000533,cust_00241,34.99,usd,card,mastercard,9384,succeeded,,2024-08-03T00:15:55,2024-08-03T00:15:55
pay_000578,order_000534,cust_00614,34.99,usd,card,amex,7587,succeeded,,2024-08-03T09:22:43,2024-08-03T09:22:43
pay_000579,order_000535,,22.49,usd,card,visa,4840,succeeded,,2024-08-04T07:48:49,2024-08-04T07:48:49
pay_000580,order_000536,,34.99,usd,card,visa,9021,succeeded,,2024-08-04T18:51:48,2024-08-04T18:51:48
pay_000581,order_000537,cust_00238,24.99,usd,card,visa,3800,succeeded,,2024-08-05T14:00:20,2024-08-05T14:00:20
pay_000582,order_000538,cust_00787,9.99,usd,card,amex,5248,succeeded,,2024-08-05T00:22:14,2024-08-05T00:22:14
pay_000583,order_000539,cust_00840,109.65,usd,paypal,,,succeeded,,2024-08-05T21:43:50,2024-08-05T21:43:50
pay_000584,order_000540,cust_00205,22.49,usd,card,mastercard,6716,failed,insufficient_funds,2024-08-06T02:27:20,2024-08-06T02:27:20
pay_000585,order_000540,cust_00205,22.49,usd,card,visa,3959,succeeded,,2024-08-06T02:31:20,2024-08-06T02:31:20
pay_000586,order_000541,cust_00598,89.99,usd,card,visa,1569,succeeded,,2024-08-06T21:43:14,2024-08-06T21:43:14
pay_000587,order_000542,cust_00721,9.99,usd,card,discover,8294,succeeded,,2024-08-06T13:58:06,2024-08-06T13:58:06
pay_000588,order_000543,,22.49,usd,card,mastercard,3741,succeeded,,2024-08-06T07:14:59,2024-08-06T07:14:59
pay_000589,order_000544,,64.99,usd,paypal,,,failed,processing_error,2024-08-06T10:02:05,2024-08-06T10:02:05
pay_000590,order_000544,,64.99,usd,card,mastercard,4100,failed,card_declined,2024-08-06T10:10:05,2024-08-06T10:10:05
pay_000591,order_000544,,64.99,usd,card,visa,6294,succeeded,,2024-08-06T10:12:05,2024-08-06T10:12:05
pay_000592,order_000545,,34.99,usd,card,mastercard,4326,succeeded,,2024-08-09T04:35:23,2024-08-09T04:35:23
pay_000593,order_000546,,64.99,usd,card,visa,4950,succeeded,,2024-08-09T16:06:12,2024-08-09T16:06:12
pay_000594,order_000547,cust_00229,64.99,usd,card,mastercard,6127,succeeded,,2024-08-10T23:28:46,2024-08-10T23:28:46
pay_000595,order_000548,,22.49,usd,card,discover,2275,succeeded,,2024-08-10T11:32:32,2024-08-10T11:32:32
pay_000596,order_000549,cust_00728,24.99,usd,card,mastercard,9563,succeeded,,2024-08-11T09:15:38,2024-08-11T09:15:38
pay_000597,order_000550,cust_00598,24.99,usd,paypal,,,succeeded,,2024-08-12T20:26:18,2024-08-12T20:26:18
pay_000598,order_000551,cust_00681,79.0,usd,card,amex,0682,succeeded,,2024-08-12T00:38:53,2024-08-12T00:38:53
pay_000599,order_000552,,89.99,usd,card,visa,5363,succeeded,,2024-08-12T04:03:35,2024-08-12T04:03:35
pay_000600,order_000553,cust_00442,49.99,usd,paypal,,,succeeded,,2024-08-13T09:25:08,2024-08-13T09:25:08
pay_000601,order_000554,cust_00705,34.99,usd,card,mastercard,6385,succeeded,,2024-08-14T10:58:55,2024-08-14T10:58:55
pay_000602,order_000555,,64.99,usd,card,amex,5686,succeeded,,2024-08-14T08:02:45,2024-08-14T08:02:45
pay_000603,order_000556,,89.99,usd,card,visa,0700,failed,insufficient_funds,2024-08-15T02:53:39,2024-08-15T02:53:39
pay_000604,order_000556,,89.99,usd,card,visa,2572,succeeded,,2024-08-15T02:55:39,2024-08-15T02:55:39
pay_000605,order_000557,cust_00381,89.99,usd,card,visa,2898,succeeded,,2024-08-17T04:30:26,2024-08-17T04:30:26
pay_000606,order_000558,cust_00279,9.99,usd,card,mastercard,0264,succeeded,,2024-08-18T09:00:40,2024-08-18T09:00:40
pay_000607,order_000559,cust_00759,34.99,usd,card,amex,0693,succeeded,,2024-08-18T23:30:13,2024-08-18T23:30:13
pay_000608,order_000560,cust_00787,134.1,usd,card,visa,9797,succeeded,,2024-08-19T17:31:08,2024-08-19T17:31:08
pay_000609,order_000561,cust_00028,27.99,usd,card,mastercard,2451,succeeded,,2024-08-20T00:29:22,2024-08-20T00:29:22
pay_000610,order_000562,cust_00373,99.0,usd,card,mastercard,0130,succeeded,,2024-08-20T16:16:02,2024-08-20T16:16:02
pay_000611,order_000563,cust_00395,9.99,usd,card,visa,2307,succeeded,,2024-08-20T21:02:30,2024-08-20T21:02:30
pay_000612,order_000564,,24.99,usd,card,mastercard,3747,succeeded,,2024-08-20T07:30:56,2024-08-20T07:30:56
pay_000613,order_000565,cust_00440,149.0,usd,apple_pay,,,succeeded,,2024-08-22T02:57:42,2024-08-22T02:57:42
pay_000614,order_000566,,120.0,usd,card,mastercard,6090,succeeded,,2024-08-22T06:04:30,2024-08-22T06:04:30
pay_000615,order_000567,cust_00118,9.99,usd,card,mastercard,2693,succeeded,,2024-08-23T22:24:50,2024-08-23T22:24:50
pay_000616,order_000568,,49.99,usd,paypal,,,succeeded,,2024-08-23T01:06:19,2024-08-23T01:06:19
pay_000617,order_000569,,102.0,usd,paypal,,,succeeded,,2024-08-23T00:00:43,2024-08-23T00:00:43
pay_000618,order_000570,,120.0,usd,card,visa,8090,succeeded,,2024-08-24T20:18:38,2024-08-24T20:18:38
pay_000619,order_000571,,24.99,usd,card,visa,3131,succeeded,,2024-08-24T13:15:33,2024-08-24T13:15:33
pay_000620,order_000572,cust_00191,34.99,usd,card,visa,0772,succeeded,,2024-08-25T14:04:19,2024-08-25T14:04:19
pay_000621,order_000573,cust_00419,120.0,usd,paypal,,,succeeded,,2024-08-25T11:52:06,2024-08-25T11:52:06
pay_000622,order_000574,,24.99,usd,card,mastercard,5495,failed,processing_error,2024-08-26T04:09:18,2024-08-26T04:09:18
pay_000623,order_000574,,24.99,usd,card,mastercard,6160,succeeded,,2024-08-26T04:23:18,2024-08-26T04:23:18
pay_000624,order_000575,,64.99,usd,card,amex,0043,succeeded,,2024-08-27T12:18:56,2024-08-27T12:18:56
pay_000625,order_000576,,22.49,usd,apple_pay,,,succeeded,,2024-08-27T16:46:07,2024-08-27T16:46:07
pay_000626,order_000577,cust_00416,39.99,usd,card,mastercard,5233,succeeded,,2024-08-28T09:07:57,2024-08-28T09:07:57
pay_000627,order_000578,cust_00437,9.99,usd,card,amex,0451,succeeded,,2024-08-28T23:47:31,2024-08-28T23:47:31
pay_000628,order_000579,cust_00762,64.99,usd,card,mastercard,3492,succeeded,,2024-08-28T17:15:10,2024-08-28T17:15:10
pay_000629,order_000580,cust_00189,19.99,usd,card,visa,5693,succeeded,,2024-08-29T09:37:30,2024-08-29T09:37:30
pay_000630,order_000581,cust_00213,9.99,usd,card,visa,7662,succeeded,,2024-08-29T01:37:42,2024-08-29T01:37:42
pay_000631,order_000582,cust_00733,129.0,usd,card,visa,5817,succeeded,,2024-08-30T08:21:42,2024-08-30T08:21:42
pay_000632,order_000583,cust_00733,24.99,usd,card,visa,9716,succeeded,,2024-08-30T07:32:26,2024-08-30T07:32:26
pay_000633,order_000584,cust_00237,64.99,usd,card,visa,3997,succeeded,,2024-08-31T16:15:12,2024-08-31T16:15:12
pay_000634,order_000585,,58.49,usd,card,mastercard,3576,succeeded,,2024-08-31T18:48:29,2024-08-31T18:48:29
pay_000635,order_000586,cust_00464,120.0,usd,card,visa,9959,failed,card_declined,2024-09-01T23:30:57,2024-09-01T23:30:57
pay_000636,order_000586,cust_00464,120.0,usd,card,mastercard,0999,succeeded,,2024-09-01T23:42:57,2024-09-01T23:42:57
pay_000637,order_000587,cust_00519,19.99,usd,card,amex,3084,succeeded,,2024-09-01T02:46:33,2024-09-01T02:46:33
pay_000638,order_000588,,89.99,usd,card,amex,8625,succeeded,,2024-09-01T05:22:01,2024-09-01T05:22:01
pay_000639,order_000589,cust_00068,79.0,usd,apple_pay,,,succeeded,,2024-09-02T13:48:14,2024-09-02T13:48:14
pay_000640,order_000590,cust_00130,99.0,usd,card,amex,5375,succeeded,,2024-09-02T22:09:14,2024-09-02T22:09:14
pay_000641,order_000591,cust_00655,24.99,usd,card,mastercard,7021,succeeded,,2024-09-02T10:02:55,2024-09-02T10:02:55
pay_000642,order_000592,cust_00852,34.99,usd,card,visa,2330,succeeded,,2024-09-02T18:48:28,2024-09-02T18:48:28
pay_000643,order_000593,cust_00114,129.0,usd,card,visa,2066,succeeded,,2024-09-04T21:16:55,2024-09-04T21:16:55
pay_000644,order_000594,cust_00681,9.99,usd,card,discover,5971,succeeded,,2024-09-04T21:02:36,2024-09-04T21:02:36
pay_000645,order_000595,cust_00840,34.99,usd,card,mastercard,0686,succeeded,,2024-09-04T23:00:22,2024-09-04T23:00:22
pay_000646,order_000596,,31.49,usd,card,mastercard,3090,failed,insufficient_funds,2024-09-04T01:56:28,2024-09-04T01:56:28
pay_000647,order_000596,,31.49,usd,card,amex,4933,succeeded,,2024-09-04T02:03:28,2024-09-04T02:03:28
pay_000648,order_000597,,120.0,usd,card,visa,0051,succeeded,,2024-09-04T06:38:44,2024-09-04T06:38:44
pay_000649,order_000598,cust_00095,39.99,usd,card,mastercard,3264,succeeded,,2024-09-05T10:47:08,2024-09-05T10:47:08
pay_000650,order_000599,cust_00479,89.99,usd,card,mastercard,5899,failed,insufficient_funds,2024-09-05T21:20:23,2024-09-05T21:20:23
pay_000651,order_000599,cust_00479,89.99,usd,card,mastercard,8822,succeeded,,2024-09-05T21:33:23,2024-09-05T21:33:23
pay_000652,order_000600,,24.99,usd,card,visa,3700,succeeded,,2024-09-05T16:03:59,2024-09-05T16:03:59
pay_000653,order_000601,cust_00381,9.99,usd,card,mastercard,4816,succeeded,,2024-09-06T20:57:51,2024-09-06T20:57:51
pay_000654,order_000602,cust_00662,49.99,usd,card,visa,2353,succeeded,,2024-09-06T02:26:20,2024-09-06T02:26:20
pay_000655,order_000603,cust_00742,24.99,usd,card,visa,2871,succeeded,,2024-09-06T20:50:19,2024-09-06T20:50:19
pay_000656,order_000604,,24.99,usd,card,visa,4694,succeeded,,2024-09-06T16:15:02,2024-09-06T16:15:02
pay_000657,order_000605,,31.49,usd,card,visa,8793,succeeded,,2024-09-06T00:46:00,2024-09-06T00:46:00
pay_000658,order_000606,cust_00454,9.99,usd,card,amex,9220,failed,card_declined,2024-09-08T20:53:04,2024-09-08T20:53:04
pay_000659,order_000606,cust_00454,9.99,usd,card,mastercard,7613,failed,card_declined,2024-09-08T20:57:04,2024-09-08T20:57:04
pay_000660,order_000606,cust_00454,9.99,usd,apple_pay,,,succeeded,,2024-09-08T21:00:04,2024-09-08T21:00:04
pay_000661,order_000607,,24.99,usd,card,mastercard,2942,succeeded,,2024-09-08T08:33:52,2024-09-08T08:33:52
pay_000662,order_000608,,64.99,usd,card,amex,1418,succeeded,,2024-09-09T21:15:16,2024-09-09T21:15:16
pay_000663,order_000609,cust_00373,9.99,usd,card,visa,0261,failed,insufficient_funds,2024-09-10T17:22:30,2024-09-10T17:22:30
pay_000664,order_000609,cust_00373,9.99,usd,paypal,,,succeeded,,2024-09-10T17:32:30,2024-09-10T17:32:30
pay_000665,order_000610,cust_00625,49.99,usd,card,visa,1613,failed,card_declined,2024-09-11T06:16:52,2024-09-11T06:16:52
pay_000666,order_000610,cust_00625,49.99,usd,card,amex,0652,succeeded,,2024-09-11T06:27:52,2024-09-11T06:27:52
pay_000667,order_000611,,34.99,usd,card,amex,9850,succeeded,,2024-09-11T10:38:55,2024-09-11T10:38:55
pay_000668,order_000612,cust_00100,34.99,usd,card,visa,8366,failed,expired_card,2024-09-13T02:25:25,2024-09-13T02:25:25
pay_000669,order_000612,cust_00100,34.99,usd,card,visa,0380,succeeded,,2024-09-13T02:35:25,2024-09-13T02:35:25
pay_000670,order_000613,cust_00179,120.0,usd,card,visa,4361,succeeded,,2024-09-13T01:47:00,2024-09-13T01:47:00
pay_000671,order_000614,cust_00744,9.99,usd,card,amex,6402,succeeded,,2024-09-15T05:58:09,2024-09-15T05:58:09
pay_000672,order_000615,,49.99,usd,apple_pay,,,succeeded,,2024-09-15T20:45:16,2024-09-15T20:45:16
pay_000673,order_000616,,24.99,usd,card,visa,6802,succeeded,,2024-09-15T06:16:28,2024-09-15T06:16:28
pay_000674,order_000617,,44.99,usd,card,visa,9766,succeeded,,2024-09-15T00:22:45,2024-09-15T00:22:45
pay_000675,order_000618,cust_00094,9.99,usd,card,mastercard,0040,succeeded,,2024-09-16T05:42:00,2024-09-16T05:42:00
pay_000676,order_000619,cust_00237,99.0,usd,card,visa,4227,succeeded,,2024-09-16T11:57:40,2024-09-16T11:57:40
pay_000677,order_000620,cust_00467,24.99,usd,card,mastercard,1229,succeeded,,2024-09-16T00:22:58,2024-09-16T00:22:58
pay_000678,order_000621,,34.99,usd,paypal,,,succeeded,,2024-09-16T18:16:29,2024-09-16T18:16:29
pay_000679,order_000622,cust_00198,24.99,usd,paypal,,,succeeded,,2024-09-17T18:18:00,2024-09-17T18:18:00
pay_000680,order_000623,cust_00625,79.2,usd,card,visa,8640,succeeded,,2024-09-18T15:31:41,2024-09-18T15:31:41
pay_000681,order_000624,cust_00673,34.99,usd,card,visa,1542,failed,insufficient_funds,2024-09-18T19:12:48,2024-09-18T19:12:48
pay_000682,order_000624,cust_00673,34.99,usd,card,visa,3915,succeeded,,2024-09-18T19:30:48,2024-09-18T19:30:48
pay_000683,order_000625,,34.99,usd,card,visa,6677,succeeded,,2024-09-18T03:26:49,2024-09-18T03:26:49
pay_000684,order_000626,,24.99,usd,card,mastercard,1653,succeeded,,2024-09-18T02:24:05,2024-09-18T02:24:05
pay_000685,order_000627,,58.49,usd,apple_pay,,,succeeded,,2024-09-18T20:30:10,2024-09-18T20:30:10
pay_000686,order_000628,,49.99,usd,card,amex,7386,succeeded,,2024-09-19T07:50:25,2024-09-19T07:50:25
pay_000687,order_000629,cust_00440,64.99,usd,card,amex,9379,succeeded,,2024-09-20T02:25:44,2024-09-20T02:25:44
pay_000688,order_000630,cust_00800,99.0,usd,apple_pay,,,succeeded,,2024-09-20T17:59:40,2024-09-20T17:59:40
pay_000689,order_000631,cust_00802,9.99,usd,card,mastercard,8672,succeeded,,2024-09-20T07:15:36,2024-09-20T07:15:36
pay_000690,order_000632,,34.99,usd,card,visa,3057,succeeded,,2024-09-20T17:16:22,2024-09-20T17:16:22
pay_000691,order_000633,,89.99,usd,card,visa,4740,succeeded,,2024-09-21T16:31:03,2024-09-21T16:31:03
pay_000692,order_000634,,95.0,usd,card,mastercard,3873,succeeded,,2024-09-21T01:10:24,2024-09-21T01:10:24
pay_000693,order_000635,cust_00519,51.99,usd,card,visa,4215,succeeded,,2024-09-22T15:44:26,2024-09-22T15:44:26
pay_000694,order_000636,cust_00625,109.65,usd,card,mastercard,2468,succeeded,,2024-09-22T11:33:47,2024-09-22T11:33:47
pay_000695,order_000637,,89.99,usd,paypal,,,succeeded,,2024-09-22T15:58:33,2024-09-22T15:58:33
pay_000696,order_000638,cust_00479,34.99,usd,card,amex,1603,succeeded,,2024-09-23T06:49:20,2024-09-23T06:49:20
pay_000697,order_000639,cust_00164,34.99,usd,card,visa,0431,succeeded,,2024-09-24T13:18:09,2024-09-24T13:18:09
pay_000698,order_000640,,24.99,usd,card,visa,5243,failed,card_declined,2024-09-24T16:21:53,2024-09-24T16:21:53
pay_000699,order_000640,,24.99,usd,card,visa,9610,succeeded,,2024-09-24T16:23:53,2024-09-24T16:23:53
pay_000700,order_000641,cust_00420,79.0,usd,card,visa,3454,succeeded,,2024-09-25T16:40:14,2024-09-25T16:40:14
pay_000701,order_000642,,49.99,usd,card,visa,8141,succeeded,,2024-09-25T15:14:29,2024-09-25T15:14:29
pay_000702,order_000643,,34.99,usd,card,mastercard,0692,succeeded,,2024-09-25T14:42:15,2024-09-25T14:42:15
pay_000703,order_000644,,34.99,usd,card,mastercard,0563,succeeded,,2024-09-25T10:20:53,2024-09-25T10:20:53
pay_000704,order_000645,cust_00026,34.99,usd,apple_pay,,,succeeded,,2024-09-26T21:08:47,2024-09-26T21:08:47
pay_000705,order_000646,,22.49,usd,card,visa,0542,succeeded,,2024-09-26T03:08:25,2024-09-26T03:08:25
pay_000706,order_000647,cust_00056,79.0,usd,card,visa,4867,succeeded,,2024-09-27T01:00:56,2024-09-27T01:00:56
pay_000707,order_000648,cust_00742,99.0,usd,card,visa,4082,succeeded,,2024-09-27T07:24:59,2024-09-27T07:24:59
pay_000708,order_000649,cust_00759,9.99,usd,card,visa,4980,succeeded,,2024-09-27T13:35:17,2024-09-27T13:35:17
pay_000709,order_000650,cust_00151,149.0,usd,card,visa,1977,succeeded,,2024-09-28T03:23:22,2024-09-28T03:23:22
pay_000710,order_000651,cust_00662,31.49,usd,card,visa,6584,succeeded,,2024-09-28T12:24:22,2024-09-28T12:24:22
pay_000711,order_000652,cust_00814,9.99,usd,card,visa,6126,succeeded,,2024-09-28T11:07:36,2024-09-28T11:07:36
pay_000712,order_000653,,24.99,usd,card,amex,3305,succeeded,,2024-09-28T15:42:17,2024-09-28T15:42:17
pay_000713,order_000654,,76.49,usd,card,visa,7130,succeeded,,2024-09-29T12:06:20,2024-09-29T12:06:20
pay_000714,order_000655,cust_00690,63.2,usd,card,mastercard,7314,succeeded,,2024-09-30T06:59:39,2024-09-30T06:59:39
pay_000715,order_000656,cust_00690,79.0,usd,card,mastercard,5715,succeeded,,2024-09-30T22:32:04,2024-09-30T22:32:04
pay_000716,order_000657,,24.99,usd,card,visa,9499,succeeded,,2024-09-30T08:16:48,2024-09-30T08:16:48
pay_000717,order_000658,,24.99,usd,card,discover,6222,succeeded,,2024-09-30T03:23:27,2024-09-30T03:23:27
pay_000718,order_000659,,24.99,usd,card,mastercard,3100,succeeded,,2024-09-30T05:51:31,2024-09-30T05:51:31
pay_000719,order_000660,,31.49,usd,paypal,,,succeeded,,2024-10-01T10:46:36,2024-10-01T10:46:36
pay_000720,order_000661,,44.99,usd,card,discover,9594,succeeded,,2024-10-01T14:23:40,2024-10-01T14:23:40
pay_000721,order_000662,,34.99,usd,card,mastercard,9777,succeeded,,2024-10-01T16:20:03,2024-10-01T16:20:03
pay_000722,order_000663,cust_00661,34.99,usd,card,visa,9912,succeeded,,2024-10-02T02:07:34,2024-10-02T02:07:34
pay_000723,order_000664,cust_00800,49.99,usd,card,discover,0013,succeeded,,2024-10-02T13:09:54,2024-10-02T13:09:54
pay_000724,order_000665,cust_00335,9.99,usd,card,visa,8541,succeeded,,2024-10-03T03:33:57,2024-10-03T03:33:57
pay_000725,order_000666,,24.99,usd,paypal,,,succeeded,,2024-10-03T02:06:27,2024-10-03T02:06:27
pay_000726,order_000667,,49.99,usd,card,visa,0153,succeeded,,2024-10-03T06:29:58,2024-10-03T06:29:58
pay_000727,order_000668,cust_00160,79.0,usd,card,visa,5691,succeeded,,2024-10-04T14:59:10,2024-10-04T14:59:10
pay_000728,order_000669,cust_00800,120.0,usd,card,visa,7654,succeeded,,2024-10-04T07:33:06,2024-10-04T07:33:06
pay_000729,order_000670,cust_00829,34.99,usd,card,mastercard,5592,succeeded,,2024-10-04T16:11:23,2024-10-04T16:11:23
pay_000730,order_000671,,49.99,usd,card,mastercard,7492,succeeded,,2024-10-04T05:41:53,2024-10-04T05:41:53
pay_000731,order_000672,cust_00515,27.99,usd,card,visa,1905,succeeded,,2024-10-07T02:10:33,2024-10-07T02:10:33
pay_000732,order_000673,,24.99,usd,paypal,,,succeeded,,2024-10-07T20:09:42,2024-10-07T20:09:42
pay_000733,order_000674,,34.99,usd,card,amex,5412,succeeded,,2024-10-07T23:24:35,2024-10-07T23:24:35
pay_000734,order_000675,cust_00114,79.0,usd,card,visa,4513,succeeded,,2024-10-08T10:22:11,2024-10-08T10:22:11
pay_000735,order_000676,cust_00615,89.99,usd,card,visa,5713,succeeded,,2024-10-08T04:27:15,2024-10-08T04:27:15
pay_000736,order_000677,cust_00616,149.0,usd,card,mastercard,6109,succeeded,,2024-10-08T09:16:36,2024-10-08T09:16:36
pay_000737,order_000678,cust_00802,9.99,usd,card,amex,4461,succeeded,,2024-10-08T21:58:09,2024-10-08T21:58:09
pay_000738,order_000679,,49.99,usd,card,mastercard,4323,succeeded,,2024-10-08T10:48:39,2024-10-08T10:48:39
pay_000739,order_000680,,24.99,usd,card,visa,5474,succeeded,,2024-10-08T14:48:50,2024-10-08T14:48:50
pay_000740,order_000681,,34.99,usd,card,mastercard,8299,succeeded,,2024-10-09T22:46:13,2024-10-09T22:46:13
pay_000741,order_000682,cust_00151,8.99,usd,card,amex,5110,succeeded,,2024-10-10T10:53:56,2024-10-10T10:53:56
pay_000742,order_000683,cust_00195,27.99,usd,card,mastercard,5293,succeeded,,2024-10-10T19:16:42,2024-10-10T19:16:42
pay_000743,order_000684,,34.99,usd,card,mastercard,5092,succeeded,,2024-10-10T20:00:44,2024-10-10T20:00:44
pay_000744,order_000685,cust_00288,9.99,usd,card,visa,2322,succeeded,,2024-10-11T18:58:18,2024-10-11T18:58:18
pay_000745,order_000686,,34.99,usd,paypal,,,succeeded,,2024-10-11T22:08:31,2024-10-11T22:08:31
pay_000746,order_000687,,31.49,usd,card,mastercard,5850,succeeded,,2024-10-12T01:19:21,2024-10-12T01:19:21
pay_000747,order_000688,,49.99,usd,apple_pay,,,succeeded,,2024-10-12T09:52:23,2024-10-12T09:52:23
pay_000748,order_000689,cust_00114,129.0,usd,card,amex,7725,succeeded,,2024-10-13T15:12:35,2024-10-13T15:12:35
pay_000749,order_000690,cust_00625,9.99,usd,card,mastercard,4187,succeeded,,2024-10-13T10:28:17,2024-10-13T10:28:17
pay_000750,order_000691,,76.49,usd,paypal,,,succeeded,,2024-10-13T20:16:30,2024-10-13T20:16:30
pay_000751,order_000692,cust_00814,9.99,usd,card,mastercard,2040,succeeded,,2024-10-14T21:18:11,2024-10-14T21:18:11
pay_000752,order_000693,cust_00044,89.99,usd,card,visa,8059,succeeded,,2024-10-15T17:48:03,2024-10-15T17:48:03
pay_000753,order_000694,cust_00752,99.0,usd,card,visa,0541,succeeded,,2024-10-15T00:58:08,2024-10-15T00:58:08
pay_000754,order_000695,,24.99,usd,card,visa,1771,succeeded,,2024-10-15T01:10:07,2024-10-15T01:10:07
pay_000755,order_000696,,49.99,usd,card,amex,8347,succeeded,,2024-10-15T14:03:33,2024-10-15T14:03:33
pay_000756,order_000697,cust_00037,64.99,usd,card,mastercard,9902,succeeded,,2024-10-16T02:43:21,2024-10-16T02:43:21
pay_000757,order_000698,cust_00384,9.99,usd,card,mastercard,5197,succeeded,,2024-10-16T07:10:56,2024-10-16T07:10:56
pay_000758,order_000699,cust_00464,9.99,usd,card,visa,2396,succeeded,,2024-10-16T06:38:29,2024-10-16T06:38:29
pay_000759,order_000700,cust_00690,129.0,usd,card,mastercard,3497,succeeded,,2024-10-16T09:41:54,2024-10-16T09:41:54
pay_000760,order_000701,cust_00847,24.99,usd,card,mastercard,2833,succeeded,,2024-10-16T23:09:31,2024-10-16T23:09:31
pay_000761,order_000702,,34.99,usd,card,visa,9071,succeeded,,2024-10-16T10:02:33,2024-10-16T10:02:33
pay_000762,order_000703,cust_00036,49.99,usd,card,visa,4829,succeeded,,2024-10-17T20:47:42,2024-10-17T20:47:42
pay_000763,order_000704,cust_00085,22.49,usd,card,mastercard,8513,succeeded,,2024-10-17T09:43:04,2024-10-17T09:43:04
pay_000764,order_000705,cust_00094,79.0,usd,paypal,,,succeeded,,2024-10-17T05:30:52,2024-10-17T05:30:52
pay_000765,order_000706,cust_00309,129.0,usd,card,mastercard,8401,succeeded,,2024-10-17T12:02:55,2024-10-17T12:02:55
pay_000766,order_000707,,24.99,usd,card,mastercard,4034,succeeded,,2024-10-17T03:08:57,2024-10-17T03:08:57
pay_000767,order_000708,,49.99,usd,card,visa,1425,succeeded,,2024-10-18T22:16:26,2024-10-18T22:16:26
pay_000768,order_000709,,49.99,usd,card,amex,3969,succeeded,,2024-10-18T22:23:17,2024-10-18T22:23:17
pay_000769,order_000710,,24.99,usd,card,visa,5088,succeeded,,2024-10-18T19:20:05,2024-10-18T19:20:05
pay_000770,order_000711,,24.99,usd,card,visa,1874,succeeded,,2024-10-19T02:15:02,2024-10-19T02:15:02
pay_000771,order_000712,,34.99,usd,paypal,,,succeeded,,2024-10-20T23:48:16,2024-10-20T23:48:16
pay_000772,order_000713,,24.99,usd,card,discover,7611,succeeded,,2024-10-20T10:02:50,2024-10-20T10:02:50
pay_000773,order_000714,cust_00616,79.0,usd,card,visa,7312,succeeded,,2024-10-21T21:50:47,2024-10-21T21:50:47
pay_000774,order_000715,cust_00698,49.99,usd,paypal,,,failed,insufficient_funds,2024-10-21T14:03:25,2024-10-21T14:03:25
pay_000775,order_000715,cust_00698,49.99,usd,card,mastercard,9061,succeeded,,2024-10-21T14:13:25,2024-10-21T14:13:25
pay_000776,order_000716,,34.99,usd,apple_pay,,,succeeded,,2024-10-21T15:01:47,2024-10-21T15:01:47
pay_000777,order_000717,,34.99,usd,card,mastercard,8841,succeeded,,2024-10-22T15:19:10,2024-10-22T15:19:10
pay_000778,order_000718,,49.99,usd,card,visa,7689,succeeded,,2024-10-22T00:41:15,2024-10-22T00:41:15
pay_000779,order_000719,cust_00290,39.99,usd,card,mastercard,6247,succeeded,,2024-10-23T15:00:59,2024-10-23T15:00:59
pay_000780,order_000720,,24.99,usd,card,visa,1614,succeeded,,2024-10-23T03:07:41,2024-10-23T03:07:41
pay_000781,order_000721,,24.99,usd,paypal,,,succeeded,,2024-10-23T10:21:06,2024-10-23T10:21:06
pay_000782,order_000722,cust_00104,149.0,usd,card,mastercard,7048,succeeded,,2024-10-24T18:41:31,2024-10-24T18:41:31
pay_000783,order_000723,cust_00728,49.99,usd,card,visa,2387,succeeded,,2024-10-25T16:30:44,2024-10-25T16:30:44
pay_000784,order_000724,cust_00303,19.99,usd,card,mastercard,3427,failed,insufficient_funds,2024-10-26T14:30:33,2024-10-26T14:30:33
pay_000785,order_000724,cust_00303,19.99,usd,card,visa,3461,succeeded,,2024-10-26T14:42:33,2024-10-26T14:42:33
pay_000786,order_000725,cust_00326,129.0,usd,apple_pay,,,succeeded,,2024-10-26T18:03:53,2024-10-26T18:03:53
pay_000787,order_000726,cust_00352,9.99,usd,card,discover,2526,succeeded,,2024-10-26T05:06:09,2024-10-26T05:06:09
pay_000788,order_000727,,24.99,usd,card,amex,9693,succeeded,,2024-10-26T04:03:55,2024-10-26T04:03:55
pay_000789,order_000728,,34.99,usd,card,mastercard,9372,failed,card_declined,2024-10-26T05:05:12,2024-10-26T05:05:12
pay_000790,order_000728,,34.99,usd,card,mastercard,3011,succeeded,,2024-10-26T05:07:12,2024-10-26T05:07:12
pay_000791,order_000729,cust_00746,34.99,usd,card,mastercard,5178,succeeded,,2024-10-27T07:47:30,2024-10-27T07:47:30
pay_000792,order_000730,cust_00748,9.99,usd,card,visa,6227,succeeded,,2024-10-27T11:38:38,2024-10-27T11:38:38
pay_000793,order_000731,cust_00170,120.0,usd,card,discover,9532,succeeded,,2024-10-28T18:46:40,2024-10-28T18:46:40
pay_000794,order_000732,,49.99,usd,card,visa,4227,succeeded,,2024-10-28T01:03:50,2024-10-28T01:03:50
pay_000795,order_000733,,120.0,usd,card,mastercard,6398,succeeded,,2024-10-28T08:12:04,2024-10-28T08:12:04
pay_000796,order_000734,,34.99,usd,card,mastercard,9505,succeeded,,2024-10-28T20:58:27,2024-10-28T20:58:27
pay_000797,order_000735,cust_00303,96.0,usd,card,amex,4698,succeeded,,2024-10-30T23:19:23,2024-10-30T23:19:23
pay_000798,order_000736,,49.99,usd,apple_pay,,,failed,insufficient_funds,2024-10-30T21:16:09,2024-10-30T21:16:09
pay_000799,order_000736,,49.99,usd,card,mastercard,2166,failed,processing_error,2024-10-30T21:29:09,2024-10-30T21:29:09
pay_000800,order_000736,,49.99,usd,card,mastercard,7112,succeeded,,2024-10-30T21:31:09,2024-10-30T21:31:09
pay_000801,order_000737,,49.99,usd,card,visa,1689,succeeded,,2024-10-30T15:40:56,2024-10-30T15:40:56
pay_000802,order_000738,cust_00174,99.0,usd,paypal,,,succeeded,,2024-10-31T04:42:31,2024-10-31T04:42:31
pay_000803,order_000739,cust_00310,34.99,usd,card,visa,6036,succeeded,,2024-10-31T11:31:50,2024-10-31T11:31:50
pay_000804,order_000740,,24.99,usd,card,mastercard,4734,succeeded,,2024-10-31T16:30:48,2024-10-31T16:30:48
pay_000805,order_000741,,49.99,usd,card,visa,0839,succeeded,,2024-10-31T13:38:11,2024-10-31T13:38:11
pay_000806,order_000742,cust_00228,71.99,usd,paypal,,,succeeded,,2024-11-01T04:12:57,2024-11-01T04:12:57
pay_000807,order_000743,cust_00378,34.99,usd,card,mastercard,5169,succeeded,,2024-11-01T08:53:19,2024-11-01T08:53:19
pay_000808,order_000744,,24.99,usd,card,mastercard,5882,succeeded,,2024-11-01T10:24:33,2024-11-01T10:24:33
pay_000809,order_000745,cust_00419,24.99,usd,card,visa,9877,succeeded,,2024-11-02T12:36:40,2024-11-02T12:36:40
pay_000810,order_000746,cust_00467,24.99,usd,card,discover,1051,succeeded,,2024-11-02T05:35:06,2024-11-02T05:35:06
pay_000811,order_000747,,34.99,usd,card,mastercard,4147,succeeded,,2024-11-02T11:40:36,2024-11-02T11:40:36
pay_000812,order_000748,,24.99,usd,card,mastercard,0139,succeeded,,2024-11-02T23:11:35,2024-11-02T23:11:35
pay_000813,order_000749,cust_00068,34.99,usd,card,visa,0672,succeeded,,2024-11-03T06:31:44,2024-11-03T06:31:44
pay_000814,order_000750,,64.99,usd,paypal,,,succeeded,,2024-11-03T02:49:14,2024-11-03T02:49:14
pay_000815,order_000751,,34.99,usd,card,mastercard,6795,succeeded,,2024-11-03T23:36:40,2024-11-03T23:36:40
pay_000816,order_000752,,34.99,usd,card,mastercard,4379,succeeded,,2024-11-03T10:25:35,2024-11-03T10:25:35
pay_000817,order_000753,cust_00130,9.99,usd,card,mastercard,1420,succeeded,,2024-11-04T09:40:13,2024-11-04T09:40:13
pay_000818,order_000754,cust_00614,34.99,usd,card,visa,1152,succeeded,,2024-11-04T04:49:05,2024-11-04T04:49:05
pay_000819,order_000755,cust_00004,9.99,usd,card,mastercard,4936,succeeded,,2024-11-05T04:57:58,2024-11-05T04:57:58
pay_000820,order_000756,cust_00558,24.99,usd,card,visa,8342,succeeded,,2024-11-05T07:51:22,2024-11-05T07:51:22
pay_000821,order_000757,cust_00730,24.99,usd,card,amex,2543,succeeded,,2024-11-05T03:09:23,2024-11-05T03:09:23
pay_000822,order_000758,cust_00310,34.99,usd,card,visa,2688,succeeded,,2024-11-06T19:41:59,2024-11-06T19:41:59
pay_000823,order_000759,cust_00814,9.99,usd,card,amex,7057,succeeded,,2024-11-06T07:10:06,2024-11-06T07:10:06
pay_000824,order_000760,cust_00370,79.0,usd,card,visa,0788,succeeded,,2024-11-07T11:13:21,2024-11-07T11:13:21
pay_000825,order_000761,,89.99,usd,card,visa,6149,succeeded,,2024-11-07T18:15:42,2024-11-07T18:15:42
pay_000826,order_000762,,34.99,usd,card,visa,2011,succeeded,,2024-11-07T16:09:57,2024-11-07T16:09:57
pay_000827,order_000763,,34.99,usd,paypal,,,succeeded,,2024-11-07T19:13:36,2024-11-07T19:13:36
pay_000828,order_000764,cust_00136,79.0,usd,card,visa,4787,succeeded,,2024-11-08T02:39:07,2024-11-08T02:39:07
pay_000829,order_000765,cust_00228,27.99,usd,card,visa,4441,succeeded,,2024-11-08T15:36:25,2024-11-08T15:36:25
pay_000830,order_000766,,44.99,usd,card,mastercard,5438,succeeded,,2024-11-08T03:16:03,2024-11-08T03:16:03
pay_000831,order_000767,,31.49,usd,apple_pay,,,succeeded,,2024-11-08T09:53:57,2024-11-08T09:53:57
pay_000832,order_000768,,34.99,usd,card,discover,9271,succeeded,,2024-11-08T17:48:27,2024-11-08T17:48:27
pay_000833,order_000769,,64.99,usd,card,amex,3360,succeeded,,2024-11-08T05:27:02,2024-11-08T05:27:02
pay_000834,order_000770,cust_00292,24.99,usd,card,mastercard,3271,succeeded,,2024-11-09T19:21:37,2024-11-09T19:21:37
pay_000835,order_000771,cust_00334,34.99,usd,card,amex,8237,succeeded,,2024-11-09T08:14:30,2024-11-09T08:14:30
pay_000836,order_000772,,49.99,usd,card,mastercard,1041,succeeded,,2024-11-11T01:53:27,2024-11-11T01:53:27
pay_000837,order_000773,cust_00437,9.99,usd,card,mastercard,3440,succeeded,,2024-11-12T08:12:57,2024-11-12T08:12:57
pay_000838,order_000774,cust_00547,9.99,usd,card,mastercard,3293,failed,card_declined,2024-11-12T10:09:59,2024-11-12T10:09:59
pay_000839,order_000774,cust_00547,9.99,usd,card,amex,7193,succeeded,,2024-11-12T10:21:59,2024-11-12T10:21:59
pay_000840,order_000775,cust_00802,9.99,usd,paypal,,,succeeded,,2024-11-12T05:37:23,2024-11-12T05:37:23
pay_000841,order_000776,,31.49,usd,paypal,,,succeeded,,2024-11-12T06:15:14,2024-11-12T06:15:14
pay_000842,order_000777,cust_00094,89.99,usd,card,visa,9352,succeeded,,2024-11-14T07:15:47,2024-11-14T07:15:47
pay_000843,order_000778,cust_00310,44.99,usd,card,visa,2165,succeeded,,2024-11-14T10:05:03,2024-11-14T10:05:03
pay_000844,order_000779,cust_00370,129.0,usd,card,visa,5083,succeeded,,2024-11-14T15:18:26,2024-11-14T15:18:26
pay_000845,order_000780,cust_00744,31.49,usd,card,mastercard,7500,succeeded,,2024-11-14T00:21:04,2024-11-14T00:21:04
pay_000846,order_000781,,89.99,usd,card,discover,1671,succeeded,,2024-11-14T18:11:56,2024-11-14T18:11:56
pay_000847,order_000782,,95.0,usd,card,discover,8460,succeeded,,2024-11-15T23:53:25,2024-11-15T23:53:25
pay_000848,order_000783,cust_00167,49.99,usd,card,visa,3822,succeeded,,2024-11-16T12:03:57,2024-11-16T12:03:57
pay_000849,order_000784,cust_00845,64.99,usd,card,visa,0919,succeeded,,2024-11-16T00:58:55,2024-11-16T00:58:55
pay_000850,order_000785,cust_00853,9.99,usd,card,visa,3212,succeeded,,2024-11-16T16:59:16,2024-11-16T16:59:16
pay_000851,order_000786,cust_00334,24.99,usd,paypal,,,succeeded,,2024-11-17T03:05:21,2024-11-17T03:05:21
pay_000852,order_000787,cust_00198,24.99,usd,card,mastercard,8164,succeeded,,2024-11-18T11:16:41,2024-11-18T11:16:41
pay_000853,order_000788,cust_00323,24.99,usd,card,visa,7263,succeeded,,2024-11-18T22:54:22,2024-11-18T22:54:22
pay_000854,order_000789,,34.99,usd,card,mastercard,6231,succeeded,,2024-11-18T05:30:22,2024-11-18T05:30:22
pay_000855,order_000790,cust_00088,34.99,usd,card,visa,8372,succeeded,,2024-11-19T21:40:52,2024-11-19T21:40:52
pay_000856,order_000791,,24.99,usd,card,mastercard,0654,succeeded,,2024-11-19T20:36:27,2024-11-19T20:36:27
pay_000857,order_000792,,24.99,usd,card,visa,9587,succeeded,,2024-11-19T22:00:54,2024-11-19T22:00:54
pay_000858,order_000793,cust_00421,24.99,usd,card,visa,0682,succeeded,,2024-11-20T10:09:21,2024-11-20T10:09:21
pay_000859,order_000794,cust_00760,129.0,usd,card,mastercard,6128,succeeded,,2024-11-20T18:15:49,2024-11-20T18:15:49
pay_000860,order_000795,,24.99,usd,card,visa,9375,succeeded,,2024-11-20T07:08:48,2024-11-20T07:08:48
pay_000861,order_000796,,34.99,usd,card,visa,1402,succeeded,,2024-11-20T17:58:30,2024-11-20T17:58:30
pay_000862,order_000797,,89.99,usd,card,amex,7492,succeeded,,2024-11-21T03:06:01,2024-11-21T03:06:01
pay_000863,order_000798,,34.99,usd,apple_pay,,,succeeded,,2024-11-21T13:55:08,2024-11-21T13:55:08
pay_000864,order_000799,cust_00025,79.0,usd,card,visa,0183,succeeded,,2024-11-22T10:46:33,2024-11-22T10:46:33
pay_000865,order_000800,cust_00121,9.99,usd,paypal,,,succeeded,,2024-11-22T02:29:19,2024-11-22T02:29:19
pay_000866,order_000801,,34.99,usd,card,visa,4535,failed,card_declined,2024-11-22T12:52:45,2024-11-22T12:52:45
pay_000867,order_000801,,34.99,usd,card,mastercard,8883,succeeded,,2024-11-22T13:00:45,2024-11-22T13:00:45
pay_000868,order_000802,,24.99,usd,card,visa,8740,succeeded,,2024-11-22T17:36:05,2024-11-22T17:36:05
pay_000869,order_000803,,58.49,usd,card,visa,8632,succeeded,,2024-11-23T03:16:32,2024-11-23T03:16:32
pay_000870,order_000804,,49.99,usd,card,visa,6201,succeeded,,2024-11-24T03:33:56,2024-11-24T03:33:56
pay_000871,order_000805,,49.99,usd,card,amex,2705,succeeded,,2024-11-24T21:59:17,2024-11-24T21:59:17
pay_000872,order_000806,,24.99,usd,card,visa,6322,succeeded,,2024-11-24T14:20:42,2024-11-24T14:20:42
pay_000873,order_000807,,24.99,usd,card,mastercard,6333,succeeded,,2024-11-24T14:02:06,2024-11-24T14:02:06
pay_000874,order_000808,cust_00292,34.99,usd,card,visa,9715,succeeded,,2024-11-25T03:32:14,2024-11-25T03:32:14
pay_000875,order_000809,,34.99,usd,card,visa,4280,succeeded,,2024-11-25T02:41:45,2024-11-25T02:41:45
pay_000876,order_000810,,34.99,usd,card,visa,9478,succeeded,,2024-11-25T20:02:05,2024-11-25T20:02:05
pay_000877,order_000811,cust_00237,99.0,usd,apple_pay,,,succeeded,,2024-11-26T05:24:45,2024-11-26T05:24:45
pay_000878,order_000812,cust_00591,99.0,usd,paypal,,,succeeded,,2024-11-26T19:15:49,2024-11-26T19:15:49
pay_000879,order_000813,cust_00769,39.99,usd,card,mastercard,5670,succeeded,,2024-11-26T03:20:35,2024-11-26T03:20:35
pay_000880,order_000814,cust_00852,9.99,usd,card,visa,8977,succeeded,,2024-11-26T21:58:31,2024-11-26T21:58:31
pay_000881,order_000815,,64.99,usd,card,amex,9224,succeeded,,2024-11-26T23:10:53,2024-11-26T23:10:53
pay_000882,order_000816,,49.99,usd,card,visa,3286,succeeded,,2024-11-26T06:25:37,2024-11-26T06:25:37
pay_000883,order_000817,cust_00662,49.99,usd,card,visa,2361,succeeded,,2024-11-27T14:46:00,2024-11-27T14:46:00
pay_000884,order_000818,,89.99,usd,card,mastercard,3624,succeeded,,2024-11-27T09:16:54,2024-11-27T09:16:54
pay_000885,order_000819,,44.99,usd,card,visa,3261,succeeded,,2024-11-27T14:27:16,2024-11-27T14:27:16
pay_000886,order_000820,,34.99,usd,card,amex,4998,succeeded,,2024-11-27T19:16:51,2024-11-27T19:16:51
pay_000887,order_000821,cust_00174,99.0,usd,card,visa,2887,failed,expired_card,2024-11-29T20:15:19,2024-11-29T20:15:19
pay_000888,order_000821,cust_00174,99.0,usd,card,mastercard,7365,succeeded,,2024-11-29T20:30:19,2024-11-29T20:30:19
pay_000889,order_000822,cust_00496,79.2,usd,card,visa,2066,succeeded,,2024-11-29T00:42:33,2024-11-29T00:42:33
pay_000890,order_000823,,39.99,usd,card,mastercard,1527,succeeded,,2024-11-29T22:44:01,2024-11-29T22:44:01
pay_000891,order_000824,cust_00666,34.99,usd,card,visa,3981,failed,card_declined,2024-11-30T01:43:44,2024-11-30T01:43:44
pay_000892,order_000824,cust_00666,34.99,usd,card,visa,1849,succeeded,,2024-11-30T01:51:44,2024-11-30T01:51:44
pay_000893,order_000825,cust_00817,9.99,usd,card,visa,2722,succeeded,,2024-11-30T22:00:03,2024-11-30T22:00:03
pay_000894,order_000826,,64.99,usd,card,amex,1755,succeeded,,2024-11-30T03:21:30,2024-11-30T03:21:30
pay_000895,order_000827,,64.99,usd,card,amex,7811,succeeded,,2024-11-30T15:10:54,2024-11-30T15:10:54
pay_000896,order_000828,,120.0,usd,paypal,,,succeeded,,2024-11-30T15:41:57,2024-11-30T15:41:57
pay_000897,order_000829,,24.99,usd,card,mastercard,4418,succeeded,,2024-12-01T08:42:05,2024-12-01T08:42:05
pay_000898,order_000830,,31.49,usd,card,visa,0499,succeeded,,2024-12-01T22:57:53,2024-12-01T22:57:53
pay_000899,order_000831,,64.99,usd,card,amex,1655,failed,processing_error,2024-12-01T08:35:02,2024-12-01T08:35:02
pay_000900,order_000831,,64.99,usd,card,mastercard,8650,succeeded,,2024-12-01T08:49:02,2024-12-01T08:49:02
pay_000901,order_000832,cust_00547,63.2,usd,card,mastercard,3340,succeeded,,2024-12-02T01:49:39,2024-12-02T01:49:39
pay_000902,order_000833,cust_00666,64.99,usd,card,visa,3611,succeeded,,2024-12-02T09:50:28,2024-12-02T09:50:28
pay_000903,order_000834,,34.99,usd,card,visa,9740,succeeded,,2024-12-02T12:33:53,2024-12-02T12:33:53
pay_000904,order_000835,,64.99,usd,card,visa,8190,succeeded,,2024-12-03T23:26:46,2024-12-03T23:26:46
pay_000905,order_000836,,34.99,usd,card,visa,8032,succeeded,,2024-12-04T21:23:46,2024-12-04T21:23:46
pay_000906,order_000837,,49.99,usd,paypal,,,failed,insufficient_funds,2024-12-04T08:52:40,2024-12-04T08:52:40
pay_000907,order_000837,,49.99,usd,card,amex,8347,succeeded,,2024-12-04T09:04:40,2024-12-04T09:04:40
pay_000908,order_000838,cust_00020,129.0,usd,card,amex,1741,succeeded,,2024-12-05T08:23:11,2024-12-05T08:23:11
pay_000909,order_000839,cust_00081,49.99,usd,card,mastercard,1280,succeeded,,2024-12-05T19:43:08,2024-12-05T19:43:08
pay_000910,order_000840,cust_00760,49.99,usd,card,mastercard,7678,succeeded,,2024-12-05T07:52:26,2024-12-05T07:52:26
pay_000911,order_000841,,24.99,usd,card,visa,2816,succeeded,,2024-12-05T00:55:40,2024-12-05T00:55:40
pay_000912,order_000842,,34.99,usd,card,mastercard,7969,succeeded,,2024-12-05T01:43:03,2024-12-05T01:43:03
pay_000913,order_000843,cust_00370,79.0,usd,card,visa,2160,succeeded,,2024-12-06T07:40:46,2024-12-06T07:40:46
pay_000914,order_000844,cust_00370,129.0,usd,card,visa,7248,failed,card_declined,2024-12-06T17:53:31,2024-12-06T17:53:31
pay_000915,order_000844,cust_00370,129.0,usd,card,visa,1245,succeeded,,2024-12-06T18:04:31,2024-12-06T18:04:31
pay_000916,order_000845,cust_00267,120.0,usd,card,amex,5413,succeeded,,2024-12-07T07:38:35,2024-12-07T07:38:35
pay_000917,order_000846,cust_00614,9.99,usd,apple_pay,,,succeeded,,2024-12-07T17:27:28,2024-12-07T17:27:28
pay_000918,order_000847,cust_00419,79.0,usd,card,mastercard,9583,succeeded,,2024-12-08T00:34:33,2024-12-08T00:34:33
pay_000919,order_000848,,24.99,usd,card,visa,5424,succeeded,,2024-12-08T11:21:08,2024-12-08T11:21:08
pay_000920,order_000849,,64.99,usd,apple_pay,,,succeeded,,2024-12-08T02:02:15,2024-12-08T02:02:15
pay_000921,order_000850,cust_00292,9.99,usd,card,amex,0400,succeeded,,2024-12-09T03:26:06,2024-12-09T03:26:06
pay_000922,order_000851,cust_00616,34.99,usd,card,amex,8805,succeeded,,2024-12-09T09:19:06,2024-12-09T09:19:06
pay_000923,order_000852,cust_00591,129.0,usd,card,visa,3380,succeeded,,2024-12-10T00:31:09,2024-12-10T00:31:09
pay_000924,order_000853,cust_00854,19.99,usd,card,mastercard,8069,succeeded,,2024-12-11T16:32:42,2024-12-11T16:32:42
pay_000925,order_000854,,89.99,usd,card,visa,9714,failed,card_declined,2024-12-11T19:05:13,2024-12-11T19:05:13
pay_000926,order_000854,,89.99,usd,card,visa,4877,succeeded,,2024-12-11T19:16:13,2024-12-11T19:16:13
pay_000927,order_000855,,120.0,usd,card,mastercard,8512,succeeded,,2024-12-11T10:37:16,2024-12-11T10:37:16
pay_000928,order_000856,cust_00166,39.99,usd,card,visa,0174,succeeded,,2024-12-12T05:04:32,2024-12-12T05:04:32
pay_000929,order_000857,cust_00751,34.99,usd,apple_pay,,,succeeded,,2024-12-12T21:01:31,2024-12-12T21:01:31
pay_000930,order_000858,,120.0,usd,card,amex,4646,succeeded,,2024-12-12T04:01:13,2024-12-12T04:01:13
pay_000931,order_000859,,34.99,usd,card,mastercard,5938,succeeded,,2024-12-12T00:56:04,2024-12-12T00:56:04
pay_000932,order_000860,cust_00611,39.99,usd,card,mastercard,8207,succeeded,,2024-12-13T16:25:24,2024-12-13T16:25:24
pay_000933,order_000861,cust_00802,49.99,usd,card,mastercard,5987,succeeded,,2024-12-13T22:16:11,2024-12-13T22:16:11
pay_000934,order_000862,,24.99,usd,card,amex,1301,succeeded,,2024-12-13T06:27:56,2024-12-13T06:27:56
pay_000935,order_000863,,49.99,usd,paypal,,,succeeded,,2024-12-13T13:52:52,2024-12-13T13:52:52
pay_000936,order_000864,cust_00440,9.99,usd,paypal,,,succeeded,,2024-12-14T08:21:58,2024-12-14T08:21:58
pay_000937,order_000865,,64.99,usd,paypal,,,succeeded,,2024-12-14T20:52:25,2024-12-14T20:52:25
pay_000938,order_000866,cust_00187,89.99,usd,card,amex,6781,succeeded,,2024-12-15T21:46:28,2024-12-15T21:46:28
pay_000939,order_000867,cust_00213,34.99,usd,card,mastercard,5898,succeeded,,2024-12-15T12:57:51,2024-12-15T12:57:51
pay_000940,order_000868,cust_00290,27.99,usd,card,visa,3923,succeeded,,2024-12-15T16:36:54,2024-12-15T16:36:54
pay_000941,order_000869,cust_00352,79.0,usd,paypal,,,succeeded,,2024-12-15T05:53:11,2024-12-15T05:53:11
pay_000942,order_000870,cust_00603,71.99,usd,card,mastercard,1680,succeeded,,2024-12-15T03:04:05,2024-12-15T03:04:05
pay_000943,order_000871,,24.99,usd,card,mastercard,4625,succeeded,,2024-12-15T04:27:34,2024-12-15T04:27:34
pay_000944,order_000872,cust_00141,24.99,usd,card,discover,7910,succeeded,,2024-12-16T07:13:50,2024-12-16T07:13:50
pay_000945,order_000873,cust_00313,9.99,usd,paypal,,,succeeded,,2024-12-16T22:20:00,2024-12-16T22:20:00
pay_000946,order_000874,,24.99,usd,card,visa,0918,succeeded,,2024-12-16T23:16:32,2024-12-16T23:16:32
pay_000947,order_000875,cust_00060,34.99,usd,card,visa,0268,succeeded,,2024-12-17T08:23:52,2024-12-17T08:23:52
pay_000948,order_000876,cust_00769,19.99,usd,paypal,,,succeeded,,2024-12-17T08:12:09,2024-12-17T08:12:09
pay_000949,order_000877,,89.99,usd,card,visa,0282,succeeded,,2024-12-17T23:44:11,2024-12-17T23:44:11
pay_000950,order_000878,cust_00139,89.99,usd,card,visa,1220,succeeded,,2024-12-18T20:41:25,2024-12-18T20:41:25
pay_000951,order_000879,,34.99,usd,paypal,,,succeeded,,2024-12-18T02:55:26,2024-12-18T02:55:26
pay_000952,order_000880,,34.99,usd,paypal,,,succeeded,,2024-12-18T09:08:47,2024-12-18T09:08:47
pay_000953,order_000881,,22.49,usd,card,discover,2505,succeeded,,2024-12-18T13:46:22,2024-12-18T13:46:22
pay_000954,order_000882,cust_00395,119.2,usd,card,visa,7678,succeeded,,2024-12-20T09:43:42,2024-12-20T09:43:42
pay_000955,order_000883,cust_00617,89.99,usd,card,mastercard,2910,succeeded,,2024-12-20T04:57:56,2024-12-20T04:57:56
pay_000956,order_000884,,34.99,usd,card,mastercard,2030,succeeded,,2024-12-20T00:32:20,2024-12-20T00:32:20
pay_000957,order_000885,,58.49,usd,card,visa,6845,succeeded,,2024-12-20T10:41:55,2024-12-20T10:41:55
pay_000958,order_000886,,49.99,usd,card,discover,5305,succeeded,,2024-12-20T07:00:03,2024-12-20T07:00:03
pay_000959,order_000887,cust_00646,89.99,usd,card,visa,2535,succeeded,,2024-12-21T17:19:59,2024-12-21T17:19:59
pay_000960,order_000888,,49.99,usd,card,visa,2265,failed,card_declined,2024-12-21T20:59:40,2024-12-21T20:59:40
pay_000961,order_000888,,49.99,usd,card,visa,8670,failed,expired_card,2024-12-21T21:02:40,2024-12-21T21:02:40
pay_000962,order_000888,,49.99,usd,card,visa,1006,succeeded,,2024-12-21T21:10:40,2024-12-21T21:10:40
pay_000963,order_000889,,49.99,usd,card,visa,9662,succeeded,,2024-12-21T09:11:18,2024-12-21T09:11:18
pay_000964,order_000890,cust_00059,34.99,usd,paypal,,,succeeded,,2024-12-22T10:36:06,2024-12-22T10:36:06
pay_000965,order_000891,cust_00118,99.0,usd,card,mastercard,0920,succeeded,,2024-12-22T01:29:44,2024-12-22T01:29:44
pay_000966,order_000892,cust_00493,64.99,usd,card,amex,1302,failed,card_declined,2024-12-22T05:27:27,2024-12-22T05:27:27
pay_000967,order_000892,cust_00493,64.99,usd,card,visa,6256,succeeded,,2024-12-22T05:47:27,2024-12-22T05:47:27
pay_000968,order_000893,,24.99,usd,card,discover,5091,succeeded,,2024-12-22T12:55:42,2024-12-22T12:55:42
pay_000969,order_000894,cust_00276,79.0,usd,paypal,,,succeeded,,2024-12-23T00:04:52,2024-12-23T00:04:52
pay_000970,order_000895,cust_00292,49.99,usd,card,visa,3149,succeeded,,2024-12-23T17:55:53,2024-12-23T17:55:53
pay_000971,order_000896,,34.99,usd,card,visa,0817,succeeded,,2024-12-23T07:50:27,2024-12-23T07:50:27
pay_000972,order_000897,cust_00547,149.0,usd,card,visa,8962,succeeded,,2024-12-24T17:03:49,2024-12-24T17:03:49
pay_000973,order_000898,,34.99,usd,card,amex,2964,succeeded,,2024-12-24T16:59:26,2024-12-24T16:59:26
pay_000974,order_000899,cust_00074,81.6,usd,card,visa,3484,succeeded,,2024-12-25T20:57:53,2024-12-25T20:57:53
pay_000975,order_000900,cust_00614,64.99,usd,card,mastercard,7579,failed,card_declined,2024-12-25T11:39:55,2024-12-25T11:39:55
pay_000976,order_000900,cust_00614,64.99,usd,card,visa,2665,succeeded,,2024-12-25T11:45:55,2024-12-25T11:45:55
pay_000977,order_000901,,24.99,usd,card,visa,2774,succeeded,,2024-12-27T06:30:51,2024-12-27T06:30:51
pay_000978,order_000902,cust_00396,49.99,usd,card,visa,7320,succeeded,,2024-12-28T14:58:52,2024-12-28T14:58:52
pay_000979,order_000903,cust_00437,9.99,usd,card,visa,0280,succeeded,,2024-12-28T09:36:55,2024-12-28T09:36:55
pay_000980,order_000904,cust_00681,9.99,usd,paypal,,,succeeded,,2024-12-28T18:42:55,2024-12-28T18:42:55
pay_000981,order_000905,cust_00760,9.99,usd,card,mastercard,8445,succeeded,,2024-12-28T15:26:14,2024-12-28T15:26:14
pay_000982,order_000906,,24.99,usd,card,discover,3492,succeeded,,2024-12-28T01:32:12,2024-12-28T01:32:12
pay_000983,order_000907,,64.99,usd,card,visa,0430,succeeded,,2024-12-29T14:10:46,2024-12-29T14:10:46
pay_000984,order_000908,,24.99,usd,card,visa,3844,succeeded,,2024-12-29T21:48:37,2024-12-29T21:48:37
pay_000985,order_000909,cust_00670,79.0,usd,card,mastercard,6699,succeeded,,2024-12-30T21:30:31,2024-12-30T21:30:31
pay_000986,order_000910,,49.99,usd,paypal,,,succeeded,,2024-12-30T19:55:51,2024-12-30T19:55:51
pay_000987,order_000911,cust_00050,99.0,usd,card,mastercard,1041,succeeded,,2024-12-31T02:04:01,2024-12-31T02:04:01
pay_000988,order_000912,,64.99,usd,card,visa,8296,succeeded,,2024-12-31T22:49:54,2024-12-31T22:49:54
pay_000989,order_000913,,64.99,usd,card,mastercard,0793,succeeded,,2024-12-31T14:35:07,2024-12-31T14:35:07
pay_000990,order_000914,cust_00464,8.99,usd,card,amex,4464,succeeded,,2025-01-01T02:34:13,2025-01-01T02:34:13
pay_000991,order_000915,cust_00601,9.99,usd,card,amex,5932,succeeded,,2025-01-01T09:12:36,2025-01-01T09:12:36
pay_000992,order_000916,cust_00751,31.49,usd,card,visa,6989,succeeded,,2025-01-01T04:30:25,2025-01-01T04:30:25
pay_000993,order_000917,cust_00819,24.99,usd,card,visa,7688,succeeded,,2025-01-01T23:25:33,2025-01-01T23:25:33
pay_000994,order_000918,cust_00574,9.99,usd,card,visa,0675,succeeded,,2025-01-02T05:04:27,2025-01-02T05:04:27
pay_000995,order_000919,,24.99,usd,card,amex,0159,succeeded,,2025-01-02T15:17:28,2025-01-02T15:17:28
pay_000996,order_000920,,89.99,usd,card,visa,8631,succeeded,,2025-01-03T04:42:21,2025-01-03T04:42:21
pay_000997,order_000921,,49.99,usd,card,visa,8232,succeeded,,2025-01-04T01:47:50,2025-01-04T01:47:50
pay_000998,order_000922,,34.99,usd,card,mastercard,7312,succeeded,,2025-01-04T09:36:21,2025-01-04T09:36:21
pay_000999,order_000923,cust_00050,99.0,usd,card,amex,8792,succeeded,,2025-01-05T12:21:10,2025-01-05T12:21:10
pay_001000,order_000924,cust_00192,79.0,usd,card,amex,9086,succeeded,,2025-01-05T02:07:47,2025-01-05T02:07:47
pay_001001,order_000925,cust_00238,9.99,usd,card,discover,2263,succeeded,,2025-01-05T06:41:54,2025-01-05T06:41:54
pay_001002,order_000926,cust_00852,99.0,usd,card,mastercard,9768,succeeded,,2025-01-05T01:43:23,2025-01-05T01:43:23
pay_001003,order_000927,,44.99,usd,card,visa,1650,failed,card_declined,2025-01-05T02:30:38,2025-01-05T02:30:38
pay_001004,order_000927,,44.99,usd,card,visa,5829,succeeded,,2025-01-05T02:39:38,2025-01-05T02:39:38
pay_001005,order_000928,cust_00384,9.99,usd,card,visa,5546,succeeded,,2025-01-06T08:57:04,2025-01-06T08:57:04
pay_001006,order_000929,cust_00661,64.99,usd,card,visa,4555,succeeded,,2025-01-06T09:56:56,2025-01-06T09:56:56
pay_001007,order_000930,cust_00732,79.0,usd,card,discover,9928,succeeded,,2025-01-06T20:43:47,2025-01-06T20:43:47
pay_001008,order_000931,cust_00001,89.99,usd,card,visa,0181,failed,card_declined,2025-01-07T14:29:40,2025-01-07T14:29:40
pay_001009,order_000931,cust_00001,89.99,usd,card,visa,6028,succeeded,,2025-01-07T14:45:40,2025-01-07T14:45:40
pay_001010,order_000932,cust_00229,24.99,usd,card,mastercard,3561,succeeded,,2025-01-07T17:04:26,2025-01-07T17:04:26
pay_001011,order_000933,cust_00353,149.0,usd,card,visa,7433,succeeded,,2025-01-07T10:44:23,2025-01-07T10:44:23
pay_001012,order_000934,,49.99,usd,card,mastercard,0201,succeeded,,2025-01-07T08:06:28,2025-01-07T08:06:28
pay_001013,order_000935,cust_00085,64.99,usd,card,mastercard,1821,succeeded,,2025-01-08T00:02:15,2025-01-08T00:02:15
pay_001014,order_000936,cust_00359,64.99,usd,card,amex,6140,succeeded,,2025-01-08T02:23:03,2025-01-08T02:23:03
pay_001015,order_000937,,58.49,usd,card,visa,2128,succeeded,,2025-01-08T06:03:28,2025-01-08T06:03:28
pay_001016,order_000938,cust_00147,99.0,usd,paypal,,,succeeded,,2025-01-09T20:13:22,2025-01-09T20:13:22
pay_001017,order_000939,cust_00561,71.99,usd,card,amex,6409,succeeded,,2025-01-09T18:23:46,2025-01-09T18:23:46
pay_001018,order_000940,cust_00419,9.99,usd,card,visa,5913,succeeded,,2025-01-10T02:52:46,2025-01-10T02:52:46
pay_001019,order_000941,cust_00751,24.99,usd,card,visa,6874,succeeded,,2025-01-10T00:36:28,2025-01-10T00:36:28
pay_001020,order_000942,cust_00809,34.99,usd,card,mastercard,1963,succeeded,,2025-01-10T13:02:14,2025-01-10T13:02:14
pay_001021,order_000943,,34.99,usd,card,visa,1832,succeeded,,2025-01-10T06:46:51,2025-01-10T06:46:51
pay_001022,order_000944,,64.99,usd,card,visa,1435,succeeded,,2025-01-10T07:17:15,2025-01-10T07:17:15
pay_001023,order_000945,cust_00376,31.49,usd,card,visa,7674,succeeded,,2025-01-11T16:17:43,2025-01-11T16:17:43
pay_001024,order_000946,,89.99,usd,card,visa,4395,succeeded,,2025-01-11T11:52:34,2025-01-11T11:52:34
pay_001025,order_000947,,120.0,usd,paypal,,,failed,card_declined,2025-01-11T01:16:19,2025-01-11T01:16:19
pay_001026,order_000947,,120.0,usd,paypal,,,succeeded,,2025-01-11T01:35:19,2025-01-11T01:35:19
pay_001027,order_000948,cust_00733,9.99,usd,card,discover,5656,succeeded,,2025-01-12T15:03:02,2025-01-12T15:03:02
pay_001028,order_000949,cust_00802,24.99,usd,card,visa,6516,succeeded,,2025-01-12T14:14:39,2025-01-12T14:14:39
pay_001029,order_000950,,34.99,usd,card,visa,9832,succeeded,,2025-01-12T06:12:31,2025-01-12T06:12:31
pay_001030,order_000951,,24.99,usd,card,visa,6954,succeeded,,2025-01-12T06:30:55,2025-01-12T06:30:55
pay_001031,order_000952,,24.99,usd,card,mastercard,9660,failed,expired_card,2025-01-13T07:32:40,2025-01-13T07:32:40
pay_001032,order_000952,,24.99,usd,card,visa,7559,succeeded,,2025-01-13T07:52:40,2025-01-13T07:52:40
pay_001033,order_000953,,49.99,usd,paypal,,,succeeded,,2025-01-13T10:41:32,2025-01-13T10:41:32
pay_001034,order_000954,cust_00136,49.99,usd,card,visa,4385,succeeded,,2025-01-14T10:02:41,2025-01-14T10:02:41
pay_001035,order_000955,cust_00196,89.99,usd,card,visa,6857,succeeded,,2025-01-14T03:27:33,2025-01-14T03:27:33
pay_001036,order_000956,,64.99,usd,card,visa,6564,succeeded,,2025-01-14T04:42:52,2025-01-14T04:42:52
pay_001037,order_000957,,89.99,usd,card,visa,6118,succeeded,,2025-01-14T10:38:27,2025-01-14T10:38:27
pay_001038,order_000958,,34.99,usd,paypal,,,succeeded,,2025-01-14T02:08:14,2025-01-14T02:08:14
pay_001039,order_000959,cust_00059,89.99,usd,card,amex,5541,succeeded,,2025-01-15T23:33:31,2025-01-15T23:33:31
pay_001040,order_000960,cust_00577,79.0,usd,card,visa,1815,succeeded,,2025-01-15T07:02:41,2025-01-15T07:02:41
pay_001041,order_000961,cust_00691,129.0,usd,card,discover,3803,succeeded,,2025-01-15T23:07:21,2025-01-15T23:07:21
pay_001042,order_000962,,22.49,usd,card,visa,8681,succeeded,,2025-01-15T19:04:29,2025-01-15T19:04:29
pay_001043,order_000963,,49.99,usd,card,amex,0500,succeeded,,2025-01-15T02:39:14,2025-01-15T02:39:14
pay_001044,order_000964,cust_00213,9.99,usd,card,visa,8830,succeeded,,2025-01-16T15:22:45,2025-01-16T15:22:45
pay_001045,order_000965,cust_00371,49.99,usd,card,mastercard,5327,succeeded,,2025-01-16T11:10:06,2025-01-16T11:10:06
pay_001046,order_000966,cust_00345,120.0,usd,paypal,,,succeeded,,2025-01-17T18:25:16,2025-01-17T18:25:16
pay_001047,order_000967,cust_00475,89.99,usd,card,mastercard,8929,succeeded,,2025-01-17T23:53:41,2025-01-17T23:53:41
pay_001048,order_000968,cust_00627,35.99,usd,card,mastercard,8072,failed,card_declined,2025-01-17T09:21:41,2025-01-17T09:21:41
pay_001049,order_000968,cust_00627,35.99,usd,card,mastercard,0352,succeeded,,2025-01-17T09:25:41,2025-01-17T09:25:41
pay_001050,order_000969,,64.99,usd,card,visa,0715,failed,card_declined,2025-01-17T14:18:18,2025-01-17T14:18:18
pay_001051,order_000969,,64.99,usd,card,amex,9171,succeeded,,2025-01-17T14:28:18,2025-01-17T14:28:18
pay_001052,order_000970,,120.0,usd,card,visa,2418,succeeded,,2025-01-17T15:50:53,2025-01-17T15:50:53
pay_001053,order_000971,,24.99,usd,card,visa,0187,succeeded,,2025-01-17T21:56:47,2025-01-17T21:56:47
pay_001054,order_000972,,49.99,usd,paypal,,,succeeded,,2025-01-17T03:31:40,2025-01-17T03:31:40
pay_001055,order_000973,cust_00164,34.99,usd,card,visa,5734,succeeded,,2025-01-18T11:03:45,2025-01-18T11:03:45
pay_001056,order_000974,,24.99,usd,card,mastercard,6844,succeeded,,2025-01-18T09:06:32,2025-01-18T09:06:32
pay_001057,order_000975,cust_00307,34.99,usd,apple_pay,,,succeeded,,2025-01-19T22:22:57,2025-01-19T22:22:57
pay_001058,order_000976,,31.49,usd,paypal,,,succeeded,,2025-01-19T14:21:20,2025-01-19T14:21:20
pay_001059,order_000977,,44.99,usd,card,visa,4079,succeeded,,2025-01-19T19:22:28,2025-01-19T19:22:28
pay_001060,order_000978,cust_00004,79.0,usd,card,visa,3374,succeeded,,2025-01-20T12:58:32,2025-01-20T12:58:32
pay_001061,order_000979,cust_00170,9.99,usd,card,visa,4918,succeeded,,2025-01-20T16:59:44,2025-01-20T16:59:44
pay_001062,order_000980,,24.99,usd,card,visa,2557,succeeded,,2025-01-20T15:31:30,2025-01-20T15:31:30
pay_001063,order_000981,,64.99,usd,card,mastercard,5215,succeeded,,2025-01-20T05:27:19,2025-01-20T05:27:19
pay_001064,order_000982,,120.0,usd,card,visa,0145,succeeded,,2025-01-20T14:31:25,2025-01-20T14:31:25
pay_001065,order_000983,,34.99,usd,card,amex,7694,succeeded,,2025-01-20T09:39:49,2025-01-20T09:39:49
pay_001066,order_000984,cust_00526,39.99,usd,card,discover,1661,succeeded,,2025-01-21T16:48:19,2025-01-21T16:48:19
pay_001067,order_000985,cust_00748,49.99,usd,card,mastercard,1994,succeeded,,2025-01-21T12:05:44,2025-01-21T12:05:44
pay_001068,order_000986,,24.99,usd,card,amex,9218,succeeded,,2025-01-21T00:52:16,2025-01-21T00:52:16
pay_001069,order_000987,cust_00303,129.0,usd,card,discover,6822,succeeded,,2025-01-22T07:17:56,2025-01-22T07:17:56
pay_001070,order_000988,cust_00574,49.99,usd,card,discover,5353,succeeded,,2025-01-22T12:23:19,2025-01-22T12:23:19
pay_001071,order_000989,cust_00744,99.0,usd,card,discover,4987,succeeded,,2025-01-22T20:14:26,2025-01-22T20:14:26
pay_001072,order_000990,cust_00419,34.99,usd,card,visa,1254,succeeded,,2025-01-23T08:33:06,2025-01-23T08:33:06
pay_001073,order_000991,cust_00559,99.0,usd,card,discover,6674,succeeded,,2025-01-23T12:54:42,2025-01-23T12:54:42
pay_001074,order_000992,,24.99,usd,card,visa,2298,succeeded,,2025-01-24T03:27:01,2025-01-24T03:27:01
pay_001075,order_000993,,120.0,usd,card,visa,6298,succeeded,,2025-01-24T00:22:46,2025-01-24T00:22:46
pay_001076,order_000994,,120.0,usd,card,visa,2789,succeeded,,2025-01-24T06:48:35,2025-01-24T06:48:35
pay_001077,order_000995,cust_00130,64.99,usd,card,visa,6132,succeeded,,2025-01-25T07:06:07,2025-01-25T07:06:07
pay_001078,order_000996,cust_00160,79.0,usd,card,discover,9371,succeeded,,2025-01-25T01:07:32,2025-01-25T01:07:32
pay_001079,order_000997,cust_00760,64.99,usd,card,visa,3875,succeeded,,2025-01-25T06:21:25,2025-01-25T06:21:25
pay_001080,order_000998,cust_00814,34.99,usd,card,mastercard,1483,succeeded,,2025-01-25T20:10:46,2025-01-25T20:10:46
pay_001081,order_000999,,44.99,usd,card,visa,0346,succeeded,,2025-01-25T14:01:59,2025-01-25T14:01:59
pay_001082,order_001000,,89.99,usd,card,visa,9679,succeeded,,2025-01-25T13:19:45,2025-01-25T13:19:45
pay_001083,order_001001,cust_00141,34.99,usd,card,mastercard,3518,succeeded,,2025-01-26T08:17:59,2025-01-26T08:17:59
pay_001084,order_001002,cust_00384,34.99,usd,card,visa,3237,succeeded,,2025-01-26T17:18:21,2025-01-26T17:18:21
pay_001085,order_001003,,24.99,usd,card,visa,3970,succeeded,,2025-01-26T16:30:40,2025-01-26T16:30:40
pay_001086,order_001004,,49.99,usd,card,amex,9077,succeeded,,2025-01-26T09:19:58,2025-01-26T09:19:58
pay_001087,order_001005,cust_00288,49.99,usd,card,visa,6099,succeeded,,2025-01-27T09:03:36,2025-01-27T09:03:36
pay_001088,order_001006,cust_00577,49.99,usd,card,amex,0015,succeeded,,2025-01-27T04:12:56,2025-01-27T04:12:56
pay_001089,order_001007,cust_00691,9.99,usd,card,discover,9121,succeeded,,2025-01-28T22:22:44,2025-01-28T22:22:44
pay_001090,order_001008,,24.99,usd,card,visa,0744,succeeded,,2025-01-28T02:46:57,2025-01-28T02:46:57
pay_001091,order_001009,,24.99,usd,card,visa,0064,succeeded,,2025-01-28T07:24:05,2025-01-28T07:24:05
pay_001092,order_001010,,24.99,usd,card,amex,4389,succeeded,,2025-01-29T18:19:28,2025-01-29T18:19:28
pay_001093,order_001011,cust_00025,34.99,usd,paypal,,,succeeded,,2025-01-30T00:07:36,2025-01-30T00:07:36
pay_001094,order_001012,cust_00263,34.99,usd,card,amex,9071,succeeded,,2025-01-30T00:41:31,2025-01-30T00:41:31
pay_001095,order_001013,cust_00757,7.99,usd,card,visa,4945,succeeded,,2025-01-30T13:45:26,2025-01-30T13:45:26
pay_001096,order_001014,cust_00353,129.0,usd,card,visa,0104,succeeded,,2025-01-31T19:34:18,2025-01-31T19:34:18
pay_001097,order_001015,cust_00728,9.99,usd,card,visa,7756,succeeded,,2025-01-31T22:38:12,2025-01-31T22:38:12
pay_001098,order_001016,cust_00757,7.99,usd,card,visa,3929,succeeded,,2025-01-31T05:52:39,2025-01-31T05:52:39
pay_001099,order_001017,cust_00454,79.0,usd,card,mastercard,8359,succeeded,,2025-02-01T22:14:40,2025-02-01T22:14:40
pay_001100,order_001018,cust_00528,99.0,usd,apple_pay,,,succeeded,,2025-02-01T00:06:12,2025-02-01T00:06:12
pay_001101,order_001019,cust_00616,58.49,usd,card,amex,9979,succeeded,,2025-02-01T15:29:35,2025-02-01T15:29:35
pay_001102,order_001020,cust_00752,9.99,usd,card,visa,4818,failed,card_declined,2025-02-01T22:48:32,2025-02-01T22:48:32
pay_001103,order_001020,cust_00752,9.99,usd,card,visa,5209,succeeded,,2025-02-01T22:56:32,2025-02-01T22:56:32
pay_001104,order_001021,,64.99,usd,card,visa,7546,succeeded,,2025-02-01T15:28:32,2025-02-01T15:28:32
pay_001105,order_001022,,34.99,usd,card,visa,2109,succeeded,,2025-02-01T07:38:20,2025-02-01T07:38:20
pay_001106,order_001023,cust_00698,9.99,usd,card,visa,8279,succeeded,,2025-02-02T19:52:44,2025-02-02T19:52:44
pay_001107,order_001024,,34.99,usd,paypal,,,failed,processing_error,2025-02-02T13:45:40,2025-02-02T13:45:40
pay_001108,order_001024,,34.99,usd,card,mastercard,6108,succeeded,,2025-02-02T13:47:40,2025-02-02T13:47:40
pay_001109,order_001025,cust_00090,24.99,usd,card,mastercard,9629,succeeded,,2025-02-03T19:51:05,2025-02-03T19:51:05
pay_001110,order_001026,cust_00168,24.99,usd,card,visa,2276,succeeded,,2025-02-03T04:51:14,2025-02-03T04:51:14
pay_001111,order_001027,cust_00171,44.99,usd,card,visa,2726,succeeded,,2025-02-03T13:39:59,2025-02-03T13:39:59
pay_001112,order_001028,cust_00191,24.99,usd,card,mastercard,4792,succeeded,,2025-02-03T14:55:48,2025-02-03T14:55:48
pay_001113,order_001029,cust_00742,9.99,usd,paypal,,,succeeded,,2025-02-03T12:07:30,2025-02-03T12:07:30
pay_001114,order_001030,cust_00139,9.99,usd,card,mastercard,4975,succeeded,,2025-02-04T17:41:58,2025-02-04T17:41:58
pay_001115,order_001031,cust_00845,39.99,usd,apple_pay,,,succeeded,,2025-02-04T17:05:33,2025-02-04T17:05:33
pay_001116,order_001032,cust_00238,120.0,usd,apple_pay,,,succeeded,,2025-02-05T03:03:37,2025-02-05T03:03:37
pay_001117,order_001033,cust_00493,64.99,usd,card,mastercard,4831,succeeded,,2025-02-05T10:18:49,2025-02-05T10:18:49
pay_001118,order_001034,cust_00574,9.99,usd,card,visa,3346,succeeded,,2025-02-05T07:27:17,2025-02-05T07:27:17
pay_001119,order_001035,,34.99,usd,card,visa,0577,succeeded,,2025-02-05T03:14:36,2025-02-05T03:14:36
pay_001120,order_001036,cust_00730,24.99,usd,card,visa,5478,succeeded,,2025-02-06T05:55:48,2025-02-06T05:55:48
pay_001121,order_001037,,49.99,usd,card,visa,0393,succeeded,,2025-02-06T01:00:09,2025-02-06T01:00:09
pay_001122,order_001038,cust_00204,9.99,usd,card,visa,0678,succeeded,,2025-02-07T04:54:09,2025-02-07T04:54:09
pay_001123,order_001039,cust_00370,9.99,usd,card,visa,8482,succeeded,,2025-02-07T21:33:19,2025-02-07T21:33:19
pay_001124,order_001040,,89.99,usd,card,mastercard,7286,succeeded,,2025-02-07T07:30:45,2025-02-07T07:30:45
pay_001125,order_001041,,89.99,usd,card,visa,2796,succeeded,,2025-02-07T12:19:39,2025-02-07T12:19:39
pay_001126,order_001042,,64.99,usd,card,mastercard,4852,succeeded,,2025-02-07T09:32:02,2025-02-07T09:32:02
pay_001127,order_001043,,89.99,usd,card,visa,2312,succeeded,,2025-02-07T02:57:21,2025-02-07T02:57:21
pay_001128,order_001044,cust_00094,79.0,usd,paypal,,,succeeded,,2025-02-08T21:22:30,2025-02-08T21:22:30
pay_001129,order_001045,cust_00171,49.99,usd,card,mastercard,1754,succeeded,,2025-02-08T12:54:59,2025-02-08T12:54:59
pay_001130,order_001046,,49.99,usd,card,visa,6745,succeeded,,2025-02-08T00:27:19,2025-02-08T00:27:19
pay_001131,order_001047,cust_00324,9.99,usd,card,visa,6029,succeeded,,2025-02-09T17:56:18,2025-02-09T17:56:18
pay_001132,order_001048,cust_00001,89.99,usd,card,visa,4395,failed,card_declined,2025-02-10T03:57:15,2025-02-10T03:57:15
pay_001133,order_001048,cust_00001,89.99,usd,card,visa,8577,succeeded,,2025-02-10T04:04:15,2025-02-10T04:04:15
pay_001134,order_001049,cust_00034,22.49,usd,paypal,,,succeeded,,2025-02-10T12:52:27,2025-02-10T12:52:27
pay_001135,order_001050,cust_00497,9.99,usd,card,mastercard,7792,succeeded,,2025-02-10T04:59:00,2025-02-10T04:59:00
pay_001136,order_001051,cust_00599,9.99,usd,card,discover,1703,succeeded,,2025-02-10T12:35:30,2025-02-10T12:35:30
pay_001137,order_001052,,58.49,usd,card,mastercard,6915,succeeded,,2025-02-10T18:14:02,2025-02-10T18:14:02
pay_001138,order_001053,cust_00494,149.0,usd,apple_pay,,,succeeded,,2025-02-11T07:31:20,2025-02-11T07:31:20
pay_001139,order_001054,,89.99,usd,card,mastercard,3939,succeeded,,2025-02-11T15:41:03,2025-02-11T15:41:03
pay_001140,order_001055,,24.99,usd,card,visa,0112,succeeded,,2025-02-11T02:03:41,2025-02-11T02:03:41
pay_001141,order_001056,,24.99,usd,card,visa,7390,succeeded,,2025-02-11T19:25:24,2025-02-11T19:25:24
pay_001142,order_001057,,34.99,usd,card,visa,4611,failed,card_declined,2025-02-11T17:36:58,2025-02-11T17:36:58
pay_001143,order_001057,,34.99,usd,card,visa,3362,failed,card_declined,2025-02-11T17:40:58,2025-02-11T17:40:58
pay_001144,order_001057,,34.99,usd,card,mastercard,3345,succeeded,,2025-02-11T17:43:58,2025-02-11T17:43:58
pay_001145,order_001058,,49.99,usd,card,visa,2614,succeeded,,2025-02-12T08:31:29,2025-02-12T08:31:29
pay_001146,order_001059,cust_00133,109.65,usd,card,visa,3028,succeeded,,2025-02-13T15:34:51,2025-02-13T15:34:51
pay_001147,order_001060,cust_00578,9.99,usd,card,visa,4149,succeeded,,2025-02-13T01:54:22,2025-02-13T01:54:22
pay_001148,order_001061,cust_00647,49.99,usd,card,mastercard,5372,succeeded,,2025-02-13T05:43:31,2025-02-13T05:43:31
pay_001149,order_001062,cust_00655,24.99,usd,card,visa,7389,succeeded,,2025-02-13T10:53:50,2025-02-13T10:53:50
pay_001150,order_001063,,89.99,usd,card,mastercard,3544,succeeded,,2025-02-13T17:55:40,2025-02-13T17:55:40
pay_001151,order_001064,,49.99,usd,card,mastercard,7968,succeeded,,2025-02-13T03:24:32,2025-02-13T03:24:32
pay_001152,order_001065,cust_00353,79.0,usd,card,visa,9007,succeeded,,2025-02-14T14:46:25,2025-02-14T14:46:25
pay_001153,order_001066,,24.99,usd,card,mastercard,6884,succeeded,,2025-02-14T22:09:00,2025-02-14T22:09:00
pay_001154,order_001067,cust_00457,9.99,usd,card,visa,5164,succeeded,,2025-02-16T07:46:33,2025-02-16T07:46:33
pay_001155,order_001068,cust_00458,24.99,usd,card,discover,3138,succeeded,,2025-02-16T05:11:17,2025-02-16T05:11:17
pay_001156,order_001069,cust_00644,81.6,usd,card,visa,8519,failed,card_declined,2025-02-16T11:28:14,2025-02-16T11:28:14
pay_001157,order_001069,cust_00644,81.6,usd,card,mastercard,9137,failed,processing_error,2025-02-16T11:32:14,2025-02-16T11:32:14
pay_001158,order_001069,cust_00644,81.6,usd,paypal,,,succeeded,,2025-02-16T11:40:14,2025-02-16T11:40:14
pay_001159,order_001070,cust_00823,64.99,usd,card,mastercard,7169,succeeded,,2025-02-16T03:23:38,2025-02-16T03:23:38
pay_001160,order_001071,,80.99,usd,card,discover,4810,succeeded,,2025-02-16T15:19:40,2025-02-16T15:19:40
pay_001161,order_001072,cust_00056,99.0,usd,card,mastercard,4366,failed,card_declined,2025-02-19T22:40:16,2025-02-19T22:40:16
pay_001162,order_001072,cust_00056,99.0,usd,paypal,,,succeeded,,2025-02-19T22:42:16,2025-02-19T22:42:16
pay_001163,order_001073,cust_00574,9.99,usd,apple_pay,,,succeeded,,2025-02-19T15:28:18,2025-02-19T15:28:18
pay_001164,order_001074,cust_00680,51.99,usd,card,mastercard,1944,failed,insufficient_funds,2025-02-20T03:54:06,2025-02-20T03:54:06
pay_001165,order_001074,cust_00680,51.99,usd,card,visa,3187,failed,card_declined,2025-02-20T03:56:06,2025-02-20T03:56:06
pay_001166,order_001074,cust_00680,51.99,usd,card,visa,2466,succeeded,,2025-02-20T04:03:06,2025-02-20T04:03:06
pay_001167,order_001075,cust_00204,8.99,usd,card,mastercard,6863,succeeded,,2025-02-21T06:57:10,2025-02-21T06:57:10
pay_001168,order_001076,,34.99,usd,card,visa,2838,succeeded,,2025-02-21T21:31:05,2025-02-21T21:31:05
pay_001169,order_001077,,80.99,usd,paypal,,,succeeded,,2025-02-21T15:03:30,2025-02-21T15:03:30
pay_001170,order_001078,,49.99,usd,card,visa,1427,succeeded,,2025-02-22T22:08:59,2025-02-22T22:08:59
pay_001171,order_001079,,89.99,usd,card,visa,5057,succeeded,,2025-02-22T00:18:46,2025-02-22T00:18:46
pay_001172,order_001080,,34.99,usd,card,amex,3213,succeeded,,2025-02-22T22:18:30,2025-02-22T22:18:30
pay_001173,order_001081,,24.99,usd,card,visa,5092,failed,processing_error,2025-02-22T10:25:02,2025-02-22T10:25:02
pay_001174,order_001081,,24.99,usd,card,visa,7414,succeeded,,2025-02-22T10:44:02,2025-02-22T10:44:02
pay_001175,order_001082,cust_00050,24.99,usd,card,visa,2317,succeeded,,2025-02-24T09:21:45,2025-02-24T09:21:45
pay_001176,order_001083,,64.99,usd,card,visa,9900,succeeded,,2025-02-24T23:26:25,2025-02-24T23:26:25
pay_001177,order_001084,cust_00466,64.99,usd,card,visa,0303,succeeded,,2025-02-25T22:00:46,2025-02-25T22:00:46
pay_001178,order_001085,cust_00580,89.99,usd,card,amex,7839,succeeded,,2025-02-25T13:35:37,2025-02-25T13:35:37
pay_001179,order_001086,,24.99,usd,card,visa,7318,succeeded,,2025-02-25T05:28:50,2025-02-25T05:28:50
pay_001180,order_001087,cust_00204,79.0,usd,card,visa,9531,succeeded,,2025-02-26T16:41:13,2025-02-26T16:41:13
pay_001181,order_001088,cust_00441,39.99,usd,card,mastercard,8137,succeeded,,2025-02-26T08:48:17,2025-02-26T08:48:17
pay_001182,order_001089,cust_00470,34.99,usd,card,visa,0052,failed,card_declined,2025-02-26T05:27:49,2025-02-26T05:27:49
pay_001183,order_001089,cust_00470,34.99,usd,card,mastercard,5801,succeeded,,2025-02-26T05:42:49,2025-02-26T05:42:49
pay_001184,order_001090,cust_00611,39.99,usd,card,visa,9231,succeeded,,2025-02-26T22:50:39,2025-02-26T22:50:39
pay_001185,order_001091,,24.99,usd,card,visa,7612,succeeded,,2025-02-26T06:17:13,2025-02-26T06:17:13
pay_001186,order_001092,,64.99,usd,card,mastercard,5329,succeeded,,2025-02-26T01:52:25,2025-02-26T01:52:25
pay_001187,order_001093,,49.99,usd,card,amex,1668,succeeded,,2025-02-26T18:52:49,2025-02-26T18:52:49
pay_001188,order_001094,,34.99,usd,paypal,,,succeeded,,2025-02-26T08:39:04,2025-02-26T08:39:04
pay_001189,order_001095,,64.99,usd,card,amex,8050,succeeded,,2025-02-26T21:10:51,2025-02-26T21:10:51
pay_001190,order_001096,cust_00238,34.99,usd,card,visa,8836,succeeded,,2025-02-27T09:53:51,2025-02-27T09:53:51
pay_001191,order_001097,,34.99,usd,card,visa,5358,succeeded,,2025-02-27T10:25:06,2025-02-27T10:25:06
pay_001192,order_001098,,49.99,usd,card,mastercard,7024,succeeded,,2025-02-27T23:32:52,2025-02-27T23:32:52
pay_001193,order_001099,cust_00170,129.0,usd,card,mastercard,2203,succeeded,,2025-02-28T10:01:47,2025-02-28T10:01:47
pay_001194,order_001100,cust_00533,27.99,usd,card,mastercard,8692,succeeded,,2025-02-28T04:48:48,2025-02-28T04:48:48
pay_001195,order_001101,cust_00800,79.0,usd,card,visa,2141,succeeded,,2025-02-28T00:18:34,2025-02-28T00:18:34
pay_001196,order_001102,,24.99,usd,card,visa,7213,succeeded,,2025-03-01T21:13:29,2025-03-01T21:13:29
pay_001197,order_001103,cust_00114,89.99,usd,apple_pay,,,succeeded,,2025-03-02T18:30:36,2025-03-02T18:30:36
pay_001198,order_001104,cust_00728,24.99,usd,card,visa,4696,succeeded,,2025-03-02T00:28:13,2025-03-02T00:28:13
pay_001199,order_001105,,64.99,usd,card,visa,2083,succeeded,,2025-03-02T23:07:57,2025-03-02T23:07:57
pay_001200,order_001106,cust_00324,44.99,usd,card,mastercard,1820,succeeded,,2025-03-03T08:50:47,2025-03-03T08:50:47
pay_001201,order_001107,cust_00470,44.99,usd,card,mastercard,3458,succeeded,,2025-03-03T17:59:57,2025-03-03T17:59:57
pay_001202,order_001108,,89.99,usd,card,visa,5732,succeeded,,2025-03-03T01:38:54,2025-03-03T01:38:54
pay_001203,order_001109,cust_00124,19.99,usd,card,mastercard,4542,succeeded,,2025-03-04T20:14:12,2025-03-04T20:14:12
pay_001204,order_001110,cust_00751,9.99,usd,card,visa,2860,succeeded,,2025-03-04T02:31:14,2025-03-04T02:31:14
pay_001205,order_001111,cust_00830,64.99,usd,card,mastercard,0880,failed,card_declined,2025-03-04T02:01:34,2025-03-04T02:01:34
pay_001206,order_001111,cust_00830,64.99,usd,card,discover,0755,succeeded,,2025-03-04T02:14:34,2025-03-04T02:14:34
pay_001207,order_001112,cust_00852,9.99,usd,card,mastercard,2600,succeeded,,2025-03-04T15:32:12,2025-03-04T15:32:12
pay_001208,order_001113,,24.99,usd,card,mastercard,9028,succeeded,,2025-03-04T04:45:50,2025-03-04T04:45:50
pay_001209,order_001114,,34.99,usd,card,mastercard,7338,succeeded,,2025-03-04T04:28:37,2025-03-04T04:28:37
pay_001210,order_001115,cust_00204,64.99,usd,card,mastercard,3078,succeeded,,2025-03-05T11:43:25,2025-03-05T11:43:25
pay_001211,order_001116,cust_00573,9.99,usd,paypal,,,succeeded,,2025-03-05T19:14:06,2025-03-05T19:14:06
pay_001212,order_001117,cust_00755,99.0,usd,card,visa,6538,succeeded,,2025-03-05T06:49:10,2025-03-05T06:49:10
pay_001213,order_001118,,58.49,usd,card,visa,2856,succeeded,,2025-03-05T19:30:12,2025-03-05T19:30:12
pay_001214,order_001119,,34.99,usd,card,amex,7667,succeeded,,2025-03-05T14:41:03,2025-03-05T14:41:03
pay_001215,order_001120,cust_00444,79.0,usd,paypal,,,succeeded,,2025-03-06T09:14:14,2025-03-06T09:14:14
pay_001216,order_001121,,22.49,usd,card,visa,8285,succeeded,,2025-03-06T18:58:05,2025-03-06T18:58:05
pay_001217,order_001122,,44.99,usd,paypal,,,succeeded,,2025-03-06T09:51:49,2025-03-06T09:51:49
pay_001218,order_001123,cust_00170,9.99,usd,card,visa,4363,succeeded,,2025-03-07T16:55:03,2025-03-07T16:55:03
pay_001219,order_001124,cust_00315,149.0,usd,card,mastercard,7437,succeeded,,2025-03-07T01:42:28,2025-03-07T01:42:28
pay_001220,order_001125,cust_00322,7.99,usd,card,amex,2403,succeeded,,2025-03-07T08:15:27,2025-03-07T08:15:27
pay_001221,order_001126,cust_00794,49.99,usd,paypal,,,succeeded,,2025-03-07T05:37:59,2025-03-07T05:37:59
pay_001222,order_001127,,24.99,usd,paypal,,,succeeded,,2025-03-07T08:52:53,2025-03-07T08:52:53
pay_001223,order_001128,,34.99,usd,card,amex,7164,succeeded,,2025-03-07T02:51:48,2025-03-07T02:51:48
pay_001224,order_001129,,34.99,usd,card,mastercard,9787,succeeded,,2025-03-07T04:47:44,2025-03-07T04:47:44
pay_001225,order_001130,cust_00138,64.99,usd,card,visa,0130,succeeded,,2025-03-08T14:36:42,2025-03-08T14:36:42
pay_001226,order_001131,cust_00299,99.0,usd,card,visa,5233,succeeded,,2025-03-08T22:48:42,2025-03-08T22:48:42
pay_001227,order_001132,,24.99,usd,paypal,,,succeeded,,2025-03-08T08:34:21,2025-03-08T08:34:21
pay_001228,order_001133,,24.99,usd,card,amex,1957,succeeded,,2025-03-09T21:28:11,2025-03-09T21:28:11
pay_001229,order_001134,cust_00644,27.99,usd,paypal,,,succeeded,,2025-03-11T14:32:48,2025-03-11T14:32:48
pay_001230,order_001135,,24.99,usd,paypal,,,succeeded,,2025-03-11T19:45:46,2025-03-11T19:45:46
pay_001231,order_001136,,22.49,usd,paypal,,,succeeded,,2025-03-11T06:47:16,2025-03-11T06:47:16
pay_001232,order_001137,,34.99,usd,card,visa,7280,succeeded,,2025-03-11T23:02:57,2025-03-11T23:02:57
pay_001233,order_001138,,24.99,usd,card,amex,6419,succeeded,,2025-03-11T02:27:39,2025-03-11T02:27:39
pay_001234,order_001139,,34.99,usd,card,visa,0872,succeeded,,2025-03-11T10:35:21,2025-03-11T10:35:21
pay_001235,order_001140,cust_00241,49.99,usd,card,visa,4807,succeeded,,2025-03-12T05:16:15,2025-03-12T05:16:15
pay_001236,order_001141,cust_00364,149.0,usd,card,visa,0484,succeeded,,2025-03-12T03:04:13,2025-03-12T03:04:13
pay_001237,order_001142,cust_00440,34.99,usd,card,mastercard,9891,succeeded,,2025-03-12T13:56:45,2025-03-12T13:56:45
pay_001238,order_001143,,120.0,usd,card,visa,3889,succeeded,,2025-03-12T11:00:46,2025-03-12T11:00:46
pay_001239,order_001144,,89.99,usd,card,mastercard,8407,succeeded,,2025-03-12T05:11:53,2025-03-12T05:11:53
pay_001240,order_001145,cust_00580,9.99,usd,paypal,,,succeeded,,2025-03-13T19:53:19,2025-03-13T19:53:19
pay_001241,order_001146,cust_00274,24.99,usd,card,mastercard,2028,succeeded,,2025-03-14T06:56:09,2025-03-14T06:56:09
pay_001242,order_001147,cust_00752,9.99,usd,card,mastercard,1794,failed,card_declined,2025-03-14T10:03:39,2025-03-14T10:03:39
pay_001243,order_001147,cust_00752,9.99,usd,card,visa,3526,succeeded,,2025-03-14T10:22:39,2025-03-14T10:22:39
pay_001244,order_001148,cust_00786,34.99,usd,apple_pay,,,succeeded,,2025-03-14T07:42:59,2025-03-14T07:42:59
pay_001245,order_001149,,24.99,usd,card,visa,2195,succeeded,,2025-03-14T21:59:06,2025-03-14T21:59:06
pay_001246,order_001150,cust_00800,99.0,usd,card,visa,4783,succeeded,,2025-03-15T07:58:56,2025-03-15T07:58:56
pay_001247,order_001151,cust_00840,79.0,usd,card,visa,2538,succeeded,,2025-03-15T17:25:39,2025-03-15T17:25:39
pay_001248,order_001152,,49.99,usd,card,visa,2054,succeeded,,2025-03-15T02:44:58,2025-03-15T02:44:58
pay_001249,order_001153,cust_00370,31.49,usd,card,amex,8961,succeeded,,2025-03-16T19:50:29,2025-03-16T19:50:29
pay_001250,order_001154,cust_00574,129.0,usd,card,visa,7710,failed,insufficient_funds,2025-03-16T23:23:19,2025-03-16T23:23:19
pay_001251,order_001154,cust_00574,129.0,usd,card,visa,5217,succeeded,,2025-03-16T23:30:19,2025-03-16T23:30:19
pay_001252,order_001155,,22.49,usd,apple_pay,,,succeeded,,2025-03-16T04:51:31,2025-03-16T04:51:31
pay_001253,order_001156,,22.49,usd,paypal,,,succeeded,,2025-03-16T22:30:10,2025-03-16T22:30:10
pay_001254,order_001157,cust_00332,49.99,usd,paypal,,,succeeded,,2025-03-17T06:51:19,2025-03-17T06:51:19
pay_001255,order_001158,cust_00335,8.99,usd,card,visa,7992,succeeded,,2025-03-17T08:04:27,2025-03-17T08:04:27
pay_001256,order_001159,cust_00618,7.99,usd,card,mastercard,4067,succeeded,,2025-03-17T16:45:37,2025-03-17T16:45:37
pay_001257,order_001160,cust_00666,64.99,usd,card,visa,0558,succeeded,,2025-03-17T10:55:29,2025-03-17T10:55:29
pay_001258,order_001161,,64.99,usd,apple_pay,,,succeeded,,2025-03-17T18:02:03,2025-03-17T18:02:03
pay_001259,order_001162,cust_00577,9.99,usd,card,visa,9243,succeeded,,2025-03-18T23:46:42,2025-03-18T23:46:42
pay_001260,order_001163,cust_00787,149.0,usd,card,mastercard,9772,succeeded,,2025-03-18T21:53:21,2025-03-18T21:53:21
pay_001261,order_001164,,49.99,usd,paypal,,,succeeded,,2025-03-18T23:28:56,2025-03-18T23:28:56
pay_001262,order_001165,cust_00823,27.99,usd,card,visa,9470,succeeded,,2025-03-19T12:23:12,2025-03-19T12:23:12
pay_001263,order_001166,cust_00138,79.0,usd,paypal,,,succeeded,,2025-03-20T14:53:58,2025-03-20T14:53:58
pay_001264,order_001167,cust_00219,34.99,usd,card,visa,0538,succeeded,,2025-03-20T09:21:02,2025-03-20T09:21:02
pay_001265,order_001168,,24.99,usd,card,mastercard,7408,succeeded,,2025-03-20T10:44:37,2025-03-20T10:44:37
pay_001266,order_001169,,24.99,usd,card,amex,9011,succeeded,,2025-03-20T02:09:52,2025-03-20T02:09:52
pay_001267,order_001170,cust_00615,49.99,usd,card,amex,3714,succeeded,,2025-03-21T05:02:14,2025-03-21T05:02:14
pay_001268,order_001171,,34.99,usd,card,amex,4818,succeeded,,2025-03-21T19:35:08,2025-03-21T19:35:08
pay_001269,order_001172,cust_00374,64.99,usd,card,visa,8675,succeeded,,2025-03-22T07:19:07,2025-03-22T07:19:07
pay_001270,order_001173,cust_00541,24.99,usd,card,visa,9345,succeeded,,2025-03-22T06:48:54,2025-03-22T06:48:54
pay_001271,order_001174,cust_00565,34.99,usd,card,discover,8238,succeeded,,2025-03-22T04:33:04,2025-03-22T04:33:04
pay_001272,order_001175,cust_00611,96.0,usd,card,mastercard,7226,succeeded,,2025-03-22T03:24:30,2025-03-22T03:24:30
pay_001273,order_001176,,34.99,usd,card,visa,9194,succeeded,,2025-03-22T18:52:33,2025-03-22T18:52:33
pay_001274,order_001177,,34.99,usd,paypal,,,failed,insufficient_funds,2025-03-22T07:38:46,2025-03-22T07:38:46
pay_001275,order_001177,,34.99,usd,paypal,,,succeeded,,2025-03-22T07:42:46,2025-03-22T07:42:46
pay_001276,order_001178,cust_00020,79.0,usd,card,amex,7048,succeeded,,2025-03-23T17:47:53,2025-03-23T17:47:53
pay_001277,order_001179,cust_00192,24.99,usd,card,visa,5076,succeeded,,2025-03-24T09:19:54,2025-03-24T09:19:54
pay_001278,order_001180,,76.49,usd,card,visa,0875,succeeded,,2025-03-24T20:13:39,2025-03-24T20:13:39
pay_001279,order_001181,,34.99,usd,card,discover,3319,succeeded,,2025-03-24T20:05:27,2025-03-24T20:05:27
pay_001280,order_001182,cust_00464,34.99,usd,card,visa,9421,succeeded,,2025-03-25T16:52:15,2025-03-25T16:52:15
pay_001281,order_001183,cust_00614,89.99,usd,card,mastercard,3689,failed,card_declined,2025-03-25T04:23:42,2025-03-25T04:23:42
pay_001282,order_001183,cust_00614,89.99,usd,card,visa,2726,succeeded,,2025-03-25T04:32:42,2025-03-25T04:32:42
pay_001283,order_001184,cust_00666,24.99,usd,card,mastercard,0096,succeeded,,2025-03-25T03:53:55,2025-03-25T03:53:55
pay_001284,order_001185,,34.99,usd,paypal,,,failed,insufficient_funds,2025-03-25T21:01:58,2025-03-25T21:01:58
pay_001285,order_001185,,34.99,usd,card,visa,1604,succeeded,,2025-03-25T21:11:58,2025-03-25T21:11:58
pay_001286,order_001186,,34.99,usd,apple_pay,,,succeeded,,2025-03-25T15:49:50,2025-03-25T15:49:50
pay_001287,order_001187,cust_00104,9.99,usd,card,mastercard,1273,failed,card_declined,2025-03-26T02:43:31,2025-03-26T02:43:31
pay_001288,order_001187,cust_00104,9.99,usd,card,visa,0678,succeeded,,2025-03-26T03:00:31,2025-03-26T03:00:31
pay_001289,order_001188,,31.49,usd,card,visa,2269,succeeded,,2025-03-26T09:20:08,2025-03-26T09:20:08
pay_001290,order_001189,,89.99,usd,card,amex,3667,succeeded,,2025-03-27T20:32:54,2025-03-27T20:32:54
pay_001291,order_001190,cust_00441,46.79,usd,card,visa,1532,succeeded,,2025-03-28T12:59:11,2025-03-28T12:59:11
pay_001292,order_001191,cust_00446,89.99,usd,card,visa,2821,succeeded,,2025-03-28T05:27:32,2025-03-28T05:27:32
pay_001293,order_001192,,64.99,usd,card,visa,2277,failed,insufficient_funds,2025-03-28T05:56:27,2025-03-28T05:56:27
pay_001294,order_001192,,64.99,usd,card,mastercard,2509,succeeded,,2025-03-28T06:08:27,2025-03-28T06:08:27
pay_001295,order_001193,,24.99,usd,card,mastercard,0769,succeeded,,2025-03-28T06:42:42,2025-03-28T06:42:42
pay_001296,order_001194,,64.99,usd,card,visa,6669,succeeded,,2025-03-28T10:49:40,2025-03-28T10:49:40
pay_001297,order_001195,cust_00223,120.0,usd,card,mastercard,4723,succeeded,,2025-03-29T00:22:14,2025-03-29T00:22:14
pay_001298,order_001196,cust_00595,34.99,usd,card,discover,6738,succeeded,,2025-03-29T15:47:38,2025-03-29T15:47:38
pay_001299,order_001197,,34.99,usd,card,mastercard,5517,succeeded,,2025-03-29T05:39:06,2025-03-29T05:39:06
pay_001300,order_001198,,24.99,usd,card,visa,9230,succeeded,,2025-03-29T17:15:18,2025-03-29T17:15:18
pay_001301,order_001199,cust_00326,9.99,usd,card,visa,0300,succeeded,,2025-03-31T02:14:52,2025-03-31T02:14:52
pay_001302,order_001200,cust_00359,64.99,usd,card,visa,9457,succeeded,,2025-03-31T13:19:30,2025-03-31T13:19:30
pay_001303,order_001201,,89.99,usd,card,visa,2791,succeeded,,2025-03-31T06:00:02,2025-03-31T06:00:02
pay_001304,order_001202,cust_00315,8.99,usd,card,discover,0155,succeeded,,2025-04-01T22:43:33,2025-04-01T22:43:33
pay_001305,order_001203,cust_00852,9.99,usd,card,discover,9286,succeeded,,2025-04-01T09:52:24,2025-04-01T09:52:24
pay_001306,order_001204,,24.99,usd,card,visa,0444,failed,card_declined,2025-04-02T00:57:19,2025-04-02T00:57:19
pay_001307,order_001204,,24.99,usd,card,mastercard,1748,succeeded,,2025-04-02T01:05:19,2025-04-02T01:05:19
pay_001308,order_001205,,34.99,usd,card,mastercard,1752,succeeded,,2025-04-03T19:07:52,2025-04-03T19:07:52
pay_001309,order_001206,,64.99,usd,card,mastercard,4124,succeeded,,2025-04-03T02:16:44,2025-04-03T02:16:44
pay_001310,order_001207,cust_00086,8.99,usd,card,visa,6024,succeeded,,2025-04-04T20:13:14,2025-04-04T20:13:14
pay_001311,order_001208,,64.99,usd,card,visa,2446,succeeded,,2025-04-04T01:28:47,2025-04-04T01:28:47
pay_001312,order_001209,cust_00104,149.0,usd,card,mastercard,5946,failed,card_declined,2025-04-05T12:08:13,2025-04-05T12:08:13
pay_001313,order_001209,cust_00104,149.0,usd,card,discover,0750,succeeded,,2025-04-05T12:10:13,2025-04-05T12:10:13
pay_001314,order_001210,cust_00178,24.99,usd,card,mastercard,3352,succeeded,,2025-04-05T17:35:14,2025-04-05T17:35:14
pay_001315,order_001211,cust_00293,49.99,usd,card,mastercard,2371,succeeded,,2025-04-06T08:13:52,2025-04-06T08:13:52
pay_001316,order_001212,cust_00514,79.0,usd,card,visa,8022,succeeded,,2025-04-06T20:40:15,2025-04-06T20:40:15
pay_001317,order_001213,cust_00733,9.99,usd,paypal,,,succeeded,,2025-04-06T19:57:52,2025-04-06T19:57:52
pay_001318,order_001214,,49.99,usd,card,visa,2413,succeeded,,2025-04-06T18:39:59,2025-04-06T18:39:59
pay_001319,order_001215,,24.99,usd,card,visa,0750,succeeded,,2025-04-06T21:46:44,2025-04-06T21:46:44
pay_001320,order_001216,,24.99,usd,card,visa,9203,succeeded,,2025-04-06T14:24:49,2025-04-06T14:24:49
pay_001321,order_001217,cust_00434,27.99,usd,card,discover,8182,failed,processing_error,2025-04-07T02:05:44,2025-04-07T02:05:44
pay_001322,order_001217,cust_00434,27.99,usd,card,visa,1360,succeeded,,2025-04-07T02:15:44,2025-04-07T02:15:44
pay_001323,order_001218,,34.99,usd,card,mastercard,2218,failed,card_declined,2025-04-07T01:53:17,2025-04-07T01:53:17
pay_001324,order_001218,,34.99,usd,card,amex,8951,succeeded,,2025-04-07T02:09:17,2025-04-07T02:09:17
pay_001325,order_001219,,89.99,usd,paypal,,,succeeded,,2025-04-07T09:20:29,2025-04-07T09:20:29
pay_001326,order_001220,cust_00167,9.99,usd,card,visa,4969,succeeded,,2025-04-08T21:52:34,2025-04-08T21:52:34
pay_001327,order_001221,cust_00508,34.99,usd,card,visa,3593,succeeded,,2025-04-08T05:47:28,2025-04-08T05:47:28
pay_001328,order_001222,cust_00722,79.0,usd,paypal,,,succeeded,,2025-04-08T19:09:29,2025-04-08T19:09:29
pay_001329,order_001223,,34.99,usd,card,mastercard,1307,succeeded,,2025-04-08T04:19:06,2025-04-08T04:19:06
pay_001330,order_001224,,64.99,usd,paypal,,,succeeded,,2025-04-09T06:17:40,2025-04-09T06:17:40
pay_001331,order_001225,,76.49,usd,card,visa,9709,succeeded,,2025-04-09T18:50:31,2025-04-09T18:50:31
pay_001332,order_001226,cust_00330,24.99,usd,card,visa,5070,succeeded,,2025-04-11T03:55:56,2025-04-11T03:55:56
pay_001333,order_001227,cust_00641,79.0,usd,paypal,,,succeeded,,2025-04-11T20:53:36,2025-04-11T20:53:36
pay_001334,order_001228,cust_00142,34.99,usd,card,discover,9753,succeeded,,2025-04-12T10:56:04,2025-04-12T10:56:04
pay_001335,order_001229,cust_00773,9.99,usd,paypal,,,failed,card_declined,2025-04-12T10:59:53,2025-04-12T10:59:53
pay_001336,order_001229,cust_00773,9.99,usd,card,visa,3653,succeeded,,2025-04-12T11:11:53,2025-04-12T11:11:53
pay_001337,order_001230,,58.49,usd,card,mastercard,4240,succeeded,,2025-04-12T14:37:18,2025-04-12T14:37:18
pay_001338,order_001231,,44.99,usd,paypal,,,succeeded,,2025-04-12T04:08:33,2025-04-12T04:08:33
pay_001339,order_001232,,24.99,usd,card,mastercard,2360,succeeded,,2025-04-13T08:20:11,2025-04-13T08:20:11
pay_001340,order_001233,,120.0,usd,paypal,,,failed,card_declined,2025-04-13T00:36:51,2025-04-13T00:36:51
pay_001341,order_001233,,120.0,usd,card,amex,2104,succeeded,,2025-04-13T00:45:51,2025-04-13T00:45:51
pay_001342,order_001234,cust_00416,61.19,usd,card,discover,9388,failed,insufficient_funds,2025-04-14T08:55:45,2025-04-14T08:55:45
pay_001343,order_001234,cust_00416,61.19,usd,card,visa,1240,succeeded,,2025-04-14T08:58:45,2025-04-14T08:58:45
pay_001344,order_001235,cust_00798,116.1,usd,card,mastercard,7232,succeeded,,2025-04-14T06:17:43,2025-04-14T06:17:43
pay_001345,order_001236,cust_00814,24.99,usd,apple_pay,,,succeeded,,2025-04-14T22:13:06,2025-04-14T22:13:06
pay_001346,order_001237,,89.99,usd,card,visa,1719,succeeded,,2025-04-14T14:03:39,2025-04-14T14:03:39
pay_001347,order_001238,cust_00004,9.99,usd,card,mastercard,4500,succeeded,,2025-04-15T18:30:17,2025-04-15T18:30:17
pay_001348,order_001239,cust_00656,149.0,usd,card,visa,9549,succeeded,,2025-04-15T04:17:40,2025-04-15T04:17:40
pay_001349,order_001240,cust_00662,24.99,usd,card,mastercard,9381,succeeded,,2025-04-15T07:55:47,2025-04-15T07:55:47
pay_001350,order_001241,,89.99,usd,card,visa,0052,succeeded,,2025-04-15T17:01:42,2025-04-15T17:01:42
pay_001351,order_001242,cust_00119,99.0,usd,apple_pay,,,succeeded,,2025-04-16T07:31:48,2025-04-16T07:31:48
pay_001352,order_001243,,49.99,usd,card,visa,4694,succeeded,,2025-04-16T22:38:08,2025-04-16T22:38:08
pay_001353,order_001244,,34.99,usd,card,visa,2493,succeeded,,2025-04-16T16:04:14,2025-04-16T16:04:14
pay_001354,order_001245,,34.99,usd,card,visa,8390,succeeded,,2025-04-17T02:39:47,2025-04-17T02:39:47
pay_001355,order_001246,cust_00524,129.0,usd,card,mastercard,7907,succeeded,,2025-04-18T17:17:49,2025-04-18T17:17:49
pay_001356,order_001247,cust_00630,9.99,usd,card,mastercard,3918,succeeded,,2025-04-18T03:46:11,2025-04-18T03:46:11
pay_001357,order_001248,cust_00798,79.0,usd,card,visa,3026,succeeded,,2025-04-18T09:09:03,2025-04-18T09:09:03
pay_001358,order_001249,,34.99,usd,card,visa,2904,succeeded,,2025-04-18T00:20:23,2025-04-18T00:20:23
pay_001359,order_001250,,89.99,usd,card,amex,5753,succeeded,,2025-04-19T21:04:53,2025-04-19T21:04:53
pay_001360,order_001251,,34.99,usd,card,mastercard,6766,failed,card_declined,2025-04-19T12:33:56,2025-04-19T12:33:56
pay_001361,order_001251,,34.99,usd,card,mastercard,3713,succeeded,,2025-04-19T12:53:56,2025-04-19T12:53:56
pay_001362,order_001252,,34.99,usd,paypal,,,succeeded,,2025-04-20T20:35:02,2025-04-20T20:35:02
pay_001363,order_001253,,49.99,usd,paypal,,,succeeded,,2025-04-20T08:16:25,2025-04-20T08:16:25
pay_001364,order_001254,cust_00075,89.99,usd,card,visa,1456,succeeded,,2025-04-21T00:34:52,2025-04-21T00:34:52
pay_001365,order_001255,cust_00591,9.99,usd,card,visa,2016,succeeded,,2025-04-21T20:07:18,2025-04-21T20:07:18
pay_001366,order_001256,cust_00637,49.99,usd,paypal,,,succeeded,,2025-04-21T08:20:25,2025-04-21T08:20:25
pay_001367,order_001257,cust_00836,34.99,usd,card,visa,3319,succeeded,,2025-04-21T00:27:29,2025-04-21T00:27:29
pay_001368,order_001258,,89.99,usd,card,mastercard,0233,succeeded,,2025-04-21T02:05:21,2025-04-21T02:05:21
pay_001369,order_001259,,24.99,usd,card,mastercard,2260,succeeded,,2025-04-21T14:01:52,2025-04-21T14:01:52
pay_001370,order_001260,cust_00541,49.99,usd,card,visa,1941,succeeded,,2025-04-23T06:05:18,2025-04-23T06:05:18
pay_001371,order_001261,,34.99,usd,card,mastercard,8968,succeeded,,2025-04-23T05:04:36,2025-04-23T05:04:36
pay_001372,order_001262,,49.99,usd,card,mastercard,4903,succeeded,,2025-04-23T15:39:13,2025-04-23T15:39:13
pay_001373,order_001263,cust_00162,61.19,usd,card,visa,5924,failed,insufficient_funds,2025-04-24T01:33:08,2025-04-24T01:33:08
pay_001374,order_001263,cust_00162,61.19,usd,card,visa,0004,succeeded,,2025-04-24T01:42:08,2025-04-24T01:42:08
pay_001375,order_001264,,89.99,usd,card,visa,1797,succeeded,,2025-04-24T18:39:11,2025-04-24T18:39:11
pay_001376,order_001265,,64.99,usd,card,visa,8621,succeeded,,2025-04-24T10:02:50,2025-04-24T10:02:50
pay_001377,order_001266,cust_00121,89.99,usd,paypal,,,succeeded,,2025-04-25T08:58:31,2025-04-25T08:58:31
pay_001378,order_001267,cust_00413,64.99,usd,card,amex,2596,succeeded,,2025-04-25T16:53:45,2025-04-25T16:53:45
pay_001379,order_001268,,34.99,usd,card,amex,0560,succeeded,,2025-04-25T09:25:53,2025-04-25T09:25:53
pay_001380,order_001269,,64.99,usd,card,mastercard,6824,succeeded,,2025-04-25T03:08:59,2025-04-25T03:08:59
pay_001381,order_001270,cust_00126,9.99,usd,card,mastercard,7726,succeeded,,2025-04-26T16:03:58,2025-04-26T16:03:58
pay_001382,order_001271,cust_00396,9.99,usd,card,amex,7292,succeeded,,2025-04-27T23:21:06,2025-04-27T23:21:06
pay_001383,order_001272,,49.99,usd,card,visa,5122,succeeded,,2025-04-27T04:13:43,2025-04-27T04:13:43
pay_001384,order_001273,cust_00381,9.99,usd,card,visa,5488,succeeded,,2025-04-28T08:25:42,2025-04-28T08:25:42
pay_001385,order_001274,cust_00658,99.0,usd,card,visa,4798,succeeded,,2025-04-28T16:03:44,2025-04-28T16:03:44
pay_001386,order_001275,,89.99,usd,paypal,,,succeeded,,2025-04-28T12:50:49,2025-04-28T12:50:49
pay_001387,order_001276,,49.99,usd,card,mastercard,2708,succeeded,,2025-04-28T15:12:54,2025-04-28T15:12:54
pay_001388,order_001277,,49.99,usd,card,mastercard,2597,succeeded,,2025-04-28T12:43:42,2025-04-28T12:43:42
pay_001389,order_001278,cust_00079,89.99,usd,paypal,,,succeeded,,2025-04-29T02:43:40,2025-04-29T02:43:40
pay_001390,order_001279,cust_00384,99.0,usd,card,mastercard,7893,succeeded,,2025-04-29T00:33:03,2025-04-29T00:33:03
pay_001391,order_001280,cust_00663,71.1,usd,paypal,,,succeeded,,2025-04-29T00:52:41,2025-04-29T00:52:41
pay_001392,order_001281,cust_00789,120.0,usd,card,visa,2891,succeeded,,2025-04-29T16:43:33,2025-04-29T16:43:33
pay_001393,order_001282,,34.99,usd,paypal,,,succeeded,,2025-04-29T10:15:58,2025-04-29T10:15:58
pay_001394,order_001283,,89.99,usd,card,visa,3648,succeeded,,2025-04-29T16:42:33,2025-04-29T16:42:33
pay_001395,order_001284,cust_00288,99.0,usd,card,amex,1699,succeeded,,2025-04-30T07:42:32,2025-04-30T07:42:32
pay_001396,order_001285,cust_00479,64.99,usd,paypal,,,succeeded,,2025-04-30T09:15:52,2025-04-30T09:15:52
pay_001397,order_001286,cust_00514,49.99,usd,card,visa,4284,succeeded,,2025-04-30T20:18:02,2025-04-30T20:18:02
pay_001398,order_001287,,49.99,usd,card,mastercard,4458,succeeded,,2025-04-30T06:39:25,2025-04-30T06:39:25
pay_001399,order_001288,cust_00213,9.99,usd,card,mastercard,9103,succeeded,,2025-05-01T03:44:57,2025-05-01T03:44:57
pay_001400,order_001289,,34.99,usd,card,visa,5553,succeeded,,2025-05-01T16:09:25,2025-05-01T16:09:25
pay_001401,order_001290,,24.99,usd,card,visa,8095,succeeded,,2025-05-01T23:45:52,2025-05-01T23:45:52
pay_001402,order_001291,cust_00345,34.99,usd,card,amex,6221,failed,processing_error,2025-05-02T19:41:21,2025-05-02T19:41:21
pay_001403,order_001291,cust_00345,34.99,usd,card,visa,7948,succeeded,,2025-05-02T19:51:21,2025-05-02T19:51:21
pay_001404,order_001292,cust_00809,34.99,usd,card,mastercard,0024,succeeded,,2025-05-02T03:00:06,2025-05-02T03:00:06
pay_001405,order_001293,,34.99,usd,paypal,,,failed,card_declined,2025-05-02T16:12:55,2025-05-02T16:12:55
pay_001406,order_001293,,34.99,usd,card,visa,3934,succeeded,,2025-05-02T16:17:55,2025-05-02T16:17:55
pay_001407,order_001294,,49.99,usd,card,visa,3091,succeeded,,2025-05-02T04:35:01,2025-05-02T04:35:01
pay_001408,order_001295,,49.99,usd,card,visa,3051,succeeded,,2025-05-02T20:21:03,2025-05-02T20:21:03
pay_001409,order_001296,cust_00170,24.99,usd,apple_pay,,,succeeded,,2025-05-03T07:40:10,2025-05-03T07:40:10
pay_001410,order_001297,cust_00545,89.99,usd,card,mastercard,5569,failed,card_declined,2025-05-03T07:43:55,2025-05-03T07:43:55
pay_001411,order_001297,cust_00545,89.99,usd,card,visa,8216,succeeded,,2025-05-03T07:50:55,2025-05-03T07:50:55
pay_001412,order_001298,cust_00565,49.99,usd,card,visa,0341,succeeded,,2025-05-03T01:52:29,2025-05-03T01:52:29
pay_001413,order_001299,,24.99,usd,card,visa,5478,succeeded,,2025-05-03T06:39:43,2025-05-03T06:39:43
pay_001414,order_001300,,64.99,usd,card,visa,2502,succeeded,,2025-05-04T07:27:07,2025-05-04T07:27:07
pay_001415,order_001301,,24.99,usd,card,visa,5624,succeeded,,2025-05-04T05:01:23,2025-05-04T05:01:23
pay_001416,order_001302,cust_00348,129.0,usd,paypal,,,succeeded,,2025-05-05T19:09:47,2025-05-05T19:09:47
pay_001417,order_001303,cust_00526,27.99,usd,card,amex,0063,failed,processing_error,2025-05-05T10:11:50,2025-05-05T10:11:50
pay_001418,order_001303,cust_00526,27.99,usd,card,visa,0092,succeeded,,2025-05-05T10:31:50,2025-05-05T10:31:50
pay_001419,order_001304,cust_00699,24.99,usd,card,visa,6958,succeeded,,2025-05-05T15:56:22,2025-05-05T15:56:22
pay_001420,order_001305,cust_00168,89.99,usd,card,visa,4830,succeeded,,2025-05-07T01:07:22,2025-05-07T01:07:22
pay_001421,order_001306,cust_00574,149.0,usd,card,mastercard,7770,succeeded,,2025-05-07T10:09:03,2025-05-07T10:09:03
pay_001422,order_001307,cust_00853,79.0,usd,card,mastercard,9197,succeeded,,2025-05-07T01:54:10,2025-05-07T01:54:10
pay_001423,order_001308,cust_00742,31.49,usd,card,visa,5316,succeeded,,2025-05-08T12:56:24,2025-05-08T12:56:24
pay_001424,order_001309,cust_00814,79.0,usd,apple_pay,,,succeeded,,2025-05-08T14:49:12,2025-05-08T14:49:12
pay_001425,order_001310,,64.99,usd,apple_pay,,,succeeded,,2025-05-08T13:27:28,2025-05-08T13:27:28
pay_001426,order_001311,cust_00580,67.15,usd,card,visa,6533,succeeded,,2025-05-09T01:12:51,2025-05-09T01:12:51
pay_001427,order_001312,cust_00663,9.99,usd,card,mastercard,7642,succeeded,,2025-05-10T08:00:48,2025-05-10T08:00:48
pay_001428,order_001313,,49.99,usd,paypal,,,succeeded,,2025-05-10T12:05:24,2025-05-10T12:05:24
pay_001429,order_001314,cust_00114,49.99,usd,card,visa,7995,failed,card_declined,2025-05-11T11:37:15,2025-05-11T11:37:15
pay_001430,order_001314,cust_00114,49.99,usd,card,visa,7432,succeeded,,2025-05-11T11:51:15,2025-05-11T11:51:15
pay_001431,order_001315,cust_00454,7.99,usd,card,visa,4008,succeeded,,2025-05-11T18:57:47,2025-05-11T18:57:47
pay_001432,order_001316,cust_00699,27.99,usd,card,visa,0754,failed,insufficient_funds,2025-05-11T18:57:38,2025-05-11T18:57:38
pay_001433,order_001316,cust_00699,27.99,usd,card,mastercard,2635,failed,card_declined,2025-05-11T19:05:38,2025-05-11T19:05:38
pay_001434,order_001316,cust_00699,27.99,usd,apple_pay,,,succeeded,,2025-05-11T19:12:38,2025-05-11T19:12:38
pay_001435,order_001317,cust_00050,129.0,usd,card,mastercard,4749,succeeded,,2025-05-12T22:42:42,2025-05-12T22:42:42
pay_001436,order_001318,cust_00565,79.0,usd,card,amex,5766,succeeded,,2025-05-12T11:27:21,2025-05-12T11:27:21
pay_001437,order_001319,cust_00133,9.99,usd,card,visa,8336,succeeded,,2025-05-13T22:00:46,2025-05-13T22:00:46
pay_001438,order_001320,cust_00315,120.0,usd,card,mastercard,2295,succeeded,,2025-05-13T06:50:05,2025-05-13T06:50:05
pay_001439,order_001321,cust_00379,24.99,usd,card,visa,2869,succeeded,,2025-05-13T14:14:58,2025-05-13T14:14:58
pay_001440,order_001322,cust_00778,51.99,usd,card,visa,3268,succeeded,,2025-05-13T20:59:08,2025-05-13T20:59:08
pay_001441,order_001323,,49.99,usd,paypal,,,failed,card_declined,2025-05-13T11:29:40,2025-05-13T11:29:40
pay_001442,order_001323,,49.99,usd,card,visa,6211,succeeded,,2025-05-13T11:43:40,2025-05-13T11:43:40
pay_001443,order_001324,cust_00189,17.99,usd,card,mastercard,0584,succeeded,,2025-05-14T00:37:41,2025-05-14T00:37:41
pay_001444,order_001325,cust_00598,34.99,usd,card,mastercard,3909,failed,card_declined,2025-05-14T22:26:41,2025-05-14T22:26:41
pay_001445,order_001325,cust_00598,34.99,usd,card,visa,4932,succeeded,,2025-05-14T22:41:41,2025-05-14T22:41:41
pay_001446,order_001326,cust_00130,129.0,usd,card,mastercard,2650,succeeded,,2025-05-15T09:30:08,2025-05-15T09:30:08
pay_001447,order_001327,cust_00170,9.99,usd,card,visa,2898,failed,card_declined,2025-05-15T23:21:44,2025-05-15T23:21:44
pay_001448,order_001327,cust_00170,9.99,usd,card,visa,4095,succeeded,,2025-05-15T23:40:44,2025-05-15T23:40:44
pay_001449,order_001328,cust_00321,64.99,usd,card,visa,1292,succeeded,,2025-05-16T20:03:23,2025-05-16T20:03:23
pay_001450,order_001329,cust_00435,49.99,usd,card,visa,6041,succeeded,,2025-05-16T23:10:13,2025-05-16T23:10:13
pay_001451,order_001330,cust_00571,49.99,usd,card,visa,0311,succeeded,,2025-05-16T14:50:18,2025-05-16T14:50:18
pay_001452,order_001331,cust_00591,149.0,usd,card,amex,8764,failed,card_declined,2025-05-16T02:01:30,2025-05-16T02:01:30
pay_001453,order_001331,cust_00591,149.0,usd,card,mastercard,1044,succeeded,,2025-05-16T02:12:30,2025-05-16T02:12:30
pay_001454,order_001332,,24.99,usd,card,mastercard,4479,succeeded,,2025-05-16T21:59:55,2025-05-16T21:59:55
pay_001455,order_001333,cust_00025,9.99,usd,paypal,,,succeeded,,2025-05-17T12:31:48,2025-05-17T12:31:48
pay_001456,order_001334,cust_00440,24.99,usd,card,mastercard,0362,succeeded,,2025-05-17T04:29:47,2025-05-17T04:29:47
pay_001457,order_001335,cust_00647,9.99,usd,card,amex,5382,succeeded,,2025-05-17T20:47:50,2025-05-17T20:47:50
pay_001458,order_001336,cust_00662,24.99,usd,paypal,,,succeeded,,2025-05-17T00:27:50,2025-05-17T00:27:50
pay_001459,order_001337,,24.99,usd,card,amex,8431,succeeded,,2025-05-17T11:24:35,2025-05-17T11:24:35
pay_001460,order_001338,,64.99,usd,card,visa,3044,succeeded,,2025-05-17T05:22:52,2025-05-17T05:22:52
pay_001461,order_001339,cust_00191,24.99,usd,paypal,,,succeeded,,2025-05-18T01:24:42,2025-05-18T01:24:42
pay_001462,order_001340,cust_00423,34.99,usd,card,mastercard,7998,succeeded,,2025-05-18T14:39:56,2025-05-18T14:39:56
pay_001463,order_001341,,49.99,usd,card,mastercard,6938,succeeded,,2025-05-18T23:24:48,2025-05-18T23:24:48
pay_001464,order_001342,,24.99,usd,card,discover,1692,succeeded,,2025-05-18T02:20:20,2025-05-18T02:20:20
pay_001465,order_001343,cust_00776,79.0,usd,card,discover,9888,succeeded,,2025-05-19T13:05:49,2025-05-19T13:05:49
pay_001466,order_001344,cust_00506,89.99,usd,card,mastercard,1302,succeeded,,2025-05-20T21:55:35,2025-05-20T21:55:35
pay_001467,order_001345,,34.99,usd,card,visa,3709,succeeded,,2025-05-20T09:57:06,2025-05-20T09:57:06
pay_001468,order_001346,cust_00161,129.0,usd,card,visa,3503,succeeded,,2025-05-21T07:37:56,2025-05-21T07:37:56
pay_001469,order_001347,cust_00323,31.49,usd,paypal,,,succeeded,,2025-05-21T02:22:00,2025-05-21T02:22:00
pay_001470,order_001348,,64.99,usd,card,visa,3104,succeeded,,2025-05-22T04:33:12,2025-05-22T04:33:12
pay_001471,order_001349,cust_00025,84.15,usd,card,visa,4577,succeeded,,2025-05-23T03:48:25,2025-05-23T03:48:25
pay_001472,order_001350,cust_00121,9.99,usd,card,discover,9896,succeeded,,2025-05-23T15:02:27,2025-05-23T15:02:27
pay_001473,order_001351,cust_00524,9.99,usd,paypal,,,succeeded,,2025-05-23T03:23:13,2025-05-23T03:23:13
pay_001474,order_001352,cust_00609,89.99,usd,apple_pay,,,succeeded,,2025-05-24T19:28:48,2025-05-24T19:28:48
pay_001475,order_001353,,89.99,usd,card,visa,6501,succeeded,,2025-05-24T08:28:19,2025-05-24T08:28:19
pay_001476,order_001354,cust_00081,34.99,usd,card,visa,6884,succeeded,,2025-05-25T11:46:33,2025-05-25T11:46:33
pay_001477,order_001355,cust_00232,129.0,usd,card,amex,8546,failed,expired_card,2025-05-25T03:32:03,2025-05-25T03:32:03
pay_001478,order_001355,cust_00232,129.0,usd,apple_pay,,,succeeded,,2025-05-25T03:38:03,2025-05-25T03:38:03
pay_001479,order_001356,cust_00437,7.99,usd,apple_pay,,,succeeded,,2025-05-25T15:55:42,2025-05-25T15:55:42
pay_001480,order_001357,,49.99,usd,card,visa,4098,succeeded,,2025-05-25T07:12:08,2025-05-25T07:12:08
pay_001481,order_001358,cust_00169,24.99,usd,card,amex,3898,succeeded,,2025-05-26T14:15:43,2025-05-26T14:15:43
pay_001482,order_001359,cust_00293,24.99,usd,card,visa,8107,succeeded,,2025-05-26T05:27:58,2025-05-26T05:27:58
pay_001483,order_001360,cust_00458,149.0,usd,card,amex,7982,succeeded,,2025-05-26T10:52:25,2025-05-26T10:52:25
pay_001484,order_001361,cust_00528,9.99,usd,card,amex,4174,succeeded,,2025-05-26T18:58:36,2025-05-26T18:58:36
pay_001485,order_001362,cust_00656,9.99,usd,card,visa,6650,succeeded,,2025-05-26T09:09:50,2025-05-26T09:09:50
pay_001486,order_001363,cust_00719,9.99,usd,card,visa,6853,succeeded,,2025-05-26T10:16:34,2025-05-26T10:16:34
pay_001487,order_001364,cust_00245,64.99,usd,card,mastercard,9896,succeeded,,2025-05-27T09:18:02,2025-05-27T09:18:02
pay_001488,order_001365,cust_00326,149.0,usd,card,amex,2138,failed,expired_card,2025-05-27T00:10:32,2025-05-27T00:10:32
pay_001489,order_001365,cust_00326,149.0,usd,card,visa,4806,succeeded,,2025-05-27T00:25:32,2025-05-27T00:25:32
pay_001490,order_001366,,89.99,usd,paypal,,,succeeded,,2025-05-27T06:37:01,2025-05-27T06:37:01
pay_001491,order_001367,,64.99,usd,card,visa,3917,succeeded,,2025-05-27T12:02:30,2025-05-27T12:02:30
pay_001492,order_001368,cust_00139,49.99,usd,card,visa,5904,succeeded,,2025-05-28T02:52:57,2025-05-28T02:52:57
pay_001493,order_001369,cust_00288,99.0,usd,card,amex,1205,succeeded,,2025-05-28T21:29:28,2025-05-28T21:29:28
pay_001494,order_001370,cust_00446,24.99,usd,card,visa,2789,succeeded,,2025-05-28T00:53:13,2025-05-28T00:53:13
pay_001495,order_001371,cust_00655,34.99,usd,paypal,,,failed,processing_error,2025-05-28T02:55:01,2025-05-28T02:55:01
pay_001496,order_001371,cust_00655,34.99,usd,card,amex,9487,failed,card_declined,2025-05-28T03:02:01,2025-05-28T03:02:01
pay_001497,order_001371,cust_00655,34.99,usd,card,mastercard,5134,succeeded,,2025-05-28T03:09:01,2025-05-28T03:09:01
pay_001498,order_001372,,24.99,usd,card,visa,6539,succeeded,,2025-05-28T13:57:01,2025-05-28T13:57:01
pay_001499,order_001373,cust_00689,9.99,usd,card,visa,7160,succeeded,,2025-05-29T15:47:56,2025-05-29T15:47:56
pay_001500,order_001374,,89.99,usd,card,visa,6565,succeeded,,2025-05-29T22:38:35,2025-05-29T22:38:35
pay_001501,order_001375,cust_00142,7.99,usd,card,mastercard,6942,succeeded,,2025-05-30T02:18:16,2025-05-30T02:18:16
pay_001502,order_001376,cust_00230,49.99,usd,card,visa,6056,succeeded,,2025-05-30T21:45:55,2025-05-30T21:45:55
pay_001503,order_001377,cust_00257,129.0,usd,card,mastercard,5237,succeeded,,2025-05-30T17:49:13,2025-05-30T17:49:13
pay_001504,order_001378,cust_00004,34.99,usd,paypal,,,succeeded,,2025-05-31T03:28:25,2025-05-31T03:28:25
pay_001505,order_001379,cust_00091,9.99,usd,paypal,,,succeeded,,2025-05-31T00:41:57,2025-05-31T00:41:57
pay_001506,order_001380,cust_00329,34.99,usd,card,visa,9063,succeeded,,2025-05-31T11:03:58,2025-05-31T11:03:58
pay_001507,order_001381,cust_00621,24.99,usd,card,visa,3009,succeeded,,2025-05-31T19:01:48,2025-05-31T19:01:48
pay_001508,order_001382,cust_00391,24.99,usd,card,mastercard,6390,succeeded,,2025-06-01T18:15:46,2025-06-01T18:15:46
pay_001509,order_001383,cust_00516,64.99,usd,card,visa,6342,succeeded,,2025-06-01T20:55:52,2025-06-01T20:55:52
pay_001510,order_001384,,64.99,usd,card,visa,7492,succeeded,,2025-06-01T15:01:24,2025-06-01T15:01:24
pay_001511,order_001385,,22.49,usd,card,discover,1351,succeeded,,2025-06-01T08:26:54,2025-06-01T08:26:54
pay_001512,order_001386,cust_00625,99.0,usd,card,visa,0955,succeeded,,2025-06-02T15:31:17,2025-06-02T15:31:17
pay_001513,order_001387,cust_00771,22.49,usd,card,visa,0870,succeeded,,2025-06-02T02:53:13,2025-06-02T02:53:13
pay_001514,order_001388,cust_00611,19.99,usd,card,visa,5302,succeeded,,2025-06-03T00:12:31,2025-06-03T00:12:31
pay_001515,order_001389,cust_00618,7.99,usd,card,amex,9360,succeeded,,2025-06-03T06:01:08,2025-06-03T06:01:08
pay_001516,order_001390,,49.99,usd,card,amex,4326,succeeded,,2025-06-03T23:22:34,2025-06-03T23:22:34
pay_001517,order_001391,cust_00364,9.99,usd,card,visa,1771,succeeded,,2025-06-04T15:32:13,2025-06-04T15:32:13
pay_001518,order_001392,,49.99,usd,card,discover,8683,succeeded,,2025-06-04T06:52:18,2025-06-04T06:52:18
pay_001519,order_001393,cust_00068,129.0,usd,card,mastercard,2269,succeeded,,2025-06-05T07:13:02,2025-06-05T07:13:02
pay_001520,order_001394,cust_00170,49.99,usd,card,mastercard,9033,succeeded,,2025-06-05T17:28:18,2025-06-05T17:28:18
pay_001521,order_001395,cust_00313,99.0,usd,card,visa,9585,succeeded,,2025-06-05T13:30:51,2025-06-05T13:30:51
pay_001522,order_001396,cust_00805,17.99,usd,card,mastercard,7524,succeeded,,2025-06-05T22:55:42,2025-06-05T22:55:42
pay_001523,order_001397,,64.99,usd,card,amex,1652,succeeded,,2025-06-05T23:40:56,2025-06-05T23:40:56
pay_001524,order_001398,cust_00625,22.49,usd,card,discover,0036,succeeded,,2025-06-06T23:39:38,2025-06-06T23:39:38
pay_001525,order_001399,,22.49,usd,card,visa,7950,succeeded,,2025-06-06T17:28:13,2025-06-06T17:28:13
pay_001526,order_001400,cust_00161,34.99,usd,paypal,,,succeeded,,2025-06-07T05:07:25,2025-06-07T05:07:25
pay_001527,order_001401,cust_00311,9.99,usd,card,discover,9749,succeeded,,2025-06-07T21:26:16,2025-06-07T21:26:16
pay_001528,order_001402,cust_00626,24.99,usd,paypal,,,succeeded,,2025-06-07T16:07:28,2025-06-07T16:07:28
pay_001529,order_001403,cust_00836,22.49,usd,card,visa,3612,succeeded,,2025-06-07T07:35:55,2025-06-07T07:35:55
pay_001530,order_001404,cust_00237,34.99,usd,card,visa,9183,succeeded,,2025-06-08T16:43:47,2025-06-08T16:43:47
pay_001531,order_001405,cust_00256,9.99,usd,card,visa,6834,succeeded,,2025-06-08T02:39:42,2025-06-08T02:39:42
pay_001532,order_001406,cust_00591,99.0,usd,apple_pay,,,failed,processing_error,2025-06-08T23:49:50,2025-06-08T23:49:50
pay_001533,order_001406,cust_00591,99.0,usd,card,amex,8346,succeeded,,2025-06-08T23:52:50,2025-06-08T23:52:50
pay_001534,order_001407,cust_00596,24.99,usd,card,visa,1526,succeeded,,2025-06-08T04:52:31,2025-06-08T04:52:31
pay_001535,order_001408,cust_00772,99.0,usd,card,visa,3483,succeeded,,2025-06-08T07:57:21,2025-06-08T07:57:21
pay_001536,order_001409,cust_00037,34.99,usd,card,amex,1997,succeeded,,2025-06-09T15:21:10,2025-06-09T15:21:10
pay_001537,order_001410,cust_00395,9.99,usd,card,amex,6054,succeeded,,2025-06-09T11:33:48,2025-06-09T11:33:48
pay_001538,order_001411,cust_00416,19.99,usd,card,mastercard,2174,failed,card_declined,2025-06-09T05:39:42,2025-06-09T05:39:42
pay_001539,order_001411,cust_00416,19.99,usd,card,visa,1068,succeeded,,2025-06-09T05:53:42,2025-06-09T05:53:42
pay_001540,order_001412,cust_00546,8.99,usd,card,visa,0419,succeeded,,2025-06-09T00:48:35,2025-06-09T00:48:35
pay_001541,order_001413,cust_00797,79.0,usd,card,visa,4304,succeeded,,2025-06-09T02:47:06,2025-06-09T02:47:06
pay_001542,order_001414,,24.99,usd,card,visa,3520,succeeded,,2025-06-09T15:21:10,2025-06-09T15:21:10
pay_001543,order_001415,cust_00747,8.99,usd,card,visa,3323,succeeded,,2025-06-10T03:51:19,2025-06-10T03:51:19
pay_001544,order_001416,cust_00826,39.99,usd,apple_pay,,,succeeded,,2025-06-10T07:32:17,2025-06-10T07:32:17
pay_001545,order_001417,,44.99,usd,card,discover,1794,succeeded,,2025-06-10T02:14:50,2025-06-10T02:14:50
pay_001546,order_001418,,34.99,usd,card,amex,1535,succeeded,,2025-06-10T15:48:00,2025-06-10T15:48:00
pay_001547,order_001419,cust_00091,99.0,usd,card,visa,9185,succeeded,,2025-06-11T19:26:20,2025-06-11T19:26:20
pay_001548,order_001420,cust_00124,46.79,usd,card,amex,8885,succeeded,,2025-06-11T05:55:55,2025-06-11T05:55:55
pay_001549,order_001421,cust_00332,79.0,usd,card,mastercard,1112,succeeded,,2025-06-13T16:15:05,2025-06-13T16:15:05
pay_001550,order_001422,cust_00142,79.0,usd,card,discover,1011,failed,card_declined,2025-06-14T06:45:53,2025-06-14T06:45:53
pay_001551,order_001422,cust_00142,79.0,usd,card,visa,5694,failed,processing_error,2025-06-14T06:51:53,2025-06-14T06:51:53
pay_001552,order_001422,cust_00142,79.0,usd,card,visa,7817,succeeded,,2025-06-14T06:57:53,2025-06-14T06:57:53
pay_001553,order_001423,cust_00210,8.99,usd,card,visa,9948,succeeded,,2025-06-14T22:53:44,2025-06-14T22:53:44
pay_001554,order_001424,cust_00286,34.99,usd,paypal,,,failed,card_declined,2025-06-14T17:59:29,2025-06-14T17:59:29
pay_001555,order_001424,cust_00286,34.99,usd,card,visa,8503,succeeded,,2025-06-14T18:07:29,2025-06-14T18:07:29
pay_001556,order_001425,cust_00744,9.99,usd,card,visa,3523,succeeded,,2025-06-14T10:42:25,2025-06-14T10:42:25
pay_001557,order_001426,,64.99,usd,paypal,,,succeeded,,2025-06-14T21:50:30,2025-06-14T21:50:30
pay_001558,order_001427,cust_00298,24.99,usd,card,mastercard,7912,succeeded,,2025-06-15T14:23:38,2025-06-15T14:23:38
pay_001559,order_001428,cust_00335,99.0,usd,card,amex,9018,succeeded,,2025-06-15T04:35:54,2025-06-15T04:35:54
pay_001560,order_001429,cust_00809,49.99,usd,card,visa,3584,succeeded,,2025-06-15T15:27:09,2025-06-15T15:27:09
pay_001561,order_001430,,34.99,usd,card,visa,9678,succeeded,,2025-06-15T03:44:22,2025-06-15T03:44:22
pay_001562,order_001431,,49.99,usd,card,visa,8267,succeeded,,2025-06-15T06:17:57,2025-06-15T06:17:57
pay_001563,order_001432,cust_00036,31.49,usd,card,visa,5830,failed,insufficient_funds,2025-06-16T22:54:17,2025-06-16T22:54:17
pay_001564,order_001432,cust_00036,31.49,usd,card,mastercard,7012,succeeded,,2025-06-16T23:04:17,2025-06-16T23:04:17
pay_001565,order_001433,cust_00379,34.99,usd,card,visa,2530,succeeded,,2025-06-16T18:09:53,2025-06-16T18:09:53
pay_001566,order_001434,cust_00493,22.49,usd,card,visa,1105,succeeded,,2025-06-16T17:53:04,2025-06-16T17:53:04
pay_001567,order_001435,cust_00732,51.99,usd,card,mastercard,4831,succeeded,,2025-06-16T10:16:08,2025-06-16T10:16:08
pay_001568,order_001436,,64.99,usd,card,mastercard,1590,succeeded,,2025-06-16T02:48:26,2025-06-16T02:48:26
pay_001569,order_001437,cust_00301,9.99,usd,card,visa,2799,succeeded,,2025-06-17T22:26:12,2025-06-17T22:26:12
pay_001570,order_001438,,89.99,usd,card,mastercard,8825,succeeded,,2025-06-17T19:27:52,2025-06-17T19:27:52
pay_001571,order_001439,cust_00088,24.99,usd,paypal,,,succeeded,,2025-06-18T06:11:58,2025-06-18T06:11:58
pay_001572,order_001440,cust_00176,99.0,usd,card,mastercard,6692,succeeded,,2025-06-18T11:00:04,2025-06-18T11:00:04
pay_001573,order_001441,cust_00315,99.0,usd,paypal,,,succeeded,,2025-06-18T15:46:03,2025-06-18T15:46:03
pay_001574,order_001442,cust_00494,24.99,usd,card,visa,9909,failed,expired_card,2025-06-18T21:43:34,2025-06-18T21:43:34
pay_001575,order_001442,cust_00494,24.99,usd,card,visa,8359,succeeded,,2025-06-18T22:00:34,2025-06-18T22:00:34
pay_001576,order_001443,cust_00037,64.99,usd,card,visa,7148,succeeded,,2025-06-19T07:19:53,2025-06-19T07:19:53
pay_001577,order_001444,cust_00721,63.2,usd,card,mastercard,2346,succeeded,,2025-06-19T04:31:18,2025-06-19T04:31:18
pay_001578,order_001445,,49.99,usd,card,amex,5935,succeeded,,2025-06-19T11:12:12,2025-06-19T11:12:12
pay_001579,order_001446,,64.99,usd,card,amex,7396,succeeded,,2025-06-19T21:11:16,2025-06-19T21:11:16
pay_001580,order_001447,cust_00318,64.99,usd,card,visa,2178,succeeded,,2025-06-20T08:21:14,2025-06-20T08:21:14
pay_001581,order_001448,cust_00490,120.0,usd,card,mastercard,2583,succeeded,,2025-06-20T07:41:37,2025-06-20T07:41:37
pay_001582,order_001449,,64.99,usd,card,visa,3113,succeeded,,2025-06-20T23:07:24,2025-06-20T23:07:24
pay_001583,order_001450,cust_00489,58.49,usd,paypal,,,succeeded,,2025-06-21T00:54:25,2025-06-21T00:54:25
pay_001584,order_001451,cust_00612,24.99,usd,card,amex,6245,succeeded,,2025-06-21T19:43:46,2025-06-21T19:43:46
pay_001585,order_001452,,24.99,usd,card,visa,5484,failed,insufficient_funds,2025-06-21T05:41:19,2025-06-21T05:41:19
pay_001586,order_001452,,24.99,usd,card,visa,0924,succeeded,,2025-06-21T05:58:19,2025-06-21T05:58:19
pay_001587,order_001453,cust_00139,129.0,usd,card,visa,8499,succeeded,,2025-06-22T19:49:44,2025-06-22T19:49:44
pay_001588,order_001454,cust_00381,89.99,usd,paypal,,,succeeded,,2025-06-22T17:33:39,2025-06-22T17:33:39
pay_001589,order_001455,,64.99,usd,card,visa,6642,succeeded,,2025-06-22T12:23:42,2025-06-22T12:23:42
pay_001590,order_001456,,49.99,usd,paypal,,,succeeded,,2025-06-22T20:49:10,2025-06-22T20:49:10
pay_001591,order_001457,cust_00322,84.15,usd,card,mastercard,7763,succeeded,,2025-06-23T11:07:41,2025-06-23T11:07:41
pay_001592,order_001458,cust_00330,9.99,usd,card,mastercard,4764,succeeded,,2025-06-23T09:26:38,2025-06-23T09:26:38
pay_001593,order_001459,cust_00698,49.99,usd,card,visa,7443,succeeded,,2025-06-23T04:22:05,2025-06-23T04:22:05
pay_001594,order_001460,cust_00705,120.0,usd,card,mastercard,5221,succeeded,,2025-06-23T19:59:36,2025-06-23T19:59:36
pay_001595,order_001461,cust_00171,49.99,usd,card,amex,8676,succeeded,,2025-06-24T17:50:03,2025-06-24T17:50:03
pay_001596,order_001462,cust_00298,34.99,usd,card,mastercard,4653,succeeded,,2025-06-24T07:59:54,2025-06-24T07:59:54
pay_001597,order_001463,cust_00332,34.99,usd,paypal,,,succeeded,,2025-06-24T14:56:58,2025-06-24T14:56:58
pay_001598,order_001464,cust_00074,51.99,usd,apple_pay,,,succeeded,,2025-06-25T01:26:30,2025-06-25T01:26:30
pay_001599,order_001465,cust_00088,9.99,usd,card,discover,5044,succeeded,,2025-06-25T06:41:43,2025-06-25T06:41:43
pay_001600,order_001466,cust_00171,24.99,usd,paypal,,,succeeded,,2025-06-25T23:27:06,2025-06-25T23:27:06
pay_001601,order_001467,,49.99,usd,card,visa,4681,succeeded,,2025-06-25T05:43:18,2025-06-25T05:43:18
pay_001602,order_001468,cust_00118,79.2,usd,card,visa,9119,failed,insufficient_funds,2025-06-26T07:25:23,2025-06-26T07:25:23
pay_001603,order_001468,cust_00118,79.2,usd,card,visa,7747,succeeded,,2025-06-26T07:36:23,2025-06-26T07:36:23
pay_001604,order_001469,cust_00130,89.99,usd,card,visa,3892,succeeded,,2025-06-26T11:56:36,2025-06-26T11:56:36
pay_001605,order_001470,cust_00276,149.0,usd,paypal,,,succeeded,,2025-06-26T06:48:31,2025-06-26T06:48:31
pay_001606,order_001471,cust_00528,80.99,usd,card,mastercard,3798,succeeded,,2025-06-26T05:29:16,2025-06-26T05:29:16
pay_001607,order_001472,,44.99,usd,card,visa,1558,succeeded,,2025-06-26T13:08:15,2025-06-26T13:08:15
pay_001608,order_001473,,24.99,usd,apple_pay,,,succeeded,,2025-06-26T23:38:16,2025-06-26T23:38:16
pay_001609,order_001474,cust_00361,34.99,usd,card,visa,1458,succeeded,,2025-06-27T16:21:49,2025-06-27T16:21:49
pay_001610,order_001475,cust_00604,44.99,usd,card,visa,5407,succeeded,,2025-06-27T10:04:21,2025-06-27T10:04:21
pay_001611,order_001476,cust_00720,34.99,usd,card,visa,9371,succeeded,,2025-06-27T03:16:14,2025-06-27T03:16:14
pay_001612,order_001477,,49.99,usd,card,visa,2170,succeeded,,2025-06-27T03:59:46,2025-06-27T03:59:46
pay_001613,order_001478,,34.99,usd,card,mastercard,4737,succeeded,,2025-06-27T05:30:24,2025-06-27T05:30:24
pay_001614,order_001479,cust_00213,84.15,usd,card,discover,3473,succeeded,,2025-06-28T02:13:09,2025-06-28T02:13:09
pay_001615,order_001480,cust_00853,34.99,usd,card,visa,6097,failed,card_declined,2025-06-28T23:00:17,2025-06-28T23:00:17
pay_001616,order_001480,cust_00853,34.99,usd,card,visa,1915,succeeded,,2025-06-28T23:17:17,2025-06-28T23:17:17
pay_001617,order_001481,,24.99,usd,card,mastercard,2874,succeeded,,2025-06-28T06:31:17,2025-06-28T06:31:17
pay_001618,order_001482,,49.99,usd,card,visa,7905,succeeded,,2025-06-28T18:13:10,2025-06-28T18:13:10
pay_001619,order_001483,cust_00573,24.99,usd,card,mastercard,3213,succeeded,,2025-06-29T08:15:50,2025-06-29T08:15:50
pay_001620,order_001484,,49.99,usd,card,visa,9154,succeeded,,2025-06-29T23:31:34,2025-06-29T23:31:34
pay_001621,order_001485,,24.99,usd,card,mastercard,1631,succeeded,,2025-06-30T17:08:42,2025-06-30T17:08:42
pay_001622,order_001486,cust_00139,79.0,usd,card,visa,4780,succeeded,,2025-07-01T04:20:27,2025-07-01T04:20:27
pay_001623,order_001487,cust_00260,64.99,usd,paypal,,,succeeded,,2025-07-01T18:21:37,2025-07-01T18:21:37
pay_001624,order_001488,cust_00267,89.99,usd,card,amex,3496,succeeded,,2025-07-01T07:46:37,2025-07-01T07:46:37
pay_001625,order_001489,cust_00307,24.99,usd,card,mastercard,1904,succeeded,,2025-07-02T18:45:06,2025-07-02T18:45:06
pay_001626,order_001490,cust_00378,9.99,usd,card,amex,1506,succeeded,,2025-07-02T08:27:02,2025-07-02T08:27:02
pay_001627,order_001491,cust_00238,99.0,usd,card,visa,7555,succeeded,,2025-07-04T08:21:54,2025-07-04T08:21:54
pay_001628,order_001492,,34.99,usd,card,visa,4205,succeeded,,2025-07-04T17:05:40,2025-07-04T17:05:40
pay_001629,order_001493,,24.99,usd,card,mastercard,5294,succeeded,,2025-07-04T13:59:41,2025-07-04T13:59:41
pay_001630,order_001494,,24.99,usd,card,visa,4968,succeeded,,2025-07-05T05:58:34,2025-07-05T05:58:34
pay_001631,order_001495,cust_00172,79.0,usd,card,visa,4100,succeeded,,2025-07-06T19:34:16,2025-07-06T19:34:16
pay_001632,order_001496,cust_00730,34.99,usd,card,visa,5216,succeeded,,2025-07-06T15:59:37,2025-07-06T15:59:37
pay_001633,order_001497,cust_00475,24.99,usd,card,visa,8797,succeeded,,2025-07-07T03:07:25,2025-07-07T03:07:25
pay_001634,order_001498,cust_00719,79.0,usd,paypal,,,succeeded,,2025-07-07T22:07:29,2025-07-07T22:07:29
pay_001635,order_001499,,64.99,usd,card,visa,4769,succeeded,,2025-07-07T03:26:06,2025-07-07T03:26:06
pay_001636,order_001500,cust_00439,79.0,usd,card,visa,5285,succeeded,,2025-07-08T08:50:53,2025-07-08T08:50:53
pay_001637,order_001501,,24.99,usd,card,visa,2007,succeeded,,2025-07-08T19:08:43,2025-07-08T19:08:43
pay_001638,order_001502,cust_00332,24.99,usd,card,mastercard,1284,succeeded,,2025-07-09T18:21:34,2025-07-09T18:21:34
pay_001639,order_001503,cust_00630,34.99,usd,card,discover,8850,succeeded,,2025-07-09T23:23:44,2025-07-09T23:23:44
pay_001640,order_001504,cust_00130,9.99,usd,card,visa,7756,succeeded,,2025-07-11T00:29:39,2025-07-11T00:29:39
pay_001641,order_001505,cust_00174,9.99,usd,card,visa,6594,failed,card_declined,2025-07-11T00:02:54,2025-07-11T00:02:54
pay_001642,order_001505,cust_00174,9.99,usd,card,visa,7848,succeeded,,2025-07-11T00:22:54,2025-07-11T00:22:54
pay_001643,order_001506,cust_00467,49.99,usd,card,mastercard,6918,succeeded,,2025-07-11T18:47:25,2025-07-11T18:47:25
pay_001644,order_001507,cust_00494,34.99,usd,card,discover,7179,succeeded,,2025-07-11T12:34:38,2025-07-11T12:34:38
pay_001645,order_001508,,64.99,usd,card,visa,7895,succeeded,,2025-07-11T21:14:01,2025-07-11T21:14:01
pay_001646,order_001509,,64.99,usd,card,mastercard,3243,succeeded,,2025-07-11T17:34:09,2025-07-11T17:34:09
pay_001647,order_001510,cust_00075,24.99,usd,card,amex,4868,succeeded,,2025-07-12T17:59:28,2025-07-12T17:59:28
pay_001648,order_001511,cust_00444,67.15,usd,card,visa,1456,succeeded,,2025-07-12T21:12:25,2025-07-12T21:12:25
pay_001649,order_001512,cust_00744,84.15,usd,card,visa,5858,succeeded,,2025-07-12T19:25:32,2025-07-12T19:25:32
pay_001650,order_001513,,31.49,usd,card,visa,3802,succeeded,,2025-07-12T07:17:51,2025-07-12T07:17:51
pay_001651,order_001514,,80.99,usd,card,visa,4464,succeeded,,2025-07-12T12:51:13,2025-07-12T12:51:13
pay_001652,order_001515,cust_00419,9.99,usd,card,visa,3324,succeeded,,2025-07-13T08:27:36,2025-07-13T08:27:36
pay_001653,order_001516,cust_00632,39.99,usd,card,visa,9757,succeeded,,2025-07-13T18:36:57,2025-07-13T18:36:57
pay_001654,order_001517,cust_00752,99.0,usd,card,discover,2950,succeeded,,2025-07-14T22:51:57,2025-07-14T22:51:57
pay_001655,order_001518,cust_00004,49.99,usd,card,visa,5036,succeeded,,2025-07-15T22:50:49,2025-07-15T22:50:49
pay_001656,order_001519,,34.99,usd,card,mastercard,9180,succeeded,,2025-07-15T06:16:46,2025-07-15T06:16:46
pay_001657,order_001520,,34.99,usd,card,visa,4820,succeeded,,2025-07-15T07:08:48,2025-07-15T07:08:48
pay_001658,order_001521,,22.49,usd,card,mastercard,2148,succeeded,,2025-07-15T09:03:43,2025-07-15T09:03:43
pay_001659,order_001522,cust_00041,120.0,usd,paypal,,,succeeded,,2025-07-16T20:24:26,2025-07-16T20:24:26
pay_001660,order_001523,cust_00126,120.0,usd,card,amex,5196,failed,card_declined,2025-07-16T09:42:03,2025-07-16T09:42:03
pay_001661,order_001523,cust_00126,120.0,usd,card,mastercard,6475,failed,expired_card,2025-07-16T09:49:03,2025-07-16T09:49:03
pay_001662,order_001523,cust_00126,120.0,usd,card,mastercard,3371,succeeded,,2025-07-16T10:02:03,2025-07-16T10:02:03
pay_001663,order_001524,cust_00612,49.99,usd,card,mastercard,3395,succeeded,,2025-07-16T02:33:24,2025-07-16T02:33:24
pay_001664,order_001525,cust_00100,24.99,usd,card,mastercard,0250,failed,card_declined,2025-07-17T19:28:06,2025-07-17T19:28:06
pay_001665,order_001525,cust_00100,24.99,usd,card,visa,3492,succeeded,,2025-07-17T19:38:06,2025-07-17T19:38:06
pay_001666,order_001526,cust_00279,34.99,usd,card,visa,5594,succeeded,,2025-07-17T07:33:43,2025-07-17T07:33:43
pay_001667,order_001527,cust_00303,99.0,usd,card,visa,4632,succeeded,,2025-07-17T01:17:15,2025-07-17T01:17:15
pay_001668,order_001528,cust_00419,49.99,usd,card,visa,7093,succeeded,,2025-07-17T13:28:08,2025-07-17T13:28:08
pay_001669,order_001529,,44.99,usd,paypal,,,succeeded,,2025-07-17T22:19:56,2025-07-17T22:19:56
pay_001670,order_001530,,24.99,usd,card,discover,7016,succeeded,,2025-07-17T18:03:14,2025-07-17T18:03:14
pay_001671,order_001531,cust_00496,49.99,usd,card,visa,2306,succeeded,,2025-07-18T08:04:49,2025-07-18T08:04:49
pay_001672,order_001532,,24.99,usd,paypal,,,succeeded,,2025-07-18T08:56:03,2025-07-18T08:56:03
pay_001673,order_001533,cust_00528,49.99,usd,card,visa,0296,succeeded,,2025-07-19T10:55:44,2025-07-19T10:55:44
pay_001674,order_001534,cust_00851,9.99,usd,card,mastercard,9670,failed,processing_error,2025-07-19T07:49:45,2025-07-19T07:49:45
pay_001675,order_001534,cust_00851,9.99,usd,paypal,,,succeeded,,2025-07-19T08:05:45,2025-07-19T08:05:45
pay_001676,order_001535,cust_00027,64.99,usd,card,visa,6085,succeeded,,2025-07-20T13:51:58,2025-07-20T13:51:58
pay_001677,order_001536,cust_00541,34.99,usd,card,mastercard,5668,succeeded,,2025-07-20T18:36:30,2025-07-20T18:36:30
pay_001678,order_001537,cust_00601,64.99,usd,card,mastercard,9515,succeeded,,2025-07-20T06:28:23,2025-07-20T06:28:23
pay_001679,order_001538,cust_00689,129.0,usd,card,visa,8621,succeeded,,2025-07-20T20:47:55,2025-07-20T20:47:55
pay_001680,order_001539,,49.99,usd,card,amex,3928,succeeded,,2025-07-20T07:13:04,2025-07-20T07:13:04
pay_001681,order_001540,,44.99,usd,card,visa,7033,succeeded,,2025-07-20T13:01:08,2025-07-20T13:01:08
pay_001682,order_001541,cust_00276,149.0,usd,card,amex,5620,succeeded,,2025-07-21T20:23:26,2025-07-21T20:23:26
pay_001683,order_001542,cust_00348,24.99,usd,card,visa,4561,succeeded,,2025-07-21T05:33:41,2025-07-21T05:33:41
pay_001684,order_001543,cust_00689,79.0,usd,card,mastercard,8202,succeeded,,2025-07-21T18:45:00,2025-07-21T18:45:00
pay_001685,order_001544,,120.0,usd,card,visa,3721,succeeded,,2025-07-21T06:24:50,2025-07-21T06:24:50
pay_001686,order_001545,cust_00423,34.99,usd,paypal,,,succeeded,,2025-07-22T00:33:34,2025-07-22T00:33:34
pay_001687,order_001546,cust_00673,89.99,usd,card,mastercard,8414,succeeded,,2025-07-22T12:24:31,2025-07-22T12:24:31
pay_001688,order_001547,cust_00755,49.99,usd,card,visa,4334,succeeded,,2025-07-22T10:35:32,2025-07-22T10:35:32
pay_001689,order_001548,,24.99,usd,card,visa,6170,succeeded,,2025-07-22T08:07:40,2025-07-22T08:07:40
pay_001690,order_001549,,24.99,usd,card,visa,0444,succeeded,,2025-07-22T00:13:51,2025-07-22T00:13:51
pay_001691,order_001550,cust_00229,64.99,usd,card,visa,5471,succeeded,,2025-07-23T20:28:21,2025-07-23T20:28:21
pay_001692,order_001551,cust_00176,9.99,usd,card,discover,2612,succeeded,,2025-07-24T20:14:59,2025-07-24T20:14:59
pay_001693,order_001552,cust_00360,79.0,usd,card,visa,1028,succeeded,,2025-07-24T15:55:39,2025-07-24T15:55:39
pay_001694,order_001553,,49.99,usd,card,amex,9862,succeeded,,2025-07-24T01:40:45,2025-07-24T01:40:45
pay_001695,order_001554,cust_00577,129.0,usd,card,mastercard,5905,succeeded,,2025-07-25T15:24:14,2025-07-25T15:24:14
pay_001696,order_001555,,24.99,usd,card,mastercard,9930,succeeded,,2025-07-25T12:29:24,2025-07-25T12:29:24
pay_001697,order_001556,cust_00295,79.0,usd,card,visa,9423,succeeded,,2025-07-26T02:56:16,2025-07-26T02:56:16
pay_001698,order_001557,,49.99,usd,paypal,,,succeeded,,2025-07-26T16:04:12,2025-07-26T16:04:12
pay_001699,order_001558,cust_00034,9.99,usd,card,visa,4706,succeeded,,2025-07-27T09:03:32,2025-07-27T09:03:32
pay_001700,order_001559,cust_00066,34.99,usd,card,mastercard,0007,succeeded,,2025-07-27T07:27:14,2025-07-27T07:27:14
pay_001701,order_001560,cust_00141,34.99,usd,card,visa,4110,succeeded,,2025-07-27T08:36:33,2025-07-27T08:36:33
pay_001702,order_001561,cust_00260,24.99,usd,apple_pay,,,succeeded,,2025-07-27T17:52:52,2025-07-27T17:52:52
pay_001703,order_001562,cust_00301,49.99,usd,card,visa,7846,succeeded,,2025-07-27T12:00:16,2025-07-27T12:00:16
pay_001704,order_001563,,24.99,usd,paypal,,,succeeded,,2025-07-27T19:03:24,2025-07-27T19:03:24
pay_001705,order_001564,,34.99,usd,card,mastercard,0640,succeeded,,2025-07-27T06:28:52,2025-07-27T06:28:52
pay_001706,order_001565,,24.99,usd,card,mastercard,1649,succeeded,,2025-07-27T20:30:36,2025-07-27T20:30:36
pay_001707,order_001566,cust_00192,120.0,usd,card,amex,0569,succeeded,,2025-07-28T07:59:48,2025-07-28T07:59:48
pay_001708,order_001567,cust_00353,9.99,usd,card,visa,2894,succeeded,,2025-07-28T06:09:44,2025-07-28T06:09:44
pay_001709,order_001568,,34.99,usd,card,mastercard,5358,succeeded,,2025-07-28T05:00:42,2025-07-28T05:00:42
pay_001710,order_001569,cust_00234,24.99,usd,paypal,,,succeeded,,2025-07-29T23:47:09,2025-07-29T23:47:09
pay_001711,order_001570,cust_00396,9.99,usd,card,visa,6845,succeeded,,2025-07-29T04:32:43,2025-07-29T04:32:43
pay_001712,order_001571,cust_00643,24.99,usd,card,mastercard,8636,succeeded,,2025-07-29T03:33:09,2025-07-29T03:33:09
pay_001713,order_001572,,89.99,usd,card,mastercard,8734,succeeded,,2025-07-29T22:45:48,2025-07-29T22:45:48
pay_001714,order_001573,cust_00233,79.0,usd,card,amex,5382,succeeded,,2025-07-30T00:13:00,2025-07-30T00:13:00
pay_001715,order_001574,,89.99,usd,card,discover,4793,succeeded,,2025-07-30T22:58:21,2025-07-30T22:58:21
pay_001716,order_001575,,34.99,usd,card,discover,7710,succeeded,,2025-07-30T19:38:32,2025-07-30T19:38:32
pay_001717,order_001576,cust_00260,89.99,usd,card,visa,1173,succeeded,,2025-07-31T22:13:30,2025-07-31T22:13:30
pay_001718,order_001577,cust_00670,8.99,usd,card,amex,7200,succeeded,,2025-07-31T09:58:31,2025-07-31T09:58:31
pay_001719,order_001578,,49.99,usd,card,mastercard,9342,succeeded,,2025-07-31T16:05:13,2025-07-31T16:05:13
pay_001720,order_001579,,22.49,usd,paypal,,,succeeded,,2025-07-31T08:27:06,2025-07-31T08:27:06
pay_001721,order_001580,cust_00530,9.99,usd,card,amex,7802,succeeded,,2025-08-01T03:26:55,2025-08-01T03:26:55
pay_001722,order_001581,cust_00085,34.99,usd,card,amex,5436,succeeded,,2025-08-02T18:31:33,2025-08-02T18:31:33
pay_001723,order_001582,cust_00238,129.0,usd,card,visa,9008,succeeded,,2025-08-02T04:48:56,2025-08-02T04:48:56
pay_001724,order_001583,cust_00018,49.99,usd,card,visa,0390,failed,card_declined,2025-08-03T18:01:44,2025-08-03T18:01:44
pay_001725,order_001583,cust_00018,49.99,usd,card,visa,4027,succeeded,,2025-08-03T18:17:44,2025-08-03T18:17:44
pay_001726,order_001584,,34.99,usd,card,amex,7064,succeeded,,2025-08-03T22:46:22,2025-08-03T22:46:22
pay_001727,order_001585,cust_00068,9.99,usd,paypal,,,succeeded,,2025-08-04T16:12:14,2025-08-04T16:12:14
pay_001728,order_001586,cust_00141,64.99,usd,card,mastercard,3399,succeeded,,2025-08-04T09:59:51,2025-08-04T09:59:51
pay_001729,order_001587,cust_00547,149.0,usd,card,visa,8522,succeeded,,2025-08-04T21:26:57,2025-08-04T21:26:57
pay_001730,order_001588,,49.99,usd,paypal,,,succeeded,,2025-08-04T02:03:38,2025-08-04T02:03:38
pay_001731,order_001589,cust_00295,71.1,usd,paypal,,,succeeded,,2025-08-06T01:39:10,2025-08-06T01:39:10
pay_001732,order_001590,,31.49,usd,card,visa,2281,succeeded,,2025-08-06T14:47:10,2025-08-06T14:47:10
pay_001733,order_001591,cust_00408,9.99,usd,card,mastercard,7342,succeeded,,2025-08-07T01:30:08,2025-08-07T01:30:08
pay_001734,order_001592,cust_00515,51.99,usd,card,visa,8019,succeeded,,2025-08-07T07:29:42,2025-08-07T07:29:42
pay_001735,order_001593,cust_00607,9.99,usd,card,amex,2203,succeeded,,2025-08-07T19:05:38,2025-08-07T19:05:38
pay_001736,order_001594,cust_00685,19.99,usd,card,discover,5445,succeeded,,2025-08-07T17:59:33,2025-08-07T17:59:33
pay_001737,order_001595,,34.99,usd,card,amex,1851,succeeded,,2025-08-07T16:52:35,2025-08-07T16:52:35
pay_001738,order_001596,,34.99,usd,card,mastercard,0754,succeeded,,2025-08-07T13:53:05,2025-08-07T13:53:05
pay_001739,order_001597,,64.99,usd,card,mastercard,4612,succeeded,,2025-08-07T13:22:17,2025-08-07T13:22:17
pay_001740,order_001598,cust_00034,63.2,usd,card,visa,0022,succeeded,,2025-08-08T03:25:38,2025-08-08T03:25:38
pay_001741,order_001599,cust_00513,27.99,usd,card,visa,0922,succeeded,,2025-08-08T20:32:28,2025-08-08T20:32:28
pay_001742,order_001600,cust_00673,24.99,usd,apple_pay,,,succeeded,,2025-08-08T10:01:56,2025-08-08T10:01:56
pay_001743,order_001601,cust_00860,34.99,usd,card,mastercard,2309,failed,card_declined,2025-08-08T10:55:14,2025-08-08T10:55:14
pay_001744,order_001601,cust_00860,34.99,usd,card,visa,1550,succeeded,,2025-08-08T11:11:14,2025-08-08T11:11:14
pay_001745,order_001602,,24.99,usd,card,discover,0393,succeeded,,2025-08-08T03:48:32,2025-08-08T03:48:32
pay_001746,order_001603,,24.99,usd,card,visa,5906,succeeded,,2025-08-08T01:15:50,2025-08-08T01:15:50
pay_001747,order_001604,cust_00748,63.2,usd,card,visa,3715,succeeded,,2025-08-09T15:11:17,2025-08-09T15:11:17
pay_001748,order_001605,,24.99,usd,card,visa,0495,succeeded,,2025-08-09T08:40:33,2025-08-09T08:40:33
pay_001749,order_001606,,24.99,usd,card,discover,2132,succeeded,,2025-08-09T15:39:34,2025-08-09T15:39:34
pay_001750,order_001607,,24.99,usd,card,mastercard,8321,succeeded,,2025-08-09T07:28:15,2025-08-09T07:28:15
pay_001751,order_001608,cust_00170,49.99,usd,card,mastercard,8105,succeeded,,2025-08-10T14:18:56,2025-08-10T14:18:56
pay_001752,order_001609,cust_00210,24.99,usd,card,visa,4431,succeeded,,2025-08-10T04:40:50,2025-08-10T04:40:50
pay_001753,order_001610,cust_00814,99.0,usd,card,visa,7854,succeeded,,2025-08-10T10:34:23,2025-08-10T10:34:23
pay_001754,order_001611,cust_00829,89.99,usd,card,discover,1209,succeeded,,2025-08-10T14:31:43,2025-08-10T14:31:43
pay_001755,order_001612,,34.99,usd,card,visa,1287,failed,insufficient_funds,2025-08-10T20:51:05,2025-08-10T20:51:05
pay_001756,order_001612,,34.99,usd,card,visa,7330,succeeded,,2025-08-10T21:01:05,2025-08-10T21:01:05
pay_001757,order_001613,,34.99,usd,card,visa,5795,succeeded,,2025-08-10T07:12:44,2025-08-10T07:12:44
pay_001758,order_001614,cust_00004,31.49,usd,card,visa,9227,succeeded,,2025-08-11T01:35:30,2025-08-11T01:35:30
pay_001759,order_001615,cust_00496,34.99,usd,card,visa,5825,failed,card_declined,2025-08-11T17:45:07,2025-08-11T17:45:07
pay_001760,order_001615,cust_00496,34.99,usd,card,discover,2377,succeeded,,2025-08-11T17:48:07,2025-08-11T17:48:07
pay_001761,order_001616,cust_00715,22.49,usd,card,visa,1316,succeeded,,2025-08-11T13:16:15,2025-08-11T13:16:15
pay_001762,order_001617,,24.99,usd,card,visa,4215,succeeded,,2025-08-11T04:57:08,2025-08-11T04:57:08
pay_001763,order_001618,,24.99,usd,card,mastercard,4669,succeeded,,2025-08-11T14:56:19,2025-08-11T14:56:19
pay_001764,order_001619,cust_00190,49.99,usd,card,amex,8315,succeeded,,2025-08-12T19:12:26,2025-08-12T19:12:26
pay_001765,order_001620,cust_00530,79.0,usd,card,visa,3731,succeeded,,2025-08-13T12:42:02,2025-08-13T12:42:02
pay_001766,order_001621,cust_00540,8.99,usd,card,visa,4828,succeeded,,2025-08-13T10:40:40,2025-08-13T10:40:40
pay_001767,order_001622,cust_00781,24.99,usd,card,visa,4640,succeeded,,2025-08-13T17:08:30,2025-08-13T17:08:30
pay_001768,order_001623,,34.99,usd,card,amex,9538,failed,insufficient_funds,2025-08-13T21:57:09,2025-08-13T21:57:09
pay_001769,order_001623,,34.99,usd,card,mastercard,5062,succeeded,,2025-08-13T22:08:09,2025-08-13T22:08:09
pay_001770,order_001624,cust_00100,79.0,usd,paypal,,,succeeded,,2025-08-14T00:01:04,2025-08-14T00:01:04
pay_001771,order_001625,cust_00161,9.99,usd,card,visa,4445,succeeded,,2025-08-14T09:32:55,2025-08-14T09:32:55
pay_001772,order_001626,cust_00243,34.99,usd,card,mastercard,0322,succeeded,,2025-08-14T07:42:21,2025-08-14T07:42:21
pay_001773,order_001627,cust_00819,24.99,usd,card,visa,3481,succeeded,,2025-08-14T07:24:09,2025-08-14T07:24:09
pay_001774,order_001628,,34.99,usd,card,amex,2355,succeeded,,2025-08-14T23:35:51,2025-08-14T23:35:51
pay_001775,order_001629,cust_00020,9.99,usd,card,mastercard,0649,succeeded,,2025-08-15T15:31:16,2025-08-15T15:31:16
pay_001776,order_001630,cust_00307,49.99,usd,card,amex,3385,succeeded,,2025-08-15T18:20:20,2025-08-15T18:20:20
pay_001777,order_001631,cust_00373,34.99,usd,card,visa,0105,succeeded,,2025-08-15T23:17:12,2025-08-15T23:17:12
pay_001778,order_001632,cust_00444,9.99,usd,apple_pay,,,succeeded,,2025-08-15T08:25:55,2025-08-15T08:25:55
pay_001779,order_001633,cust_00492,49.99,usd,card,mastercard,2900,succeeded,,2025-08-15T14:36:06,2025-08-15T14:36:06
pay_001780,order_001634,cust_00528,9.99,usd,card,visa,6963,failed,card_declined,2025-08-15T23:45:33,2025-08-15T23:45:33
pay_001781,order_001634,cust_00528,9.99,usd,card,amex,9585,succeeded,,2025-08-15T23:48:33,2025-08-15T23:48:33
pay_001782,order_001635,,49.99,usd,card,amex,1193,succeeded,,2025-08-15T20:43:06,2025-08-15T20:43:06
pay_001783,order_001636,,34.99,usd,card,visa,2871,succeeded,,2025-08-15T23:34:17,2025-08-15T23:34:17
pay_001784,order_001637,cust_00034,149.0,usd,card,discover,5257,succeeded,,2025-08-17T07:41:11,2025-08-17T07:41:11
pay_001785,order_001638,,34.99,usd,card,visa,7786,succeeded,,2025-08-17T11:16:10,2025-08-17T11:16:10
pay_001786,order_001639,,49.99,usd,card,visa,3306,succeeded,,2025-08-17T08:50:23,2025-08-17T08:50:23
pay_001787,order_001640,cust_00068,64.99,usd,paypal,,,succeeded,,2025-08-18T07:31:44,2025-08-18T07:31:44
pay_001788,order_001641,cust_00138,129.0,usd,card,visa,0531,succeeded,,2025-08-18T16:05:18,2025-08-18T16:05:18
pay_001789,order_001642,cust_00165,89.99,usd,card,visa,4550,failed,card_declined,2025-08-18T16:43:49,2025-08-18T16:43:49
pay_001790,order_001642,cust_00165,89.99,usd,card,visa,2377,succeeded,,2025-08-18T17:01:49,2025-08-18T17:01:49
pay_001791,order_001643,cust_00330,9.99,usd,card,mastercard,7435,succeeded,,2025-08-18T23:07:51,2025-08-18T23:07:51
pay_001792,order_001644,cust_00630,64.99,usd,card,visa,4836,succeeded,,2025-08-18T12:50:15,2025-08-18T12:50:15
pay_001793,order_001645,cust_00647,24.99,usd,card,visa,1043,succeeded,,2025-08-18T16:50:08,2025-08-18T16:50:08
pay_001794,order_001646,cust_00773,89.99,usd,card,amex,0155,failed,processing_error,2025-08-18T19:27:23,2025-08-18T19:27:23
pay_001795,order_001646,cust_00773,89.99,usd,card,discover,3364,succeeded,,2025-08-18T19:39:23,2025-08-18T19:39:23
pay_001796,order_001647,cust_00782,79.0,usd,card,mastercard,9633,succeeded,,2025-08-18T04:05:07,2025-08-18T04:05:07
pay_001797,order_001648,cust_00824,24.99,usd,card,mastercard,4651,succeeded,,2025-08-18T11:59:16,2025-08-18T11:59:16
pay_001798,order_001649,,24.99,usd,apple_pay,,,succeeded,,2025-08-18T21:42:56,2025-08-18T21:42:56
pay_001799,order_001650,cust_00814,79.0,usd,paypal,,,succeeded,,2025-08-19T05:13:03,2025-08-19T05:13:03
pay_001800,order_001651,cust_00824,129.0,usd,card,visa,6550,failed,card_declined,2025-08-19T17:50:15,2025-08-19T17:50:15
pay_001801,order_001651,cust_00824,129.0,usd,card,amex,8348,failed,card_declined,2025-08-19T18:01:15,2025-08-19T18:01:15
pay_001802,order_001651,cust_00824,129.0,usd,card,visa,3787,succeeded,,2025-08-19T18:07:15,2025-08-19T18:07:15
pay_001803,order_001652,,34.99,usd,paypal,,,succeeded,,2025-08-19T07:26:07,2025-08-19T07:26:07
pay_001804,order_001653,cust_00179,34.99,usd,card,mastercard,3924,failed,insufficient_funds,2025-08-20T05:45:50,2025-08-20T05:45:50
pay_001805,order_001653,cust_00179,34.99,usd,card,mastercard,7264,succeeded,,2025-08-20T05:54:50,2025-08-20T05:54:50
pay_001806,order_001654,cust_00335,9.99,usd,card,visa,5539,succeeded,,2025-08-20T04:19:55,2025-08-20T04:19:55
pay_001807,order_001655,cust_00839,25.19,usd,card,visa,4991,succeeded,,2025-08-20T17:25:56,2025-08-20T17:25:56
pay_001808,order_001656,,22.49,usd,card,visa,8208,succeeded,,2025-08-20T13:34:58,2025-08-20T13:34:58
pay_001809,order_001657,,24.99,usd,card,amex,6381,succeeded,,2025-08-20T20:04:33,2025-08-20T20:04:33
pay_001810,order_001658,cust_00100,9.99,usd,card,discover,0409,succeeded,,2025-08-21T06:17:13,2025-08-21T06:17:13
pay_001811,order_001659,cust_00126,120.0,usd,card,mastercard,9666,succeeded,,2025-08-21T14:49:52,2025-08-21T14:49:52
pay_001812,order_001660,cust_00497,9.99,usd,paypal,,,succeeded,,2025-08-21T05:29:03,2025-08-21T05:29:03
pay_001813,order_001661,cust_00751,129.0,usd,card,visa,2039,failed,card_declined,2025-08-21T14:53:14,2025-08-21T14:53:14
pay_001814,order_001661,cust_00751,129.0,usd,card,mastercard,1315,succeeded,,2025-08-21T15:00:14,2025-08-21T15:00:14
pay_001815,order_001662,cust_00794,24.99,usd,card,mastercard,3789,succeeded,,2025-08-21T04:24:36,2025-08-21T04:24:36
pay_001816,order_001663,,24.99,usd,card,mastercard,6321,succeeded,,2025-08-21T10:26:00,2025-08-21T10:26:00
pay_001817,order_001664,,34.99,usd,card,visa,5953,succeeded,,2025-08-21T18:37:44,2025-08-21T18:37:44
pay_001818,order_001665,,34.99,usd,card,discover,6047,succeeded,,2025-08-21T10:55:26,2025-08-21T10:55:26
pay_001819,order_001666,cust_00332,99.0,usd,card,discover,4496,succeeded,,2025-08-22T17:23:02,2025-08-22T17:23:02
pay_001820,order_001667,cust_00673,9.99,usd,card,visa,7449,succeeded,,2025-08-22T01:55:14,2025-08-22T01:55:14
pay_001821,order_001668,cust_00813,71.99,usd,card,mastercard,8155,succeeded,,2025-08-22T04:48:43,2025-08-22T04:48:43
pay_001822,order_001669,cust_00223,24.99,usd,card,amex,0554,succeeded,,2025-08-23T08:38:43,2025-08-23T08:38:43
pay_001823,order_001670,cust_00274,49.99,usd,card,mastercard,6093,succeeded,,2025-08-23T12:35:48,2025-08-23T12:35:48
pay_001824,order_001671,cust_00690,99.0,usd,card,mastercard,9567,succeeded,,2025-08-23T17:03:19,2025-08-23T17:03:19
pay_001825,order_001672,cust_00781,34.99,usd,card,visa,3432,succeeded,,2025-08-23T11:51:32,2025-08-23T11:51:32
pay_001826,order_001673,,22.49,usd,card,mastercard,7985,succeeded,,2025-08-23T01:53:31,2025-08-23T01:53:31
pay_001827,order_001674,,34.99,usd,card,visa,1033,succeeded,,2025-08-23T07:46:13,2025-08-23T07:46:13
pay_001828,order_001675,,49.99,usd,card,visa,9945,succeeded,,2025-08-23T05:08:22,2025-08-23T05:08:22
pay_001829,order_001676,cust_00311,99.0,usd,card,amex,7065,failed,processing_error,2025-08-24T19:55:52,2025-08-24T19:55:52
pay_001830,order_001676,cust_00311,99.0,usd,card,visa,8661,succeeded,,2025-08-24T20:00:52,2025-08-24T20:00:52
pay_001831,order_001677,,64.99,usd,card,amex,5457,succeeded,,2025-08-24T19:16:37,2025-08-24T19:16:37
pay_001832,order_001678,,49.99,usd,card,amex,8810,succeeded,,2025-08-24T06:31:29,2025-08-24T06:31:29
pay_001833,order_001679,cust_00031,64.99,usd,card,amex,3213,succeeded,,2025-08-25T08:25:06,2025-08-25T08:25:06
pay_001834,order_001680,cust_00809,34.99,usd,paypal,,,succeeded,,2025-08-25T05:46:15,2025-08-25T05:46:15
pay_001835,order_001681,,89.99,usd,paypal,,,succeeded,,2025-08-25T05:01:20,2025-08-25T05:01:20
pay_001836,order_001682,cust_00230,64.99,usd,card,visa,1051,succeeded,,2025-08-26T09:04:23,2025-08-26T09:04:23
pay_001837,order_001683,cust_00316,129.0,usd,card,mastercard,8470,succeeded,,2025-08-26T04:20:30,2025-08-26T04:20:30
pay_001838,order_001684,cust_00346,58.49,usd,card,visa,6047,succeeded,,2025-08-26T06:36:48,2025-08-26T06:36:48
pay_001839,order_001685,cust_00617,31.49,usd,card,visa,9546,succeeded,,2025-08-26T21:52:35,2025-08-26T21:52:35
pay_001840,order_001686,cust_00766,149.0,usd,card,visa,6845,succeeded,,2025-08-26T02:46:13,2025-08-26T02:46:13
pay_001841,order_001687,cust_00074,39.99,usd,card,visa,4146,succeeded,,2025-08-27T10:15:39,2025-08-27T10:15:39
pay_001842,order_001688,cust_00577,9.99,usd,card,visa,4762,succeeded,,2025-08-27T19:35:07,2025-08-27T19:35:07
pay_001843,order_001689,cust_00638,9.99,usd,card,visa,4358,succeeded,,2025-08-27T22:41:10,2025-08-27T22:41:10
pay_001844,order_001690,cust_00657,34.99,usd,card,visa,9567,succeeded,,2025-08-27T17:29:49,2025-08-27T17:29:49
pay_001845,order_001691,,24.99,usd,card,visa,1617,succeeded,,2025-08-27T04:47:59,2025-08-27T04:47:59
pay_001846,order_001692,,49.99,usd,card,amex,1116,failed,insufficient_funds,2025-08-27T16:00:49,2025-08-27T16:00:49
pay_001847,order_001692,,49.99,usd,card,visa,8952,succeeded,,2025-08-27T16:18:49,2025-08-27T16:18:49
pay_001848,order_001693,cust_00395,129.0,usd,card,visa,2332,succeeded,,2025-08-28T06:37:54,2025-08-28T06:37:54
pay_001849,order_001694,,120.0,usd,card,visa,5447,succeeded,,2025-08-28T14:39:48,2025-08-28T14:39:48
pay_001850,order_001695,,120.0,usd,paypal,,,succeeded,,2025-08-28T12:43:58,2025-08-28T12:43:58
pay_001851,order_001696,,76.49,usd,card,amex,0070,succeeded,,2025-08-28T14:06:40,2025-08-28T14:06:40
pay_001852,order_001697,cust_00573,120.0,usd,card,visa,0646,failed,card_declined,2025-08-29T12:56:00,2025-08-29T12:56:00
pay_001853,order_001697,cust_00573,120.0,usd,card,amex,7899,failed,insufficient_funds,2025-08-29T13:02:00,2025-08-29T13:02:00
pay_001854,order_001697,cust_00573,120.0,usd,card,discover,7385,succeeded,,2025-08-29T13:08:00,2025-08-29T13:08:00
pay_001855,order_001698,,34.99,usd,card,mastercard,7637,succeeded,,2025-08-29T20:18:48,2025-08-29T20:18:48
pay_001856,order_001699,,24.99,usd,card,visa,4612,succeeded,,2025-08-29T23:59:53,2025-08-29T23:59:53
pay_001857,order_001700,,120.0,usd,card,discover,9707,succeeded,,2025-08-29T09:43:41,2025-08-29T09:43:41
pay_001858,order_001701,cust_00689,149.0,usd,apple_pay,,,succeeded,,2025-08-30T17:11:03,2025-08-30T17:11:03
pay_001859,order_001702,,64.99,usd,card,visa,1078,succeeded,,2025-08-30T22:44:09,2025-08-30T22:44:09
pay_001860,order_001703,cust_00796,49.99,usd,card,mastercard,1820,succeeded,,2025-08-31T12:52:36,2025-08-31T12:52:36
pay_001861,order_001704,,34.99,usd,card,visa,6971,succeeded,,2025-08-31T13:46:37,2025-08-31T13:46:37
pay_001862,order_001705,cust_00015,27.99,usd,card,visa,0987,succeeded,,2025-09-01T03:02:09,2025-09-01T03:02:09
pay_001863,order_001706,cust_00165,49.99,usd,card,mastercard,6773,succeeded,,2025-09-01T14:01:45,2025-09-01T14:01:45
pay_001864,order_001707,cust_00594,49.99,usd,card,visa,6655,succeeded,,2025-09-01T09:51:29,2025-09-01T09:51:29
pay_001865,order_001708,,58.49,usd,card,amex,0096,succeeded,,2025-09-01T22:04:05,2025-09-01T22:04:05
pay_001866,order_001709,cust_00082,99.0,usd,card,mastercard,0163,succeeded,,2025-09-02T02:40:51,2025-09-02T02:40:51
pay_001867,order_001710,cust_00175,24.99,usd,card,mastercard,0360,succeeded,,2025-09-02T19:21:51,2025-09-02T19:21:51
pay_001868,order_001711,cust_00191,89.99,usd,card,mastercard,9907,succeeded,,2025-09-02T12:37:37,2025-09-02T12:37:37
pay_001869,order_001712,cust_00369,129.0,usd,card,visa,5145,succeeded,,2025-09-02T03:00:42,2025-09-02T03:00:42
pay_001870,order_001713,cust_00773,9.99,usd,card,discover,6582,succeeded,,2025-09-02T01:04:27,2025-09-02T01:04:27
pay_001871,order_001714,,24.99,usd,card,amex,6522,succeeded,,2025-09-02T16:49:37,2025-09-02T16:49:37
pay_001872,order_001715,cust_00572,9.99,usd,card,visa,2568,succeeded,,2025-09-03T18:44:41,2025-09-03T18:44:41
pay_001873,order_001716,,34.99,usd,card,visa,4599,succeeded,,2025-09-03T01:31:52,2025-09-03T01:31:52
pay_001874,order_001717,cust_00072,9.99,usd,card,visa,4919,succeeded,,2025-09-04T16:39:15,2025-09-04T16:39:15
pay_001875,order_001718,cust_00495,89.99,usd,card,visa,8813,succeeded,,2025-09-04T17:02:47,2025-09-04T17:02:47
pay_001876,order_001719,cust_00507,22.49,usd,card,visa,8716,succeeded,,2025-09-04T16:05:53,2025-09-04T16:05:53
pay_001877,order_001720,cust_00720,24.99,usd,card,visa,9023,succeeded,,2025-09-04T22:40:03,2025-09-04T22:40:03
pay_001878,order_001721,cust_00454,126.65,usd,card,visa,1556,succeeded,,2025-09-05T15:48:33,2025-09-05T15:48:33
pay_001879,order_001722,cust_00574,49.99,usd,card,visa,9886,succeeded,,2025-09-05T09:08:02,2025-09-05T09:08:02
pay_001880,order_001723,cust_00827,120.0,usd,card,visa,8775,succeeded,,2025-09-05T01:57:56,2025-09-05T01:57:56
pay_001881,order_001724,,49.99,usd,card,amex,3071,failed,card_declined,2025-09-05T20:53:49,2025-09-05T20:53:49
pay_001882,order_001724,,49.99,usd,card,mastercard,7770,succeeded,,2025-09-05T20:56:49,2025-09-05T20:56:49
pay_001883,order_001725,,24.99,usd,card,visa,0971,succeeded,,2025-09-05T09:52:53,2025-09-05T09:52:53
pay_001884,order_001726,cust_00169,24.99,usd,card,visa,0201,succeeded,,2025-09-06T00:37:09,2025-09-06T00:37:09
pay_001885,order_001727,cust_00501,34.99,usd,card,mastercard,5024,succeeded,,2025-09-06T16:39:24,2025-09-06T16:39:24
pay_001886,order_001728,cust_00625,24.99,usd,card,visa,3357,succeeded,,2025-09-06T13:23:05,2025-09-06T13:23:05
pay_001887,order_001729,cust_00657,58.49,usd,card,visa,7533,succeeded,,2025-09-06T12:42:16,2025-09-06T12:42:16
pay_001888,order_001730,cust_00698,34.99,usd,card,mastercard,3332,succeeded,,2025-09-06T11:50:39,2025-09-06T11:50:39
pay_001889,order_001731,cust_00797,120.0,usd,card,visa,7500,succeeded,,2025-09-06T13:48:48,2025-09-06T13:48:48
pay_001890,order_001732,cust_00847,24.99,usd,card,amex,1242,succeeded,,2025-09-06T16:05:54,2025-09-06T16:05:54
pay_001891,order_001733,,34.99,usd,card,visa,5430,succeeded,,2025-09-06T20:08:18,2025-09-06T20:08:18
pay_001892,order_001734,cust_00379,34.99,usd,paypal,,,succeeded,,2025-09-07T02:17:23,2025-09-07T02:17:23
pay_001893,order_001735,cust_00403,34.99,usd,card,mastercard,3917,succeeded,,2025-09-07T20:36:59,2025-09-07T20:36:59
pay_001894,order_001736,cust_00802,9.99,usd,card,visa,7408,succeeded,,2025-09-07T19:18:26,2025-09-07T19:18:26
pay_001895,order_001737,,49.99,usd,card,visa,8743,failed,insufficient_funds,2025-09-07T02:51:48,2025-09-07T02:51:48
pay_001896,order_001737,,49.99,usd,card,amex,2312,failed,expired_card,2025-09-07T03:06:48,2025-09-07T03:06:48
pay_001897,order_001737,,49.99,usd,card,visa,2153,succeeded,,2025-09-07T03:09:48,2025-09-07T03:09:48
pay_001898,order_001738,cust_00800,24.99,usd,card,visa,2783,failed,card_declined,2025-09-08T02:32:33,2025-09-08T02:32:33
pay_001899,order_001738,cust_00800,24.99,usd,card,mastercard,2258,succeeded,,2025-09-08T02:48:33,2025-09-08T02:48:33
pay_001900,order_001739,,24.99,usd,card,visa,0474,succeeded,,2025-09-08T09:02:03,2025-09-08T09:02:03
pay_001901,order_001740,cust_00213,34.99,usd,card,visa,4105,succeeded,,2025-09-09T03:36:51,2025-09-09T03:36:51
pay_001902,order_001741,cust_00487,24.99,usd,card,visa,3953,succeeded,,2025-09-09T00:45:46,2025-09-09T00:45:46
pay_001903,order_001742,cust_00690,49.99,usd,card,amex,4203,succeeded,,2025-09-09T22:49:00,2025-09-09T22:49:00
pay_001904,order_001743,cust_00789,9.99,usd,card,visa,2779,succeeded,,2025-09-09T20:16:56,2025-09-09T20:16:56
pay_001905,order_001744,,31.49,usd,card,discover,8634,succeeded,,2025-09-09T15:48:58,2025-09-09T15:48:58
pay_001906,order_001745,cust_00062,24.99,usd,card,visa,8510,succeeded,,2025-09-10T01:42:37,2025-09-10T01:42:37
pay_001907,order_001746,cust_00323,79.0,usd,card,amex,8492,succeeded,,2025-09-10T06:32:53,2025-09-10T06:32:53
pay_001908,order_001747,cust_00082,9.99,usd,card,visa,7631,succeeded,,2025-09-11T14:07:43,2025-09-11T14:07:43
pay_001909,order_001748,cust_00497,34.99,usd,card,mastercard,4276,failed,expired_card,2025-09-11T20:25:18,2025-09-11T20:25:18
pay_001910,order_001748,cust_00497,34.99,usd,card,visa,0390,succeeded,,2025-09-11T20:45:18,2025-09-11T20:45:18
pay_001911,order_001749,cust_00742,9.99,usd,card,visa,5866,succeeded,,2025-09-11T03:37:38,2025-09-11T03:37:38
pay_001912,order_001750,,49.99,usd,card,visa,7652,succeeded,,2025-09-11T06:02:15,2025-09-11T06:02:15
pay_001913,order_001751,,49.99,usd,card,mastercard,4240,succeeded,,2025-09-11T09:13:27,2025-09-11T09:13:27
pay_001914,order_001752,,34.99,usd,card,visa,4340,succeeded,,2025-09-11T03:08:29,2025-09-11T03:08:29
pay_001915,order_001753,cust_00052,9.99,usd,card,visa,7298,succeeded,,2025-09-12T20:33:58,2025-09-12T20:33:58
pay_001916,order_001754,cust_00263,49.99,usd,card,visa,4525,succeeded,,2025-09-12T10:43:07,2025-09-12T10:43:07
pay_001917,order_001755,cust_00365,24.99,usd,card,mastercard,8429,succeeded,,2025-09-12T13:46:39,2025-09-12T13:46:39
pay_001918,order_001756,cust_00522,39.99,usd,card,amex,3812,succeeded,,2025-09-12T18:26:48,2025-09-12T18:26:48
pay_001919,order_001757,,49.99,usd,apple_pay,,,succeeded,,2025-09-12T03:59:29,2025-09-12T03:59:29
pay_001920,order_001758,cust_00381,49.99,usd,card,amex,8131,succeeded,,2025-09-13T16:13:55,2025-09-13T16:13:55
pay_001921,order_001759,cust_00409,99.0,usd,card,visa,2636,succeeded,,2025-09-13T18:19:27,2025-09-13T18:19:27
pay_001922,order_001760,cust_00458,89.99,usd,card,visa,6382,succeeded,,2025-09-13T04:07:37,2025-09-13T04:07:37
pay_001923,order_001761,cust_00525,99.0,usd,card,visa,7103,succeeded,,2025-09-13T11:29:17,2025-09-13T11:29:17
pay_001924,order_001762,cust_00558,49.99,usd,card,mastercard,0404,succeeded,,2025-09-13T16:30:43,2025-09-13T16:30:43
pay_001925,order_001763,cust_00642,79.0,usd,card,visa,8940,failed,insufficient_funds,2025-09-13T03:07:42,2025-09-13T03:07:42
pay_001926,order_001763,cust_00642,79.0,usd,card,discover,8057,succeeded,,2025-09-13T03:14:42,2025-09-13T03:14:42
pay_001927,order_001764,,64.99,usd,card,amex,7864,succeeded,,2025-09-13T04:34:53,2025-09-13T04:34:53
pay_001928,order_001765,cust_00004,9.99,usd,card,visa,4572,succeeded,,2025-09-14T05:55:48,2025-09-14T05:55:48
pay_001929,order_001766,cust_00395,7.99,usd,card,visa,7644,succeeded,,2025-09-14T08:13:11,2025-09-14T08:13:11
pay_001930,order_001767,,34.99,usd,card,visa,3157,succeeded,,2025-09-14T16:29:24,2025-09-14T16:29:24
pay_001931,order_001768,cust_00162,24.99,usd,card,visa,9489,succeeded,,2025-09-15T00:03:47,2025-09-15T00:03:47
pay_001932,order_001769,,24.99,usd,paypal,,,succeeded,,2025-09-15T05:02:13,2025-09-15T05:02:13
pay_001933,order_001770,cust_00322,79.0,usd,card,visa,0924,succeeded,,2025-09-16T07:58:06,2025-09-16T07:58:06
pay_001934,order_001771,cust_00492,24.99,usd,card,visa,7036,succeeded,,2025-09-16T05:50:35,2025-09-16T05:50:35
pay_001935,order_001772,cust_00519,27.99,usd,card,visa,8751,succeeded,,2025-09-16T06:34:28,2025-09-16T06:34:28
pay_001936,order_001773,cust_00782,9.99,usd,card,visa,5623,succeeded,,2025-09-16T07:46:14,2025-09-16T07:46:14
pay_001937,order_001774,,49.99,usd,card,amex,7505,succeeded,,2025-09-16T09:06:41,2025-09-16T09:06:41
pay_001938,order_001775,cust_00102,79.0,usd,card,amex,9433,succeeded,,2025-09-17T23:15:05,2025-09-17T23:15:05
pay_001939,order_001776,cust_00496,99.0,usd,card,visa,3894,succeeded,,2025-09-17T09:38:17,2025-09-17T09:38:17
pay_001940,order_001777,cust_00580,89.99,usd,card,discover,1241,succeeded,,2025-09-17T05:24:23,2025-09-17T05:24:23
pay_001941,order_001778,cust_00631,99.0,usd,card,mastercard,2562,succeeded,,2025-09-17T17:24:39,2025-09-17T17:24:39
pay_001942,order_001779,,120.0,usd,card,mastercard,1023,succeeded,,2025-09-17T22:49:16,2025-09-17T22:49:16
pay_001943,order_001780,,80.99,usd,card,mastercard,4812,succeeded,,2025-09-17T08:43:17,2025-09-17T08:43:17
pay_001944,order_001781,cust_00021,24.99,usd,paypal,,,succeeded,,2025-09-19T04:34:28,2025-09-19T04:34:28
pay_001945,order_001782,cust_00301,89.99,usd,card,visa,1050,succeeded,,2025-09-19T02:12:23,2025-09-19T02:12:23
pay_001946,order_001783,cust_00350,27.99,usd,card,mastercard,1492,succeeded,,2025-09-19T13:02:36,2025-09-19T13:02:36
pay_001947,order_001784,cust_00432,24.99,usd,card,mastercard,4537,succeeded,,2025-09-19T21:50:30,2025-09-19T21:50:30
pay_001948,order_001785,,24.99,usd,card,visa,1554,succeeded,,2025-09-19T07:10:02,2025-09-19T07:10:02
pay_001949,order_001786,,24.99,usd,card,mastercard,3879,succeeded,,2025-09-19T19:39:07,2025-09-19T19:39:07
pay_001950,order_001787,cust_00160,64.99,usd,card,visa,9615,succeeded,,2025-09-20T23:35:44,2025-09-20T23:35:44
pay_001951,order_001788,cust_00860,49.99,usd,card,mastercard,1106,succeeded,,2025-09-20T07:39:32,2025-09-20T07:39:32
pay_001952,order_001789,,64.99,usd,card,visa,9344,succeeded,,2025-09-20T09:26:39,2025-09-20T09:26:39
pay_001953,order_001790,cust_00079,24.99,usd,card,amex,6182,succeeded,,2025-09-22T16:03:03,2025-09-22T16:03:03
pay_001954,order_001791,cust_00114,19.99,usd,apple_pay,,,succeeded,,2025-09-22T09:04:13,2025-09-22T09:04:13
pay_001955,order_001792,cust_00467,7.99,usd,card,discover,2352,succeeded,,2025-09-22T16:32:39,2025-09-22T16:32:39
pay_001956,order_001793,cust_00676,58.49,usd,card,mastercard,4950,succeeded,,2025-09-22T05:11:24,2025-09-22T05:11:24
pay_001957,order_001794,cust_00130,34.99,usd,card,amex,5586,succeeded,,2025-09-23T09:54:00,2025-09-23T09:54:00
pay_001958,order_001795,cust_00288,129.0,usd,card,mastercard,3211,succeeded,,2025-09-23T15:29:56,2025-09-23T15:29:56
pay_001959,order_001796,cust_00303,34.99,usd,card,mastercard,8569,succeeded,,2025-09-23T11:02:22,2025-09-23T11:02:22
pay_001960,order_001797,cust_00435,49.99,usd,card,visa,7061,succeeded,,2025-09-23T07:48:23,2025-09-23T07:48:23
pay_001961,order_001798,cust_00698,49.99,usd,card,mastercard,3042,succeeded,,2025-09-23T10:57:13,2025-09-23T10:57:13
pay_001962,order_001799,cust_00753,34.99,usd,card,amex,3415,succeeded,,2025-09-23T09:43:50,2025-09-23T09:43:50
pay_001963,order_001800,cust_00094,58.49,usd,card,visa,0604,succeeded,,2025-09-24T23:28:32,2025-09-24T23:28:32
pay_001964,order_001801,cust_00305,71.99,usd,card,mastercard,0436,succeeded,,2025-09-24T12:21:40,2025-09-24T12:21:40
pay_001965,order_001802,cust_00492,9.99,usd,card,visa,4758,failed,expired_card,2025-09-24T20:16:54,2025-09-24T20:16:54
pay_001966,order_001802,cust_00492,9.99,usd,card,amex,5169,succeeded,,2025-09-24T20:23:54,2025-09-24T20:23:54
pay_001967,order_001803,,31.49,usd,paypal,,,succeeded,,2025-09-24T00:31:03,2025-09-24T00:31:03
pay_001968,order_001804,cust_00140,64.99,usd,card,visa,6971,succeeded,,2025-09-25T07:21:03,2025-09-25T07:21:03
pay_001969,order_001805,cust_00245,49.99,usd,card,mastercard,2025,succeeded,,2025-09-26T04:24:32,2025-09-26T04:24:32
pay_001970,order_001806,cust_00515,39.99,usd,card,amex,9430,succeeded,,2025-09-26T07:06:57,2025-09-26T07:06:57
pay_001971,order_001807,cust_00528,9.99,usd,card,visa,1108,succeeded,,2025-09-26T08:49:55,2025-09-26T08:49:55
pay_001972,order_001808,cust_00650,64.99,usd,card,mastercard,9202,succeeded,,2025-09-26T08:51:51,2025-09-26T08:51:51
pay_001973,order_001809,cust_00310,44.99,usd,card,visa,7663,succeeded,,2025-09-27T09:05:49,2025-09-27T09:05:49
pay_001974,order_001810,cust_00522,96.0,usd,card,visa,0499,succeeded,,2025-09-27T12:00:55,2025-09-27T12:00:55
pay_001975,order_001811,cust_00576,79.0,usd,card,visa,0105,succeeded,,2025-09-27T17:18:45,2025-09-27T17:18:45
pay_001976,order_001812,cust_00577,24.99,usd,card,amex,8095,succeeded,,2025-09-27T22:39:56,2025-09-27T22:39:56
pay_001977,order_001813,cust_00775,89.99,usd,card,amex,1259,succeeded,,2025-09-27T09:02:15,2025-09-27T09:02:15
pay_001978,order_001814,,49.99,usd,card,mastercard,9233,succeeded,,2025-09-27T02:07:39,2025-09-27T02:07:39
pay_001979,order_001815,cust_00631,79.0,usd,card,visa,0127,succeeded,,2025-09-28T08:55:52,2025-09-28T08:55:52
pay_001980,order_001816,cust_00354,49.99,usd,card,visa,1111,succeeded,,2025-09-29T14:41:19,2025-09-29T14:41:19
pay_001981,order_001817,,44.99,usd,card,visa,0029,succeeded,,2025-09-29T00:09:33,2025-09-29T00:09:33
pay_001982,order_001818,cust_00142,49.99,usd,card,mastercard,3333,succeeded,,2025-09-30T02:01:55,2025-09-30T02:01:55
pay_001983,order_001819,,31.49,usd,paypal,,,succeeded,,2025-09-30T07:52:40,2025-09-30T07:52:40
pay_001984,order_001820,cust_00160,99.0,usd,card,mastercard,6380,succeeded,,2025-10-01T18:04:35,2025-10-01T18:04:35
pay_001985,order_001821,cust_00176,99.0,usd,paypal,,,succeeded,,2025-10-01T23:46:09,2025-10-01T23:46:09
pay_001986,order_001822,,64.99,usd,card,mastercard,0471,succeeded,,2025-10-01T22:41:40,2025-10-01T22:41:40
pay_001987,order_001823,cust_00325,34.99,usd,paypal,,,succeeded,,2025-10-02T08:10:02,2025-10-02T08:10:02
pay_001988,order_001824,cust_00767,9.99,usd,card,visa,2643,succeeded,,2025-10-02T11:52:41,2025-10-02T11:52:41
pay_001989,order_001825,cust_00490,44.99,usd,card,visa,5248,succeeded,,2025-10-03T00:01:20,2025-10-03T00:01:20
pay_001990,order_001826,,120.0,usd,card,mastercard,0379,succeeded,,2025-10-03T09:19:24,2025-10-03T09:19:24
pay_001991,order_001827,,89.99,usd,card,mastercard,5201,succeeded,,2025-10-03T23:40:18,2025-10-03T23:40:18
pay_001992,order_001828,cust_00213,84.15,usd,card,mastercard,9057,failed,card_declined,2025-10-04T04:32:12,2025-10-04T04:32:12
pay_001993,order_001828,cust_00213,84.15,usd,card,visa,0088,succeeded,,2025-10-04T04:46:12,2025-10-04T04:46:12
pay_001994,order_001829,cust_00618,9.99,usd,card,mastercard,7517,succeeded,,2025-10-04T11:46:04,2025-10-04T11:46:04
pay_001995,order_001830,cust_00643,34.99,usd,card,visa,3728,succeeded,,2025-10-04T04:35:14,2025-10-04T04:35:14
pay_001996,order_001831,,31.49,usd,card,visa,8719,succeeded,,2025-10-04T08:23:59,2025-10-04T08:23:59
pay_001997,order_001832,cust_00059,89.99,usd,card,visa,1034,succeeded,,2025-10-05T14:11:54,2025-10-05T14:11:54
pay_001998,order_001833,cust_00279,24.99,usd,paypal,,,succeeded,,2025-10-05T15:52:17,2025-10-05T15:52:17
pay_001999,order_001834,cust_00439,9.99,usd,card,visa,5371,failed,insufficient_funds,2025-10-05T07:38:45,2025-10-05T07:38:45
pay_002000,order_001834,cust_00439,9.99,usd,card,mastercard,0522,succeeded,,2025-10-05T07:56:45,2025-10-05T07:56:45
pay_002001,order_001835,cust_00641,126.65,usd,card,visa,5216,succeeded,,2025-10-05T21:25:53,2025-10-05T21:25:53
pay_002002,order_001836,cust_00847,49.99,usd,card,mastercard,7898,succeeded,,2025-10-05T20:10:20,2025-10-05T20:10:20
pay_002003,order_001837,,49.99,usd,card,amex,8380,succeeded,,2025-10-05T21:07:52,2025-10-05T21:07:52
pay_002004,order_001838,,64.99,usd,card,mastercard,6804,succeeded,,2025-10-05T15:59:40,2025-10-05T15:59:40
pay_002005,order_001839,,64.99,usd,card,visa,2794,succeeded,,2025-10-05T08:58:07,2025-10-05T08:58:07
pay_002006,order_001840,,24.99,usd,card,mastercard,9252,succeeded,,2025-10-05T12:18:44,2025-10-05T12:18:44
pay_002007,order_001841,,24.99,usd,card,mastercard,7200,succeeded,,2025-10-05T15:00:12,2025-10-05T15:00:12
pay_002008,order_001842,cust_00066,99.0,usd,card,amex,7781,succeeded,,2025-10-06T19:42:26,2025-10-06T19:42:26
pay_002009,order_001843,cust_00233,49.99,usd,card,visa,0891,succeeded,,2025-10-06T22:54:06,2025-10-06T22:54:06
pay_002010,order_001844,cust_00628,27.99,usd,card,visa,0589,succeeded,,2025-10-06T07:05:22,2025-10-06T07:05:22
pay_002011,order_001845,cust_00064,120.0,usd,apple_pay,,,succeeded,,2025-10-07T06:33:53,2025-10-07T06:33:53
pay_002012,order_001846,,89.99,usd,card,visa,8315,succeeded,,2025-10-07T12:17:59,2025-10-07T12:17:59
pay_002013,order_001847,,49.99,usd,card,visa,8773,succeeded,,2025-10-07T20:47:20,2025-10-07T20:47:20
pay_002014,order_001848,cust_00237,49.99,usd,card,mastercard,1700,succeeded,,2025-10-08T19:55:11,2025-10-08T19:55:11
pay_002015,order_001849,cust_00384,99.0,usd,card,amex,6759,succeeded,,2025-10-08T03:28:11,2025-10-08T03:28:11
pay_002016,order_001850,cust_00747,24.99,usd,card,visa,6253,succeeded,,2025-10-08T16:13:33,2025-10-08T16:13:33
pay_002017,order_001851,,24.99,usd,paypal,,,succeeded,,2025-10-08T07:29:06,2025-10-08T07:29:06
pay_002018,order_001852,cust_00107,49.99,usd,card,amex,7307,succeeded,,2025-10-09T08:43:59,2025-10-09T08:43:59
pay_002019,order_001853,cust_00305,71.99,usd,card,visa,9970,succeeded,,2025-10-09T05:23:01,2025-10-09T05:23:01
pay_002020,order_001854,cust_00514,24.99,usd,card,visa,2937,failed,card_declined,2025-10-09T22:58:24,2025-10-09T22:58:24
pay_002021,order_001854,cust_00514,24.99,usd,card,mastercard,3991,succeeded,,2025-10-09T23:01:24,2025-10-09T23:01:24
pay_002022,order_001855,,89.99,usd,card,discover,5169,succeeded,,2025-10-09T14:23:36,2025-10-09T14:23:36
pay_002023,order_001856,,24.99,usd,card,visa,2689,failed,processing_error,2025-10-09T03:33:14,2025-10-09T03:33:14
pay_002024,order_001856,,24.99,usd,card,visa,7690,succeeded,,2025-10-09T03:50:14,2025-10-09T03:50:14
pay_002025,order_001857,cust_00064,49.99,usd,card,visa,1867,succeeded,,2025-10-10T08:34:37,2025-10-10T08:34:37
pay_002026,order_001858,cust_00238,99.0,usd,card,mastercard,6719,succeeded,,2025-10-10T06:05:53,2025-10-10T06:05:53
pay_002027,order_001859,cust_00464,89.1,usd,card,mastercard,4583,failed,card_declined,2025-10-10T05:22:51,2025-10-10T05:22:51
pay_002028,order_001859,cust_00464,89.1,usd,card,mastercard,4813,succeeded,,2025-10-10T05:42:51,2025-10-10T05:42:51
pay_002029,order_001860,,49.99,usd,card,mastercard,1304,succeeded,,2025-10-10T17:07:13,2025-10-10T17:07:13
pay_002030,order_001861,,64.99,usd,paypal,,,succeeded,,2025-10-10T05:25:35,2025-10-10T05:25:35
pay_002031,order_001862,,34.99,usd,card,visa,7434,succeeded,,2025-10-10T01:09:14,2025-10-10T01:09:14
pay_002032,order_001863,,89.99,usd,card,discover,5190,succeeded,,2025-10-10T17:53:08,2025-10-10T17:53:08
pay_002033,order_001864,cust_00620,7.99,usd,card,mastercard,4212,succeeded,,2025-10-11T04:55:33,2025-10-11T04:55:33
pay_002034,order_001865,cust_00784,79.2,usd,card,mastercard,3849,succeeded,,2025-10-11T11:16:25,2025-10-11T11:16:25
pay_002035,order_001866,cust_00792,79.0,usd,card,visa,5256,succeeded,,2025-10-11T02:15:06,2025-10-11T02:15:06
pay_002036,order_001867,cust_00186,9.99,usd,card,visa,2797,succeeded,,2025-10-12T12:51:51,2025-10-12T12:51:51
pay_002037,order_001868,cust_00604,9.99,usd,card,mastercard,8547,succeeded,,2025-10-12T05:53:00,2025-10-12T05:53:00
pay_002038,order_001869,cust_00647,9.99,usd,card,amex,2860,succeeded,,2025-10-12T05:39:38,2025-10-12T05:39:38
pay_002039,order_001870,cust_00766,149.0,usd,card,visa,3377,succeeded,,2025-10-12T23:02:06,2025-10-12T23:02:06
pay_002040,order_001871,cust_00370,126.65,usd,card,mastercard,7184,succeeded,,2025-10-13T00:17:56,2025-10-13T00:17:56
pay_002041,order_001872,cust_00556,79.0,usd,card,mastercard,7961,succeeded,,2025-10-13T18:36:41,2025-10-13T18:36:41
pay_002042,order_001873,,44.99,usd,card,visa,1758,succeeded,,2025-10-13T00:37:36,2025-10-13T00:37:36
pay_002043,order_001874,,89.99,usd,card,visa,2786,succeeded,,2025-10-13T01:55:37,2025-10-13T01:55:37
pay_002044,order_001875,cust_00021,34.99,usd,apple_pay,,,succeeded,,2025-10-14T00:52:39,2025-10-14T00:52:39
pay_002045,order_001876,cust_00580,9.99,usd,card,amex,9575,succeeded,,2025-10-14T11:50:37,2025-10-14T11:50:37
pay_002046,order_001877,cust_00810,24.99,usd,card,amex,4086,succeeded,,2025-10-14T19:37:51,2025-10-14T19:37:51
pay_002047,order_001878,cust_00817,19.99,usd,card,discover,0238,succeeded,,2025-10-14T11:48:00,2025-10-14T11:48:00
pay_002048,order_001879,,64.99,usd,card,mastercard,0826,succeeded,,2025-10-14T10:45:12,2025-10-14T10:45:12
pay_002049,order_001880,,34.99,usd,card,visa,9870,succeeded,,2025-10-14T17:59:25,2025-10-14T17:59:25
pay_002050,order_001881,,89.99,usd,card,mastercard,8275,succeeded,,2025-10-14T13:38:13,2025-10-14T13:38:13
pay_002051,order_001882,,34.99,usd,card,mastercard,0785,succeeded,,2025-10-14T16:40:04,2025-10-14T16:40:04
pay_002052,order_001883,cust_00323,149.0,usd,card,mastercard,3918,succeeded,,2025-10-15T10:49:18,2025-10-15T10:49:18
pay_002053,order_001884,cust_00752,9.99,usd,card,mastercard,6853,succeeded,,2025-10-15T14:38:06,2025-10-15T14:38:06
pay_002054,order_001885,cust_00763,44.99,usd,paypal,,,succeeded,,2025-10-15T22:25:09,2025-10-15T22:25:09
pay_002055,order_001886,cust_00792,129.0,usd,card,visa,9661,succeeded,,2025-10-15T13:13:10,2025-10-15T13:13:10
pay_002056,order_001887,,31.49,usd,card,visa,5041,succeeded,,2025-10-15T13:08:48,2025-10-15T13:08:48
pay_002057,order_001888,,89.99,usd,card,visa,1013,succeeded,,2025-10-15T22:13:44,2025-10-15T22:13:44
pay_002058,order_001889,,49.99,usd,card,mastercard,5651,succeeded,,2025-10-15T02:08:14,2025-10-15T02:08:14
pay_002059,order_001890,,34.99,usd,card,visa,8685,succeeded,,2025-10-15T01:33:20,2025-10-15T01:33:20
pay_002060,order_001891,cust_00176,9.99,usd,card,visa,1295,failed,insufficient_funds,2025-10-16T05:54:28,2025-10-16T05:54:28
pay_002061,order_001891,cust_00176,9.99,usd,card,mastercard,6533,failed,insufficient_funds,2025-10-16T05:56:28,2025-10-16T05:56:28
pay_002062,order_001891,cust_00176,9.99,usd,card,visa,6104,succeeded,,2025-10-16T06:08:28,2025-10-16T06:08:28
pay_002063,order_001892,cust_00279,129.0,usd,card,amex,8629,succeeded,,2025-10-16T19:55:47,2025-10-16T19:55:47
pay_002064,order_001893,cust_00439,79.0,usd,card,discover,2746,succeeded,,2025-10-16T02:02:54,2025-10-16T02:02:54
pay_002065,order_001894,cust_00757,9.99,usd,card,visa,8314,succeeded,,2025-10-16T05:42:45,2025-10-16T05:42:45
pay_002066,order_001895,cust_00837,64.99,usd,card,visa,5111,succeeded,,2025-10-16T02:43:38,2025-10-16T02:43:38
pay_002067,order_001896,,89.99,usd,card,visa,3431,succeeded,,2025-10-16T00:37:56,2025-10-16T00:37:56
pay_002068,order_001897,,89.99,usd,card,mastercard,3075,succeeded,,2025-10-16T01:05:29,2025-10-16T01:05:29
pay_002069,order_001898,cust_00323,49.99,usd,card,mastercard,8051,succeeded,,2025-10-17T18:26:50,2025-10-17T18:26:50
pay_002070,order_001899,cust_00513,79.0,usd,card,amex,5154,succeeded,,2025-10-17T19:51:16,2025-10-17T19:51:16
pay_002071,order_001900,cust_00621,49.99,usd,paypal,,,succeeded,,2025-10-17T00:41:24,2025-10-17T00:41:24
pay_002072,order_001901,cust_00658,9.99,usd,card,amex,1434,succeeded,,2025-10-17T21:26:29,2025-10-17T21:26:29
pay_002073,order_001902,,34.99,usd,card,amex,3902,succeeded,,2025-10-17T05:47:13,2025-10-17T05:47:13
pay_002074,order_001903,cust_00119,129.0,usd,card,visa,9776,succeeded,,2025-10-18T13:22:03,2025-10-18T13:22:03
pay_002075,order_001904,cust_00307,64.99,usd,card,visa,6126,succeeded,,2025-10-18T04:57:04,2025-10-18T04:57:04
pay_002076,order_001905,cust_00388,49.99,usd,card,visa,4957,succeeded,,2025-10-18T10:16:49,2025-10-18T10:16:49
pay_002077,order_001906,,64.99,usd,card,mastercard,2409,succeeded,,2025-10-18T13:01:38,2025-10-18T13:01:38
pay_002078,order_001907,cust_00295,89.1,usd,card,visa,0397,succeeded,,2025-10-19T04:37:50,2025-10-19T04:37:50
pay_002079,order_001908,cust_00735,129.0,usd,card,mastercard,4583,succeeded,,2025-10-19T08:43:05,2025-10-19T08:43:05
pay_002080,order_001909,cust_00187,34.99,usd,card,visa,6046,succeeded,,2025-10-20T08:58:41,2025-10-20T08:58:41
pay_002081,order_001910,cust_00805,19.99,usd,card,mastercard,8954,succeeded,,2025-10-20T00:24:35,2025-10-20T00:24:35
pay_002082,order_001911,cust_00835,79.0,usd,paypal,,,succeeded,,2025-10-20T04:45:48,2025-10-20T04:45:48
pay_002083,order_001912,cust_00086,129.0,usd,card,visa,9340,succeeded,,2025-10-21T05:00:39,2025-10-21T05:00:39
pay_002084,order_001913,cust_00323,89.99,usd,apple_pay,,,succeeded,,2025-10-21T19:03:15,2025-10-21T19:03:15
pay_002085,order_001914,cust_00380,64.99,usd,card,visa,0979,succeeded,,2025-10-21T13:40:48,2025-10-21T13:40:48
pay_002086,order_001915,cust_00847,64.99,usd,paypal,,,succeeded,,2025-10-21T18:38:34,2025-10-21T18:38:34
pay_002087,order_001916,,34.99,usd,card,mastercard,3167,failed,expired_card,2025-10-21T05:04:48,2025-10-21T05:04:48
pay_002088,order_001916,,34.99,usd,card,amex,0339,succeeded,,2025-10-21T05:10:48,2025-10-21T05:10:48
pay_002089,order_001917,cust_00052,24.99,usd,paypal,,,succeeded,,2025-10-22T23:07:19,2025-10-22T23:07:19
pay_002090,order_001918,cust_00094,79.0,usd,card,mastercard,2991,succeeded,,2025-10-22T16:47:38,2025-10-22T16:47:38
pay_002091,order_001919,cust_00523,39.99,usd,card,mastercard,6884,succeeded,,2025-10-22T11:42:38,2025-10-22T11:42:38
pay_002092,order_001920,cust_00598,34.99,usd,paypal,,,failed,processing_error,2025-10-22T20:52:21,2025-10-22T20:52:21
pay_002093,order_001920,cust_00598,34.99,usd,card,visa,1599,succeeded,,2025-10-22T20:55:21,2025-10-22T20:55:21
pay_002094,order_001921,cust_00762,24.99,usd,card,mastercard,5231,succeeded,,2025-10-22T18:15:35,2025-10-22T18:15:35
pay_002095,order_001922,,34.99,usd,card,visa,4613,failed,expired_card,2025-10-22T10:01:41,2025-10-22T10:01:41
pay_002096,order_001922,,34.99,usd,card,mastercard,3584,succeeded,,2025-10-22T10:17:41,2025-10-22T10:17:41
pay_002097,order_001923,cust_00295,99.0,usd,paypal,,,succeeded,,2025-10-23T14:03:55,2025-10-23T14:03:55
pay_002098,order_001924,cust_00434,96.0,usd,card,mastercard,7035,succeeded,,2025-10-23T15:22:58,2025-10-23T15:22:58
pay_002099,order_001925,cust_00489,79.0,usd,card,mastercard,5095,succeeded,,2025-10-23T18:47:13,2025-10-23T18:47:13
pay_002100,order_001926,cust_00504,22.49,usd,card,mastercard,8466,succeeded,,2025-10-23T17:41:57,2025-10-23T17:41:57
pay_002101,order_001927,cust_00772,99.0,usd,card,visa,3490,succeeded,,2025-10-23T04:03:13,2025-10-23T04:03:13
pay_002102,order_001928,,24.99,usd,card,mastercard,3021,succeeded,,2025-10-23T10:33:36,2025-10-23T10:33:36
pay_002103,order_001929,,89.99,usd,card,amex,2473,succeeded,,2025-10-23T14:50:50,2025-10-23T14:50:50
pay_002104,order_001930,,34.99,usd,card,mastercard,0663,succeeded,,2025-10-23T04:58:39,2025-10-23T04:58:39
pay_002105,order_001931,cust_00235,149.0,usd,card,mastercard,2350,succeeded,,2025-10-24T20:11:18,2025-10-24T20:11:18
pay_002106,order_001932,cust_00598,34.99,usd,card,visa,7510,succeeded,,2025-10-24T10:37:33,2025-10-24T10:37:33
pay_002107,order_001933,cust_00655,89.99,usd,card,visa,9103,failed,processing_error,2025-10-24T22:58:58,2025-10-24T22:58:58
pay_002108,order_001933,cust_00655,89.99,usd,card,visa,8730,succeeded,,2025-10-24T23:05:58,2025-10-24T23:05:58
pay_002109,order_001934,cust_00819,64.99,usd,card,visa,1936,succeeded,,2025-10-24T08:32:26,2025-10-24T08:32:26
pay_002110,order_001935,cust_00844,149.0,usd,paypal,,,succeeded,,2025-10-24T22:17:57,2025-10-24T22:17:57
pay_002111,order_001936,,34.99,usd,card,discover,2256,succeeded,,2025-10-24T22:30:00,2025-10-24T22:30:00
pay_002112,order_001937,,24.99,usd,card,visa,3266,succeeded,,2025-10-24T02:31:55,2025-10-24T02:31:55
pay_002113,order_001938,cust_00114,39.99,usd,card,visa,3816,succeeded,,2025-10-25T10:02:56,2025-10-25T10:02:56
pay_002114,order_001939,cust_00370,24.99,usd,card,visa,4258,succeeded,,2025-10-25T04:49:55,2025-10-25T04:49:55
pay_002115,order_001940,cust_00444,99.0,usd,card,visa,4463,succeeded,,2025-10-25T07:15:18,2025-10-25T07:15:18
pay_002116,order_001941,cust_00789,9.99,usd,card,visa,0370,succeeded,,2025-10-25T19:58:06,2025-10-25T19:58:06
pay_002117,order_001942,,34.99,usd,card,visa,6423,succeeded,,2025-10-25T16:27:55,2025-10-25T16:27:55
pay_002118,order_001943,cust_00698,64.99,usd,card,mastercard,7588,succeeded,,2025-10-26T17:08:20,2025-10-26T17:08:20
pay_002119,order_001944,cust_00837,49.99,usd,card,mastercard,6153,succeeded,,2025-10-26T23:45:03,2025-10-26T23:45:03
pay_002120,order_001945,cust_00335,129.0,usd,card,visa,7773,succeeded,,2025-10-27T03:21:19,2025-10-27T03:21:19
pay_002121,order_001946,cust_00357,34.99,usd,paypal,,,succeeded,,2025-10-27T01:55:54,2025-10-27T01:55:54
pay_002122,order_001947,,34.99,usd,apple_pay,,,succeeded,,2025-10-27T05:02:32,2025-10-27T05:02:32
pay_002123,order_001948,cust_00064,64.99,usd,card,visa,5360,succeeded,,2025-10-28T07:12:44,2025-10-28T07:12:44
pay_002124,order_001949,cust_00252,34.99,usd,card,amex,3725,succeeded,,2025-10-28T03:31:40,2025-10-28T03:31:40
pay_002125,order_001950,cust_00353,9.99,usd,card,visa,5977,succeeded,,2025-10-28T14:10:16,2025-10-28T14:10:16
pay_002126,order_001951,cust_00396,9.99,usd,card,mastercard,3579,succeeded,,2025-10-28T05:59:06,2025-10-28T05:59:06
pay_002127,order_001952,cust_00671,64.99,usd,card,mastercard,4240,succeeded,,2025-10-28T15:10:28,2025-10-28T15:10:28
pay_002128,order_001953,cust_00782,99.0,usd,card,discover,9818,succeeded,,2025-10-28T15:33:19,2025-10-28T15:33:19
pay_002129,order_001954,cust_00787,71.1,usd,card,mastercard,6984,succeeded,,2025-10-28T05:06:32,2025-10-28T05:06:32
pay_002130,order_001955,cust_00396,99.0,usd,card,amex,5265,succeeded,,2025-10-29T15:02:06,2025-10-29T15:02:06
pay_002131,order_001956,cust_00543,64.99,usd,card,mastercard,1654,succeeded,,2025-10-29T18:20:13,2025-10-29T18:20:13
pay_002132,order_001957,cust_00698,99.0,usd,paypal,,,failed,card_declined,2025-10-29T11:07:10,2025-10-29T11:07:10
pay_002133,order_001957,cust_00698,99.0,usd,card,discover,8075,succeeded,,2025-10-29T11:16:10,2025-10-29T11:16:10
pay_002134,order_001958,cust_00764,9.99,usd,card,mastercard,6860,succeeded,,2025-10-29T17:45:56,2025-10-29T17:45:56
pay_002135,order_001959,cust_00097,99.0,usd,card,visa,4169,succeeded,,2025-10-30T23:28:50,2025-10-30T23:28:50
pay_002136,order_001960,cust_00343,9.99,usd,card,visa,1807,succeeded,,2025-10-30T03:18:23,2025-10-30T03:18:23
pay_002137,order_001961,,64.99,usd,paypal,,,succeeded,,2025-10-30T00:29:03,2025-10-30T00:29:03
pay_002138,order_001962,,89.99,usd,card,visa,3242,succeeded,,2025-10-30T23:45:14,2025-10-30T23:45:14
pay_002139,order_001963,,24.99,usd,card,discover,0861,succeeded,,2025-10-30T21:48:22,2025-10-30T21:48:22
pay_002140,order_001964,cust_00184,9.99,usd,card,discover,7549,succeeded,,2025-10-31T13:03:01,2025-10-31T13:03:01
pay_002141,order_001965,cust_00315,99.0,usd,card,visa,3595,succeeded,,2025-10-31T22:05:21,2025-10-31T22:05:21
pay_002142,order_001966,cust_00396,89.99,usd,paypal,,,failed,insufficient_funds,2025-10-31T16:48:07,2025-10-31T16:48:07
pay_002143,order_001966,cust_00396,89.99,usd,card,visa,3860,succeeded,,2025-10-31T16:59:07,2025-10-31T16:59:07
pay_002144,order_001967,cust_00852,64.99,usd,card,visa,6098,succeeded,,2025-10-31T05:40:04,2025-10-31T05:40:04
pay_002145,order_001968,,24.99,usd,card,mastercard,5551,succeeded,,2025-10-31T02:24:25,2025-10-31T02:24:25
pay_002146,order_001969,,64.99,usd,card,mastercard,8439,succeeded,,2025-10-31T17:37:26,2025-10-31T17:37:26
pay_002147,order_001970,cust_00160,99.0,usd,card,mastercard,8238,succeeded,,2025-11-01T18:42:02,2025-11-01T18:42:02
pay_002148,order_001971,cust_00772,34.99,usd,card,amex,2770,succeeded,,2025-11-01T20:30:41,2025-11-01T20:30:41
pay_002149,order_001972,cust_00842,24.99,usd,card,mastercard,5987,succeeded,,2025-11-01T00:22:02,2025-11-01T00:22:02
pay_002150,order_001973,cust_00041,89.99,usd,card,visa,0744,succeeded,,2025-11-02T13:28:36,2025-11-02T13:28:36
pay_002151,order_001974,cust_00335,79.0,usd,card,visa,1134,failed,card_declined,2025-11-02T16:17:01,2025-11-02T16:17:01
pay_002152,order_001974,cust_00335,79.0,usd,card,mastercard,8765,succeeded,,2025-11-02T16:20:01,2025-11-02T16:20:01
pay_002153,order_001975,,22.49,usd,apple_pay,,,succeeded,,2025-11-02T14:56:07,2025-11-02T14:56:07
pay_002154,order_001976,cust_00205,22.49,usd,card,visa,5141,succeeded,,2025-11-03T03:25:37,2025-11-03T03:25:37
pay_002155,order_001977,cust_00369,49.99,usd,card,visa,4994,succeeded,,2025-11-03T05:06:55,2025-11-03T05:06:55
pay_002156,order_001978,cust_00507,49.99,usd,card,visa,5817,succeeded,,2025-11-03T04:34:37,2025-11-03T04:34:37
pay_002157,order_001979,cust_00836,89.99,usd,card,visa,6561,succeeded,,2025-11-03T01:00:30,2025-11-03T01:00:30
pay_002158,order_001980,,49.99,usd,card,visa,7166,succeeded,,2025-11-03T23:30:17,2025-11-03T23:30:17
pay_002159,order_001981,,64.99,usd,card,visa,1400,succeeded,,2025-11-03T09:48:12,2025-11-03T09:48:12
pay_002160,order_001982,cust_00103,63.2,usd,card,visa,7475,succeeded,,2025-11-04T21:42:09,2025-11-04T21:42:09
pay_002161,order_001983,cust_00553,34.99,usd,card,visa,4240,succeeded,,2025-11-04T11:31:48,2025-11-04T11:31:48
pay_002162,order_001984,,31.49,usd,card,visa,2427,succeeded,,2025-11-04T03:29:07,2025-11-04T03:29:07
pay_002163,order_001985,cust_00462,17.99,usd,card,visa,1937,succeeded,,2025-11-05T18:37:17,2025-11-05T18:37:17
pay_002164,order_001986,cust_00599,9.99,usd,card,amex,7363,succeeded,,2025-11-05T23:57:21,2025-11-05T23:57:21
pay_002165,order_001987,cust_00647,9.99,usd,card,visa,7135,succeeded,,2025-11-05T06:05:30,2025-11-05T06:05:30
pay_002166,order_001988,,34.99,usd,card,mastercard,1080,failed,insufficient_funds,2025-11-05T14:09:32,2025-11-05T14:09:32
pay_002167,order_001988,,34.99,usd,paypal,,,succeeded,,2025-11-05T14:24:32,2025-11-05T14:24:32
pay_002168,order_001989,,24.99,usd,card,visa,5288,succeeded,,2025-11-05T14:16:05,2025-11-05T14:16:05
pay_002169,order_001990,cust_00114,96.0,usd,card,mastercard,4791,succeeded,,2025-11-06T10:09:51,2025-11-06T10:09:51
pay_002170,order_001991,cust_00124,39.99,usd,card,visa,5299,succeeded,,2025-11-06T02:05:25,2025-11-06T02:05:25
pay_002171,order_001992,cust_00301,99.0,usd,card,mastercard,2352,succeeded,,2025-11-06T16:23:24,2025-11-06T16:23:24
pay_002172,order_001993,cust_00301,9.99,usd,card,visa,0462,succeeded,,2025-11-06T03:52:56,2025-11-06T03:52:56
pay_002173,order_001994,cust_00458,9.99,usd,card,visa,6167,succeeded,,2025-11-06T17:30:46,2025-11-06T17:30:46
pay_002174,order_001995,,24.99,usd,card,mastercard,5858,succeeded,,2025-11-06T23:02:11,2025-11-06T23:02:11
pay_002175,order_001996,,89.99,usd,card,visa,6811,succeeded,,2025-11-06T05:54:23,2025-11-06T05:54:23
pay_002176,order_001997,,24.99,usd,card,visa,0607,succeeded,,2025-11-06T14:34:52,2025-11-06T14:34:52
pay_002177,order_001998,,49.99,usd,card,mastercard,6435,succeeded,,2025-11-06T21:01:37,2025-11-06T21:01:37
pay_002178,order_001999,cust_00409,24.99,usd,card,visa,4322,succeeded,,2025-11-07T06:28:55,2025-11-07T06:28:55
pay_002179,order_002000,cust_00698,44.99,usd,card,amex,3733,failed,processing_error,2025-11-07T16:45:12,2025-11-07T16:45:12
pay_002180,order_002000,cust_00698,44.99,usd,card,mastercard,6147,succeeded,,2025-11-07T16:58:12,2025-11-07T16:58:12
pay_002181,order_002001,cust_00792,120.0,usd,card,visa,4720,succeeded,,2025-11-07T13:50:52,2025-11-07T13:50:52
pay_002182,order_002002,cust_00819,79.0,usd,card,visa,3561,succeeded,,2025-11-07T09:03:47,2025-11-07T09:03:47
pay_002183,order_002003,,24.99,usd,card,visa,8665,succeeded,,2025-11-07T16:52:02,2025-11-07T16:52:02
pay_002184,order_002004,,34.99,usd,card,discover,5000,succeeded,,2025-11-07T01:58:47,2025-11-07T01:58:47
pay_002185,order_002005,cust_00026,34.99,usd,card,visa,4594,succeeded,,2025-11-08T13:37:58,2025-11-08T13:37:58
pay_002186,order_002006,cust_00232,99.0,usd,card,visa,9520,succeeded,,2025-11-08T21:45:36,2025-11-08T21:45:36
pay_002187,order_002007,cust_00578,9.99,usd,card,mastercard,5790,succeeded,,2025-11-08T09:24:00,2025-11-08T09:24:00
pay_002188,order_002008,cust_00632,19.99,usd,card,mastercard,4728,succeeded,,2025-11-08T21:41:25,2025-11-08T21:41:25
pay_002189,order_002009,cust_00776,9.99,usd,card,visa,4777,succeeded,,2025-11-08T06:56:11,2025-11-08T06:56:11
pay_002190,order_002010,cust_00804,7.99,usd,card,amex,2820,succeeded,,2025-11-08T13:38:59,2025-11-08T13:38:59
pay_002191,order_002011,,49.99,usd,card,visa,8638,succeeded,,2025-11-08T02:32:17,2025-11-08T02:32:17
pay_002192,order_002012,cust_00151,79.0,usd,card,visa,8461,succeeded,,2025-11-09T19:04:09,2025-11-09T19:04:09
pay_002193,order_002013,cust_00304,22.49,usd,card,visa,8534,succeeded,,2025-11-09T12:45:23,2025-11-09T12:45:23
pay_002194,order_002014,cust_00376,34.99,usd,card,amex,7460,succeeded,,2025-11-09T14:19:15,2025-11-09T14:19:15
pay_002195,order_002015,cust_00557,49.99,usd,card,visa,9319,succeeded,,2025-11-09T22:48:16,2025-11-09T22:48:16
pay_002196,order_002016,cust_00827,79.0,usd,card,visa,4202,succeeded,,2025-11-09T00:59:53,2025-11-09T00:59:53
pay_002197,order_002017,,34.99,usd,card,visa,8541,succeeded,,2025-11-09T10:20:27,2025-11-09T10:20:27
pay_002198,order_002018,,34.99,usd,card,visa,0825,succeeded,,2025-11-09T00:20:32,2025-11-09T00:20:32
pay_002199,order_002019,cust_00691,79.0,usd,card,visa,2598,succeeded,,2025-11-10T09:27:53,2025-11-10T09:27:53
pay_002200,order_002020,,89.99,usd,card,mastercard,2388,succeeded,,2025-11-10T22:54:46,2025-11-10T22:54:46
pay_002201,order_002021,,120.0,usd,card,mastercard,9760,succeeded,,2025-11-11T18:39:17,2025-11-11T18:39:17
pay_002202,order_002022,cust_00602,34.99,usd,card,visa,1155,succeeded,,2025-11-12T16:23:14,2025-11-12T16:23:14
pay_002203,order_002023,cust_00733,24.99,usd,card,visa,4968,succeeded,,2025-11-12T13:10:51,2025-11-12T13:10:51
pay_002204,order_002024,,120.0,usd,card,visa,9962,succeeded,,2025-11-12T14:07:58,2025-11-12T14:07:58
pay_002205,order_002025,,34.99,usd,card,amex,0176,succeeded,,2025-11-12T06:37:59,2025-11-12T06:37:59
pay_002206,order_002026,cust_00034,24.99,usd,card,mastercard,0052,succeeded,,2025-11-13T11:56:00,2025-11-13T11:56:00
pay_002207,order_002027,cust_00038,8.99,usd,paypal,,,succeeded,,2025-11-13T20:12:41,2025-11-13T20:12:41
pay_002208,order_002028,cust_00310,49.99,usd,card,visa,6931,succeeded,,2025-11-13T06:49:33,2025-11-13T06:49:33
pay_002209,order_002029,,34.99,usd,card,mastercard,2271,succeeded,,2025-11-13T18:02:34,2025-11-13T18:02:34
pay_002210,order_002030,,89.99,usd,apple_pay,,,succeeded,,2025-11-13T08:47:34,2025-11-13T08:47:34
pay_002211,order_002031,,49.99,usd,card,mastercard,9565,succeeded,,2025-11-13T05:47:10,2025-11-13T05:47:10
pay_002212,order_002032,cust_00344,24.99,usd,card,mastercard,3263,succeeded,,2025-11-14T09:36:58,2025-11-14T09:36:58
pay_002213,order_002033,,64.99,usd,card,amex,3188,succeeded,,2025-11-14T11:08:18,2025-11-14T11:08:18
pay_002214,order_002034,cust_00433,64.99,usd,card,amex,2681,succeeded,,2025-11-15T17:44:52,2025-11-15T17:44:52
pay_002215,order_002035,cust_00468,64.99,usd,card,mastercard,1653,succeeded,,2025-11-15T06:54:16,2025-11-15T06:54:16
pay_002216,order_002036,cust_00472,39.99,usd,card,amex,2430,succeeded,,2025-11-15T00:32:50,2025-11-15T00:32:50
pay_002217,order_002037,cust_00554,24.99,usd,card,visa,5906,succeeded,,2025-11-15T23:45:57,2025-11-15T23:45:57
pay_002218,order_002038,cust_00677,79.0,usd,card,visa,8278,succeeded,,2025-11-15T10:27:18,2025-11-15T10:27:18
pay_002219,order_002039,cust_00755,34.99,usd,card,visa,3772,succeeded,,2025-11-15T23:46:38,2025-11-15T23:46:38
pay_002220,order_002040,cust_00821,9.99,usd,card,mastercard,8305,succeeded,,2025-11-15T15:41:25,2025-11-15T15:41:25
pay_002221,order_002041,,89.99,usd,card,visa,4387,succeeded,,2025-11-15T20:45:38,2025-11-15T20:45:38
pay_002222,order_002042,cust_00167,103.2,usd,card,mastercard,2314,succeeded,,2025-11-16T20:12:12,2025-11-16T20:12:12
pay_002223,order_002043,cust_00172,9.99,usd,card,visa,6909,succeeded,,2025-11-16T20:40:37,2025-11-16T20:40:37
pay_002224,order_002044,cust_00464,79.0,usd,card,mastercard,4982,succeeded,,2025-11-16T04:37:31,2025-11-16T04:37:31
pay_002225,order_002045,cust_00639,39.99,usd,card,visa,1184,succeeded,,2025-11-16T04:33:38,2025-11-16T04:33:38
pay_002226,order_002046,cust_00076,79.0,usd,card,visa,3993,succeeded,,2025-11-17T21:36:46,2025-11-17T21:36:46
pay_002227,order_002047,cust_00433,9.99,usd,card,visa,4415,succeeded,,2025-11-17T13:46:59,2025-11-17T13:46:59
pay_002228,order_002048,cust_00567,79.0,usd,paypal,,,succeeded,,2025-11-17T11:16:09,2025-11-17T11:16:09
pay_002229,order_002049,cust_00571,64.99,usd,card,mastercard,0724,succeeded,,2025-11-17T16:05:10,2025-11-17T16:05:10
pay_002230,order_002050,cust_00647,24.99,usd,card,visa,5388,failed,card_declined,2025-11-17T22:47:53,2025-11-17T22:47:53
pay_002231,order_002050,cust_00647,24.99,usd,card,discover,6289,succeeded,,2025-11-17T23:04:53,2025-11-17T23:04:53
pay_002232,order_002051,cust_00797,99.0,usd,card,visa,7291,succeeded,,2025-11-17T13:20:24,2025-11-17T13:20:24
pay_002233,order_002052,,64.99,usd,card,visa,4648,succeeded,,2025-11-17T13:18:10,2025-11-17T13:18:10
pay_002234,order_002053,,24.99,usd,card,visa,1382,succeeded,,2025-11-18T01:15:10,2025-11-18T01:15:10
pay_002235,order_002054,cust_00406,34.99,usd,card,visa,4035,succeeded,,2025-11-19T15:12:36,2025-11-19T15:12:36
pay_002236,order_002055,cust_00617,89.99,usd,card,visa,8747,succeeded,,2025-11-19T05:12:08,2025-11-19T05:12:08
pay_002237,order_002056,cust_00641,9.99,usd,card,visa,9731,succeeded,,2025-11-19T17:39:04,2025-11-19T17:39:04
pay_002238,order_002057,,24.99,usd,paypal,,,succeeded,,2025-11-19T03:39:08,2025-11-19T03:39:08
pay_002239,order_002058,,120.0,usd,card,amex,6251,succeeded,,2025-11-20T21:06:53,2025-11-20T21:06:53
pay_002240,order_002059,cust_00233,24.99,usd,card,visa,3806,succeeded,,2025-11-21T02:45:42,2025-11-21T02:45:42
pay_002241,order_002060,cust_00385,19.99,usd,card,discover,3779,succeeded,,2025-11-21T10:59:05,2025-11-21T10:59:05
pay_002242,order_002061,cust_00796,89.99,usd,card,visa,0115,succeeded,,2025-11-21T03:08:46,2025-11-21T03:08:46
pay_002243,order_002062,,34.99,usd,card,amex,4114,succeeded,,2025-11-21T03:55:40,2025-11-21T03:55:40
pay_002244,order_002063,,22.49,usd,card,visa,3569,succeeded,,2025-11-21T22:03:43,2025-11-21T22:03:43
pay_002245,order_002064,cust_00081,120.0,usd,card,visa,3814,succeeded,,2025-11-22T09:25:35,2025-11-22T09:25:35
pay_002246,order_002065,cust_00174,9.99,usd,card,mastercard,5729,succeeded,,2025-11-22T08:38:28,2025-11-22T08:38:28
pay_002247,order_002066,cust_00175,49.99,usd,card,visa,8736,succeeded,,2025-11-22T13:31:58,2025-11-22T13:31:58
pay_002248,order_002067,cust_00419,79.0,usd,card,discover,7589,succeeded,,2025-11-22T06:23:26,2025-11-22T06:23:26
pay_002249,order_002068,cust_00458,9.99,usd,card,visa,6352,succeeded,,2025-11-22T04:37:20,2025-11-22T04:37:20
pay_002250,order_002069,cust_00313,9.99,usd,card,mastercard,4897,succeeded,,2025-11-23T15:45:04,2025-11-23T15:45:04
pay_002251,order_002070,cust_00641,89.99,usd,card,amex,9133,succeeded,,2025-11-23T16:42:23,2025-11-23T16:42:23
pay_002252,order_002071,,89.99,usd,card,mastercard,6209,succeeded,,2025-11-23T06:10:06,2025-11-23T06:10:06
pay_002253,order_002072,,34.99,usd,card,amex,9519,succeeded,,2025-11-23T18:48:29,2025-11-23T18:48:29
pay_002254,order_002073,cust_00064,64.99,usd,card,discover,3320,succeeded,,2025-11-24T22:02:57,2025-11-24T22:02:57
pay_002255,order_002074,cust_00314,9.99,usd,paypal,,,succeeded,,2025-11-24T06:01:44,2025-11-24T06:01:44
pay_002256,order_002075,cust_00330,129.0,usd,card,mastercard,6274,succeeded,,2025-11-24T10:30:25,2025-11-24T10:30:25
pay_002257,order_002076,cust_00836,49.99,usd,paypal,,,succeeded,,2025-11-24T18:46:48,2025-11-24T18:46:48
pay_002258,order_002077,cust_00837,24.99,usd,card,mastercard,5697,succeeded,,2025-11-24T12:30:13,2025-11-24T12:30:13
pay_002259,order_002078,,89.99,usd,card,visa,2247,succeeded,,2025-11-24T20:27:29,2025-11-24T20:27:29
pay_002260,order_002079,cust_00118,99.0,usd,card,mastercard,3250,succeeded,,2025-11-25T05:48:46,2025-11-25T05:48:46
pay_002261,order_002080,,64.99,usd,card,mastercard,8385,succeeded,,2025-11-25T12:37:40,2025-11-25T12:37:40
pay_002262,order_002081,,58.49,usd,card,visa,3329,succeeded,,2025-11-25T21:58:08,2025-11-25T21:58:08
pay_002263,order_002082,,24.99,usd,card,mastercard,2449,succeeded,,2025-11-25T12:27:30,2025-11-25T12:27:30
pay_002264,order_002083,cust_00381,9.99,usd,card,visa,1041,succeeded,,2025-11-26T20:15:20,2025-11-26T20:15:20
pay_002265,order_002084,cust_00488,19.99,usd,card,mastercard,9059,succeeded,,2025-11-26T23:57:48,2025-11-26T23:57:48
pay_002266,order_002085,cust_00724,19.99,usd,card,visa,9260,succeeded,,2025-11-26T04:19:05,2025-11-26T04:19:05
pay_002267,order_002086,cust_00821,79.0,usd,card,visa,3121,succeeded,,2025-11-26T03:51:00,2025-11-26T03:51:00
pay_002268,order_002087,,34.99,usd,card,visa,2374,succeeded,,2025-11-26T04:02:04,2025-11-26T04:02:04
pay_002269,order_002088,,89.99,usd,card,discover,8362,succeeded,,2025-11-26T16:52:20,2025-11-26T16:52:20
pay_002270,order_002089,,24.99,usd,card,visa,9333,succeeded,,2025-11-26T07:34:11,2025-11-26T07:34:11
pay_002271,order_002090,cust_00137,99.0,usd,card,amex,5436,succeeded,,2025-11-27T15:17:54,2025-11-27T15:17:54
pay_002272,order_002091,cust_00258,129.0,usd,card,visa,0293,succeeded,,2025-11-27T00:03:26,2025-11-27T00:03:26
pay_002273,order_002092,,49.99,usd,paypal,,,succeeded,,2025-11-27T20:13:17,2025-11-27T20:13:17
pay_002274,order_002093,,49.99,usd,card,amex,6672,succeeded,,2025-11-27T02:54:56,2025-11-27T02:54:56
pay_002275,order_002094,,64.99,usd,paypal,,,succeeded,,2025-11-27T20:47:07,2025-11-27T20:47:07
pay_002276,order_002095,,64.99,usd,card,visa,5167,succeeded,,2025-11-27T15:00:45,2025-11-27T15:00:45
pay_002277,order_002096,,49.99,usd,card,visa,3798,succeeded,,2025-11-27T10:36:05,2025-11-27T10:36:05
pay_002278,order_002097,cust_00557,79.0,usd,card,discover,9615,succeeded,,2025-11-28T08:38:51,2025-11-28T08:38:51
pay_002279,order_002098,cust_00646,24.99,usd,paypal,,,succeeded,,2025-11-28T00:50:18,2025-11-28T00:50:18
pay_002280,order_002099,cust_00001,149.0,usd,card,mastercard,1798,succeeded,,2025-11-29T11:04:48,2025-11-29T11:04:48
pay_002281,order_002100,cust_00488,39.99,usd,apple_pay,,,succeeded,,2025-11-29T10:30:58,2025-11-29T10:30:58
pay_002282,order_002101,cust_00551,64.99,usd,card,mastercard,7571,succeeded,,2025-11-29T12:24:44,2025-11-29T12:24:44
pay_002283,order_002102,cust_00673,89.99,usd,card,discover,4139,succeeded,,2025-11-29T04:10:57,2025-11-29T04:10:57
pay_002284,order_002103,,24.99,usd,paypal,,,succeeded,,2025-11-29T21:57:23,2025-11-29T21:57:23
pay_002285,order_002104,,22.49,usd,card,visa,6777,succeeded,,2025-11-29T06:32:52,2025-11-29T06:32:52
pay_002286,order_002105,,34.99,usd,card,amex,5871,succeeded,,2025-11-29T07:50:43,2025-11-29T07:50:43
pay_002287,order_002106,,64.99,usd,card,amex,3229,succeeded,,2025-11-29T09:09:16,2025-11-29T09:09:16
pay_002288,order_002107,,64.99,usd,card,visa,1269,failed,expired_card,2025-11-29T00:29:17,2025-11-29T00:29:17
pay_002289,order_002107,,64.99,usd,card,visa,7851,succeeded,,2025-11-29T00:46:17,2025-11-29T00:46:17
pay_002290,order_002108,cust_00100,129.0,usd,paypal,,,succeeded,,2025-11-30T15:17:43,2025-11-30T15:17:43
pay_002291,order_002109,cust_00109,49.99,usd,card,amex,1009,succeeded,,2025-11-30T16:41:26,2025-11-30T16:41:26
pay_002292,order_002110,cust_00671,34.99,usd,card,mastercard,5479,succeeded,,2025-11-30T16:03:45,2025-11-30T16:03:45
pay_002293,order_002111,cust_00746,24.99,usd,card,visa,3373,succeeded,,2025-11-30T13:30:24,2025-11-30T13:30:24
pay_002294,order_002112,cust_00788,58.49,usd,card,visa,3669,succeeded,,2025-11-30T21:47:52,2025-11-30T21:47:52
pay_002295,order_002113,cust_00068,34.99,usd,card,amex,3789,succeeded,,2025-12-01T23:39:03,2025-12-01T23:39:03
pay_002296,order_002114,cust_00606,64.99,usd,card,visa,0236,succeeded,,2025-12-01T16:56:32,2025-12-01T16:56:32
pay_002297,order_002115,cust_00792,24.99,usd,card,amex,2814,succeeded,,2025-12-01T01:56:24,2025-12-01T01:56:24
pay_002298,order_002116,,34.99,usd,card,visa,6232,succeeded,,2025-12-01T16:36:23,2025-12-01T16:36:23
pay_002299,order_002117,cust_00068,79.0,usd,card,mastercard,5964,succeeded,,2025-12-02T05:09:40,2025-12-02T05:09:40
pay_002300,order_002118,cust_00247,71.1,usd,card,amex,4122,succeeded,,2025-12-02T11:48:54,2025-12-02T11:48:54
pay_002301,order_002119,cust_00551,84.15,usd,card,visa,8013,succeeded,,2025-12-02T23:26:43,2025-12-02T23:26:43
pay_002302,order_002120,cust_00712,46.79,usd,card,visa,2676,succeeded,,2025-12-02T14:27:08,2025-12-02T14:27:08
pay_002303,order_002121,,89.99,usd,paypal,,,succeeded,,2025-12-02T09:00:53,2025-12-02T09:00:53
pay_002304,order_002122,,64.99,usd,card,visa,3614,succeeded,,2025-12-02T03:00:10,2025-12-02T03:00:10
pay_002305,order_002123,,24.99,usd,card,visa,3344,succeeded,,2025-12-02T13:40:50,2025-12-02T13:40:50
pay_002306,order_002124,,89.99,usd,card,visa,3596,succeeded,,2025-12-02T06:12:15,2025-12-02T06:12:15
pay_002307,order_002125,,49.99,usd,card,visa,5867,succeeded,,2025-12-02T06:44:13,2025-12-02T06:44:13
pay_002308,order_002126,,89.99,usd,card,visa,3836,succeeded,,2025-12-02T06:54:56,2025-12-02T06:54:56
pay_002309,order_002127,cust_00408,9.99,usd,card,mastercard,1570,succeeded,,2025-12-03T23:53:57,2025-12-03T23:53:57
pay_002310,order_002128,cust_00691,129.0,usd,card,visa,0307,succeeded,,2025-12-03T17:18:54,2025-12-03T17:18:54
pay_002311,order_002129,cust_00844,79.0,usd,card,discover,8136,succeeded,,2025-12-03T03:53:56,2025-12-03T03:53:56
pay_002312,order_002130,,34.99,usd,paypal,,,succeeded,,2025-12-03T17:23:26,2025-12-03T17:23:26
pay_002313,order_002131,,24.99,usd,paypal,,,succeeded,,2025-12-03T20:40:55,2025-12-03T20:40:55
pay_002314,order_002132,cust_00059,64.99,usd,card,amex,4071,succeeded,,2025-12-04T02:12:23,2025-12-04T02:12:23
pay_002315,order_002133,cust_00192,149.0,usd,card,visa,9763,succeeded,,2025-12-04T00:26:57,2025-12-04T00:26:57
pay_002316,order_002134,cust_00580,149.0,usd,card,discover,3703,succeeded,,2025-12-04T12:49:34,2025-12-04T12:49:34
pay_002317,order_002135,cust_00626,34.99,usd,card,visa,9508,succeeded,,2025-12-04T12:53:45,2025-12-04T12:53:45
pay_002318,order_002136,cust_00782,34.99,usd,card,mastercard,3983,succeeded,,2025-12-04T06:44:53,2025-12-04T06:44:53
pay_002319,order_002137,,24.99,usd,card,amex,2642,succeeded,,2025-12-04T19:28:22,2025-12-04T19:28:22
pay_002320,order_002138,,64.99,usd,card,visa,5345,succeeded,,2025-12-04T20:18:51,2025-12-04T20:18:51
pay_002321,order_002139,cust_00048,31.49,usd,card,mastercard,7604,succeeded,,2025-12-05T03:19:02,2025-12-05T03:19:02
pay_002322,order_002140,cust_00806,31.49,usd,card,visa,4157,succeeded,,2025-12-05T17:47:25,2025-12-05T17:47:25
pay_002323,order_002141,,89.99,usd,paypal,,,succeeded,,2025-12-05T09:57:03,2025-12-05T09:57:03
pay_002324,order_002142,,49.99,usd,paypal,,,succeeded,,2025-12-05T16:54:25,2025-12-05T16:54:25
pay_002325,order_002143,cust_00258,44.99,usd,card,mastercard,3698,succeeded,,2025-12-06T17:14:37,2025-12-06T17:14:37
pay_002326,order_002144,cust_00690,22.49,usd,card,mastercard,7291,failed,card_declined,2025-12-06T19:53:19,2025-12-06T19:53:19
pay_002327,order_002144,cust_00690,22.49,usd,card,visa,8377,succeeded,,2025-12-06T20:09:19,2025-12-06T20:09:19
pay_002328,order_002145,,24.99,usd,card,visa,1963,succeeded,,2025-12-06T03:19:31,2025-12-06T03:19:31
pay_002329,order_002146,cust_00546,64.99,usd,card,visa,7187,succeeded,,2025-12-07T10:25:35,2025-12-07T10:25:35
pay_002330,order_002147,cust_00176,9.99,usd,card,visa,6579,succeeded,,2025-12-08T15:46:22,2025-12-08T15:46:22
pay_002331,order_002148,cust_00235,24.99,usd,card,visa,7457,succeeded,,2025-12-08T15:33:49,2025-12-08T15:33:49
pay_002332,order_002149,cust_00547,9.99,usd,card,amex,2276,succeeded,,2025-12-08T00:54:18,2025-12-08T00:54:18
pay_002333,order_002150,,34.99,usd,card,visa,1306,succeeded,,2025-12-08T07:50:53,2025-12-08T07:50:53
pay_002334,order_002151,cust_00121,99.0,usd,card,mastercard,6260,succeeded,,2025-12-09T07:34:25,2025-12-09T07:34:25
pay_002335,order_002152,cust_00164,89.99,usd,card,amex,5420,succeeded,,2025-12-09T22:57:54,2025-12-09T22:57:54
pay_002336,order_002153,cust_00323,79.0,usd,card,mastercard,6015,succeeded,,2025-12-09T17:29:34,2025-12-09T17:29:34
pay_002337,order_002154,cust_00687,120.0,usd,apple_pay,,,succeeded,,2025-12-09T23:11:51,2025-12-09T23:11:51
pay_002338,order_002155,cust_00849,24.99,usd,card,mastercard,5979,succeeded,,2025-12-09T15:03:45,2025-12-09T15:03:45
pay_002339,order_002156,,89.99,usd,card,mastercard,0320,succeeded,,2025-12-09T20:17:15,2025-12-09T20:17:15
pay_002340,order_002157,,49.99,usd,card,amex,9696,failed,processing_error,2025-12-09T06:14:42,2025-12-09T06:14:42
pay_002341,order_002157,,49.99,usd,card,visa,6783,succeeded,,2025-12-09T06:20:42,2025-12-09T06:20:42
pay_002342,order_002158,cust_00102,79.0,usd,card,visa,9386,succeeded,,2025-12-10T22:59:48,2025-12-10T22:59:48
pay_002343,order_002159,cust_00326,99.0,usd,paypal,,,succeeded,,2025-12-10T02:13:32,2025-12-10T02:13:32
pay_002344,order_002160,cust_00691,9.99,usd,card,mastercard,9361,succeeded,,2025-12-10T01:53:46,2025-12-10T01:53:46
pay_002345,order_002161,,34.99,usd,card,visa,5545,succeeded,,2025-12-10T16:10:53,2025-12-10T16:10:53
pay_002346,order_002162,cust_00104,9.99,usd,apple_pay,,,succeeded,,2025-12-11T20:02:59,2025-12-11T20:02:59
pay_002347,order_002163,cust_00299,99.0,usd,card,mastercard,4925,succeeded,,2025-12-11T12:28:48,2025-12-11T12:28:48
pay_002348,order_002164,cust_00316,129.0,usd,card,amex,4791,succeeded,,2025-12-11T09:31:21,2025-12-11T09:31:21
pay_002349,order_002165,cust_00435,9.99,usd,card,mastercard,6421,failed,card_declined,2025-12-12T11:17:16,2025-12-12T11:17:16
pay_002350,order_002165,cust_00435,9.99,usd,card,amex,2329,succeeded,,2025-12-12T11:24:16,2025-12-12T11:24:16
pay_002351,order_002166,cust_00787,129.0,usd,paypal,,,succeeded,,2025-12-12T19:34:52,2025-12-12T19:34:52
pay_002352,order_002167,,34.99,usd,card,visa,6523,succeeded,,2025-12-12T23:00:21,2025-12-12T23:00:21
pay_002353,order_002168,,22.49,usd,paypal,,,succeeded,,2025-12-12T10:12:48,2025-12-12T10:12:48
pay_002354,order_002169,,49.99,usd,paypal,,,succeeded,,2025-12-12T10:50:21,2025-12-12T10:50:21
pay_002355,order_002170,,64.99,usd,card,visa,4215,succeeded,,2025-12-12T07:30:35,2025-12-12T07:30:35
pay_002356,order_002171,cust_00307,99.0,usd,card,mastercard,0149,succeeded,,2025-12-13T03:49:10,2025-12-13T03:49:10
pay_002357,order_002172,cust_00458,120.0,usd,card,amex,1520,failed,card_declined,2025-12-13T10:38:20,2025-12-13T10:38:20
pay_002358,order_002172,cust_00458,120.0,usd,card,amex,1943,succeeded,,2025-12-13T10:51:20,2025-12-13T10:51:20
pay_002359,order_002173,cust_00396,89.99,usd,card,discover,7938,succeeded,,2025-12-14T18:32:47,2025-12-14T18:32:47
pay_002360,order_002174,cust_00744,9.99,usd,apple_pay,,,succeeded,,2025-12-14T09:29:07,2025-12-14T09:29:07
pay_002361,order_002175,cust_00802,89.99,usd,card,visa,9562,succeeded,,2025-12-14T02:36:22,2025-12-14T02:36:22
pay_002362,order_002176,,49.99,usd,card,visa,3155,succeeded,,2025-12-14T06:48:12,2025-12-14T06:48:12
pay_002363,order_002177,,64.99,usd,card,amex,0281,succeeded,,2025-12-14T07:18:59,2025-12-14T07:18:59
pay_002364,order_002178,,80.99,usd,card,visa,8434,succeeded,,2025-12-14T16:11:42,2025-12-14T16:11:42
pay_002365,order_002179,cust_00022,9.99,usd,card,visa,0033,succeeded,,2025-12-15T07:15:58,2025-12-15T07:15:58
pay_002366,order_002180,cust_00217,35.99,usd,card,visa,7017,succeeded,,2025-12-15T10:16:48,2025-12-15T10:16:48
pay_002367,order_002181,cust_00223,64.99,usd,card,visa,0658,succeeded,,2025-12-15T21:47:16,2025-12-15T21:47:16
pay_002368,order_002182,cust_00440,9.99,usd,card,visa,6210,succeeded,,2025-12-15T12:17:38,2025-12-15T12:17:38
pay_002369,order_002183,cust_00633,24.99,usd,paypal,,,succeeded,,2025-12-15T23:09:07,2025-12-15T23:09:07
pay_002370,order_002184,cust_00673,79.0,usd,paypal,,,succeeded,,2025-12-15T14:17:49,2025-12-15T14:17:49
pay_002371,order_002185,cust_00746,24.99,usd,card,visa,8534,succeeded,,2025-12-15T18:23:24,2025-12-15T18:23:24
pay_002372,order_002186,cust_00798,99.0,usd,card,mastercard,0566,succeeded,,2025-12-15T01:37:09,2025-12-15T01:37:09
pay_002373,order_002187,,34.99,usd,card,mastercard,6824,succeeded,,2025-12-15T17:38:56,2025-12-15T17:38:56
pay_002374,order_002188,cust_00272,39.99,usd,card,visa,1216,succeeded,,2025-12-16T15:06:33,2025-12-16T15:06:33
pay_002375,order_002189,cust_00330,9.99,usd,card,mastercard,2457,succeeded,,2025-12-16T04:10:59,2025-12-16T04:10:59
pay_002376,order_002190,cust_00466,89.99,usd,paypal,,,succeeded,,2025-12-16T00:40:56,2025-12-16T00:40:56
pay_002377,order_002191,cust_00771,64.99,usd,card,visa,6492,succeeded,,2025-12-16T00:13:05,2025-12-16T00:13:05
pay_002378,order_002192,,34.99,usd,card,visa,2909,succeeded,,2025-12-16T10:12:43,2025-12-16T10:12:43
pay_002379,order_002193,,24.99,usd,card,visa,4311,succeeded,,2025-12-16T16:51:27,2025-12-16T16:51:27
pay_002380,order_002194,cust_00108,9.99,usd,card,visa,1264,succeeded,,2025-12-17T04:18:15,2025-12-17T04:18:15
pay_002381,order_002195,cust_00187,24.99,usd,card,amex,7812,succeeded,,2025-12-17T15:49:06,2025-12-17T15:49:06
pay_002382,order_002196,cust_00513,9.99,usd,card,mastercard,1230,succeeded,,2025-12-17T10:05:14,2025-12-17T10:05:14
pay_002383,order_002197,,24.99,usd,apple_pay,,,succeeded,,2025-12-17T06:17:57,2025-12-17T06:17:57
pay_002384,order_002198,cust_00192,99.0,usd,card,mastercard,7746,succeeded,,2025-12-18T17:50:21,2025-12-18T17:50:21
pay_002385,order_002199,cust_00358,9.99,usd,card,visa,5375,succeeded,,2025-12-18T06:58:15,2025-12-18T06:58:15
pay_002386,order_002200,,49.99,usd,card,mastercard,7521,succeeded,,2025-12-18T07:14:28,2025-12-18T07:14:28
pay_002387,order_002201,,34.99,usd,card,visa,3440,failed,card_declined,2025-12-18T00:57:02,2025-12-18T00:57:02
pay_002388,order_002201,,34.99,usd,paypal,,,failed,card_declined,2025-12-18T01:03:02,2025-12-18T01:03:02
pay_002389,order_002201,,34.99,usd,paypal,,,succeeded,,2025-12-18T01:10:02,2025-12-18T01:10:02
pay_002390,order_002202,,24.99,usd,card,visa,1280,failed,insufficient_funds,2025-12-18T06:30:05,2025-12-18T06:30:05
pay_002391,order_002202,,24.99,usd,card,mastercard,3478,succeeded,,2025-12-18T06:41:05,2025-12-18T06:41:05
pay_002392,order_002203,cust_00050,99.0,usd,card,discover,4730,failed,card_declined,2025-12-19T19:35:08,2025-12-19T19:35:08
pay_002393,order_002203,cust_00050,99.0,usd,card,visa,6701,succeeded,,2025-12-19T19:46:08,2025-12-19T19:46:08
pay_002394,order_002204,cust_00139,24.99,usd,card,visa,0181,succeeded,,2025-12-19T13:07:09,2025-12-19T13:07:09
pay_002395,order_002205,cust_00150,34.99,usd,card,visa,7003,succeeded,,2025-12-19T08:16:45,2025-12-19T08:16:45
pay_002396,order_002206,cust_00299,99.0,usd,card,visa,8271,succeeded,,2025-12-19T17:16:01,2025-12-19T17:16:01
pay_002397,order_002207,cust_00569,9.99,usd,card,mastercard,6500,succeeded,,2025-12-19T02:39:52,2025-12-19T02:39:52
pay_002398,order_002208,cust_00640,34.99,usd,card,mastercard,8697,succeeded,,2025-12-19T11:09:11,2025-12-19T11:09:11
pay_002399,order_002209,cust_00748,64.99,usd,card,amex,9779,succeeded,,2025-12-19T10:44:34,2025-12-19T10:44:34
pay_002400,order_002210,,24.99,usd,card,amex,8877,succeeded,,2025-12-19T11:44:46,2025-12-19T11:44:46
pay_002401,order_002211,,49.99,usd,card,visa,9323,succeeded,,2025-12-19T22:31:39,2025-12-19T22:31:39
pay_002402,order_002212,,31.49,usd,card,visa,9781,failed,expired_card,2025-12-19T06:42:32,2025-12-19T06:42:32
pay_002403,order_002212,,31.49,usd,apple_pay,,,succeeded,,2025-12-19T06:50:32,2025-12-19T06:50:32
pay_002404,order_002213,cust_00325,129.0,usd,card,amex,4564,succeeded,,2025-12-20T15:00:44,2025-12-20T15:00:44
pay_002405,order_002214,cust_00326,79.2,usd,card,amex,6716,succeeded,,2025-12-20T07:58:01,2025-12-20T07:58:01
pay_002406,order_002215,cust_00439,9.99,usd,card,visa,2406,succeeded,,2025-12-20T23:59:20,2025-12-20T23:59:20
pay_002407,order_002216,cust_00860,89.99,usd,card,visa,8501,succeeded,,2025-12-20T08:04:01,2025-12-20T08:04:01
pay_002408,order_002217,,49.99,usd,card,mastercard,5156,succeeded,,2025-12-20T11:17:23,2025-12-20T11:17:23
pay_002409,order_002218,,24.99,usd,card,visa,1401,succeeded,,2025-12-20T20:22:08,2025-12-20T20:22:08
pay_002410,order_002219,,24.99,usd,card,mastercard,5449,succeeded,,2025-12-20T12:23:51,2025-12-20T12:23:51
pay_002411,order_002220,cust_00264,34.99,usd,card,mastercard,3434,succeeded,,2025-12-21T05:51:47,2025-12-21T05:51:47
pay_002412,order_002221,cust_00549,7.99,usd,card,visa,9748,succeeded,,2025-12-21T04:03:34,2025-12-21T04:03:34
pay_002413,order_002222,cust_00668,120.0,usd,card,mastercard,6403,succeeded,,2025-12-21T09:39:17,2025-12-21T09:39:17
pay_002414,order_002223,cust_00824,24.99,usd,card,visa,6968,succeeded,,2025-12-21T07:57:43,2025-12-21T07:57:43
pay_002415,order_002224,cust_00844,63.2,usd,card,visa,2821,succeeded,,2025-12-21T20:33:48,2025-12-21T20:33:48
pay_002416,order_002225,,49.99,usd,card,amex,5256,succeeded,,2025-12-21T06:16:51,2025-12-21T06:16:51
pay_002417,order_002226,,24.99,usd,card,mastercard,0719,succeeded,,2025-12-21T05:28:41,2025-12-21T05:28:41
pay_002418,order_002227,cust_00464,120.0,usd,card,visa,5204,failed,card_declined,2025-12-22T06:35:38,2025-12-22T06:35:38
pay_002419,order_002227,cust_00464,120.0,usd,card,mastercard,0940,failed,card_declined,2025-12-22T06:45:38,2025-12-22T06:45:38
pay_002420,order_002227,cust_00464,120.0,usd,paypal,,,succeeded,,2025-12-22T06:52:38,2025-12-22T06:52:38
pay_002421,order_002228,cust_00487,9.99,usd,card,mastercard,4486,succeeded,,2025-12-22T10:32:41,2025-12-22T10:32:41
pay_002422,order_002229,cust_00852,129.0,usd,paypal,,,succeeded,,2025-12-22T19:54:35,2025-12-22T19:54:35
pay_002423,order_002230,cust_00153,34.99,usd,card,amex,5465,succeeded,,2025-12-23T13:08:56,2025-12-23T13:08:56
pay_002424,order_002231,cust_00169,120.0,usd,card,visa,4036,succeeded,,2025-12-23T01:37:57,2025-12-23T01:37:57
pay_002425,order_002232,cust_00362,24.99,usd,card,amex,7911,succeeded,,2025-12-23T20:47:42,2025-12-23T20:47:42
pay_002426,order_002233,cust_00468,31.49,usd,card,visa,5926,succeeded,,2025-12-23T02:40:12,2025-12-23T02:40:12
pay_002427,order_002234,cust_00581,9.99,usd,card,visa,9159,succeeded,,2025-12-23T18:59:57,2025-12-23T18:59:57
pay_002428,order_002235,cust_00601,129.0,usd,card,mastercard,6109,succeeded,,2025-12-23T04:34:43,2025-12-23T04:34:43
pay_002429,order_002236,,49.99,usd,card,mastercard,3637,succeeded,,2025-12-23T17:50:34,2025-12-23T17:50:34
pay_002430,order_002237,,89.99,usd,card,visa,2916,succeeded,,2025-12-23T21:22:20,2025-12-23T21:22:20
pay_002431,order_002238,cust_00158,24.99,usd,card,visa,7906,succeeded,,2025-12-24T16:27:18,2025-12-24T16:27:18
pay_002432,order_002239,cust_00244,49.99,usd,card,mastercard,6535,succeeded,,2025-12-24T13:23:06,2025-12-24T13:23:06
pay_002433,order_002240,cust_00301,9.99,usd,card,visa,0145,succeeded,,2025-12-24T04:06:05,2025-12-24T04:06:05
pay_002434,order_002241,cust_00601,24.99,usd,card,discover,9910,succeeded,,2025-12-24T06:09:04,2025-12-24T06:09:04
pay_002435,order_002242,cust_00213,99.0,usd,card,visa,2932,succeeded,,2025-12-25T02:15:42,2025-12-25T02:15:42
pay_002436,order_002243,cust_00299,24.99,usd,paypal,,,succeeded,,2025-12-25T15:37:36,2025-12-25T15:37:36
pay_002437,order_002244,cust_00422,24.99,usd,card,visa,9642,succeeded,,2025-12-25T09:32:04,2025-12-25T09:32:04
pay_002438,order_002245,cust_00566,79.0,usd,card,mastercard,7381,succeeded,,2025-12-25T07:57:37,2025-12-25T07:57:37
pay_002439,order_002246,cust_00020,99.0,usd,card,amex,0771,succeeded,,2025-12-26T16:30:43,2025-12-26T16:30:43
pay_002440,order_002247,cust_00120,149.0,usd,card,visa,2890,succeeded,,2025-12-26T07:26:46,2025-12-26T07:26:46
pay_002441,order_002248,cust_00331,34.99,usd,card,mastercard,6748,succeeded,,2025-12-26T12:09:12,2025-12-26T12:09:12
pay_002442,order_002249,cust_00685,19.99,usd,card,visa,0563,succeeded,,2025-12-26T14:30:47,2025-12-26T14:30:47
pay_002443,order_002250,cust_00773,120.0,usd,card,amex,4300,succeeded,,2025-12-26T18:32:02,2025-12-26T18:32:02
pay_002444,order_002251,,120.0,usd,card,visa,2606,succeeded,,2025-12-26T14:01:08,2025-12-26T14:01:08
pay_002445,order_002252,,22.49,usd,paypal,,,succeeded,,2025-12-26T11:55:59,2025-12-26T11:55:59
pay_002446,order_002253,cust_00315,149.0,usd,card,amex,6490,succeeded,,2025-12-27T07:51:54,2025-12-27T07:51:54
pay_002447,order_002254,cust_00413,76.49,usd,card,visa,6410,succeeded,,2025-12-27T03:54:34,2025-12-27T03:54:34
pay_002448,order_002255,cust_00698,9.99,usd,card,visa,0002,succeeded,,2025-12-27T21:38:00,2025-12-27T21:38:00
pay_002449,order_002256,,49.99,usd,card,visa,4590,failed,card_declined,2025-12-27T19:25:11,2025-12-27T19:25:11
pay_002450,order_002256,,49.99,usd,card,discover,7056,succeeded,,2025-12-27T19:29:11,2025-12-27T19:29:11
pay_002451,order_002257,,34.99,usd,card,mastercard,2527,succeeded,,2025-12-27T21:33:36,2025-12-27T21:33:36
pay_002452,order_002258,,80.99,usd,card,visa,7557,succeeded,,2025-12-27T23:19:47,2025-12-27T23:19:47
pay_002453,order_002259,cust_00153,49.99,usd,card,visa,5814,succeeded,,2025-12-28T19:40:19,2025-12-28T19:40:19
pay_002454,order_002260,cust_00614,7.99,usd,card,mastercard,8784,succeeded,,2025-12-28T23:40:56,2025-12-28T23:40:56
pay_002455,order_002261,cust_00647,9.99,usd,card,discover,4618,succeeded,,2025-12-29T05:48:50,2025-12-29T05:48:50
pay_002456,order_002262,,34.99,usd,card,mastercard,1658,succeeded,,2025-12-29T14:53:45,2025-12-29T14:53:45
pay_002457,order_002263,,120.0,usd,card,visa,4585,succeeded,,2025-12-29T02:55:49,2025-12-29T02:55:49
pay_002458,order_002264,,44.99,usd,card,amex,7871,succeeded,,2025-12-29T11:49:43,2025-12-29T11:49:43
pay_002459,order_002265,cust_00724,71.99,usd,card,visa,4326,succeeded,,2025-12-31T00:10:59,2025-12-31T00:10:59
pay_002460,order_002266,cust_00755,149.0,usd,card,visa,3598,succeeded,,2025-12-31T06:56:11,2025-12-31T06:56:11
pay_002461,order_002267,cust_00121,120.0,usd,paypal,,,succeeded,,2026-01-01T15:03:38,2026-01-01T15:03:38
pay_002462,order_002268,cust_00155,34.99,usd,paypal,,,succeeded,,2026-01-01T19:38:01,2026-01-01T19:38:01
pay_002463,order_002269,cust_00238,129.0,usd,paypal,,,succeeded,,2026-01-01T07:22:02,2026-01-01T07:22:02
pay_002464,order_002270,cust_00452,49.99,usd,card,visa,5143,succeeded,,2026-01-01T20:59:48,2026-01-01T20:59:48
pay_002465,order_002271,cust_00494,9.99,usd,card,mastercard,9872,succeeded,,2026-01-01T17:28:51,2026-01-01T17:28:51
pay_002466,order_002272,,58.49,usd,card,visa,1114,succeeded,,2026-01-01T14:43:19,2026-01-01T14:43:19
pay_002467,order_002273,cust_00076,49.99,usd,card,amex,9766,succeeded,,2026-01-02T22:20:18,2026-01-02T22:20:18
pay_002468,order_002274,cust_00389,89.99,usd,card,mastercard,5320,succeeded,,2026-01-02T13:08:34,2026-01-02T13:08:34
pay_002469,order_002275,cust_00438,49.99,usd,card,visa,9351,succeeded,,2026-01-02T02:20:16,2026-01-02T02:20:16
pay_002470,order_002276,cust_00677,9.99,usd,card,mastercard,4402,succeeded,,2026-01-02T02:03:31,2026-01-02T02:03:31
pay_002471,order_002277,cust_00802,24.99,usd,card,mastercard,5468,succeeded,,2026-01-02T05:12:51,2026-01-02T05:12:51
pay_002472,order_002278,cust_00203,19.99,usd,card,visa,0301,succeeded,,2026-01-03T22:43:39,2026-01-03T22:43:39
pay_002473,order_002279,cust_00205,79.0,usd,card,mastercard,2887,succeeded,,2026-01-03T19:14:07,2026-01-03T19:14:07
pay_002474,order_002280,cust_00615,24.99,usd,card,visa,5407,succeeded,,2026-01-03T08:43:09,2026-01-03T08:43:09
pay_002475,order_002281,,64.99,usd,card,amex,0092,succeeded,,2026-01-04T04:23:26,2026-01-04T04:23:26
pay_002476,order_002282,cust_00332,9.99,usd,card,visa,1379,succeeded,,2026-01-05T23:27:45,2026-01-05T23:27:45
pay_002477,order_002283,cust_00556,9.99,usd,apple_pay,,,succeeded,,2026-01-05T00:26:21,2026-01-05T00:26:21
pay_002478,order_002284,cust_00614,64.99,usd,card,mastercard,3561,succeeded,,2026-01-05T09:04:35,2026-01-05T09:04:35
pay_002479,order_002285,cust_00708,24.99,usd,card,visa,8464,succeeded,,2026-01-05T04:49:48,2026-01-05T04:49:48
pay_002480,order_002286,cust_00767,9.99,usd,card,amex,4599,succeeded,,2026-01-05T06:22:32,2026-01-05T06:22:32
pay_002481,order_002287,,24.99,usd,card,mastercard,7609,succeeded,,2026-01-05T21:10:59,2026-01-05T21:10:59
pay_002482,order_002288,cust_00294,64.99,usd,card,visa,7411,succeeded,,2026-01-06T06:45:11,2026-01-06T06:45:11
pay_002483,order_002289,cust_00755,149.0,usd,card,mastercard,8933,failed,insufficient_funds,2026-01-06T05:10:28,2026-01-06T05:10:28
pay_002484,order_002289,cust_00755,149.0,usd,card,visa,3515,succeeded,,2026-01-06T05:25:28,2026-01-06T05:25:28
pay_002485,order_002290,,34.99,usd,paypal,,,succeeded,,2026-01-06T21:07:22,2026-01-06T21:07:22
pay_002486,order_002291,cust_00052,9.99,usd,card,visa,2659,failed,processing_error,2026-01-07T11:11:50,2026-01-07T11:11:50
pay_002487,order_002291,cust_00052,9.99,usd,card,visa,2217,failed,card_declined,2026-01-07T11:27:50,2026-01-07T11:27:50
pay_002488,order_002291,cust_00052,9.99,usd,paypal,,,succeeded,,2026-01-07T11:30:50,2026-01-07T11:30:50
pay_002489,order_002292,cust_00349,58.49,usd,card,visa,3863,succeeded,,2026-01-07T17:25:00,2026-01-07T17:25:00
pay_002490,order_002293,cust_00102,129.0,usd,card,visa,6368,succeeded,,2026-01-08T21:09:57,2026-01-08T21:09:57
pay_002491,order_002294,cust_00474,19.99,usd,card,visa,2874,succeeded,,2026-01-08T23:43:28,2026-01-08T23:43:28
pay_002492,order_002295,cust_00547,89.1,usd,paypal,,,succeeded,,2026-01-08T17:52:57,2026-01-08T17:52:57
pay_002493,order_002296,,89.99,usd,card,visa,6396,succeeded,,2026-01-08T09:16:56,2026-01-08T09:16:56
pay_002494,order_002297,,49.99,usd,card,visa,4574,succeeded,,2026-01-08T23:39:46,2026-01-08T23:39:46
pay_002495,order_002298,cust_00722,99.0,usd,apple_pay,,,succeeded,,2026-01-09T09:41:07,2026-01-09T09:41:07
pay_002496,order_002299,cust_00819,64.99,usd,card,visa,2801,succeeded,,2026-01-09T08:25:57,2026-01-09T08:25:57
pay_002497,order_002300,,49.99,usd,apple_pay,,,succeeded,,2026-01-09T07:11:01,2026-01-09T07:11:01
pay_002498,order_002301,cust_00637,34.99,usd,paypal,,,succeeded,,2026-01-10T17:41:02,2026-01-10T17:41:02
pay_002499,order_002302,,58.49,usd,card,mastercard,8473,succeeded,,2026-01-10T18:07:52,2026-01-10T18:07:52
pay_002500,order_002303,,64.99,usd,card,visa,7241,succeeded,,2026-01-10T05:32:48,2026-01-10T05:32:48
pay_002501,order_002304,,24.99,usd,card,visa,5060,failed,insufficient_funds,2026-01-10T22:58:01,2026-01-10T22:58:01
pay_002502,order_002304,,24.99,usd,card,visa,7835,succeeded,,2026-01-10T23:13:01,2026-01-10T23:13:01
pay_002503,order_002305,,89.99,usd,apple_pay,,,succeeded,,2026-01-10T11:53:46,2026-01-10T11:53:46
pay_002504,order_002306,cust_00391,49.99,usd,card,amex,7902,succeeded,,2026-01-11T13:56:44,2026-01-11T13:56:44
pay_002505,order_002307,cust_00549,80.99,usd,paypal,,,succeeded,,2026-01-11T00:47:31,2026-01-11T00:47:31
pay_002506,order_002308,,80.99,usd,card,visa,7852,succeeded,,2026-01-11T12:40:29,2026-01-11T12:40:29
pay_002507,order_002309,,34.99,usd,card,mastercard,4273,succeeded,,2026-01-11T10:47:16,2026-01-11T10:47:16
pay_002508,order_002310,cust_00087,49.99,usd,card,mastercard,9774,succeeded,,2026-01-12T23:46:03,2026-01-12T23:46:03
pay_002509,order_002311,cust_00276,9.99,usd,card,visa,7020,succeeded,,2026-01-12T00:31:40,2026-01-12T00:31:40
pay_002510,order_002312,,49.99,usd,card,mastercard,7429,succeeded,,2026-01-12T14:51:13,2026-01-12T14:51:13
pay_002511,order_002313,,24.99,usd,card,mastercard,1829,succeeded,,2026-01-12T07:18:02,2026-01-12T07:18:02
pay_002512,order_002314,cust_00326,116.1,usd,apple_pay,,,succeeded,,2026-01-13T05:34:23,2026-01-13T05:34:23
pay_002513,order_002315,,120.0,usd,paypal,,,succeeded,,2026-01-13T01:03:05,2026-01-13T01:03:05
pay_002514,order_002316,,89.99,usd,card,visa,2883,succeeded,,2026-01-13T09:39:45,2026-01-13T09:39:45
pay_002515,order_002317,,24.99,usd,card,mastercard,1129,succeeded,,2026-01-13T09:57:30,2026-01-13T09:57:30
pay_002516,order_002318,cust_00288,34.99,usd,card,visa,9716,succeeded,,2026-01-14T18:34:25,2026-01-14T18:34:25
pay_002517,order_002319,cust_00345,34.99,usd,card,visa,1067,failed,card_declined,2026-01-14T23:41:07,2026-01-14T23:41:07
pay_002518,order_002319,cust_00345,34.99,usd,card,visa,6951,succeeded,,2026-01-14T23:57:07,2026-01-14T23:57:07
pay_002519,order_002320,cust_00361,9.99,usd,apple_pay,,,succeeded,,2026-01-14T23:28:44,2026-01-14T23:28:44
pay_002520,order_002321,cust_00025,9.99,usd,card,visa,6763,succeeded,,2026-01-15T13:00:47,2026-01-15T13:00:47
pay_002521,order_002322,cust_00212,34.99,usd,card,amex,6187,failed,card_declined,2026-01-15T08:15:05,2026-01-15T08:15:05
pay_002522,order_002322,cust_00212,34.99,usd,card,visa,0596,failed,card_declined,2026-01-15T08:17:05,2026-01-15T08:17:05
pay_002523,order_002322,cust_00212,34.99,usd,card,discover,0814,succeeded,,2026-01-15T08:35:05,2026-01-15T08:35:05
pay_002524,order_002323,cust_00276,24.99,usd,card,mastercard,9996,succeeded,,2026-01-15T05:55:15,2026-01-15T05:55:15
pay_002525,order_002324,,64.99,usd,paypal,,,succeeded,,2026-01-15T10:06:57,2026-01-15T10:06:57
pay_002526,order_002325,,24.99,usd,paypal,,,succeeded,,2026-01-15T01:54:33,2026-01-15T01:54:33
pay_002527,order_002326,,24.99,usd,card,discover,8365,succeeded,,2026-01-15T17:39:18,2026-01-15T17:39:18
pay_002528,order_002327,,34.99,usd,card,visa,1655,succeeded,,2026-01-15T16:22:04,2026-01-15T16:22:04
pay_002529,order_002328,cust_00207,9.99,usd,card,visa,9883,succeeded,,2026-01-16T09:24:55,2026-01-16T09:24:55
pay_002530,order_002329,cust_00546,9.99,usd,card,visa,6646,succeeded,,2026-01-16T05:08:10,2026-01-16T05:08:10
pay_002531,order_002330,,34.99,usd,card,amex,2232,succeeded,,2026-01-16T02:10:33,2026-01-16T02:10:33
pay_002532,order_002331,,34.99,usd,paypal,,,succeeded,,2026-01-16T17:44:34,2026-01-16T17:44:34
pay_002533,order_002332,,34.99,usd,card,amex,2239,succeeded,,2026-01-16T18:00:37,2026-01-16T18:00:37
pay_002534,order_002333,,22.49,usd,card,visa,2989,succeeded,,2026-01-16T21:43:35,2026-01-16T21:43:35
pay_002535,order_002334,,24.99,usd,card,visa,5873,succeeded,,2026-01-16T07:17:51,2026-01-16T07:17:51
pay_002536,order_002335,cust_00688,89.99,usd,card,visa,1930,succeeded,,2026-01-17T18:51:15,2026-01-17T18:51:15
pay_002537,order_002336,,49.99,usd,card,visa,4138,succeeded,,2026-01-17T12:02:17,2026-01-17T12:02:17
pay_002538,order_002337,,58.49,usd,card,visa,6340,succeeded,,2026-01-17T12:50:39,2026-01-17T12:50:39
pay_002539,order_002338,,49.99,usd,paypal,,,succeeded,,2026-01-17T02:13:10,2026-01-17T02:13:10
pay_002540,order_002339,cust_00108,9.99,usd,card,visa,1320,succeeded,,2026-01-18T09:03:32,2026-01-18T09:03:32
pay_002541,order_002340,cust_00332,64.99,usd,card,amex,8645,succeeded,,2026-01-18T11:19:57,2026-01-18T11:19:57
pay_002542,order_002341,cust_00458,9.99,usd,card,visa,1699,succeeded,,2026-01-18T09:03:15,2026-01-18T09:03:15
pay_002543,order_002342,cust_00656,79.0,usd,card,mastercard,8036,succeeded,,2026-01-18T09:03:19,2026-01-18T09:03:19
pay_002544,order_002343,,64.99,usd,card,mastercard,6242,succeeded,,2026-01-18T04:47:15,2026-01-18T04:47:15
pay_002545,order_002344,,64.99,usd,apple_pay,,,failed,card_declined,2026-01-18T09:46:01,2026-01-18T09:46:01
pay_002546,order_002344,,64.99,usd,apple_pay,,,succeeded,,2026-01-18T10:04:01,2026-01-18T10:04:01
pay_002547,order_002345,,34.99,usd,card,mastercard,7593,succeeded,,2026-01-18T10:37:20,2026-01-18T10:37:20
pay_002548,order_002346,cust_00199,99.0,usd,card,mastercard,4454,succeeded,,2026-01-19T05:37:59,2026-01-19T05:37:59
pay_002549,order_002347,cust_00220,24.99,usd,card,visa,1290,succeeded,,2026-01-19T17:18:09,2026-01-19T17:18:09
pay_002550,order_002348,cust_00818,99.0,usd,card,visa,8200,succeeded,,2026-01-19T16:25:11,2026-01-19T16:25:11
pay_002551,order_002349,,24.99,usd,card,mastercard,6253,succeeded,,2026-01-19T02:25:40,2026-01-19T02:25:40
pay_002552,order_002350,,24.99,usd,card,mastercard,3141,succeeded,,2026-01-19T18:36:26,2026-01-19T18:36:26
pay_002553,order_002351,cust_00104,79.0,usd,card,visa,2837,succeeded,,2026-01-20T05:19:01,2026-01-20T05:19:01
pay_002554,order_002352,cust_00147,99.0,usd,card,amex,6679,succeeded,,2026-01-20T17:23:07,2026-01-20T17:23:07
pay_002555,order_002353,cust_00185,49.99,usd,card,amex,6042,succeeded,,2026-01-20T04:10:45,2026-01-20T04:10:45
pay_002556,order_002354,cust_00396,24.99,usd,card,visa,8324,succeeded,,2026-01-20T19:46:01,2026-01-20T19:46:01
pay_002557,order_002355,cust_00728,99.0,usd,paypal,,,succeeded,,2026-01-20T23:59:16,2026-01-20T23:59:16
pay_002558,order_002356,cust_00735,9.99,usd,card,visa,4642,succeeded,,2026-01-20T02:57:07,2026-01-20T02:57:07
pay_002559,order_002357,,64.99,usd,card,discover,0633,failed,insufficient_funds,2026-01-20T14:38:30,2026-01-20T14:38:30
pay_002560,order_002357,,64.99,usd,card,mastercard,1351,succeeded,,2026-01-20T14:45:30,2026-01-20T14:45:30
pay_002561,order_002358,,89.99,usd,card,mastercard,0782,succeeded,,2026-01-20T16:57:31,2026-01-20T16:57:31
pay_002562,order_002359,,89.99,usd,paypal,,,succeeded,,2026-01-20T10:08:19,2026-01-20T10:08:19
pay_002563,order_002360,,24.99,usd,card,visa,1438,succeeded,,2026-01-20T16:52:38,2026-01-20T16:52:38
pay_002564,order_002361,cust_00370,89.99,usd,paypal,,,succeeded,,2026-01-21T12:48:11,2026-01-21T12:48:11
pay_002565,order_002362,cust_00549,120.0,usd,card,visa,3621,failed,expired_card,2026-01-21T00:13:22,2026-01-21T00:13:22
pay_002566,order_002362,cust_00549,120.0,usd,card,amex,0015,succeeded,,2026-01-21T00:30:22,2026-01-21T00:30:22
pay_002567,order_002363,cust_00761,49.99,usd,card,visa,7770,succeeded,,2026-01-21T23:09:26,2026-01-21T23:09:26
pay_002568,order_002364,cust_00817,64.99,usd,card,visa,8662,succeeded,,2026-01-21T09:30:18,2026-01-21T09:30:18
pay_002569,order_002365,cust_00180,51.99,usd,card,visa,9097,succeeded,,2026-01-22T04:40:29,2026-01-22T04:40:29
pay_002570,order_002366,cust_00558,58.49,usd,card,visa,1047,succeeded,,2026-01-22T18:21:34,2026-01-22T18:21:34
pay_002571,order_002367,cust_00572,49.99,usd,card,visa,0601,succeeded,,2026-01-22T12:00:51,2026-01-22T12:00:51
pay_002572,order_002368,,24.99,usd,card,visa,1530,succeeded,,2026-01-22T23:49:34,2026-01-22T23:49:34
pay_002573,order_002369,cust_00573,116.1,usd,card,mastercard,1063,succeeded,,2026-01-23T10:00:18,2026-01-23T10:00:18
pay_002574,order_002370,cust_00655,49.99,usd,card,amex,5709,succeeded,,2026-01-23T00:51:33,2026-01-23T00:51:33
pay_002575,order_002371,cust_00806,129.0,usd,card,visa,6152,succeeded,,2026-01-23T09:31:12,2026-01-23T09:31:12
pay_002576,order_002372,,24.99,usd,card,mastercard,7401,succeeded,,2026-01-23T21:12:10,2026-01-23T21:12:10
pay_002577,order_002373,,49.99,usd,card,mastercard,7537,succeeded,,2026-01-23T14:30:53,2026-01-23T14:30:53
pay_002578,order_002374,cust_00123,49.99,usd,card,visa,5838,succeeded,,2026-01-24T04:22:14,2026-01-24T04:22:14
pay_002579,order_002375,,24.99,usd,card,amex,8563,succeeded,,2026-01-24T16:24:10,2026-01-24T16:24:10
pay_002580,order_002376,,34.99,usd,card,mastercard,8711,failed,expired_card,2026-01-24T19:43:35,2026-01-24T19:43:35
pay_002581,order_002376,,34.99,usd,card,mastercard,6569,failed,processing_error,2026-01-24T19:43:35,2026-01-24T19:43:35
pay_002582,order_002376,,34.99,usd,card,mastercard,2086,succeeded,,2026-01-24T20:01:35,2026-01-24T20:01:35
pay_002583,order_002377,,49.99,usd,card,visa,4123,succeeded,,2026-01-24T22:33:32,2026-01-24T22:33:32
pay_002584,order_002378,,34.99,usd,card,visa,6191,succeeded,,2026-01-24T18:17:35,2026-01-24T18:17:35
pay_002585,order_002379,cust_00161,9.99,usd,card,mastercard,7609,succeeded,,2026-01-25T00:43:26,2026-01-25T00:43:26
pay_002586,order_002380,cust_00298,34.99,usd,card,visa,5740,succeeded,,2026-01-25T09:27:45,2026-01-25T09:27:45
pay_002587,order_002381,cust_00316,89.99,usd,card,visa,1454,failed,card_declined,2026-01-25T02:19:51,2026-01-25T02:19:51
pay_002588,order_002381,cust_00316,89.99,usd,card,visa,3293,succeeded,,2026-01-25T02:32:51,2026-01-25T02:32:51
pay_002589,order_002382,cust_00455,22.49,usd,apple_pay,,,succeeded,,2026-01-25T19:33:11,2026-01-25T19:33:11
pay_002590,order_002383,cust_00722,79.0,usd,card,visa,4398,succeeded,,2026-01-25T13:57:39,2026-01-25T13:57:39
pay_002591,order_002384,cust_00733,34.99,usd,card,visa,1481,succeeded,,2026-01-25T09:53:24,2026-01-25T09:53:24
pay_002592,order_002385,,49.99,usd,card,mastercard,9993,succeeded,,2026-01-25T21:17:47,2026-01-25T21:17:47
pay_002593,order_002386,cust_00153,63.2,usd,card,visa,6050,succeeded,,2026-01-26T11:48:31,2026-01-26T11:48:31
pay_002594,order_002387,cust_00160,9.99,usd,card,amex,5300,succeeded,,2026-01-26T11:25:36,2026-01-26T11:25:36
pay_002595,order_002388,cust_00326,9.99,usd,card,mastercard,6748,failed,insufficient_funds,2026-01-26T21:25:21,2026-01-26T21:25:21
pay_002596,order_002388,cust_00326,9.99,usd,card,visa,7118,succeeded,,2026-01-26T21:44:21,2026-01-26T21:44:21
pay_002597,order_002389,cust_00463,49.99,usd,card,visa,1658,succeeded,,2026-01-26T21:00:29,2026-01-26T21:00:29
pay_002598,order_002390,cust_00552,34.99,usd,card,amex,8146,succeeded,,2026-01-26T22:03:24,2026-01-26T22:03:24
pay_002599,order_002391,cust_00710,89.99,usd,paypal,,,succeeded,,2026-01-26T01:52:40,2026-01-26T01:52:40
pay_002600,order_002392,,89.99,usd,card,visa,3743,succeeded,,2026-01-26T07:21:24,2026-01-26T07:21:24
pay_002601,order_002393,,34.99,usd,card,visa,3999,failed,insufficient_funds,2026-01-26T15:56:32,2026-01-26T15:56:32
pay_002602,order_002393,,34.99,usd,card,mastercard,4600,succeeded,,2026-01-26T16:12:32,2026-01-26T16:12:32
pay_002603,order_002394,cust_00004,64.99,usd,card,amex,7235,failed,insufficient_funds,2026-01-27T15:33:04,2026-01-27T15:33:04
pay_002604,order_002394,cust_00004,64.99,usd,paypal,,,succeeded,,2026-01-27T15:51:04,2026-01-27T15:51:04
pay_002605,order_002395,cust_00066,129.0,usd,card,mastercard,1727,succeeded,,2026-01-27T16:37:23,2026-01-27T16:37:23
pay_002606,order_002396,cust_00257,9.99,usd,card,mastercard,8135,succeeded,,2026-01-27T10:31:13,2026-01-27T10:31:13
pay_002607,order_002397,cust_00341,89.99,usd,card,mastercard,2798,succeeded,,2026-01-27T14:48:39,2026-01-27T14:48:39
pay_002608,order_002398,cust_00436,7.99,usd,paypal,,,succeeded,,2026-01-27T18:50:40,2026-01-27T18:50:40
pay_002609,order_002399,cust_00324,9.99,usd,card,visa,6306,succeeded,,2026-01-28T15:30:43,2026-01-28T15:30:43
pay_002610,order_002400,cust_00530,64.99,usd,card,visa,4333,failed,card_declined,2026-01-28T06:05:42,2026-01-28T06:05:42
pay_002611,order_002400,cust_00530,64.99,usd,card,visa,9288,succeeded,,2026-01-28T06:15:42,2026-01-28T06:15:42
pay_002612,order_002401,cust_00641,9.99,usd,card,amex,2047,failed,card_declined,2026-01-28T17:21:40,2026-01-28T17:21:40
pay_002613,order_002401,cust_00641,9.99,usd,card,mastercard,7156,succeeded,,2026-01-28T17:23:40,2026-01-28T17:23:40
pay_002614,order_002402,cust_00710,9.99,usd,card,discover,8766,succeeded,,2026-01-28T15:10:13,2026-01-28T15:10:13
pay_002615,order_002403,cust_00813,51.99,usd,card,amex,9275,succeeded,,2026-01-28T10:30:45,2026-01-28T10:30:45
pay_002616,order_002404,,64.99,usd,paypal,,,succeeded,,2026-01-28T07:07:53,2026-01-28T07:07:53
pay_002617,order_002405,,80.99,usd,card,visa,3237,succeeded,,2026-01-28T06:16:38,2026-01-28T06:16:38
pay_002618,order_002406,,64.99,usd,card,mastercard,9060,succeeded,,2026-01-28T09:17:07,2026-01-28T09:17:07
pay_002619,order_002407,,120.0,usd,card,visa,0407,failed,card_declined,2026-01-28T10:06:17,2026-01-28T10:06:17
pay_002620,order_002407,,120.0,usd,card,visa,1921,succeeded,,2026-01-28T10:20:17,2026-01-28T10:20:17
pay_002621,order_002408,cust_00044,34.99,usd,apple_pay,,,succeeded,,2026-01-29T09:21:01,2026-01-29T09:21:01
pay_002622,order_002409,cust_00368,64.99,usd,card,visa,6766,succeeded,,2026-01-29T03:14:57,2026-01-29T03:14:57
pay_002623,order_002410,cust_00437,34.99,usd,card,visa,4417,succeeded,,2026-01-29T02:17:09,2026-01-29T02:17:09
pay_002624,order_002411,cust_00816,27.99,usd,card,visa,5480,succeeded,,2026-01-29T19:24:34,2026-01-29T19:24:34
pay_002625,order_002412,,49.99,usd,card,mastercard,1141,failed,card_declined,2026-01-29T11:13:27,2026-01-29T11:13:27
pay_002626,order_002412,,49.99,usd,card,visa,9049,succeeded,,2026-01-29T11:24:27,2026-01-29T11:24:27
pay_002627,order_002413,,64.99,usd,card,mastercard,8301,failed,insufficient_funds,2026-01-29T08:52:36,2026-01-29T08:52:36
pay_002628,order_002413,,64.99,usd,card,visa,6630,succeeded,,2026-01-29T09:08:36,2026-01-29T09:08:36
pay_002629,order_002414,cust_00289,24.99,usd,card,mastercard,5002,succeeded,,2026-01-30T06:05:06,2026-01-30T06:05:06
pay_002630,order_002415,cust_00503,89.99,usd,card,mastercard,4610,succeeded,,2026-01-30T23:29:56,2026-01-30T23:29:56
pay_002631,order_002416,,24.99,usd,paypal,,,succeeded,,2026-01-30T12:23:00,2026-01-30T12:23:00
pay_002632,order_002417,cust_00140,44.99,usd,card,mastercard,2663,succeeded,,2026-01-31T15:21:36,2026-01-31T15:21:36
pay_002633,order_002418,cust_00175,22.49,usd,card,visa,2738,succeeded,,2026-01-31T09:38:12,2026-01-31T09:38:12
pay_002634,order_002419,cust_00370,34.99,usd,card,amex,8315,succeeded,,2026-01-31T01:04:35,2026-01-31T01:04:35
pay_002635,order_002420,cust_00708,49.99,usd,card,visa,4752,succeeded,,2026-01-31T01:01:36,2026-01-31T01:01:36
pay_002636,order_002421,cust_00731,49.99,usd,card,visa,9974,succeeded,,2026-01-31T02:27:32,2026-01-31T02:27:32
pay_002637,order_002422,,64.99,usd,card,visa,1417,succeeded,,2026-01-31T23:03:04,2026-01-31T23:03:04
pay_002638,order_002423,cust_00006,9.99,usd,card,mastercard,8882,succeeded,,2026-02-01T01:52:28,2026-02-01T01:52:28
pay_002639,order_002424,cust_00072,49.99,usd,card,mastercard,1748,succeeded,,2026-02-01T14:03:42,2026-02-01T14:03:42
pay_002640,order_002425,cust_00086,9.99,usd,paypal,,,succeeded,,2026-02-01T00:48:41,2026-02-01T00:48:41
pay_002641,order_002426,cust_00439,79.0,usd,card,amex,9670,succeeded,,2026-02-01T20:20:43,2026-02-01T20:20:43
pay_002642,order_002427,cust_00504,34.99,usd,paypal,,,succeeded,,2026-02-01T14:50:22,2026-02-01T14:50:22
pay_002643,order_002428,cust_00591,9.99,usd,card,visa,4168,succeeded,,2026-02-01T09:47:15,2026-02-01T09:47:15
pay_002644,order_002429,,89.99,usd,card,visa,8209,succeeded,,2026-02-01T15:01:14,2026-02-01T15:01:14
pay_002645,order_002430,cust_00819,9.99,usd,card,mastercard,6605,succeeded,,2026-02-02T19:37:22,2026-02-02T19:37:22
pay_002646,order_002431,,49.99,usd,card,mastercard,8102,succeeded,,2026-02-02T13:09:33,2026-02-02T13:09:33
pay_002647,order_002432,,31.49,usd,card,amex,6032,succeeded,,2026-02-02T17:38:54,2026-02-02T17:38:54
pay_002648,order_002433,cust_00344,34.99,usd,card,visa,6770,succeeded,,2026-02-03T00:56:01,2026-02-03T00:56:01
pay_002649,order_002434,cust_00367,89.99,usd,card,visa,5106,succeeded,,2026-02-03T07:08:30,2026-02-03T07:08:30
pay_002650,order_002435,cust_00799,120.0,usd,card,visa,2319,succeeded,,2026-02-03T00:52:25,2026-02-03T00:52:25
pay_002651,order_002436,,64.99,usd,card,visa,5644,succeeded,,2026-02-03T02:35:57,2026-02-03T02:35:57
pay_002652,order_002437,,64.99,usd,card,visa,3325,succeeded,,2026-02-03T00:54:58,2026-02-03T00:54:58
pay_002653,order_002438,,49.99,usd,card,discover,6848,succeeded,,2026-02-03T05:13:40,2026-02-03T05:13:40
pay_002654,order_002439,cust_00197,39.99,usd,card,visa,6891,succeeded,,2026-02-04T21:55:02,2026-02-04T21:55:02
pay_002655,order_002440,cust_00362,9.99,usd,card,visa,9825,succeeded,,2026-02-04T04:21:01,2026-02-04T04:21:01
pay_002656,order_002441,cust_00651,9.99,usd,card,amex,0911,succeeded,,2026-02-04T08:21:23,2026-02-04T08:21:23
pay_002657,order_002442,,58.49,usd,card,visa,9730,failed,expired_card,2026-02-04T18:52:36,2026-02-04T18:52:36
pay_002658,order_002442,,58.49,usd,card,visa,0860,failed,card_declined,2026-02-04T19:04:36,2026-02-04T19:04:36
pay_002659,order_002442,,58.49,usd,card,amex,4294,succeeded,,2026-02-04T19:11:36,2026-02-04T19:11:36
pay_002660,order_002443,,34.99,usd,card,visa,8903,succeeded,,2026-02-04T13:31:40,2026-02-04T13:31:40
pay_002661,order_002444,cust_00039,9.99,usd,card,visa,6353,succeeded,,2026-02-05T22:52:17,2026-02-05T22:52:17
pay_002662,order_002445,cust_00258,31.49,usd,apple_pay,,,succeeded,,2026-02-05T00:37:17,2026-02-05T00:37:17
pay_002663,order_002446,cust_00288,79.0,usd,card,amex,0675,succeeded,,2026-02-05T16:59:56,2026-02-05T16:59:56
pay_002664,order_002447,cust_00343,9.99,usd,card,visa,1405,succeeded,,2026-02-05T03:42:57,2026-02-05T03:42:57
pay_002665,order_002448,cust_00722,9.99,usd,card,visa,7584,succeeded,,2026-02-05T21:35:38,2026-02-05T21:35:38
pay_002666,order_002449,,22.49,usd,card,amex,0571,succeeded,,2026-02-05T05:01:24,2026-02-05T05:01:24
pay_002667,order_002450,,34.99,usd,card,visa,9944,succeeded,,2026-02-05T01:35:21,2026-02-05T01:35:21
pay_002668,order_002451,cust_00141,24.99,usd,apple_pay,,,succeeded,,2026-02-06T17:18:40,2026-02-06T17:18:40
pay_002669,order_002452,cust_00204,89.99,usd,card,visa,7726,succeeded,,2026-02-06T12:02:25,2026-02-06T12:02:25
pay_002670,order_002453,cust_00298,89.99,usd,card,mastercard,3477,succeeded,,2026-02-06T03:09:50,2026-02-06T03:09:50
pay_002671,order_002454,cust_00794,64.99,usd,card,amex,7452,succeeded,,2026-02-06T03:23:41,2026-02-06T03:23:41
pay_002672,order_002455,cust_00822,24.99,usd,card,mastercard,4472,succeeded,,2026-02-06T20:12:50,2026-02-06T20:12:50
pay_002673,order_002456,,34.99,usd,card,visa,9155,succeeded,,2026-02-06T21:22:10,2026-02-06T21:22:10
pay_002674,order_002457,cust_00580,24.99,usd,card,visa,9575,succeeded,,2026-02-07T07:30:45,2026-02-07T07:30:45
pay_002675,order_002458,cust_00643,49.99,usd,card,mastercard,2426,succeeded,,2026-02-07T08:07:07,2026-02-07T08:07:07
pay_002676,order_002459,cust_00676,34.99,usd,card,mastercard,8672,succeeded,,2026-02-07T21:20:21,2026-02-07T21:20:21
pay_002677,order_002460,,24.99,usd,card,visa,2806,succeeded,,2026-02-07T14:03:42,2026-02-07T14:03:42
pay_002678,order_002461,,34.99,usd,paypal,,,succeeded,,2026-02-07T01:21:04,2026-02-07T01:21:04
pay_002679,order_002462,,34.99,usd,card,discover,6631,succeeded,,2026-02-07T07:41:37,2026-02-07T07:41:37
pay_002680,order_002463,cust_00041,24.99,usd,card,visa,5992,succeeded,,2026-02-08T08:44:24,2026-02-08T08:44:24
pay_002681,order_002464,cust_00090,24.99,usd,card,mastercard,1853,succeeded,,2026-02-08T22:07:36,2026-02-08T22:07:36
pay_002682,order_002465,cust_00147,9.99,usd,card,visa,4388,succeeded,,2026-02-08T17:56:15,2026-02-08T17:56:15
pay_002683,order_002466,cust_00149,120.0,usd,card,mastercard,3513,succeeded,,2026-02-08T01:49:45,2026-02-08T01:49:45
pay_002684,order_002467,cust_00164,49.99,usd,card,mastercard,3983,succeeded,,2026-02-08T00:38:19,2026-02-08T00:38:19
pay_002685,order_002468,cust_00356,99.0,usd,card,visa,6805,succeeded,,2026-02-08T11:27:18,2026-02-08T11:27:18
pay_002686,order_002469,cust_00694,9.99,usd,card,visa,0210,succeeded,,2026-02-08T05:57:11,2026-02-08T05:57:11
pay_002687,order_002470,cust_00776,84.15,usd,card,mastercard,8394,succeeded,,2026-02-08T00:56:46,2026-02-08T00:56:46
pay_002688,order_002471,,44.99,usd,card,amex,4978,succeeded,,2026-02-08T21:26:29,2026-02-08T21:26:29
pay_002689,order_002472,cust_00124,19.99,usd,card,mastercard,1864,succeeded,,2026-02-09T10:26:47,2026-02-09T10:26:47
pay_002690,order_002473,cust_00203,39.99,usd,card,visa,6467,succeeded,,2026-02-09T06:20:13,2026-02-09T06:20:13
pay_002691,order_002474,cust_00781,24.99,usd,card,visa,1658,succeeded,,2026-02-09T06:42:40,2026-02-09T06:42:40
pay_002692,order_002475,cust_00841,49.99,usd,card,visa,4573,succeeded,,2026-02-09T20:33:26,2026-02-09T20:33:26
pay_002693,order_002476,,24.99,usd,card,amex,1695,failed,card_declined,2026-02-09T04:12:08,2026-02-09T04:12:08
pay_002694,order_002476,,24.99,usd,card,visa,4311,succeeded,,2026-02-09T04:28:08,2026-02-09T04:28:08
pay_002695,order_002477,cust_00137,49.99,usd,card,amex,2189,succeeded,,2026-02-10T16:21:36,2026-02-10T16:21:36
pay_002696,order_002478,cust_00266,96.0,usd,card,discover,8157,succeeded,,2026-02-10T04:19:28,2026-02-10T04:19:28
pay_002697,order_002479,cust_00392,51.99,usd,card,mastercard,8157,failed,card_declined,2026-02-10T04:09:56,2026-02-10T04:09:56
pay_002698,order_002479,cust_00392,51.99,usd,card,mastercard,8072,succeeded,,2026-02-10T04:20:56,2026-02-10T04:20:56
pay_002699,order_002480,cust_00730,24.99,usd,paypal,,,succeeded,,2026-02-10T16:40:35,2026-02-10T16:40:35
pay_002700,order_002481,,64.99,usd,card,amex,0628,succeeded,,2026-02-10T11:27:00,2026-02-10T11:27:00
pay_002701,order_002482,,34.99,usd,card,visa,2984,succeeded,,2026-02-10T00:00:45,2026-02-10T00:00:45
pay_002702,order_002483,,34.99,usd,card,mastercard,7846,succeeded,,2026-02-10T17:53:03,2026-02-10T17:53:03
pay_002703,order_002484,,64.99,usd,card,mastercard,2964,succeeded,,2026-02-10T02:49:59,2026-02-10T02:49:59
pay_002704,order_002485,cust_00053,24.99,usd,card,mastercard,4688,succeeded,,2026-02-11T05:44:26,2026-02-11T05:44:26
pay_002705,order_002486,cust_00204,79.0,usd,card,visa,4768,failed,card_declined,2026-02-11T16:47:12,2026-02-11T16:47:12
pay_002706,order_002486,cust_00204,79.0,usd,card,mastercard,9758,succeeded,,2026-02-11T17:06:12,2026-02-11T17:06:12
pay_002707,order_002487,cust_00248,120.0,usd,card,visa,0978,succeeded,,2026-02-11T18:33:52,2026-02-11T18:33:52
pay_002708,order_002488,cust_00822,129.0,usd,card,visa,7929,succeeded,,2026-02-11T07:21:17,2026-02-11T07:21:17
pay_002709,order_002489,,34.99,usd,card,mastercard,4657,succeeded,,2026-02-11T10:58:53,2026-02-11T10:58:53
pay_002710,order_002490,,24.99,usd,card,visa,1088,failed,card_declined,2026-02-11T07:42:59,2026-02-11T07:42:59
pay_002711,order_002490,,24.99,usd,card,amex,8292,succeeded,,2026-02-11T07:47:59,2026-02-11T07:47:59
pay_002712,order_002491,,49.99,usd,card,mastercard,5539,failed,insufficient_funds,2026-02-11T17:56:15,2026-02-11T17:56:15
pay_002713,order_002491,,49.99,usd,card,visa,3369,succeeded,,2026-02-11T18:10:15,2026-02-11T18:10:15
pay_002714,order_002492,,31.49,usd,card,visa,2744,failed,card_declined,2026-02-11T17:40:21,2026-02-11T17:40:21
pay_002715,order_002492,,31.49,usd,paypal,,,succeeded,,2026-02-11T17:59:21,2026-02-11T17:59:21
pay_002716,order_002493,cust_00119,79.0,usd,card,visa,0626,succeeded,,2026-02-12T16:10:59,2026-02-12T16:10:59
pay_002717,order_002494,cust_00629,34.99,usd,card,amex,9055,succeeded,,2026-02-12T20:50:40,2026-02-12T20:50:40
pay_002718,order_002495,cust_00650,24.99,usd,paypal,,,succeeded,,2026-02-12T02:33:48,2026-02-12T02:33:48
pay_002719,order_002496,cust_00663,9.99,usd,paypal,,,succeeded,,2026-02-12T03:24:02,2026-02-12T03:24:02
pay_002720,order_002497,cust_00743,9.99,usd,card,discover,1865,succeeded,,2026-02-12T07:05:41,2026-02-12T07:05:41
pay_002721,order_002498,cust_00770,64.99,usd,card,visa,8342,succeeded,,2026-02-12T21:39:28,2026-02-12T21:39:28
pay_002722,order_002499,,120.0,usd,card,visa,0785,succeeded,,2026-02-12T02:51:28,2026-02-12T02:51:28
pay_002723,order_002500,,44.99,usd,card,visa,0317,succeeded,,2026-02-12T20:16:20,2026-02-12T20:16:20
pay_002724,order_002501,cust_00054,120.0,usd,card,visa,7732,succeeded,,2026-02-13T12:02:34,2026-02-13T12:02:34
pay_002725,order_002502,cust_00451,34.99,usd,card,visa,1321,succeeded,,2026-02-13T03:56:30,2026-02-13T03:56:30
pay_002726,order_002503,cust_00846,89.99,usd,card,mastercard,5501,succeeded,,2026-02-13T11:45:11,2026-02-13T11:45:11
pay_002727,order_002504,,34.99,usd,card,visa,8839,succeeded,,2026-02-13T20:19:48,2026-02-13T20:19:48
pay_002728,order_002505,,34.99,usd,paypal,,,succeeded,,2026-02-13T04:30:01,2026-02-13T04:30:01
pay_002729,order_002506,cust_00116,129.0,usd,paypal,,,succeeded,,2026-02-14T19:28:34,2026-02-14T19:28:34
pay_002730,order_002507,cust_00427,95.0,usd,card,visa,7065,succeeded,,2026-02-14T01:03:24,2026-02-14T01:03:24
pay_002731,order_002508,cust_00504,34.99,usd,card,visa,4632,succeeded,,2026-02-14T10:28:13,2026-02-14T10:28:13
pay_002732,order_002509,cust_00620,89.99,usd,card,visa,0894,succeeded,,2026-02-14T15:28:31,2026-02-14T15:28:31
pay_002733,order_002510,cust_00702,24.99,usd,paypal,,,succeeded,,2026-02-14T22:37:08,2026-02-14T22:37:08
pay_002734,order_002511,cust_00614,99.0,usd,paypal,,,succeeded,,2026-02-15T22:47:59,2026-02-15T22:47:59
pay_002735,order_002512,,24.99,usd,card,visa,8193,succeeded,,2026-02-15T21:07:52,2026-02-15T21:07:52
pay_002736,order_002513,cust_00155,120.0,usd,card,mastercard,5614,succeeded,,2026-02-16T11:39:05,2026-02-16T11:39:05
pay_002737,order_002514,cust_00407,34.99,usd,card,visa,5210,succeeded,,2026-02-16T09:29:56,2026-02-16T09:29:56
pay_002738,order_002515,cust_00669,9.99,usd,card,mastercard,9543,succeeded,,2026-02-16T18:32:29,2026-02-16T18:32:29
pay_002739,order_002516,,34.99,usd,card,amex,8546,succeeded,,2026-02-16T13:56:26,2026-02-16T13:56:26
pay_002740,order_002517,,24.99,usd,card,amex,7444,succeeded,,2026-02-16T01:30:55,2026-02-16T01:30:55
pay_002741,order_002518,cust_00040,9.99,usd,card,visa,8513,succeeded,,2026-02-17T19:43:24,2026-02-17T19:43:24
pay_002742,order_002519,cust_00529,39.99,usd,card,mastercard,1937,succeeded,,2026-02-17T22:31:09,2026-02-17T22:31:09
pay_002743,order_002520,cust_00664,79.0,usd,card,visa,5701,succeeded,,2026-02-17T22:32:02,2026-02-17T22:32:02
pay_002744,order_002521,cust_00741,24.99,usd,card,visa,3441,succeeded,,2026-02-17T00:42:57,2026-02-17T00:42:57
pay_002745,order_002522,cust_00031,34.99,usd,card,visa,0225,succeeded,,2026-02-18T16:29:40,2026-02-18T16:29:40
pay_002746,order_002523,cust_00088,129.0,usd,card,visa,0356,succeeded,,2026-02-18T21:14:21,2026-02-18T21:14:21
pay_002747,order_002524,cust_00210,120.0,usd,card,visa,9790,succeeded,,2026-02-18T20:52:59,2026-02-18T20:52:59
pay_002748,order_002525,cust_00244,9.99,usd,card,mastercard,7504,succeeded,,2026-02-18T15:46:03,2026-02-18T15:46:03
pay_002749,order_002526,cust_00403,89.99,usd,paypal,,,succeeded,,2026-02-18T18:42:14,2026-02-18T18:42:14
pay_002750,order_002527,cust_00528,129.0,usd,card,mastercard,8123,succeeded,,2026-02-18T14:50:03,2026-02-18T14:50:03
pay_002751,order_002528,cust_00621,49.99,usd,apple_pay,,,succeeded,,2026-02-18T03:03:23,2026-02-18T03:03:23
pay_002752,order_002529,cust_00709,34.99,usd,card,mastercard,5792,succeeded,,2026-02-18T14:25:36,2026-02-18T14:25:36
pay_002753,order_002530,cust_00751,79.0,usd,paypal,,,failed,card_declined,2026-02-18T21:54:31,2026-02-18T21:54:31
pay_002754,order_002530,cust_00751,79.0,usd,card,mastercard,2140,succeeded,,2026-02-18T22:13:31,2026-02-18T22:13:31
pay_002755,order_002531,cust_00822,49.99,usd,card,amex,9584,succeeded,,2026-02-18T21:38:21,2026-02-18T21:38:21
pay_002756,order_002532,cust_00841,64.99,usd,card,mastercard,3209,succeeded,,2026-02-18T05:36:29,2026-02-18T05:36:29
pay_002757,order_002533,,44.99,usd,card,visa,3296,succeeded,,2026-02-18T14:34:09,2026-02-18T14:34:09
pay_002758,order_002534,cust_00341,99.0,usd,paypal,,,succeeded,,2026-02-19T17:30:12,2026-02-19T17:30:12
pay_002759,order_002535,cust_00572,49.99,usd,card,mastercard,1236,succeeded,,2026-02-19T01:07:33,2026-02-19T01:07:33
pay_002760,order_002536,cust_00696,99.0,usd,card,visa,6714,succeeded,,2026-02-19T23:57:32,2026-02-19T23:57:32
pay_002761,order_002537,,49.99,usd,card,mastercard,8875,succeeded,,2026-02-19T04:25:55,2026-02-19T04:25:55
pay_002762,order_002538,cust_00204,79.0,usd,card,visa,9005,succeeded,,2026-02-20T02:05:28,2026-02-20T02:05:28
pay_002763,order_002539,cust_00300,24.99,usd,card,mastercard,7681,succeeded,,2026-02-20T12:16:11,2026-02-20T12:16:11
pay_002764,order_002540,cust_00717,64.99,usd,card,visa,3650,succeeded,,2026-02-20T01:28:42,2026-02-20T01:28:42
pay_002765,order_002541,,120.0,usd,card,mastercard,2613,succeeded,,2026-02-20T05:33:37,2026-02-20T05:33:37
pay_002766,order_002542,,49.99,usd,card,amex,8045,succeeded,,2026-02-20T01:03:21,2026-02-20T01:03:21
pay_002767,order_002543,,120.0,usd,card,mastercard,2453,succeeded,,2026-02-20T17:00:37,2026-02-20T17:00:37
pay_002768,order_002544,cust_00076,24.99,usd,card,visa,8737,succeeded,,2026-02-21T00:05:55,2026-02-21T00:05:55
pay_002769,order_002545,cust_00132,19.99,usd,card,mastercard,2608,succeeded,,2026-02-21T10:15:37,2026-02-21T10:15:37
pay_002770,order_002546,cust_00710,7.99,usd,card,visa,8352,failed,expired_card,2026-02-21T02:50:41,2026-02-21T02:50:41
pay_002771,order_002546,cust_00710,7.99,usd,card,discover,2201,succeeded,,2026-02-21T02:58:41,2026-02-21T02:58:41
pay_002772,order_002547,,64.99,usd,card,visa,6578,failed,card_declined,2026-02-21T20:18:23,2026-02-21T20:18:23
pay_002773,order_002547,,64.99,usd,card,mastercard,4630,succeeded,,2026-02-21T20:21:23,2026-02-21T20:21:23
pay_002774,order_002548,,34.99,usd,card,mastercard,1258,succeeded,,2026-02-21T05:26:00,2026-02-21T05:26:00
pay_002775,order_002549,cust_00173,89.99,usd,card,mastercard,4521,succeeded,,2026-02-22T05:16:56,2026-02-22T05:16:56
pay_002776,order_002550,cust_00454,129.0,usd,card,mastercard,0725,succeeded,,2026-02-22T02:47:17,2026-02-22T02:47:17
pay_002777,order_002551,cust_00475,24.99,usd,card,mastercard,8372,succeeded,,2026-02-22T04:51:48,2026-02-22T04:51:48
pay_002778,order_002552,cust_00595,64.99,usd,card,visa,9060,succeeded,,2026-02-22T08:21:09,2026-02-22T08:21:09
pay_002779,order_002553,cust_00705,9.99,usd,card,visa,7327,succeeded,,2026-02-22T15:21:01,2026-02-22T15:21:01
pay_002780,order_002554,cust_00796,24.99,usd,card,visa,5298,failed,insufficient_funds,2026-02-22T20:49:20,2026-02-22T20:49:20
pay_002781,order_002554,cust_00796,24.99,usd,card,visa,9453,succeeded,,2026-02-22T20:53:20,2026-02-22T20:53:20
pay_002782,order_002555,,34.99,usd,card,discover,8051,succeeded,,2026-02-22T20:01:50,2026-02-22T20:01:50
pay_002783,order_002556,cust_00087,51.99,usd,card,visa,7832,succeeded,,2026-02-23T18:43:49,2026-02-23T18:43:49
pay_002784,order_002557,cust_00306,79.0,usd,card,amex,6757,succeeded,,2026-02-23T04:01:47,2026-02-23T04:01:47
pay_002785,order_002558,cust_00378,9.99,usd,card,mastercard,0772,succeeded,,2026-02-23T18:50:11,2026-02-23T18:50:11
pay_002786,order_002559,cust_00687,24.99,usd,card,discover,5685,succeeded,,2026-02-23T16:50:22,2026-02-23T16:50:22
pay_002787,order_002560,cust_00766,79.0,usd,card,visa,2849,succeeded,,2026-02-23T17:42:15,2026-02-23T17:42:15
pay_002788,order_002561,cust_00853,24.99,usd,card,amex,3706,succeeded,,2026-02-23T12:33:16,2026-02-23T12:33:16
pay_002789,order_002562,cust_00011,64.99,usd,card,visa,0425,succeeded,,2026-02-24T21:12:11,2026-02-24T21:12:11
pay_002790,order_002563,cust_00109,9.99,usd,card,mastercard,5233,failed,insufficient_funds,2026-02-24T14:18:49,2026-02-24T14:18:49
pay_002791,order_002563,cust_00109,9.99,usd,card,visa,4598,failed,card_declined,2026-02-24T14:25:49,2026-02-24T14:25:49
pay_002792,order_002563,cust_00109,9.99,usd,card,amex,3907,succeeded,,2026-02-24T14:32:49,2026-02-24T14:32:49
pay_002793,order_002564,cust_00123,34.99,usd,card,visa,3193,succeeded,,2026-02-24T20:05:27,2026-02-24T20:05:27
pay_002794,order_002565,cust_00138,49.99,usd,card,mastercard,8154,succeeded,,2026-02-24T19:13:09,2026-02-24T19:13:09
pay_002795,order_002566,cust_00210,9.99,usd,card,visa,8955,succeeded,,2026-02-24T11:19:31,2026-02-24T11:19:31
pay_002796,order_002567,cust_00270,24.99,usd,card,mastercard,1970,succeeded,,2026-02-24T00:09:09,2026-02-24T00:09:09
pay_002797,order_002568,cust_00273,51.99,usd,card,mastercard,1584,succeeded,,2026-02-24T09:53:56,2026-02-24T09:53:56
pay_002798,order_002569,cust_00495,24.99,usd,card,visa,3895,succeeded,,2026-02-24T00:58:22,2026-02-24T00:58:22
pay_002799,order_002570,cust_00497,7.99,usd,paypal,,,succeeded,,2026-02-24T23:19:51,2026-02-24T23:19:51
pay_002800,order_002571,cust_00576,34.99,usd,card,mastercard,5700,succeeded,,2026-02-24T10:44:26,2026-02-24T10:44:26
pay_002801,order_002572,cust_00810,64.99,usd,paypal,,,succeeded,,2026-02-24T07:08:00,2026-02-24T07:08:00
pay_002802,order_002573,,31.49,usd,paypal,,,succeeded,,2026-02-24T03:14:29,2026-02-24T03:14:29
pay_002803,order_002574,cust_00132,51.99,usd,card,mastercard,2166,succeeded,,2026-02-25T19:02:20,2026-02-25T19:02:20
pay_002804,order_002575,,64.99,usd,paypal,,,succeeded,,2026-02-25T23:12:33,2026-02-25T23:12:33
pay_002805,order_002576,cust_00091,24.99,usd,card,mastercard,1427,succeeded,,2026-02-26T23:43:33,2026-02-26T23:43:33
pay_002806,order_002577,cust_00192,79.0,usd,apple_pay,,,succeeded,,2026-02-26T09:46:00,2026-02-26T09:46:00
pay_002807,order_002578,cust_00196,34.99,usd,card,visa,9437,succeeded,,2026-02-26T01:28:29,2026-02-26T01:28:29
pay_002808,order_002579,cust_00232,64.99,usd,card,visa,0936,succeeded,,2026-02-26T14:28:13,2026-02-26T14:28:13
pay_002809,order_002580,cust_00334,64.99,usd,card,amex,9961,succeeded,,2026-02-26T19:01:36,2026-02-26T19:01:36
pay_002810,order_002581,,49.99,usd,card,visa,8640,succeeded,,2026-02-26T07:49:16,2026-02-26T07:49:16
pay_002811,order_002582,,34.99,usd,card,visa,0979,succeeded,,2026-02-26T10:57:14,2026-02-26T10:57:14
pay_002812,order_002583,cust_00199,9.99,usd,card,amex,3827,succeeded,,2026-02-27T05:20:40,2026-02-27T05:20:40
pay_002813,order_002584,cust_00435,63.2,usd,card,amex,8001,succeeded,,2026-02-27T11:41:49,2026-02-27T11:41:49
pay_002814,order_002585,cust_00573,79.0,usd,card,visa,1115,failed,card_declined,2026-02-27T04:37:44,2026-02-27T04:37:44
pay_002815,order_002585,cust_00573,79.0,usd,card,mastercard,1359,succeeded,,2026-02-27T04:44:44,2026-02-27T04:44:44
pay_002816,order_002586,cust_00708,9.99,usd,card,amex,9604,succeeded,,2026-02-27T15:48:04,2026-02-27T15:48:04
pay_002817,order_002587,cust_00715,44.99,usd,card,visa,1476,succeeded,,2026-02-27T11:13:38,2026-02-27T11:13:38
pay_002818,order_002588,,64.99,usd,card,visa,2119,succeeded,,2026-02-27T08:10:42,2026-02-27T08:10:42
pay_002819,order_002589,,34.99,usd,card,visa,2096,succeeded,,2026-02-27T06:05:59,2026-02-27T06:05:59
pay_002820,order_002590,,34.99,usd,card,mastercard,1307,succeeded,,2026-02-27T03:51:16,2026-02-27T03:51:16
pay_002821,order_002591,cust_00047,9.99,usd,card,visa,2597,succeeded,,2026-02-28T03:33:17,2026-02-28T03:33:17
pay_002822,order_002592,cust_00597,9.99,usd,card,visa,7711,succeeded,,2026-02-28T16:48:03,2026-02-28T16:48:03
pay_002823,order_002593,,89.99,usd,card,mastercard,1604,succeeded,,2026-02-28T12:32:55,2026-02-28T12:32:55
pay_002824,order_002594,cust_00221,9.99,usd,paypal,,,succeeded,,2026-03-01T09:41:54,2026-03-01T09:41:54
pay_002825,order_002595,cust_00325,9.99,usd,card,mastercard,3652,succeeded,,2026-03-01T05:12:37,2026-03-01T05:12:37
pay_002826,order_002596,cust_00335,64.99,usd,card,amex,0843,succeeded,,2026-03-01T01:28:28,2026-03-01T01:28:28
pay_002827,order_002597,cust_00466,64.99,usd,card,mastercard,1112,succeeded,,2026-03-01T11:10:40,2026-03-01T11:10:40
pay_002828,order_002598,cust_00743,80.99,usd,card,discover,5356,succeeded,,2026-03-01T07:43:54,2026-03-01T07:43:54
pay_002829,order_002599,cust_00415,109.65,usd,apple_pay,,,succeeded,,2026-03-02T22:46:46,2026-03-02T22:46:46
pay_002830,order_002600,cust_00663,99.0,usd,paypal,,,succeeded,,2026-03-02T17:48:19,2026-03-02T17:48:19
pay_002831,order_002601,cust_00692,27.99,usd,card,mastercard,1281,succeeded,,2026-03-02T20:35:37,2026-03-02T20:35:37
pay_002832,order_002602,,49.99,usd,apple_pay,,,succeeded,,2026-03-02T23:27:22,2026-03-02T23:27:22
pay_002833,order_002603,,34.99,usd,card,amex,9637,succeeded,,2026-03-02T19:10:04,2026-03-02T19:10:04
pay_002834,order_002604,cust_00024,99.0,usd,card,amex,8340,succeeded,,2026-03-03T03:20:23,2026-03-03T03:20:23
pay_002835,order_002605,cust_00835,24.99,usd,card,mastercard,6068,succeeded,,2026-03-03T14:21:51,2026-03-03T14:21:51
pay_002836,order_002606,cust_00503,24.99,usd,card,visa,5875,succeeded,,2026-03-04T04:29:26,2026-03-04T04:29:26
pay_002837,order_002607,cust_00504,9.99,usd,card,mastercard,0542,succeeded,,2026-03-04T22:02:26,2026-03-04T22:02:26
pay_002838,order_002608,cust_00605,9.99,usd,card,visa,8566,succeeded,,2026-03-04T07:18:02,2026-03-04T07:18:02
pay_002839,order_002609,,89.99,usd,card,visa,6589,succeeded,,2026-03-04T23:55:04,2026-03-04T23:55:04
pay_002840,order_002610,cust_00213,89.99,usd,card,amex,9476,succeeded,,2026-03-05T15:36:39,2026-03-05T15:36:39
pay_002841,order_002611,cust_00504,9.99,usd,paypal,,,succeeded,,2026-03-05T12:59:54,2026-03-05T12:59:54
pay_002842,order_002612,cust_00751,34.99,usd,card,visa,2377,succeeded,,2026-03-05T04:43:16,2026-03-05T04:43:16
pay_002843,order_002613,,49.99,usd,card,visa,9859,succeeded,,2026-03-05T22:03:37,2026-03-05T22:03:37
pay_002844,order_002614,,24.99,usd,card,visa,3622,succeeded,,2026-03-05T23:27:03,2026-03-05T23:27:03
pay_002845,order_002615,,49.99,usd,card,visa,3822,succeeded,,2026-03-05T22:55:13,2026-03-05T22:55:13
pay_002846,order_002616,cust_00574,79.0,usd,card,visa,7742,succeeded,,2026-03-06T11:06:05,2026-03-06T11:06:05
pay_002847,order_002617,cust_00629,24.99,usd,card,visa,4231,succeeded,,2026-03-06T04:48:48,2026-03-06T04:48:48
pay_002848,order_002618,cust_00232,24.99,usd,card,visa,1741,succeeded,,2026-03-07T15:14:58,2026-03-07T15:14:58
pay_002849,order_002619,cust_00493,34.99,usd,card,mastercard,1805,succeeded,,2026-03-07T13:11:06,2026-03-07T13:11:06
pay_002850,order_002620,cust_00748,129.0,usd,paypal,,,succeeded,,2026-03-07T01:47:48,2026-03-07T01:47:48
pay_002851,order_002621,cust_00776,9.99,usd,card,amex,8802,succeeded,,2026-03-07T14:28:37,2026-03-07T14:28:37
pay_002852,order_002622,,49.99,usd,card,mastercard,5755,succeeded,,2026-03-07T01:49:50,2026-03-07T01:49:50
pay_002853,order_002623,,24.99,usd,card,visa,7952,succeeded,,2026-03-07T22:15:32,2026-03-07T22:15:32
pay_002854,order_002624,cust_00131,129.0,usd,card,visa,0518,succeeded,,2026-03-08T20:58:40,2026-03-08T20:58:40
pay_002855,order_002625,cust_00581,9.99,usd,card,mastercard,4863,succeeded,,2026-03-08T22:35:23,2026-03-08T22:35:23
pay_002856,order_002626,cust_00798,7.99,usd,card,discover,1103,succeeded,,2026-03-08T07:20:27,2026-03-08T07:20:27
pay_002857,order_002627,cust_00838,24.99,usd,card,mastercard,3021,succeeded,,2026-03-08T00:25:46,2026-03-08T00:25:46
pay_002858,order_002628,,34.99,usd,card,visa,8614,succeeded,,2026-03-08T18:57:33,2026-03-08T18:57:33
pay_002859,order_002629,,120.0,usd,card,amex,8436,succeeded,,2026-03-08T17:57:25,2026-03-08T17:57:25
pay_002860,order_002630,,24.99,usd,card,visa,5522,succeeded,,2026-03-08T09:14:15,2026-03-08T09:14:15
pay_002861,order_002631,cust_00020,9.99,usd,apple_pay,,,succeeded,,2026-03-09T08:24:49,2026-03-09T08:24:49
pay_002862,order_002632,cust_00205,9.99,usd,card,mastercard,1135,succeeded,,2026-03-09T13:44:53,2026-03-09T13:44:53
pay_002863,order_002633,cust_00332,129.0,usd,card,mastercard,3803,succeeded,,2026-03-09T04:05:12,2026-03-09T04:05:12
pay_002864,order_002634,cust_00332,129.0,usd,card,mastercard,4469,succeeded,,2026-03-09T15:26:00,2026-03-09T15:26:00
pay_002865,order_002635,cust_00352,7.99,usd,card,visa,4917,succeeded,,2026-03-09T20:19:42,2026-03-09T20:19:42
pay_002866,order_002636,cust_00694,99.0,usd,card,visa,1380,succeeded,,2026-03-09T11:42:19,2026-03-09T11:42:19
pay_002867,order_002637,cust_00792,9.99,usd,card,mastercard,6740,succeeded,,2026-03-09T00:06:00,2026-03-09T00:06:00
pay_002868,order_002638,,24.99,usd,card,visa,9056,succeeded,,2026-03-09T09:25:25,2026-03-09T09:25:25
pay_002869,order_002639,,120.0,usd,paypal,,,succeeded,,2026-03-09T22:32:49,2026-03-09T22:32:49
pay_002870,order_002640,,34.99,usd,paypal,,,succeeded,,2026-03-09T10:40:05,2026-03-09T10:40:05
pay_002871,order_002641,cust_00309,149.0,usd,card,amex,9639,succeeded,,2026-03-10T20:17:24,2026-03-10T20:17:24
pay_002872,order_002642,cust_00524,9.99,usd,card,visa,5525,succeeded,,2026-03-10T23:05:53,2026-03-10T23:05:53
pay_002873,order_002643,,31.49,usd,card,visa,1813,succeeded,,2026-03-10T06:25:42,2026-03-10T06:25:42
pay_002874,order_002644,,34.99,usd,card,amex,7081,succeeded,,2026-03-10T23:50:29,2026-03-10T23:50:29
pay_002875,order_002645,,89.99,usd,card,mastercard,8252,succeeded,,2026-03-10T14:19:08,2026-03-10T14:19:08
pay_002876,order_002646,,64.99,usd,card,mastercard,6674,succeeded,,2026-03-10T16:11:48,2026-03-10T16:11:48
pay_002877,order_002647,cust_00379,24.99,usd,card,visa,9833,succeeded,,2026-03-11T19:03:31,2026-03-11T19:03:31
pay_002878,order_002648,cust_00446,44.99,usd,card,amex,4137,succeeded,,2026-03-11T04:44:10,2026-03-11T04:44:10
pay_002879,order_002649,cust_00520,89.99,usd,card,visa,5009,succeeded,,2026-03-11T08:51:13,2026-03-11T08:51:13
pay_002880,order_002650,cust_00716,79.0,usd,card,mastercard,9972,succeeded,,2026-03-11T22:17:28,2026-03-11T22:17:28
pay_002881,order_002651,,64.99,usd,card,discover,9906,succeeded,,2026-03-11T21:45:44,2026-03-11T21:45:44
pay_002882,order_002652,,49.99,usd,card,visa,8834,succeeded,,2026-03-11T08:28:44,2026-03-11T08:28:44
pay_002883,order_002653,cust_00282,27.99,usd,card,visa,1880,succeeded,,2026-03-12T14:33:05,2026-03-12T14:33:05
pay_002884,order_002654,cust_00300,99.0,usd,card,mastercard,8431,succeeded,,2026-03-12T14:34:20,2026-03-12T14:34:20
pay_002885,order_002655,cust_00329,34.99,usd,card,mastercard,3073,failed,card_declined,2026-03-12T17:10:48,2026-03-12T17:10:48
pay_002886,order_002655,cust_00329,34.99,usd,card,amex,8532,succeeded,,2026-03-12T17:23:48,2026-03-12T17:23:48
pay_002887,order_002656,,89.99,usd,card,discover,7197,succeeded,,2026-03-12T21:14:11,2026-03-12T21:14:11
pay_002888,order_002657,cust_00142,129.0,usd,card,visa,9225,succeeded,,2026-03-13T17:02:19,2026-03-13T17:02:19
pay_002889,order_002658,cust_00221,9.99,usd,card,mastercard,2345,succeeded,,2026-03-13T12:44:45,2026-03-13T12:44:45
pay_002890,order_002659,cust_00475,24.99,usd,card,amex,4847,succeeded,,2026-03-13T21:10:44,2026-03-13T21:10:44
pay_002891,order_002660,cust_00514,49.99,usd,card,visa,9827,succeeded,,2026-03-13T02:11:42,2026-03-13T02:11:42
pay_002892,order_002661,cust_00248,34.99,usd,card,mastercard,1420,succeeded,,2026-03-14T08:27:05,2026-03-14T08:27:05
pay_002893,order_002662,cust_00330,71.99,usd,paypal,,,succeeded,,2026-03-14T19:15:25,2026-03-14T19:15:25
pay_002894,order_002663,cust_00424,34.99,usd,card,mastercard,4936,succeeded,,2026-03-14T10:52:12,2026-03-14T10:52:12
pay_002895,order_002664,cust_00264,79.0,usd,card,amex,9486,succeeded,,2026-03-15T13:16:00,2026-03-15T13:16:00
pay_002896,order_002665,cust_00733,79.0,usd,card,visa,9830,succeeded,,2026-03-15T10:09:55,2026-03-15T10:09:55
pay_002897,order_002666,cust_00772,79.0,usd,card,visa,3845,succeeded,,2026-03-15T08:25:32,2026-03-15T08:25:32
pay_002898,order_002667,,24.99,usd,paypal,,,succeeded,,2026-03-15T01:23:59,2026-03-15T01:23:59
pay_002899,order_002668,,120.0,usd,card,mastercard,6564,succeeded,,2026-03-15T05:40:20,2026-03-15T05:40:20
pay_002900,order_002669,,24.99,usd,paypal,,,succeeded,,2026-03-15T03:35:04,2026-03-15T03:35:04
pay_002901,order_002670,cust_00324,149.0,usd,card,visa,6663,succeeded,,2026-03-16T20:40:45,2026-03-16T20:40:45
pay_002902,order_002671,cust_00536,24.99,usd,card,visa,1764,succeeded,,2026-03-16T14:06:50,2026-03-16T14:06:50
pay_002903,order_002672,cust_00641,34.99,usd,card,visa,4522,failed,expired_card,2026-03-16T03:27:02,2026-03-16T03:27:02
pay_002904,order_002672,cust_00641,34.99,usd,card,visa,8229,succeeded,,2026-03-16T03:31:02,2026-03-16T03:31:02
pay_002905,order_002673,cust_00816,71.99,usd,card,amex,6682,succeeded,,2026-03-16T02:25:21,2026-03-16T02:25:21
pay_002906,order_002674,cust_00843,119.2,usd,card,visa,2716,succeeded,,2026-03-16T11:31:51,2026-03-16T11:31:51
pay_002907,order_002675,,24.99,usd,paypal,,,succeeded,,2026-03-16T00:49:55,2026-03-16T00:49:55
pay_002908,order_002676,cust_00199,89.99,usd,card,visa,9644,succeeded,,2026-03-17T23:00:55,2026-03-17T23:00:55
pay_002909,order_002677,cust_00306,79.2,usd,card,mastercard,3804,succeeded,,2026-03-17T06:48:39,2026-03-17T06:48:39
pay_002910,order_002678,cust_00366,24.99,usd,card,visa,8250,succeeded,,2026-03-17T01:05:29,2026-03-17T01:05:29
pay_002911,order_002679,cust_00404,27.99,usd,card,mastercard,9491,succeeded,,2026-03-17T07:49:10,2026-03-17T07:49:10
pay_002912,order_002680,cust_00625,79.0,usd,apple_pay,,,failed,card_declined,2026-03-17T05:31:01,2026-03-17T05:31:01
pay_002913,order_002680,cust_00625,79.0,usd,paypal,,,succeeded,,2026-03-17T05:38:01,2026-03-17T05:38:01
pay_002914,order_002681,cust_00084,34.99,usd,card,mastercard,0135,succeeded,,2026-03-18T22:29:23,2026-03-18T22:29:23
pay_002915,order_002682,cust_00651,9.99,usd,card,visa,8848,succeeded,,2026-03-18T04:45:01,2026-03-18T04:45:01
pay_002916,order_002683,,24.99,usd,card,mastercard,4901,succeeded,,2026-03-18T08:19:52,2026-03-18T08:19:52
pay_002917,order_002684,,24.99,usd,card,visa,0519,succeeded,,2026-03-18T18:18:35,2026-03-18T18:18:35
pay_002918,order_002685,cust_00060,22.49,usd,card,mastercard,2822,succeeded,,2026-03-19T21:53:18,2026-03-19T21:53:18
pay_002919,order_002686,cust_00119,34.99,usd,card,visa,2110,succeeded,,2026-03-19T04:48:45,2026-03-19T04:48:45
pay_002920,order_002687,cust_00596,34.99,usd,card,mastercard,0477,succeeded,,2026-03-19T04:32:51,2026-03-19T04:32:51
pay_002921,order_002688,cust_00611,17.99,usd,card,mastercard,1697,succeeded,,2026-03-19T09:13:40,2026-03-19T09:13:40
pay_002922,order_002689,cust_00058,64.99,usd,card,mastercard,5929,succeeded,,2026-03-20T06:48:43,2026-03-20T06:48:43
pay_002923,order_002690,cust_00381,80.99,usd,card,discover,3628,succeeded,,2026-03-20T20:27:37,2026-03-20T20:27:37
pay_002924,order_002691,cust_00521,19.99,usd,card,visa,5391,succeeded,,2026-03-20T01:41:04,2026-03-20T01:41:04
pay_002925,order_002692,cust_00656,44.99,usd,paypal,,,succeeded,,2026-03-20T09:33:34,2026-03-20T09:33:34
pay_002926,order_002693,cust_00695,79.0,usd,card,mastercard,9873,failed,card_declined,2026-03-20T22:04:20,2026-03-20T22:04:20
pay_002927,order_002693,cust_00695,79.0,usd,card,visa,7331,succeeded,,2026-03-20T22:21:20,2026-03-20T22:21:20
pay_002928,order_002694,cust_00754,9.99,usd,card,mastercard,9335,succeeded,,2026-03-20T18:00:24,2026-03-20T18:00:24
pay_002929,order_002695,cust_00837,49.99,usd,card,visa,5319,succeeded,,2026-03-20T10:23:13,2026-03-20T10:23:13
pay_002930,order_002696,cust_00040,120.0,usd,card,visa,4759,succeeded,,2026-03-21T23:30:16,2026-03-21T23:30:16
pay_002931,order_002697,cust_00337,64.99,usd,card,mastercard,5245,succeeded,,2026-03-21T08:46:59,2026-03-21T08:46:59
pay_002932,order_002698,cust_00341,9.99,usd,card,visa,0648,succeeded,,2026-03-21T06:07:47,2026-03-21T06:07:47
pay_002933,order_002699,cust_00395,9.99,usd,paypal,,,succeeded,,2026-03-21T04:32:56,2026-03-21T04:32:56
pay_002934,order_002700,cust_00439,79.0,usd,card,visa,9915,succeeded,,2026-03-21T11:38:04,2026-03-21T11:38:04
pay_002935,order_002701,,49.99,usd,card,visa,1348,failed,card_declined,2026-03-21T12:43:25,2026-03-21T12:43:25
pay_002936,order_002701,,49.99,usd,card,visa,8929,succeeded,,2026-03-21T12:47:25,2026-03-21T12:47:25
pay_002937,order_002702,cust_00048,58.49,usd,paypal,,,failed,card_declined,2026-03-22T20:17:35,2026-03-22T20:17:35
pay_002938,order_002702,cust_00048,58.49,usd,card,mastercard,7035,succeeded,,2026-03-22T20:35:35,2026-03-22T20:35:35
pay_002939,order_002703,cust_00115,34.99,usd,apple_pay,,,succeeded,,2026-03-22T10:49:20,2026-03-22T10:49:20
pay_002940,order_002704,cust_00186,96.0,usd,card,visa,2615,succeeded,,2026-03-23T16:37:43,2026-03-23T16:37:43
pay_002941,order_002705,cust_00409,99.0,usd,card,discover,8111,succeeded,,2026-03-23T07:17:02,2026-03-23T07:17:02
pay_002942,order_002706,cust_00472,27.99,usd,paypal,,,succeeded,,2026-03-23T20:00:14,2026-03-23T20:00:14
pay_002943,order_002707,cust_00647,99.0,usd,paypal,,,succeeded,,2026-03-23T02:10:26,2026-03-23T02:10:26
pay_002944,order_002708,cust_00717,99.0,usd,paypal,,,succeeded,,2026-03-23T21:11:16,2026-03-23T21:11:16
pay_002945,order_002709,,22.49,usd,card,visa,4029,succeeded,,2026-03-23T12:41:29,2026-03-23T12:41:29
pay_002946,order_002710,,34.99,usd,paypal,,,succeeded,,2026-03-23T13:36:21,2026-03-23T13:36:21
pay_002947,order_002711,cust_00190,31.49,usd,card,visa,0251,succeeded,,2026-03-24T01:10:56,2026-03-24T01:10:56
pay_002948,order_002712,cust_00221,79.0,usd,card,visa,4995,succeeded,,2026-03-24T00:20:39,2026-03-24T00:20:39
pay_002949,order_002713,cust_00528,79.0,usd,card,visa,4376,succeeded,,2026-03-24T17:33:06,2026-03-24T17:33:06
pay_002950,order_002714,cust_00566,149.0,usd,card,visa,7785,succeeded,,2026-03-24T05:19:58,2026-03-24T05:19:58
pay_002951,order_002715,cust_00718,31.49,usd,card,visa,6937,succeeded,,2026-03-24T11:50:24,2026-03-24T11:50:24
pay_002952,order_002716,cust_00743,129.0,usd,card,mastercard,1866,succeeded,,2026-03-24T00:06:27,2026-03-24T00:06:27
pay_002953,order_002717,cust_00860,89.99,usd,card,mastercard,5546,succeeded,,2026-03-24T05:01:25,2026-03-24T05:01:25
pay_002954,order_002718,cust_00095,27.99,usd,card,mastercard,6087,succeeded,,2026-03-25T04:57:17,2026-03-25T04:57:17
pay_002955,order_002719,cust_00277,17.99,usd,card,visa,4641,succeeded,,2026-03-25T22:45:53,2026-03-25T22:45:53
pay_002956,order_002720,cust_00490,34.99,usd,card,visa,8304,succeeded,,2026-03-25T20:00:11,2026-03-25T20:00:11
pay_002957,order_002721,cust_00696,79.0,usd,card,visa,0104,succeeded,,2026-03-25T08:10:18,2026-03-25T08:10:18
pay_002958,order_002722,cust_00741,49.99,usd,card,amex,0808,succeeded,,2026-03-25T19:53:18,2026-03-25T19:53:18
pay_002959,order_002723,cust_00784,9.99,usd,card,visa,4823,succeeded,,2026-03-25T19:22:55,2026-03-25T19:22:55
pay_002960,order_002724,cust_00818,9.99,usd,card,visa,2040,succeeded,,2026-03-25T03:09:18,2026-03-25T03:09:18
pay_002961,order_002725,,64.99,usd,card,visa,7428,succeeded,,2026-03-25T22:22:21,2026-03-25T22:22:21
pay_002962,order_002726,cust_00268,9.99,usd,card,visa,2631,succeeded,,2026-03-26T11:53:45,2026-03-26T11:53:45
pay_002963,order_002727,cust_00404,71.99,usd,apple_pay,,,succeeded,,2026-03-26T01:28:26,2026-03-26T01:28:26
pay_002964,order_002728,,64.99,usd,card,mastercard,7760,failed,card_declined,2026-03-26T18:56:13,2026-03-26T18:56:13
pay_002965,order_002728,,64.99,usd,card,visa,5246,succeeded,,2026-03-26T19:02:13,2026-03-26T19:02:13
pay_002966,order_002729,cust_00074,27.99,usd,card,visa,9539,succeeded,,2026-03-27T20:39:00,2026-03-27T20:39:00
pay_002967,order_002730,cust_00276,24.99,usd,card,amex,1844,succeeded,,2026-03-27T05:49:55,2026-03-27T05:49:55
pay_002968,order_002731,cust_00464,79.0,usd,paypal,,,failed,expired_card,2026-03-27T15:00:57,2026-03-27T15:00:57
pay_002969,order_002731,cust_00464,79.0,usd,paypal,,,succeeded,,2026-03-27T15:10:57,2026-03-27T15:10:57
pay_002970,order_002732,cust_00545,24.99,usd,card,visa,1765,succeeded,,2026-03-27T05:47:25,2026-03-27T05:47:25
pay_002971,order_002733,cust_00631,9.99,usd,card,visa,2963,succeeded,,2026-03-27T14:00:04,2026-03-27T14:00:04
pay_002972,order_002734,cust_00663,9.99,usd,card,visa,8988,succeeded,,2026-03-27T00:21:23,2026-03-27T00:21:23
pay_002973,order_002735,cust_00784,34.99,usd,card,visa,2041,succeeded,,2026-03-27T03:08:25,2026-03-27T03:08:25
pay_002974,order_002736,cust_00790,27.99,usd,paypal,,,succeeded,,2026-03-27T12:55:24,2026-03-27T12:55:24
pay_002975,order_002737,,64.99,usd,card,visa,1738,succeeded,,2026-03-27T12:29:59,2026-03-27T12:29:59
pay_002976,order_002738,,89.99,usd,card,mastercard,5867,succeeded,,2026-03-27T20:09:41,2026-03-27T20:09:41
pay_002977,order_002739,cust_00120,79.0,usd,card,visa,7089,succeeded,,2026-03-28T04:03:38,2026-03-28T04:03:38
pay_002978,order_002740,cust_00153,9.99,usd,card,visa,3329,failed,card_declined,2026-03-28T02:33:28,2026-03-28T02:33:28
pay_002979,order_002740,cust_00153,9.99,usd,card,visa,8241,succeeded,,2026-03-28T02:35:28,2026-03-28T02:35:28
pay_002980,order_002741,cust_00192,129.0,usd,card,visa,4930,succeeded,,2026-03-28T00:49:17,2026-03-28T00:49:17
pay_002981,order_002742,cust_00510,34.99,usd,card,mastercard,9183,succeeded,,2026-03-28T19:18:13,2026-03-28T19:18:13
pay_002982,order_002743,cust_00521,27.99,usd,card,visa,1481,succeeded,,2026-03-28T11:29:45,2026-03-28T11:29:45
pay_002983,order_002744,cust_00545,24.99,usd,card,amex,6884,succeeded,,2026-03-28T23:10:04,2026-03-28T23:10:04
pay_002984,order_002745,,49.99,usd,card,visa,3441,succeeded,,2026-03-28T20:29:02,2026-03-28T20:29:02
pay_002985,order_002746,cust_00232,9.99,usd,paypal,,,succeeded,,2026-03-29T22:56:52,2026-03-29T22:56:52
pay_002986,order_002747,cust_00364,116.1,usd,card,mastercard,1971,succeeded,,2026-03-29T01:42:28,2026-03-29T01:42:28
pay_002987,order_002748,,34.99,usd,card,mastercard,7457,succeeded,,2026-03-29T23:36:15,2026-03-29T23:36:15
pay_002988,order_002749,cust_00360,34.99,usd,card,visa,2707,succeeded,,2026-03-30T01:04:28,2026-03-30T01:04:28
pay_002989,order_002750,cust_00406,9.99,usd,card,amex,2409,succeeded,,2026-03-30T07:53:14,2026-03-30T07:53:14
pay_002990,order_002751,cust_00483,34.99,usd,card,mastercard,5528,succeeded,,2026-03-30T05:29:41,2026-03-30T05:29:41
pay_002991,order_002752,cust_00608,34.99,usd,card,mastercard,3612,succeeded,,2026-03-30T23:40:17,2026-03-30T23:40:17
pay_002992,order_002753,cust_00620,34.99,usd,card,visa,3979,succeeded,,2026-03-30T05:44:09,2026-03-30T05:44:09
pay_002993,order_002754,,89.99,usd,card,visa,7398,succeeded,,2026-03-30T20:48:36,2026-03-30T20:48:36
pay_002994,order_002755,cust_00468,64.99,usd,card,visa,5174,succeeded,,2026-03-31T00:47:26,2026-03-31T00:47:26
pay_002995,order_002756,cust_00520,24.99,usd,card,amex,1846,succeeded,,2026-03-31T23:03:30,2026-03-31T23:03:30
pay_002996,order_002757,cust_00804,99.0,usd,card,mastercard,9463,succeeded,,2026-03-31T12:19:22,2026-03-31T12:19:22
pay_002997,order_002758,cust_00852,24.99,usd,card,visa,7607,succeeded,,2026-03-31T22:02:05,2026-03-31T22:02:05
pay_002998,order_002759,,49.99,usd,card,visa,3967,succeeded,,2026-03-31T19:19:07,2026-03-31T19:19:07
pay_002999,order_002760,cust_00139,99.0,usd,paypal,,,succeeded,,2026-04-01T07:40:54,2026-04-01T07:40:54
pay_003000,order_002761,cust_00210,9.99,usd,card,mastercard,5569,succeeded,,2026-04-01T11:43:52,2026-04-01T11:43:52
pay_003001,order_002762,cust_00345,31.49,usd,card,mastercard,4445,succeeded,,2026-04-01T10:56:43,2026-04-01T10:56:43
pay_003002,order_002763,cust_00630,79.0,usd,card,amex,1980,succeeded,,2026-04-01T09:55:30,2026-04-01T09:55:30
pay_003003,order_002764,cust_00794,89.99,usd,card,amex,6278,succeeded,,2026-04-01T05:39:24,2026-04-01T05:39:24
pay_003004,order_002765,,49.99,usd,card,visa,8211,succeeded,,2026-04-01T06:25:08,2026-04-01T06:25:08
pay_003005,order_002766,,34.99,usd,card,discover,9205,succeeded,,2026-04-01T00:47:46,2026-04-01T00:47:46
pay_003006,order_002767,,49.99,usd,apple_pay,,,succeeded,,2026-04-01T22:50:38,2026-04-01T22:50:38
pay_003007,order_002768,,64.99,usd,card,mastercard,5254,succeeded,,2026-04-01T04:56:32,2026-04-01T04:56:32
pay_003008,order_002769,cust_00140,34.99,usd,card,visa,3681,succeeded,,2026-04-02T07:35:13,2026-04-02T07:35:13
pay_003009,order_002770,cust_00647,64.99,usd,card,visa,3373,succeeded,,2026-04-02T08:44:05,2026-04-02T08:44:05
pay_003010,order_002771,,64.99,usd,card,amex,1340,succeeded,,2026-04-02T06:21:07,2026-04-02T06:21:07
pay_003011,order_002772,,120.0,usd,card,mastercard,3598,succeeded,,2026-04-02T01:23:04,2026-04-02T01:23:04
pay_003012,order_002773,cust_00031,64.99,usd,card,visa,1003,succeeded,,2026-04-03T21:16:56,2026-04-03T21:16:56
pay_003013,order_002774,cust_00170,129.0,usd,card,discover,3170,succeeded,,2026-04-03T07:20:19,2026-04-03T07:20:19
pay_003014,order_002775,cust_00294,49.99,usd,paypal,,,succeeded,,2026-04-03T18:17:17,2026-04-03T18:17:17
pay_003015,order_002776,cust_00664,34.99,usd,card,visa,6491,succeeded,,2026-04-03T22:36:27,2026-04-03T22:36:27
pay_003016,order_002777,cust_00827,129.0,usd,card,visa,0782,succeeded,,2026-04-03T13:37:57,2026-04-03T13:37:57
pay_003017,order_002778,,120.0,usd,card,visa,6229,succeeded,,2026-04-03T05:23:23,2026-04-03T05:23:23
pay_003018,order_002779,cust_00303,99.0,usd,card,amex,1577,succeeded,,2026-04-04T23:31:48,2026-04-04T23:31:48
pay_003019,order_002780,cust_00348,63.2,usd,card,mastercard,8941,succeeded,,2026-04-04T06:19:38,2026-04-04T06:19:38
pay_003020,order_002781,,34.99,usd,card,mastercard,4268,succeeded,,2026-04-04T10:20:04,2026-04-04T10:20:04
pay_003021,order_002782,,24.99,usd,card,visa,6866,failed,card_declined,2026-04-04T21:53:00,2026-04-04T21:53:00
pay_003022,order_002782,,24.99,usd,card,visa,0960,failed,card_declined,2026-04-04T22:04:00,2026-04-04T22:04:00
pay_003023,order_002782,,24.99,usd,paypal,,,succeeded,,2026-04-04T22:10:00,2026-04-04T22:10:00
pay_003024,order_002783,cust_00109,79.0,usd,card,visa,1459,failed,processing_error,2026-04-05T13:03:44,2026-04-05T13:03:44
pay_003025,order_002783,cust_00109,79.0,usd,card,visa,3647,succeeded,,2026-04-05T13:19:44,2026-04-05T13:19:44
pay_003026,order_002784,cust_00299,8.99,usd,card,mastercard,6091,succeeded,,2026-04-05T12:31:02,2026-04-05T12:31:02
pay_003027,order_002785,cust_00640,9.99,usd,card,visa,5285,succeeded,,2026-04-05T03:42:31,2026-04-05T03:42:31
pay_003028,order_002786,cust_00681,51.99,usd,card,visa,1921,succeeded,,2026-04-05T09:01:52,2026-04-05T09:01:52
pay_003029,order_002787,cust_00817,49.99,usd,card,amex,5789,succeeded,,2026-04-05T04:56:10,2026-04-05T04:56:10
pay_003030,order_002788,cust_00851,99.0,usd,card,visa,5924,succeeded,,2026-04-05T15:50:17,2026-04-05T15:50:17
pay_003031,order_002789,,31.49,usd,card,visa,9970,succeeded,,2026-04-05T16:23:02,2026-04-05T16:23:02
pay_003032,order_002790,,24.99,usd,card,visa,8261,succeeded,,2026-04-05T09:08:15,2026-04-05T09:08:15
pay_003033,order_002791,cust_00322,9.99,usd,paypal,,,succeeded,,2026-04-06T07:58:54,2026-04-06T07:58:54
pay_003034,order_002792,cust_00733,31.49,usd,card,visa,1780,succeeded,,2026-04-06T09:36:50,2026-04-06T09:36:50
pay_003035,order_002793,,34.99,usd,card,mastercard,3181,succeeded,,2026-04-06T22:26:37,2026-04-06T22:26:37
pay_003036,order_002794,cust_00248,129.0,usd,card,discover,8348,succeeded,,2026-04-07T18:36:57,2026-04-07T18:36:57
pay_003037,order_002795,cust_00380,149.0,usd,card,visa,2790,succeeded,,2026-04-07T10:37:46,2026-04-07T10:37:46
pay_003038,order_002796,cust_00614,79.0,usd,apple_pay,,,succeeded,,2026-04-07T08:51:46,2026-04-07T08:51:46
pay_003039,order_002797,cust_00664,9.99,usd,card,visa,4909,succeeded,,2026-04-07T06:01:59,2026-04-07T06:01:59
pay_003040,order_002798,cust_00742,24.99,usd,paypal,,,failed,card_declined,2026-04-07T20:48:15,2026-04-07T20:48:15
pay_003041,order_002798,cust_00742,24.99,usd,card,visa,5970,succeeded,,2026-04-07T21:05:15,2026-04-07T21:05:15
pay_003042,order_002799,,120.0,usd,card,amex,6082,succeeded,,2026-04-07T05:08:31,2026-04-07T05:08:31
pay_003043,order_002800,,49.99,usd,card,mastercard,0266,succeeded,,2026-04-07T10:21:58,2026-04-07T10:21:58
pay_003044,order_002801,,34.99,usd,card,mastercard,4041,succeeded,,2026-04-07T06:43:36,2026-04-07T06:43:36
pay_003045,order_002802,cust_00044,24.99,usd,card,visa,2333,succeeded,,2026-04-08T21:12:18,2026-04-08T21:12:18
pay_003046,order_002803,cust_00052,24.99,usd,card,visa,8278,succeeded,,2026-04-08T13:44:45,2026-04-08T13:44:45
pay_003047,order_002804,cust_00086,9.99,usd,card,mastercard,4776,succeeded,,2026-04-08T18:46:46,2026-04-08T18:46:46
pay_003048,order_002805,cust_00176,22.49,usd,card,mastercard,3916,succeeded,,2026-04-08T05:06:17,2026-04-08T05:06:17
pay_003049,order_002806,cust_00300,24.99,usd,card,visa,1510,succeeded,,2026-04-08T05:46:51,2026-04-08T05:46:51
pay_003050,order_002807,cust_00464,79.0,usd,paypal,,,succeeded,,2026-04-08T06:00:34,2026-04-08T06:00:34
pay_003051,order_002808,,49.99,usd,card,discover,5523,succeeded,,2026-04-08T05:05:09,2026-04-08T05:05:09
pay_003052,order_002809,,64.99,usd,card,visa,6171,succeeded,,2026-04-08T18:45:22,2026-04-08T18:45:22
pay_003053,order_002810,cust_00102,89.1,usd,card,mastercard,8214,succeeded,,2026-04-09T20:33:27,2026-04-09T20:33:27
pay_003054,order_002811,cust_00192,99.0,usd,card,visa,6927,succeeded,,2026-04-09T06:36:13,2026-04-09T06:36:13
pay_003055,order_002812,cust_00244,34.99,usd,card,mastercard,6953,succeeded,,2026-04-09T17:34:18,2026-04-09T17:34:18
pay_003056,order_002813,cust_00358,99.0,usd,card,visa,1739,succeeded,,2026-04-09T17:04:38,2026-04-09T17:04:38
pay_003057,order_002814,cust_00436,24.99,usd,card,mastercard,0684,succeeded,,2026-04-09T01:08:48,2026-04-09T01:08:48
pay_003058,order_002815,cust_00643,34.99,usd,card,visa,7429,succeeded,,2026-04-09T06:50:33,2026-04-09T06:50:33
pay_003059,order_002816,cust_00664,9.99,usd,card,mastercard,5635,succeeded,,2026-04-09T06:23:41,2026-04-09T06:23:41
pay_003060,order_002817,,34.99,usd,paypal,,,failed,insufficient_funds,2026-04-09T09:20:04,2026-04-09T09:20:04
pay_003061,order_002817,,34.99,usd,card,amex,0835,succeeded,,2026-04-09T09:38:04,2026-04-09T09:38:04
pay_003062,order_002818,,24.99,usd,card,visa,5247,succeeded,,2026-04-09T08:36:03,2026-04-09T08:36:03
pay_003063,order_002819,,34.99,usd,card,visa,4393,succeeded,,2026-04-09T07:19:32,2026-04-09T07:19:32
pay_003064,order_002820,cust_00157,39.99,usd,card,visa,9112,succeeded,,2026-04-10T11:29:47,2026-04-10T11:29:47
pay_003065,order_002821,cust_00171,79.0,usd,card,visa,5197,succeeded,,2026-04-10T08:18:01,2026-04-10T08:18:01
pay_003066,order_002822,cust_00247,24.99,usd,card,amex,1709,succeeded,,2026-04-10T11:19:34,2026-04-10T11:19:34
pay_003067,order_002823,cust_00292,9.99,usd,paypal,,,succeeded,,2026-04-10T08:34:59,2026-04-10T08:34:59
pay_003068,order_002824,cust_00348,49.99,usd,card,visa,6544,succeeded,,2026-04-10T15:30:45,2026-04-10T15:30:45
pay_003069,order_002825,,34.99,usd,card,visa,3506,succeeded,,2026-04-10T15:14:04,2026-04-10T15:14:04
pay_003070,order_002826,cust_00161,89.99,usd,card,visa,3761,succeeded,,2026-04-11T07:40:59,2026-04-11T07:40:59
pay_003071,order_002827,cust_00240,34.99,usd,card,visa,2840,succeeded,,2026-04-11T17:46:50,2026-04-11T17:46:50
pay_003072,order_002828,cust_00275,24.99,usd,card,visa,4081,succeeded,,2026-04-11T12:18:40,2026-04-11T12:18:40
pay_003073,order_002829,cust_00315,49.99,usd,card,amex,3835,succeeded,,2026-04-11T12:16:51,2026-04-11T12:16:51
pay_003074,order_002830,cust_00432,22.49,usd,card,amex,9906,failed,insufficient_funds,2026-04-11T23:24:29,2026-04-11T23:24:29
pay_003075,order_002830,cust_00432,22.49,usd,card,mastercard,6084,succeeded,,2026-04-11T23:43:29,2026-04-11T23:43:29
pay_003076,order_002831,cust_00828,27.99,usd,card,visa,3431,succeeded,,2026-04-11T10:07:42,2026-04-11T10:07:42
pay_003077,order_002832,,34.99,usd,card,visa,1696,succeeded,,2026-04-11T22:45:13,2026-04-11T22:45:13
pay_003078,order_002833,cust_00070,79.0,usd,card,visa,7119,succeeded,,2026-04-12T12:18:18,2026-04-12T12:18:18
pay_003079,order_002834,,24.99,usd,card,mastercard,1823,failed,card_declined,2026-04-12T01:56:08,2026-04-12T01:56:08
pay_003080,order_002834,,24.99,usd,card,mastercard,4766,succeeded,,2026-04-12T02:15:08,2026-04-12T02:15:08
pay_003081,order_002835,,24.99,usd,card,amex,7005,succeeded,,2026-04-12T15:07:24,2026-04-12T15:07:24
pay_003082,order_002836,cust_00108,7.99,usd,card,visa,5389,succeeded,,2026-04-13T05:58:28,2026-04-13T05:58:28
pay_003083,order_002837,cust_00246,9.99,usd,card,visa,1760,succeeded,,2026-04-13T11:05:41,2026-04-13T11:05:41
pay_003084,order_002838,cust_00268,9.99,usd,card,visa,5555,succeeded,,2026-04-13T02:45:42,2026-04-13T02:45:42
pay_003085,order_002839,cust_00387,8.99,usd,card,amex,9378,succeeded,,2026-04-13T02:03:43,2026-04-13T02:03:43
pay_003086,order_002840,cust_00428,24.99,usd,apple_pay,,,succeeded,,2026-04-13T06:16:32,2026-04-13T06:16:32
pay_003087,order_002841,cust_00478,64.99,usd,card,visa,4422,succeeded,,2026-04-13T21:48:58,2026-04-13T21:48:58
pay_003088,order_002842,cust_00729,27.99,usd,card,mastercard,9179,succeeded,,2026-04-13T05:20:47,2026-04-13T05:20:47
pay_003089,order_002843,,22.49,usd,card,mastercard,3425,succeeded,,2026-04-13T14:46:36,2026-04-13T14:46:36
pay_003090,order_002844,,64.99,usd,card,amex,9697,succeeded,,2026-04-13T18:10:31,2026-04-13T18:10:31
pay_003091,order_002845,cust_00211,19.99,usd,card,visa,4508,succeeded,,2026-04-14T22:05:46,2026-04-14T22:05:46
pay_003092,order_002846,cust_00343,79.0,usd,card,mastercard,0430,succeeded,,2026-04-14T03:00:53,2026-04-14T03:00:53
pay_003093,order_002847,cust_00408,79.0,usd,card,visa,0659,succeeded,,2026-04-14T09:02:32,2026-04-14T09:02:32
pay_003094,order_002848,cust_00588,64.99,usd,card,mastercard,9323,succeeded,,2026-04-14T18:07:20,2026-04-14T18:07:20
pay_003095,order_002849,,64.99,usd,card,visa,8443,succeeded,,2026-04-14T10:47:02,2026-04-14T10:47:02
pay_003096,order_002850,cust_00102,7.99,usd,card,visa,5177,failed,card_declined,2026-04-15T03:04:33,2026-04-15T03:04:33
pay_003097,order_002850,cust_00102,7.99,usd,paypal,,,succeeded,,2026-04-15T03:24:33,2026-04-15T03:24:33
pay_003098,order_002851,cust_00444,9.99,usd,card,visa,5245,succeeded,,2026-04-15T16:23:23,2026-04-15T16:23:23
pay_003099,order_002852,cust_00744,79.0,usd,card,visa,6916,succeeded,,2026-04-15T00:57:37,2026-04-15T00:57:37
pay_003100,order_002853,cust_00766,79.0,usd,card,visa,9732,succeeded,,2026-04-15T18:48:09,2026-04-15T18:48:09
pay_003101,order_002854,cust_00780,24.99,usd,card,visa,6514,succeeded,,2026-04-15T15:51:53,2026-04-15T15:51:53
pay_003102,order_002855,cust_00797,19.99,usd,card,mastercard,8517,succeeded,,2026-04-15T13:13:13,2026-04-15T13:13:13
pay_003103,order_002856,,64.99,usd,paypal,,,succeeded,,2026-04-15T23:59:48,2026-04-15T23:59:48
pay_003104,order_002857,cust_00260,64.99,usd,card,amex,4944,succeeded,,2026-04-16T04:27:55,2026-04-16T04:27:55
pay_003105,order_002858,cust_00347,49.99,usd,card,mastercard,1273,succeeded,,2026-04-16T03:53:44,2026-04-16T03:53:44
pay_003106,order_002859,cust_00356,9.99,usd,card,amex,4875,succeeded,,2026-04-16T08:14:59,2026-04-16T08:14:59
pay_003107,order_002860,cust_00409,79.0,usd,apple_pay,,,succeeded,,2026-04-16T14:29:32,2026-04-16T14:29:32
pay_003108,order_002861,cust_00454,89.1,usd,card,mastercard,0147,succeeded,,2026-04-16T12:58:38,2026-04-16T12:58:38
pay_003109,order_002862,cust_00824,24.99,usd,paypal,,,succeeded,,2026-04-16T21:08:42,2026-04-16T21:08:42
pay_003110,order_002863,cust_00307,9.99,usd,paypal,,,succeeded,,2026-04-17T15:46:24,2026-04-17T15:46:24
pay_003111,order_002864,cust_00539,8.99,usd,card,discover,7640,failed,card_declined,2026-04-17T00:19:07,2026-04-17T00:19:07
pay_003112,order_002864,cust_00539,8.99,usd,card,visa,7460,failed,card_declined,2026-04-17T00:32:07,2026-04-17T00:32:07
pay_003113,order_002864,cust_00539,8.99,usd,card,mastercard,5254,succeeded,,2026-04-17T00:39:07,2026-04-17T00:39:07
pay_003114,order_002865,cust_00824,79.0,usd,card,visa,3478,succeeded,,2026-04-17T05:23:42,2026-04-17T05:23:42
pay_003115,order_002866,,49.99,usd,card,visa,4900,succeeded,,2026-04-17T12:41:40,2026-04-17T12:41:40
pay_003116,order_002867,,24.99,usd,card,mastercard,0360,succeeded,,2026-04-17T11:07:42,2026-04-17T11:07:42
pay_003117,order_002868,,58.49,usd,card,visa,0443,succeeded,,2026-04-17T18:54:41,2026-04-17T18:54:41
pay_003118,order_002869,cust_00109,9.99,usd,card,amex,1129,succeeded,,2026-04-18T18:16:17,2026-04-18T18:16:17
pay_003119,order_002870,cust_00176,64.99,usd,paypal,,,succeeded,,2026-04-18T23:13:19,2026-04-18T23:13:19
pay_003120,order_002871,cust_00489,79.0,usd,card,amex,3582,succeeded,,2026-04-18T17:43:57,2026-04-18T17:43:57
pay_003121,order_002872,cust_00679,51.99,usd,card,visa,9525,succeeded,,2026-04-18T11:37:12,2026-04-18T11:37:12
pay_003122,order_002873,cust_00688,89.99,usd,card,mastercard,4468,succeeded,,2026-04-18T06:52:28,2026-04-18T06:52:28
pay_003123,order_002874,cust_00709,89.99,usd,card,mastercard,0111,succeeded,,2026-04-18T13:22:49,2026-04-18T13:22:49
pay_003124,order_002875,cust_00825,9.99,usd,card,visa,5393,succeeded,,2026-04-18T09:57:10,2026-04-18T09:57:10
pay_003125,order_002876,,34.99,usd,card,visa,9459,succeeded,,2026-04-18T15:00:29,2026-04-18T15:00:29
pay_003126,order_002877,,34.99,usd,card,amex,4285,succeeded,,2026-04-18T12:18:29,2026-04-18T12:18:29
pay_003127,order_002878,cust_00068,79.0,usd,card,visa,3512,succeeded,,2026-04-19T09:37:05,2026-04-19T09:37:05
pay_003128,order_002879,cust_00137,7.99,usd,paypal,,,succeeded,,2026-04-19T09:13:56,2026-04-19T09:13:56
pay_003129,order_002880,cust_00692,35.99,usd,card,amex,9134,failed,insufficient_funds,2026-04-19T05:38:20,2026-04-19T05:38:20
pay_003130,order_002880,cust_00692,35.99,usd,card,visa,3938,succeeded,,2026-04-19T05:48:20,2026-04-19T05:48:20
pay_003131,order_002881,cust_00755,9.99,usd,card,visa,9781,succeeded,,2026-04-19T14:28:39,2026-04-19T14:28:39
pay_003132,order_002882,,80.99,usd,paypal,,,failed,card_declined,2026-04-19T06:26:30,2026-04-19T06:26:30
pay_003133,order_002882,,80.99,usd,paypal,,,succeeded,,2026-04-19T06:38:30,2026-04-19T06:38:30
pay_003134,order_002883,,34.99,usd,card,mastercard,8485,succeeded,,2026-04-19T20:53:34,2026-04-19T20:53:34
pay_003135,order_002884,cust_00031,24.99,usd,card,mastercard,3631,succeeded,,2026-04-20T05:20:05,2026-04-20T05:20:05
pay_003136,order_002885,cust_00299,44.99,usd,card,visa,3098,failed,card_declined,2026-04-20T03:30:56,2026-04-20T03:30:56
pay_003137,order_002885,cust_00299,44.99,usd,card,visa,2095,succeeded,,2026-04-20T03:44:56,2026-04-20T03:44:56
pay_003138,order_002886,cust_00486,79.0,usd,card,mastercard,0220,succeeded,,2026-04-20T04:04:35,2026-04-20T04:04:35
pay_003139,order_002887,cust_00621,31.49,usd,card,discover,6270,succeeded,,2026-04-20T21:21:11,2026-04-20T21:21:11
pay_003140,order_002888,,49.99,usd,card,mastercard,1810,succeeded,,2026-04-20T01:29:16,2026-04-20T01:29:16
pay_003141,order_002889,cust_00185,120.0,usd,card,visa,7948,succeeded,,2026-04-21T19:13:48,2026-04-21T19:13:48
pay_003142,order_002890,cust_00336,49.99,usd,card,visa,3322,succeeded,,2026-04-21T22:03:26,2026-04-21T22:03:26
pay_003143,order_002891,cust_00381,129.0,usd,card,mastercard,0829,succeeded,,2026-04-21T18:09:56,2026-04-21T18:09:56
pay_003144,order_002892,cust_00466,24.99,usd,card,amex,7027,succeeded,,2026-04-21T00:58:21,2026-04-21T00:58:21
pay_003145,order_002893,cust_00667,79.0,usd,apple_pay,,,succeeded,,2026-04-21T21:50:21,2026-04-21T21:50:21
pay_003146,order_002894,,24.99,usd,card,amex,6456,succeeded,,2026-04-21T07:58:53,2026-04-21T07:58:53
pay_003147,order_002895,,120.0,usd,card,visa,4965,failed,insufficient_funds,2026-04-21T05:23:31,2026-04-21T05:23:31
pay_003148,order_002895,,120.0,usd,card,visa,2455,succeeded,,2026-04-21T05:32:31,2026-04-21T05:32:31
pay_003149,order_002896,,34.99,usd,card,visa,0678,succeeded,,2026-04-21T12:34:20,2026-04-21T12:34:20
pay_003150,order_002897,cust_00100,79.0,usd,card,amex,1187,succeeded,,2026-04-22T12:54:42,2026-04-22T12:54:42
pay_003151,order_002898,cust_00283,34.99,usd,card,visa,9121,succeeded,,2026-04-22T18:18:38,2026-04-22T18:18:38
pay_003152,order_002899,cust_00303,34.99,usd,card,visa,0879,failed,card_declined,2026-04-22T07:55:09,2026-04-22T07:55:09
pay_003153,order_002899,cust_00303,34.99,usd,card,visa,9131,succeeded,,2026-04-22T08:04:09,2026-04-22T08:04:09
pay_003154,order_002900,cust_00487,79.0,usd,card,visa,7772,succeeded,,2026-04-22T22:21:00,2026-04-22T22:21:00
pay_003155,order_002901,cust_00647,9.99,usd,card,visa,5290,succeeded,,2026-04-22T14:14:34,2026-04-22T14:14:34
pay_003156,order_002902,cust_00729,25.19,usd,paypal,,,succeeded,,2026-04-22T16:08:26,2026-04-22T16:08:26
pay_003157,order_002903,cust_00781,89.99,usd,card,visa,0872,succeeded,,2026-04-22T03:45:07,2026-04-22T03:45:07
pay_003158,order_002904,,89.99,usd,paypal,,,succeeded,,2026-04-22T01:44:40,2026-04-22T01:44:40
pay_003159,order_002905,,64.99,usd,card,visa,9513,succeeded,,2026-04-22T09:39:07,2026-04-22T09:39:07
pay_003160,order_002906,cust_00223,89.99,usd,card,visa,6850,succeeded,,2026-04-23T05:13:23,2026-04-23T05:13:23
pay_003161,order_002907,cust_00233,79.0,usd,card,visa,5478,succeeded,,2026-04-23T11:22:35,2026-04-23T11:22:35
pay_003162,order_002908,cust_00313,9.99,usd,card,visa,1382,succeeded,,2026-04-23T15:07:18,2026-04-23T15:07:18
pay_003163,order_002909,cust_00514,129.0,usd,paypal,,,succeeded,,2026-04-23T16:11:53,2026-04-23T16:11:53
pay_003164,order_002910,cust_00536,34.99,usd,paypal,,,succeeded,,2026-04-23T22:12:31,2026-04-23T22:12:31
pay_003165,order_002911,cust_00551,9.99,usd,card,visa,0560,succeeded,,2026-04-23T13:13:16,2026-04-23T13:13:16
pay_003166,order_002912,cust_00633,89.99,usd,card,mastercard,7643,succeeded,,2026-04-23T08:08:04,2026-04-23T08:08:04
pay_003167,order_002913,cust_00743,9.99,usd,card,visa,3510,succeeded,,2026-04-23T01:49:58,2026-04-23T01:49:58
pay_003168,order_002914,,34.99,usd,apple_pay,,,succeeded,,2026-04-23T01:32:04,2026-04-23T01:32:04
pay_003169,order_002915,,120.0,usd,paypal,,,succeeded,,2026-04-23T02:34:24,2026-04-23T02:34:24
pay_003170,order_002916,cust_00244,9.99,usd,card,visa,9308,succeeded,,2026-04-24T07:48:10,2026-04-24T07:48:10
pay_003171,order_002917,cust_00505,9.99,usd,card,mastercard,1180,succeeded,,2026-04-24T09:04:15,2026-04-24T09:04:15
pay_003172,order_002918,cust_00574,34.99,usd,card,visa,8425,succeeded,,2026-04-24T12:46:46,2026-04-24T12:46:46
pay_003173,order_002919,,64.99,usd,card,visa,2759,succeeded,,2026-04-24T21:27:38,2026-04-24T21:27:38
pay_003174,order_002920,cust_00013,79.0,usd,paypal,,,succeeded,,2026-04-25T18:33:11,2026-04-25T18:33:11
pay_003175,order_002921,cust_00072,79.0,usd,card,amex,3249,succeeded,,2026-04-25T06:56:11,2026-04-25T06:56:11
pay_003176,order_002922,cust_00321,24.99,usd,card,mastercard,7806,succeeded,,2026-04-25T20:13:33,2026-04-25T20:13:33
pay_003177,order_002923,cust_00387,9.99,usd,card,visa,9492,succeeded,,2026-04-25T11:08:25,2026-04-25T11:08:25
pay_003178,order_002924,cust_00545,89.99,usd,card,visa,4005,succeeded,,2026-04-25T03:24:55,2026-04-25T03:24:55
pay_003179,order_002925,cust_00640,99.0,usd,card,visa,4211,succeeded,,2026-04-25T07:19:19,2026-04-25T07:19:19
pay_003180,order_002926,cust_00041,89.99,usd,card,visa,5594,succeeded,,2026-04-26T16:54:41,2026-04-26T16:54:41
pay_003181,order_002927,cust_00121,149.0,usd,card,visa,5920,succeeded,,2026-04-26T19:35:57,2026-04-26T19:35:57
pay_003182,order_002928,cust_00194,9.99,usd,card,mastercard,2437,failed,expired_card,2026-04-26T02:11:18,2026-04-26T02:11:18
pay_003183,order_002928,cust_00194,9.99,usd,card,amex,0865,succeeded,,2026-04-26T02:22:18,2026-04-26T02:22:18
pay_003184,order_002929,cust_00194,9.99,usd,card,mastercard,1431,succeeded,,2026-04-26T21:33:25,2026-04-26T21:33:25
pay_003185,order_002930,cust_00215,61.19,usd,apple_pay,,,succeeded,,2026-04-26T23:54:06,2026-04-26T23:54:06
pay_003186,order_002931,cust_00532,120.0,usd,card,amex,9733,failed,insufficient_funds,2026-04-26T11:42:13,2026-04-26T11:42:13
pay_003187,order_002931,cust_00532,120.0,usd,card,mastercard,7682,succeeded,,2026-04-26T11:48:13,2026-04-26T11:48:13
pay_003188,order_002932,cust_00601,34.99,usd,card,mastercard,6910,succeeded,,2026-04-26T22:41:03,2026-04-26T22:41:03
pay_003189,order_002933,cust_00674,31.49,usd,card,visa,1038,succeeded,,2026-04-26T02:07:29,2026-04-26T02:07:29
pay_003190,order_002934,cust_00727,31.49,usd,paypal,,,succeeded,,2026-04-26T02:07:43,2026-04-26T02:07:43
pay_003191,order_002935,,89.99,usd,card,discover,0038,succeeded,,2026-04-26T14:55:53,2026-04-26T14:55:53
pay_003192,order_002936,cust_00050,22.49,usd,card,mastercard,7525,succeeded,,2026-04-27T13:34:11,2026-04-27T13:34:11
pay_003193,order_002937,cust_00563,34.99,usd,card,mastercard,3764,succeeded,,2026-04-27T23:55:49,2026-04-27T23:55:49
pay_003194,order_002938,,49.99,usd,card,visa,5878,succeeded,,2026-04-27T19:40:28,2026-04-27T19:40:28
pay_003195,order_002939,cust_00140,34.99,usd,card,visa,0248,succeeded,,2026-04-28T06:25:14,2026-04-28T06:25:14
pay_003196,order_002940,cust_00349,102.0,usd,apple_pay,,,succeeded,,2026-04-28T04:02:04,2026-04-28T04:02:04
pay_003197,order_002941,cust_00464,34.99,usd,card,visa,6634,succeeded,,2026-04-28T11:54:09,2026-04-28T11:54:09
pay_003198,order_002942,,49.99,usd,card,amex,5878,failed,card_declined,2026-04-28T02:20:17,2026-04-28T02:20:17
pay_003199,order_002942,,49.99,usd,card,visa,4574,succeeded,,2026-04-28T02:36:17,2026-04-28T02:36:17
pay_003200,order_002943,cust_00108,24.99,usd,card,discover,9442,succeeded,,2026-04-29T18:15:13,2026-04-29T18:15:13
pay_003201,order_002944,cust_00219,89.99,usd,card,visa,1769,succeeded,,2026-04-29T21:12:46,2026-04-29T21:12:46
pay_003202,order_002945,cust_00574,120.0,usd,card,mastercard,2159,succeeded,,2026-04-29T05:15:35,2026-04-29T05:15:35
pay_003203,order_002946,,49.99,usd,card,amex,8757,succeeded,,2026-04-29T07:00:08,2026-04-29T07:00:08
pay_003204,order_002947,cust_00212,34.99,usd,card,visa,7236,succeeded,,2026-04-30T18:32:44,2026-04-30T18:32:44
pay_003205,order_002948,cust_00238,129.0,usd,card,visa,4346,succeeded,,2026-04-30T21:12:46,2026-04-30T21:12:46
pay_003206,order_002949,cust_00426,89.99,usd,card,visa,6545,succeeded,,2026-04-30T19:45:21,2026-04-30T19:45:21
pay_003207,order_002950,cust_00487,44.99,usd,card,mastercard,6352,succeeded,,2026-04-30T16:18:41,2026-04-30T16:18:41
pay_003208,order_002951,,34.99,usd,card,visa,5595,succeeded,,2026-04-30T11:10:27,2026-04-30T11:10:27
pay_003209,order_002952,cust_00437,64.99,usd,card,visa,0601,succeeded,,2026-05-01T00:19:28,2026-05-01T00:19:28
pay_003210,order_002953,cust_00748,9.99,usd,card,discover,1805,succeeded,,2026-05-01T21:58:32,2026-05-01T21:58:32
pay_003211,order_002954,cust_00780,34.99,usd,card,visa,2609,succeeded,,2026-05-01T07:27:04,2026-05-01T07:27:04
pay_003212,order_002955,,31.49,usd,card,visa,2729,failed,insufficient_funds,2026-05-01T12:58:31,2026-05-01T12:58:31
pay_003213,order_002955,,31.49,usd,paypal,,,succeeded,,2026-05-01T13:03:31,2026-05-01T13:03:31
pay_003214,order_002956,,34.99,usd,apple_pay,,,succeeded,,2026-05-01T20:14:03,2026-05-01T20:14:03
pay_003215,order_002957,,34.99,usd,card,amex,4511,succeeded,,2026-05-01T23:33:09,2026-05-01T23:33:09
pay_003216,order_002958,cust_00025,34.99,usd,card,visa,1193,succeeded,,2026-05-02T19:10:37,2026-05-02T19:10:37
pay_003217,order_002959,cust_00068,9.99,usd,card,visa,1356,succeeded,,2026-05-02T23:12:00,2026-05-02T23:12:00
pay_003218,order_002960,cust_00387,129.0,usd,card,mastercard,2747,succeeded,,2026-05-02T00:55:14,2026-05-02T00:55:14
pay_003219,order_002961,cust_00398,89.99,usd,card,visa,4105,succeeded,,2026-05-02T16:03:53,2026-05-02T16:03:53
pay_003220,order_002962,cust_00464,9.99,usd,card,mastercard,7182,succeeded,,2026-05-02T16:58:50,2026-05-02T16:58:50
pay_003221,order_002963,cust_00484,71.99,usd,card,visa,0901,succeeded,,2026-05-02T15:01:50,2026-05-02T15:01:50
pay_003222,order_002964,cust_00525,9.99,usd,card,visa,8585,succeeded,,2026-05-02T09:44:57,2026-05-02T09:44:57
pay_003223,order_002965,cust_00119,149.0,usd,card,mastercard,2739,succeeded,,2026-05-03T13:32:44,2026-05-03T13:32:44
pay_003224,order_002966,,31.49,usd,card,mastercard,8579,succeeded,,2026-05-03T10:33:25,2026-05-03T10:33:25
pay_003225,order_002967,,34.99,usd,paypal,,,succeeded,,2026-05-03T15:34:25,2026-05-03T15:34:25
pay_003226,order_002968,,34.99,usd,apple_pay,,,succeeded,,2026-05-03T17:03:56,2026-05-03T17:03:56
pay_003227,order_002969,cust_00120,24.99,usd,apple_pay,,,succeeded,,2026-05-04T08:52:45,2026-05-04T08:52:45
pay_003228,order_002970,cust_00265,39.99,usd,card,visa,1932,succeeded,,2026-05-04T06:46:07,2026-05-04T06:46:07
pay_003229,order_002971,cust_00346,22.49,usd,card,mastercard,6257,succeeded,,2026-05-04T02:35:21,2026-05-04T02:35:21
pay_003230,order_002972,cust_00348,9.99,usd,card,visa,5628,succeeded,,2026-05-04T08:38:53,2026-05-04T08:38:53
pay_003231,order_002973,cust_00603,24.99,usd,card,visa,1473,failed,card_declined,2026-05-04T11:46:53,2026-05-04T11:46:53
pay_003232,order_002973,cust_00603,24.99,usd,card,amex,2735,succeeded,,2026-05-04T12:03:53,2026-05-04T12:03:53
pay_003233,order_002974,cust_00849,24.99,usd,paypal,,,succeeded,,2026-05-04T08:18:10,2026-05-04T08:18:10
pay_003234,order_002975,,89.99,usd,card,visa,1203,succeeded,,2026-05-04T07:17:15,2026-05-04T07:17:15
pay_003235,order_002976,,49.99,usd,card,mastercard,4799,succeeded,,2026-05-04T17:42:44,2026-05-04T17:42:44
pay_003236,order_002977,,89.99,usd,apple_pay,,,succeeded,,2026-05-04T14:47:33,2026-05-04T14:47:33
pay_003237,order_002978,cust_00070,64.99,usd,card,mastercard,0644,succeeded,,2026-05-05T01:31:43,2026-05-05T01:31:43
pay_003238,order_002979,cust_00182,34.99,usd,card,visa,3063,succeeded,,2026-05-05T18:04:15,2026-05-05T18:04:15
pay_003239,order_002980,cust_00214,89.99,usd,card,visa,2694,succeeded,,2026-05-05T08:11:10,2026-05-05T08:11:10
pay_003240,order_002981,cust_00250,46.79,usd,card,visa,7873,succeeded,,2026-05-05T11:01:16,2026-05-05T11:01:16
pay_003241,order_002982,cust_00333,58.49,usd,card,visa,4488,succeeded,,2026-05-05T08:31:43,2026-05-05T08:31:43
pay_003242,order_002983,,34.99,usd,paypal,,,succeeded,,2026-05-05T02:55:19,2026-05-05T02:55:19
pay_003243,order_002984,,34.99,usd,paypal,,,succeeded,,2026-05-05T01:19:27,2026-05-05T01:19:27
pay_003244,order_002985,cust_00158,49.99,usd,card,visa,9315,succeeded,,2026-05-06T22:22:57,2026-05-06T22:22:57
pay_003245,order_002986,cust_00218,9.99,usd,card,visa,1607,succeeded,,2026-05-06T20:06:21,2026-05-06T20:06:21
pay_003246,order_002987,cust_00377,24.99,usd,paypal,,,succeeded,,2026-05-06T20:08:28,2026-05-06T20:08:28
pay_003247,order_002988,cust_00452,24.99,usd,paypal,,,succeeded,,2026-05-06T17:51:58,2026-05-06T17:51:58
pay_003248,order_002989,cust_00458,49.99,usd,paypal,,,failed,processing_error,2026-05-06T06:19:05,2026-05-06T06:19:05
pay_003249,order_002989,cust_00458,49.99,usd,card,visa,6108,succeeded,,2026-05-06T06:25:05,2026-05-06T06:25:05
pay_003250,order_002990,cust_00597,9.99,usd,card,mastercard,9676,succeeded,,2026-05-06T00:26:00,2026-05-06T00:26:00
pay_003251,order_002991,cust_00648,49.99,usd,card,visa,4439,succeeded,,2026-05-06T01:39:47,2026-05-06T01:39:47
pay_003252,order_002992,cust_00818,9.99,usd,card,mastercard,7990,succeeded,,2026-05-06T08:54:36,2026-05-06T08:54:36
pay_003253,order_002993,cust_00839,27.99,usd,card,visa,6484,succeeded,,2026-05-06T20:44:55,2026-05-06T20:44:55
pay_003254,order_002994,,49.99,usd,card,amex,0955,succeeded,,2026-05-06T04:42:50,2026-05-06T04:42:50
pay_003255,order_002995,,44.99,usd,paypal,,,succeeded,,2026-05-06T18:30:16,2026-05-06T18:30:16
pay_003256,order_002996,cust_00364,9.99,usd,card,mastercard,4396,succeeded,,2026-05-07T14:32:52,2026-05-07T14:32:52
pay_003257,order_002997,cust_00474,19.99,usd,card,visa,4370,succeeded,,2026-05-07T21:50:23,2026-05-07T21:50:23
pay_003258,order_002998,cust_00567,9.99,usd,card,discover,3956,succeeded,,2026-05-07T19:02:44,2026-05-07T19:02:44
pay_003259,order_002999,cust_00852,79.0,usd,card,mastercard,4113,succeeded,,2026-05-07T03:41:27,2026-05-07T03:41:27
pay_003260,order_003000,,24.99,usd,card,visa,6328,succeeded,,2026-05-07T23:02:06,2026-05-07T23:02:06
pay_003261,order_003001,,24.99,usd,paypal,,,succeeded,,2026-05-07T20:16:37,2026-05-07T20:16:37
pay_003262,order_003002,,64.99,usd,card,amex,8372,succeeded,,2026-05-07T22:03:40,2026-05-07T22:03:40
pay_003263,order_003003,cust_00711,89.99,usd,card,visa,9147,succeeded,,2026-05-08T17:48:05,2026-05-08T17:48:05
pay_003264,order_003004,cust_00817,79.0,usd,paypal,,,succeeded,,2026-05-08T22:48:51,2026-05-08T22:48:51
pay_003265,order_003005,cust_00330,27.99,usd,card,visa,2127,succeeded,,2026-05-09T01:07:53,2026-05-09T01:07:53
pay_003266,order_003006,cust_00718,34.99,usd,card,visa,7726,succeeded,,2026-05-09T04:33:49,2026-05-09T04:33:49
pay_003267,order_003007,cust_00806,79.0,usd,card,visa,5037,succeeded,,2026-05-09T09:44:23,2026-05-09T09:44:23
pay_003268,order_003008,cust_00822,79.0,usd,paypal,,,succeeded,,2026-05-09T00:02:41,2026-05-09T00:02:41
pay_003269,order_003009,,24.99,usd,card,visa,7768,succeeded,,2026-05-09T09:40:59,2026-05-09T09:40:59
pay_003270,order_003010,,120.0,usd,card,visa,4829,succeeded,,2026-05-09T13:53:47,2026-05-09T13:53:47
pay_003271,order_003011,cust_00320,27.99,usd,card,visa,4650,failed,card_declined,2026-05-10T04:07:52,2026-05-10T04:07:52
pay_003272,order_003011,cust_00320,27.99,usd,card,mastercard,1359,succeeded,,2026-05-10T04:27:52,2026-05-10T04:27:52
pay_003273,order_003012,cust_00604,9.99,usd,card,visa,9423,succeeded,,2026-05-10T03:21:36,2026-05-10T03:21:36
pay_003274,order_003013,cust_00624,49.99,usd,card,mastercard,5613,succeeded,,2026-05-10T13:29:35,2026-05-10T13:29:35
pay_003275,order_003014,,34.99,usd,card,mastercard,0552,succeeded,,2026-05-10T00:53:48,2026-05-10T00:53:48
pay_003276,order_003015,,34.99,usd,card,visa,1301,succeeded,,2026-05-10T10:40:26,2026-05-10T10:40:26
pay_003277,order_003016,cust_00291,129.0,usd,card,mastercard,6936,failed,insufficient_funds,2026-05-11T03:41:58,2026-05-11T03:41:58
pay_003278,order_003016,cust_00291,129.0,usd,card,mastercard,1785,succeeded,,2026-05-11T03:46:58,2026-05-11T03:46:58
pay_003279,order_003017,cust_00833,9.99,usd,card,visa,5722,succeeded,,2026-05-11T01:33:46,2026-05-11T01:33:46
pay_003280,order_003018,,34.99,usd,paypal,,,succeeded,,2026-05-11T04:39:35,2026-05-11T04:39:35
pay_003281,order_003019,,49.99,usd,card,amex,6621,succeeded,,2026-05-11T23:50:46,2026-05-11T23:50:46
pay_003282,order_003020,cust_00006,22.49,usd,card,amex,0699,succeeded,,2026-05-12T04:09:36,2026-05-12T04:09:36
pay_003283,order_003021,cust_00070,99.0,usd,card,visa,8151,succeeded,,2026-05-12T16:06:08,2026-05-12T16:06:08
pay_003284,order_003022,cust_00167,84.15,usd,card,visa,6995,succeeded,,2026-05-12T22:19:51,2026-05-12T22:19:51
pay_003285,order_003023,cust_00826,96.0,usd,card,mastercard,3990,succeeded,,2026-05-12T04:23:05,2026-05-12T04:23:05
pay_003286,order_003024,cust_00406,129.0,usd,card,visa,7513,succeeded,,2026-05-13T09:01:12,2026-05-13T09:01:12
pay_003287,order_003025,cust_00417,24.99,usd,card,discover,0712,failed,card_declined,2026-05-13T16:12:08,2026-05-13T16:12:08
pay_003288,order_003025,cust_00417,24.99,usd,card,visa,1124,succeeded,,2026-05-13T16:20:08,2026-05-13T16:20:08
pay_003289,order_003026,cust_00695,9.99,usd,paypal,,,succeeded,,2026-05-13T13:06:26,2026-05-13T13:06:26
pay_003290,order_003027,cust_00859,7.99,usd,paypal,,,succeeded,,2026-05-13T16:10:50,2026-05-13T16:10:50
pay_003291,order_003028,,34.99,usd,card,visa,9358,succeeded,,2026-05-13T09:58:05,2026-05-13T09:58:05
pay_003292,order_003029,cust_00090,34.99,usd,card,amex,0726,succeeded,,2026-05-14T21:43:08,2026-05-14T21:43:08
pay_003293,order_003030,cust_00206,99.0,usd,card,amex,3042,succeeded,,2026-05-14T14:45:40,2026-05-14T14:45:40
pay_003294,order_003031,cust_00484,39.99,usd,paypal,,,succeeded,,2026-05-14T21:11:08,2026-05-14T21:11:08
pay_003295,order_003032,cust_00536,9.99,usd,apple_pay,,,succeeded,,2026-05-14T15:56:53,2026-05-14T15:56:53
pay_003296,order_003033,cust_00695,9.99,usd,card,mastercard,1445,succeeded,,2026-05-14T09:06:40,2026-05-14T09:06:40
pay_003297,order_003034,cust_00759,64.99,usd,card,visa,1157,succeeded,,2026-05-14T03:41:32,2026-05-14T03:41:32
pay_003298,order_003035,cust_00113,9.99,usd,card,visa,1528,succeeded,,2026-05-15T08:43:42,2026-05-15T08:43:42
pay_003299,order_003036,cust_00373,79.0,usd,card,visa,1733,succeeded,,2026-05-15T01:26:35,2026-05-15T01:26:35
pay_003300,order_003037,cust_00377,34.99,usd,card,visa,7780,succeeded,,2026-05-15T07:55:28,2026-05-15T07:55:28
pay_003301,order_003038,cust_00421,24.99,usd,card,mastercard,8685,succeeded,,2026-05-15T13:26:47,2026-05-15T13:26:47
pay_003302,order_003039,cust_00648,129.0,usd,card,visa,8221,succeeded,,2026-05-15T09:16:34,2026-05-15T09:16:34
pay_003303,order_003040,cust_00796,120.0,usd,card,visa,1670,succeeded,,2026-05-15T21:24:16,2026-05-15T21:24:16
pay_003304,order_003041,,49.99,usd,card,mastercard,4482,failed,card_declined,2026-05-15T03:39:26,2026-05-15T03:39:26
pay_003305,order_003041,,49.99,usd,card,visa,8627,succeeded,,2026-05-15T03:42:26,2026-05-15T03:42:26
pay_003306,order_003042,,24.99,usd,card,mastercard,0231,succeeded,,2026-05-15T10:52:31,2026-05-15T10:52:31
pay_003307,order_003043,cust_00025,24.99,usd,card,mastercard,6772,succeeded,,2026-05-16T20:15:25,2026-05-16T20:15:25
pay_003308,order_003044,cust_00167,99.0,usd,paypal,,,failed,processing_error,2026-05-16T18:19:18,2026-05-16T18:19:18
pay_003309,order_003044,cust_00167,99.0,usd,paypal,,,succeeded,,2026-05-16T18:25:18,2026-05-16T18:25:18
pay_003310,order_003045,cust_00167,49.99,usd,apple_pay,,,succeeded,,2026-05-16T17:13:31,2026-05-16T17:13:31
pay_003311,order_003046,cust_00209,9.99,usd,card,visa,4097,succeeded,,2026-05-16T16:18:30,2026-05-16T16:18:30
pay_003312,order_003047,cust_00233,9.99,usd,card,visa,7202,succeeded,,2026-05-16T11:38:38,2026-05-16T11:38:38
pay_003313,order_003048,cust_00237,119.2,usd,card,visa,2556,failed,card_declined,2026-05-16T07:29:54,2026-05-16T07:29:54
pay_003314,order_003048,cust_00237,119.2,usd,card,amex,6085,succeeded,,2026-05-16T07:39:54,2026-05-16T07:39:54
pay_003315,order_003049,cust_00335,24.99,usd,card,visa,4974,succeeded,,2026-05-16T21:40:32,2026-05-16T21:40:32
pay_003316,order_003050,cust_00641,99.0,usd,apple_pay,,,succeeded,,2026-05-16T02:03:13,2026-05-16T02:03:13
pay_003317,order_003051,cust_00669,67.15,usd,card,visa,3790,succeeded,,2026-05-16T13:03:01,2026-05-16T13:03:01
pay_003318,order_003052,,34.99,usd,card,mastercard,1120,succeeded,,2026-05-16T23:59:16,2026-05-16T23:59:16
pay_003319,order_003053,cust_00214,19.99,usd,card,discover,5089,succeeded,,2026-05-17T03:11:35,2026-05-17T03:11:35
pay_003320,order_003054,cust_00638,79.0,usd,apple_pay,,,succeeded,,2026-05-17T17:34:29,2026-05-17T17:34:29
pay_003321,order_003055,cust_00804,9.99,usd,card,amex,0931,succeeded,,2026-05-17T17:12:22,2026-05-17T17:12:22
pay_003322,order_003056,,24.99,usd,card,mastercard,4337,succeeded,,2026-05-17T12:21:54,2026-05-17T12:21:54
pay_003323,order_003057,,22.49,usd,card,visa,4448,succeeded,,2026-05-17T16:13:56,2026-05-17T16:13:56
pay_003324,order_003058,,34.99,usd,card,mastercard,1547,succeeded,,2026-05-17T06:10:04,2026-05-17T06:10:04
pay_003325,order_003059,,89.99,usd,card,visa,9087,succeeded,,2026-05-17T20:01:49,2026-05-17T20:01:49
pay_003326,order_003060,cust_00009,64.99,usd,card,amex,5877,succeeded,,2026-05-18T09:15:43,2026-05-18T09:15:43
pay_003327,order_003061,cust_00027,22.49,usd,card,mastercard,6444,succeeded,,2026-05-18T21:22:19,2026-05-18T21:22:19
pay_003328,order_003062,cust_00265,39.99,usd,card,mastercard,3363,succeeded,,2026-05-18T23:19:13,2026-05-18T23:19:13
pay_003329,order_003063,cust_00460,89.99,usd,card,visa,4889,succeeded,,2026-05-18T23:07:08,2026-05-18T23:07:08
pay_003330,order_003064,cust_00506,24.99,usd,card,visa,1413,succeeded,,2026-05-18T19:15:01,2026-05-18T19:15:01
pay_003331,order_003065,cust_00695,64.99,usd,card,mastercard,3942,failed,card_declined,2026-05-18T12:31:17,2026-05-18T12:31:17
pay_003332,order_003065,cust_00695,64.99,usd,paypal,,,succeeded,,2026-05-18T12:39:17,2026-05-18T12:39:17
pay_003333,order_003066,cust_00713,64.99,usd,paypal,,,failed,card_declined,2026-05-18T16:37:08,2026-05-18T16:37:08
pay_003334,order_003066,cust_00713,64.99,usd,card,mastercard,1556,succeeded,,2026-05-18T16:42:08,2026-05-18T16:42:08
pay_003335,order_003067,cust_00722,149.0,usd,card,visa,4770,succeeded,,2026-05-18T11:46:05,2026-05-18T11:46:05
pay_003336,order_003068,,34.99,usd,card,mastercard,5847,succeeded,,2026-05-18T14:39:17,2026-05-18T14:39:17
pay_003337,order_003069,,24.99,usd,card,visa,0000,succeeded,,2026-05-18T05:50:10,2026-05-18T05:50:10
pay_003338,order_003070,,34.99,usd,card,visa,2417,succeeded,,2026-05-18T05:13:57,2026-05-18T05:13:57
pay_003339,order_003071,cust_00042,58.49,usd,card,mastercard,8484,succeeded,,2026-05-19T01:44:38,2026-05-19T01:44:38
pay_003340,order_003072,cust_00091,120.0,usd,paypal,,,succeeded,,2026-05-19T16:48:22,2026-05-19T16:48:22
pay_003341,order_003073,cust_00099,24.99,usd,card,mastercard,8023,succeeded,,2026-05-19T03:34:31,2026-05-19T03:34:31
pay_003342,order_003074,cust_00281,24.99,usd,card,visa,2092,succeeded,,2026-05-19T22:49:56,2026-05-19T22:49:56
pay_003343,order_003075,cust_00525,64.99,usd,paypal,,,succeeded,,2026-05-19T17:17:05,2026-05-19T17:17:05
pay_003344,order_003076,cust_00536,9.99,usd,card,visa,1747,succeeded,,2026-05-19T07:02:32,2026-05-19T07:02:32
pay_003345,order_003077,cust_00571,64.99,usd,card,visa,4093,succeeded,,2026-05-19T09:25:18,2026-05-19T09:25:18
pay_003346,order_003078,cust_00800,64.99,usd,card,mastercard,3157,succeeded,,2026-05-19T12:28:31,2026-05-19T12:28:31
pay_003347,order_003079,,49.99,usd,card,amex,4830,succeeded,,2026-05-19T17:50:05,2026-05-19T17:50:05
pay_003348,order_003080,cust_00114,149.0,usd,card,mastercard,6406,succeeded,,2026-05-20T12:10:07,2026-05-20T12:10:07
pay_003349,order_003081,cust_00218,49.99,usd,card,amex,5636,succeeded,,2026-05-20T06:05:23,2026-05-20T06:05:23
pay_003350,order_003082,cust_00276,9.99,usd,card,mastercard,7229,succeeded,,2026-05-20T07:54:11,2026-05-20T07:54:11
pay_003351,order_003083,cust_00341,149.0,usd,card,visa,1450,failed,insufficient_funds,2026-05-20T10:08:09,2026-05-20T10:08:09
pay_003352,order_003083,cust_00341,149.0,usd,card,visa,7492,succeeded,,2026-05-20T10:20:09,2026-05-20T10:20:09
pay_003353,order_003084,cust_00369,17.99,usd,paypal,,,succeeded,,2026-05-20T02:45:37,2026-05-20T02:45:37
pay_003354,order_003085,cust_00444,9.99,usd,card,visa,4103,succeeded,,2026-05-20T18:06:05,2026-05-20T18:06:05
pay_003355,order_003086,cust_00669,63.2,usd,card,amex,7496,succeeded,,2026-05-20T14:52:15,2026-05-20T14:52:15
pay_003356,order_003087,,34.99,usd,card,visa,7195,succeeded,,2026-05-20T16:05:13,2026-05-20T16:05:13
pay_003357,order_003088,,24.99,usd,card,visa,6184,succeeded,,2026-05-20T02:15:17,2026-05-20T02:15:17
pay_003358,order_003089,,24.99,usd,card,visa,9852,succeeded,,2026-05-20T02:23:09,2026-05-20T02:23:09
pay_003359,order_003090,cust_00115,9.99,usd,card,visa,1114,succeeded,,2026-05-21T04:33:55,2026-05-21T04:33:55
pay_003360,order_003091,cust_00167,49.99,usd,card,visa,8539,succeeded,,2026-05-21T19:24:37,2026-05-21T19:24:37
pay_003361,order_003092,cust_00631,79.0,usd,card,visa,4140,succeeded,,2026-05-21T07:31:15,2026-05-21T07:31:15
pay_003362,order_003093,cust_00665,31.49,usd,card,mastercard,3308,succeeded,,2026-05-21T09:37:48,2026-05-21T09:37:48
pay_003363,order_003094,,24.99,usd,card,mastercard,3227,succeeded,,2026-05-21T08:35:30,2026-05-21T08:35:30
pay_003364,order_003095,cust_00148,34.99,usd,apple_pay,,,succeeded,,2026-05-22T05:21:21,2026-05-22T05:21:21
pay_003365,order_003096,cust_00205,9.99,usd,apple_pay,,,succeeded,,2026-05-22T22:34:52,2026-05-22T22:34:52
pay_003366,order_003097,cust_00232,49.99,usd,card,mastercard,4246,succeeded,,2026-05-22T09:08:37,2026-05-22T09:08:37
pay_003367,order_003098,cust_00421,64.99,usd,card,discover,1439,succeeded,,2026-05-22T00:31:47,2026-05-22T00:31:47
pay_003368,order_003099,cust_00505,79.0,usd,card,amex,6078,succeeded,,2026-05-22T08:17:52,2026-05-22T08:17:52
pay_003369,order_003100,cust_00787,9.99,usd,card,amex,6339,succeeded,,2026-05-22T15:28:58,2026-05-22T15:28:58
pay_003370,order_003101,cust_00084,34.99,usd,card,amex,4398,succeeded,,2026-05-23T10:08:39,2026-05-23T10:08:39
pay_003371,order_003102,cust_00492,120.0,usd,card,visa,4315,succeeded,,2026-05-23T16:29:32,2026-05-23T16:29:32
pay_003372,order_003103,cust_00801,64.99,usd,paypal,,,succeeded,,2026-05-23T05:56:45,2026-05-23T05:56:45
pay_003373,order_003104,,89.99,usd,card,mastercard,5331,succeeded,,2026-05-23T13:40:30,2026-05-23T13:40:30
pay_003374,order_003105,cust_00206,7.99,usd,card,mastercard,8667,succeeded,,2026-05-24T13:59:28,2026-05-24T13:59:28
pay_003375,order_003106,cust_00343,44.99,usd,apple_pay,,,succeeded,,2026-05-24T09:19:11,2026-05-24T09:19:11
pay_003376,order_003107,cust_00408,79.0,usd,card,mastercard,1749,succeeded,,2026-05-24T13:47:51,2026-05-24T13:47:51
pay_003377,order_003108,cust_00834,96.0,usd,card,mastercard,7596,succeeded,,2026-05-24T15:26:41,2026-05-24T15:26:41
pay_003378,order_003109,cust_00074,39.99,usd,card,mastercard,6367,failed,card_declined,2026-05-25T06:30:39,2026-05-25T06:30:39
pay_003379,order_003109,cust_00074,39.99,usd,card,discover,8849,succeeded,,2026-05-25T06:38:39,2026-05-25T06:38:39
pay_003380,order_003110,cust_00479,89.99,usd,card,amex,5473,failed,card_declined,2026-05-25T18:33:14,2026-05-25T18:33:14
pay_003381,order_003110,cust_00479,89.99,usd,card,mastercard,6024,failed,card_declined,2026-05-25T18:39:14,2026-05-25T18:39:14
pay_003382,order_003110,cust_00479,89.99,usd,card,amex,5344,succeeded,,2026-05-25T18:45:14,2026-05-25T18:45:14
pay_003383,order_003111,cust_00499,9.99,usd,card,amex,3396,succeeded,,2026-05-25T16:13:08,2026-05-25T16:13:08
pay_003384,order_003112,cust_00649,71.99,usd,card,visa,1080,succeeded,,2026-05-25T09:22:56,2026-05-25T09:22:56
pay_003385,order_003113,cust_00734,19.99,usd,card,visa,9463,succeeded,,2026-05-25T16:32:59,2026-05-25T16:32:59
pay_003386,order_003114,cust_00787,9.99,usd,card,discover,1105,succeeded,,2026-05-25T17:43:23,2026-05-25T17:43:23
pay_003387,order_003115,cust_00841,99.0,usd,apple_pay,,,succeeded,,2026-05-25T06:32:34,2026-05-25T06:32:34
pay_003388,order_003116,,31.49,usd,card,visa,4876,succeeded,,2026-05-25T23:26:35,2026-05-25T23:26:35
pay_003389,order_003117,,120.0,usd,card,visa,5064,succeeded,,2026-05-25T16:23:10,2026-05-25T16:23:10
pay_003390,order_003118,cust_00204,9.99,usd,card,mastercard,1167,succeeded,,2026-05-26T20:44:32,2026-05-26T20:44:32
pay_003391,order_003119,cust_00004,149.0,usd,card,visa,3375,succeeded,,2026-05-27T03:28:43,2026-05-27T03:28:43
pay_003392,order_003120,cust_00102,99.0,usd,card,discover,6212,succeeded,,2026-05-27T22:16:36,2026-05-27T22:16:36
pay_003393,order_003121,cust_00114,9.99,usd,card,visa,1890,succeeded,,2026-05-27T18:32:07,2026-05-27T18:32:07
pay_003394,order_003122,cust_00131,24.99,usd,card,amex,6042,succeeded,,2026-05-27T17:08:48,2026-05-27T17:08:48
pay_003395,order_003123,cust_00212,49.99,usd,card,visa,8376,succeeded,,2026-05-27T12:25:09,2026-05-27T12:25:09
pay_003396,order_003124,cust_00225,34.99,usd,card,visa,7545,succeeded,,2026-05-27T21:43:13,2026-05-27T21:43:13
pay_003397,order_003125,cust_00417,9.99,usd,card,visa,8287,succeeded,,2026-05-27T01:56:09,2026-05-27T01:56:09
pay_003398,order_003126,cust_00524,9.99,usd,card,amex,4456,succeeded,,2026-05-27T12:42:06,2026-05-27T12:42:06
pay_003399,order_003127,cust_00624,34.99,usd,card,visa,7422,succeeded,,2026-05-27T07:56:05,2026-05-27T07:56:05
pay_003400,order_003128,cust_00667,8.99,usd,card,mastercard,9749,succeeded,,2026-05-27T12:08:51,2026-05-27T12:08:51
pay_003401,order_003129,cust_00767,9.99,usd,apple_pay,,,succeeded,,2026-05-27T14:03:38,2026-05-27T14:03:38
pay_003402,order_003130,cust_00457,99.0,usd,card,visa,9374,succeeded,,2026-05-28T12:50:47,2026-05-28T12:50:47
pay_003403,order_003131,cust_00727,7.99,usd,card,mastercard,6820,succeeded,,2026-05-28T01:06:22,2026-05-28T01:06:22
pay_003404,order_003132,,89.99,usd,card,visa,9078,succeeded,,2026-05-28T16:35:43,2026-05-28T16:35:43
pay_003405,order_003133,cust_00407,49.99,usd,card,visa,9535,succeeded,,2026-05-29T09:43:51,2026-05-29T09:43:51
pay_003406,order_003134,cust_00438,49.99,usd,card,visa,2057,succeeded,,2026-05-29T13:08:57,2026-05-29T13:08:57
pay_003407,order_003135,cust_00576,9.99,usd,card,visa,9994,succeeded,,2026-05-29T23:20:27,2026-05-29T23:20:27
pay_003408,order_003136,cust_00658,9.99,usd,card,mastercard,9494,succeeded,,2026-05-29T13:43:48,2026-05-29T13:43:48
pay_003409,order_003137,cust_00667,9.99,usd,card,visa,8157,succeeded,,2026-05-29T10:54:12,2026-05-29T10:54:12
pay_003410,order_003138,cust_00443,149.0,usd,card,amex,3047,succeeded,,2026-05-30T19:24:16,2026-05-30T19:24:16
pay_003411,order_003139,cust_00478,34.99,usd,card,visa,6221,succeeded,,2026-05-30T10:53:34,2026-05-30T10:53:34
pay_003412,order_003140,cust_00554,24.99,usd,card,amex,1439,succeeded,,2026-05-30T12:39:53,2026-05-30T12:39:53
pay_003413,order_003141,cust_00656,22.49,usd,card,visa,3961,succeeded,,2026-05-30T13:54:40,2026-05-30T13:54:40
pay_003414,order_003142,cust_00665,49.99,usd,card,visa,0176,succeeded,,2026-05-30T17:18:41,2026-05-30T17:18:41
pay_003415,order_003143,cust_00734,19.99,usd,card,visa,5604,failed,card_declined,2026-05-30T15:19:54,2026-05-30T15:19:54
pay_003416,order_003143,cust_00734,19.99,usd,card,visa,1731,succeeded,,2026-05-30T15:37:54,2026-05-30T15:37:54
pay_003417,order_003144,cust_00806,149.0,usd,card,visa,9082,succeeded,,2026-05-30T03:55:51,2026-05-30T03:55:51
pay_003418,order_003145,cust_00807,34.99,usd,card,visa,3165,succeeded,,2026-05-30T11:34:57,2026-05-30T11:34:57
pay_003419,order_003146,,31.49,usd,card,visa,7514,succeeded,,2026-05-30T07:26:45,2026-05-30T07:26:45
pay_003420,order_003147,,49.99,usd,card,visa,1168,succeeded,,2026-05-30T19:23:33,2026-05-30T19:23:33
pay_003421,order_003148,cust_00388,49.99,usd,card,mastercard,6590,succeeded,,2026-05-31T19:31:16,2026-05-31T19:31:16
pay_003422,order_003149,cust_00443,129.0,usd,card,mastercard,0737,succeeded,,2026-05-31T13:30:00,2026-05-31T13:30:00
pay_003423,order_003150,cust_00504,24.99,usd,card,visa,5841,succeeded,,2026-05-31T14:37:36,2026-05-31T14:37:36
pay_003424,order_003151,cust_00675,9.99,usd,apple_pay,,,succeeded,,2026-05-31T15:25:44,2026-05-31T15:25:44
pay_003425,order_003152,cust_00711,89.99,usd,card,amex,8529,succeeded,,2026-05-31T21:28:09,2026-05-31T21:28:09
pay_003426,order_003153,cust_00753,64.99,usd,paypal,,,succeeded,,2026-05-31T02:03:13,2026-05-31T02:03:13
pay_003427,order_003154,cust_00814,24.99,usd,card,visa,6948,succeeded,,2026-05-31T02:48:29,2026-05-31T02:48:29
pay_003428,order_003155,cust_00827,49.99,usd,card,mastercard,5808,succeeded,,2026-05-31T18:02:41,2026-05-31T18:02:41
pay_003429,order_003156,,64.99,usd,paypal,,,succeeded,,2026-05-31T01:26:09,2026-05-31T01:26:09
pay_003430,order_003157,,24.99,usd,card,visa,1164,succeeded,,2026-05-31T16:36:48,2026-05-31T16:36:48
pay_003431,order_003158,,89.99,usd,card,visa,3979,succeeded,,2026-05-31T02:53:11,2026-05-31T02:53:11
pay_003432,order_003159,cust_00004,99.0,usd,card,mastercard,3626,succeeded,,2026-06-01T22:57:35,2026-06-01T22:57:35
pay_003433,order_003160,cust_00020,9.99,usd,card,visa,9034,succeeded,,2026-06-01T07:15:32,2026-06-01T07:15:32
pay_003434,order_003161,cust_00478,79.0,usd,paypal,,,failed,card_declined,2026-06-01T05:47:55,2026-06-01T05:47:55
pay_003435,order_003161,cust_00478,79.0,usd,apple_pay,,,succeeded,,2026-06-01T06:07:55,2026-06-01T06:07:55
pay_003436,order_003162,,49.99,usd,card,visa,1584,succeeded,,2026-06-01T14:03:34,2026-06-01T14:03:34
pay_003437,order_003163,cust_00096,149.0,usd,card,mastercard,2960,succeeded,,2026-06-02T22:08:33,2026-06-02T22:08:33
pay_003438,order_003164,cust_00120,9.99,usd,card,visa,6584,succeeded,,2026-06-02T16:23:50,2026-06-02T16:23:50
pay_003439,order_003165,cust_00150,64.99,usd,card,visa,5731,succeeded,,2026-06-02T13:12:08,2026-06-02T13:12:08
pay_003440,order_003166,cust_00169,34.99,usd,card,visa,2480,succeeded,,2026-06-02T09:32:40,2026-06-02T09:32:40
pay_003441,order_003167,cust_00332,149.0,usd,card,visa,4964,succeeded,,2026-06-02T08:12:40,2026-06-02T08:12:40
pay_003442,order_003168,cust_00418,89.99,usd,card,visa,7547,succeeded,,2026-06-02T11:25:30,2026-06-02T11:25:30
pay_003443,order_003169,cust_00429,34.99,usd,card,visa,2915,succeeded,,2026-06-02T12:57:53,2026-06-02T12:57:53
pay_003444,order_003170,cust_00549,39.99,usd,card,visa,0860,succeeded,,2026-06-02T21:46:03,2026-06-02T21:46:03
pay_003445,order_003171,cust_00743,64.99,usd,card,mastercard,2161,succeeded,,2026-06-02T13:32:34,2026-06-02T13:32:34
pay_003446,order_003172,,120.0,usd,card,mastercard,4862,succeeded,,2026-06-02T06:57:56,2026-06-02T06:57:56
pay_003447,order_003173,cust_00007,149.0,usd,card,mastercard,1406,failed,expired_card,2026-06-03T11:59:04,2026-06-03T11:59:04
pay_003448,order_003173,cust_00007,149.0,usd,card,mastercard,2602,succeeded,,2026-06-03T12:05:04,2026-06-03T12:05:04
pay_003449,order_003174,cust_00268,24.99,usd,card,visa,8504,succeeded,,2026-06-03T02:05:54,2026-06-03T02:05:54
pay_003450,order_003175,cust_00302,9.99,usd,card,amex,3808,succeeded,,2026-06-03T15:59:27,2026-06-03T15:59:27
pay_003451,order_003176,cust_00588,24.99,usd,card,visa,6540,succeeded,,2026-06-03T01:31:51,2026-06-03T01:31:51
pay_003452,order_003177,cust_00648,24.99,usd,card,visa,6746,succeeded,,2026-06-03T15:05:55,2026-06-03T15:05:55
pay_003453,order_003178,cust_00824,24.99,usd,card,visa,0474,failed,insufficient_funds,2026-06-03T05:26:18,2026-06-03T05:26:18
pay_003454,order_003178,cust_00824,24.99,usd,card,mastercard,7512,failed,card_declined,2026-06-03T05:26:18,2026-06-03T05:26:18
pay_003455,order_003178,cust_00824,24.99,usd,card,visa,0312,succeeded,,2026-06-03T05:37:18,2026-06-03T05:37:18
pay_003456,order_003179,cust_00109,24.99,usd,card,visa,4726,succeeded,,2026-06-04T00:17:54,2026-06-04T00:17:54
pay_003457,order_003180,cust_00177,89.99,usd,card,visa,1043,succeeded,,2026-06-04T19:57:31,2026-06-04T19:57:31
pay_003458,order_003181,cust_00186,79.0,usd,card,mastercard,7571,succeeded,,2026-06-04T21:52:25,2026-06-04T21:52:25
pay_003459,order_003182,cust_00199,129.0,usd,card,visa,8427,succeeded,,2026-06-04T06:07:35,2026-06-04T06:07:35
pay_003460,order_003183,cust_00261,79.0,usd,card,visa,6970,succeeded,,2026-06-04T06:07:44,2026-06-04T06:07:44
pay_003461,order_003184,cust_00482,34.99,usd,card,visa,6935,succeeded,,2026-06-04T05:31:33,2026-06-04T05:31:33
pay_003462,order_003185,cust_00505,22.49,usd,card,visa,6864,succeeded,,2026-06-04T18:56:25,2026-06-04T18:56:25
pay_003463,order_003186,cust_00536,129.0,usd,card,discover,1318,succeeded,,2026-06-04T20:03:53,2026-06-04T20:03:53
pay_003464,order_003187,cust_00616,24.99,usd,card,visa,2601,succeeded,,2026-06-04T01:35:06,2026-06-04T01:35:06
pay_003465,order_003188,cust_00720,49.99,usd,card,mastercard,0534,succeeded,,2026-06-04T02:46:08,2026-06-04T02:46:08
pay_003466,order_003189,,24.99,usd,apple_pay,,,succeeded,,2026-06-04T02:08:41,2026-06-04T02:08:41
pay_003467,order_003190,cust_00115,9.99,usd,card,mastercard,2665,succeeded,,2026-06-05T23:32:00,2026-06-05T23:32:00
pay_003468,order_003191,cust_00249,34.99,usd,card,visa,9361,succeeded,,2026-06-05T07:30:39,2026-06-05T07:30:39
pay_003469,order_003192,cust_00325,129.0,usd,card,visa,2599,succeeded,,2026-06-05T18:14:13,2026-06-05T18:14:13
pay_003470,order_003193,cust_00422,99.0,usd,card,visa,0982,succeeded,,2026-06-05T04:27:22,2026-06-05T04:27:22
pay_003471,order_003194,cust_00560,64.99,usd,card,mastercard,9204,succeeded,,2026-06-05T23:05:48,2026-06-05T23:05:48
pay_003472,order_003195,,49.99,usd,card,mastercard,8253,succeeded,,2026-06-05T08:25:19,2026-06-05T08:25:19
pay_003473,order_003196,cust_00070,9.99,usd,card,visa,4486,succeeded,,2026-06-06T00:36:40,2026-06-06T00:36:40
pay_003474,order_003197,cust_00159,79.0,usd,card,mastercard,9857,succeeded,,2026-06-06T07:48:53,2026-06-06T07:48:53
pay_003475,order_003198,cust_00207,9.99,usd,card,mastercard,0823,succeeded,,2026-06-06T01:54:12,2026-06-06T01:54:12
pay_003476,order_003199,cust_00247,34.99,usd,card,discover,8595,succeeded,,2026-06-06T19:00:11,2026-06-06T19:00:11
pay_003477,order_003200,cust_00446,34.99,usd,card,visa,7408,succeeded,,2026-06-06T08:59:00,2026-06-06T08:59:00
pay_003478,order_003201,cust_00632,19.99,usd,card,visa,6159,failed,card_declined,2026-06-06T12:54:13,2026-06-06T12:54:13
pay_003479,order_003201,cust_00632,19.99,usd,card,amex,7161,succeeded,,2026-06-06T12:58:13,2026-06-06T12:58:13
pay_003480,order_003202,cust_00636,71.99,usd,card,visa,4204,succeeded,,2026-06-06T08:49:23,2026-06-06T08:49:23
pay_003481,order_003203,cust_00649,19.99,usd,card,mastercard,2874,succeeded,,2026-06-06T17:17:38,2026-06-06T17:17:38
pay_003482,order_003204,cust_00660,24.99,usd,card,amex,3619,succeeded,,2026-06-06T10:00:33,2026-06-06T10:00:33
pay_003483,order_003205,cust_00755,79.0,usd,card,mastercard,5304,succeeded,,2026-06-06T20:57:42,2026-06-06T20:57:42
pay_003484,order_003206,cust_00859,9.99,usd,card,visa,0046,succeeded,,2026-06-06T14:04:40,2026-06-06T14:04:40
pay_003485,order_003207,cust_00204,49.99,usd,card,visa,0103,succeeded,,2026-06-07T22:27:35,2026-06-07T22:27:35
pay_003486,order_003208,cust_00333,9.99,usd,card,visa,6000,succeeded,,2026-06-07T17:40:07,2026-06-07T17:40:07
pay_003487,order_003209,cust_00563,89.99,usd,card,visa,5271,succeeded,,2026-06-07T20:31:30,2026-06-07T20:31:30
pay_003488,order_003210,,24.99,usd,card,mastercard,7114,succeeded,,2026-06-07T00:24:55,2026-06-07T00:24:55
pay_003489,order_003211,,34.99,usd,card,mastercard,0269,succeeded,,2026-06-07T05:59:05,2026-06-07T05:59:05
pay_003490,order_003212,cust_00113,49.99,usd,card,amex,8607,succeeded,,2026-06-08T07:35:36,2026-06-08T07:35:36
pay_003491,order_003213,cust_00131,120.0,usd,card,visa,5542,succeeded,,2026-06-08T14:17:01,2026-06-08T14:17:01
pay_003492,order_003214,cust_00293,34.99,usd,card,mastercard,5981,succeeded,,2026-06-08T17:15:40,2026-06-08T17:15:40
pay_003493,order_003215,cust_00513,24.99,usd,card,visa,0133,succeeded,,2026-06-08T16:09:10,2026-06-08T16:09:10
pay_003494,order_003216,,44.99,usd,card,visa,5564,succeeded,,2026-06-08T03:22:44,2026-06-08T03:22:44
pay_003495,order_003217,cust_00136,49.99,usd,card,mastercard,1579,succeeded,,2026-06-09T17:34:11,2026-06-09T17:34:11
pay_003496,order_003218,cust_00247,79.0,usd,card,visa,3091,succeeded,,2026-06-09T08:19:57,2026-06-09T08:19:57
pay_003497,order_003219,cust_00291,79.0,usd,card,amex,6434,succeeded,,2026-06-09T01:02:23,2026-06-09T01:02:23
pay_003498,order_003220,cust_00302,9.99,usd,card,visa,4458,succeeded,,2026-06-09T19:51:55,2026-06-09T19:51:55
pay_003499,order_003221,cust_00858,89.99,usd,card,amex,5125,succeeded,,2026-06-09T11:47:48,2026-06-09T11:47:48
pay_003500,order_003222,cust_00859,49.99,usd,card,visa,4223,succeeded,,2026-06-09T03:44:31,2026-06-09T03:44:31
pay_003501,order_003223,,64.99,usd,card,visa,3911,succeeded,,2026-06-09T06:37:22,2026-06-09T06:37:22
pay_003502,order_003224,,24.99,usd,paypal,,,succeeded,,2026-06-09T11:09:35,2026-06-09T11:09:35
pay_003503,order_003225,cust_00005,120.0,usd,card,visa,7718,succeeded,,2026-06-10T05:19:31,2026-06-10T05:19:31
pay_003504,order_003226,cust_00206,24.99,usd,card,amex,3383,succeeded,,2026-06-10T19:03:19,2026-06-10T19:03:19
pay_003505,order_003227,cust_00353,9.99,usd,card,visa,4666,succeeded,,2026-06-10T22:30:56,2026-06-10T22:30:56
pay_003506,order_003228,cust_00371,49.99,usd,card,amex,5406,succeeded,,2026-06-10T04:30:24,2026-06-10T04:30:24
pay_003507,order_003229,cust_00387,24.99,usd,card,mastercard,7198,succeeded,,2026-06-10T09:49:27,2026-06-10T09:49:27
pay_003508,order_003230,cust_00530,64.99,usd,card,mastercard,6914,succeeded,,2026-06-10T01:00:21,2026-06-10T01:00:21
pay_003509,order_003231,cust_00559,64.79,usd,card,mastercard,5724,succeeded,,2026-06-10T08:37:14,2026-06-10T08:37:14
pay_003510,order_003232,,24.99,usd,card,visa,7758,succeeded,,2026-06-10T06:28:40,2026-06-10T06:28:40
pay_003511,order_003233,cust_00206,8.99,usd,card,visa,6453,succeeded,,2026-06-11T07:42:59,2026-06-11T07:42:59
pay_003512,order_003234,cust_00442,49.99,usd,card,amex,9521,succeeded,,2026-06-11T06:56:28,2026-06-11T06:56:28
pay_003513,order_003235,cust_00443,149.0,usd,card,mastercard,2087,succeeded,,2026-06-11T22:30:56,2026-06-11T22:30:56
pay_003514,order_003236,cust_00483,64.99,usd,paypal,,,succeeded,,2026-06-11T06:16:38,2026-06-11T06:16:38
pay_003515,order_003237,cust_00675,49.99,usd,card,discover,2497,failed,expired_card,2026-06-11T11:32:41,2026-06-11T11:32:41
pay_003516,order_003237,cust_00675,49.99,usd,card,mastercard,6712,succeeded,,2026-06-11T11:37:41,2026-06-11T11:37:41
pay_003517,order_003238,cust_00707,99.0,usd,card,visa,0289,succeeded,,2026-06-11T02:31:51,2026-06-11T02:31:51
pay_003518,order_003239,cust_00835,89.99,usd,paypal,,,succeeded,,2026-06-11T08:01:53,2026-06-11T08:01:53
pay_003519,order_003240,cust_00857,24.99,usd,card,amex,5240,succeeded,,2026-06-11T12:57:25,2026-06-11T12:57:25
pay_003520,order_003241,,49.99,usd,card,visa,1137,succeeded,,2026-06-11T18:19:53,2026-06-11T18:19:53
pay_003521,order_003242,,49.99,usd,card,mastercard,4710,succeeded,,2026-06-11T18:43:06,2026-06-11T18:43:06
pay_003522,order_003243,cust_00209,129.0,usd,card,mastercard,2078,succeeded,,2026-06-12T23:08:38,2026-06-12T23:08:38
pay_003523,order_003244,cust_00307,9.99,usd,card,mastercard,2664,succeeded,,2026-06-12T12:39:20,2026-06-12T12:39:20
pay_003524,order_003245,cust_00580,34.99,usd,card,discover,3163,succeeded,,2026-06-12T03:50:57,2026-06-12T03:50:57
pay_003525,order_003246,cust_00815,24.99,usd,card,mastercard,3326,succeeded,,2026-06-12T15:59:15,2026-06-12T15:59:15
pay_003526,order_003247,cust_00833,9.99,usd,card,discover,9464,succeeded,,2026-06-12T10:38:14,2026-06-12T10:38:14
pay_003527,order_003248,,34.99,usd,apple_pay,,,succeeded,,2026-06-12T07:59:19,2026-06-12T07:59:19
pay_003528,order_003249,cust_00025,34.99,usd,card,amex,6053,succeeded,,2026-06-13T15:26:33,2026-06-13T15:26:33
pay_003529,order_003250,cust_00086,129.0,usd,card,amex,6278,succeeded,,2026-06-13T14:06:11,2026-06-13T14:06:11
pay_003530,order_003251,cust_00173,9.99,usd,card,mastercard,7137,succeeded,,2026-06-13T01:11:39,2026-06-13T01:11:39
pay_003531,order_003252,cust_00339,99.0,usd,apple_pay,,,failed,card_declined,2026-06-13T19:26:38,2026-06-13T19:26:38
pay_003532,order_003252,cust_00339,99.0,usd,card,discover,5602,succeeded,,2026-06-13T19:43:38,2026-06-13T19:43:38
pay_003533,order_003253,cust_00339,64.99,usd,card,mastercard,7499,succeeded,,2026-06-13T14:06:22,2026-06-13T14:06:22
pay_003534,order_003254,cust_00391,24.99,usd,card,discover,3195,succeeded,,2026-06-13T08:57:45,2026-06-13T08:57:45
pay_003535,order_003255,cust_00424,120.0,usd,card,visa,2743,succeeded,,2026-06-13T05:07:51,2026-06-13T05:07:51
pay_003536,order_003256,cust_00603,51.99,usd,card,visa,4356,succeeded,,2026-06-13T21:31:03,2026-06-13T21:31:03
pay_003537,order_003257,,34.99,usd,card,mastercard,2316,succeeded,,2026-06-13T23:59:49,2026-06-13T23:59:49
pay_003538,order_003258,,34.99,usd,card,visa,6756,succeeded,,2026-06-13T06:40:48,2026-06-13T06:40:48
pay_003539,order_003259,cust_00140,34.99,usd,card,visa,4917,succeeded,,2026-06-14T20:51:36,2026-06-14T20:51:36
pay_003540,order_003260,cust_00183,9.99,usd,card,mastercard,4969,succeeded,,2026-06-14T14:05:11,2026-06-14T14:05:11
pay_003541,order_003261,cust_00199,58.49,usd,card,mastercard,3523,succeeded,,2026-06-14T03:02:22,2026-06-14T03:02:22
pay_003542,order_003262,cust_00302,24.99,usd,card,mastercard,7128,succeeded,,2026-06-14T01:58:08,2026-06-14T01:58:08
pay_003543,order_003263,cust_00398,49.99,usd,card,visa,1543,succeeded,,2026-06-14T07:26:13,2026-06-14T07:26:13
pay_003544,order_003264,cust_00417,9.99,usd,card,mastercard,3083,succeeded,,2026-06-14T03:48:06,2026-06-14T03:48:06
pay_003545,order_003265,cust_00451,9.99,usd,card,mastercard,3109,succeeded,,2026-06-14T06:45:11,2026-06-14T06:45:11
pay_003546,order_003266,cust_00678,34.99,usd,card,visa,7442,succeeded,,2026-06-14T03:32:23,2026-06-14T03:32:23
pay_003547,order_003267,cust_00106,99.0,usd,card,amex,7697,succeeded,,2026-06-15T16:07:49,2026-06-15T16:07:49
pay_003548,order_003268,cust_00113,120.0,usd,card,mastercard,6282,succeeded,,2026-06-15T15:37:10,2026-06-15T15:37:10
pay_003549,order_003269,cust_00212,49.99,usd,card,amex,6516,succeeded,,2026-06-15T20:33:15,2026-06-15T20:33:15
pay_003550,order_003270,cust_00347,34.99,usd,apple_pay,,,succeeded,,2026-06-15T19:53:42,2026-06-15T19:53:42
pay_003551,order_003271,cust_00617,22.49,usd,apple_pay,,,succeeded,,2026-06-15T06:47:10,2026-06-15T06:47:10
pay_003552,order_003272,cust_00833,34.99,usd,card,visa,4126,succeeded,,2026-06-15T17:00:58,2026-06-15T17:00:58
pay_003553,order_003273,,34.99,usd,card,discover,5382,succeeded,,2026-06-15T18:48:34,2026-06-15T18:48:34
pay_003554,order_003274,,89.99,usd,card,amex,0012,succeeded,,2026-06-15T00:39:09,2026-06-15T00:39:09
pay_003555,order_003275,,24.99,usd,paypal,,,succeeded,,2026-06-15T04:44:20,2026-06-15T04:44:20
pay_003556,order_003276,cust_00056,99.0,usd,card,visa,4714,succeeded,,2026-06-16T09:12:32,2026-06-16T09:12:32
pay_003557,order_003277,cust_00159,79.0,usd,card,visa,4219,succeeded,,2026-06-16T17:34:07,2026-06-16T17:34:07
pay_003558,order_003278,cust_00183,79.0,usd,card,visa,2917,succeeded,,2026-06-16T09:01:30,2026-06-16T09:01:30
pay_003559,order_003279,cust_00216,79.0,usd,card,visa,4264,succeeded,,2026-06-16T11:11:53,2026-06-16T11:11:53
pay_003560,order_003280,cust_00246,9.99,usd,card,amex,1836,succeeded,,2026-06-16T17:59:10,2026-06-16T17:59:10
pay_003561,order_003281,cust_00544,24.99,usd,card,mastercard,2730,succeeded,,2026-06-16T19:22:57,2026-06-16T19:22:57
pay_003562,order_003282,,24.99,usd,card,mastercard,3820,succeeded,,2026-06-16T02:46:47,2026-06-16T02:46:47
pay_003563,order_003283,cust_00161,9.99,usd,card,visa,2650,succeeded,,2026-06-17T07:48:45,2026-06-17T07:48:45
pay_003564,order_003284,cust_00227,9.99,usd,card,mastercard,4407,succeeded,,2026-06-17T20:51:42,2026-06-17T20:51:42
pay_003565,order_003285,cust_00287,34.99,usd,card,visa,9144,succeeded,,2026-06-17T13:44:59,2026-06-17T13:44:59
pay_003566,order_003286,cust_00509,79.0,usd,card,mastercard,6377,succeeded,,2026-06-17T04:55:31,2026-06-17T04:55:31
pay_003567,order_003287,cust_00589,89.99,usd,card,visa,7065,succeeded,,2026-06-17T12:28:45,2026-06-17T12:28:45
pay_003568,order_003288,cust_00603,19.99,usd,card,amex,6188,succeeded,,2026-06-17T15:36:21,2026-06-17T15:36:21
pay_003569,order_003289,,24.99,usd,card,visa,0781,succeeded,,2026-06-17T12:54:22,2026-06-17T12:54:22
pay_003570,order_003290,,76.49,usd,card,amex,1143,succeeded,,2026-06-17T12:32:30,2026-06-17T12:32:30
pay_003571,order_003291,,64.99,usd,card,visa,6431,succeeded,,2026-06-17T21:36:25,2026-06-17T21:36:25
pay_003572,order_003292,,120.0,usd,card,mastercard,9495,succeeded,,2026-06-17T16:41:36,2026-06-17T16:41:36
pay_003573,order_003293,cust_00047,9.99,usd,card,mastercard,5252,succeeded,,2026-06-18T10:10:12,2026-06-18T10:10:12
pay_003574,order_003294,cust_00244,9.99,usd,card,amex,0469,succeeded,,2026-06-18T21:52:00,2026-06-18T21:52:00
pay_003575,order_003295,cust_00248,79.0,usd,card,mastercard,4057,succeeded,,2026-06-18T17:27:25,2026-06-18T17:27:25
pay_003576,order_003296,cust_00252,34.99,usd,card,mastercard,5005,succeeded,,2026-06-18T09:27:30,2026-06-18T09:27:30
pay_003577,order_003297,cust_00302,99.0,usd,card,visa,5787,succeeded,,2026-06-18T10:34:15,2026-06-18T10:34:15
pay_003578,order_003298,cust_00324,24.99,usd,card,visa,3147,succeeded,,2026-06-18T16:37:59,2026-06-18T16:37:59
pay_003579,order_003299,cust_00340,9.99,usd,card,visa,3920,succeeded,,2026-06-18T14:55:23,2026-06-18T14:55:23
pay_003580,order_003300,cust_00478,9.99,usd,card,visa,5960,succeeded,,2026-06-18T02:21:59,2026-06-18T02:21:59
pay_003581,order_003301,cust_00478,9.99,usd,card,visa,7923,succeeded,,2026-06-18T01:29:57,2026-06-18T01:29:57
pay_003582,order_003302,,49.99,usd,card,visa,8021,succeeded,,2026-06-18T21:35:18,2026-06-18T21:35:18
pay_003583,order_003303,,24.99,usd,card,amex,9390,failed,card_declined,2026-06-18T15:28:10,2026-06-18T15:28:10
pay_003584,order_003303,,24.99,usd,card,visa,9762,succeeded,,2026-06-18T15:45:10,2026-06-18T15:45:10
pay_003585,order_003304,,24.99,usd,card,visa,4051,succeeded,,2026-06-18T08:45:44,2026-06-18T08:45:44
pay_003586,order_003305,cust_00211,51.99,usd,card,mastercard,0974,succeeded,,2026-06-19T05:22:17,2026-06-19T05:22:17
pay_003587,order_003306,cust_00271,79.0,usd,card,discover,8715,succeeded,,2026-06-19T12:11:44,2026-06-19T12:11:44
pay_003588,order_003307,cust_00271,9.99,usd,card,mastercard,8744,failed,card_declined,2026-06-19T09:20:58,2026-06-19T09:20:58
pay_003589,order_003307,cust_00271,9.99,usd,card,amex,5675,succeeded,,2026-06-19T09:22:58,2026-06-19T09:22:58
pay_003590,order_003308,cust_00375,99.0,usd,card,visa,1311,succeeded,,2026-06-19T20:20:49,2026-06-19T20:20:49
pay_003591,order_003309,cust_00670,67.15,usd,card,mastercard,0222,succeeded,,2026-06-19T01:13:09,2026-06-19T01:13:09
pay_003592,order_003310,,49.99,usd,card,amex,4075,succeeded,,2026-06-19T16:01:32,2026-06-19T16:01:32
pay_003593,order_003311,cust_00038,39.99,usd,card,mastercard,3530,succeeded,,2026-06-20T15:47:44,2026-06-20T15:47:44
pay_003594,order_003312,cust_00422,64.99,usd,card,visa,3468,succeeded,,2026-06-20T02:37:04,2026-06-20T02:37:04
pay_003595,order_003313,cust_00640,79.0,usd,card,visa,4228,succeeded,,2026-06-20T05:00:51,2026-06-20T05:00:51
pay_003596,order_003314,,34.99,usd,card,visa,9913,succeeded,,2026-06-20T04:13:53,2026-06-20T04:13:53
pay_003597,order_003315,cust_00005,34.99,usd,card,visa,1046,succeeded,,2026-06-21T16:00:13,2026-06-21T16:00:13
pay_003598,order_003316,cust_00006,8.99,usd,card,visa,3048,succeeded,,2026-06-21T10:40:00,2026-06-21T10:40:00
pay_003599,order_003317,cust_00078,39.99,usd,card,visa,0094,succeeded,,2026-06-21T09:11:27,2026-06-21T09:11:27
pay_003600,order_003318,cust_00139,49.99,usd,card,visa,0308,succeeded,,2026-06-21T01:27:34,2026-06-21T01:27:34
pay_003601,order_003319,cust_00188,24.99,usd,card,visa,2929,succeeded,,2026-06-21T21:17:28,2026-06-21T21:17:28
pay_003602,order_003320,cust_00789,129.0,usd,card,visa,6270,succeeded,,2026-06-21T05:26:46,2026-06-21T05:26:46
pay_003603,order_003321,,24.99,usd,apple_pay,,,succeeded,,2026-06-21T15:35:12,2026-06-21T15:35:12
pay_003604,order_003322,,34.99,usd,card,visa,1139,succeeded,,2026-06-21T17:51:08,2026-06-21T17:51:08
pay_003605,order_003323,,64.99,usd,card,visa,7296,succeeded,,2026-06-21T16:25:04,2026-06-21T16:25:04
pay_003606,order_003324,cust_00049,129.0,usd,card,mastercard,3104,succeeded,,2026-06-22T00:10:44,2026-06-22T00:10:44
pay_003607,order_003325,cust_00103,64.99,usd,card,visa,5985,succeeded,,2026-06-22T01:56:33,2026-06-22T01:56:33
pay_003608,order_003326,cust_00114,79.0,usd,card,visa,8953,succeeded,,2026-06-22T19:43:55,2026-06-22T19:43:55
pay_003609,order_003327,cust_00467,9.99,usd,card,mastercard,7149,succeeded,,2026-06-22T01:16:13,2026-06-22T01:16:13
pay_003610,order_003328,cust_00609,22.49,usd,card,visa,7551,succeeded,,2026-06-22T13:05:29,2026-06-22T13:05:29
pay_003611,order_003329,cust_00648,9.99,usd,card,mastercard,1255,succeeded,,2026-06-22T04:55:47,2026-06-22T04:55:47
pay_003612,order_003330,cust_00705,79.0,usd,card,visa,9219,succeeded,,2026-06-22T16:42:57,2026-06-22T16:42:57
pay_003613,order_003331,cust_00813,27.99,usd,card,mastercard,6671,succeeded,,2026-06-22T22:02:58,2026-06-22T22:02:58
pay_003614,order_003332,cust_00009,9.99,usd,card,mastercard,6212,succeeded,,2026-06-23T22:37:47,2026-06-23T22:37:47
pay_003615,order_003333,cust_00017,24.99,usd,card,mastercard,9207,succeeded,,2026-06-23T06:53:27,2026-06-23T06:53:27
pay_003616,order_003334,cust_00112,9.99,usd,card,visa,7954,succeeded,,2026-06-23T08:29:37,2026-06-23T08:29:37
pay_003617,order_003335,cust_00261,9.99,usd,card,mastercard,5242,succeeded,,2026-06-23T22:51:22,2026-06-23T22:51:22
pay_003618,order_003336,cust_00418,64.99,usd,card,discover,3816,succeeded,,2026-06-23T08:58:32,2026-06-23T08:58:32
pay_003619,order_003337,cust_00764,9.99,usd,card,mastercard,9259,succeeded,,2026-06-23T00:58:56,2026-06-23T00:58:56
pay_003620,order_003338,,64.99,usd,card,mastercard,9344,succeeded,,2026-06-23T10:22:46,2026-06-23T10:22:46
pay_003621,order_003339,,34.99,usd,card,mastercard,3255,succeeded,,2026-06-23T19:23:46,2026-06-23T19:23:46
pay_003622,order_003340,cust_00342,9.99,usd,card,mastercard,8407,succeeded,,2026-06-24T06:13:59,2026-06-24T06:13:59
pay_003623,order_003341,cust_00697,129.0,usd,card,visa,2460,succeeded,,2026-06-24T13:54:54,2026-06-24T13:54:54
pay_003624,order_003342,cust_00791,64.99,usd,paypal,,,succeeded,,2026-06-24T04:33:59,2026-06-24T04:33:59
pay_003625,order_003343,cust_00844,129.0,usd,paypal,,,succeeded,,2026-06-24T23:59:03,2026-06-24T23:59:03
pay_003626,order_003344,,34.99,usd,card,visa,1382,succeeded,,2026-06-24T09:19:06,2026-06-24T09:19:06
pay_003627,order_003345,,44.99,usd,paypal,,,succeeded,,2026-06-24T05:38:21,2026-06-24T05:38:21
pay_003628,order_003346,,49.99,usd,card,visa,0816,succeeded,,2026-06-24T00:22:22,2026-06-24T00:22:22
pay_003629,order_003347,cust_00023,120.0,usd,card,amex,0234,succeeded,,2026-06-25T14:57:45,2026-06-25T14:57:45
pay_003630,order_003348,cust_00188,9.99,usd,card,mastercard,9299,succeeded,,2026-06-25T12:55:54,2026-06-25T12:55:54
pay_003631,order_003349,cust_00361,96.0,usd,card,visa,7294,succeeded,,2026-06-25T13:16:38,2026-06-25T13:16:38
pay_003632,order_003350,cust_00363,27.99,usd,card,mastercard,8164,failed,expired_card,2026-06-25T14:36:50,2026-06-25T14:36:50
pay_003633,order_003350,cust_00363,27.99,usd,card,visa,5905,succeeded,,2026-06-25T14:53:50,2026-06-25T14:53:50
pay_003634,order_003351,cust_00564,7.99,usd,card,amex,0487,succeeded,,2026-06-25T20:54:42,2026-06-25T20:54:42
pay_003635,order_003352,cust_00597,17.99,usd,card,visa,3075,succeeded,,2026-06-25T18:09:51,2026-06-25T18:09:51
pay_003636,order_003353,cust_00660,34.99,usd,card,amex,4907,succeeded,,2026-06-25T07:13:54,2026-06-25T07:13:54
pay_003637,order_003354,cust_00118,129.0,usd,card,visa,2139,failed,card_declined,2026-06-26T02:42:51,2026-06-26T02:42:51
pay_003638,order_003354,cust_00118,129.0,usd,card,amex,8617,succeeded,,2026-06-26T02:49:51,2026-06-26T02:49:51
pay_003639,order_003355,cust_00173,49.99,usd,card,amex,4941,succeeded,,2026-06-26T21:50:17,2026-06-26T21:50:17
pay_003640,order_003356,cust_00174,99.0,usd,card,amex,5253,succeeded,,2026-06-26T14:07:29,2026-06-26T14:07:29
pay_003641,order_003357,cust_00194,9.99,usd,paypal,,,succeeded,,2026-06-26T23:07:14,2026-06-26T23:07:14
pay_003642,order_003358,cust_00593,108.0,usd,card,visa,9561,succeeded,,2026-06-26T10:00:49,2026-06-26T10:00:49
pay_003643,order_003359,cust_00697,24.99,usd,card,mastercard,8241,succeeded,,2026-06-26T08:46:37,2026-06-26T08:46:37
pay_003644,order_003360,,49.99,usd,card,visa,2954,succeeded,,2026-06-26T17:38:17,2026-06-26T17:38:17
pay_003645,order_003361,cust_00017,89.99,usd,card,visa,6729,succeeded,,2026-06-27T07:19:24,2026-06-27T07:19:24
pay_003646,order_003362,cust_00034,9.99,usd,paypal,,,succeeded,,2026-06-27T17:41:45,2026-06-27T17:41:45
pay_003647,order_003363,cust_00040,99.0,usd,card,visa,1022,succeeded,,2026-06-27T22:28:24,2026-06-27T22:28:24
pay_003648,order_003364,cust_00370,24.99,usd,card,amex,4751,succeeded,,2026-06-27T17:09:26,2026-06-27T17:09:26
pay_003649,order_003365,,49.99,usd,card,discover,4591,succeeded,,2026-06-27T15:18:56,2026-06-27T15:18:56
pay_003650,order_003366,cust_00049,24.99,usd,card,visa,4425,succeeded,,2026-06-28T07:13:01,2026-06-28T07:13:01
pay_003651,order_003367,cust_00112,22.49,usd,card,visa,1053,failed,card_declined,2026-06-28T11:59:22,2026-06-28T11:59:22
pay_003652,order_003367,cust_00112,22.49,usd,card,mastercard,0890,succeeded,,2026-06-28T12:09:22,2026-06-28T12:09:22
pay_003653,order_003368,cust_00176,99.0,usd,paypal,,,succeeded,,2026-06-28T00:43:14,2026-06-28T00:43:14
pay_003654,order_003369,cust_00333,149.0,usd,card,mastercard,0555,succeeded,,2026-06-28T09:40:30,2026-06-28T09:40:30
pay_003655,order_003370,cust_00365,44.99,usd,apple_pay,,,succeeded,,2026-06-28T08:07:52,2026-06-28T08:07:52
pay_003656,order_003371,cust_00391,120.0,usd,card,visa,6531,succeeded,,2026-06-28T05:13:22,2026-06-28T05:13:22
pay_003657,order_003372,cust_00405,24.99,usd,card,amex,1408,succeeded,,2026-06-28T02:27:05,2026-06-28T02:27:05
pay_003658,order_003373,cust_00454,9.99,usd,paypal,,,succeeded,,2026-06-28T21:24:26,2026-06-28T21:24:26
pay_003659,order_003374,cust_00835,99.0,usd,card,visa,9323,succeeded,,2026-06-28T09:04:41,2026-06-28T09:04:41
pay_003660,order_003375,,34.99,usd,card,visa,7748,failed,card_declined,2026-06-28T18:46:32,2026-06-28T18:46:32
pay_003661,order_003375,,34.99,usd,card,visa,1030,succeeded,,2026-06-28T19:03:32,2026-06-28T19:03:32
pay_003662,order_003376,,22.49,usd,card,mastercard,2103,succeeded,,2026-06-28T21:50:54,2026-06-28T21:50:54
pay_003663,order_003377,cust_00082,9.99,usd,card,mastercard,7624,succeeded,,2026-06-29T00:52:28,2026-06-29T00:52:28
pay_003664,order_003378,cust_00105,79.0,usd,card,amex,3782,failed,insufficient_funds,2026-06-29T04:33:08,2026-06-29T04:33:08
pay_003665,order_003378,cust_00105,79.0,usd,card,visa,2241,succeeded,,2026-06-29T04:44:08,2026-06-29T04:44:08
pay_003666,order_003379,cust_00227,9.99,usd,card,visa,2192,succeeded,,2026-06-29T01:02:32,2026-06-29T01:02:32
pay_003667,order_003380,cust_00302,34.99,usd,card,visa,9967,succeeded,,2026-06-29T02:36:28,2026-06-29T02:36:28
pay_003668,order_003381,cust_00323,34.99,usd,paypal,,,succeeded,,2026-06-29T20:31:06,2026-06-29T20:31:06
pay_003669,order_003382,cust_00423,34.99,usd,card,visa,5876,succeeded,,2026-06-29T14:59:19,2026-06-29T14:59:19
pay_003670,order_003383,cust_00482,64.99,usd,card,visa,3257,succeeded,,2026-06-29T05:44:36,2026-06-29T05:44:36
pay_003671,order_003384,cust_00485,24.99,usd,card,visa,0446,succeeded,,2026-06-29T10:43:45,2026-06-29T10:43:45
pay_003672,order_003385,cust_00549,27.99,usd,card,amex,0037,succeeded,,2026-06-29T22:01:45,2026-06-29T22:01:45
pay_003673,order_003386,cust_00579,79.0,usd,paypal,,,succeeded,,2026-06-29T22:24:18,2026-06-29T22:24:18
pay_003674,order_003387,cust_00668,31.49,usd,card,amex,0212,succeeded,,2026-06-29T12:17:25,2026-06-29T12:17:25
pay_003675,order_003388,cust_00689,79.0,usd,card,visa,8876,succeeded,,2026-06-29T11:04:47,2026-06-29T11:04:47
pay_003676,order_003389,cust_00697,129.0,usd,card,visa,0898,succeeded,,2026-06-29T02:54:37,2026-06-29T02:54:37
pay_003677,order_003390,cust_00697,9.99,usd,card,mastercard,5038,succeeded,,2026-06-29T05:02:10,2026-06-29T05:02:10
pay_003678,order_003391,cust_00785,27.99,usd,card,mastercard,8450,succeeded,,2026-06-29T15:39:26,2026-06-29T15:39:26
pay_003679,order_003392,,24.99,usd,card,mastercard,2348,succeeded,,2026-06-29T01:08:26,2026-06-29T01:08:26
pay_003680,order_003393,,49.99,usd,card,amex,2210,failed,expired_card,2026-06-29T21:05:51,2026-06-29T21:05:51
pay_003681,order_003393,,49.99,usd,card,visa,5184,succeeded,,2026-06-29T21:07:51,2026-06-29T21:07:51
pay_003682,order_003394,cust_00055,49.99,usd,card,visa,8589,succeeded,,2026-06-30T13:32:09,2026-06-30T13:32:09
pay_003683,order_003395,cust_00093,64.99,usd,card,discover,3079,succeeded,,2026-06-30T04:41:05,2026-06-30T04:41:05
pay_003684,order_003396,cust_00125,7.99,usd,card,visa,2577,succeeded,,2026-06-30T17:05:42,2026-06-30T17:05:42
pay_003685,order_003397,cust_00182,64.99,usd,card,amex,9074,succeeded,,2026-06-30T00:51:24,2026-06-30T00:51:24
pay_003686,order_003398,cust_00184,9.99,usd,paypal,,,succeeded,,2026-06-30T22:20:13,2026-06-30T22:20:13
pay_003687,order_003399,cust_00188,49.99,usd,card,visa,4177,succeeded,,2026-06-30T08:50:39,2026-06-30T08:50:39
pay_003688,order_003400,cust_00277,19.99,usd,card,visa,0293,succeeded,,2026-06-30T23:03:52,2026-06-30T23:03:52
pay_003689,order_003401,cust_00368,129.0,usd,card,visa,0227,succeeded,,2026-06-30T13:50:39,2026-06-30T13:50:39
pay_003690,order_003402,cust_00490,89.99,usd,card,visa,6443,succeeded,,2026-06-30T16:01:46,2026-06-30T16:01:46
pay_003691,order_003403,cust_00755,79.0,usd,card,mastercard,6881,succeeded,,2026-06-30T04:55:54,2026-06-30T04:55:54
pay_003692,order_003404,,34.99,usd,card,mastercard,9420,succeeded,,2026-06-30T18:45:27,2026-06-30T18:45:27
pay_003693,order_003405,cust_00259,39.99,usd,card,mastercard,3131,succeeded,,2026-07-01T19:46:17,2026-07-01T19:46:17
pay_003694,order_003406,cust_00262,19.99,usd,card,visa,0148,succeeded,,2026-07-01T06:53:05,2026-07-01T06:53:05
pay_003695,order_003407,cust_00285,49.99,usd,card,visa,2148,succeeded,,2026-07-01T16:18:41,2026-07-01T16:18:41
pay_003696,order_003408,cust_00375,129.0,usd,card,amex,3736,failed,insufficient_funds,2026-07-01T19:08:39,2026-07-01T19:08:39
pay_003697,order_003408,cust_00375,129.0,usd,apple_pay,,,succeeded,,2026-07-01T19:20:39,2026-07-01T19:20:39
pay_003698,order_003409,cust_00581,9.99,usd,paypal,,,succeeded,,2026-07-01T15:30:43,2026-07-01T15:30:43
pay_003699,order_003410,cust_00675,24.99,usd,paypal,,,succeeded,,2026-07-01T07:25:37,2026-07-01T07:25:37
pay_003700,order_003411,cust_00717,129.0,usd,apple_pay,,,succeeded,,2026-07-01T10:10:51,2026-07-01T10:10:51
pay_003701,order_003412,cust_00739,79.0,usd,card,visa,8111,succeeded,,2026-07-01T22:13:31,2026-07-01T22:13:31
pay_003702,order_003413,cust_00783,64.99,usd,card,visa,9018,succeeded,,2026-07-01T23:21:29,2026-07-01T23:21:29
pay_003703,order_003414,cust_00822,149.0,usd,card,mastercard,2426,failed,card_declined,2026-07-01T10:55:19,2026-07-01T10:55:19
pay_003704,order_003414,cust_00822,149.0,usd,card,mastercard,9131,succeeded,,2026-07-01T11:05:19,2026-07-01T11:05:19
pay_003705,order_003415,,34.99,usd,card,visa,7248,succeeded,,2026-07-01T12:15:45,2026-07-01T12:15:45
pay_003706,order_003416,,24.99,usd,card,visa,4073,succeeded,,2026-07-01T15:19:09,2026-07-01T15:19:09
pay_003707,order_003417,cust_00029,120.0,usd,card,mastercard,4008,failed,insufficient_funds,2026-07-02T09:09:37,2026-07-02T09:09:37
pay_003708,order_003417,cust_00029,120.0,usd,card,amex,9785,succeeded,,2026-07-02T09:19:37,2026-07-02T09:19:37
pay_003709,order_003418,cust_00183,79.0,usd,card,visa,9783,succeeded,,2026-07-02T06:48:39,2026-07-02T06:48:39
pay_003710,order_003419,cust_00285,9.99,usd,card,visa,7225,succeeded,,2026-07-02T04:40:55,2026-07-02T04:40:55
pay_003711,order_003420,cust_00406,129.0,usd,card,amex,5369,failed,insufficient_funds,2026-07-02T07:44:30,2026-07-02T07:44:30
pay_003712,order_003420,cust_00406,129.0,usd,card,visa,7984,succeeded,,2026-07-02T07:55:30,2026-07-02T07:55:30
pay_003713,order_003421,cust_00806,49.99,usd,card,visa,2432,succeeded,,2026-07-02T15:35:50,2026-07-02T15:35:50
pay_003714,order_003422,cust_00807,24.99,usd,paypal,,,succeeded,,2026-07-02T19:55:39,2026-07-02T19:55:39
pay_003715,order_003423,,24.99,usd,paypal,,,succeeded,,2026-07-02T23:06:39,2026-07-02T23:06:39
pay_003716,order_003424,,120.0,usd,card,mastercard,5561,succeeded,,2026-07-02T11:19:59,2026-07-02T11:19:59
pay_003717,order_003425,cust_00045,31.49,usd,apple_pay,,,succeeded,,2026-07-03T17:15:13,2026-07-03T17:15:13
pay_003718,order_003426,cust_00254,24.99,usd,card,mastercard,8048,succeeded,,2026-07-03T21:30:32,2026-07-03T21:30:32
pay_003719,order_003427,cust_00281,49.99,usd,paypal,,,succeeded,,2026-07-03T11:38:18,2026-07-03T11:38:18
pay_003720,order_003428,cust_00523,19.99,usd,card,amex,9327,succeeded,,2026-07-03T00:54:27,2026-07-03T00:54:27
pay_003721,order_003429,cust_00539,79.0,usd,card,visa,2969,succeeded,,2026-07-03T08:48:16,2026-07-03T08:48:16
pay_003722,order_003430,cust_00679,46.79,usd,card,mastercard,9516,succeeded,,2026-07-03T22:26:43,2026-07-03T22:26:43
pay_003723,order_003431,,49.99,usd,paypal,,,succeeded,,2026-07-03T00:14:17,2026-07-03T00:14:17
pay_003724,order_003432,,49.99,usd,paypal,,,succeeded,,2026-07-03T14:09:37,2026-07-03T14:09:37
pay_003725,order_003433,cust_00113,89.1,usd,card,discover,7697,succeeded,,2026-07-04T12:06:33,2026-07-04T12:06:33
pay_003726,order_003434,cust_00194,120.0,usd,card,mastercard,4085,succeeded,,2026-07-04T06:03:55,2026-07-04T06:03:55
pay_003727,order_003435,cust_00232,9.99,usd,card,mastercard,9199,succeeded,,2026-07-04T07:42:53,2026-07-04T07:42:53
pay_003728,order_003436,cust_00253,96.0,usd,card,visa,6491,succeeded,,2026-07-04T16:15:20,2026-07-04T16:15:20
pay_003729,order_003437,cust_00443,64.99,usd,card,mastercard,8720,succeeded,,2026-07-04T02:26:01,2026-07-04T02:26:01
pay_003730,order_003438,cust_00581,24.99,usd,card,amex,9139,succeeded,,2026-07-04T10:09:12,2026-07-04T10:09:12
pay_003731,order_003439,,34.99,usd,card,visa,8829,succeeded,,2026-07-04T09:50:48,2026-07-04T09:50:48
pay_003732,order_003440,cust_00264,9.99,usd,card,visa,5760,succeeded,,2026-07-05T12:14:47,2026-07-05T12:14:47
pay_003733,order_003441,cust_00770,24.99,usd,card,visa,7686,succeeded,,2026-07-05T06:26:38,2026-07-05T06:26:38
pay_003734,order_003442,cust_00112,149.0,usd,card,visa,8227,succeeded,,2026-07-06T04:51:29,2026-07-06T04:51:29
pay_003735,order_003443,cust_00157,39.99,usd,card,mastercard,4700,succeeded,,2026-07-06T07:30:15,2026-07-06T07:30:15
pay_003736,order_003444,cust_00207,9.99,usd,card,mastercard,8953,succeeded,,2026-07-06T02:15:22,2026-07-06T02:15:22
pay_003737,order_003445,cust_00383,9.99,usd,card,visa,8970,succeeded,,2026-07-06T20:19:16,2026-07-06T20:19:16
pay_003738,order_003446,cust_00593,129.0,usd,card,visa,4271,succeeded,,2026-07-06T05:29:33,2026-07-06T05:29:33
pay_003739,order_003447,cust_00707,89.99,usd,card,mastercard,7064,succeeded,,2026-07-06T20:37:58,2026-07-06T20:37:58
pay_003740,order_003448,cust_00751,149.0,usd,paypal,,,succeeded,,2026-07-06T14:27:57,2026-07-06T14:27:57
pay_003741,order_003449,cust_00783,64.99,usd,card,visa,2535,succeeded,,2026-07-06T13:57:12,2026-07-06T13:57:12
pay_003742,order_003450,cust_00831,24.99,usd,card,visa,0054,succeeded,,2026-07-06T03:36:41,2026-07-06T03:36:41
pay_003743,order_003451,cust_00030,9.99,usd,card,mastercard,4939,succeeded,,2026-07-07T08:08:15,2026-07-07T08:08:15
pay_003744,order_003452,cust_00063,129.0,usd,card,visa,9835,succeeded,,2026-07-07T02:49:41,2026-07-07T02:49:41
pay_003745,order_003453,cust_00096,44.99,usd,paypal,,,succeeded,,2026-07-07T01:13:13,2026-07-07T01:13:13
pay_003746,order_003454,cust_00343,24.99,usd,card,visa,8423,succeeded,,2026-07-07T05:29:25,2026-07-07T05:29:25
pay_003747,order_003455,cust_00459,129.0,usd,card,mastercard,6137,succeeded,,2026-07-07T09:04:14,2026-07-07T09:04:14
pay_003748,order_003456,cust_00485,49.99,usd,card,amex,2640,succeeded,,2026-07-07T11:57:28,2026-07-07T11:57:28
pay_003749,order_003457,cust_00571,89.99,usd,card,mastercard,0557,succeeded,,2026-07-07T04:03:57,2026-07-07T04:03:57
pay_003750,order_003458,cust_00785,39.99,usd,card,discover,4697,failed,card_declined,2026-07-07T11:05:55,2026-07-07T11:05:55
pay_003751,order_003458,cust_00785,39.99,usd,card,visa,0770,succeeded,,2026-07-07T11:15:55,2026-07-07T11:15:55
pay_003752,order_003459,,31.49,usd,card,mastercard,6577,failed,card_declined,2026-07-07T04:27:07,2026-07-07T04:27:07
pay_003753,order_003459,,31.49,usd,card,visa,0620,succeeded,,2026-07-07T04:43:07,2026-07-07T04:43:07
pay_003754,order_003460,cust_00112,44.99,usd,card,visa,4216,succeeded,,2026-07-08T20:31:09,2026-07-08T20:31:09
pay_003755,order_003461,cust_00177,22.49,usd,card,visa,3692,succeeded,,2026-07-08T07:30:24,2026-07-08T07:30:24
pay_003756,order_003462,cust_00204,24.99,usd,card,visa,6883,succeeded,,2026-07-08T18:38:31,2026-07-08T18:38:31
pay_003757,order_003463,cust_00307,99.0,usd,paypal,,,succeeded,,2026-07-08T02:14:43,2026-07-08T02:14:43
pay_003758,order_003464,cust_00339,79.0,usd,card,mastercard,5555,succeeded,,2026-07-08T21:19:39,2026-07-08T21:19:39
pay_003759,order_003465,cust_00339,67.15,usd,card,mastercard,3389,failed,card_declined,2026-07-08T23:46:11,2026-07-08T23:46:11
pay_003760,order_003465,cust_00339,67.15,usd,card,mastercard,1732,succeeded,,2026-07-08T23:54:11,2026-07-08T23:54:11
pay_003761,order_003466,cust_00375,8.99,usd,paypal,,,succeeded,,2026-07-08T00:02:31,2026-07-08T00:02:31
pay_003762,order_003467,cust_00707,79.0,usd,card,visa,8672,failed,insufficient_funds,2026-07-08T02:42:37,2026-07-08T02:42:37
pay_003763,order_003467,cust_00707,79.0,usd,card,visa,7840,succeeded,,2026-07-08T03:00:37,2026-07-08T03:00:37
pay_003764,order_003468,cust_00727,89.99,usd,card,mastercard,7102,succeeded,,2026-07-08T10:14:06,2026-07-08T10:14:06
pay_003765,order_003469,,34.99,usd,card,mastercard,6726,succeeded,,2026-07-08T00:06:25,2026-07-08T00:06:25
pay_003766,order_003470,cust_00007,24.99,usd,paypal,,,succeeded,,2026-07-09T21:56:20,2026-07-09T21:56:20
pay_003767,order_003471,cust_00068,49.99,usd,card,mastercard,3426,succeeded,,2026-07-09T12:05:51,2026-07-09T12:05:51
pay_003768,order_003472,cust_00106,9.99,usd,card,visa,8153,succeeded,,2026-07-09T15:32:41,2026-07-09T15:32:41
pay_003769,order_003473,cust_00443,44.99,usd,card,visa,2618,succeeded,,2026-07-09T14:56:06,2026-07-09T14:56:06
pay_003770,order_003474,cust_00607,9.99,usd,card,mastercard,5830,succeeded,,2026-07-09T19:13:23,2026-07-09T19:13:23
pay_003771,order_003475,cust_00739,24.99,usd,paypal,,,succeeded,,2026-07-09T20:23:26,2026-07-09T20:23:26
pay_003772,order_003476,cust_00791,9.99,usd,card,mastercard,1431,succeeded,,2026-07-09T07:16:41,2026-07-09T07:16:41
pay_003773,order_003477,cust_00013,9.99,usd,card,visa,2780,succeeded,,2026-07-10T14:31:08,2026-07-10T14:31:08
pay_003774,order_003478,cust_00130,64.99,usd,card,visa,5347,succeeded,,2026-07-10T05:11:03,2026-07-10T05:11:03
pay_003775,order_003479,cust_00201,129.0,usd,card,amex,2042,succeeded,,2026-07-10T06:46:14,2026-07-10T06:46:14
pay_003776,order_003480,cust_00229,64.99,usd,apple_pay,,,succeeded,,2026-07-10T14:56:39,2026-07-10T14:56:39
pay_003777,order_003481,cust_00433,134.1,usd,card,visa,8368,succeeded,,2026-07-10T15:47:03,2026-07-10T15:47:03
pay_003778,order_003482,cust_00509,64.99,usd,card,visa,7672,succeeded,,2026-07-10T16:04:25,2026-07-10T16:04:25
pay_003779,order_003483,cust_00597,39.99,usd,card,mastercard,8013,succeeded,,2026-07-10T21:35:16,2026-07-10T21:35:16
pay_003780,order_003484,cust_00069,129.0,usd,card,visa,2211,succeeded,,2026-07-11T03:46:02,2026-07-11T03:46:02
pay_003781,order_003485,cust_00069,119.2,usd,card,visa,3517,succeeded,,2026-07-11T16:57:39,2026-07-11T16:57:39
pay_003782,order_003486,cust_00113,9.99,usd,card,mastercard,7655,succeeded,,2026-07-11T06:11:15,2026-07-11T06:11:15
pay_003783,order_003487,cust_00201,89.99,usd,card,visa,4832,failed,card_declined,2026-07-11T08:44:52,2026-07-11T08:44:52
pay_003784,order_003487,cust_00201,89.99,usd,card,amex,4082,succeeded,,2026-07-11T08:47:52,2026-07-11T08:47:52
pay_003785,order_003488,cust_00433,99.0,usd,card,visa,7451,succeeded,,2026-07-11T01:33:08,2026-07-11T01:33:08
pay_003786,order_003489,cust_00509,79.0,usd,card,visa,0264,succeeded,,2026-07-11T21:37:32,2026-07-11T21:37:32
pay_003787,order_003490,cust_00665,9.99,usd,card,mastercard,2868,succeeded,,2026-07-11T09:19:37,2026-07-11T09:19:37
pay_003788,order_003491,cust_00706,79.0,usd,card,mastercard,9803,succeeded,,2026-07-11T07:33:24,2026-07-11T07:33:24
pay_003789,order_003492,cust_00706,89.99,usd,card,mastercard,7374,succeeded,,2026-07-11T03:02:05,2026-07-11T03:02:05
pay_003790,order_003493,cust_00814,120.0,usd,card,amex,7175,succeeded,,2026-07-11T18:12:30,2026-07-11T18:12:30
pay_003791,order_003494,cust_00831,49.99,usd,card,visa,6854,succeeded,,2026-07-11T23:15:45,2026-07-11T23:15:45
pay_003792,order_003495,cust_00857,24.99,usd,card,visa,2782,succeeded,,2026-07-11T13:10:26,2026-07-11T13:10:26
pay_003793,order_003496,cust_00038,19.99,usd,card,mastercard,2296,succeeded,,2026-07-12T04:30:58,2026-07-12T04:30:58
pay_003794,order_003497,cust_00137,99.0,usd,card,visa,3463,succeeded,,2026-07-12T11:26:29,2026-07-12T11:26:29
pay_003795,order_003498,cust_00229,34.99,usd,card,visa,0995,failed,card_declined,2026-07-12T14:59:48,2026-07-12T14:59:48
pay_003796,order_003498,cust_00229,34.99,usd,card,visa,0721,failed,card_declined,2026-07-12T15:04:48,2026-07-12T15:04:48
pay_003797,order_003498,cust_00229,34.99,usd,card,visa,2816,succeeded,,2026-07-12T15:13:48,2026-07-12T15:13:48
pay_003798,order_003499,cust_00248,79.0,usd,card,mastercard,1206,succeeded,,2026-07-12T00:26:52,2026-07-12T00:26:52
pay_003799,order_003500,cust_00259,19.99,usd,card,amex,9771,succeeded,,2026-07-12T06:07:37,2026-07-12T06:07:37
pay_003800,order_003501,cust_00330,27.99,usd,card,mastercard,0031,failed,insufficient_funds,2026-07-12T16:21:49,2026-07-12T16:21:49
pay_003801,order_003501,cust_00330,27.99,usd,card,mastercard,9311,succeeded,,2026-07-12T16:24:49,2026-07-12T16:24:49
pay_003802,order_003502,cust_00623,149.0,usd,card,mastercard,3043,succeeded,,2026-07-12T01:34:35,2026-07-12T01:34:35
pay_003803,order_003503,cust_00623,7.99,usd,card,mastercard,6589,succeeded,,2026-07-12T15:13:03,2026-07-12T15:13:03
pay_003804,order_003504,cust_00790,51.99,usd,card,mastercard,4325,succeeded,,2026-07-12T16:57:33,2026-07-12T16:57:33
pay_003805,order_003505,,24.99,usd,apple_pay,,,succeeded,,2026-07-12T17:20:51,2026-07-12T17:20:51
pay_003806,order_003506,,34.99,usd,card,visa,7653,succeeded,,2026-07-12T16:00:20,2026-07-12T16:00:20
pay_003807,order_003507,cust_00030,79.0,usd,card,visa,4972,succeeded,,2026-07-13T20:34:44,2026-07-13T20:34:44
pay_003808,order_003508,cust_00325,49.99,usd,card,mastercard,8837,succeeded,,2026-07-13T12:26:37,2026-07-13T12:26:37
pay_003809,order_003509,cust_00342,89.99,usd,card,visa,9094,failed,insufficient_funds,2026-07-13T17:57:38,2026-07-13T17:57:38
pay_003810,order_003509,cust_00342,89.99,usd,card,mastercard,3367,succeeded,,2026-07-13T18:11:38,2026-07-13T18:11:38
pay_003811,order_003510,cust_00492,24.99,usd,card,mastercard,0239,succeeded,,2026-07-13T20:08:38,2026-07-13T20:08:38
pay_003812,order_003511,cust_00605,76.49,usd,card,visa,3872,succeeded,,2026-07-13T07:18:56,2026-07-13T07:18:56
pay_003813,order_003512,cust_00691,9.99,usd,paypal,,,failed,card_declined,2026-07-13T10:16:37,2026-07-13T10:16:37
pay_003814,order_003512,cust_00691,9.99,usd,card,visa,6564,succeeded,,2026-07-13T10:29:37,2026-07-13T10:29:37
pay_003815,order_003513,cust_00706,79.0,usd,card,visa,8377,succeeded,,2026-07-13T13:05:52,2026-07-13T13:05:52
pay_003816,order_003514,cust_00717,79.0,usd,card,visa,3591,succeeded,,2026-07-13T19:56:19,2026-07-13T19:56:19
pay_003817,order_003515,cust_00831,79.0,usd,card,amex,3407,succeeded,,2026-07-13T19:59:33,2026-07-13T19:59:33
pay_003818,order_003516,cust_00069,99.0,usd,card,amex,8868,succeeded,,2026-07-14T13:06:01,2026-07-14T13:06:01
pay_003819,order_003517,cust_00107,31.49,usd,card,visa,7229,succeeded,,2026-07-14T16:52:19,2026-07-14T16:52:19
pay_003820,order_003518,cust_00285,34.99,usd,card,visa,8253,succeeded,,2026-07-14T17:37:25,2026-07-14T17:37:25
pay_003821,order_003519,cust_00315,99.0,usd,card,mastercard,0228,succeeded,,2026-07-14T10:28:04,2026-07-14T10:28:04
pay_003822,order_003520,cust_00374,120.0,usd,card,mastercard,7964,succeeded,,2026-07-14T05:48:38,2026-07-14T05:48:38
pay_003823,order_003521,cust_00517,9.99,usd,card,mastercard,9276,failed,card_declined,2026-07-14T02:52:29,2026-07-14T02:52:29
pay_003824,order_003521,cust_00517,9.99,usd,card,visa,5118,succeeded,,2026-07-14T02:56:29,2026-07-14T02:56:29
pay_003825,order_003522,cust_00652,89.99,usd,card,mastercard,1144,succeeded,,2026-07-14T08:31:04,2026-07-14T08:31:04
pay_003826,order_003523,cust_00114,49.99,usd,card,visa,2551,succeeded,,2026-07-15T03:15:49,2026-07-15T03:15:49
pay_003827,order_003524,cust_00264,64.99,usd,card,visa,3577,succeeded,,2026-07-15T20:13:58,2026-07-15T20:13:58
pay_003828,order_003525,cust_00473,49.99,usd,card,visa,2831,succeeded,,2026-07-15T19:15:52,2026-07-15T19:15:52
pay_003829,order_003526,cust_00747,89.99,usd,card,mastercard,0884,succeeded,,2026-07-15T05:48:07,2026-07-15T05:48:07
pay_003830,order_003527,cust_00763,120.0,usd,card,visa,5217,succeeded,,2026-07-15T01:56:31,2026-07-15T01:56:31
pay_003831,order_003528,cust_00797,19.99,usd,card,visa,0776,succeeded,,2026-07-15T11:55:51,2026-07-15T11:55:51
pay_003832,order_003529,cust_00851,9.99,usd,card,visa,8491,succeeded,,2026-07-15T00:36:17,2026-07-15T00:36:17
pay_003833,order_003530,cust_00057,24.99,usd,card,amex,5881,succeeded,,2026-07-16T23:16:27,2026-07-16T23:16:27
pay_003834,order_003531,cust_00119,89.99,usd,card,amex,0630,succeeded,,2026-07-16T21:25:08,2026-07-16T21:25:08
pay_003835,order_003532,cust_00213,89.99,usd,card,visa,4331,failed,card_declined,2026-07-16T08:13:49,2026-07-16T08:13:49
pay_003836,order_003532,cust_00213,89.99,usd,card,visa,7294,failed,card_declined,2026-07-16T08:17:49,2026-07-16T08:17:49
pay_003837,order_003532,cust_00213,89.99,usd,card,visa,0260,succeeded,,2026-07-16T08:29:49,2026-07-16T08:29:49
pay_003838,order_003533,cust_00445,64.99,usd,card,visa,4167,succeeded,,2026-07-16T21:24:25,2026-07-16T21:24:25
pay_003839,order_003534,cust_00623,64.99,usd,card,mastercard,0310,succeeded,,2026-07-16T09:14:05,2026-07-16T09:14:05
pay_003840,order_003535,cust_00693,120.0,usd,card,mastercard,5194,succeeded,,2026-07-16T17:54:35,2026-07-16T17:54:35
pay_003841,order_003536,cust_00756,39.99,usd,paypal,,,succeeded,,2026-07-16T18:56:48,2026-07-16T18:56:48
pay_003842,order_003537,,49.99,usd,paypal,,,succeeded,,2026-07-16T10:24:40,2026-07-16T10:24:40
pay_003843,order_003538,cust_00086,9.99,usd,card,mastercard,7748,succeeded,,2026-07-17T04:50:55,2026-07-17T04:50:55
pay_003844,order_003539,cust_00096,9.99,usd,card,mastercard,4230,succeeded,,2026-07-17T01:32:20,2026-07-17T01:32:20
pay_003845,order_003540,cust_00105,9.99,usd,card,mastercard,5629,succeeded,,2026-07-17T17:21:22,2026-07-17T17:21:22
pay_003846,order_003541,cust_00159,99.0,usd,card,mastercard,0004,succeeded,,2026-07-17T11:56:12,2026-07-17T11:56:12
pay_003847,order_003542,cust_00201,34.99,usd,card,visa,5090,succeeded,,2026-07-17T05:56:47,2026-07-17T05:56:47
pay_003848,order_003543,cust_00403,24.99,usd,card,visa,7226,succeeded,,2026-07-17T04:04:11,2026-07-17T04:04:11
pay_003849,order_003544,cust_00405,149.0,usd,card,amex,1997,succeeded,,2026-07-17T19:57:10,2026-07-17T19:57:10
pay_003850,order_003545,cust_00509,64.99,usd,paypal,,,succeeded,,2026-07-17T03:25:13,2026-07-17T03:25:13
pay_003851,order_003546,cust_00540,34.99,usd,card,mastercard,3347,failed,card_declined,2026-07-17T13:30:07,2026-07-17T13:30:07
pay_003852,order_003546,cust_00540,34.99,usd,card,visa,1157,succeeded,,2026-07-17T13:43:07,2026-07-17T13:43:07
pay_003853,order_003547,cust_00674,24.99,usd,card,visa,0423,succeeded,,2026-07-17T14:54:15,2026-07-17T14:54:15
pay_003854,order_003548,cust_00831,149.0,usd,card,visa,9404,succeeded,,2026-07-17T00:38:58,2026-07-17T00:38:58
pay_003855,order_003549,cust_00090,89.99,usd,paypal,,,succeeded,,2026-07-18T05:34:44,2026-07-18T05:34:44
pay_003856,order_003550,cust_00184,149.0,usd,card,mastercard,9832,succeeded,,2026-07-18T16:17:35,2026-07-18T16:17:35
pay_003857,order_003551,cust_00226,9.99,usd,card,visa,6319,succeeded,,2026-07-18T14:46:33,2026-07-18T14:46:33
pay_003858,order_003552,cust_00636,17.99,usd,card,visa,7141,succeeded,,2026-07-18T15:13:02,2026-07-18T15:13:02
pay_003859,order_003553,cust_00653,64.99,usd,card,discover,6135,succeeded,,2026-07-18T04:44:32,2026-07-18T04:44:32
pay_003860,order_003554,cust_00689,99.0,usd,card,visa,4895,succeeded,,2026-07-18T05:14:49,2026-07-18T05:14:49
pay_003861,order_003555,cust_00285,79.0,usd,card,amex,1583,succeeded,,2026-07-19T20:49:10,2026-07-19T20:49:10
pay_003862,order_003556,cust_00555,35.99,usd,card,mastercard,1248,succeeded,,2026-07-19T20:09:10,2026-07-19T20:09:10
pay_003863,order_003557,cust_00057,49.99,usd,card,amex,5387,failed,expired_card,2026-07-20T19:37:03,2026-07-20T19:37:03
pay_003864,order_003557,cust_00057,49.99,usd,card,visa,3538,succeeded,,2026-07-20T19:47:03,2026-07-20T19:47:03
pay_003865,order_003558,cust_00136,34.99,usd,card,amex,9597,failed,card_declined,2026-07-20T03:53:30,2026-07-20T03:53:30
pay_003866,order_003558,cust_00136,34.99,usd,card,visa,1716,succeeded,,2026-07-20T03:58:30,2026-07-20T03:58:30
pay_003867,order_003559,cust_00373,64.99,usd,paypal,,,succeeded,,2026-07-20T20:15:37,2026-07-20T20:15:37
pay_003868,order_003560,cust_00436,34.99,usd,card,amex,4775,succeeded,,2026-07-20T09:50:58,2026-07-20T09:50:58
pay_003869,order_003561,cust_00465,8.99,usd,card,amex,5824,succeeded,,2026-07-20T03:55:05,2026-07-20T03:55:05
pay_003870,order_003562,cust_00492,9.99,usd,card,amex,1757,succeeded,,2026-07-20T21:04:01,2026-07-20T21:04:01
pay_003871,order_003563,cust_00567,129.0,usd,card,visa,0503,succeeded,,2026-07-20T00:30:19,2026-07-20T00:30:19
pay_003872,order_003564,cust_00623,9.99,usd,card,mastercard,3207,succeeded,,2026-07-20T08:09:09,2026-07-20T08:09:09
pay_003873,order_003565,cust_00832,49.99,usd,card,mastercard,1395,succeeded,,2026-07-20T04:57:12,2026-07-20T04:57:12
pay_003874,order_003566,,34.99,usd,card,discover,5874,succeeded,,2026-07-20T06:46:39,2026-07-20T06:46:39
pay_003875,order_003567,cust_00049,24.99,usd,card,visa,0814,succeeded,,2026-07-21T08:58:46,2026-07-21T08:58:46
pay_003876,order_003568,cust_00175,49.99,usd,card,mastercard,3228,succeeded,,2026-07-21T16:09:58,2026-07-21T16:09:58
pay_003877,order_003569,cust_00235,24.99,usd,card,visa,7555,succeeded,,2026-07-21T06:18:08,2026-07-21T06:18:08
pay_003878,order_003570,cust_00275,49.99,usd,card,amex,2671,succeeded,,2026-07-21T15:59:38,2026-07-21T15:59:38
pay_003879,order_003571,cust_00293,58.49,usd,card,visa,6457,succeeded,,2026-07-21T00:59:53,2026-07-21T00:59:53
pay_003880,order_003572,cust_00564,79.0,usd,card,mastercard,8614,succeeded,,2026-07-21T19:09:37,2026-07-21T19:09:37
pay_003881,order_003573,cust_00565,9.99,usd,card,mastercard,6674,failed,card_declined,2026-07-21T19:17:51,2026-07-21T19:17:51
pay_003882,order_003573,cust_00565,9.99,usd,card,visa,5947,succeeded,,2026-07-21T19:27:51,2026-07-21T19:27:51
pay_003883,order_003574,cust_00739,9.99,usd,card,mastercard,0985,succeeded,,2026-07-21T05:28:03,2026-07-21T05:28:03
pay_003884,order_003575,cust_00842,49.99,usd,paypal,,,succeeded,,2026-07-21T13:14:56,2026-07-21T13:14:56
pay_003885,order_003576,,34.99,usd,card,visa,1304,succeeded,,2026-07-21T10:59:07,2026-07-21T10:59:07
pay_003886,order_003577,cust_00242,34.99,usd,paypal,,,failed,card_declined,2026-07-22T16:04:19,2026-07-22T16:04:19
pay_003887,order_003577,cust_00242,34.99,usd,card,visa,1573,succeeded,,2026-07-22T16:22:19,2026-07-22T16:22:19
pay_003888,order_003578,cust_00363,19.99,usd,card,visa,8905,succeeded,,2026-07-22T16:44:38,2026-07-22T16:44:38
pay_003889,order_003579,cust_00385,39.99,usd,paypal,,,succeeded,,2026-07-22T11:54:57,2026-07-22T11:54:57
pay_003890,order_003580,cust_00509,9.99,usd,card,mastercard,3626,succeeded,,2026-07-22T12:07:58,2026-07-22T12:07:58
pay_003891,order_003581,cust_00641,9.99,usd,card,visa,7362,succeeded,,2026-07-22T15:51:50,2026-07-22T15:51:50
pay_003892,order_003582,cust_00832,64.99,usd,card,mastercard,1229,succeeded,,2026-07-22T10:57:06,2026-07-22T10:57:06
pay_003893,order_003583,cust_00096,31.49,usd,card,visa,5271,succeeded,,2026-07-23T21:17:53,2026-07-23T21:17:53
pay_003894,order_003584,cust_00473,9.99,usd,card,visa,0206,succeeded,,2026-07-23T04:56:38,2026-07-23T04:56:38
pay_003895,order_003585,cust_00642,9.99,usd,card,discover,4565,failed,card_declined,2026-07-23T04:20:07,2026-07-23T04:20:07
pay_003896,order_003585,cust_00642,9.99,usd,card,visa,2040,succeeded,,2026-07-23T04:28:07,2026-07-23T04:28:07
pay_003897,order_003586,cust_00712,71.99,usd,card,mastercard,6768,succeeded,,2026-07-23T01:58:23,2026-07-23T01:58:23
pay_003898,order_003587,cust_00855,44.99,usd,card,visa,6490,succeeded,,2026-07-23T08:01:58,2026-07-23T08:01:58
pay_003899,order_003588,,34.99,usd,card,mastercard,1054,succeeded,,2026-07-23T01:55:03,2026-07-23T01:55:03
pay_003900,order_003589,cust_00221,34.99,usd,paypal,,,succeeded,,2026-07-24T01:43:22,2026-07-24T01:43:22
pay_003901,order_003590,cust_00333,64.99,usd,card,visa,0731,succeeded,,2026-07-24T20:10:46,2026-07-24T20:10:46
pay_003902,order_003591,cust_00514,64.99,usd,card,visa,4835,succeeded,,2026-07-24T04:07:24,2026-07-24T04:07:24
pay_003903,order_003592,cust_00697,24.99,usd,card,visa,2841,succeeded,,2026-07-24T08:02:09,2026-07-24T08:02:09
pay_003904,order_003593,cust_00029,24.99,usd,card,mastercard,7502,succeeded,,2026-07-25T10:29:27,2026-07-25T10:29:27
pay_003905,order_003594,cust_00257,49.99,usd,card,visa,7935,succeeded,,2026-07-25T14:16:41,2026-07-25T14:16:41
pay_003906,order_003595,cust_00323,9.99,usd,card,visa,5499,succeeded,,2026-07-25T22:00:52,2026-07-25T22:00:52
pay_003907,order_003596,cust_00480,9.99,usd,card,amex,7881,succeeded,,2026-07-25T04:53:12,2026-07-25T04:53:12
pay_003908,order_003597,cust_00508,49.99,usd,paypal,,,succeeded,,2026-07-25T06:25:28,2026-07-25T06:25:28
pay_003909,order_003598,cust_00739,34.99,usd,paypal,,,succeeded,,2026-07-25T05:02:43,2026-07-25T05:02:43
pay_003910,order_003599,,34.99,usd,card,mastercard,4207,succeeded,,2026-07-25T20:56:45,2026-07-25T20:56:45
pay_003911,order_003600,cust_00148,89.99,usd,card,mastercard,9209,succeeded,,2026-07-26T23:27:11,2026-07-26T23:27:11
pay_003912,order_003601,cust_00232,64.99,usd,card,visa,2947,succeeded,,2026-07-26T17:50:08,2026-07-26T17:50:08
pay_003913,order_003602,cust_00276,7.99,usd,card,amex,4666,succeeded,,2026-07-26T22:38:55,2026-07-26T22:38:55
pay_003914,order_003603,cust_00400,49.99,usd,card,mastercard,3061,succeeded,,2026-07-26T13:09:08,2026-07-26T13:09:08
pay_003915,order_003604,cust_00480,119.2,usd,card,visa,8855,failed,card_declined,2026-07-26T14:20:43,2026-07-26T14:20:43
pay_003916,order_003604,cust_00480,119.2,usd,card,mastercard,2662,succeeded,,2026-07-26T14:37:43,2026-07-26T14:37:43
pay_003917,order_003605,,64.99,usd,card,amex,0061,succeeded,,2026-07-26T19:12:22,2026-07-26T19:12:22
pay_003918,order_003606,cust_00103,39.99,usd,paypal,,,succeeded,,2026-07-27T12:20:04,2026-07-27T12:20:04
pay_003919,order_003607,cust_00163,99.0,usd,card,visa,5663,succeeded,,2026-07-27T07:43:46,2026-07-27T07:43:46
pay_003920,order_003608,cust_00163,9.99,usd,card,mastercard,7836,succeeded,,2026-07-27T03:24:00,2026-07-27T03:24:00
pay_003921,order_003609,cust_00247,67.15,usd,card,mastercard,6742,succeeded,,2026-07-27T20:45:33,2026-07-27T20:45:33
pay_003922,order_003610,cust_00270,64.99,usd,card,discover,7837,succeeded,,2026-07-27T03:28:27,2026-07-27T03:28:27
pay_003923,order_003611,cust_00324,79.0,usd,card,visa,4780,succeeded,,2026-07-27T19:30:04,2026-07-27T19:30:04
pay_003924,order_003612,cust_00397,19.99,usd,card,visa,8302,succeeded,,2026-07-27T02:17:30,2026-07-27T02:17:30
pay_003925,order_003613,cust_00453,34.99,usd,card,mastercard,4035,succeeded,,2026-07-27T18:27:58,2026-07-27T18:27:58
pay_003926,order_003614,cust_00505,64.99,usd,paypal,,,succeeded,,2026-07-27T13:17:46,2026-07-27T13:17:46
pay_003927,order_003615,cust_00791,64.99,usd,paypal,,,succeeded,,2026-07-27T11:37:55,2026-07-27T11:37:55
pay_003928,order_003616,,34.99,usd,card,amex,5082,succeeded,,2026-07-27T18:40:13,2026-07-27T18:40:13
pay_003929,order_003617,cust_00072,89.99,usd,card,visa,8743,succeeded,,2026-07-28T16:17:35,2026-07-28T16:17:35
pay_003930,order_003618,cust_00151,9.99,usd,card,mastercard,8283,succeeded,,2026-07-28T17:56:27,2026-07-28T17:56:27
pay_003931,order_003619,cust_00163,34.99,usd,card,visa,7716,succeeded,,2026-07-28T05:26:20,2026-07-28T05:26:20
pay_003932,order_003620,cust_00252,64.99,usd,card,visa,6309,succeeded,,2026-07-28T22:41:38,2026-07-28T22:41:38
pay_003933,order_003621,cust_00465,129.0,usd,card,amex,8744,succeeded,,2026-07-28T09:36:45,2026-07-28T09:36:45
pay_003934,order_003622,,34.99,usd,card,amex,3908,succeeded,,2026-07-28T01:50:28,2026-07-28T01:50:28
pay_003935,order_003623,,58.49,usd,card,mastercard,7633,succeeded,,2026-07-28T01:25:16,2026-07-28T01:25:16
pay_003936,order_003624,,49.99,usd,card,mastercard,4265,succeeded,,2026-07-28T03:34:09,2026-07-28T03:34:09
pay_003937,order_003625,,31.49,usd,card,visa,7958,succeeded,,2026-07-28T13:35:19,2026-07-28T13:35:19
pay_003938,order_003626,cust_00032,89.99,usd,card,mastercard,3202,failed,card_declined,2026-07-29T22:32:19,2026-07-29T22:32:19
pay_003939,order_003626,cust_00032,89.99,usd,card,mastercard,7434,succeeded,,2026-07-29T22:34:19,2026-07-29T22:34:19
pay_003940,order_003627,cust_00125,149.0,usd,card,amex,0044,succeeded,,2026-07-29T08:52:13,2026-07-29T08:52:13
pay_003941,order_003628,cust_00163,9.99,usd,card,mastercard,2662,succeeded,,2026-07-29T05:11:31,2026-07-29T05:11:31
pay_003942,order_003629,cust_00262,96.0,usd,paypal,,,succeeded,,2026-07-29T17:00:11,2026-07-29T17:00:11
pay_003943,order_003630,cust_00268,64.99,usd,card,mastercard,7307,succeeded,,2026-07-29T06:12:24,2026-07-29T06:12:24
pay_003944,order_003631,cust_00356,34.99,usd,card,visa,1126,succeeded,,2026-07-29T05:09:42,2026-07-29T05:09:42
pay_003945,order_003632,cust_00381,109.65,usd,card,mastercard,3701,succeeded,,2026-07-29T02:26:17,2026-07-29T02:26:17
pay_003946,order_003633,cust_00428,120.0,usd,card,amex,8526,succeeded,,2026-07-29T23:54:56,2026-07-29T23:54:56
pay_003947,order_003634,cust_00485,9.99,usd,card,mastercard,1194,succeeded,,2026-07-29T21:31:24,2026-07-29T21:31:24
pay_003948,order_003635,cust_00648,79.2,usd,card,amex,8541,succeeded,,2026-07-29T16:26:53,2026-07-29T16:26:53
pay_003949,order_003636,cust_00706,129.0,usd,card,visa,6856,succeeded,,2026-07-29T10:40:54,2026-07-29T10:40:54
pay_003950,order_003637,,120.0,usd,card,visa,5792,succeeded,,2026-07-29T11:50:56,2026-07-29T11:50:56
pay_003951,order_003638,,31.49,usd,apple_pay,,,succeeded,,2026-07-29T06:51:18,2026-07-29T06:51:18
pay_003952,order_003639,cust_00619,49.99,usd,card,visa,1854,succeeded,,2026-07-30T21:02:22,2026-07-30T21:02:22
pay_003953,order_003640,cust_00736,99.0,usd,card,discover,9390,succeeded,,2026-07-30T16:25:23,2026-07-30T16:25:23
pay_003954,order_003641,cust_00736,9.99,usd,card,mastercard,7248,succeeded,,2026-07-30T15:21:05,2026-07-30T15:21:05
pay_003955,order_003642,cust_00736,9.99,usd,card,visa,9072,failed,card_declined,2026-07-30T20:10:31,2026-07-30T20:10:31
pay_003956,order_003642,cust_00736,9.99,usd,card,visa,6235,succeeded,,2026-07-30T20:25:31,2026-07-30T20:25:31
pay_003957,order_003643,,89.99,usd,card,visa,2848,succeeded,,2026-07-30T00:04:36,2026-07-30T00:04:36
pay_003958,order_003644,,24.99,usd,card,visa,9889,succeeded,,2026-07-30T20:02:43,2026-07-30T20:02:43
pay_003959,order_003645,,24.99,usd,card,visa,3930,succeeded,,2026-07-30T07:04:53,2026-07-30T07:04:53
pay_003960,order_003646,,24.99,usd,card,visa,2559,succeeded,,2026-07-30T02:47:45,2026-07-30T02:47:45
pay_003961,order_003647,,24.99,usd,card,mastercard,7485,succeeded,,2026-07-30T22:57:50,2026-07-30T22:57:50
pay_003962,order_003648,,89.99,usd,card,visa,3476,succeeded,,2026-07-30T04:14:26,2026-07-30T04:14:26
pay_003963,order_003649,,34.99,usd,card,mastercard,7599,succeeded,,2026-07-30T11:30:47,2026-07-30T11:30:47
pay_003964,order_003650,,24.99,usd,card,mastercard,6986,succeeded,,2026-07-30T03:06:22,2026-07-30T03:06:22
