ad_id,adgroup_id,campaign_id,date,impressions,clicks,video_views,spend_micro,cpm_micro,ctr,conversions,conversions_value
1758300000000000001,1758290000000000001,1758280000000000001,2023-08-01,1253,11,931,10162305,8110379,0.008779,0.03,3.92
1758300000000000002,1758290000000000001,1758280000000000001,2023-08-01,2670,25,1892,11105659,4159423,0.009363,0.08,9.95
1758300000000000003,1758290000000000002,1758280000000000002,2023-08-01,707,14,457,6006062,8495137,0.019802,0.38,27.65
1758300000000000004,1758290000000000003,1758280000000000002,2023-08-01,712,11,530,6147060,8633511,0.015449,0.43,31.7
1758300000000000005,1758290000000000004,1758280000000000003,2023-08-01,1533,25,884,9114841,5945754,0.016308,0.3,20.42
1758300000000000006,1758290000000000005,1758280000000000004,2023-08-01,1229,17,865,9604209,7814653,0.013832,0.39,29.07
1758300000000000007,1758290000000000005,1758280000000000004,2023-08-01,925,22,574,8625474,9324837,0.023784,0.58,25.2
1758300000000000001,1758290000000000001,1758280000000000001,2023-08-02,2133,24,1611,14858144,6965843,0.011252,0.09,7.27
1758300000000000002,1758290000000000001,1758280000000000001,2023-08-02,2122,19,1598,15131798,7130913,0.008954,0.07,7.9
1758300000000000003,1758290000000000002,1758280000000000002,2023-08-02,899,23,558,7585336,8437526,0.025584,0.7,68.3
1758300000000000004,1758290000000000003,1758280000000000002,2023-08-02,834,21,476,9551774,11452966,0.02518,0.65,40.36
1758300000000000005,1758290000000000004,1758280000000000003,2023-08-02,1765,22,1003,12852832,7282058,0.012465,0.23,30.02
1758300000000000006,1758290000000000005,1758280000000000004,2023-08-02,1024,25,679,14744320,14398750,0.024414,0.47,23.68
1758300000000000007,1758290000000000005,1758280000000000004,2023-08-02,769,16,526,10961344,14254023,0.020806,0.33,37.07
1758300000000000001,1758290000000000001,1758280000000000001,2023-08-03,2655,17,1672,16772364,6317275,0.006403,0.07,3.9
1758300000000000002,1758290000000000001,1758280000000000001,2023-08-03,2684,15,1672,15003008,5589794,0.005589,0.07,3.17
1758300000000000003,1758290000000000002,1758280000000000002,2023-08-03,895,16,607,9701424,10839580,0.017877,0.6,71.31
1758300000000000004,1758290000000000003,1758280000000000002,2023-08-03,1073,30,623,8455931,7880644,0.027959,0.79,37.9
1758300000000000005,1758290000000000004,1758280000000000003,2023-08-03,1311,11,859,13618017,10387503,0.008391,0.12,14.14
1758300000000000006,1758290000000000005,1758280000000000004,2023-08-03,1261,23,873,12696390,10068509,0.018239,0.47,59.03
1758300000000000007,1758290000000000005,1758280000000000004,2023-08-03,1621,32,1161,14539643,8969552,0.019741,0.57,52.34
1758300000000000001,1758290000000000001,1758280000000000001,2023-08-04,4038,44,2232,20640275,5111509,0.010896,0.13,9.92
1758300000000000002,1758290000000000001,1758280000000000001,2023-08-04,3576,41,2751,17143926,4794163,0.011465,0.16,9.06
1758300000000000003,1758290000000000002,1758280000000000002,2023-08-04,1319,24,868,10401832,7886150,0.018196,0.56,30.42
1758300000000000004,1758290000000000003,1758280000000000002,2023-08-04,1326,25,788,11189140,8438265,0.018854,0.74,91.55
1758300000000000005,1758290000000000004,1758280000000000003,2023-08-04,2836,50,1975,16193229,5709883,0.01763,0.43,43.79
1758300000000000006,1758290000000000005,1758280000000000004,2023-08-04,1546,37,946,14772357,9555212,0.023933,0.9,122.49
1758300000000000007,1758290000000000005,1758280000000000004,2023-08-04,1705,42,1019,17614101,10330851,0.024633,0.69,62.35
1758300000000000001,1758290000000000001,1758280000000000001,2023-08-05,1535,12,921,13591801,8854593,0.007818,0.06,4.46
1758300000000000002,1758290000000000001,1758280000000000001,2023-08-05,2166,24,1353,14884287,6871785,0.01108,0.1,8.64
1758300000000000003,1758290000000000002,1758280000000000002,2023-08-05,732,19,509,8562716,11697699,0.025956,0.58,75.01
1758300000000000004,1758290000000000003,1758280000000000002,2023-08-05,739,18,422,7709335,10432118,0.024357,0.67,72.31
1758300000000000005,1758290000000000004,1758280000000000003,2023-08-05,1995,16,1120,12204038,6117312,0.00802,0.16,10.38
1758300000000000006,1758290000000000005,1758280000000000004,2023-08-05,1194,16,820,11990218,10042059,0.0134,0.44,23.61
1758300000000000007,1758290000000000005,1758280000000000004,2023-08-05,1040,27,739,12417858,11940248,0.025962,0.59,42.26
1758300000000000001,1758290000000000001,1758280000000000001,2023-08-06,3059,19,1780,12464900,4074828,0.006211,0.07,3.96
1758300000000000002,1758290000000000001,1758280000000000001,2023-08-06,1600,15,1081,12885302,8053314,0.009375,0.07,5.94
1758300000000000003,1758290000000000002,1758280000000000002,2023-08-06,835,15,591,6927202,8296050,0.017964,0.54,21.8
1758300000000000004,1758290000000000003,1758280000000000002,2023-08-06,1254,37,910,7558627,6027613,0.029506,0.92,48.39
1758300000000000005,1758290000000000004,1758280000000000003,2023-08-06,1947,20,1482,10864372,5580058,0.010272,0.2,27.46
1758300000000000006,1758290000000000005,1758280000000000004,2023-08-06,729,11,431,10340197,14184084,0.015089,0.3,38.74
1758300000000000007,1758290000000000005,1758280000000000004,2023-08-06,1159,17,887,11388547,9826184,0.014668,0.48,31.11
1758300000000000001,1758290000000000001,1758280000000000001,2023-08-07,1689,14,952,10127164,5995953,0.008289,0.04,3.43
1758300000000000002,1758290000000000001,1758280000000000001,2023-08-07,2056,24,1293,9206555,4477896,0.011673,0.09,8.49
1758300000000000003,1758290000000000002,1758280000000000002,2023-08-07,551,13,313,5429497,9853897,0.023593,0.4,26.64
1758300000000000004,1758290000000000003,1758280000000000002,2023-08-07,781,20,496,5618342,7193780,0.025608,0.63,82.7
1758300000000000005,1758290000000000004,1758280000000000003,2023-08-07,834,10,651,8285879,9935107,0.01199,0.11,7.36
1758300000000000006,1758290000000000005,1758280000000000004,2023-08-07,845,12,563,8884907,10514683,0.014201,0.23,26.14
1758300000000000007,1758290000000000005,1758280000000000004,2023-08-07,649,11,398,7686852,11844148,0.016949,0.26,28.31
1758300000000000001,1758290000000000001,1758280000000000001,2023-08-08,1536,10,896,12075934,7861936,0.00651,0.04,4.04
1758300000000000002,1758290000000000001,1758280000000000001,2023-08-08,1404,10,891,11934656,8500467,0.007123,0.05,4.04
1758300000000000003,1758290000000000002,1758280000000000002,2023-08-08,726,19,481,6437569,8867175,0.026171,0.63,37.9
1758300000000000004,1758290000000000003,1758280000000000002,2023-08-08,923,22,586,7282768,7890323,0.023835,0.48,60.56
1758300000000000005,1758290000000000004,1758280000000000003,2023-08-08,1997,23,1521,10290253,5152856,0.011517,0.18,7.9
1758300000000000006,1758290000000000005,1758280000000000004,2023-08-08,710,15,414,9361427,13185108,0.021127,0.33,38.45
1758300000000000007,1758290000000000005,1758280000000000004,2023-08-08,1275,20,989,11219079,8799278,0.015686,0.32,40.99
1758300000000000001,1758290000000000001,1758280000000000001,2023-08-09,2624,18,1868,14832797,5652743,0.00686,0.05,6.08
1758300000000000002,1758290000000000001,1758280000000000001,2023-08-09,2653,18,1670,16952117,6389792,0.006785,0.06,7.05
1758300000000000003,1758290000000000002,1758280000000000002,2023-08-09,899,14,497,8389580,9332125,0.015573,0.42,41.31
1758300000000000004,1758290000000000003,1758280000000000002,2023-08-09,1623,35,1012,9773228,6021705,0.021565,1.24,171.42
1758300000000000005,1758290000000000004,1758280000000000003,2023-08-09,1871,30,1045,13622106,7280655,0.016034,0.27,24.94
1758300000000000006,1758290000000000005,1758280000000000004,2023-08-09,1615,40,944,12986893,8041420,0.024768,0.71,28.82
1758300000000000007,1758290000000000005,1758280000000000004,2023-08-09,1126,20,886,14257319,12661917,0.017762,0.57,37.95
1758300000000000001,1758290000000000001,1758280000000000001,2023-08-10,2005,14,1456,14938603,7450675,0.006983,0.07,4.17
1758300000000000002,1758290000000000001,1758280000000000001,2023-08-10,1997,16,1145,15667689,7845613,0.008012,0.07,5.21
1758300000000000004,1758290000000000003,1758280000000000002,2023-08-10,953,27,752,9355951,9817367,0.028332,0.79,97.27
1758300000000000005,1758290000000000004,1758280000000000003,2023-08-10,1754,16,1294,13116982,7478325,0.009122,0.19,14.82
1758300000000000006,1758290000000000005,1758280000000000004,2023-08-10,1549,23,904,13741341,8871105,0.014848,0.58,26.35
1758300000000000007,1758290000000000005,1758280000000000004,2023-08-10,845,15,649,12492624,14784170,0.017751,0.31,36.15
1758300000000000001,1758290000000000001,1758280000000000001,2023-08-11,1362,9,1073,12032715,8834593,0.006608,0.04,2.16
1758300000000000002,1758290000000000001,1758280000000000001,2023-08-11,1982,13,1429,11667348,5886654,0.006559,0.04,4.66
1758300000000000003,1758290000000000002,1758280000000000002,2023-08-11,886,16,618,6564478,7409117,0.018059,0.57,27.6
1758300000000000004,1758290000000000003,1758280000000000002,2023-08-11,1079,27,653,6978415,6467484,0.025023,0.73,94.08
1758300000000000005,1758290000000000004,1758280000000000003,2023-08-11,1340,14,937,10157170,7579978,0.010448,0.15,13.83
1758300000000000006,1758290000000000005,1758280000000000004,2023-08-11,1288,20,762,11427340,8872158,0.015528,0.31,42.1
1758300000000000007,1758290000000000005,1758280000000000004,2023-08-11,1195,24,954,8886999,7436819,0.020084,0.65,62.23
1758300000000000001,1758290000000000001,1758280000000000001,2023-08-12,1292,8,944,11362523,8794522,0.006192,0.03,2.55
1758300000000000002,1758290000000000001,1758280000000000001,2023-08-12,2091,14,1415,14247263,6813612,0.006695,0.07,4.49
1758300000000000003,1758290000000000002,1758280000000000002,2023-08-12,854,14,649,8055920,9433162,0.016393,0.3,27.98
1758300000000000004,1758290000000000003,1758280000000000002,2023-08-12,868,22,661,6578243,7578621,0.025346,0.49,61.88
1758300000000000005,1758290000000000004,1758280000000000003,2023-08-12,1035,13,758,10975622,10604466,0.01256,0.12,10.83
1758300000000000007,1758290000000000005,1758280000000000004,2023-08-12,1119,28,746,11103485,9922685,0.025022,0.78,55.87
1758300000000000001,1758290000000000001,1758280000000000001,2023-08-13,2472,25,1388,15063655,6093712,0.010113,0.09,6.07
1758300000000000002,1758290000000000001,1758280000000000001,2023-08-13,4632,45,2677,20690689,4466902,0.009715,0.16,11.26
1758300000000000003,1758290000000000002,1758280000000000002,2023-08-13,1302,23,719,9920610,7619516,0.017665,0.52,27.37
1758300000000000004,1758290000000000003,1758280000000000002,2023-08-13,1368,35,966,10510444,7683073,0.025585,0.74,48.06
1758300000000000005,1758290000000000004,1758280000000000003,2023-08-13,2143,37,1427,15323290,7150392,0.017266,0.32,38.54
1758300000000000006,1758290000000000005,1758280000000000004,2023-08-13,1213,29,758,16627032,13707364,0.023908,0.62,26.29
1758300000000000007,1758290000000000005,1758280000000000004,2023-08-13,1688,38,1192,14019549,8305420,0.022512,0.7,93.75
1758300000000000001,1758290000000000001,1758280000000000001,2023-08-14,2074,21,1382,14161556,6828137,0.010125,0.07,5.41
1758300000000000002,1758290000000000001,1758280000000000001,2023-08-14,1757,17,1074,14089280,8018941,0.009676,0.06,3.71
1758300000000000003,1758290000000000002,1758280000000000002,2023-08-14,742,19,485,7328227,9876317,0.025606,0.44,28.2
1758300000000000004,1758290000000000003,1758280000000000002,2023-08-14,1035,17,601,8815108,8517013,0.016425,0.44,18.41
1758300000000000006,1758290000000000005,1758280000000000004,2023-08-14,1092,21,663,12566096,11507414,0.019231,0.38,24.9
1758300000000000007,1758290000000000005,1758280000000000004,2023-08-14,1081,25,843,11648906,10776046,0.023127,0.46,20.59
1758300000000000001,1758290000000000001,1758280000000000001,2023-08-15,1416,14,1003,10115718,7143869,0.009887,0.06,7.38
1758300000000000002,1758290000000000001,1758280000000000001,2023-08-15,1487,17,981,9059695,6092599,0.011432,0.06,7.63
1758300000000000003,1758290000000000002,1758280000000000002,2023-08-15,465,12,307,5141726,11057475,0.025806,0.26,17.24
1758300000000000004,1758290000000000003,1758280000000000002,2023-08-15,462,8,281,5815653,12587994,0.017316,0.2,19.57
1758300000000000005,1758290000000000004,1758280000000000003,2023-08-15,783,7,486,8218034,10495573,0.00894,0.08,8.32
1758300000000000006,1758290000000000005,1758280000000000004,2023-08-15,875,15,489,7722381,8825578,0.017143,0.32,26.2
1758300000000000007,1758290000000000005,1758280000000000004,2023-08-15,912,22,521,8713687,9554481,0.024123,0.43,51.33
1758300000000000001,1758290000000000001,1758280000000000001,2023-08-16,1252,9,915,10040877,8019870,0.007188,0.04,5.57
1758300000000000002,1758290000000000001,1758280000000000001,2023-08-16,1878,15,1069,11746070,6254563,0.007987,0.05,5.79
1758300000000000003,1758290000000000002,1758280000000000002,2023-08-16,842,22,493,5842083,6938341,0.026128,0.52,72.71
1758300000000000004,1758290000000000003,1758280000000000002,2023-08-16,1096,29,794,6607601,6028833,0.02646,0.78,46.19
1758300000000000005,1758290000000000004,1758280000000000003,2023-08-16,1360,11,988,9337263,6865635,0.008088,0.12,5.05
1758300000000000006,1758290000000000005,1758280000000000004,2023-08-16,766,16,490,9659221,12609949,0.020888,0.37,24.95
1758300000000000007,1758290000000000005,1758280000000000004,2023-08-16,805,19,576,9015305,11199137,0.023602,0.43,34.54
1758300000000000001,1758290000000000001,1758280000000000001,2023-08-17,2128,22,1476,12554174,5899518,0.010338,0.09,5.13
1758300000000000002,1758290000000000001,1758280000000000001,2023-08-17,2402,20,1327,16155505,6725856,0.008326,0.09,7.13
1758300000000000003,1758290000000000002,1758280000000000002,2023-08-17,1303,27,920,9059795,6953028,0.020721,0.76,79.65
1758300000000000004,1758290000000000003,1758280000000000002,2023-08-17,793,16,628,7345736,9263223,0.020177,0.49,22.76
1758300000000000005,1758290000000000004,1758280000000000003,2023-08-17,1651,15,1042,12304148,7452543,0.009085,0.11,10.21
1758300000000000006,1758290000000000005,1758280000000000004,2023-08-17,904,23,696,12167587,13459720,0.025442,0.61,73.1
1758300000000000007,1758290000000000005,1758280000000000004,2023-08-17,1062,25,604,12440709,11714415,0.02354,0.56,43.74
1758300000000000001,1758290000000000001,1758280000000000001,2023-08-18,1938,23,1333,13373169,6900500,0.011868,0.11,12.07
1758300000000000002,1758290000000000001,1758280000000000001,2023-08-18,2657,14,1890,12638512,4756685,0.005269,0.05,4.47
1758300000000000003,1758290000000000002,1758280000000000002,2023-08-18,640,18,479,7613865,11896664,0.028125,0.51,41.5
1758300000000000004,1758290000000000003,1758280000000000002,2023-08-18,577,11,349,7249952,12564908,0.019064,0.32,31.27
1758300000000000005,1758290000000000004,1758280000000000003,2023-08-18,1402,15,996,11147863,7951400,0.010699,0.12,6.72
1758300000000000006,1758290000000000005,1758280000000000004,2023-08-18,861,14,543,9566929,11111416,0.01626,0.26,33.55
1758300000000000007,1758290000000000005,1758280000000000004,2023-08-18,1448,22,922,12728798,8790606,0.015193,0.55,35.32
1758300000000000001,1758290000000000001,1758280000000000001,2023-08-19,3596,27,2361,14484671,4027995,0.007508,0.08,7.76
1758300000000000002,1758290000000000001,1758280000000000001,2023-08-19,1936,14,1234,11273384,5823029,0.007231,0.05,7.0
1758300000000000003,1758290000000000002,1758280000000000002,2023-08-19,1212,35,884,7709339,6360841,0.028878,0.76,86.44
1758300000000000004,1758290000000000003,1758280000000000002,2023-08-19,812,15,572,7009550,8632451,0.018473,0.51,51.53
1758300000000000005,1758290000000000004,1758280000000000003,2023-08-19,2206,22,1708,11039167,5004155,0.009973,0.22,16.37
1758300000000000006,1758290000000000005,1758280000000000004,2023-08-19,829,19,609,12410615,14970585,0.022919,0.31,23.07
1758300000000000007,1758290000000000005,1758280000000000004,2023-08-19,1097,17,821,9667719,8812871,0.015497,0.3,33.54
1758300000000000001,1758290000000000001,1758280000000000001,2023-08-20,1595,10,1139,13233797,8297051,0.00627,0.04,4.78
1758300000000000002,1758290000000000001,1758280000000000001,2023-08-20,1327,10,793,11906552,8972534,0.007536,0.04,2.14
1758300000000000003,1758290000000000002,1758280000000000002,2023-08-20,1130,19,878,7782448,6887122,0.016814,0.67,69.87
1758300000000000004,1758290000000000003,1758280000000000002,2023-08-20,692,11,435,6583466,9513679,0.015896,0.35,25.41
1758300000000000005,1758290000000000004,1758280000000000003,2023-08-20,1315,12,896,10774435,8193487,0.009125,0.13,7.29
1758300000000000006,1758290000000000005,1758280000000000004,2023-08-20,878,16,629,10692577,12178334,0.018223,0.4,52.05
1758300000000000007,1758290000000000005,1758280000000000004,2023-08-20,1231,16,688,10856293,8819084,0.012998,0.4,45.25
1758300000000000001,1758290000000000001,1758280000000000001,2023-08-21,2977,34,1833,13476721,4526947,0.011421,0.14,16.17
1758300000000000002,1758290000000000001,1758280000000000001,2023-08-21,1329,10,1010,11781400,8864861,0.007524,0.05,4.89
1758300000000000003,1758290000000000002,1758280000000000002,2023-08-21,577,11,347,7101120,12306967,0.019064,0.35,30.23
1758300000000000004,1758290000000000003,1758280000000000002,2023-08-21,573,16,415,7332092,12795972,0.027923,0.6,80.88
1758300000000000005,1758290000000000004,1758280000000000003,2023-08-21,1703,17,1024,10824909,6356376,0.009982,0.17,22.87
1758300000000000006,1758290000000000005,1758280000000000004,2023-08-21,936,15,532,11162013,11925228,0.016026,0.41,28.3
1758300000000000007,1758290000000000005,1758280000000000004,2023-08-21,994,18,778,10487805,10551112,0.018109,0.43,27.96
1758300000000000002,1758290000000000001,1758280000000000001,2023-08-22,1958,20,1242,17567884,8972362,0.010215,0.08,5.94
1758300000000000003,1758290000000000002,1758280000000000002,2023-08-22,667,16,379,8628154,12935763,0.023988,0.45,48.59
1758300000000000004,1758290000000000003,1758280000000000002,2023-08-22,1307,30,756,10936572,8367691,0.022953,0.76,64.91
1758300000000000005,1758290000000000004,1758280000000000003,2023-08-22,1477,14,989,14673544,9934695,0.009479,0.1,8.15
1758300000000000006,1758290000000000005,1758280000000000004,2023-08-22,975,13,544,13629918,13979403,0.013333,0.27,23.64
1758300000000000001,1758290000000000001,1758280000000000001,2023-08-23,1901,11,1222,16669259,8768679,0.005786,0.05,4.45
1758300000000000002,1758290000000000001,1758280000000000001,2023-08-23,2374,27,1876,14480699,6099705,0.011373,0.14,13.79
1758300000000000003,1758290000000000002,1758280000000000002,2023-08-23,745,22,505,8849218,11878145,0.02953,0.52,50.58
1758300000000000004,1758290000000000003,1758280000000000002,2023-08-23,1133,33,816,8950758,7900051,0.029126,0.95,113.12
1758300000000000005,1758290000000000004,1758280000000000003,2023-08-23,2278,23,1563,13349982,5860396,0.010097,0.26,22.79
1758300000000000006,1758290000000000005,1758280000000000004,2023-08-23,1750,38,1172,15071603,8612345,0.021714,0.8,110.36
1758300000000000007,1758290000000000005,1758280000000000004,2023-08-23,780,17,464,11628361,14908155,0.021795,0.41,40.06
1758300000000000001,1758290000000000001,1758280000000000001,2023-08-24,2193,25,1388,13925135,6349811,0.0114,0.09,12.14
1758300000000000002,1758290000000000001,1758280000000000001,2023-08-24,1984,21,1165,14788729,7453996,0.010585,0.1,9.48
1758300000000000003,1758290000000000002,1758280000000000002,2023-08-24,818,24,575,7612581,9306334,0.02934,0.86,111.53
1758300000000000004,1758290000000000003,1758280000000000002,2023-08-24,875,17,509,8795341,10051818,0.019429,0.42,45.9
1758300000000000005,1758290000000000004,1758280000000000003,2023-08-24,1296,20,885,12305942,9495326,0.015432,0.2,22.41
1758300000000000006,1758290000000000005,1758280000000000004,2023-08-24,924,17,562,13283987,14376609,0.018398,0.34,18.2
1758300000000000007,1758290000000000005,1758280000000000004,2023-08-24,789,11,446,11327897,14357284,0.013942,0.31,33.91
1758300000000000001,1758290000000000001,1758280000000000001,2023-08-25,1676,15,1126,14524259,8666026,0.00895,0.05,6.61
1758300000000000002,1758290000000000001,1758280000000000001,2023-08-25,2653,21,1975,16384687,6175909,0.007916,0.09,7.11
1758300000000000003,1758290000000000002,1758280000000000002,2023-08-25,665,14,434,8474738,12743967,0.021053,0.47,40.28
1758300000000000004,1758290000000000003,1758280000000000002,2023-08-25,1228,25,980,9187517,7481691,0.020358,0.96,48.78
1758300000000000005,1758290000000000004,1758280000000000003,2023-08-25,1887,16,1150,13246691,7019974,0.008479,0.2,17.27
1758300000000000006,1758290000000000005,1758280000000000004,2023-08-25,1611,33,1247,13637641,8465327,0.020484,0.85,46.92
1758300000000000007,1758290000000000005,1758280000000000004,2023-08-25,929,16,681,12855741,13838257,0.017223,0.35,44.34
1758300000000000001,1758290000000000001,1758280000000000001,2023-08-26,3379,27,2351,13884823,4109152,0.007991,0.09,10.31
1758300000000000002,1758290000000000001,1758280000000000001,2023-08-26,1196,12,701,10712208,8956696,0.010033,0.05,2.29
1758300000000000003,1758290000000000002,1758280000000000002,2023-08-26,984,20,567,6499036,6604711,0.020325,0.57,60.61
1758300000000000004,1758290000000000003,1758280000000000002,2023-08-26,787,19,601,7556411,9601539,0.024142,0.71,74.8
1758300000000000005,1758290000000000004,1758280000000000003,2023-08-26,1258,16,756,10541585,8379638,0.012719,0.19,13.78
1758300000000000006,1758290000000000005,1758280000000000004,2023-08-26,1172,23,733,10659916,9095491,0.019625,0.55,29.35
1758300000000000007,1758290000000000005,1758280000000000004,2023-08-26,737,18,424,10423253,14142813,0.024423,0.41,33.71
1758300000000000001,1758290000000000001,1758280000000000001,2023-08-27,3053,33,1881,14477006,4741895,0.010809,0.13,13.0
1758300000000000002,1758290000000000001,1758280000000000001,2023-08-27,3287,31,2377,17273684,5255152,0.009431,0.1,4.48
1758300000000000003,1758290000000000002,1758280000000000002,2023-08-27,890,25,554,10056876,11299861,0.02809,0.57,60.77
1758300000000000004,1758290000000000003,1758280000000000002,2023-08-27,1071,27,659,8086376,7550304,0.02521,0.96,118.63
1758300000000000005,1758290000000000004,1758280000000000003,2023-08-27,1755,17,1157,13607438,7753526,0.009687,0.17,15.24
1758300000000000006,1758290000000000005,1758280000000000004,2023-08-27,1114,28,841,13303556,11942151,0.025135,0.68,52.59
1758300000000000007,1758290000000000005,1758280000000000004,2023-08-27,1863,46,1169,13911321,7467161,0.024691,0.77,76.9
1758300000000000001,1758290000000000001,1758280000000000001,2023-08-28,1974,23,1163,17367856,8798306,0.011651,0.07,6.38
1758300000000000002,1758290000000000001,1758280000000000001,2023-08-28,3611,41,2722,17199480,4763079,0.011354,0.16,16.88
1758300000000000003,1758290000000000002,1758280000000000002,2023-08-28,1498,28,919,11719201,7823232,0.018692,0.77,69.67
1758300000000000004,1758290000000000003,1758280000000000002,2023-08-28,642,16,463,8033563,12513338,0.024922,0.36,44.2
1758300000000000005,1758290000000000004,1758280000000000003,2023-08-28,2243,36,1562,14814573,6604803,0.01605,0.32,13.67
1758300000000000006,1758290000000000005,1758280000000000004,2023-08-28,1357,21,973,14717516,10845627,0.015475,0.37,33.1
1758300000000000007,1758290000000000005,1758280000000000004,2023-08-28,1287,21,729,14911629,11586347,0.016317,0.59,70.78
1758300000000000001,1758290000000000001,1758280000000000001,2023-08-29,2098,19,1594,15186412,7238519,0.009056,0.09,11.56
1758300000000000002,1758290000000000001,1758280000000000001,2023-08-29,2023,16,1450,16756458,8282975,0.007909,0.08,4.15
1758300000000000003,1758290000000000002,1758280000000000002,2023-08-29,735,17,513,8959037,12189166,0.023129,0.62,80.7
1758300000000000004,1758290000000000003,1758280000000000002,2023-08-29,1448,26,978,9294032,6418530,0.017956,0.6,63.74
1758300000000000005,1758290000000000004,1758280000000000003,2023-08-29,1465,21,1108,13689802,9344575,0.014334,0.22,23.54
1758300000000000006,1758290000000000005,1758280000000000004,2023-08-29,856,14,671,11951969,13962581,0.016355,0.24,26.81
1758300000000000007,1758290000000000005,1758280000000000004,2023-08-29,2038,49,1302,15427635,7569988,0.024043,1.04,111.77
1758300000000000001,1758290000000000001,1758280000000000001,2023-08-30,1630,18,916,13075799,8021963,0.011043,0.09,7.3
1758300000000000002,1758290000000000001,1758280000000000001,2023-08-30,2503,16,1570,14853959,5934462,0.006392,0.07,5.31
1758300000000000003,1758290000000000002,1758280000000000002,2023-08-30,782,20,502,9330408,11931468,0.025575,0.62,35.35
1758300000000000004,1758290000000000003,1758280000000000002,2023-08-30,628,12,437,6629454,10556455,0.019108,0.28,15.71
1758300000000000005,1758290000000000004,1758280000000000003,2023-08-30,1331,14,970,11969896,8993160,0.010518,0.17,7.78
1758300000000000006,1758290000000000005,1758280000000000004,2023-08-30,1312,24,920,11834782,9020413,0.018293,0.5,29.31
1758300000000000007,1758290000000000005,1758280000000000004,2023-08-30,1088,20,775,12105010,11125928,0.018382,0.38,23.8
1758300000000000001,1758290000000000001,1758280000000000001,2023-08-31,1523,18,1215,12637212,8297578,0.011819,0.06,7.1
1758300000000000002,1758290000000000001,1758280000000000001,2023-08-31,2478,13,1688,13291264,5363706,0.005246,0.05,2.83
1758300000000000003,1758290000000000002,1758280000000000002,2023-08-31,610,12,421,7832741,12840559,0.019672,0.36,17.25
1758300000000000004,1758290000000000003,1758280000000000002,2023-08-31,976,20,694,6983531,7155257,0.020492,0.75,88.74
1758300000000000005,1758290000000000004,1758280000000000003,2023-08-31,1365,11,930,11112204,8140809,0.008059,0.09,8.8
1758300000000000006,1758290000000000005,1758280000000000004,2023-08-31,1629,37,950,12136216,7450102,0.022713,0.95,63.69
1758300000000000007,1758290000000000005,1758280000000000004,2023-08-31,1016,22,811,10088192,9929323,0.021654,0.56,25.36
1758300000000000001,1758290000000000001,1758280000000000001,2023-09-01,2961,26,1791,15201691,5133972,0.008781,0.11,7.88
1758300000000000002,1758290000000000001,1758280000000000001,2023-09-01,1349,7,867,12048543,8931463,0.005189,0.03,3.47
1758300000000000003,1758290000000000002,1758280000000000002,2023-09-01,1313,28,762,8205140,6249155,0.021325,0.88,50.15
1758300000000000004,1758290000000000003,1758280000000000002,2023-09-01,576,14,364,7366423,12788929,0.024306,0.34,34.05
1758300000000000005,1758290000000000004,1758280000000000003,2023-09-01,1265,16,882,11678672,9232152,0.012648,0.13,6.65
1758300000000000006,1758290000000000005,1758280000000000004,2023-09-01,882,12,528,10518568,11925814,0.013605,0.3,22.43
1758300000000000007,1758290000000000005,1758280000000000004,2023-09-01,1534,36,1059,12838776,8369476,0.023468,0.94,122.41
1758300000000000001,1758290000000000001,1758280000000000001,2023-09-02,1868,16,1138,14542588,7785111,0.008565,0.08,6.05
1758300000000000002,1758290000000000001,1758280000000000001,2023-09-02,3554,41,2423,14930386,4201009,0.011536,0.13,13.53
1758300000000000003,1758290000000000002,1758280000000000002,2023-09-02,848,23,495,9082455,10710442,0.027123,0.89,41.11
1758300000000000004,1758290000000000003,1758280000000000002,2023-09-02,606,11,399,7759244,12804033,0.018152,0.37,19.14
1758300000000000005,1758290000000000004,1758280000000000003,2023-09-02,2156,38,1696,12631274,5858661,0.017625,0.45,34.68
1758300000000000006,1758290000000000005,1758280000000000004,2023-09-02,1513,34,992,11911514,7872779,0.022472,0.61,76.85
1758300000000000007,1758290000000000005,1758280000000000004,2023-09-02,1394,27,955,13351035,9577500,0.019369,0.73,65.86
1758300000000000001,1758290000000000001,1758280000000000001,2023-09-03,2856,28,2208,15699812,5497133,0.009804,0.14,17.86
1758300000000000002,1758290000000000001,1758280000000000001,2023-09-03,1952,17,1462,14017971,7181338,0.008709,0.05,4.48
1758300000000000003,1758290000000000002,1758280000000000002,2023-09-03,955,16,562,8995036,9418886,0.016754,0.39,31.73
1758300000000000005,1758290000000000004,1758280000000000003,2023-09-03,1551,15,926,12736193,8211601,0.009671,0.12,16.26
1758300000000000006,1758290000000000005,1758280000000000004,2023-09-03,898,17,695,12562594,13989526,0.018931,0.37,41.03
1758300000000000007,1758290000000000005,1758280000000000004,2023-09-03,1190,19,889,12909791,10848564,0.015966,0.32,23.95
1758300000000000001,1758290000000000001,1758280000000000001,2023-09-04,2656,29,1918,12893629,4854529,0.010919,0.12,12.36
1758300000000000002,1758290000000000001,1758280000000000001,2023-09-04,2716,17,1702,16980957,6252193,0.006259,0.05,3.72
1758300000000000003,1758290000000000002,1758280000000000002,2023-09-04,1143,24,848,9290350,8128040,0.020997,0.68,54.65
1758300000000000004,1758290000000000003,1758280000000000002,2023-09-04,1033,16,710,7780843,7532278,0.015489,0.43,56.63
1758300000000000005,1758290000000000004,1758280000000000003,2023-09-04,1528,22,1205,12803394,8379185,0.014398,0.19,23.02
1758300000000000006,1758290000000000005,1758280000000000004,2023-09-04,1569,34,960,12688068,8086723,0.02167,0.83,54.48
1758300000000000007,1758290000000000005,1758280000000000004,2023-09-04,1432,27,991,12918721,9021453,0.018855,0.53,45.32
1758300000000000001,1758290000000000001,1758280000000000001,2023-09-05,2312,22,1620,14794479,6398996,0.009516,0.11,12.06
1758300000000000002,1758290000000000001,1758280000000000001,2023-09-05,1744,17,1014,13355359,7657889,0.009748,0.06,4.99
1758300000000000004,1758290000000000003,1758280000000000002,2023-09-05,1298,26,991,9014310,6944769,0.020031,0.97,95.54
1758300000000000005,1758290000000000004,1758280000000000003,2023-09-05,1318,23,1013,12064216,9153426,0.017451,0.3,19.0
1758300000000000006,1758290000000000005,1758280000000000004,2023-09-05,1503,26,1034,11508833,7657241,0.017299,0.68,87.93
1758300000000000007,1758290000000000005,1758280000000000004,2023-09-05,1533,38,1037,12619599,8231963,0.024788,0.76,96.61
1758300000000000001,1758290000000000001,1758280000000000001,2023-09-06,1981,18,1282,17410279,8788631,0.009086,0.08,5.02
1758300000000000002,1758290000000000001,1758280000000000001,2023-09-06,2167,25,1536,12010014,5542231,0.011537,0.07,9.19
1758300000000000003,1758290000000000002,1758280000000000002,2023-09-06,886,17,682,8126376,9171982,0.019187,0.49,59.31
1758300000000000004,1758290000000000003,1758280000000000002,2023-09-06,745,21,564,8685220,11658013,0.028188,0.72,87.63
1758300000000000005,1758290000000000004,1758280000000000003,2023-09-06,1893,18,1263,12608697,6660696,0.009509,0.23,16.84
1758300000000000006,1758290000000000005,1758280000000000004,2023-09-06,1497,26,917,13759263,9191224,0.017368,0.66,55.84
1758300000000000007,1758290000000000005,1758280000000000004,2023-09-06,1135,17,868,11458131,10095270,0.014978,0.35,42.04
1758300000000000001,1758290000000000001,1758280000000000001,2023-09-07,3854,23,2536,20855155,5411301,0.005968,0.07,6.31
1758300000000000002,1758290000000000001,1758280000000000001,2023-09-07,3094,29,1997,18566585,6000835,0.009373,0.09,6.43
1758300000000000003,1758290000000000002,1758280000000000002,2023-09-07,992,22,644,10807238,10894393,0.022177,0.66,64.66
1758300000000000004,1758290000000000003,1758280000000000002,2023-09-07,1084,17,672,11719471,10811320,0.015683,0.66,40.85
1758300000000000005,1758290000000000004,1758280000000000003,2023-09-07,2147,23,1371,16895032,7869135,0.010713,0.18,15.85
1758300000000000006,1758290000000000005,1758280000000000004,2023-09-07,1569,22,887,17483963,11143380,0.014022,0.52,42.38
1758300000000000007,1758290000000000005,1758280000000000004,2023-09-07,1113,22,869,16306100,14650584,0.019766,0.48,51.3
1758300000000000001,1758290000000000001,1758280000000000001,2023-09-08,1537,16,1207,13472863,8765688,0.01041,0.05,6.1
1758300000000000002,1758290000000000001,1758280000000000001,2023-09-08,2306,28,1663,15276384,6624624,0.012142,0.08,7.72
1758300000000000003,1758290000000000002,1758280000000000002,2023-09-08,885,16,641,7779393,8790275,0.018079,0.45,34.73
1758300000000000004,1758290000000000003,1758280000000000002,2023-09-08,865,18,660,8648748,9998553,0.020809,0.48,28.5
1758300000000000005,1758290000000000004,1758280000000000003,2023-09-08,1304,20,838,12321106,9448701,0.015337,0.23,21.95
1758300000000000006,1758290000000000005,1758280000000000004,2023-09-08,1431,28,1098,12321873,8610673,0.019567,0.61,37.76
1758300000000000007,1758290000000000005,1758280000000000004,2023-09-08,938,24,636,12320339,13134690,0.025586,0.61,26.56
1758300000000000001,1758290000000000001,1758280000000000001,2023-09-09,1637,9,1273,10823378,6611715,0.005498,0.03,3.56
1758300000000000002,1758290000000000001,1758280000000000001,2023-09-09,1126,8,808,9745260,8654760,0.007105,0.03,2.57
1758300000000000003,1758290000000000002,1758280000000000002,2023-09-09,484,14,349,5334970,11022665,0.028926,0.54,48.83
1758300000000000004,1758290000000000003,1758280000000000002,2023-09-09,583,13,360,6418538,11009499,0.022298,0.38,49.9
1758300000000000005,1758290000000000004,1758280000000000003,2023-09-09,1163,11,827,8815131,7579648,0.009458,0.09,9.35
1758300000000000006,1758290000000000005,1758280000000000004,2023-09-09,1168,23,934,10338941,8851833,0.019692,0.45,27.33
1758300000000000007,1758290000000000005,1758280000000000004,2023-09-09,857,22,543,7291320,8507958,0.025671,0.57,57.24
1758300000000000001,1758290000000000001,1758280000000000001,2023-09-10,1680,9,1224,11295570,6723554,0.005357,0.04,4.66
1758300000000000002,1758290000000000001,1758280000000000001,2023-09-10,2141,13,1189,13497982,6304522,0.006072,0.04,1.84
1758300000000000004,1758290000000000003,1758280000000000002,2023-09-10,629,18,362,7020132,11160782,0.028617,0.56,33.09
1758300000000000005,1758290000000000004,1758280000000000003,2023-09-10,976,14,548,10625808,10887098,0.014344,0.11,5.14
1758300000000000006,1758290000000000005,1758280000000000004,2023-09-10,1373,34,794,11242399,8188200,0.024763,0.67,79.21
1758300000000000007,1758290000000000005,1758280000000000004,2023-09-10,687,17,429,10009217,14569457,0.024745,0.35,26.62
1758300000000000001,1758290000000000001,1758280000000000001,2023-09-11,2656,23,1893,17277053,6504915,0.00866,0.1,13.01
1758300000000000002,1758290000000000001,1758280000000000001,2023-09-11,2148,25,1321,19013745,8851837,0.011639,0.07,3.35
1758300000000000003,1758290000000000002,1758280000000000002,2023-09-11,1469,43,923,10181098,6930632,0.029272,1.05,125.71
1758300000000000004,1758290000000000003,1758280000000000002,2023-09-11,953,26,671,10556501,11077126,0.027282,0.88,49.15
1758300000000000005,1758290000000000004,1758280000000000003,2023-09-11,1799,16,1310,15553200,8645470,0.008894,0.12,8.84
1758300000000000006,1758290000000000005,1758280000000000004,2023-09-11,1540,38,1170,15933682,10346547,0.024675,0.61,79.69
1758300000000000007,1758290000000000005,1758280000000000004,2023-09-11,1016,25,641,15172717,14933777,0.024606,0.41,56.59
1758300000000000001,1758290000000000001,1758280000000000001,2023-09-12,1605,10,1129,10677509,6652654,0.006231,0.03,3.73
1758300000000000002,1758290000000000001,1758280000000000001,2023-09-12,2231,19,1594,13133031,5886612,0.008516,0.09,11.93
1758300000000000003,1758290000000000002,1758280000000000002,2023-09-12,1190,31,918,7998741,6721631,0.02605,0.7,66.77
1758300000000000004,1758290000000000003,1758280000000000002,2023-09-12,649,12,497,5607282,8639880,0.01849,0.42,20.31
1758300000000000005,1758290000000000004,1758280000000000003,2023-09-12,1465,19,843,10204517,6965541,0.012969,0.21,13.19
1758300000000000006,1758290000000000005,1758280000000000004,2023-09-12,1209,16,871,10117722,8368670,0.013234,0.37,30.74
1758300000000000007,1758290000000000005,1758280000000000004,2023-09-12,902,16,663,10291313,11409438,0.017738,0.45,35.58
1758300000000000001,1758290000000000001,1758280000000000001,2023-09-13,2588,26,1482,19878930,7681194,0.010046,0.11,5.75
1758300000000000002,1758290000000000001,1758280000000000001,2023-09-13,3747,42,2416,18005786,4805387,0.011209,0.16,7.31
1758300000000000003,1758290000000000002,1758280000000000002,2023-09-13,950,16,702,10612755,11171321,0.016842,0.57,67.41
1758300000000000004,1758290000000000003,1758280000000000002,2023-09-13,989,16,752,11035655,11158397,0.016178,0.56,57.2
1758300000000000005,1758290000000000004,1758280000000000003,2023-09-13,1655,24,1069,16236307,9810457,0.014502,0.23,31.09
1758300000000000006,1758290000000000005,1758280000000000004,2023-09-13,2426,55,1554,17481080,7205721,0.022671,0.99,81.45
1758300000000000007,1758290000000000005,1758280000000000004,2023-09-13,1669,27,1075,14991534,8982345,0.016177,0.55,47.22
1758300000000000001,1758290000000000001,1758280000000000001,2023-09-14,2080,20,1297,14695028,7064917,0.009615,0.07,5.81
1758300000000000002,1758290000000000001,1758280000000000001,2023-09-14,2101,16,1349,16756796,7975629,0.007615,0.06,5.3
1758300000000000003,1758290000000000002,1758280000000000002,2023-09-14,1283,30,721,9440478,7358128,0.023383,0.95,70.85
1758300000000000004,1758290000000000003,1758280000000000002,2023-09-14,733,22,572,8531992,11639825,0.030014,0.47,35.73
1758300000000000005,1758290000000000004,1758280000000000003,2023-09-14,2314,29,1680,13479353,5825131,0.012532,0.31,31.9
1758300000000000006,1758290000000000005,1758280000000000004,2023-09-14,1659,41,1173,15369558,9264351,0.024714,0.75,90.57
1758300000000000007,1758290000000000005,1758280000000000004,2023-09-14,1177,29,869,11589147,9846344,0.024639,0.78,54.86
1758300000000000001,1758290000000000001,1758280000000000001,2023-09-15,2148,21,1465,17969252,8365574,0.009777,0.1,13.44
1758300000000000002,1758290000000000001,1758280000000000001,2023-09-15,2190,24,1564,13274449,6061392,0.010959,0.12,9.54
1758300000000000003,1758290000000000002,1758280000000000002,2023-09-15,1191,19,731,9166783,7696711,0.015953,0.48,61.01
1758300000000000004,1758290000000000003,1758280000000000002,2023-09-15,717,17,398,8686761,12115427,0.02371,0.61,76.51
1758300000000000005,1758290000000000004,1758280000000000003,2023-09-15,2261,27,1423,13390158,5922228,0.011942,0.33,19.26
1758300000000000006,1758290000000000005,1758280000000000004,2023-09-15,1342,25,808,13062996,9733976,0.018629,0.52,53.94
1758300000000000007,1758290000000000005,1758280000000000004,2023-09-15,1444,36,978,13717319,9499528,0.024931,0.77,101.32
1758300000000000001,1758290000000000001,1758280000000000001,2023-09-16,1857,15,1310,14802244,7971052,0.008078,0.05,5.1
1758300000000000002,1758290000000000001,1758280000000000001,2023-09-16,3199,36,2230,18101397,5658455,0.011254,0.11,13.69
1758300000000000003,1758290000000000002,1758280000000000002,2023-09-16,1042,29,812,9200822,8829964,0.027831,0.66,44.15
1758300000000000004,1758290000000000003,1758280000000000002,2023-09-16,1336,21,747,9601258,7186570,0.015719,0.51,33.46
1758300000000000005,1758290000000000004,1758280000000000003,2023-09-16,1905,25,1491,14101560,7402394,0.013123,0.29,12.89
1758300000000000006,1758290000000000005,1758280000000000004,2023-09-16,1467,37,1061,15812737,10778962,0.025222,0.84,38.63
1758300000000000001,1758290000000000001,1758280000000000001,2023-09-17,2107,15,1483,18623296,8838774,0.007119,0.05,5.44
1758300000000000002,1758290000000000001,1758280000000000001,2023-09-17,2907,15,1638,18188478,6256786,0.00516,0.06,2.65
1758300000000000003,1758290000000000002,1758280000000000002,2023-09-17,1932,53,1465,11827690,6121993,0.027433,1.21,141.88
1758300000000000004,1758290000000000003,1758280000000000002,2023-09-17,851,24,680,9207610,10819753,0.028202,0.6,78.32
1758300000000000005,1758290000000000004,1758280000000000003,2023-09-17,1921,22,1519,15776475,8212637,0.011452,0.23,31.25
1758300000000000006,1758290000000000005,1758280000000000004,2023-09-17,1810,25,1434,14917106,8241495,0.013812,0.63,38.45
1758300000000000007,1758290000000000005,1758280000000000004,2023-09-17,1169,19,863,16635843,14230832,0.016253,0.41,25.38
1758300000000000001,1758290000000000001,1758280000000000001,2023-09-18,2363,23,1313,19368687,8196651,0.009733,0.08,4.05
1758300000000000002,1758290000000000001,1758280000000000001,2023-09-18,4639,49,3529,19104070,4118144,0.010563,0.21,10.25
1758300000000000003,1758290000000000002,1758280000000000002,2023-09-18,841,19,530,10507016,12493479,0.022592,0.49,64.34
1758300000000000004,1758290000000000003,1758280000000000002,2023-09-18,1279,28,996,11477416,8973742,0.021892,0.74,82.23
1758300000000000005,1758290000000000004,1758280000000000003,2023-09-18,1667,26,1277,16488325,9891017,0.015597,0.27,22.3
1758300000000000006,1758290000000000005,1758280000000000004,2023-09-18,1368,27,796,18210918,13312075,0.019737,0.49,24.77
1758300000000000007,1758290000000000005,1758280000000000004,2023-09-18,1169,18,769,14765731,12631079,0.015398,0.32,38.8
1758300000000000001,1758290000000000001,1758280000000000001,2023-09-19,3299,35,2624,15948003,4834193,0.010609,0.18,11.37
1758300000000000002,1758290000000000001,1758280000000000001,2023-09-19,2042,22,1548,16749666,8202579,0.010774,0.06,7.87
1758300000000000003,1758290000000000002,1758280000000000002,2023-09-19,771,17,552,8910606,11557206,0.022049,0.42,27.19
1758300000000000004,1758290000000000003,1758280000000000002,2023-09-19,796,20,627,9773777,12278614,0.025126,0.57,62.87
1758300000000000005,1758290000000000004,1758280000000000003,2023-09-19,1327,12,763,14013287,10560126,0.009043,0.15,10.37
1758300000000000006,1758290000000000005,1758280000000000004,2023-09-19,1279,23,847,13632771,10658930,0.017983,0.53,24.28
1758300000000000007,1758290000000000005,1758280000000000004,2023-09-19,1264,17,711,14393803,11387502,0.013449,0.47,20.95
1758300000000000001,1758290000000000001,1758280000000000001,2023-09-20,3607,27,2672,29623283,8212721,0.007485,0.12,5.57
1758300000000000002,1758290000000000001,1758280000000000001,2023-09-20,4223,48,3132,25451294,6026828,0.011366,0.25,18.81
1758300000000000003,1758290000000000002,1758280000000000002,2023-09-20,1292,27,754,14125567,10933101,0.020898,0.75,40.98
1758300000000000005,1758290000000000004,1758280000000000003,2023-09-20,2267,39,1271,23603390,10411729,0.017203,0.29,22.94
1758300000000000006,1758290000000000005,1758280000000000004,2023-09-20,1935,37,1124,20490501,10589406,0.019121,0.66,86.43
1758300000000000007,1758290000000000005,1758280000000000004,2023-09-20,2555,62,1845,26716279,10456469,0.024266,1.27,54.06
1758300000000000002,1758290000000000001,1758280000000000001,2023-09-21,2338,12,1346,19166834,8197962,0.005133,0.04,2.03
1758300000000000003,1758290000000000002,1758280000000000002,2023-09-21,1058,28,630,11603330,10967231,0.026465,0.83,44.6
1758300000000000004,1758290000000000003,1758280000000000002,2023-09-21,948,18,681,11507680,12138903,0.018987,0.55,33.03
1758300000000000005,1758290000000000004,1758280000000000003,2023-09-21,2131,33,1680,17333258,8133861,0.015486,0.39,51.59
1758300000000000006,1758290000000000005,1758280000000000004,2023-09-21,1339,27,897,18079892,13502533,0.020164,0.69,64.83
1758300000000000007,1758290000000000005,1758280000000000004,2023-09-21,2096,39,1602,16586623,7913465,0.018607,0.87,85.84
1758300000000000001,1758290000000000001,1758280000000000001,2023-09-22,3470,30,2080,18791031,5415283,0.008646,0.11,9.02
1758300000000000002,1758290000000000001,1758280000000000001,2023-09-22,2964,23,1720,21987411,7418155,0.00776,0.09,9.73
1758300000000000003,1758290000000000002,1758280000000000002,2023-09-22,1592,28,1082,11982072,7526427,0.017588,0.7,69.44
1758300000000000004,1758290000000000003,1758280000000000002,2023-09-22,1831,48,1110,11319895,6182357,0.026215,1.62,87.03
1758300000000000005,1758290000000000004,1758280000000000003,2023-09-22,2374,20,1573,17476475,7361615,0.008425,0.17,21.35
1758300000000000006,1758290000000000005,1758280000000000004,2023-09-22,2330,38,1359,19708684,8458663,0.016309,0.83,40.49
1758300000000000007,1758290000000000005,1758280000000000004,2023-09-22,1452,22,1138,15244267,10498806,0.015152,0.41,47.91
1758300000000000001,1758290000000000001,1758280000000000001,2023-09-23,3062,36,2217,17277677,5642612,0.011757,0.12,10.17
1758300000000000002,1758290000000000001,1758280000000000001,2023-09-23,3105,20,2179,20163520,6493887,0.006441,0.07,9.4
1758300000000000003,1758290000000000002,1758280000000000002,2023-09-23,1028,23,636,11014936,10714918,0.022374,0.86,98.43
1758300000000000004,1758290000000000003,1758280000000000002,2023-09-23,1595,42,1274,10380034,6507858,0.026332,1.06,69.2
1758300000000000005,1758290000000000004,1758280000000000003,2023-09-23,2010,36,1438,16046227,7983198,0.01791,0.41,45.85
1758300000000000007,1758290000000000005,1758280000000000004,2023-09-23,1303,18,792,16438464,12615859,0.013814,0.37,45.07
1758300000000000001,1758290000000000001,1758280000000000001,2023-09-24,4592,53,3358,21519145,4686225,0.011542,0.25,22.9
1758300000000000002,1758290000000000001,1758280000000000001,2023-09-24,2157,20,1692,16856671,7814868,0.009272,0.08,5.92
1758300000000000003,1758290000000000002,1758280000000000002,2023-09-24,1056,21,818,10150995,9612685,0.019886,0.74,42.36
1758300000000000004,1758290000000000003,1758280000000000002,2023-09-24,1695,40,1067,11778043,6948698,0.023599,1.55,215.6
1758300000000000005,1758290000000000004,1758280000000000003,2023-09-24,1700,16,1286,16446778,9674575,0.009412,0.18,16.73
1758300000000000006,1758290000000000005,1758280000000000004,2023-09-24,1485,26,1010,15810195,10646596,0.017508,0.74,78.44
1758300000000000001,1758290000000000001,1758280000000000001,2023-09-25,2138,23,1613,18380973,8597275,0.010758,0.12,10.59
1758300000000000002,1758290000000000001,1758280000000000001,2023-09-25,3306,22,2408,22289382,6742100,0.006655,0.11,13.57
1758300000000000003,1758290000000000002,1758280000000000002,2023-09-25,1124,26,708,12458755,11084302,0.023132,0.89,108.96
1758300000000000004,1758290000000000003,1758280000000000002,2023-09-25,1182,26,771,10781448,9121360,0.021997,0.77,84.08
1758300000000000005,1758290000000000004,1758280000000000003,2023-09-25,3073,50,2246,17430152,5672031,0.016271,0.37,46.44
1758300000000000006,1758290000000000005,1758280000000000004,2023-09-25,1486,33,884,17442843,11738118,0.022207,0.54,60.77
1758300000000000007,1758290000000000005,1758280000000000004,2023-09-25,1594,34,1251,17417461,10926889,0.02133,0.6,63.36
1758300000000000002,1758290000000000001,1758280000000000001,2023-09-26,3186,36,1932,20163579,6328807,0.011299,0.16,18.46
1758300000000000003,1758290000000000002,1758280000000000002,2023-09-26,1084,31,834,12647682,11667603,0.028598,0.74,54.93
1758300000000000004,1758290000000000003,1758280000000000002,2023-09-26,881,24,561,10660556,12100518,0.027242,0.66,48.05
1758300000000000005,1758290000000000004,1758280000000000003,2023-09-26,1628,23,947,17481178,10737824,0.014128,0.28,11.57
1758300000000000006,1758290000000000005,1758280000000000004,2023-09-26,1329,34,798,19485087,14661465,0.025583,0.53,27.36
1758300000000000007,1758290000000000005,1758280000000000004,2023-09-26,1958,32,1128,15477269,7904632,0.016343,0.87,113.57
1758300000000000001,1758290000000000001,1758280000000000001,2023-09-27,2373,24,1417,20362992,8581118,0.010114,0.11,6.67
1758300000000000002,1758290000000000001,1758280000000000001,2023-09-27,2814,19,1893,14030792,4986067,0.006752,0.08,6.82
1758300000000000003,1758290000000000002,1758280000000000002,2023-09-27,952,20,541,10423826,10949397,0.021008,0.64,26.07
1758300000000000004,1758290000000000003,1758280000000000002,2023-09-27,1166,26,788,9229765,7915750,0.022298,0.88,119.55
1758300000000000005,1758290000000000004,1758280000000000003,2023-09-27,1442,22,945,14740193,10222048,0.015257,0.28,23.05
1758300000000000006,1758290000000000005,1758280000000000004,2023-09-27,2199,32,1300,16447097,7479353,0.014552,0.59,79.29
1758300000000000007,1758290000000000005,1758280000000000004,2023-09-27,1586,25,919,13033290,8217711,0.015763,0.7,32.86
1758300000000000001,1758290000000000001,1758280000000000001,2023-09-28,3273,26,1895,23204803,7089766,0.007944,0.11,5.49
1758300000000000002,1758290000000000001,1758280000000000001,2023-09-28,2334,14,1704,19447355,8332200,0.005998,0.05,6.86
1758300000000000003,1758290000000000002,1758280000000000002,2023-09-28,1244,32,782,12068507,9701372,0.025723,0.81,54.9
1758300000000000005,1758290000000000004,1758280000000000003,2023-09-28,3141,51,1847,18279496,5819642,0.016237,0.59,75.15
1758300000000000006,1758290000000000005,1758280000000000004,2023-09-28,1402,33,987,19428051,13857383,0.023538,0.59,56.07
1758300000000000007,1758290000000000005,1758280000000000004,2023-09-28,1359,21,898,17130941,12605549,0.015453,0.43,39.09
1758300000000000001,1758290000000000001,1758280000000000001,2023-09-29,2151,25,1261,16688906,7758673,0.011623,0.09,11.65
1758300000000000002,1758290000000000001,1758280000000000001,2023-09-29,3094,30,2333,15569484,5032154,0.009696,0.14,9.13
1758300000000000003,1758290000000000002,1758280000000000002,2023-09-29,1230,33,807,10053035,8173199,0.026829,1.22,92.27
1758300000000000005,1758290000000000004,1758280000000000003,2023-09-29,1308,20,917,13825024,10569590,0.015291,0.21,14.62
1758300000000000006,1758290000000000005,1758280000000000004,2023-09-29,1225,21,831,15765059,12869436,0.017143,0.45,29.26
1758300000000000007,1758290000000000005,1758280000000000004,2023-09-29,1003,15,727,11884990,11849442,0.014955,0.27,34.72
1758300000000000001,1758290000000000001,1758280000000000001,2023-09-30,4459,43,2591,18364879,4118609,0.009643,0.13,7.94
1758300000000000002,1758290000000000001,1758280000000000001,2023-09-30,2276,24,1595,16463848,7233677,0.010545,0.1,8.98
1758300000000000003,1758290000000000002,1758280000000000002,2023-09-30,745,12,566,9204822,12355466,0.016107,0.44,57.74
1758300000000000004,1758290000000000003,1758280000000000002,2023-09-30,862,24,664,10697308,12409870,0.027842,0.74,48.0
1758300000000000005,1758290000000000004,1758280000000000003,2023-09-30,1477,20,960,14926597,10106024,0.013541,0.23,10.97
1758300000000000006,1758290000000000005,1758280000000000004,2023-09-30,1131,18,865,14425214,12754389,0.015915,0.51,61.99
1758300000000000007,1758290000000000005,1758280000000000004,2023-09-30,2179,54,1695,15427980,7080303,0.024782,0.98,67.85
1758300000000000001,1758290000000000001,1758280000000000001,2023-10-01,2509,23,1764,17203910,6856879,0.009167,0.11,8.4
1758300000000000002,1758290000000000001,1758280000000000001,2023-10-01,2625,16,1695,13384519,5098864,0.006095,0.06,8.36
1758300000000000004,1758290000000000003,1758280000000000002,2023-10-01,983,26,598,7920901,8057885,0.02645,0.96,122.21
1758300000000000005,1758290000000000004,1758280000000000003,2023-10-01,1265,10,727,13109327,10363104,0.007905,0.12,16.51
1758300000000000006,1758290000000000005,1758280000000000004,2023-10-01,1488,20,1033,14127577,9494339,0.013441,0.47,39.43
1758300000000000007,1758290000000000005,1758280000000000004,2023-10-01,952,25,652,12091076,12700710,0.026261,0.67,93.57
1758300000000000001,1758290000000000001,1758280000000000001,2023-10-02,2722,30,1998,24039860,8831690,0.011021,0.12,5.65
1758300000000000002,1758290000000000001,1758280000000000001,2023-10-02,2266,18,1665,17168877,7576733,0.007944,0.07,3.26
1758300000000000003,1758290000000000002,1758280000000000002,2023-10-02,1839,49,1262,11191832,6085825,0.026645,1.54,65.99
1758300000000000004,1758290000000000003,1758280000000000002,2023-10-02,1450,31,848,12356018,8521392,0.021379,0.77,106.45
1758300000000000005,1758290000000000004,1758280000000000003,2023-10-02,3224,51,2045,17660887,5477943,0.015819,0.44,57.21
1758300000000000006,1758290000000000005,1758280000000000004,2023-10-02,1371,23,772,17059394,12443030,0.016776,0.37,17.51
1758300000000000007,1758290000000000005,1758280000000000004,2023-10-02,1630,23,958,18262381,11203915,0.01411,0.63,71.78
1758300000000000001,1758290000000000001,1758280000000000001,2023-10-03,4271,26,2497,17103992,4004681,0.006088,0.1,6.36
1758300000000000002,1758290000000000001,1758280000000000001,2023-10-03,3291,21,2572,18420020,5597089,0.006381,0.09,5.2
1758300000000000003,1758290000000000002,1758280000000000002,2023-10-03,1117,31,731,10024298,8974304,0.027753,0.82,33.54
1758300000000000004,1758290000000000003,1758280000000000002,2023-10-03,1143,25,719,10275138,8989622,0.021872,0.96,40.24
1758300000000000005,1758290000000000004,1758280000000000003,2023-10-03,2261,23,1605,15224577,6733559,0.010172,0.23,17.65
1758300000000000006,1758290000000000005,1758280000000000004,2023-10-03,2105,44,1213,16417922,7799488,0.020903,0.78,85.6
1758300000000000007,1758290000000000005,1758280000000000004,2023-10-03,1204,23,769,14031231,11653846,0.019103,0.46,19.38
1758300000000000001,1758290000000000001,1758280000000000001,2023-10-04,2696,27,1525,19464055,7219605,0.010015,0.11,6.01
1758300000000000002,1758290000000000001,1758280000000000001,2023-10-04,2542,21,1446,19859549,7812568,0.008261,0.08,8.84
1758300000000000003,1758290000000000002,1758280000000000002,2023-10-04,2013,43,1307,12177146,6049253,0.021361,1.48,125.1
1758300000000000004,1758290000000000003,1758280000000000002,2023-10-04,1318,39,996,10293485,7809928,0.02959,0.9,40.07
1758300000000000005,1758290000000000004,1758280000000000003,2023-10-04,1828,18,1147,16852973,9219351,0.009847,0.14,17.19
1758300000000000006,1758290000000000005,1758280000000000004,2023-10-04,1540,24,1017,14601660,9481597,0.015584,0.54,32.91
1758300000000000007,1758290000000000005,1758280000000000004,2023-10-04,1580,21,1209,19104286,12091320,0.013291,0.36,31.3
1758300000000000001,1758290000000000001,1758280000000000001,2023-10-05,2886,24,1669,23246412,8054890,0.008316,0.07,7.37
1758300000000000002,1758290000000000001,1758280000000000001,2023-10-05,4086,29,2253,20684747,5062346,0.007097,0.13,7.36
1758300000000000003,1758290000000000002,1758280000000000002,2023-10-05,1896,56,1272,14083405,7427956,0.029536,1.53,83.91
1758300000000000004,1758290000000000003,1758280000000000002,2023-10-05,1105,19,668,11020114,9972954,0.017195,0.45,23.44
1758300000000000005,1758290000000000004,1758280000000000003,2023-10-05,2464,30,1507,18827639,7641087,0.012175,0.36,45.03
1758300000000000006,1758290000000000005,1758280000000000004,2023-10-05,2636,43,1503,18710147,7097931,0.016313,0.68,57.53
1758300000000000007,1758290000000000005,1758280000000000004,2023-10-05,1278,24,933,18945132,14824047,0.018779,0.57,36.71
1758300000000000001,1758290000000000001,1758280000000000001,2023-10-06,4947,54,3893,19934752,4029665,0.010916,0.2,11.36
1758300000000000002,1758290000000000001,1758280000000000001,2023-10-06,1889,15,1344,14889488,7882206,0.007941,0.05,5.76
1758300000000000003,1758290000000000002,1758280000000000002,2023-10-06,1167,30,832,10139534,8688547,0.025707,0.79,51.34
1758300000000000005,1758290000000000004,1758280000000000003,2023-10-06,2970,43,2209,14924674,5025143,0.014478,0.43,31.9
1758300000000000006,1758290000000000005,1758280000000000004,2023-10-06,1123,17,837,14051506,12512472,0.015138,0.26,26.76
1758300000000000007,1758290000000000005,1758280000000000004,2023-10-06,1995,44,1467,15797843,7918718,0.022055,0.92,49.73
1758300000000000001,1758290000000000001,1758280000000000001,2023-10-07,2016,15,1237,17501171,8681136,0.00744,0.06,7.83
1758300000000000002,1758290000000000001,1758280000000000001,2023-10-07,3903,45,2398,20231955,5183693,0.01153,0.23,23.05
1758300000000000003,1758290000000000002,1758280000000000002,2023-10-07,1682,28,1312,10938224,6503106,0.016647,0.96,127.27
1758300000000000004,1758290000000000003,1758280000000000002,2023-10-07,1374,24,940,10623563,7731851,0.017467,0.67,27.03
1758300000000000005,1758290000000000004,1758280000000000003,2023-10-07,1788,31,1063,16171340,9044374,0.017338,0.29,12.74
1758300000000000006,1758290000000000005,1758280000000000004,2023-10-07,1051,24,661,13959565,13282174,0.022835,0.48,54.09
1758300000000000007,1758290000000000005,1758280000000000004,2023-10-07,1723,37,1061,18383115,10669248,0.021474,0.83,98.47
1758300000000000001,1758290000000000001,1758280000000000001,2023-10-08,2931,34,1896,20500702,6994439,0.0116,0.17,15.79
1758300000000000002,1758290000000000001,1758280000000000001,2023-10-08,1759,15,1261,15712662,8932724,0.008528,0.04,4.79
1758300000000000003,1758290000000000002,1758280000000000002,2023-10-08,1738,35,1163,12090034,6956291,0.020138,0.89,45.27
1758300000000000004,1758290000000000003,1758280000000000002,2023-10-08,750,12,490,8603316,11471088,0.016,0.37,41.46
1758300000000000005,1758290000000000004,1758280000000000003,2023-10-08,1917,27,1372,15520013,8095990,0.014085,0.25,12.78
1758300000000000007,1758290000000000005,1758280000000000004,2023-10-08,1404,24,831,15313018,10906708,0.017094,0.63,83.25
1758300000000000001,1758290000000000001,1758280000000000001,2023-10-09,1889,17,1504,15898301,8416253,0.008999,0.06,7.9
1758300000000000002,1758290000000000001,1758280000000000001,2023-10-09,2440,22,1877,16995844,6965510,0.009016,0.08,5.21
1758300000000000003,1758290000000000002,1758280000000000002,2023-10-09,926,27,624,10255899,11075485,0.029158,0.66,37.54
1758300000000000004,1758290000000000003,1758280000000000002,2023-10-09,826,20,521,8540755,10339897,0.024213,0.53,26.89
1758300000000000005,1758290000000000004,1758280000000000003,2023-10-09,2394,30,1598,14097491,5888676,0.012531,0.24,21.82
1758300000000000006,1758290000000000005,1758280000000000004,2023-10-09,1157,20,782,14326900,12382800,0.017286,0.46,23.17
1758300000000000007,1758290000000000005,1758280000000000004,2023-10-09,1102,15,656,13868082,12584466,0.013612,0.34,28.97
1758300000000000001,1758290000000000001,1758280000000000001,2023-10-10,2132,14,1404,16724015,7844285,0.006567,0.07,7.74
1758300000000000002,1758290000000000001,1758280000000000001,2023-10-10,2877,20,2012,17301173,6013616,0.006952,0.06,7.13
1758300000000000003,1758290000000000002,1758280000000000002,2023-10-10,871,21,607,8485249,9741962,0.02411,0.66,39.27
1758300000000000004,1758290000000000003,1758280000000000002,2023-10-10,1413,23,982,10957715,7754929,0.016277,0.73,91.25
1758300000000000005,1758290000000000004,1758280000000000003,2023-10-10,1379,19,943,14582224,10574492,0.013778,0.2,24.13
1758300000000000006,1758290000000000005,1758280000000000004,2023-10-10,1006,25,744,14407310,14321382,0.024851,0.43,51.15
1758300000000000007,1758290000000000005,1758280000000000004,2023-10-10,1550,40,958,14757137,9520734,0.025806,0.7,46.89
1758300000000000001,1758290000000000001,1758280000000000001,2023-10-11,2806,16,1758,24230128,8635113,0.005702,0.06,6.11
1758300000000000002,1758290000000000001,1758280000000000001,2023-10-11,3014,30,1844,20345909,6750467,0.009954,0.12,10.03
1758300000000000003,1758290000000000002,1758280000000000002,2023-10-11,977,20,739,12629447,12926763,0.020471,0.47,56.61
1758300000000000004,1758290000000000003,1758280000000000002,2023-10-11,1576,25,1247,12842574,8148841,0.015863,0.66,53.34
1758300000000000005,1758290000000000004,1758280000000000003,2023-10-11,1750,22,1153,19104016,10916581,0.012571,0.17,11.75
1758300000000000006,1758290000000000005,1758280000000000004,2023-10-11,2830,57,1739,20375688,7199890,0.020141,0.95,77.4
1758300000000000007,1758290000000000005,1758280000000000004,2023-10-11,1800,44,1270,17832344,9906858,0.024444,0.92,67.53
1758300000000000001,1758290000000000001,1758280000000000001,2023-10-12,5733,47,4083,23915231,4171504,0.008198,0.15,10.07
1758300000000000002,1758290000000000001,1758280000000000001,2023-10-12,3402,38,2014,17170099,5047060,0.01117,0.18,15.96
1758300000000000003,1758290000000000002,1758280000000000002,2023-10-12,1406,41,1031,13273635,9440708,0.029161,1.33,162.26
1758300000000000004,1758290000000000003,1758280000000000002,2023-10-12,846,16,623,10203696,12061106,0.018913,0.44,59.79
1758300000000000005,1758290000000000004,1758280000000000003,2023-10-12,2130,17,1337,17607999,8266666,0.007981,0.14,13.8
1758300000000000006,1758290000000000005,1758280000000000004,2023-10-12,1287,20,807,17444124,13554098,0.01554,0.42,44.41
1758300000000000007,1758290000000000005,1758280000000000004,2023-10-12,2176,48,1412,17771873,8167221,0.022059,0.98,57.76
1758300000000000001,1758290000000000001,1758280000000000001,2023-10-13,1805,13,1047,13422541,7436311,0.007202,0.04,3.69
1758300000000000002,1758290000000000001,1758280000000000001,2023-10-13,1841,16,1215,14527984,7891355,0.008691,0.08,6.81
1758300000000000003,1758290000000000002,1758280000000000002,2023-10-13,853,23,609,7847814,9200251,0.026964,0.61,50.19
1758300000000000004,1758290000000000003,1758280000000000002,2023-10-13,878,24,591,8123914,9252749,0.027335,0.66,74.49
1758300000000000005,1758290000000000004,1758280000000000003,2023-10-13,1161,15,803,11978796,10317654,0.01292,0.15,11.98
1758300000000000006,1758290000000000005,1758280000000000004,2023-10-13,1410,31,799,10042793,7122548,0.021986,0.59,59.16
1758300000000000007,1758290000000000005,1758280000000000004,2023-10-13,1049,22,822,13914800,13264824,0.020972,0.61,42.14
1758300000000000001,1758290000000000001,1758280000000000001,2023-10-14,2439,24,1581,16832716,6901483,0.00984,0.07,7.61
1758300000000000002,1758290000000000001,1758280000000000001,2023-10-14,2884,17,2247,14929671,5176724,0.005895,0.07,7.47
1758300000000000003,1758290000000000002,1758280000000000002,2023-10-14,802,19,462,8204317,10229822,0.023691,0.7,37.45
1758300000000000004,1758290000000000003,1758280000000000002,2023-10-14,1538,24,1192,9945619,6466592,0.015605,0.67,77.13
1758300000000000005,1758290000000000004,1758280000000000003,2023-10-14,2202,37,1234,13612451,6181858,0.016803,0.46,37.27
1758300000000000006,1758290000000000005,1758280000000000004,2023-10-14,1157,25,689,13427008,11605020,0.021608,0.57,61.62
1758300000000000007,1758290000000000005,1758280000000000004,2023-10-14,1431,27,1013,13797895,9642135,0.018868,0.58,27.27
1758300000000000001,1758290000000000001,1758280000000000001,2023-10-15,2657,14,1822,20828372,7839056,0.005269,0.06,3.73
1758300000000000002,1758290000000000001,1758280000000000001,2023-10-15,3027,24,2360,18668341,6167275,0.007929,0.12,5.09
1758300000000000003,1758290000000000002,1758280000000000002,2023-10-15,1486,39,1051,10151427,6831378,0.026245,0.84,37.86
1758300000000000004,1758290000000000003,1758280000000000002,2023-10-15,962,19,702,12418123,12908652,0.019751,0.59,76.6
1758300000000000005,1758290000000000004,1758280000000000003,2023-10-15,1685,16,948,16927163,10045794,0.009496,0.13,6.19
1758300000000000006,1758290000000000005,1758280000000000004,2023-10-15,1850,47,1210,15647577,8458150,0.025405,0.89,104.28
1758300000000000007,1758290000000000005,1758280000000000004,2023-10-15,1998,47,1201,18206749,9112487,0.023524,0.79,48.87
1758300000000000001,1758290000000000001,1758280000000000001,2023-10-16,2019,19,1417,16589221,8216553,0.009411,0.09,11.44
1758300000000000002,1758290000000000001,1758280000000000001,2023-10-16,2396,17,1327,16607436,6931317,0.007095,0.09,10.5
1758300000000000003,1758290000000000002,1758280000000000002,2023-10-16,1361,22,1002,8903326,6541753,0.016165,0.7,69.09
1758300000000000004,1758290000000000003,1758280000000000002,2023-10-16,866,17,508,10066192,11623778,0.01963,0.37,38.93
1758300000000000005,1758290000000000004,1758280000000000003,2023-10-16,2378,22,1899,14227139,5982817,0.009251,0.25,11.76
1758300000000000006,1758290000000000005,1758280000000000004,2023-10-16,1303,28,1019,12158897,9331464,0.021489,0.54,35.58
1758300000000000007,1758290000000000005,1758280000000000004,2023-10-16,1912,46,1144,16295380,8522688,0.024059,0.71,88.53
1758300000000000001,1758290000000000001,1758280000000000001,2023-10-17,3194,20,2440,28538504,8935036,0.006262,0.1,4.43
1758300000000000002,1758290000000000001,1758280000000000001,2023-10-17,6364,52,4888,33814613,5313421,0.008171,0.17,19.0
1758300000000000003,1758290000000000002,1758280000000000002,2023-10-17,1496,36,914,18678706,12485766,0.024064,0.81,81.02
1758300000000000004,1758290000000000003,1758280000000000002,2023-10-17,1483,24,992,16951647,11430645,0.016183,0.76,96.07
1758300000000000005,1758290000000000004,1758280000000000003,2023-10-17,2764,46,1692,26722764,9668149,0.016643,0.5,45.76
1758300000000000006,1758290000000000005,1758280000000000004,2023-10-17,3358,80,1996,24266031,7226334,0.023824,1.73,216.48
1758300000000000007,1758290000000000005,1758280000000000004,2023-10-17,3518,63,2471,29179498,8294343,0.017908,1.41,126.96
1758300000000000001,1758290000000000001,1758280000000000001,2023-10-18,2549,28,2018,20493863,8039962,0.010985,0.08,10.6
1758300000000000002,1758290000000000001,1758280000000000001,2023-10-18,2966,22,2319,25865390,8720630,0.007417,0.09,8.99
1758300000000000003,1758290000000000002,1758280000000000002,2023-10-18,957,16,760,12180898,12728211,0.016719,0.52,40.28
1758300000000000004,1758290000000000003,1758280000000000002,2023-10-18,1359,22,824,14310104,10529878,0.016188,0.81,74.04
1758300000000000005,1758290000000000004,1758280000000000003,2023-10-18,3726,31,2193,19868251,5332327,0.00832,0.29,31.07
1758300000000000006,1758290000000000005,1758280000000000004,2023-10-18,1628,32,1178,18186609,11171136,0.019656,0.58,24.44
1758300000000000007,1758290000000000005,1758280000000000004,2023-10-18,2620,63,1730,21549893,8225150,0.024046,1.41,91.91
1758300000000000002,1758290000000000001,1758280000000000001,2023-10-19,2410,20,1892,16032181,6652357,0.008299,0.07,5.24
1758300000000000003,1758290000000000002,1758280000000000002,2023-10-19,1022,26,746,8116565,7941844,0.02544,0.92,115.16
1758300000000000004,1758290000000000003,1758280000000000002,2023-10-19,804,14,468,9667000,12023632,0.017413,0.54,34.85
1758300000000000005,1758290000000000004,1758280000000000003,2023-10-19,1229,15,783,13337674,10852461,0.012205,0.17,23.41
1758300000000000006,1758290000000000005,1758280000000000004,2023-10-19,1007,17,705,13072065,12981197,0.016882,0.48,26.91
1758300000000000007,1758290000000000005,1758280000000000004,2023-10-19,981,20,565,13603283,13866751,0.020387,0.56,74.52
1758300000000000001,1758290000000000001,1758280000000000001,2023-10-20,2398,13,1368,16738189,6980062,0.005421,0.07,8.83
1758300000000000002,1758290000000000001,1758280000000000001,2023-10-20,4749,25,3473,21840581,4598985,0.005264,0.1,11.44
1758300000000000003,1758290000000000002,1758280000000000002,2023-10-20,1011,27,748,10168095,10057463,0.026706,0.63,84.14
1758300000000000004,1758290000000000003,1758280000000000002,2023-10-20,1517,35,923,11876916,7829213,0.023072,0.94,68.55
1758300000000000005,1758290000000000004,1758280000000000003,2023-10-20,1691,26,1099,16533758,9777503,0.015376,0.31,15.78
1758300000000000006,1758290000000000005,1758280000000000004,2023-10-20,1813,37,1235,17798723,9817277,0.020408,0.9,118.5
1758300000000000007,1758290000000000005,1758280000000000004,2023-10-20,1386,27,1010,15268794,11016446,0.019481,0.53,43.43
1758300000000000001,1758290000000000001,1758280000000000001,2023-10-21,2064,16,1400,16755682,8118063,0.007752,0.08,3.89
1758300000000000002,1758290000000000001,1758280000000000001,2023-10-21,2543,14,1692,21648336,8512912,0.005505,0.07,5.81
1758300000000000003,1758290000000000002,1758280000000000002,2023-10-21,965,27,535,9703338,10055273,0.027979,0.65,70.09
1758300000000000004,1758290000000000003,1758280000000000002,2023-10-21,1608,42,942,12241815,7613069,0.026119,1.5,204.0
1758300000000000005,1758290000000000004,1758280000000000003,2023-10-21,1512,16,1169,16458865,10885493,0.010582,0.13,7.75
1758300000000000006,1758290000000000005,1758280000000000004,2023-10-21,1993,26,1374,16192082,8124477,0.013046,0.62,35.67
1758300000000000007,1758290000000000005,1758280000000000004,2023-10-21,1157,15,893,16725647,14456048,0.012965,0.42,54.49
1758300000000000001,1758290000000000001,1758280000000000001,2023-10-22,4231,50,3269,25324499,5985464,0.011818,0.25,21.59
1758300000000000002,1758290000000000001,1758280000000000001,2023-10-22,4415,52,2533,21516097,4873408,0.011778,0.16,15.48
1758300000000000003,1758290000000000002,1758280000000000002,2023-10-22,952,24,671,11346637,11918736,0.02521,0.61,62.29
1758300000000000004,1758290000000000003,1758280000000000002,2023-10-22,1409,25,1066,15419418,10943519,0.017743,0.92,119.29
1758300000000000005,1758290000000000004,1758280000000000003,2023-10-22,2500,40,1628,20074541,8029816,0.016,0.44,20.08
1758300000000000006,1758290000000000005,1758280000000000004,2023-10-22,1379,27,885,18184677,13186858,0.019579,0.76,79.49
1758300000000000007,1758290000000000005,1758280000000000004,2023-10-22,1960,44,1521,21964405,11206329,0.022449,0.9,48.38
1758300000000000001,1758290000000000001,1758280000000000001,2023-10-23,2257,24,1798,19494415,8637313,0.010634,0.1,7.06
1758300000000000002,1758290000000000001,1758280000000000001,2023-10-23,2198,22,1422,19257890,8761551,0.010009,0.11,11.59
1758300000000000003,1758290000000000002,1758280000000000002,2023-10-23,901,17,553,11571247,12842671,0.018868,0.57,33.07
1758300000000000004,1758290000000000003,1758280000000000002,2023-10-23,976,17,753,10572928,10832918,0.017418,0.51,52.11
1758300000000000005,1758290000000000004,1758280000000000003,2023-10-23,1564,19,877,16608131,10619010,0.012148,0.16,14.87
1758300000000000006,1758290000000000005,1758280000000000004,2023-10-23,1146,18,774,14570372,12714112,0.015707,0.39,33.12
1758300000000000007,1758290000000000005,1758280000000000004,2023-10-23,1713,36,1010,18645889,10884932,0.021016,0.66,54.61
1758300000000000001,1758290000000000001,1758280000000000001,2023-10-24,2148,15,1630,15351378,7146824,0.006983,0.07,7.56
1758300000000000002,1758290000000000001,1758280000000000001,2023-10-24,2123,24,1485,17747298,8359537,0.011305,0.12,7.33
1758300000000000003,1758290000000000002,1758280000000000002,2023-10-24,973,20,575,9283184,9540785,0.020555,0.45,55.44
1758300000000000004,1758290000000000003,1758280000000000002,2023-10-24,744,13,417,9630346,12944013,0.017473,0.46,27.77
1758300000000000005,1758290000000000004,1758280000000000003,2023-10-24,1883,33,1155,14185147,7533270,0.017525,0.34,41.93
1758300000000000007,1758290000000000005,1758280000000000004,2023-10-24,1102,24,640,12339459,11197331,0.021779,0.39,50.78
1758300000000000001,1758290000000000001,1758280000000000001,2023-10-25,2940,22,1930,19978308,6795343,0.007483,0.11,10.9
1758300000000000002,1758290000000000001,1758280000000000001,2023-10-25,3425,34,2623,23630013,6899274,0.009927,0.11,14.58
1758300000000000003,1758290000000000002,1758280000000000002,2023-10-25,2104,41,1320,13211145,6279061,0.019487,1.47,148.88
1758300000000000004,1758290000000000003,1758280000000000002,2023-10-25,963,24,642,11707896,12157732,0.024922,0.68,35.82
1758300000000000005,1758290000000000004,1758280000000000003,2023-10-25,3560,29,2350,18689280,5249798,0.008146,0.37,15.32
1758300000000000006,1758290000000000005,1758280000000000004,2023-10-25,2548,49,1521,20169912,7915978,0.019231,0.79,53.18
1758300000000000007,1758290000000000005,1758280000000000004,2023-10-25,2224,57,1356,17208649,7737702,0.025629,1.29,88.24
1758300000000000001,1758290000000000001,1758280000000000001,2023-10-26,4887,30,3536,27946713,5718583,0.006139,0.12,7.7
1758300000000000002,1758290000000000001,1758280000000000001,2023-10-26,3006,35,1962,27017710,8987927,0.011643,0.11,7.95
1758300000000000003,1758290000000000002,1758280000000000002,2023-10-26,1830,38,1059,16544957,9040960,0.020765,1.35,180.06
1758300000000000004,1758290000000000003,1758280000000000002,2023-10-26,1988,34,1265,14863285,7476502,0.017103,1.27,153.36
1758300000000000005,1758290000000000004,1758280000000000003,2023-10-26,4660,83,3298,23556181,5054974,0.017811,0.81,110.39
1758300000000000006,1758290000000000005,1758280000000000004,2023-10-26,2537,56,1778,21774813,8582898,0.022073,1.08,59.65
1758300000000000001,1758290000000000001,1758280000000000001,2023-10-27,2256,15,1288,16782051,7438852,0.006649,0.08,10.43
1758300000000000002,1758290000000000001,1758280000000000001,2023-10-27,2800,30,1626,19841713,7086326,0.010714,0.09,10.78
1758300000000000003,1758290000000000002,1758280000000000002,2023-10-27,872,16,684,10630070,12190447,0.018349,0.35,43.3
1758300000000000005,1758290000000000004,1758280000000000003,2023-10-27,2153,33,1559,15695899,7290246,0.015327,0.34,40.91
1758300000000000006,1758290000000000005,1758280000000000004,2023-10-27,1917,42,1382,14139234,7375709,0.021909,1.12,60.3
1758300000000000007,1758290000000000005,1758280000000000004,2023-10-27,1651,25,1316,17252564,10449766,0.015142,0.56,54.94
1758300000000000001,1758290000000000001,1758280000000000001,2023-10-28,5470,60,3501,23279519,4255854,0.010969,0.18,8.41
1758300000000000002,1758290000000000001,1758280000000000001,2023-10-28,2629,25,2089,20969519,7976234,0.009509,0.07,3.15
1758300000000000003,1758290000000000002,1758280000000000002,2023-10-28,1515,32,988,13342908,8807200,0.021122,1.2,163.58
1758300000000000004,1758290000000000003,1758280000000000002,2023-10-28,1819,43,1169,11942257,6565287,0.023639,1.13,132.98
1758300000000000005,1758290000000000004,1758280000000000003,2023-10-28,3292,51,1913,18963874,5760594,0.015492,0.44,34.81
1758300000000000006,1758290000000000005,1758280000000000004,2023-10-28,1334,28,1061,18274021,13698666,0.02099,0.76,71.68
1758300000000000007,1758290000000000005,1758280000000000004,2023-10-28,2455,55,1370,19653726,8005591,0.022403,1.35,103.28
1758300000000000001,1758290000000000001,1758280000000000001,2023-10-29,4400,24,2621,17717031,4026598,0.005455,0.07,4.58
1758300000000000002,1758290000000000001,1758280000000000001,2023-10-29,2508,16,1463,22406889,8934166,0.00638,0.07,3.57
1758300000000000003,1758290000000000002,1758280000000000002,2023-10-29,1140,23,734,10124490,8881132,0.020175,0.81,78.92
1758300000000000004,1758290000000000003,1758280000000000002,2023-10-29,1183,19,946,12803464,10822877,0.016061,0.6,83.02
1758300000000000005,1758290000000000004,1758280000000000003,2023-10-29,2847,43,2269,17195966,6040030,0.015104,0.51,69.32
1758300000000000006,1758290000000000005,1758280000000000004,2023-10-29,1103,20,854,15644490,14183581,0.018132,0.43,43.91
1758300000000000007,1758290000000000005,1758280000000000004,2023-10-29,1480,28,902,18747441,12667190,0.018919,0.74,69.89
1758300000000000001,1758290000000000001,1758280000000000001,2023-10-30,2513,14,1826,20848985,8296452,0.005571,0.06,5.15
1758300000000000002,1758290000000000001,1758280000000000001,2023-10-30,2773,23,1943,23071750,8320141,0.008294,0.08,5.3
1758300000000000003,1758290000000000002,1758280000000000002,2023-10-30,1885,34,1145,11364066,6028682,0.018037,0.93,46.47
1758300000000000004,1758290000000000003,1758280000000000002,2023-10-30,1632,43,990,13733497,8415133,0.026348,1.56,195.95
1758300000000000005,1758290000000000004,1758280000000000003,2023-10-30,2266,38,1772,18823172,8306784,0.01677,0.44,44.83
1758300000000000006,1758290000000000005,1758280000000000004,2023-10-30,1755,39,1379,19758381,11258337,0.022222,1.11,128.35
1758300000000000007,1758290000000000005,1758280000000000004,2023-10-30,2108,53,1207,17887964,8485751,0.025142,1.13,152.54
1758300000000000001,1758290000000000001,1758280000000000001,2023-10-31,5243,35,3209,21352223,4072520,0.006676,0.1,11.0
1758300000000000002,1758290000000000001,1758280000000000001,2023-10-31,5029,58,3257,21289687,4233384,0.011533,0.28,28.91
1758300000000000003,1758290000000000002,1758280000000000002,2023-10-31,1251,34,843,12571332,10049026,0.027178,1.1,51.56
1758300000000000004,1758290000000000003,1758280000000000002,2023-10-31,1278,27,814,11795474,9229635,0.021127,0.66,51.81
1758300000000000005,1758290000000000004,1758280000000000003,2023-10-31,1685,30,1075,18275105,10845760,0.017804,0.32,19.0
1758300000000000006,1758290000000000005,1758280000000000004,2023-10-31,1633,35,1000,16321099,9994549,0.021433,0.54,33.02
1758300000000000007,1758290000000000005,1758280000000000004,2023-10-31,2145,32,1606,20229110,9430821,0.014918,0.86,103.06
1758300000000000001,1758290000000000001,1758280000000000001,2023-11-01,3415,27,2051,22517660,6593751,0.007906,0.1,11.2
1758300000000000002,1758290000000000001,1758280000000000001,2023-11-01,3490,21,2766,18738289,5369137,0.006017,0.08,3.53
1758300000000000003,1758290000000000002,1758280000000000002,2023-11-01,986,19,723,11454426,11617065,0.01927,0.55,55.94
1758300000000000004,1758290000000000003,1758280000000000002,2023-11-01,1501,23,1118,12120402,8074885,0.015323,0.55,40.94
1758300000000000005,1758290000000000004,1758280000000000003,2023-11-01,2868,35,1921,17681121,6164965,0.012204,0.42,52.7
1758300000000000006,1758290000000000005,1758280000000000004,2023-11-01,2333,49,1767,18268792,7830601,0.021003,1.16,151.76
1758300000000000007,1758290000000000005,1758280000000000004,2023-11-01,2008,49,1222,17093450,8512674,0.024402,1.22,73.18
1758300000000000001,1758290000000000001,1758280000000000001,2023-11-02,3321,18,1960,17713196,5333693,0.00542,0.08,10.99
1758300000000000002,1758290000000000001,1758280000000000001,2023-11-02,4614,48,3413,23310154,5052049,0.010403,0.24,30.16
1758300000000000003,1758290000000000002,1758280000000000002,2023-11-02,1516,23,982,13795218,9099748,0.015172,0.68,48.25
1758300000000000004,1758290000000000003,1758280000000000002,2023-11-02,1080,28,734,9646696,8932126,0.025926,0.69,48.67
1758300000000000005,1758290000000000004,1758280000000000003,2023-11-02,2181,36,1480,17581435,8061181,0.016506,0.32,27.32
1758300000000000006,1758290000000000005,1758280000000000004,2023-11-02,1691,44,956,17430373,10307731,0.02602,0.81,36.91
1758300000000000007,1758290000000000005,1758280000000000004,2023-11-02,2265,48,1392,17732498,7828917,0.021192,1.01,103.71
1758300000000000001,1758290000000000001,1758280000000000001,2023-11-03,4448,52,3009,25857818,5813358,0.011691,0.23,21.66
1758300000000000002,1758290000000000001,1758280000000000001,2023-11-03,3350,25,2637,20162758,6018734,0.007463,0.09,11.33
1758300000000000003,1758290000000000002,1758280000000000002,2023-11-03,1070,27,791,12888339,12045177,0.025234,0.61,48.37
1758300000000000004,1758290000000000003,1758280000000000002,2023-11-03,1652,43,938,13409133,8116909,0.026029,1.28,97.61
1758300000000000005,1758290000000000004,1758280000000000003,2023-11-03,1995,21,1530,19723104,9886268,0.010526,0.23,29.45
1758300000000000007,1758290000000000005,1758280000000000004,2023-11-03,2042,31,1226,19972604,9780903,0.015181,0.83,83.55
1758300000000000001,1758290000000000001,1758280000000000001,2023-11-04,5605,40,3638,24973549,4455584,0.007136,0.2,10.7
1758300000000000002,1758290000000000001,1758280000000000001,2023-11-04,3339,37,2063,21910589,6562021,0.011081,0.13,17.93
1758300000000000004,1758290000000000003,1758280000000000002,2023-11-04,1752,51,990,15852775,9048388,0.02911,1.42,93.1
1758300000000000005,1758290000000000004,1758280000000000003,2023-11-04,2012,18,1340,20093202,9986681,0.008946,0.21,20.9
1758300000000000006,1758290000000000005,1758280000000000004,2023-11-04,2315,58,1394,18515559,7998082,0.025054,1.39,150.32
1758300000000000007,1758290000000000005,1758280000000000004,2023-11-04,1640,23,936,21670845,13213930,0.014024,0.39,45.32
1758300000000000001,1758290000000000001,1758280000000000001,2023-11-05,4481,38,2699,24917373,5560672,0.00848,0.19,14.21
1758300000000000002,1758290000000000001,1758280000000000001,2023-11-05,2959,19,1681,16993058,5742838,0.006421,0.1,4.21
1758300000000000003,1758290000000000002,1758280000000000002,2023-11-05,1094,24,788,9642363,8813860,0.021938,0.87,35.67
1758300000000000004,1758290000000000003,1758280000000000002,2023-11-05,1387,33,944,14306455,10314676,0.023792,1.24,140.39
1758300000000000005,1758290000000000004,1758280000000000003,2023-11-05,1812,26,1190,17961613,9912590,0.014349,0.26,13.65
1758300000000000006,1758290000000000005,1758280000000000004,2023-11-05,1620,30,1250,17649459,10894728,0.018519,0.49,33.28
1758300000000000007,1758290000000000005,1758280000000000004,2023-11-05,1531,32,1066,18273767,11935837,0.020901,0.51,30.35
1758300000000000001,1758290000000000001,1758280000000000001,2023-11-06,5540,36,4397,34623751,6249775,0.006498,0.18,9.53
1758300000000000002,1758290000000000001,1758280000000000001,2023-11-06,5691,55,4013,41429837,7279887,0.009664,0.22,27.77
1758300000000000003,1758290000000000002,1758280000000000002,2023-11-06,1568,39,1162,20243414,12910341,0.024872,1.45,185.03
1758300000000000004,1758290000000000003,1758280000000000002,2023-11-06,3814,89,2127,23215780,6086990,0.023335,3.0,277.73
1758300000000000005,1758290000000000004,1758280000000000003,2023-11-06,4437,58,3421,32594395,7346043,0.013072,0.54,26.15
1758300000000000006,1758290000000000005,1758280000000000004,2023-11-06,2502,48,1763,37444093,14965665,0.019185,1.13,109.85
1758300000000000007,1758290000000000005,1758280000000000004,2023-11-06,3385,65,2090,27744697,8196365,0.019202,1.53,146.93
1758300000000000001,1758290000000000001,1758280000000000001,2023-11-07,5501,62,3506,36642234,6661013,0.011271,0.24,15.49
1758300000000000002,1758290000000000001,1758280000000000001,2023-11-07,7497,84,5157,37040644,4940729,0.011204,0.27,14.02
1758300000000000003,1758290000000000002,1758280000000000002,2023-11-07,2262,46,1568,21607093,9552207,0.020336,1.19,75.35
1758300000000000004,1758290000000000003,1758280000000000002,2023-11-07,3199,64,2467,20497409,6407443,0.020006,2.18,129.3
1758300000000000005,1758290000000000004,1758280000000000003,2023-11-07,5902,98,3336,31578376,5350453,0.016605,1.15,148.5
1758300000000000006,1758290000000000005,1758280000000000004,2023-11-07,3106,74,2268,34737855,11184113,0.023825,1.48,63.98
1758300000000000007,1758290000000000005,1758280000000000004,2023-11-07,2589,52,1966,28418897,10976785,0.020085,0.93,99.28
1758300000000000001,1758290000000000001,1758280000000000001,2023-11-08,3843,23,2845,28467864,7407719,0.005985,0.11,8.28
1758300000000000002,1758290000000000001,1758280000000000001,2023-11-08,4923,39,3587,34409137,6989465,0.007922,0.15,19.14
1758300000000000003,1758290000000000002,1758280000000000002,2023-11-08,1371,23,901,16070689,11721874,0.016776,0.68,91.83
1758300000000000004,1758290000000000003,1758280000000000002,2023-11-08,2576,48,1902,19859026,7709249,0.018634,1.45,178.77
1758300000000000005,1758290000000000004,1758280000000000003,2023-11-08,2541,30,2022,26947286,10604993,0.011806,0.23,27.36
1758300000000000006,1758290000000000005,1758280000000000004,2023-11-08,3016,54,2100,27240073,9031854,0.017905,1.28,111.13
1758300000000000007,1758290000000000005,1758280000000000004,2023-11-08,1963,50,1358,26654500,13578451,0.025471,1.18,118.39
1758300000000000001,1758290000000000001,1758280000000000001,2023-11-09,3660,37,2532,29256040,7993454,0.010109,0.13,13.0
1758300000000000002,1758290000000000001,1758280000000000001,2023-11-09,8929,90,5355,37223809,4168867,0.01008,0.28,30.86
1758300000000000003,1758290000000000002,1758280000000000002,2023-11-09,1394,40,963,17934126,12865227,0.028694,0.95,55.11
1758300000000000004,1758290000000000003,1758280000000000002,2023-11-09,2229,42,1428,20054359,8997021,0.018843,1.42,145.08
1758300000000000005,1758290000000000004,1758280000000000003,2023-11-09,2653,32,2053,28491364,10739300,0.012062,0.41,36.25
1758300000000000006,1758290000000000005,1758280000000000004,2023-11-09,2765,51,2110,29763416,10764346,0.018445,1.18,77.67
1758300000000000007,1758290000000000005,1758280000000000004,2023-11-09,2819,45,1912,27219311,9655662,0.015963,0.82,96.78
1758300000000000001,1758290000000000001,1758280000000000001,2023-11-10,7643,82,4302,33832559,4426607,0.010729,0.3,38.07
1758300000000000002,1758290000000000001,1758280000000000001,2023-11-10,4838,53,3590,36964905,7640534,0.010955,0.17,10.72
1758300000000000003,1758290000000000002,1758280000000000002,2023-11-10,1801,47,1217,23149643,12853772,0.026097,1.21,82.64
1758300000000000004,1758290000000000003,1758280000000000002,2023-11-10,1956,58,1498,17306051,8847674,0.029652,1.25,104.03
1758300000000000005,1758290000000000004,1758280000000000003,2023-11-10,2796,34,1974,30341770,10851849,0.01216,0.28,15.93
1758300000000000006,1758290000000000005,1758280000000000004,2023-11-10,2389,47,1400,31904813,13354882,0.019674,1.24,56.9
1758300000000000007,1758290000000000005,1758280000000000004,2023-11-10,2075,27,1195,28778728,13869267,0.013012,0.52,57.83
1758300000000000001,1758290000000000001,1758280000000000001,2023-11-11,3774,25,2082,32583044,8633557,0.006624,0.08,8.83
1758300000000000002,1758290000000000001,1758280000000000001,2023-11-11,7331,38,5320,32573651,4443275,0.005183,0.18,23.35
1758300000000000003,1758290000000000002,1758280000000000002,2023-11-11,1823,55,1073,18902950,10369144,0.03017,2.1,140.07
1758300000000000004,1758290000000000003,1758280000000000002,2023-11-11,1902,50,1471,18329447,9636933,0.026288,1.49,99.05
1758300000000000005,1758290000000000004,1758280000000000003,2023-11-11,4910,54,2711,27924298,5687230,0.010998,0.64,74.49
1758300000000000006,1758290000000000005,1758280000000000004,2023-11-11,2700,54,1908,29742540,11015756,0.02,1.53,102.49
1758300000000000007,1758290000000000005,1758280000000000004,2023-11-11,3619,81,2658,26106056,7213610,0.022382,1.98,251.93
1758300000000000001,1758290000000000001,1758280000000000001,2023-11-12,2744,32,1923,21722892,7916506,0.011662,0.14,13.07
1758300000000000002,1758290000000000001,1758280000000000001,2023-11-12,4014,43,2211,21976707,5475014,0.010713,0.2,17.71
1758300000000000003,1758290000000000002,1758280000000000002,2023-11-12,1714,26,1244,13234189,7721230,0.015169,0.67,87.71
1758300000000000004,1758290000000000003,1758280000000000002,2023-11-12,975,29,673,11737010,12037959,0.029744,0.81,45.21
1758300000000000005,1758290000000000004,1758280000000000003,2023-11-12,2415,27,1472,18728399,7755031,0.01118,0.29,13.02
1758300000000000006,1758290000000000005,1758280000000000004,2023-11-12,1973,31,1368,20116865,10196080,0.015712,0.7,80.0
1758300000000000007,1758290000000000005,1758280000000000004,2023-11-12,2103,42,1318,17339934,8245332,0.019971,1.11,123.72
1758300000000000001,1758290000000000001,1758280000000000001,2023-11-13,7036,75,4209,28595940,4064233,0.010659,0.33,20.57
1758300000000000002,1758290000000000001,1758280000000000001,2023-11-13,7524,53,5098,31283479,4157825,0.007044,0.15,19.62
1758300000000000003,1758290000000000002,1758280000000000002,2023-11-13,1215,19,693,15734729,12950394,0.015638,0.65,61.2
1758300000000000004,1758290000000000003,1758280000000000002,2023-11-13,3069,59,1701,18482083,6022184,0.019225,1.25,73.55
1758300000000000005,1758290000000000004,1758280000000000003,2023-11-13,4112,64,2269,25662608,6240907,0.015564,0.53,64.65
1758300000000000006,1758290000000000005,1758280000000000004,2023-11-13,3492,48,2524,25123131,7194482,0.013746,1.14,48.53
1758300000000000007,1758290000000000005,1758280000000000004,2023-11-13,2092,32,1223,26202085,12524897,0.015296,0.54,44.0
1758300000000000008,1758290000000000006,1758280000000000005,2023-11-13,24153,77,16843,140431320,5814239,0.003188,0.13,12.46
1758300000000000001,1758290000000000001,1758280000000000001,2023-11-14,8200,89,5063,33501200,4085512,0.010854,0.37,18.68
1758300000000000002,1758290000000000001,1758280000000000001,2023-11-14,3416,39,2123,23653740,6924397,0.011417,0.13,10.37
1758300000000000003,1758290000000000002,1758280000000000002,2023-11-14,1575,47,1170,14500480,9206654,0.029841,1.55,86.68
1758300000000000004,1758290000000000003,1758280000000000002,2023-11-14,1658,41,1040,18159486,10952645,0.024729,1.51,173.04
1758300000000000005,1758290000000000004,1758280000000000003,2023-11-14,2473,31,1959,24494975,9904964,0.012535,0.38,33.77
1758300000000000006,1758290000000000005,1758280000000000004,2023-11-14,2015,47,1114,23931979,11876913,0.023325,1.11,148.55
1758300000000000007,1758290000000000005,1758280000000000004,2023-11-14,1803,37,1013,25057970,13897931,0.020521,0.64,59.37
1758300000000000008,1758290000000000006,1758280000000000005,2023-11-14,25568,87,16141,107869648,4218932,0.003403,0.15,19.28
1758300000000000001,1758290000000000001,1758280000000000001,2023-11-15,4665,45,2775,28901264,6195341,0.009646,0.23,17.07
1758300000000000002,1758290000000000001,1758280000000000001,2023-11-15,5632,52,3373,36571682,6493551,0.009233,0.26,14.58
1758300000000000003,1758290000000000002,1758280000000000002,2023-11-15,1306,26,762,16917679,12953812,0.019908,0.63,68.78
1758300000000000004,1758290000000000003,1758280000000000002,2023-11-15,1625,29,1110,20495434,12612575,0.017846,0.87,41.93
1758300000000000005,1758290000000000004,1758280000000000003,2023-11-15,4594,40,3646,28059834,6107931,0.008707,0.5,36.16
1758300000000000006,1758290000000000005,1758280000000000004,2023-11-15,2852,70,2238,26966749,9455382,0.024544,1.38,136.33
1758300000000000008,1758290000000000006,1758280000000000005,2023-11-15,30237,183,18567,156604183,5179224,0.006052,0.23,16.05
1758300000000000001,1758290000000000001,1758280000000000001,2023-11-16,5999,50,4233,27333253,4556302,0.008335,0.16,21.9
1758300000000000002,1758290000000000001,1758280000000000001,2023-11-16,3146,27,1794,25583423,8132048,0.008582,0.1,6.12
1758300000000000003,1758290000000000002,1758280000000000002,2023-11-16,2050,61,1442,13672167,6669350,0.029756,2.0,155.65
1758300000000000004,1758290000000000003,1758280000000000002,2023-11-16,1747,50,1355,16565933,9482503,0.02862,1.86,255.25
1758300000000000005,1758290000000000004,1758280000000000003,2023-11-16,2513,36,1888,22678576,9024503,0.014326,0.26,14.22
1758300000000000006,1758290000000000005,1758280000000000004,2023-11-16,2259,43,1423,21587607,9556267,0.019035,0.98,88.04
1758300000000000007,1758290000000000005,1758280000000000004,2023-11-16,1600,22,1083,23769545,14855966,0.01375,0.61,60.12
1758300000000000008,1758290000000000006,1758280000000000005,2023-11-16,28156,146,18987,114982053,4083750,0.005185,0.23,18.74
1758300000000000001,1758290000000000001,1758280000000000001,2023-11-17,2704,29,1568,19927005,7369455,0.010725,0.14,19.38
1758300000000000002,1758290000000000001,1758280000000000001,2023-11-17,3415,28,2105,22940183,6717477,0.008199,0.1,10.69
1758300000000000003,1758290000000000002,1758280000000000002,2023-11-17,1342,27,843,12365944,9214563,0.020119,0.91,45.13
1758300000000000004,1758290000000000003,1758280000000000002,2023-11-17,972,18,608,12129592,12479004,0.018519,0.41,42.76
1758300000000000005,1758290000000000004,1758280000000000003,2023-11-17,1801,28,1048,18371652,10200806,0.015547,0.22,9.06
1758300000000000006,1758290000000000005,1758280000000000004,2023-11-17,2331,46,1469,21215120,9101296,0.019734,1.14,96.41
1758300000000000007,1758290000000000005,1758280000000000004,2023-11-17,1329,28,732,15528184,11684111,0.021068,0.61,52.17
1758300000000000008,1758290000000000006,1758280000000000005,2023-11-17,33956,123,20787,114578097,3374311,0.003622,0.17,10.17
1758300000000000001,1758290000000000001,1758280000000000001,2023-11-18,4991,27,2759,26958658,5401454,0.00541,0.14,13.39
1758300000000000002,1758290000000000001,1758280000000000001,2023-11-18,4471,29,2961,26926423,6022461,0.006486,0.13,16.62
1758300000000000003,1758290000000000002,1758280000000000002,2023-11-18,2140,57,1512,13366083,6245833,0.026636,2.12,102.63
1758300000000000004,1758290000000000003,1758280000000000002,2023-11-18,1996,52,1163,17425392,8730156,0.026052,1.36,126.48
1758300000000000005,1758290000000000004,1758280000000000003,2023-11-18,3057,36,2301,23093606,7554336,0.011776,0.34,42.44
1758300000000000006,1758290000000000005,1758280000000000004,2023-11-18,2163,45,1481,21421602,9903653,0.020804,1.13,138.88
1758300000000000007,1758290000000000005,1758280000000000004,2023-11-18,2000,31,1431,24765611,12382806,0.0155,0.77,31.6
1758300000000000008,1758290000000000006,1758280000000000005,2023-11-18,35292,122,24070,190393858,5394816,0.003457,0.19,9.68
1758300000000000001,1758290000000000001,1758280000000000001,2023-11-19,3662,30,2757,29155612,7961664,0.008192,0.15,13.33
1758300000000000002,1758290000000000001,1758280000000000001,2023-11-19,6141,54,3562,34541498,5624735,0.008793,0.25,29.09
1758300000000000003,1758290000000000002,1758280000000000002,2023-11-19,3001,90,2116,19435304,6476276,0.02999,2.37,273.64
1758300000000000004,1758290000000000003,1758280000000000002,2023-11-19,2428,53,1644,16963045,6986427,0.021829,1.75,102.34
1758300000000000005,1758290000000000004,1758280000000000003,2023-11-19,2485,39,1882,27298762,10985417,0.015694,0.3,31.3
1758300000000000006,1758290000000000005,1758280000000000004,2023-11-19,2427,51,1641,28454519,11724153,0.021014,0.98,115.68
1758300000000000007,1758290000000000005,1758280000000000004,2023-11-19,2884,45,1830,26143004,9064842,0.015603,0.97,120.43
1758300000000000008,1758290000000000006,1758280000000000005,2023-11-19,17249,88,10259,101723097,5897333,0.005102,0.1,7.58
1758300000000000001,1758290000000000001,1758280000000000001,2023-11-20,6106,65,4338,36607038,5995257,0.010645,0.3,27.53
1758300000000000002,1758290000000000001,1758280000000000001,2023-11-20,6820,80,4088,34538840,5064346,0.01173,0.26,18.94
1758300000000000003,1758290000000000002,1758280000000000002,2023-11-20,1695,27,1033,19536415,11525909,0.015929,0.83,72.47
1758300000000000004,1758290000000000003,1758280000000000002,2023-11-20,2804,64,1546,21118372,7531516,0.022825,2.17,127.52
1758300000000000005,1758290000000000004,1758280000000000003,2023-11-20,3816,33,2472,30491091,7990328,0.008648,0.35,32.45
1758300000000000006,1758290000000000005,1758280000000000004,2023-11-20,2223,50,1258,27681680,12452398,0.022492,0.92,95.28
1758300000000000007,1758290000000000005,1758280000000000004,2023-11-20,4387,106,2793,33300502,7590723,0.024162,2.03,228.2
1758300000000000008,1758290000000000006,1758280000000000005,2023-11-20,26464,168,19808,117383006,4435573,0.006348,0.32,13.9
1758300000000000001,1758290000000000001,1758280000000000001,2023-11-21,5975,63,4605,26922233,4505813,0.010544,0.33,45.79
1758300000000000002,1758290000000000001,1758280000000000001,2023-11-21,3993,38,2463,26599645,6661569,0.009517,0.13,9.79
1758300000000000003,1758290000000000002,1758280000000000002,2023-11-21,1538,40,927,13932961,9059142,0.026008,1.04,101.4
1758300000000000004,1758290000000000003,1758280000000000002,2023-11-21,2081,61,1335,16650970,8001427,0.029313,1.47,121.06
1758300000000000005,1758290000000000004,1758280000000000003,2023-11-21,3206,51,1911,22937948,7154694,0.015908,0.43,47.86
1758300000000000006,1758290000000000005,1758280000000000004,2023-11-21,1541,20,1100,22346774,14501476,0.012979,0.33,31.25
1758300000000000007,1758290000000000005,1758280000000000004,2023-11-21,3264,82,1865,23529122,7208677,0.025123,1.4,142.39
1758300000000000008,1758290000000000006,1758280000000000005,2023-11-21,17978,90,10420,80275916,4465231,0.005006,0.11,11.92
1758300000000000001,1758290000000000001,1758280000000000001,2023-11-22,4541,53,3622,26590161,5855574,0.011671,0.2,14.17
1758300000000000002,1758290000000000001,1758280000000000001,2023-11-22,3941,23,2588,27458900,6967496,0.005836,0.1,7.07
1758300000000000003,1758290000000000002,1758280000000000002,2023-11-22,1288,25,722,13516971,10494543,0.01941,0.61,55.56
1758300000000000004,1758290000000000003,1758280000000000002,2023-11-22,1598,30,1130,17368206,10868715,0.018773,0.95,94.19
1758300000000000005,1758290000000000004,1758280000000000003,2023-11-22,3582,40,2483,23163883,6466746,0.011167,0.45,59.72
1758300000000000006,1758290000000000005,1758280000000000004,2023-11-22,2034,42,1457,24233137,11914030,0.020649,1.14,89.02
1758300000000000007,1758290000000000005,1758280000000000004,2023-11-22,2931,59,1955,22094629,7538256,0.02013,1.6,209.54
1758300000000000008,1758290000000000006,1758280000000000005,2023-11-22,24944,112,18377,124902877,5007332,0.00449,0.19,17.35
1758300000000000001,1758290000000000001,1758280000000000001,2023-11-23,4027,40,2789,21948306,5450287,0.009933,0.18,17.14
1758300000000000002,1758290000000000001,1758280000000000001,2023-11-23,3053,23,2325,22205492,7273335,0.007534,0.1,6.09
1758300000000000003,1758290000000000002,1758280000000000002,2023-11-23,1477,26,1180,12469738,8442612,0.017603,0.57,40.16
1758300000000000004,1758290000000000003,1758280000000000002,2023-11-23,1179,26,887,12761004,10823583,0.022053,0.81,47.66
1758300000000000005,1758290000000000004,1758280000000000003,2023-11-23,1762,23,982,18923056,10739532,0.013053,0.16,9.76
1758300000000000006,1758290000000000005,1758280000000000004,2023-11-23,1451,36,1002,18972638,13075560,0.02481,0.68,43.72
1758300000000000007,1758290000000000005,1758280000000000004,2023-11-23,1448,30,1084,18873474,13034167,0.020718,0.84,53.84
1758300000000000008,1758290000000000006,1758280000000000005,2023-11-23,44956,282,26854,171356645,3811652,0.006273,0.33,34.74
1758300000000000001,1758290000000000001,1758280000000000001,2023-11-24,4657,53,3346,23864314,5124396,0.011381,0.15,7.84
1758300000000000002,1758290000000000001,1758280000000000001,2023-11-24,5211,55,3380,22460734,4310254,0.010555,0.27,12.22
1758300000000000003,1758290000000000002,1758280000000000002,2023-11-24,2224,42,1622,14126138,6351681,0.018885,1.63,207.93
1758300000000000004,1758290000000000003,1758280000000000002,2023-11-24,1059,20,787,12345318,11657524,0.018886,0.66,54.03
1758300000000000005,1758290000000000004,1758280000000000003,2023-11-24,2823,39,2167,19853592,7032799,0.013815,0.43,47.31
1758300000000000006,1758290000000000005,1758280000000000004,2023-11-24,2946,43,1622,22935378,7785261,0.014596,1.16,89.89
1758300000000000007,1758290000000000005,1758280000000000004,2023-11-24,1544,33,1232,16771806,10862569,0.021373,0.54,49.88
1758300000000000008,1758290000000000006,1758280000000000005,2023-11-24,22972,131,17942,129232176,5625639,0.005703,0.19,20.99
1758300000000000001,1758290000000000001,1758280000000000001,2023-11-25,7711,55,4941,31232218,4050346,0.007133,0.26,15.69
1758300000000000002,1758290000000000001,1758280000000000001,2023-11-25,7339,49,4261,32390553,4413483,0.006677,0.19,10.85
1758300000000000003,1758290000000000002,1758280000000000002,2023-11-25,1419,39,867,15487855,10914626,0.027484,1.21,136.79
1758300000000000004,1758290000000000003,1758280000000000002,2023-11-25,1782,46,1239,20868014,11710446,0.025814,1.48,194.59
1758300000000000005,1758290000000000004,1758280000000000003,2023-11-25,3547,55,2085,27266902,7687314,0.015506,0.68,79.31
1758300000000000006,1758290000000000005,1758280000000000004,2023-11-25,1855,26,1333,26325382,14191581,0.014016,0.71,70.77
1758300000000000007,1758290000000000005,1758280000000000004,2023-11-25,2860,49,1909,28208421,9863084,0.017133,0.79,60.04
1758300000000000008,1758290000000000006,1758280000000000005,2023-11-25,21879,108,12314,108874518,4976211,0.004936,0.19,9.35
1758300000000000001,1758290000000000001,1758280000000000001,2023-11-26,4274,33,2420,25200311,5896189,0.007721,0.15,15.16
1758300000000000002,1758290000000000001,1758280000000000001,2023-11-26,3837,42,2118,18235871,4752638,0.010946,0.17,17.73
1758300000000000003,1758290000000000002,1758280000000000002,2023-11-26,1841,54,1216,12153977,6601834,0.029332,1.93,266.07
1758300000000000004,1758290000000000003,1758280000000000002,2023-11-26,1000,25,650,12666698,12666698,0.025,0.81,100.01
1758300000000000005,1758290000000000004,1758280000000000003,2023-11-26,1710,18,1295,18615507,10886261,0.010526,0.18,8.49
1758300000000000006,1758290000000000005,1758280000000000004,2023-11-26,1907,37,1356,19554970,10254310,0.019402,1.02,55.89
1758300000000000007,1758290000000000005,1758280000000000004,2023-11-26,1640,22,1009,17676043,10778075,0.013415,0.62,39.44
1758300000000000008,1758290000000000006,1758280000000000005,2023-11-26,17500,95,10130,99266177,5672353,0.005429,0.18,7.7
1758300000000000001,1758290000000000001,1758280000000000001,2023-11-27,2963,15,1990,25106984,8473501,0.005062,0.07,9.59
1758300000000000003,1758290000000000002,1758280000000000002,2023-11-27,1909,37,1324,19164138,10038836,0.019382,1.28,106.13
1758300000000000004,1758290000000000003,1758280000000000002,2023-11-27,1140,31,906,14531683,12747090,0.027193,1.16,149.18
1758300000000000005,1758290000000000004,1758280000000000003,2023-11-27,2892,27,2251,25271866,8738543,0.009336,0.32,27.56
1758300000000000006,1758290000000000005,1758280000000000004,2023-11-27,2345,57,1703,23961603,10218168,0.024307,1.3,133.0
1758300000000000007,1758290000000000005,1758280000000000004,2023-11-27,2487,60,1488,26582129,10688431,0.024125,1.54,157.77
1758300000000000008,1758290000000000006,1758280000000000005,2023-11-27,30026,203,18216,120031462,3997584,0.006761,0.25,21.69
1758300000000000001,1758290000000000001,1758280000000000001,2023-11-28,5166,47,3062,26000537,5033011,0.009098,0.23,16.96
1758300000000000002,1758290000000000001,1758280000000000001,2023-11-28,5384,58,4103,35511384,6595725,0.010773,0.24,24.6
1758300000000000003,1758290000000000002,1758280000000000002,2023-11-28,1984,51,1516,16260074,8195602,0.025706,1.6,78.6
1758300000000000004,1758290000000000003,1758280000000000002,2023-11-28,1884,36,1371,18889595,10026324,0.019108,1.21,92.01
1758300000000000005,1758290000000000004,1758280000000000003,2023-11-28,2423,36,1829,26362252,10880005,0.014858,0.35,33.94
1758300000000000006,1758290000000000005,1758280000000000004,2023-11-28,2994,51,2271,25380234,8477032,0.017034,0.97,41.46
1758300000000000007,1758290000000000005,1758280000000000004,2023-11-28,2089,36,1620,27344270,13089646,0.017233,0.61,59.09
1758300000000000008,1758290000000000006,1758280000000000005,2023-11-28,21647,144,15061,93067373,4299320,0.006652,0.26,24.35
1758300000000000001,1758290000000000001,1758280000000000001,2023-11-29,4600,25,2940,31016985,6742823,0.005435,0.11,13.62
1758300000000000002,1758290000000000001,1758280000000000001,2023-11-29,3217,17,1967,24561136,7634795,0.005284,0.05,4.83
1758300000000000003,1758290000000000002,1758280000000000002,2023-11-29,2011,31,1168,15094602,7506018,0.015415,0.74,33.68
1758300000000000004,1758290000000000003,1758280000000000002,2023-11-29,2615,45,2003,16664324,6372590,0.017208,1.71,134.99
1758300000000000005,1758290000000000004,1758280000000000003,2023-11-29,3662,34,2290,23819195,6504422,0.009285,0.3,32.86
1758300000000000006,1758290000000000005,1758280000000000004,2023-11-29,2808,46,1760,24755776,8816160,0.016382,1.14,119.81
1758300000000000008,1758290000000000006,1758280000000000005,2023-11-29,32237,133,19464,113850268,3531664,0.004126,0.16,20.37
1758300000000000001,1758290000000000001,1758280000000000001,2023-11-30,5905,60,4697,32104988,5436916,0.010161,0.3,25.85
1758300000000000002,1758290000000000001,1758280000000000001,2023-11-30,5884,50,4038,31466521,5347811,0.008498,0.14,8.3
1758300000000000003,1758290000000000002,1758280000000000002,2023-11-30,2814,76,2098,17147299,6093568,0.027008,2.85,349.06
1758300000000000004,1758290000000000003,1758280000000000002,2023-11-30,1823,37,1155,19179278,10520723,0.020296,0.87,69.77
1758300000000000005,1758290000000000004,1758280000000000003,2023-11-30,2982,50,2133,27244933,9136463,0.016767,0.41,16.65
1758300000000000006,1758290000000000005,1758280000000000004,2023-11-30,2818,39,2199,27068744,9605658,0.01384,0.96,95.39
1758300000000000007,1758290000000000005,1758280000000000004,2023-11-30,1896,36,1348,27421122,14462617,0.018987,0.93,44.36
1758300000000000008,1758290000000000006,1758280000000000005,2023-11-30,28132,161,17687,98058846,3485669,0.005723,0.3,26.3
1758300000000000001,1758290000000000001,1758280000000000001,2023-12-01,2724,29,1941,21365663,7843489,0.010646,0.11,12.46
1758300000000000002,1758290000000000001,1758280000000000001,2023-12-01,4513,38,3372,28592039,6335484,0.00842,0.15,8.06
1758300000000000003,1758290000000000002,1758280000000000002,2023-12-01,1467,35,826,15962925,10881339,0.023858,1.13,99.05
1758300000000000004,1758290000000000003,1758280000000000002,2023-12-01,1033,31,700,12584333,12182317,0.03001,0.84,113.68
1758300000000000005,1758290000000000004,1758280000000000003,2023-12-01,2792,43,2122,21410444,7668497,0.015401,0.36,15.44
1758300000000000006,1758290000000000005,1758280000000000004,2023-12-01,2166,33,1573,24320756,11228419,0.015235,0.81,35.11
1758300000000000007,1758290000000000005,1758280000000000004,2023-12-01,1512,35,928,18500131,12235536,0.023148,0.96,110.48
1758300000000000008,1758290000000000006,1758280000000000005,2023-12-01,20534,119,12390,117118480,5703637,0.005795,0.22,15.59
1758300000000000001,1758290000000000001,1758280000000000001,2023-12-02,4719,40,2661,37278499,7899661,0.008476,0.16,12.61
1758300000000000002,1758290000000000001,1758280000000000001,2023-12-02,8156,67,5568,37563518,4605630,0.008215,0.22,9.19
1758300000000000003,1758290000000000002,1758280000000000002,2023-12-02,2114,56,1274,18511458,8756603,0.02649,1.6,99.86
1758300000000000004,1758290000000000003,1758280000000000002,2023-12-02,1882,37,1348,24255409,12888103,0.01966,1.26,157.69
1758300000000000005,1758290000000000004,1758280000000000003,2023-12-02,3651,42,2268,32075150,8785305,0.011504,0.31,33.82
1758300000000000006,1758290000000000005,1758280000000000004,2023-12-02,2469,62,1766,34022587,13779906,0.025111,1.18,149.59
1758300000000000007,1758290000000000005,1758280000000000004,2023-12-02,2626,51,1602,30127713,11472853,0.019421,1.01,41.01
1758300000000000001,1758290000000000001,1758280000000000001,2023-12-03,3544,31,2367,27968326,7891740,0.008747,0.15,12.93
1758300000000000002,1758290000000000001,1758280000000000001,2023-12-03,2979,19,2363,26028744,8737410,0.006378,0.1,10.45
1758300000000000003,1758290000000000002,1758280000000000002,2023-12-03,1401,28,858,15819791,11291785,0.019986,0.84,112.7
1758300000000000004,1758290000000000003,1758280000000000002,2023-12-03,1170,31,696,15035678,12851007,0.026496,0.92,42.17
1758300000000000005,1758290000000000004,1758280000000000003,2023-12-03,3149,55,2011,23141602,7348873,0.017466,0.53,67.23
1758300000000000006,1758290000000000005,1758280000000000004,2023-12-03,3206,74,1954,23675719,7384816,0.023082,1.54,64.13
1758300000000000007,1758290000000000005,1758280000000000004,2023-12-03,2185,44,1406,22607485,10346675,0.020137,1.07,68.11
1758300000000000001,1758290000000000001,1758280000000000001,2023-12-04,3971,23,2865,23136823,5826447,0.005792,0.1,9.55
1758300000000000002,1758290000000000001,1758280000000000001,2023-12-04,3106,32,2070,22935154,7384145,0.010303,0.14,11.62
1758300000000000003,1758290000000000002,1758280000000000002,2023-12-04,1238,24,990,12170576,9830837,0.019386,0.91,88.83
1758300000000000004,1758290000000000003,1758280000000000002,2023-12-04,1110,32,736,14156267,12753394,0.028829,0.89,43.22
1758300000000000005,1758290000000000004,1758280000000000003,2023-12-04,3395,33,2664,19745133,5815945,0.00972,0.28,36.87
1758300000000000006,1758290000000000005,1758280000000000004,2023-12-04,2550,50,1943,19077166,7481242,0.019608,0.87,37.98
1758300000000000007,1758290000000000005,1758280000000000004,2023-12-04,1506,22,917,20413099,13554515,0.014608,0.37,45.74
1758300000000000002,1758290000000000001,1758280000000000001,2023-12-05,3340,27,2640,25343085,7587750,0.008084,0.11,8.82
1758300000000000003,1758290000000000002,1758280000000000002,2023-12-05,861,19,562,11056589,12841567,0.022067,0.62,50.3
1758300000000000004,1758290000000000003,1758280000000000002,2023-12-05,1418,33,810,14178272,9998781,0.023272,1.12,65.14
1758300000000000005,1758290000000000004,1758280000000000003,2023-12-05,2116,19,1669,18926146,8944303,0.008979,0.14,11.98
1758300000000000006,1758290000000000005,1758280000000000004,2023-12-05,2700,49,1804,20377097,7547073,0.018148,1.13,60.55
1758300000000000007,1758290000000000005,1758280000000000004,2023-12-05,2359,54,1869,17475194,7407882,0.022891,1.41,176.81
1758300000000000001,1758290000000000001,1758280000000000001,2023-12-06,3749,34,2378,27317390,7286580,0.009069,0.1,5.99
1758300000000000003,1758290000000000002,1758280000000000002,2023-12-06,1606,27,937,16096014,10022425,0.016812,0.57,36.88
1758300000000000004,1758290000000000003,1758280000000000002,2023-12-06,2187,52,1713,16918517,7735947,0.023777,1.28,67.49
1758300000000000005,1758290000000000004,1758280000000000003,2023-12-06,2628,46,1646,24760898,9421955,0.017504,0.6,40.33
1758300000000000006,1758290000000000005,1758280000000000004,2023-12-06,1744,25,975,24933736,14296867,0.014335,0.69,66.74
1758300000000000007,1758290000000000005,1758280000000000004,2023-12-06,3429,57,2030,24588060,7170621,0.016623,0.93,101.81
1758300000000000001,1758290000000000001,1758280000000000001,2023-12-07,4254,43,3004,34181544,8035154,0.010108,0.2,23.95
1758300000000000002,1758290000000000001,1758280000000000001,2023-12-07,5787,49,4437,31542701,5450614,0.008467,0.18,11.72
1758300000000000003,1758290000000000002,1758280000000000002,2023-12-07,1369,40,1075,17595880,12853090,0.029218,1.12,48.85
1758300000000000004,1758290000000000003,1758280000000000002,2023-12-07,1831,47,1151,19960831,10901601,0.025669,1.2,92.04
1758300000000000005,1758290000000000004,1758280000000000003,2023-12-07,4422,39,3026,28167534,6369863,0.00882,0.47,60.26
1758300000000000006,1758290000000000005,1758280000000000004,2023-12-07,3498,66,2415,27900984,7976268,0.018868,1.64,93.21
1758300000000000007,1758290000000000005,1758280000000000004,2023-12-07,2905,57,1937,28434083,9787980,0.019621,0.95,72.72
1758300000000000001,1758290000000000001,1758280000000000001,2023-12-08,4277,40,2683,22632398,5291653,0.009352,0.12,6.72
1758300000000000002,1758290000000000001,1758280000000000001,2023-12-08,3233,24,2156,22825445,7060144,0.007423,0.08,5.01
1758300000000000003,1758290000000000002,1758280000000000002,2023-12-08,1404,26,909,14224010,10131061,0.018519,0.59,38.25
1758300000000000004,1758290000000000003,1758280000000000002,2023-12-08,961,21,565,11751901,12228825,0.021852,0.5,39.58
1758300000000000005,1758290000000000004,1758280000000000003,2023-12-08,1831,23,1272,19481933,10640051,0.012561,0.25,10.73
1758300000000000006,1758290000000000005,1758280000000000004,2023-12-08,1781,41,1389,19867980,11155519,0.023021,0.87,56.45
1758300000000000007,1758290000000000005,1758280000000000004,2023-12-08,1838,33,1282,19095886,10389492,0.017954,0.64,54.65
1758300000000000001,1758290000000000001,1758280000000000001,2023-12-09,5002,57,3346,26583719,5314618,0.011395,0.18,19.57
1758300000000000002,1758290000000000001,1758280000000000001,2023-12-09,3360,22,2132,22493378,6694458,0.006548,0.11,9.32
1758300000000000003,1758290000000000002,1758280000000000002,2023-12-09,1380,26,832,13816138,10011694,0.018841,0.71,62.04
1758300000000000004,1758290000000000003,1758280000000000002,2023-12-09,1424,39,800,14227918,9991515,0.027388,1.21,163.9
1758300000000000005,1758290000000000004,1758280000000000003,2023-12-09,2182,34,1261,21033042,9639341,0.015582,0.38,52.67
1758300000000000006,1758290000000000005,1758280000000000004,2023-12-09,2270,53,1810,19839823,8740010,0.023348,1.51,164.17
1758300000000000007,1758290000000000005,1758280000000000004,2023-12-09,1922,38,1384,22226260,11564131,0.019771,0.83,92.34
1758300000000000001,1758290000000000001,1758280000000000001,2023-12-10,6194,47,4272,27617190,4458700,0.007588,0.15,11.13
1758300000000000002,1758290000000000001,1758280000000000001,2023-12-10,4675,38,3530,25749045,5507817,0.008128,0.14,13.95
1758300000000000003,1758290000000000002,1758280000000000002,2023-12-10,2361,36,1604,16959264,7183085,0.015248,0.82,33.92
1758300000000000004,1758290000000000003,1758280000000000002,2023-12-10,1126,25,671,13535727,12021072,0.022202,0.96,122.67
1758300000000000005,1758290000000000004,1758280000000000003,2023-12-10,2255,40,1633,22871244,10142459,0.017738,0.3,26.7
1758300000000000006,1758290000000000005,1758280000000000004,2023-12-10,2715,69,2072,19811524,7297062,0.025414,1.68,174.75
1758300000000000007,1758290000000000005,1758280000000000004,2023-12-10,2588,57,1662,25930963,10019692,0.022025,1.31,98.36
1758300000000000002,1758290000000000001,1758280000000000001,2023-12-11,3365,21,1948,28004114,8322174,0.006241,0.1,10.17
1758300000000000003,1758290000000000002,1758280000000000002,2023-12-11,1320,30,1040,16188529,12264037,0.022727,0.87,50.42
1758300000000000004,1758290000000000003,1758280000000000002,2023-12-11,1161,33,735,13679915,11782873,0.028424,1.02,130.07
1758300000000000005,1758290000000000004,1758280000000000003,2023-12-11,3637,34,2722,22401333,6159289,0.009348,0.43,47.32
1758300000000000006,1758290000000000005,1758280000000000004,2023-12-11,2864,63,1648,21791970,7608928,0.021997,1.72,146.08
1758300000000000007,1758290000000000005,1758280000000000004,2023-12-11,2706,44,2151,23010696,8503583,0.01626,1.17,122.8
1758300000000000001,1758290000000000001,1758280000000000001,2023-12-12,6182,57,4795,29939693,4843043,0.00922,0.16,19.23
1758300000000000002,1758290000000000001,1758280000000000001,2023-12-12,3797,42,2369,32269270,8498623,0.011061,0.16,7.65
1758300000000000003,1758290000000000002,1758280000000000002,2023-12-12,1273,23,944,15961022,12538116,0.018068,0.51,30.87
1758300000000000004,1758290000000000003,1758280000000000002,2023-12-12,1856,31,1462,19586957,10553317,0.016703,0.75,99.84
1758300000000000005,1758290000000000004,1758280000000000003,2023-12-12,2435,20,1495,26660984,10949069,0.008214,0.2,27.22
1758300000000000006,1758290000000000005,1758280000000000004,2023-12-12,2292,49,1534,30434765,13278693,0.021379,1.04,64.97
1758300000000000007,1758290000000000005,1758280000000000004,2023-12-12,2621,60,1522,22887203,8732241,0.022892,1.18,95.95
1758300000000000001,1758290000000000001,1758280000000000001,2023-12-13,3758,26,2068,23147430,6159508,0.006919,0.11,10.24
1758300000000000002,1758290000000000001,1758280000000000001,2023-12-13,6140,61,4691,32549318,5301192,0.009935,0.27,28.94
1758300000000000003,1758290000000000002,1758280000000000002,2023-12-13,1190,28,862,14552561,12229043,0.023529,0.98,129.85
1758300000000000004,1758290000000000003,1758280000000000002,2023-12-13,2020,50,1329,17274152,8551560,0.024752,1.3,119.43
1758300000000000005,1758290000000000004,1758280000000000003,2023-12-13,2363,23,1801,23870035,10101581,0.009733,0.24,26.47
1758300000000000006,1758290000000000005,1758280000000000004,2023-12-13,2611,62,1886,23403639,8963477,0.023746,1.01,92.45
1758300000000000007,1758290000000000005,1758280000000000004,2023-12-13,1874,28,1107,24336431,12986356,0.014941,0.76,73.89
1758300000000000001,1758290000000000001,1758280000000000001,2023-12-14,4478,33,3406,31579677,7052183,0.007369,0.16,15.85
1758300000000000002,1758290000000000001,1758280000000000001,2023-12-14,5471,38,3040,32179273,5881790,0.006946,0.13,16.09
1758300000000000003,1758290000000000002,1758280000000000002,2023-12-14,1858,45,1150,17804250,9582481,0.02422,1.0,64.45
1758300000000000004,1758290000000000003,1758280000000000002,2023-12-14,1874,33,1039,18629436,9941001,0.017609,0.82,71.9
1758300000000000005,1758290000000000004,1758280000000000003,2023-12-14,5310,82,3410,27325264,5146001,0.015443,0.76,81.73
1758300000000000006,1758290000000000005,1758280000000000004,2023-12-14,3597,88,2138,26184971,7279669,0.024465,2.11,150.06
1758300000000000007,1758290000000000005,1758280000000000004,2023-12-14,2173,46,1738,28465558,13099659,0.021169,1.21,140.86
1758300000000000001,1758290000000000001,1758280000000000001,2023-12-15,2025,19,1239,17544217,8663811,0.009383,0.1,9.05
1758300000000000002,1758290000000000001,1758280000000000001,2023-12-15,2456,18,1464,21275916,8662832,0.007329,0.05,3.9
1758300000000000003,1758290000000000002,1758280000000000002,2023-12-15,1409,39,1036,11876462,8429001,0.027679,1.35,154.64
1758300000000000004,1758290000000000003,1758280000000000002,2023-12-15,905,26,592,10306471,11388366,0.028729,0.93,84.33
1758300000000000005,1758290000000000004,1758280000000000003,2023-12-15,3281,51,2556,16637200,5070771,0.015544,0.4,38.93
1758300000000000007,1758290000000000005,1758280000000000004,2023-12-15,1801,36,1192,14082801,7819434,0.019989,0.72,99.45
1758300000000000001,1758290000000000001,1758280000000000001,2023-12-16,4413,48,3138,26220310,5941607,0.010877,0.14,9.67
1758300000000000002,1758290000000000001,1758280000000000001,2023-12-16,3475,23,2292,23567204,6781929,0.006619,0.12,11.44
1758300000000000003,1758290000000000002,1758280000000000002,2023-12-16,1797,34,1183,14279798,7946465,0.01892,1.11,92.17
1758300000000000004,1758290000000000003,1758280000000000002,2023-12-16,1135,30,730,14170210,12484767,0.026432,0.64,59.42
1758300000000000005,1758290000000000004,1758280000000000003,2023-12-16,2968,32,1909,21337506,7189187,0.010782,0.25,16.93
1758300000000000006,1758290000000000005,1758280000000000004,2023-12-16,1717,41,1134,23718331,13813821,0.023879,0.96,55.93
1758300000000000007,1758290000000000005,1758280000000000004,2023-12-16,1848,43,1089,18956681,10257944,0.023268,1.22,67.37
1758300000000000001,1758290000000000001,1758280000000000001,2023-12-17,3608,37,2788,23381179,6480371,0.010255,0.18,15.94
1758300000000000002,1758290000000000001,1758280000000000001,2023-12-17,2732,19,1949,23379126,8557513,0.006955,0.08,4.53
1758300000000000003,1758290000000000002,1758280000000000002,2023-12-17,1249,26,891,12697100,10165813,0.020817,0.75,40.74
1758300000000000004,1758290000000000003,1758280000000000002,2023-12-17,1329,22,810,14023074,10551598,0.016554,0.53,22.52
1758300000000000005,1758290000000000004,1758280000000000003,2023-12-17,1872,18,1201,20040130,10705198,0.009615,0.15,18.89
1758300000000000006,1758290000000000005,1758280000000000004,2023-12-17,1608,25,1202,21259858,13221305,0.015547,0.58,23.52
1758300000000000007,1758290000000000005,1758280000000000004,2023-12-17,1997,26,1439,18820403,9424338,0.01302,0.6,43.01
1758300000000000001,1758290000000000001,1758280000000000001,2023-12-18,6093,57,3766,28261625,4638376,0.009355,0.17,13.24
1758300000000000002,1758290000000000001,1758280000000000001,2023-12-18,4999,49,3070,25546040,5110230,0.009802,0.17,22.19
1758300000000000003,1758290000000000002,1758280000000000002,2023-12-18,1778,49,982,16935332,9524934,0.027559,1.34,153.41
1758300000000000004,1758290000000000003,1758280000000000002,2023-12-18,1101,32,678,13811905,12544873,0.029064,0.72,100.41
1758300000000000005,1758290000000000004,1758280000000000003,2023-12-18,3302,34,2007,23060428,6983776,0.010297,0.34,33.94
1758300000000000006,1758290000000000005,1758280000000000004,2023-12-18,1970,38,1573,23690584,12025677,0.019289,0.76,69.43
1758300000000000007,1758290000000000005,1758280000000000004,2023-12-18,2568,65,1556,22430272,8734530,0.025312,1.33,77.49
1758300000000000001,1758290000000000001,1758280000000000001,2023-12-19,6625,65,4590,29402115,4438055,0.009811,0.23,21.96
1758300000000000002,1758290000000000001,1758280000000000001,2023-12-19,3076,27,2416,26873213,8736415,0.008778,0.09,10.13
1758300000000000004,1758290000000000003,1758280000000000002,2023-12-19,1853,46,1443,14595745,7876819,0.024825,0.97,65.28
1758300000000000005,1758290000000000004,1758280000000000003,2023-12-19,3380,58,2091,24117998,7135502,0.01716,0.43,47.32
1758300000000000006,1758290000000000005,1758280000000000004,2023-12-19,2949,74,1720,23711210,8040424,0.025093,1.97,100.04
1758300000000000001,1758290000000000001,1758280000000000001,2023-12-20,5030,51,3621,30462344,6056132,0.010139,0.21,21.99
1758300000000000002,1758290000000000001,1758280000000000001,2023-12-20,6107,38,3551,29941340,4902790,0.006222,0.18,18.36
1758300000000000003,1758290000000000002,1758280000000000002,2023-12-20,1439,28,1119,14705829,10219478,0.019458,0.83,101.1
1758300000000000004,1758290000000000003,1758280000000000002,2023-12-20,2338,49,1438,19810562,8473294,0.020958,1.76,224.48
1758300000000000005,1758290000000000004,1758280000000000003,2023-12-20,2737,47,1786,25887293,9458273,0.017172,0.45,44.77
1758300000000000006,1758290000000000005,1758280000000000004,2023-12-20,2464,37,1476,27283471,11072837,0.015016,0.58,52.64
1758300000000000007,1758290000000000005,1758280000000000004,2023-12-20,2741,59,2131,24491116,8935103,0.021525,1.49,72.78
1758300000000000001,1758290000000000001,1758280000000000001,2023-12-21,4755,42,3439,24151894,5079263,0.008833,0.2,17.48
1758300000000000002,1758290000000000001,1758280000000000001,2023-12-21,3663,32,2449,25323415,6913299,0.008736,0.13,15.32
1758300000000000003,1758290000000000002,1758280000000000002,2023-12-21,1146,29,865,12912691,11267619,0.025305,0.87,71.8
1758300000000000004,1758290000000000003,1758280000000000002,2023-12-21,2437,54,1859,15358914,6302386,0.022158,1.97,259.81
1758300000000000005,1758290000000000004,1758280000000000003,2023-12-21,2379,41,1547,21203704,8912864,0.017234,0.48,33.59
1758300000000000006,1758290000000000005,1758280000000000004,2023-12-21,1971,41,1088,18873147,9575417,0.020802,1.0,42.63
1758300000000000007,1758290000000000005,1758280000000000004,2023-12-21,2381,37,1647,23534260,9884192,0.01554,0.76,101.38
1758300000000000001,1758290000000000001,1758280000000000001,2023-12-22,3408,33,2579,26229705,7696510,0.009683,0.11,7.4
1758300000000000002,1758290000000000001,1758280000000000001,2023-12-22,6217,56,3948,28985783,4662342,0.009008,0.19,12.21
1758300000000000003,1758290000000000002,1758280000000000002,2023-12-22,1785,51,1207,14903646,8349382,0.028571,1.88,120.0
1758300000000000004,1758290000000000003,1758280000000000002,2023-12-22,2421,60,1659,16648062,6876523,0.024783,1.31,97.49
1758300000000000005,1758290000000000004,1758280000000000003,2023-12-22,2560,33,1440,23663781,9243664,0.012891,0.37,46.72
1758300000000000006,1758290000000000005,1758280000000000004,2023-12-22,2626,41,1565,25033086,9532782,0.015613,0.69,53.17
1758300000000000007,1758290000000000005,1758280000000000004,2023-12-22,2650,63,1970,22294475,8413009,0.023774,1.7,153.52
1758300000000000001,1758290000000000001,1758280000000000001,2023-12-23,2637,29,1888,21966402,8330073,0.010997,0.09,8.79
1758300000000000002,1758290000000000001,1758280000000000001,2023-12-23,2473,19,1788,18637067,7536218,0.007683,0.09,7.88
1758300000000000003,1758290000000000002,1758280000000000002,2023-12-23,950,22,727,10311374,10854078,0.023158,0.68,53.36
1758300000000000004,1758290000000000003,1758280000000000002,2023-12-23,1158,26,778,12890608,11131786,0.022453,0.82,78.52
1758300000000000005,1758290000000000004,1758280000000000003,2023-12-23,2311,31,1807,17401487,7529852,0.013414,0.34,38.5
1758300000000000006,1758290000000000005,1758280000000000004,2023-12-23,1276,19,846,16162571,12666592,0.01489,0.39,35.5
1758300000000000007,1758290000000000005,1758280000000000004,2023-12-23,1680,36,1179,18640403,11095478,0.021429,0.8,92.59
1758300000000000003,1758290000000000002,1758280000000000002,2023-12-24,1277,25,816,13130825,10282557,0.019577,0.94,44.71
1758300000000000004,1758290000000000003,1758280000000000002,2023-12-24,1978,49,1429,14932811,7549449,0.024772,1.19,138.52
1758300000000000005,1758290000000000004,1758280000000000003,2023-12-24,2651,43,2065,21047727,7939542,0.01622,0.56,45.08
1758300000000000006,1758290000000000005,1758280000000000004,2023-12-24,1921,43,1134,18080129,9411832,0.022384,1.11,69.73
1758300000000000007,1758290000000000005,1758280000000000004,2023-12-24,2257,46,1296,24015325,10640374,0.020381,0.74,81.92
1758300000000000001,1758290000000000001,1758280000000000001,2023-12-25,4186,38,3065,25723391,6145101,0.009078,0.16,12.62
1758300000000000002,1758290000000000001,1758280000000000001,2023-12-25,3332,35,2451,27473717,8245413,0.010504,0.15,19.72
1758300000000000003,1758290000000000002,1758280000000000002,2023-12-25,1536,33,1149,13923546,9064809,0.021484,1.13,133.82
1758300000000000004,1758290000000000003,1758280000000000002,2023-12-25,2389,62,1712,16474801,6896108,0.025952,1.59,118.54
1758300000000000005,1758290000000000004,1758280000000000003,2023-12-25,3511,32,2059,22798760,6493523,0.009114,0.28,22.04
1758300000000000006,1758290000000000005,1758280000000000004,2023-12-25,3080,77,2111,21995800,7141494,0.025,1.87,149.67
1758300000000000007,1758290000000000005,1758280000000000004,2023-12-25,1741,32,1344,23601721,13556416,0.01838,0.77,58.36
1758300000000000001,1758290000000000001,1758280000000000001,2023-12-26,3887,33,2256,31182635,8022288,0.00849,0.13,17.73
1758300000000000002,1758290000000000001,1758280000000000001,2023-12-26,6226,61,4827,25323979,4067456,0.009798,0.21,21.2
1758300000000000003,1758290000000000002,1758280000000000002,2023-12-26,2288,58,1707,15130761,6613095,0.02535,1.63,116.3
1758300000000000004,1758290000000000003,1758280000000000002,2023-12-26,1719,26,1362,17158732,9981810,0.015125,0.62,74.6
1758300000000000005,1758290000000000004,1758280000000000003,2023-12-26,2235,31,1538,24217120,10835400,0.01387,0.23,22.39
1758300000000000006,1758290000000000005,1758280000000000004,2023-12-26,2181,31,1298,27183460,12463760,0.014214,0.79,76.31
1758300000000000007,1758290000000000005,1758280000000000004,2023-12-26,2258,56,1540,21250780,9411329,0.024801,1.37,156.17
1758300000000000001,1758290000000000001,1758280000000000001,2023-12-27,4548,52,3074,27003226,5937385,0.011434,0.18,22.64
1758300000000000002,1758290000000000001,1758280000000000001,2023-12-27,3542,27,2620,24345036,6873246,0.007623,0.11,4.59
1758300000000000003,1758290000000000002,1758280000000000002,2023-12-27,1171,18,685,12584789,10747044,0.015371,0.38,19.15
1758300000000000004,1758290000000000003,1758280000000000002,2023-12-27,1948,44,1452,16757075,8602195,0.022587,1.58,187.74
1758300000000000005,1758290000000000004,1758280000000000003,2023-12-27,2160,30,1351,22006398,10188147,0.013889,0.37,33.57
1758300000000000006,1758290000000000005,1758280000000000004,2023-12-27,2016,45,1445,21014185,10423703,0.022321,0.71,54.95
1758300000000000007,1758290000000000005,1758280000000000004,2023-12-27,2991,43,2261,22998612,7689272,0.014376,0.72,49.21
1758300000000000001,1758290000000000001,1758280000000000001,2023-12-28,3166,21,1825,24050155,7596385,0.006633,0.07,3.16
1758300000000000002,1758290000000000001,1758280000000000001,2023-12-28,4053,45,2538,25595911,6315300,0.011103,0.21,11.17
1758300000000000003,1758290000000000002,1758280000000000002,2023-12-28,1885,43,1209,12390110,6573003,0.022812,1.36,107.69
1758300000000000004,1758290000000000003,1758280000000000002,2023-12-28,1327,24,919,15979070,12041500,0.018086,0.84,67.29
1758300000000000005,1758290000000000004,1758280000000000003,2023-12-28,2128,29,1629,21276885,9998536,0.013628,0.36,25.22
1758300000000000006,1758290000000000005,1758280000000000004,2023-12-28,2111,44,1506,20835271,9869858,0.020843,1.07,112.51
1758300000000000007,1758290000000000005,1758280000000000004,2023-12-28,1458,35,1163,21718499,14896090,0.024005,0.86,39.32
1758300000000000001,1758290000000000001,1758280000000000001,2023-12-29,7011,59,4003,31549841,4500049,0.008415,0.21,14.1
1758300000000000002,1758290000000000001,1758280000000000001,2023-12-29,3541,35,2368,23519712,6642110,0.009884,0.16,11.12
1758300000000000003,1758290000000000002,1758280000000000002,2023-12-29,1672,36,952,16274274,9733417,0.021531,1.1,100.93
1758300000000000004,1758290000000000003,1758280000000000002,2023-12-29,1799,52,1145,15194041,8445826,0.028905,1.86,113.12
1758300000000000005,1758290000000000004,1758280000000000003,2023-12-29,2641,37,1981,23601237,8936477,0.01401,0.29,15.08
1758300000000000006,1758290000000000005,1758280000000000004,2023-12-29,2229,37,1372,23982397,10759263,0.016599,0.57,48.15
1758300000000000007,1758290000000000005,1758280000000000004,2023-12-29,1665,40,1245,23220076,13945992,0.024024,1.09,106.93
1758300000000000001,1758290000000000001,1758280000000000001,2023-12-30,3639,29,2053,20919160,5748601,0.007969,0.15,18.5
1758300000000000002,1758290000000000001,1758280000000000001,2023-12-30,5892,66,4114,25269065,4288708,0.011202,0.26,32.04
1758300000000000003,1758290000000000002,1758280000000000002,2023-12-30,982,21,704,12575219,12805722,0.021385,0.49,27.85
1758300000000000004,1758290000000000003,1758280000000000002,2023-12-30,1613,38,1287,13818053,8566679,0.023559,0.94,109.62
1758300000000000005,1758290000000000004,1758280000000000003,2023-12-30,2720,30,1944,19794954,7277557,0.011029,0.31,40.6
1758300000000000006,1758290000000000005,1758280000000000004,2023-12-30,2244,34,1484,22144418,9868279,0.015152,0.58,43.38
1758300000000000007,1758290000000000005,1758280000000000004,2023-12-30,1308,21,1005,17445489,13337530,0.016055,0.47,31.4
1758300000000000001,1758290000000000001,1758280000000000001,2023-12-31,2320,20,1394,20467996,8822412,0.008621,0.07,3.15
1758300000000000002,1758290000000000001,1758280000000000001,2023-12-31,2530,28,1626,18964334,7495784,0.011067,0.14,15.27
1758300000000000003,1758290000000000002,1758280000000000002,2023-12-31,1398,26,790,10822342,7741303,0.018598,0.77,53.4
1758300000000000004,1758290000000000003,1758280000000000002,2023-12-31,957,26,728,11710418,12236591,0.027168,0.8,97.36
1758300000000000005,1758290000000000004,1758280000000000003,2023-12-31,2306,35,1517,16899570,7328521,0.015178,0.35,24.97
1758300000000000006,1758290000000000005,1758280000000000004,2023-12-31,1505,31,998,16731149,11117043,0.020598,0.87,85.87
1758300000000000007,1758290000000000005,1758280000000000004,2023-12-31,1146,16,851,17067991,14893535,0.013962,0.32,29.67
1758300000000000001,1758290000000000001,1758280000000000001,2024-01-01,4826,35,3515,34286030,7104441,0.007252,0.16,11.81
1758300000000000002,1758290000000000001,1758280000000000001,2024-01-01,5718,68,3950,37193873,6504700,0.011892,0.32,15.03
1758300000000000003,1758290000000000002,1758280000000000002,2024-01-01,3009,46,2012,20558397,6832302,0.015287,0.99,108.91
1758300000000000004,1758290000000000003,1758280000000000002,2024-01-01,2367,55,1440,20287261,8570875,0.023236,1.43,82.51
1758300000000000005,1758290000000000004,1758280000000000003,2024-01-01,4932,60,3234,30634244,6211323,0.012165,0.75,87.71
1758300000000000006,1758290000000000005,1758280000000000004,2024-01-01,3068,52,2216,31419384,10240999,0.016949,1.37,119.24
1758300000000000001,1758290000000000001,1758280000000000001,2024-01-02,8366,72,4842,42436056,5072443,0.008606,0.25,24.73
1758300000000000002,1758290000000000001,1758280000000000001,2024-01-02,6568,74,4006,42528156,6475054,0.011267,0.36,44.55
1758300000000000003,1758290000000000002,1758280000000000002,2024-01-02,3465,77,2704,23108520,6669126,0.022222,1.66,199.67
1758300000000000004,1758290000000000003,1758280000000000002,2024-01-02,3472,103,2223,25442459,7327897,0.029666,2.47,204.77
1758300000000000005,1758290000000000004,1758280000000000003,2024-01-02,4046,73,3191,36413234,8999811,0.018043,0.65,40.22
1758300000000000006,1758290000000000005,1758280000000000004,2024-01-02,3720,56,2799,37313026,10030383,0.015054,1.13,47.22
1758300000000000007,1758290000000000005,1758280000000000004,2024-01-02,3083,43,2001,35513442,11519118,0.013947,0.93,73.93
1758300000000000001,1758290000000000001,1758280000000000001,2024-01-03,5856,53,3436,51176926,8739229,0.009051,0.19,9.31
1758300000000000002,1758290000000000001,1758280000000000001,2024-01-03,7505,76,4945,47916294,6384583,0.010127,0.3,12.21
1758300000000000003,1758290000000000002,1758280000000000002,2024-01-03,4487,100,3182,27393403,6105060,0.022287,3.79,201.18
1758300000000000004,1758290000000000003,1758280000000000002,2024-01-03,2557,65,1844,29231294,11431871,0.02542,2.0,175.99
1758300000000000005,1758290000000000004,1758280000000000003,2024-01-03,6579,97,5077,42468523,6455164,0.014744,0.8,35.34
1758300000000000006,1758290000000000005,1758280000000000004,2024-01-03,4288,80,2849,44154611,10297251,0.018657,1.48,101.28
1758300000000000007,1758290000000000005,1758280000000000004,2024-01-03,5136,91,3135,40782434,7940505,0.017718,1.71,100.76
1758300000000000001,1758290000000000001,1758280000000000001,2024-01-04,5412,38,4305,42447130,7843150,0.007021,0.17,22.07
1758300000000000002,1758290000000000001,1758280000000000001,2024-01-04,8105,67,6279,33967840,4190973,0.008267,0.31,13.74
1758300000000000003,1758290000000000002,1758280000000000002,2024-01-04,4056,79,3200,25959941,6400380,0.019477,2.87,284.5
1758300000000000004,1758290000000000003,1758280000000000002,2024-01-04,1631,25,940,17705756,10855767,0.015328,0.91,66.95
1758300000000000005,1758290000000000004,1758280000000000003,2024-01-04,5901,95,3716,32749273,5549784,0.016099,1.14,50.26
1758300000000000006,1758290000000000005,1758280000000000004,2024-01-04,3201,55,2141,35339537,11040155,0.017182,1.3,159.06
1758300000000000007,1758290000000000005,1758280000000000004,2024-01-04,2946,46,1963,30159009,10237274,0.015614,0.79,107.87
1758300000000000001,1758290000000000001,1758280000000000001,2024-01-05,5201,60,3151,38542602,7410614,0.011536,0.2,17.88
1758300000000000002,1758290000000000001,1758280000000000001,2024-01-05,4542,27,3065,28894215,6361562,0.005945,0.12,9.79
1758300000000000003,1758290000000000002,1758280000000000002,2024-01-05,1900,31,1147,18768956,9878398,0.016316,1.07,48.06
1758300000000000004,1758290000000000003,1758280000000000002,2024-01-05,2215,65,1559,19766368,8923868,0.029345,1.86,158.58
1758300000000000005,1758290000000000004,1758280000000000003,2024-01-05,2659,24,1489,28901493,10869309,0.009026,0.19,15.19
1758300000000000006,1758290000000000005,1758280000000000004,2024-01-05,3193,52,2147,25174434,7884257,0.016286,1.17,100.91
1758300000000000007,1758290000000000005,1758280000000000004,2024-01-05,2768,58,2156,32628552,11787772,0.020954,1.64,212.59
1758300000000000001,1758290000000000001,1758280000000000001,2024-01-06,5341,52,3242,34085834,6381920,0.009736,0.25,25.06
1758300000000000002,1758290000000000001,1758280000000000001,2024-01-06,6705,56,4951,46893191,6993765,0.008352,0.27,28.35
1758300000000000003,1758290000000000002,1758280000000000002,2024-01-06,2227,43,1686,22793336,10234996,0.019308,1.15,141.03
1758300000000000004,1758290000000000003,1758280000000000002,2024-01-06,2142,41,1259,23480392,10961901,0.019141,1.09,73.87
1758300000000000005,1758290000000000004,1758280000000000003,2024-01-06,3464,39,1953,34705297,10018850,0.011259,0.35,14.98
1758300000000000006,1758290000000000005,1758280000000000004,2024-01-06,2469,33,1809,35563225,14403898,0.013366,0.52,23.86
1758300000000000007,1758290000000000005,1758280000000000004,2024-01-06,2539,62,1873,33847368,13330984,0.024419,1.57,206.76
1758300000000000002,1758290000000000001,1758280000000000001,2024-01-07,7931,40,5576,33772560,4258298,0.005044,0.21,21.1
1758300000000000003,1758290000000000002,1758280000000000002,2024-01-07,1520,44,1174,18651355,12270628,0.028947,1.24,159.98
1758300000000000004,1758290000000000003,1758280000000000002,2024-01-07,3501,100,2289,23967883,6846011,0.028563,2.93,165.88
1758300000000000005,1758290000000000004,1758280000000000003,2024-01-07,3690,44,2872,31964428,8662447,0.011924,0.47,53.48
1758300000000000006,1758290000000000005,1758280000000000004,2024-01-07,2818,60,2038,28696215,10183185,0.021292,1.31,175.92
1758300000000000007,1758290000000000005,1758280000000000004,2024-01-07,2977,59,1836,35232642,11834949,0.019819,1.0,64.1
1758300000000000001,1758290000000000001,1758280000000000001,2024-01-08,7866,92,4889,56562286,7190730,0.011696,0.4,41.57
1758300000000000002,1758290000000000001,1758280000000000001,2024-01-08,7140,71,4139,60124801,8420840,0.009944,0.23,20.77
1758300000000000003,1758290000000000002,1758280000000000002,2024-01-08,3327,53,2449,32126440,9656279,0.01593,1.55,209.53
1758300000000000004,1758290000000000003,1758280000000000002,2024-01-08,3149,71,2161,34551896,10972339,0.022547,1.83,123.54
1758300000000000005,1758290000000000004,1758280000000000003,2024-01-08,8336,115,5978,50008752,5999131,0.013796,1.2,114.69
1758300000000000007,1758290000000000005,1758280000000000004,2024-01-08,5408,107,3872,51622465,9545574,0.019786,2.97,292.22
1758300000000000001,1758290000000000001,1758280000000000001,2024-01-09,7714,57,6154,52896612,6857222,0.007389,0.29,39.64
1758300000000000002,1758290000000000001,1758280000000000001,2024-01-09,4410,23,2509,36423058,8259197,0.005215,0.1,7.41
1758300000000000003,1758290000000000002,1758280000000000002,2024-01-09,2340,67,1498,25537529,10913474,0.028632,1.89,235.23
1758300000000000004,1758290000000000003,1758280000000000002,2024-01-09,2312,56,1772,25502282,11030399,0.024221,1.38,160.54
1758300000000000005,1758290000000000004,1758280000000000003,2024-01-09,6659,88,4039,38279858,5748590,0.013215,1.09,116.46
1758300000000000006,1758290000000000005,1758280000000000004,2024-01-09,3520,55,2663,33688975,9570732,0.015625,0.96,97.52
1758300000000000007,1758290000000000005,1758280000000000004,2024-01-09,3102,75,1720,42870741,13820355,0.024178,1.42,158.49
1758300000000000001,1758290000000000001,1758280000000000001,2024-01-10,4769,40,3787,40361275,8463257,0.008388,0.2,24.74
1758300000000000002,1758290000000000001,1758280000000000001,2024-01-10,8841,75,6690,46717046,5284136,0.008483,0.33,42.96
1758300000000000003,1758290000000000002,1758280000000000002,2024-01-10,2239,45,1693,26435499,11806833,0.020098,1.7,154.59
1758300000000000004,1758290000000000003,1758280000000000002,2024-01-10,2055,59,1214,23323542,11349655,0.02871,1.36,122.98
1758300000000000005,1758290000000000004,1758280000000000003,2024-01-10,3984,64,3069,37319280,9367289,0.016064,0.54,73.64
1758300000000000007,1758290000000000005,1758280000000000004,2024-01-10,3727,80,2217,43788334,11748949,0.021465,1.46,150.8
1758300000000000001,1758290000000000001,1758280000000000001,2024-01-11,5307,44,3553,39489195,7440964,0.008291,0.21,27.3
1758300000000000002,1758290000000000001,1758280000000000001,2024-01-11,5387,58,2970,41059760,7622009,0.010767,0.22,23.1
1758300000000000003,1758290000000000002,1758280000000000002,2024-01-11,3784,106,2163,25812074,6821373,0.028013,3.46,148.75
1758300000000000004,1758290000000000003,1758280000000000002,2024-01-11,3308,75,2030,20215901,6111216,0.022672,2.15,275.04
1758300000000000005,1758290000000000004,1758280000000000003,2024-01-11,5190,65,3667,34520981,6651441,0.012524,0.75,92.97
1758300000000000006,1758290000000000005,1758280000000000004,2024-01-11,3553,90,2769,35061860,9868241,0.025331,1.44,162.0
1758300000000000007,1758290000000000005,1758280000000000004,2024-01-11,3216,75,1947,33980102,10565952,0.023321,1.69,191.92
1758300000000000001,1758290000000000001,1758280000000000001,2024-01-12,7432,44,4267,54535708,7337959,0.00592,0.19,13.43
1758300000000000002,1758290000000000001,1758280000000000001,2024-01-12,8735,79,4833,57893464,6627758,0.009044,0.37,35.43
1758300000000000003,1758290000000000002,1758280000000000002,2024-01-12,4263,124,2524,33516842,7862266,0.029087,4.61,533.13
1758300000000000004,1758290000000000003,1758280000000000002,2024-01-12,4822,121,3286,30728399,6372542,0.025093,3.21,358.13
1758300000000000005,1758290000000000004,1758280000000000003,2024-01-12,4545,79,3272,48183931,10601525,0.017382,0.93,112.43
1758300000000000006,1758290000000000005,1758280000000000004,2024-01-12,4800,121,3640,56407299,11751521,0.025208,2.81,163.45
1758300000000000007,1758290000000000005,1758280000000000004,2024-01-12,3356,62,2238,39960563,11907200,0.018474,1.07,47.19
1758300000000000001,1758290000000000001,1758280000000000001,2024-01-13,7093,51,5006,43020667,6065229,0.00719,0.26,21.41
1758300000000000002,1758290000000000001,1758280000000000001,2024-01-13,7353,83,4094,46002661,6256312,0.011288,0.42,56.66
1758300000000000003,1758290000000000002,1758280000000000002,2024-01-13,3019,63,1696,23575488,7809039,0.020868,1.48,183.31
1758300000000000004,1758290000000000003,1758280000000000002,2024-01-13,2931,82,1690,27294985,9312516,0.027977,1.97,133.01
1758300000000000005,1758290000000000004,1758280000000000003,2024-01-13,3874,41,2685,38152855,9848440,0.010583,0.29,12.5
1758300000000000006,1758290000000000005,1758280000000000004,2024-01-13,3385,79,2580,33814440,9989495,0.023338,1.8,130.24
1758300000000000007,1758290000000000005,1758280000000000004,2024-01-13,3219,70,1830,42491270,13200146,0.021746,1.24,72.29
1758300000000000001,1758290000000000001,1758280000000000001,2024-01-14,12949,124,9069,52728856,4072041,0.009576,0.48,64.59
1758300000000000002,1758290000000000001,1758280000000000001,2024-01-14,10999,69,8176,49245897,4477307,0.006273,0.35,28.93
1758300000000000003,1758290000000000002,1758280000000000002,2024-01-14,2537,75,1747,25881834,10201748,0.029562,2.71,154.26
1758300000000000004,1758290000000000003,1758280000000000002,2024-01-14,2997,51,1731,32389453,10807292,0.017017,1.11,143.27
1758300000000000005,1758290000000000004,1758280000000000003,2024-01-14,5245,93,3340,43703465,8332405,0.017731,0.7,94.96
1758300000000000006,1758290000000000005,1758280000000000004,2024-01-14,5925,103,4121,46998356,7932212,0.017384,2.52,168.39
1758300000000000007,1758290000000000005,1758280000000000004,2024-01-14,2742,54,1733,40408575,14736898,0.019694,1.52,170.47
1758300000000000001,1758290000000000001,1758280000000000001,2024-01-15,4611,39,3219,39809570,8633609,0.008458,0.13,13.29
1758300000000000002,1758290000000000001,1758280000000000001,2024-01-15,5640,58,3278,39308844,6969653,0.010284,0.27,23.99
1758300000000000003,1758290000000000002,1758280000000000002,2024-01-15,2955,46,2099,19000864,6430072,0.015567,1.16,103.79
1758300000000000004,1758290000000000003,1758280000000000002,2024-01-15,2479,38,1601,26209658,10572674,0.015329,1.06,63.81
1758300000000000005,1758290000000000004,1758280000000000003,2024-01-15,5118,46,2934,33907892,6625223,0.008988,0.41,47.98
1758300000000000006,1758290000000000005,1758280000000000004,2024-01-15,4330,70,3165,33266944,7682897,0.016166,1.95,141.04
1758300000000000007,1758290000000000005,1758280000000000004,2024-01-15,2522,48,1502,34548840,13698985,0.019033,1.29,150.76
1758300000000000001,1758290000000000001,1758280000000000001,2024-01-16,8526,82,6779,56414637,6616777,0.009618,0.43,47.33
1758300000000000002,1758290000000000001,1758280000000000001,2024-01-16,11421,73,8283,62096118,5437012,0.006392,0.37,44.31
1758300000000000003,1758290000000000002,1758280000000000002,2024-01-16,2855,78,2076,34072370,11934280,0.02732,2.31,203.59
1758300000000000004,1758290000000000003,1758280000000000002,2024-01-16,3633,86,2250,33648061,9261784,0.023672,2.41,109.25
1758300000000000005,1758290000000000004,1758280000000000003,2024-01-16,7577,68,5373,50790323,6703223,0.008975,0.48,64.66
1758300000000000006,1758290000000000005,1758280000000000004,2024-01-16,3500,70,2465,52216111,14918889,0.02,1.33,174.36
1758300000000000007,1758290000000000005,1758280000000000004,2024-01-16,3870,82,2575,49364536,12755694,0.021189,1.71,156.15
1758300000000000001,1758290000000000001,1758280000000000001,2024-01-17,5142,42,2984,39270214,7637148,0.008168,0.16,17.66
1758300000000000002,1758290000000000001,1758280000000000001,2024-01-17,9295,84,6863,48785341,5248557,0.009037,0.26,22.58
1758300000000000003,1758290000000000002,1758280000000000002,2024-01-17,3507,69,1972,26956062,7686359,0.019675,2.64,213.14
1758300000000000004,1758290000000000003,1758280000000000002,2024-01-17,1925,47,1074,23361398,12135791,0.024416,1.22,101.11
1758300000000000005,1758290000000000004,1758280000000000003,2024-01-17,6305,81,4012,37738095,5985423,0.012847,0.6,81.26
1758300000000000006,1758290000000000005,1758280000000000004,2024-01-17,4773,106,3817,37121759,7777448,0.022208,2.26,245.64
1758300000000000007,1758290000000000005,1758280000000000004,2024-01-17,4463,70,2960,38354432,8593868,0.015685,1.89,252.31
1758300000000000001,1758290000000000001,1758280000000000001,2024-01-18,10816,124,8446,63917781,5909558,0.011464,0.6,25.4
1758300000000000002,1758290000000000001,1758280000000000001,2024-01-18,6171,43,4091,55300371,8961331,0.006968,0.19,25.2
1758300000000000003,1758290000000000002,1758280000000000002,2024-01-18,3018,57,2268,30285275,10034882,0.018887,2.15,148.82
1758300000000000004,1758290000000000003,1758280000000000002,2024-01-18,4538,83,2791,37839383,8338339,0.01829,2.47,289.17
1758300000000000005,1758290000000000004,1758280000000000003,2024-01-18,9128,77,5722,51093494,5597447,0.008436,0.96,109.21
1758300000000000006,1758290000000000005,1758280000000000004,2024-01-18,4008,62,2341,49125602,12256887,0.015469,1.12,120.2
1758300000000000007,1758290000000000005,1758280000000000004,2024-01-18,3978,71,2695,53061386,13338709,0.017848,1.34,149.37
1758300000000000001,1758290000000000001,1758280000000000001,2024-01-19,7914,47,4762,39119693,4943100,0.005939,0.23,9.43
1758300000000000002,1758290000000000001,1758280000000000001,2024-01-19,4924,49,3645,38965582,7913400,0.009951,0.24,23.67
1758300000000000003,1758290000000000002,1758280000000000002,2024-01-19,1819,45,1022,23237179,12774700,0.024739,1.43,69.22
1758300000000000004,1758290000000000003,1758280000000000002,2024-01-19,2226,66,1550,21382978,9606010,0.02965,1.41,97.77
1758300000000000005,1758290000000000004,1758280000000000003,2024-01-19,3134,26,2016,33465118,10678085,0.008296,0.34,22.71
1758300000000000006,1758290000000000005,1758280000000000004,2024-01-19,3065,41,2185,34818879,11360156,0.013377,0.96,114.11
1758300000000000007,1758290000000000005,1758280000000000004,2024-01-19,3797,89,2162,32111357,8457034,0.02344,1.54,138.51
1758300000000000001,1758290000000000001,1758280000000000001,2024-01-20,11967,77,9020,57063489,4768404,0.006434,0.24,26.77
1758300000000000002,1758290000000000001,1758280000000000001,2024-01-20,11944,81,6832,49651792,4157049,0.006782,0.37,41.41
1758300000000000003,1758290000000000002,1758280000000000002,2024-01-20,4474,120,3208,31660946,7076653,0.026822,3.1,360.96
1758300000000000004,1758290000000000003,1758280000000000002,2024-01-20,3897,65,2749,29319215,7523535,0.016679,2.25,127.98
1758300000000000005,1758290000000000004,1758280000000000003,2024-01-20,5236,63,3690,45735120,8734744,0.012032,0.77,38.69
1758300000000000006,1758290000000000005,1758280000000000004,2024-01-20,3630,94,2138,53936038,14858413,0.025895,2.02,121.63
1758300000000000007,1758290000000000005,1758280000000000004,2024-01-20,3426,87,2207,37534203,10955693,0.025394,2.35,228.1
1758300000000000001,1758290000000000001,1758280000000000001,2024-01-21,8350,50,5076,57113559,6839947,0.005988,0.21,21.57
1758300000000000002,1758290000000000001,1758280000000000001,2024-01-21,8145,86,5944,42545857,5223555,0.010559,0.3,41.29
1758300000000000003,1758290000000000002,1758280000000000002,2024-01-21,2918,59,2302,31903915,10933487,0.020219,1.26,109.59
1758300000000000004,1758290000000000003,1758280000000000002,2024-01-21,3910,101,2489,25044323,6405198,0.025831,2.44,182.3
1758300000000000005,1758290000000000004,1758280000000000003,2024-01-21,4452,42,2915,42711178,9593706,0.009434,0.52,26.24
1758300000000000007,1758290000000000005,1758280000000000004,2024-01-21,4258,110,3012,44929664,10551823,0.025834,2.41,209.23
1758300000000000001,1758290000000000001,1758280000000000001,2024-01-22,5522,36,3490,41047827,7433507,0.006519,0.15,20.03
1758300000000000002,1758290000000000001,1758280000000000001,2024-01-22,10261,90,6781,54722142,5333022,0.008771,0.29,40.39
1758300000000000003,1758290000000000002,1758280000000000002,2024-01-22,3551,72,2449,26422091,7440747,0.020276,2.22,196.72
1758300000000000004,1758290000000000003,1758280000000000002,2024-01-22,3953,115,2725,28303605,7160032,0.029092,3.12,303.6
1758300000000000005,1758290000000000004,1758280000000000003,2024-01-22,5286,89,3275,41044272,7764713,0.016837,0.96,56.29
1758300000000000006,1758290000000000005,1758280000000000004,2024-01-22,3694,51,2629,43382761,11744115,0.013806,1.35,111.5
1758300000000000007,1758290000000000005,1758280000000000004,2024-01-22,2982,49,1824,38705783,12979807,0.016432,1.1,127.55
1758300000000000001,1758290000000000001,1758280000000000001,2024-01-23,7104,68,3909,34843476,4904769,0.009572,0.2,18.44
1758300000000000002,1758290000000000001,1758280000000000001,2024-01-23,5439,53,3813,46826032,8609309,0.009744,0.24,24.64
1758300000000000003,1758290000000000002,1758280000000000002,2024-01-23,3225,53,2063,21239665,6585943,0.016434,1.55,211.88
1758300000000000004,1758290000000000003,1758280000000000002,2024-01-23,3071,49,1934,25428626,8280243,0.015956,1.25,136.67
1758300000000000005,1758290000000000004,1758280000000000003,2024-01-23,3589,58,2493,35001218,9752359,0.01616,0.47,46.48
1758300000000000006,1758290000000000005,1758280000000000004,2024-01-23,2784,61,2211,36117436,12973217,0.021911,1.02,135.47
1758300000000000007,1758290000000000005,1758280000000000004,2024-01-23,2313,33,1667,33885000,14649805,0.014267,0.77,64.97
1758300000000000001,1758290000000000001,1758280000000000001,2024-01-24,7622,40,5135,41857136,5491621,0.005248,0.17,22.03
1758300000000000002,1758290000000000001,1758280000000000001,2024-01-24,8122,44,5747,37045608,4561144,0.005417,0.2,18.82
1758300000000000003,1758290000000000002,1758280000000000002,2024-01-24,2779,48,1998,23441074,8435075,0.017272,1.49,141.57
1758300000000000004,1758290000000000003,1758280000000000002,2024-01-24,2394,57,1755,21646208,9041858,0.02381,2.0,165.5
1758300000000000005,1758290000000000004,1758280000000000003,2024-01-24,4543,38,2950,33815462,7443421,0.008365,0.36,26.0
1758300000000000006,1758290000000000005,1758280000000000004,2024-01-24,2284,31,1545,32954033,14428211,0.013573,0.57,31.35
1758300000000000007,1758290000000000005,1758280000000000004,2024-01-24,2648,60,1465,34676891,13095503,0.022659,0.95,89.34
1758300000000000001,1758290000000000001,1758280000000000001,2024-01-25,7527,52,5007,44286392,5883671,0.006908,0.18,21.51
1758300000000000002,1758290000000000001,1758280000000000001,2024-01-25,4696,50,2789,41333889,8801935,0.010647,0.21,15.22
1758300000000000003,1758290000000000002,1758280000000000002,2024-01-25,2182,42,1217,24135691,11061270,0.019248,1.34,160.93
1758300000000000004,1758290000000000003,1758280000000000002,2024-01-25,2825,47,1997,24790184,8775286,0.016637,1.51,154.75
1758300000000000005,1758290000000000004,1758280000000000003,2024-01-25,3520,47,2479,36694406,10424547,0.013352,0.49,61.76
1758300000000000006,1758290000000000005,1758280000000000004,2024-01-25,2695,61,1816,36764961,13641915,0.022635,1.26,57.88
1758300000000000007,1758290000000000005,1758280000000000004,2024-01-25,2916,54,2288,36623852,12559620,0.018519,1.09,65.61
1758300000000000001,1758290000000000001,1758280000000000001,2024-01-26,6333,34,4389,44340410,7001486,0.005369,0.12,7.23
1758300000000000002,1758290000000000001,1758280000000000001,2024-01-26,5896,33,4417,39347438,6673582,0.005597,0.13,8.71
1758300000000000003,1758290000000000002,1758280000000000002,2024-01-26,2535,69,1419,23936088,9442244,0.027219,2.66,275.96
1758300000000000004,1758290000000000003,1758280000000000002,2024-01-26,3120,91,1986,23885540,7655622,0.029167,2.19,296.33
1758300000000000005,1758290000000000004,1758280000000000003,2024-01-26,5130,51,3147,35866221,6991466,0.009942,0.53,44.72
1758300000000000006,1758290000000000005,1758280000000000004,2024-01-26,2512,49,1826,35544066,14149708,0.019506,1.19,153.88
1758300000000000007,1758290000000000005,1758280000000000004,2024-01-26,3212,83,1794,36188376,11266618,0.025841,1.99,187.29
1758300000000000001,1758290000000000001,1758280000000000001,2024-01-27,5951,45,3854,42875767,7204800,0.007562,0.19,22.67
1758300000000000002,1758290000000000001,1758280000000000001,2024-01-27,8209,87,6367,48349202,5889780,0.010598,0.35,35.62
1758300000000000003,1758290000000000002,1758280000000000002,2024-01-27,3612,103,2739,28378781,7856805,0.028516,3.44,387.64
1758300000000000004,1758290000000000003,1758280000000000002,2024-01-27,3741,111,2110,23749773,6348509,0.029671,2.75,112.91
1758300000000000005,1758290000000000004,1758280000000000003,2024-01-27,4582,70,3253,39096415,8532609,0.015277,0.67,38.5
1758300000000000006,1758290000000000005,1758280000000000004,2024-01-27,3611,74,2505,41072013,11374138,0.020493,1.66,123.49
1758300000000000007,1758290000000000005,1758280000000000004,2024-01-27,4699,100,2809,37120817,7899727,0.021281,2.58,243.13
1758300000000000001,1758290000000000001,1758280000000000001,2024-01-28,5359,44,3329,44932772,8384544,0.00821,0.14,8.83
1758300000000000002,1758290000000000001,1758280000000000001,2024-01-28,7526,41,5124,53905777,7162607,0.005448,0.14,9.01
1758300000000000003,1758290000000000002,1758280000000000002,2024-01-28,2985,56,2136,29149557,9765346,0.01876,1.46,61.76
1758300000000000004,1758290000000000003,1758280000000000002,2024-01-28,4184,84,2653,27329614,6531935,0.020076,2.84,181.93
1758300000000000005,1758290000000000004,1758280000000000003,2024-01-28,8084,106,5091,42359378,5239903,0.013112,0.94,109.79
1758300000000000006,1758290000000000005,1758280000000000004,2024-01-28,3305,45,2027,45114292,13650315,0.013616,0.72,51.95
1758300000000000007,1758290000000000005,1758280000000000004,2024-01-28,3839,73,3070,39604465,10316349,0.019015,1.74,130.21
1758300000000000002,1758290000000000001,1758280000000000001,2024-01-29,8741,97,6097,39035569,4465801,0.011097,0.33,25.98
1758300000000000003,1758290000000000002,1758280000000000002,2024-01-29,2288,37,1792,23689858,10353959,0.016171,1.13,76.78
1758300000000000004,1758290000000000003,1758280000000000002,2024-01-29,2129,55,1682,26740791,12560259,0.025834,1.54,97.92
1758300000000000005,1758290000000000004,1758280000000000003,2024-01-29,5603,75,3106,37822987,6750488,0.013386,0.73,40.69
1758300000000000006,1758290000000000005,1758280000000000004,2024-01-29,2929,66,2309,36424620,12435855,0.022533,1.43,60.4
1758300000000000007,1758290000000000005,1758280000000000004,2024-01-29,2685,36,2140,39221354,14607581,0.013408,0.58,33.26
1758300000000000001,1758290000000000001,1758280000000000001,2024-01-30,7560,66,4842,49221210,6510742,0.00873,0.19,23.43
1758300000000000002,1758290000000000001,1758280000000000001,2024-01-30,11478,87,6856,55955350,4875009,0.00758,0.33,36.52
1758300000000000003,1758290000000000002,1758280000000000002,2024-01-30,2175,43,1700,26442312,12157385,0.01977,1.32,166.77
1758300000000000004,1758290000000000003,1758280000000000002,2024-01-30,3318,95,2611,33658579,10144237,0.028632,3.12,134.79
1758300000000000005,1758290000000000004,1758280000000000003,2024-01-30,5580,70,3464,45075669,8078077,0.012545,0.8,50.15
1758300000000000006,1758290000000000005,1758280000000000004,2024-01-30,4915,121,3118,40354337,8210445,0.024619,2.57,166.01
1758300000000000007,1758290000000000005,1758280000000000004,2024-01-30,3581,57,2321,49797001,13905892,0.015917,0.98,77.12
1758300000000000002,1758290000000000001,1758280000000000001,2024-01-31,4504,50,2961,39635140,8799987,0.011101,0.16,11.67
1758300000000000003,1758290000000000002,1758280000000000002,2024-01-31,2121,56,1669,20644182,9733231,0.026403,1.42,135.26
1758300000000000004,1758290000000000003,1758280000000000002,2024-01-31,2344,46,1299,23514403,10031742,0.019625,1.19,92.56
1758300000000000005,1758290000000000004,1758280000000000003,2024-01-31,6367,78,4518,33118939,5201655,0.012251,0.87,38.24
1758300000000000006,1758290000000000005,1758280000000000004,2024-01-31,4277,78,2977,30415428,7111393,0.018237,2.03,163.55
1758300000000000007,1758290000000000005,1758280000000000004,2024-01-31,2736,37,1838,35822450,13093001,0.013523,1.05,121.99
1758300000000000001,1758290000000000001,1758280000000000001,2024-02-01,7916,68,5796,51856377,6550831,0.00859,0.27,25.99
1758300000000000002,1758290000000000001,1758280000000000001,2024-02-01,5294,53,2991,41309014,7802987,0.010011,0.23,31.27
1758300000000000003,1758290000000000002,1758280000000000002,2024-02-01,3204,58,2128,30176614,9418419,0.018102,1.76,212.74
1758300000000000004,1758290000000000003,1758280000000000002,2024-02-01,2057,62,1513,23060753,11210867,0.030141,1.53,201.68
1758300000000000005,1758290000000000004,1758280000000000003,2024-02-01,3749,41,2987,39928025,10650313,0.010936,0.37,40.28
1758300000000000006,1758290000000000005,1758280000000000004,2024-02-01,4852,101,3340,38121097,7856780,0.020816,2.41,296.04
1758300000000000007,1758290000000000005,1758280000000000004,2024-02-01,4033,81,3043,41734953,10348364,0.020084,1.79,94.65
1758300000000000001,1758290000000000001,1758280000000000001,2024-02-02,5740,54,4267,47812480,8329700,0.009408,0.17,21.11
1758300000000000002,1758290000000000001,1758280000000000001,2024-02-02,5454,31,3888,46512258,8528100,0.005684,0.13,11.19
1758300000000000003,1758290000000000002,1758280000000000002,2024-02-02,2025,44,1414,25894487,12787401,0.021728,1.69,127.14
1758300000000000004,1758290000000000003,1758280000000000002,2024-02-02,2777,72,2170,28005363,10084754,0.025927,2.17,192.16
1758300000000000005,1758290000000000004,1758280000000000003,2024-02-02,5826,54,4551,40424888,6938704,0.009269,0.54,40.8
1758300000000000006,1758290000000000005,1758280000000000004,2024-02-02,2796,44,2165,39364377,14078819,0.015737,1.06,136.94
1758300000000000007,1758290000000000005,1758280000000000004,2024-02-02,4670,61,3426,41485398,8883383,0.013062,1.39,76.06
1758300000000000001,1758290000000000001,1758280000000000001,2024-02-03,8081,74,6375,48210362,5965891,0.009157,0.37,44.75
1758300000000000002,1758290000000000001,1758280000000000001,2024-02-03,9943,96,7033,56173147,5649517,0.009655,0.47,37.78
1758300000000000003,1758290000000000002,1758280000000000002,2024-02-03,3573,102,1986,28878751,8082494,0.028547,2.74,116.61
1758300000000000004,1758290000000000003,1758280000000000002,2024-02-03,3336,80,2008,30768968,9223312,0.023981,2.42,191.79
1758300000000000005,1758290000000000004,1758280000000000003,2024-02-03,8532,129,6590,44735790,5243295,0.01512,1.49,82.4
1758300000000000006,1758290000000000005,1758280000000000004,2024-02-03,3046,48,2033,43710263,14350054,0.015758,1.0,51.04
1758300000000000007,1758290000000000005,1758280000000000004,2024-02-03,3107,56,2361,45761316,14728457,0.018024,1.14,86.1
1758300000000000001,1758290000000000001,1758280000000000001,2024-02-04,6004,34,4004,41839941,6968678,0.005663,0.11,12.12
1758300000000000002,1758290000000000001,1758280000000000001,2024-02-04,5600,63,4101,45632111,8148591,0.01125,0.18,20.9
1758300000000000003,1758290000000000002,1758280000000000002,2024-02-04,3164,87,1862,25143801,7946840,0.027497,2.66,136.74
1758300000000000004,1758290000000000003,1758280000000000002,2024-02-04,3375,68,2037,24840228,7360068,0.020148,2.15,95.5
1758300000000000005,1758290000000000004,1758280000000000003,2024-02-04,5290,45,3746,37488022,7086583,0.008507,0.33,36.91
1758300000000000006,1758290000000000005,1758280000000000004,2024-02-04,2773,69,1674,35013493,12626575,0.024883,1.22,143.45
1758300000000000007,1758290000000000005,1758280000000000004,2024-02-04,3271,76,2417,39962552,12217228,0.023234,1.24,64.8
1758300000000000001,1758290000000000001,1758280000000000001,2024-02-05,2751,30,1885,24585150,8936805,0.010905,0.13,7.74
1758300000000000002,1758290000000000001,1758280000000000001,2024-02-05,5740,34,4100,35115252,6117640,0.005923,0.13,14.41
1758300000000000003,1758290000000000002,1758280000000000002,2024-02-05,1421,23,1062,17651124,12421621,0.016186,0.73,37.35
1758300000000000004,1758290000000000003,1758280000000000002,2024-02-05,2116,50,1534,16463391,7780431,0.023629,1.82,227.62
1758300000000000005,1758290000000000004,1758280000000000003,2024-02-05,3666,50,2289,25585887,6979238,0.013639,0.44,48.23
1758300000000000006,1758290000000000005,1758280000000000004,2024-02-05,1825,41,1192,25051447,13726820,0.022466,1.09,79.54
1758300000000000007,1758290000000000005,1758280000000000004,2024-02-05,2335,56,1336,26120326,11186435,0.023983,0.89,122.39
1758300000000000001,1758290000000000001,1758280000000000001,2024-02-06,5280,42,3562,26795475,5074901,0.007955,0.16,20.36
1758300000000000002,1758290000000000001,1758280000000000001,2024-02-06,3663,26,2451,31229600,8525689,0.007098,0.09,6.27
1758300000000000003,1758290000000000002,1758280000000000002,2024-02-06,1780,43,1309,17244086,9687689,0.024157,0.99,90.69
1758300000000000004,1758290000000000003,1758280000000000002,2024-02-06,1886,53,1384,15913099,8437486,0.028102,2.02,193.02
1758300000000000005,1758290000000000004,1758280000000000003,2024-02-06,3007,39,2326,24867889,8270000,0.01297,0.3,28.06
1758300000000000006,1758290000000000005,1758280000000000004,2024-02-06,3173,55,1843,25889440,8159294,0.017334,1.04,69.29
1758300000000000007,1758290000000000005,1758280000000000004,2024-02-06,1937,34,1209,23846338,12310964,0.017553,0.57,24.97
1758300000000000001,1758290000000000001,1758280000000000001,2024-02-07,5352,28,3281,30263117,5654544,0.005232,0.14,8.67
1758300000000000002,1758290000000000001,1758280000000000001,2024-02-07,5605,62,3883,37801612,6744266,0.011062,0.2,25.64
1758300000000000003,1758290000000000002,1758280000000000002,2024-02-07,1597,29,982,19842920,12425122,0.018159,0.87,107.43
1758300000000000004,1758290000000000003,1758280000000000002,2024-02-07,2082,35,1291,19051211,9150438,0.016811,1.1,68.99
1758300000000000005,1758290000000000004,1758280000000000003,2024-02-07,2765,46,2180,29170598,10549945,0.016637,0.34,27.82
1758300000000000006,1758290000000000005,1758280000000000004,2024-02-07,3323,47,1923,32007981,9632254,0.014144,0.95,71.54
1758300000000000007,1758290000000000005,1758280000000000004,2024-02-07,3123,78,2021,26333215,8432025,0.024976,1.58,112.88
1758300000000000001,1758290000000000001,1758280000000000001,2024-02-08,8133,87,6351,34026425,4183748,0.010697,0.25,26.56
1758300000000000002,1758290000000000001,1758280000000000001,2024-02-08,4824,30,3042,30464059,6315103,0.006219,0.13,8.12
1758300000000000003,1758290000000000002,1758280000000000002,2024-02-08,1680,48,1287,16181636,9631926,0.028571,1.63,77.44
1758300000000000004,1758290000000000003,1758280000000000002,2024-02-08,2940,75,1852,20670069,7030636,0.02551,2.54,207.87
1758300000000000005,1758290000000000004,1758280000000000003,2024-02-08,3711,58,2843,27638779,7447798,0.015629,0.68,35.69
1758300000000000006,1758290000000000005,1758280000000000004,2024-02-08,2997,53,1747,26193109,8739776,0.017684,1.32,99.5
1758300000000000007,1758290000000000005,1758280000000000004,2024-02-08,3482,90,2380,29084449,8352800,0.025847,2.24,286.68
1758300000000000001,1758290000000000001,1758280000000000001,2024-02-09,7636,47,6061,30795227,4032900,0.006155,0.21,19.0
1758300000000000002,1758290000000000001,1758280000000000001,2024-02-09,3649,19,2465,32167117,8815324,0.005207,0.09,11.78
1758300000000000003,1758290000000000002,1758280000000000002,2024-02-09,2552,63,1899,19492144,7637987,0.024687,2.39,161.56
1758300000000000004,1758290000000000003,1758280000000000002,2024-02-09,1373,32,1095,16486339,12007530,0.023307,0.74,88.81
1758300000000000005,1758290000000000004,1758280000000000003,2024-02-09,4235,69,2771,26983862,6371632,0.016293,0.66,76.0
1758300000000000006,1758290000000000005,1758280000000000004,2024-02-09,2204,56,1531,24063083,10917914,0.025408,0.94,115.32
1758300000000000007,1758290000000000005,1758280000000000004,2024-02-09,3188,75,2131,29904640,9380376,0.023526,1.8,137.89
1758300000000000001,1758290000000000001,1758280000000000001,2024-02-10,5398,53,4146,36195668,6705385,0.009818,0.26,30.36
1758300000000000002,1758290000000000001,1758280000000000001,2024-02-10,6129,56,4796,44814576,7311890,0.009137,0.19,16.29
1758300000000000003,1758290000000000002,1758280000000000002,2024-02-10,3118,87,1962,22396889,7183095,0.027903,2.82,291.79
1758300000000000004,1758290000000000003,1758280000000000002,2024-02-10,1840,31,1406,23894679,12986239,0.016848,0.98,100.97
1758300000000000005,1758290000000000004,1758280000000000003,2024-02-10,5304,83,3878,34718676,6545753,0.015649,0.93,40.93
1758300000000000006,1758290000000000005,1758280000000000004,2024-02-10,3686,64,2267,36758867,9972563,0.017363,1.57,184.13
1758300000000000007,1758290000000000005,1758280000000000004,2024-02-10,2823,45,2137,32678484,11575800,0.01594,0.99,48.11
1758300000000000001,1758290000000000001,1758280000000000001,2024-02-11,10123,106,7125,41573343,4106820,0.010471,0.35,15.54
1758300000000000002,1758290000000000001,1758280000000000001,2024-02-11,4848,47,3375,36275585,7482588,0.009695,0.23,19.09
1758300000000000003,1758290000000000002,1758280000000000002,2024-02-11,1965,40,1129,20988153,10680994,0.020356,1.31,154.22
1758300000000000004,1758290000000000003,1758280000000000002,2024-02-11,3513,75,2202,23496949,6688571,0.021349,2.58,203.0
1758300000000000005,1758290000000000004,1758280000000000003,2024-02-11,3279,33,1892,33363826,10175000,0.010064,0.29,16.52
1758300000000000006,1758290000000000005,1758280000000000004,2024-02-11,3277,66,1944,28860520,8806994,0.02014,1.35,160.38
1758300000000000007,1758290000000000005,1758280000000000004,2024-02-11,3334,74,2034,37867133,11357868,0.022196,1.67,167.13
1758300000000000001,1758290000000000001,1758280000000000001,2024-02-12,5074,34,2970,24877830,4903002,0.006701,0.13,12.36
1758300000000000002,1758290000000000001,1758280000000000001,2024-02-12,4044,44,2321,24786307,6129156,0.01088,0.17,7.45
1758300000000000003,1758290000000000002,1758280000000000002,2024-02-12,1679,43,1170,14876564,8860372,0.02561,1.61,162.91
1758300000000000004,1758290000000000003,1758280000000000002,2024-02-12,1250,26,688,13502943,10802354,0.0208,0.92,89.82
1758300000000000005,1758290000000000004,1758280000000000003,2024-02-12,3019,36,1990,21284630,7050225,0.011924,0.4,36.36
1758300000000000006,1758290000000000005,1758280000000000004,2024-02-12,1500,20,1112,21300969,14200646,0.013333,0.55,46.14
1758300000000000007,1758290000000000005,1758280000000000004,2024-02-12,2552,59,1537,21268291,8333970,0.023119,1.2,130.95
1758300000000000001,1758290000000000001,1758280000000000001,2024-02-13,6228,74,3985,39404290,6326957,0.011882,0.33,26.51
1758300000000000002,1758290000000000001,1758280000000000001,2024-02-13,4864,39,3360,38723981,7961345,0.008018,0.16,16.75
1758300000000000003,1758290000000000002,1758280000000000002,2024-02-13,1838,42,1060,20506813,11157134,0.022851,1.31,106.58
1758300000000000005,1758290000000000004,1758280000000000003,2024-02-13,3917,44,2929,33483545,8548263,0.011233,0.39,46.27
1758300000000000006,1758290000000000005,1758280000000000004,2024-02-13,4217,108,2602,32374687,7677184,0.025611,2.23,307.33
1758300000000000007,1758290000000000005,1758280000000000004,2024-02-13,3540,80,1970,34592403,9771865,0.022599,1.75,82.28
1758300000000000001,1758290000000000001,1758280000000000001,2024-02-14,5354,45,4220,29751445,5556863,0.008405,0.13,12.5
1758300000000000002,1758290000000000001,1758280000000000001,2024-02-14,9506,104,6439,42694595,4491331,0.01094,0.41,37.16
1758300000000000003,1758290000000000002,1758280000000000002,2024-02-14,2459,50,1588,17383669,7069406,0.020333,1.94,160.17
1758300000000000004,1758290000000000003,1758280000000000002,2024-02-14,3391,97,2118,24014068,7081707,0.028605,3.78,404.44
1758300000000000005,1758290000000000004,1758280000000000003,2024-02-14,4762,46,3612,31048303,6520013,0.00966,0.42,58.32
1758300000000000006,1758290000000000005,1758280000000000004,2024-02-14,2615,66,1842,29358740,11227052,0.025239,1.45,101.16
1758300000000000007,1758290000000000005,1758280000000000004,2024-02-14,2336,49,1602,32737865,14014497,0.020976,0.98,97.68
1758300000000000001,1758290000000000001,1758280000000000001,2024-02-15,5280,29,3953,31948780,6050905,0.005492,0.09,7.54
1758300000000000002,1758290000000000001,1758280000000000001,2024-02-15,6193,32,4747,37408128,6040389,0.005167,0.12,8.93
1758300000000000003,1758290000000000002,1758280000000000002,2024-02-15,3091,80,2182,23127472,7482197,0.025882,2.96,181.09
1758300000000000004,1758290000000000003,1758280000000000002,2024-02-15,2132,40,1587,16505047,7741579,0.018762,1.37,71.23
1758300000000000005,1758290000000000004,1758280000000000003,2024-02-15,2826,31,1686,29724389,10518184,0.01097,0.31,42.03
1758300000000000006,1758290000000000005,1758280000000000004,2024-02-15,2141,51,1278,26377209,12320042,0.023821,1.09,96.44
1758300000000000007,1758290000000000005,1758280000000000004,2024-02-15,2726,60,1673,33071569,12131904,0.02201,1.54,186.1
1758300000000000001,1758290000000000001,1758280000000000001,2024-02-16,4708,35,3034,30806346,6543404,0.007434,0.18,10.36
1758300000000000002,1758290000000000001,1758280000000000001,2024-02-16,3250,21,2477,24987991,7688613,0.006462,0.07,5.03
1758300000000000003,1758290000000000002,1758280000000000002,2024-02-16,2577,67,1950,15768999,6119130,0.025999,1.93,175.96
1758300000000000004,1758290000000000003,1758280000000000002,2024-02-16,2335,60,1503,16113480,6900848,0.025696,1.3,132.07
1758300000000000005,1758290000000000004,1758280000000000003,2024-02-16,2385,27,1855,23911859,10025937,0.011321,0.22,18.88
1758300000000000006,1758290000000000005,1758280000000000004,2024-02-16,2574,57,1482,24270661,9429161,0.022145,1.55,138.94
1758300000000000007,1758290000000000005,1758280000000000004,2024-02-16,3098,72,2318,23553057,7602665,0.023241,1.81,104.49
1758300000000000001,1758290000000000001,1758280000000000001,2024-02-17,5380,43,4247,26097513,4850839,0.007993,0.18,20.21
1758300000000000002,1758290000000000001,1758280000000000001,2024-02-17,4986,34,3419,33022054,6622955,0.006819,0.15,6.19
1758300000000000003,1758290000000000002,1758280000000000002,2024-02-17,1481,36,1068,18218713,12301629,0.024308,0.85,75.56
1758300000000000004,1758290000000000003,1758280000000000002,2024-02-17,1608,42,925,15563897,9679040,0.026119,1.51,108.13
1758300000000000005,1758290000000000004,1758280000000000003,2024-02-17,4332,41,2755,25336957,5848790,0.009464,0.37,31.41
1758300000000000006,1758290000000000005,1758280000000000004,2024-02-17,2130,48,1332,24504809,11504605,0.022535,1.03,55.34
1758300000000000007,1758290000000000005,1758280000000000004,2024-02-17,2205,30,1380,26169105,11868075,0.013605,0.76,101.22
1758300000000000001,1758290000000000001,1758280000000000001,2024-02-18,4789,38,3781,34776684,7261784,0.007935,0.11,4.5
1758300000000000002,1758290000000000001,1758280000000000001,2024-02-18,7141,50,5314,29127056,4078848,0.007002,0.16,22.06
1758300000000000003,1758290000000000002,1758280000000000002,2024-02-18,2642,68,2001,18714454,7083442,0.025738,1.63,65.7
1758300000000000004,1758290000000000003,1758280000000000002,2024-02-18,2035,48,1397,17801969,8747896,0.023587,1.7,202.95
1758300000000000005,1758290000000000004,1758280000000000003,2024-02-18,4219,61,2872,27387317,6491424,0.014458,0.5,56.93
1758300000000000006,1758290000000000005,1758280000000000004,2024-02-18,3273,83,2147,29398750,8982203,0.025359,2.08,160.77
1758300000000000007,1758290000000000005,1758280000000000004,2024-02-18,2178,44,1693,25375884,11651003,0.020202,0.83,91.51
1758300000000000001,1758290000000000001,1758280000000000001,2024-02-19,10131,105,6977,41035117,4050451,0.010364,0.31,39.76
1758300000000000002,1758290000000000001,1758280000000000001,2024-02-19,6921,69,4792,35077482,5068268,0.00997,0.2,9.85
1758300000000000003,1758290000000000002,1758280000000000002,2024-02-19,2201,66,1323,24300956,11040871,0.029986,1.57,187.27
1758300000000000004,1758290000000000003,1758280000000000002,2024-02-19,2763,81,1817,19191958,6946058,0.029316,2.59,335.25
1758300000000000005,1758290000000000004,1758280000000000003,2024-02-19,3107,32,2434,32619686,10498772,0.010299,0.34,29.57
1758300000000000006,1758290000000000005,1758280000000000004,2024-02-19,4374,101,2559,34680302,7928738,0.023091,2.61,287.22
1758300000000000007,1758290000000000005,1758280000000000004,2024-02-19,2246,56,1412,30559069,13605997,0.024933,1.07,144.72
1758300000000000001,1758290000000000001,1758280000000000001,2024-02-20,7808,72,4295,33194918,4251398,0.009221,0.28,17.43
1758300000000000002,1758290000000000001,1758280000000000001,2024-02-20,4286,34,3253,34396939,8025417,0.007933,0.16,20.58
1758300000000000003,1758290000000000002,1758280000000000002,2024-02-20,2583,72,1457,20432172,7910249,0.027875,1.92,110.8
1758300000000000004,1758290000000000003,1758280000000000002,2024-02-20,2644,63,1800,18191746,6880388,0.023828,2.43,269.78
1758300000000000005,1758290000000000004,1758280000000000003,2024-02-20,3966,41,3046,28967939,7304069,0.010338,0.41,31.22
1758300000000000006,1758290000000000005,1758280000000000004,2024-02-20,2711,69,1907,30913670,11403051,0.025452,1.74,190.34
1758300000000000007,1758290000000000005,1758280000000000004,2024-02-20,2717,37,1525,27022208,9945605,0.013618,0.69,94.18
1758300000000000001,1758290000000000001,1758280000000000001,2024-02-21,3613,22,2179,29014883,8030690,0.006089,0.09,6.25
1758300000000000002,1758290000000000001,1758280000000000001,2024-02-21,5988,54,4435,30808977,5145120,0.009018,0.22,15.98
1758300000000000003,1758290000000000002,1758280000000000002,2024-02-21,1725,31,1098,18696322,10838448,0.017971,0.74,31.43
1758300000000000004,1758290000000000003,1758280000000000002,2024-02-21,1301,25,868,15488741,11905258,0.019216,0.68,84.52
1758300000000000005,1758290000000000004,1758280000000000003,2024-02-21,2651,23,1905,25638797,9671368,0.008676,0.25,29.12
1758300000000000006,1758290000000000005,1758280000000000004,2024-02-21,1512,24,944,21500623,14219989,0.015873,0.5,28.83
1758300000000000007,1758290000000000005,1758280000000000004,2024-02-21,2016,27,1416,29776971,14770323,0.013393,0.53,32.69
1758300000000000001,1758290000000000001,1758280000000000001,2024-02-22,4013,45,3069,28980690,7221702,0.011214,0.2,11.47
1758300000000000002,1758290000000000001,1758280000000000001,2024-02-22,3148,35,1856,26754112,8498765,0.011118,0.18,21.36
1758300000000000003,1758290000000000002,1758280000000000002,2024-02-22,1348,32,1028,15538920,11527389,0.023739,0.72,95.65
1758300000000000004,1758290000000000003,1758280000000000002,2024-02-22,1476,39,974,16309539,11049823,0.026423,1.12,53.55
1758300000000000005,1758290000000000004,1758280000000000003,2024-02-22,2511,23,1726,23886344,9512682,0.00916,0.19,25.71
1758300000000000006,1758290000000000005,1758280000000000004,2024-02-22,1702,24,1277,24629021,14470635,0.014101,0.58,54.73
1758300000000000007,1758290000000000005,1758280000000000004,2024-02-22,1672,23,956,23143666,13841906,0.013756,0.41,47.8
1758300000000000001,1758290000000000001,1758280000000000001,2024-02-23,7363,43,5264,35110124,4768454,0.00584,0.18,9.21
1758300000000000002,1758290000000000001,1758280000000000001,2024-02-23,5348,30,3282,25869109,4837156,0.00561,0.08,9.08
1758300000000000003,1758290000000000002,1758280000000000002,2024-02-23,1371,23,957,16835247,12279538,0.016776,0.51,64.26
1758300000000000004,1758290000000000003,1758280000000000002,2024-02-23,1801,39,1282,18010029,10000016,0.021655,1.04,144.76
1758300000000000005,1758290000000000004,1758280000000000003,2024-02-23,3133,54,2119,26133957,8341512,0.017236,0.68,49.76
1758300000000000006,1758290000000000005,1758280000000000004,2024-02-23,1791,31,1215,22955067,12816899,0.017309,0.81,82.2
1758300000000000001,1758290000000000001,1758280000000000001,2024-02-24,4193,36,3231,30285676,7222913,0.008586,0.17,12.02
1758300000000000002,1758290000000000001,1758280000000000001,2024-02-24,4590,44,2612,36513909,7955100,0.009586,0.16,14.71
1758300000000000003,1758290000000000002,1758280000000000002,2024-02-24,1989,57,1392,17813196,8955855,0.028658,1.97,128.94
1758300000000000004,1758290000000000003,1758280000000000002,2024-02-24,1887,51,1120,20357995,10788551,0.027027,1.28,127.07
1758300000000000005,1758290000000000004,1758280000000000003,2024-02-24,5605,87,4091,28628394,5107653,0.015522,0.83,36.06
1758300000000000006,1758290000000000005,1758280000000000004,2024-02-24,3744,67,2804,29069023,7764162,0.017895,1.35,179.63
1758300000000000007,1758290000000000005,1758280000000000004,2024-02-24,2993,55,1696,28187765,9417897,0.018376,1.24,121.51
1758300000000000001,1758290000000000001,1758280000000000001,2024-02-25,4610,29,3072,35525987,7706288,0.006291,0.12,13.2
1758300000000000002,1758290000000000001,1758280000000000001,2024-02-25,6395,74,3950,34960944,5466919,0.011572,0.31,30.41
1758300000000000004,1758290000000000003,1758280000000000002,2024-02-25,1629,41,1076,18909511,11608048,0.025169,1.36,188.84
1758300000000000005,1758290000000000004,1758280000000000003,2024-02-25,2976,24,1935,30208685,10150768,0.008065,0.28,28.36
1758300000000000006,1758290000000000005,1758280000000000004,2024-02-25,3688,81,2396,28855599,7824186,0.021963,1.66,113.85
1758300000000000007,1758290000000000005,1758280000000000004,2024-02-25,3751,66,2719,31561771,8414228,0.017595,1.41,137.08
1758300000000000001,1758290000000000001,1758280000000000001,2024-02-26,6895,75,4816,38171074,5536051,0.010877,0.37,35.85
1758300000000000002,1758290000000000001,1758280000000000001,2024-02-26,4529,42,3439,36962487,8161291,0.009274,0.2,14.92
1758300000000000003,1758290000000000002,1758280000000000002,2024-02-26,2954,47,1862,22596033,7649300,0.015911,1.36,82.28
1758300000000000004,1758290000000000003,1758280000000000002,2024-02-26,2072,43,1332,20337430,9815362,0.020753,1.45,111.7
1758300000000000005,1758290000000000004,1758280000000000003,2024-02-26,3722,38,2343,32200098,8651289,0.01021,0.32,14.0
1758300000000000007,1758290000000000005,1758280000000000004,2024-02-26,3979,61,2790,35254413,8860119,0.01533,1.53,182.92
1758300000000000001,1758290000000000001,1758280000000000001,2024-02-27,7484,71,4399,45075314,6022891,0.009487,0.25,34.98
1758300000000000002,1758290000000000001,1758280000000000001,2024-02-27,9229,64,7199,38900238,4215000,0.006935,0.2,11.85
1758300000000000003,1758290000000000002,1758280000000000002,2024-02-27,1893,54,1283,21907081,11572679,0.028526,1.54,101.39
1758300000000000004,1758290000000000003,1758280000000000002,2024-02-27,2434,70,1379,26078948,10714440,0.028759,1.78,186.72
1758300000000000005,1758290000000000004,1758280000000000003,2024-02-27,5441,93,3116,35989522,6614505,0.017092,0.83,110.36
1758300000000000006,1758290000000000005,1758280000000000004,2024-02-27,3488,54,2623,37191103,10662587,0.015482,1.13,93.9
1758300000000000007,1758290000000000005,1758280000000000004,2024-02-27,4340,109,3213,34787942,8015655,0.025115,2.06,245.89
1758300000000000001,1758290000000000001,1758280000000000001,2024-02-28,5632,60,3807,35971023,6386900,0.010653,0.2,18.2
1758300000000000002,1758290000000000001,1758280000000000001,2024-02-28,5500,41,4212,37416569,6803013,0.007455,0.15,20.42
1758300000000000003,1758290000000000002,1758280000000000002,2024-02-28,3324,67,2342,20673326,6219412,0.020156,2.08,189.02
1758300000000000004,1758290000000000003,1758280000000000002,2024-02-28,1931,49,1325,21262441,11011104,0.025375,1.32,104.55
1758300000000000005,1758290000000000004,1758280000000000003,2024-02-28,3322,41,2237,31451825,9467738,0.012342,0.34,44.07
1758300000000000006,1758290000000000005,1758280000000000004,2024-02-28,2893,55,2081,29874529,10326488,0.019011,1.07,133.78
1758300000000000007,1758290000000000005,1758280000000000004,2024-02-28,4499,114,2952,33029121,7341436,0.025339,2.85,391.97
1758300000000000001,1758290000000000001,1758280000000000001,2024-02-29,3443,30,2537,24286638,7053918,0.008713,0.09,9.6
1758300000000000002,1758290000000000001,1758280000000000001,2024-02-29,3164,28,2015,23492608,7424971,0.00885,0.09,8.01
1758300000000000003,1758290000000000002,1758280000000000002,2024-02-29,1290,36,875,12943887,10034021,0.027907,1.4,186.55
1758300000000000004,1758290000000000003,1758280000000000002,2024-02-29,1390,32,969,14358540,10329885,0.023022,0.84,58.46
1758300000000000005,1758290000000000004,1758280000000000003,2024-02-29,2046,28,1560,20476820,10008221,0.013685,0.3,41.49
1758300000000000006,1758290000000000005,1758280000000000004,2024-02-29,1555,23,936,19219261,12359653,0.014791,0.54,32.55
1758300000000000007,1758290000000000005,1758280000000000004,2024-02-29,1976,45,1105,21734379,10999180,0.022773,1.23,166.59
1758300000000000001,1758290000000000001,1758280000000000001,2024-03-01,4467,28,2786,27980870,6263906,0.006268,0.13,7.48
1758300000000000002,1758290000000000001,1758280000000000001,2024-03-01,3516,37,2595,26858320,7638885,0.010523,0.1,11.15
1758300000000000003,1758290000000000002,1758280000000000002,2024-03-01,2337,63,1769,15715923,6724828,0.026958,1.89,153.51
1758300000000000004,1758290000000000003,1758280000000000002,2024-03-01,1397,35,941,15620757,11181644,0.025054,0.89,90.67
1758300000000000006,1758290000000000005,1758280000000000004,2024-03-01,2488,59,1718,21916355,8808824,0.023714,1.34,136.14
1758300000000000007,1758290000000000005,1758280000000000004,2024-03-01,2325,39,1592,25088665,10790824,0.016774,0.81,34.41
1758300000000000001,1758290000000000001,1758280000000000001,2024-03-02,6231,70,4652,46420059,7449857,0.011234,0.22,16.33
1758300000000000002,1758290000000000001,1758280000000000001,2024-03-02,3608,27,2245,32139056,8907721,0.007483,0.11,10.21
1758300000000000003,1758290000000000002,1758280000000000002,2024-03-02,1932,47,1382,20746677,10738446,0.024327,1.45,200.53
1758300000000000004,1758290000000000003,1758280000000000002,2024-03-02,2584,58,2017,24144247,9343749,0.022446,2.07,286.3
1758300000000000005,1758290000000000004,1758280000000000003,2024-03-02,4784,58,2784,33668192,7037666,0.012124,0.71,46.13
1758300000000000006,1758290000000000005,1758280000000000004,2024-03-02,4804,86,2857,37966030,7903004,0.017902,1.67,183.87
1758300000000000007,1758290000000000005,1758280000000000004,2024-03-02,3603,87,2465,29370355,8151639,0.024147,1.41,130.96
1758300000000000001,1758290000000000001,1758280000000000001,2024-03-03,5380,30,3703,34392791,6392712,0.005576,0.15,20.85
1758300000000000002,1758290000000000001,1758280000000000001,2024-03-03,4172,28,3230,34074957,8167535,0.006711,0.14,19.01
1758300000000000003,1758290000000000002,1758280000000000002,2024-03-03,1589,39,1243,19533287,12292817,0.024544,1.09,133.85
1758300000000000004,1758290000000000003,1758280000000000002,2024-03-03,2404,62,1392,19591140,8149393,0.02579,1.89,245.68
1758300000000000005,1758290000000000004,1758280000000000003,2024-03-03,2752,49,1804,29343321,10662544,0.017805,0.38,15.56
1758300000000000006,1758290000000000005,1758280000000000004,2024-03-03,2225,46,1295,30951088,13910601,0.020674,0.77,65.9
1758300000000000007,1758290000000000005,1758280000000000004,2024-03-03,3504,81,2743,27735553,7915398,0.023116,1.64,140.7
1758300000000000001,1758290000000000001,1758280000000000001,2024-03-04,10241,96,8113,41861265,4087615,0.009374,0.4,16.02
1758300000000000002,1758290000000000001,1758280000000000001,2024-03-04,5904,30,3529,38742415,6562062,0.005081,0.11,11.15
1758300000000000003,1758290000000000002,1758280000000000002,2024-03-04,3956,83,2595,25064681,6335865,0.020981,3.09,212.83
1758300000000000004,1758290000000000003,1758280000000000002,2024-03-04,2951,69,1656,20994565,7114390,0.023382,2.52,215.47
1758300000000000005,1758290000000000004,1758280000000000003,2024-03-04,5036,46,3313,34544434,6859498,0.009134,0.5,54.48
1758300000000000006,1758290000000000005,1758280000000000004,2024-03-04,2269,43,1713,33276776,14665833,0.018951,1.01,88.09
1758300000000000007,1758290000000000005,1758280000000000004,2024-03-04,2705,49,1668,35812092,13239221,0.018115,1.29,136.12
1758300000000000001,1758290000000000001,1758280000000000001,2024-03-05,8046,65,5155,47653899,5922682,0.008079,0.33,16.08
1758300000000000002,1758290000000000001,1758280000000000001,2024-03-05,8065,75,6387,38791139,4809813,0.009299,0.29,23.05
1758300000000000003,1758290000000000002,1758280000000000002,2024-03-05,1987,35,1237,23721246,11938221,0.017614,1.07,121.37
1758300000000000004,1758290000000000003,1758280000000000002,2024-03-05,2417,46,1837,25675919,10623053,0.019032,1.25,117.64
1758300000000000005,1758290000000000004,1758280000000000003,2024-03-05,4810,46,3272,37047873,7702260,0.009563,0.44,54.37
1758300000000000006,1758290000000000005,1758280000000000004,2024-03-05,2348,57,1702,32514880,13847905,0.024276,1.4,93.14
1758300000000000007,1758290000000000005,1758280000000000004,2024-03-05,5406,139,4302,41580867,7691614,0.025712,3.26,147.47
1758300000000000001,1758290000000000001,1758280000000000001,2024-03-06,4243,48,2628,36026648,8490843,0.011313,0.16,6.95
1758300000000000003,1758290000000000002,1758280000000000002,2024-03-06,1373,32,1025,17047422,12416185,0.023307,0.95,99.08
1758300000000000004,1758290000000000003,1758280000000000002,2024-03-06,1972,50,1222,18454843,9358440,0.025355,1.89,263.88
1758300000000000005,1758290000000000004,1758280000000000003,2024-03-06,3772,65,2562,26626699,7059040,0.017232,0.59,28.6
1758300000000000006,1758290000000000005,1758280000000000004,2024-03-06,2580,39,1975,31017353,12022230,0.015116,0.67,28.89
1758300000000000001,1758290000000000001,1758280000000000001,2024-03-07,5109,32,3611,31240927,6114881,0.006263,0.15,12.79
1758300000000000002,1758290000000000001,1758280000000000001,2024-03-07,6258,55,4764,34887405,5574849,0.008789,0.25,12.02
1758300000000000003,1758290000000000002,1758280000000000002,2024-03-07,1898,29,1294,19037373,10030228,0.015279,0.72,79.56
1758300000000000004,1758290000000000003,1758280000000000002,2024-03-07,1930,38,1291,18750246,9715153,0.019689,1.07,138.51
1758300000000000005,1758290000000000004,1758280000000000003,2024-03-07,3048,41,2210,28340714,9298135,0.013451,0.53,29.99
1758300000000000006,1758290000000000005,1758280000000000004,2024-03-07,2879,38,2099,28313432,9834468,0.013199,0.74,99.47
1758300000000000007,1758290000000000005,1758280000000000004,2024-03-07,2995,75,1965,28367996,9471785,0.025042,2.06,141.52
1758300000000000001,1758290000000000001,1758280000000000001,2024-03-08,3587,35,2595,31604928,8810964,0.009757,0.13,9.11
1758300000000000002,1758290000000000001,1758280000000000001,2024-03-08,3348,34,2507,24747984,7391871,0.010155,0.15,16.01
1758300000000000003,1758290000000000002,1758280000000000002,2024-03-08,1701,42,978,15644291,9197114,0.024691,0.89,91.81
1758300000000000004,1758290000000000003,1758280000000000002,2024-03-08,1645,38,1090,16557373,10065272,0.0231,0.91,80.55
1758300000000000005,1758290000000000004,1758280000000000003,2024-03-08,4760,67,2789,24151248,5073792,0.014076,0.58,54.29
1758300000000000006,1758290000000000005,1758280000000000004,2024-03-08,2859,58,1704,24628913,8614520,0.020287,1.07,147.11
1758300000000000007,1758290000000000005,1758280000000000004,2024-03-08,3167,66,1993,23673583,7475081,0.02084,1.58,63.34
1758300000000000001,1758290000000000001,1758280000000000001,2024-03-09,4817,39,3006,37956769,7879753,0.008096,0.16,10.36
1758300000000000002,1758290000000000001,1758280000000000001,2024-03-09,5537,62,3522,31919401,5764746,0.011197,0.32,20.48
1758300000000000003,1758290000000000002,1758280000000000002,2024-03-09,1634,33,1089,18684612,11434891,0.020196,0.7,41.32
1758300000000000004,1758290000000000003,1758280000000000002,2024-03-09,1782,49,1232,21244628,11921789,0.027497,1.11,81.51
1758300000000000005,1758290000000000004,1758280000000000003,2024-03-09,4268,52,3253,29946930,7016619,0.012184,0.58,26.1
1758300000000000006,1758290000000000005,1758280000000000004,2024-03-09,2326,49,1662,31334290,13471320,0.021066,0.91,67.94
1758300000000000007,1758290000000000005,1758280000000000004,2024-03-09,2502,36,1519,28559570,11414696,0.014388,0.67,34.67
1758300000000000001,1758290000000000001,1758280000000000001,2024-03-10,5760,32,4044,34616816,6009864,0.005556,0.15,14.7
1758300000000000002,1758290000000000001,1758280000000000001,2024-03-10,8305,81,5486,44448788,5352052,0.009753,0.38,50.0
1758300000000000003,1758290000000000002,1758280000000000002,2024-03-10,1755,35,1181,22035188,12555663,0.019943,0.78,92.44
1758300000000000004,1758290000000000003,1758280000000000002,2024-03-10,3005,66,2208,23145157,7702215,0.021963,2.31,137.8
1758300000000000005,1758290000000000004,1758280000000000003,2024-03-10,3306,35,2402,33885259,10249625,0.010587,0.44,34.02
1758300000000000006,1758290000000000005,1758280000000000004,2024-03-10,2504,47,1626,30739723,12276247,0.01877,0.82,86.61
1758300000000000007,1758290000000000005,1758280000000000004,2024-03-10,3329,68,2654,37030795,11123699,0.020427,1.24,154.23
1758300000000000001,1758290000000000001,1758280000000000001,2024-03-11,3249,21,2176,26148185,8048072,0.006464,0.07,3.5
1758300000000000002,1758290000000000001,1758280000000000001,2024-03-11,3577,21,2614,27744881,7756467,0.005871,0.06,6.82
1758300000000000003,1758290000000000002,1758280000000000002,2024-03-11,1622,36,966,15069760,9290851,0.022195,1.19,60.79
1758300000000000004,1758290000000000003,1758280000000000002,2024-03-11,1213,29,919,15726278,12964780,0.023908,0.93,42.43
1758300000000000005,1758290000000000004,1758280000000000003,2024-03-11,3363,42,2147,23097028,6867983,0.012489,0.46,58.0
1758300000000000006,1758290000000000005,1758280000000000004,2024-03-11,2322,42,1808,22143785,9536514,0.018088,1.01,86.8
1758300000000000007,1758290000000000005,1758280000000000004,2024-03-11,3171,53,2497,24050272,7584444,0.016714,0.94,90.31
1758300000000000001,1758290000000000001,1758280000000000001,2024-03-12,2528,29,1652,22227316,8792451,0.011472,0.08,9.34
1758300000000000002,1758290000000000001,1758280000000000001,2024-03-12,3314,32,2333,29408219,8873935,0.009656,0.13,12.09
1758300000000000003,1758290000000000002,1758280000000000002,2024-03-12,1429,38,969,14148260,9900812,0.026592,1.28,152.45
1758300000000000004,1758290000000000003,1758280000000000002,2024-03-12,2424,57,1897,15357760,6335710,0.023515,2.17,152.05
1758300000000000005,1758290000000000004,1758280000000000003,2024-03-12,2798,43,2001,22129515,7909048,0.015368,0.34,14.21
1758300000000000006,1758290000000000005,1758280000000000004,2024-03-12,1832,28,1241,25100079,13700916,0.015284,0.76,33.8
1758300000000000007,1758290000000000005,1758280000000000004,2024-03-12,2070,52,1595,19158951,9255532,0.025121,1.03,75.47
1758300000000000001,1758290000000000001,1758280000000000001,2024-03-13,6693,63,3852,31129226,4651012,0.009413,0.31,21.76
1758300000000000002,1758290000000000001,1758280000000000001,2024-03-13,4430,38,3337,23353244,5271613,0.008578,0.19,9.23
1758300000000000003,1758290000000000002,1758280000000000002,2024-03-13,1463,44,1023,18426751,12595182,0.030075,1.11,45.05
1758300000000000004,1758290000000000003,1758280000000000002,2024-03-13,1084,32,836,12706089,11721484,0.02952,0.76,91.12
1758300000000000005,1758290000000000004,1758280000000000003,2024-03-13,2339,26,1680,23349630,9982740,0.011116,0.2,26.89
1758300000000000006,1758290000000000005,1758280000000000004,2024-03-13,1406,31,990,20126556,14314762,0.022048,0.66,73.7
1758300000000000007,1758290000000000005,1758280000000000004,2024-03-13,2022,32,1536,26572704,13141792,0.015826,0.8,39.02
1758300000000000001,1758290000000000001,1758280000000000001,2024-03-14,4974,38,3742,26457051,5319069,0.00764,0.2,16.68
1758300000000000002,1758290000000000001,1758280000000000001,2024-03-14,4318,48,2963,32681448,7568654,0.011116,0.2,18.0
1758300000000000003,1758290000000000002,1758280000000000002,2024-03-14,2319,52,1591,16169980,6972824,0.022423,1.13,126.57
1758300000000000004,1758290000000000003,1758280000000000002,2024-03-14,2888,73,2131,17623448,6102302,0.025277,2.75,205.93
1758300000000000005,1758290000000000004,1758280000000000003,2024-03-14,4944,72,2977,25345071,5126430,0.014563,0.85,92.99
1758300000000000006,1758290000000000005,1758280000000000004,2024-03-14,2096,45,1401,22503407,10736358,0.021469,1.27,95.01
1758300000000000007,1758290000000000005,1758280000000000004,2024-03-14,3947,63,2365,28186735,7141306,0.015961,1.33,149.87
1758300000000000002,1758290000000000001,1758280000000000001,2024-03-15,5988,38,4265,29899263,4993197,0.006346,0.15,12.5
1758300000000000003,1758290000000000002,1758280000000000002,2024-03-15,1326,38,847,15648333,11801156,0.028658,0.93,76.54
1758300000000000004,1758290000000000003,1758280000000000002,2024-03-15,1574,28,1256,16104881,10231818,0.017789,0.71,96.85
1758300000000000005,1758290000000000004,1758280000000000003,2024-03-15,3231,45,1919,23814910,7370755,0.013928,0.48,57.05
1758300000000000006,1758290000000000005,1758280000000000004,2024-03-15,1551,21,1180,20740952,13372632,0.01354,0.43,47.2
1758300000000000007,1758290000000000005,1758280000000000004,2024-03-15,2293,50,1733,26888868,11726502,0.021805,1.32,114.59
1758300000000000001,1758290000000000001,1758280000000000001,2024-03-16,5639,50,4222,35464073,6289071,0.008867,0.26,14.47
1758300000000000002,1758290000000000001,1758280000000000001,2024-03-16,5188,61,3432,25608791,4936159,0.011758,0.29,17.27
1758300000000000003,1758290000000000002,1758280000000000002,2024-03-16,1685,39,1017,18998127,11274853,0.023145,0.91,73.7
1758300000000000004,1758290000000000003,1758280000000000002,2024-03-16,2538,54,1695,15900653,6265033,0.021277,1.4,152.11
1758300000000000005,1758290000000000004,1758280000000000003,2024-03-16,5160,73,3554,26174085,5072497,0.014147,0.67,29.26
1758300000000000006,1758290000000000005,1758280000000000004,2024-03-16,2643,53,1487,24750729,9364635,0.020053,1.49,155.16
1758300000000000007,1758290000000000005,1758280000000000004,2024-03-16,2460,62,1538,27597441,11218472,0.025203,1.24,163.38
1758300000000000001,1758290000000000001,1758280000000000001,2024-03-17,3742,40,2720,27743923,7414196,0.010689,0.19,24.02
1758300000000000003,1758290000000000002,1758280000000000002,2024-03-17,2749,73,1709,17239742,6271278,0.026555,2.19,113.78
1758300000000000004,1758290000000000003,1758280000000000002,2024-03-17,2060,42,1591,19351501,9393933,0.020388,1.17,150.31
1758300000000000005,1758290000000000004,1758280000000000003,2024-03-17,3531,40,2713,27443432,7772142,0.011328,0.49,33.47
1758300000000000006,1758290000000000005,1758280000000000004,2024-03-17,2218,44,1239,29477173,13289979,0.019838,0.99,116.98
1758300000000000007,1758290000000000005,1758280000000000004,2024-03-17,1806,29,1205,25409692,14069597,0.016058,0.78,63.78
1758300000000000001,1758290000000000001,1758280000000000001,2024-03-18,4644,25,2739,34470265,7422538,0.005383,0.11,8.84
1758300000000000002,1758290000000000001,1758280000000000001,2024-03-18,6340,62,4834,37472074,5910422,0.009779,0.21,8.87
1758300000000000003,1758290000000000002,1758280000000000002,2024-03-18,3269,89,1842,19945824,6101506,0.027225,2.34,231.23
1758300000000000004,1758290000000000003,1758280000000000002,2024-03-18,2114,60,1247,21164085,10011393,0.028382,1.61,193.55
1758300000000000005,1758290000000000004,1758280000000000003,2024-03-18,4289,72,3139,30832431,7188723,0.016787,0.6,72.77
1758300000000000006,1758290000000000005,1758280000000000004,2024-03-18,4220,90,2636,30917039,7326313,0.021327,2.51,156.18
1758300000000000007,1758290000000000005,1758280000000000004,2024-03-18,4264,79,2630,30747824,7211028,0.018527,1.67,213.1
1758300000000000001,1758290000000000001,1758280000000000001,2024-03-19,3128,27,1928,22957079,7339220,0.008632,0.11,5.98
1758300000000000003,1758290000000000002,1758280000000000002,2024-03-19,938,25,712,11056789,11787622,0.026652,0.8,37.2
1758300000000000004,1758290000000000003,1758280000000000002,2024-03-19,2239,62,1654,15601417,6968029,0.027691,1.95,236.29
1758300000000000005,1758290000000000004,1758280000000000003,2024-03-19,2507,45,1874,19993655,7975132,0.01795,0.43,36.09
1758300000000000006,1758290000000000005,1758280000000000004,2024-03-19,1862,30,1278,21621451,11611950,0.016112,0.75,85.82
1758300000000000007,1758290000000000005,1758280000000000004,2024-03-19,1664,37,925,18365858,11037174,0.022236,0.84,50.21
1758300000000000001,1758290000000000001,1758280000000000001,2024-03-20,4065,46,3049,33867769,8331554,0.011316,0.19,18.89
1758300000000000002,1758290000000000001,1758280000000000001,2024-03-20,3498,24,2101,23361702,6678588,0.006861,0.07,9.53
1758300000000000003,1758290000000000002,1758280000000000002,2024-03-20,1580,43,896,14829096,9385504,0.027215,1.41,196.01
1758300000000000004,1758290000000000003,1758280000000000002,2024-03-20,2206,36,1428,17873459,8102203,0.016319,1.24,116.82
1758300000000000005,1758290000000000004,1758280000000000003,2024-03-20,2911,26,2124,24526916,8425598,0.008932,0.29,12.71
1758300000000000006,1758290000000000005,1758280000000000004,2024-03-20,2327,48,1548,25617899,11008981,0.020627,0.95,101.42
1758300000000000007,1758290000000000005,1758280000000000004,2024-03-20,1589,29,1224,23435934,14748857,0.01825,0.48,47.93
1758300000000000002,1758290000000000001,1758280000000000001,2024-03-21,8158,57,5674,33412163,4095632,0.006987,0.2,15.73
1758300000000000003,1758290000000000002,1758280000000000002,2024-03-21,2122,34,1450,20075596,9460696,0.016023,1.11,129.86
1758300000000000004,1758290000000000003,1758280000000000002,2024-03-21,1379,25,759,15963726,11576306,0.018129,0.94,70.94
1758300000000000005,1758290000000000004,1758280000000000003,2024-03-21,5298,51,3106,27029492,5101829,0.009626,0.42,49.7
1758300000000000006,1758290000000000005,1758280000000000004,2024-03-21,2775,68,1707,28662015,10328654,0.024505,1.81,213.13
1758300000000000007,1758290000000000005,1758280000000000004,2024-03-21,1982,34,1317,25396968,12813808,0.017154,0.97,123.28
1758300000000000001,1758290000000000001,1758280000000000001,2024-03-22,6939,76,4208,30758139,4432647,0.010953,0.32,36.62
1758300000000000002,1758290000000000001,1758280000000000001,2024-03-22,3330,34,2007,28849169,8663414,0.01021,0.14,14.28
1758300000000000003,1758290000000000002,1758280000000000002,2024-03-22,1684,37,1170,17243412,10239556,0.021971,1.38,71.64
1758300000000000004,1758290000000000003,1758280000000000002,2024-03-22,2527,60,1677,16817907,6655286,0.023744,1.41,192.11
1758300000000000005,1758290000000000004,1758280000000000003,2024-03-22,2551,38,1965,25545989,10014108,0.014896,0.27,25.42
1758300000000000006,1758290000000000005,1758280000000000004,2024-03-22,2752,66,2126,27671731,10055135,0.023983,1.26,84.35
1758300000000000007,1758290000000000005,1758280000000000004,2024-03-22,1619,23,1227,23420248,14465873,0.014206,0.53,40.14
1758300000000000001,1758290000000000001,1758280000000000001,2024-03-23,4867,28,3623,21987443,4517658,0.005753,0.14,9.33
1758300000000000002,1758290000000000001,1758280000000000001,2024-03-23,3355,23,2238,20382933,6075390,0.006855,0.07,9.68
1758300000000000003,1758290000000000002,1758280000000000002,2024-03-23,980,21,628,11336674,11568035,0.021429,0.81,69.21
1758300000000000004,1758290000000000003,1758280000000000002,2024-03-23,1418,23,990,12874969,9079668,0.01622,0.49,43.41
1758300000000000005,1758290000000000004,1758280000000000003,2024-03-23,2274,28,1322,18158732,7985370,0.012313,0.33,19.93
1758300000000000006,1758290000000000005,1758280000000000004,2024-03-23,1568,29,1211,16448085,10489850,0.018495,0.74,79.31
1758300000000000007,1758290000000000005,1758280000000000004,2024-03-23,1326,26,964,19869380,14984449,0.019608,0.51,52.41
1758300000000000001,1758290000000000001,1758280000000000001,2024-03-24,3599,38,2162,24941792,6930201,0.010558,0.14,18.97
1758300000000000003,1758290000000000002,1758280000000000002,2024-03-24,1883,36,1422,13517185,7178537,0.019118,1.19,96.79
1758300000000000004,1758290000000000003,1758280000000000002,2024-03-24,2160,37,1593,13006061,6021325,0.01713,0.92,84.46
1758300000000000005,1758290000000000004,1758280000000000003,2024-03-24,1976,20,1388,19892434,10067021,0.010121,0.18,12.62
1758300000000000006,1758290000000000005,1758280000000000004,2024-03-24,1406,20,978,19428660,13818393,0.014225,0.42,48.39
1758300000000000007,1758290000000000005,1758280000000000004,2024-03-24,1493,26,964,20356208,13634433,0.017415,0.72,45.59
1758300000000000001,1758290000000000001,1758280000000000001,2024-03-25,4672,35,2802,25775440,5517003,0.007491,0.12,16.0
1758300000000000002,1758290000000000001,1758280000000000001,2024-03-25,4307,26,2816,24814228,5761372,0.006037,0.13,13.94
1758300000000000003,1758290000000000002,1758280000000000002,2024-03-25,1601,35,1105,15046119,9397951,0.021861,1.05,140.64
1758300000000000004,1758290000000000003,1758280000000000002,2024-03-25,1288,37,807,13862263,10762627,0.028727,1.24,163.54
1758300000000000005,1758290000000000004,1758280000000000003,2024-03-25,2049,22,1574,21681287,10581399,0.010737,0.23,17.39
1758300000000000007,1758290000000000005,1758280000000000004,2024-03-25,1873,25,1211,19214450,10258649,0.013348,0.7,78.06
1758300000000000001,1758290000000000001,1758280000000000001,2024-03-26,4771,29,3240,20395933,4274981,0.006078,0.1,9.72
1758300000000000002,1758290000000000001,1758280000000000001,2024-03-26,2487,27,1811,22077714,8877247,0.010856,0.13,8.57
1758300000000000003,1758290000000000002,1758280000000000002,2024-03-26,888,20,499,10786916,12147428,0.022523,0.63,44.84
1758300000000000004,1758290000000000003,1758280000000000002,2024-03-26,1101,27,851,13483739,12246811,0.024523,0.74,73.01
1758300000000000005,1758290000000000004,1758280000000000003,2024-03-26,3096,28,2341,18202991,5879519,0.009044,0.27,19.84
1758300000000000006,1758290000000000005,1758280000000000004,2024-03-26,2121,45,1639,16510480,7784290,0.021216,1.13,58.89
1758300000000000001,1758290000000000001,1758280000000000001,2024-03-27,4014,39,3143,27311120,6803966,0.009716,0.15,17.71
1758300000000000002,1758290000000000001,1758280000000000001,2024-03-27,4893,28,3424,22194974,4536067,0.005722,0.09,6.74
1758300000000000003,1758290000000000002,1758280000000000002,2024-03-27,1386,38,823,14526939,10481197,0.027417,1.14,70.47
1758300000000000004,1758290000000000003,1758280000000000002,2024-03-27,1590,44,1142,13762257,8655508,0.027673,1.41,143.0
1758300000000000005,1758290000000000004,1758280000000000003,2024-03-27,3647,51,2723,21216897,5817630,0.013984,0.58,62.76
1758300000000000006,1758290000000000005,1758280000000000004,2024-03-27,1724,32,1325,21025029,12195492,0.018561,0.9,112.47
1758300000000000007,1758290000000000005,1758280000000000004,2024-03-27,1947,34,1144,21408765,10995770,0.017463,0.59,44.67
1758300000000000001,1758290000000000001,1758280000000000001,2024-03-28,4678,45,2654,34179938,7306528,0.009619,0.17,21.11
1758300000000000002,1758290000000000001,1758280000000000001,2024-03-28,4636,26,2757,35508678,7659335,0.005608,0.1,10.04
1758300000000000003,1758290000000000002,1758280000000000002,2024-03-28,2985,73,1652,21530815,7213003,0.024456,1.94,80.37
1758300000000000004,1758290000000000003,1758280000000000002,2024-03-28,2362,64,1640,18291251,7743967,0.027096,1.99,212.88
1758300000000000005,1758290000000000004,1758280000000000003,2024-03-28,3577,39,2311,29866550,8349609,0.010903,0.34,26.45
1758300000000000006,1758290000000000005,1758280000000000004,2024-03-28,2959,73,1754,34626139,11701973,0.02467,1.4,106.56
1758300000000000007,1758290000000000005,1758280000000000004,2024-03-28,1946,35,1361,25106961,12901830,0.017986,0.72,98.9
1758300000000000001,1758290000000000001,1758280000000000001,2024-03-29,5198,27,3335,29725869,5718713,0.005194,0.1,6.13
1758300000000000002,1758290000000000001,1758280000000000001,2024-03-29,4870,45,3057,22413012,4602261,0.00924,0.14,15.73
1758300000000000003,1758290000000000002,1758280000000000002,2024-03-29,2361,60,1825,14582252,6176303,0.025413,2.13,128.33
1758300000000000004,1758290000000000003,1758280000000000002,2024-03-29,1409,31,880,15211394,10795879,0.022001,0.97,68.83
1758300000000000005,1758290000000000004,1758280000000000003,2024-03-29,2670,30,1705,22345235,8369002,0.011236,0.36,41.36
1758300000000000006,1758290000000000005,1758280000000000004,2024-03-29,2512,50,1613,22368451,8904638,0.019904,1.35,108.55
1758300000000000007,1758290000000000005,1758280000000000004,2024-03-29,1629,29,1268,22322019,13702897,0.017802,0.63,51.28
1758300000000000001,1758290000000000001,1758280000000000001,2024-03-30,5086,38,2811,39205835,7708579,0.007471,0.17,17.64
1758300000000000002,1758290000000000001,1758280000000000001,2024-03-30,3888,25,2385,33767760,8685123,0.00643,0.13,13.23
1758300000000000003,1758290000000000002,1758280000000000002,2024-03-30,2337,54,1857,20380756,8720905,0.023107,1.53,99.7
1758300000000000004,1758290000000000003,1758280000000000002,2024-03-30,3517,70,2741,21318441,6061541,0.019903,2.17,266.84
1758300000000000005,1758290000000000004,1758280000000000003,2024-03-30,5593,74,4430,31274398,5591704,0.013231,0.73,94.63
1758300000000000006,1758290000000000005,1758280000000000004,2024-03-30,2752,61,1621,32709568,11885744,0.022166,1.15,134.9
1758300000000000007,1758290000000000005,1758280000000000004,2024-03-30,3291,79,2135,29839227,9066918,0.024005,2.07,137.27
1758300000000000001,1758290000000000001,1758280000000000001,2024-03-31,4438,45,2594,22866616,5152460,0.01014,0.14,14.28
1758300000000000002,1758290000000000001,1758280000000000001,2024-03-31,3941,21,2743,25339456,6429702,0.005329,0.09,12.08
1758300000000000003,1758290000000000002,1758280000000000002,2024-03-31,1056,28,666,12545164,11879890,0.026515,1.08,133.73
1758300000000000004,1758290000000000003,1758280000000000002,2024-03-31,1703,47,1202,15001163,8808669,0.027598,1.29,167.38
1758300000000000005,1758290000000000004,1758280000000000003,2024-03-31,2138,22,1498,20659745,9663117,0.01029,0.19,17.96
1758300000000000006,1758290000000000005,1758280000000000004,2024-03-31,1656,29,1050,20139311,12161420,0.017512,0.6,58.63
1758300000000000007,1758290000000000005,1758280000000000004,2024-03-31,2032,50,1167,21180180,10423317,0.024606,1.22,110.41
1758300000000000001,1758290000000000001,1758280000000000001,2024-04-01,3160,22,2256,28262640,8943873,0.006962,0.11,13.39
1758300000000000002,1758290000000000001,1758280000000000001,2024-04-01,4088,35,2861,27045220,6615758,0.008562,0.12,8.17
1758300000000000003,1758290000000000002,1758280000000000002,2024-04-01,2181,58,1310,16802451,7704012,0.026593,1.99,85.62
1758300000000000004,1758290000000000003,1758280000000000002,2024-04-01,1520,41,1214,14802040,9738184,0.026974,1.22,159.78
1758300000000000005,1758290000000000004,1758280000000000003,2024-04-01,3983,44,2438,23703368,5951134,0.011047,0.52,58.97
1758300000000000007,1758290000000000005,1758280000000000004,2024-04-01,2972,42,1945,24392079,8207294,0.014132,0.84,91.97
1758300000000000001,1758290000000000001,1758280000000000001,2024-04-02,5360,63,4150,34087808,6359666,0.011754,0.24,28.61
1758300000000000002,1758290000000000001,1758280000000000001,2024-04-02,2597,29,1700,23078340,8886538,0.011167,0.09,12.07
1758300000000000003,1758290000000000002,1758280000000000002,2024-04-02,1645,41,1248,19098433,11609990,0.024924,0.99,57.62
1758300000000000004,1758290000000000003,1758280000000000002,2024-04-02,1083,32,628,13567937,12528104,0.029548,0.92,73.88
1758300000000000005,1758290000000000004,1758280000000000003,2024-04-02,3885,68,2358,24499778,6306249,0.017503,0.67,47.89
1758300000000000006,1758290000000000005,1758280000000000004,2024-04-02,2618,53,1645,24590527,9392867,0.020244,0.82,68.71
1758300000000000007,1758290000000000005,1758280000000000004,2024-04-02,1628,36,1159,24409028,14993260,0.022113,0.62,68.31
1758300000000000001,1758290000000000001,1758280000000000001,2024-04-03,4734,55,2827,27774279,5866979,0.011618,0.28,27.48
1758300000000000002,1758290000000000001,1758280000000000001,2024-04-03,4901,31,2955,29062598,5929932,0.006325,0.15,6.93
1758300000000000003,1758290000000000002,1758280000000000002,2024-04-03,2184,59,1454,18055745,8267283,0.027015,2.02,170.65
1758300000000000004,1758290000000000003,1758280000000000002,2024-04-03,1896,31,1133,14422471,7606789,0.01635,0.88,107.79
1758300000000000005,1758290000000000004,1758280000000000003,2024-04-03,3174,27,2205,24358662,7674437,0.008507,0.25,32.64
1758300000000000006,1758290000000000005,1758280000000000004,2024-04-03,2862,62,1597,26976433,9425728,0.021663,1.7,189.49
1758300000000000007,1758290000000000005,1758280000000000004,2024-04-03,1597,39,966,21740890,13613582,0.024421,0.7,66.92
1758300000000000001,1758290000000000001,1758280000000000001,2024-04-04,5399,44,3244,36150915,6695854,0.00815,0.22,23.28
1758300000000000002,1758290000000000001,1758280000000000001,2024-04-04,8100,94,5351,33397446,4123141,0.011605,0.32,41.47
1758300000000000004,1758290000000000003,1758280000000000002,2024-04-04,2071,34,1547,20720307,10004977,0.016417,1.05,83.64
1758300000000000005,1758290000000000004,1758280000000000003,2024-04-04,5871,58,3993,29806440,5076893,0.009879,0.44,58.48
1758300000000000006,1758290000000000005,1758280000000000004,2024-04-04,2587,43,1621,31119483,12029178,0.016622,1.15,82.93
1758300000000000007,1758290000000000005,1758280000000000004,2024-04-04,3331,48,2077,28493397,8554007,0.01441,1.09,140.7
1758300000000000001,1758290000000000001,1758280000000000001,2024-04-05,5259,28,3229,26744709,5085512,0.005324,0.12,9.8
1758300000000000002,1758290000000000001,1758280000000000001,2024-04-05,6346,59,4900,34197889,5388889,0.009297,0.18,25.15
1758300000000000003,1758290000000000002,1758280000000000002,2024-04-05,1444,27,1107,16400459,11357659,0.018698,0.87,36.28
1758300000000000004,1758290000000000003,1758280000000000002,2024-04-05,1801,46,1223,18423884,10229808,0.025541,1.25,64.92
1758300000000000005,1758290000000000004,1758280000000000003,2024-04-05,2480,35,1663,26118257,10531555,0.014113,0.26,15.73
1758300000000000006,1758290000000000005,1758280000000000004,2024-04-05,2630,49,1618,28543607,10853083,0.018631,1.19,157.6
1758300000000000007,1758290000000000005,1758280000000000004,2024-04-05,1746,37,1137,23692906,13569820,0.021191,0.69,93.17
1758300000000000001,1758290000000000001,1758280000000000001,2024-04-06,6185,63,4648,27784878,4492300,0.010186,0.33,19.65
1758300000000000002,1758290000000000001,1758280000000000001,2024-04-06,5187,34,2861,27081733,5221078,0.006555,0.15,18.46
1758300000000000003,1758290000000000002,1758280000000000002,2024-04-06,1444,36,949,15023803,10404296,0.024931,1.38,133.59
1758300000000000004,1758290000000000003,1758280000000000002,2024-04-06,1428,34,1018,16328546,11434556,0.02381,1.04,138.55
1758300000000000005,1758290000000000004,1758280000000000003,2024-04-06,2430,30,1354,23514262,9676651,0.012346,0.36,40.23
1758300000000000006,1758290000000000005,1758280000000000004,2024-04-06,2052,28,1273,22297172,10866068,0.013645,0.57,29.27
1758300000000000001,1758290000000000001,1758280000000000001,2024-04-07,3595,25,1995,29516145,8210332,0.006954,0.12,13.31
1758300000000000002,1758290000000000001,1758280000000000001,2024-04-07,6534,76,3934,29258403,4477870,0.011631,0.38,41.58
1758300000000000003,1758290000000000002,1758280000000000002,2024-04-07,1612,42,1287,16042239,9951761,0.026055,0.95,103.5
1758300000000000004,1758290000000000003,1758280000000000002,2024-04-07,1478,37,895,17543217,11869565,0.025034,1.44,116.95
1758300000000000005,1758290000000000004,1758280000000000003,2024-04-07,3513,50,2697,25189092,7170251,0.014233,0.59,33.67
1758300000000000006,1758290000000000005,1758280000000000004,2024-04-07,2717,44,1936,27733031,10207225,0.016194,0.84,39.96
1758300000000000007,1758290000000000005,1758280000000000004,2024-04-07,2979,74,2105,22645154,7601596,0.024841,2.1,134.46
1758300000000000001,1758290000000000001,1758280000000000001,2024-04-08,4648,33,3040,35964707,7737674,0.0071,0.14,12.57
1758300000000000002,1758290000000000001,1758280000000000001,2024-04-08,7914,87,5501,36890169,4661381,0.010993,0.37,50.01
1758300000000000003,1758290000000000002,1758280000000000002,2024-04-08,3792,92,2730,23089914,6089112,0.024262,2.14,112.55
1758300000000000004,1758290000000000003,1758280000000000002,2024-04-08,1878,44,1340,18541444,9872973,0.023429,1.7,126.41
1758300000000000005,1758290000000000004,1758280000000000003,2024-04-08,4288,74,3042,31223519,7281604,0.017257,0.95,51.93
1758300000000000006,1758290000000000005,1758280000000000004,2024-04-08,3233,60,2400,30923159,9564850,0.018559,1.4,128.53
1758300000000000007,1758290000000000005,1758280000000000004,2024-04-08,2368,44,1378,31523878,13312448,0.018581,1.21,147.69
1758300000000000001,1758290000000000001,1758280000000000001,2024-04-09,5090,41,3141,38473298,7558605,0.008055,0.16,18.65
1758300000000000002,1758290000000000001,1758280000000000001,2024-04-09,4726,45,3016,41386844,8757267,0.009522,0.22,14.27
1758300000000000003,1758290000000000002,1758280000000000002,2024-04-09,2763,73,1539,21828582,7900319,0.026421,2.62,187.69
1758300000000000004,1758290000000000003,1758280000000000002,2024-04-09,2282,53,1645,23805785,10431983,0.023225,1.39,125.14
1758300000000000005,1758290000000000004,1758280000000000003,2024-04-09,5814,103,4277,34225775,5886786,0.017716,0.85,114.54
1758300000000000006,1758290000000000005,1758280000000000004,2024-04-09,4253,67,2567,31395765,7382028,0.015754,1.51,202.49
1758300000000000007,1758290000000000005,1758280000000000004,2024-04-09,5086,103,3236,37055784,7285840,0.020252,2.75,215.96
1758300000000000001,1758290000000000001,1758280000000000001,2024-04-10,3548,32,2412,24212363,6824229,0.009019,0.11,12.15
1758300000000000002,1758290000000000001,1758280000000000001,2024-04-10,6095,71,4876,30553142,5012821,0.011649,0.28,23.19
1758300000000000004,1758290000000000003,1758280000000000002,2024-04-10,1848,44,1172,16529461,8944514,0.02381,1.41,192.27
1758300000000000005,1758290000000000004,1758280000000000003,2024-04-10,2941,38,2118,23470931,7980595,0.012921,0.41,22.7
1758300000000000006,1758290000000000005,1758280000000000004,2024-04-10,1871,38,1411,20455352,10932844,0.02031,0.89,106.87
1758300000000000007,1758290000000000005,1758280000000000004,2024-04-10,3702,72,2177,26486510,7154649,0.019449,1.11,48.31
1758300000000000001,1758290000000000001,1758280000000000001,2024-04-11,4471,29,3475,25142017,5623354,0.006486,0.15,6.87
1758300000000000002,1758290000000000001,1758280000000000001,2024-04-11,5516,47,3824,33275932,6032620,0.008521,0.16,7.27
1758300000000000003,1758290000000000002,1758280000000000002,2024-04-11,1445,28,1138,15879082,10988984,0.019377,1.09,113.97
1758300000000000004,1758290000000000003,1758280000000000002,2024-04-11,1422,31,1032,17502603,12308441,0.0218,0.69,94.27
1758300000000000005,1758290000000000004,1758280000000000003,2024-04-11,3264,36,2554,25036264,7670424,0.011029,0.46,23.25
1758300000000000006,1758290000000000005,1758280000000000004,2024-04-11,2398,42,1692,27044916,11278113,0.017515,1.19,84.29
1758300000000000007,1758290000000000005,1758280000000000004,2024-04-11,3173,69,2021,23027612,7257363,0.021746,1.31,168.66
1758300000000000001,1758290000000000001,1758280000000000001,2024-04-12,4213,46,3277,32327883,7673364,0.010919,0.13,6.21
1758300000000000002,1758290000000000001,1758280000000000001,2024-04-12,5457,62,3177,32140589,5889791,0.011362,0.23,24.22
1758300000000000003,1758290000000000002,1758280000000000002,2024-04-12,2957,46,2294,18646362,6305838,0.015556,1.21,128.05
1758300000000000004,1758290000000000003,1758280000000000002,2024-04-12,1475,29,1116,18192765,12334078,0.019661,0.91,44.22
1758300000000000005,1758290000000000004,1758280000000000003,2024-04-12,2693,44,1544,27629345,10259690,0.016339,0.57,78.34
1758300000000000006,1758290000000000005,1758280000000000004,2024-04-12,2650,52,1527,27348202,10320076,0.019623,0.81,81.7
1758300000000000007,1758290000000000005,1758280000000000004,2024-04-12,2348,56,1616,27910489,11886920,0.02385,1.27,83.78
1758300000000000001,1758290000000000001,1758280000000000001,2024-04-13,4208,26,3201,30752789,7308172,0.006179,0.07,6.71
1758300000000000002,1758290000000000001,1758280000000000001,2024-04-13,4353,35,2643,38055324,8742321,0.00804,0.15,12.23
1758300000000000004,1758290000000000003,1758280000000000002,2024-04-13,2563,64,1434,20477150,7989524,0.024971,2.01,121.0
1758300000000000005,1758290000000000004,1758280000000000003,2024-04-13,5540,57,3610,29489191,5322959,0.010289,0.44,20.18
1758300000000000006,1758290000000000005,1758280000000000004,2024-04-13,2228,56,1545,32350625,14520029,0.025135,1.02,127.49
1758300000000000007,1758290000000000005,1758280000000000004,2024-04-13,2480,39,1830,26627757,10736999,0.015726,0.87,43.34
1758300000000000001,1758290000000000001,1758280000000000001,2024-04-14,3405,40,2561,26354242,7739865,0.011747,0.19,25.7
1758300000000000002,1758290000000000001,1758280000000000001,2024-04-14,4760,47,3584,31532533,6624482,0.009874,0.23,29.42
1758300000000000003,1758290000000000002,1758280000000000002,2024-04-14,1500,25,915,16389895,10926597,0.016667,0.84,42.68
1758300000000000004,1758290000000000003,1758280000000000002,2024-04-14,1773,50,1329,16688262,9412443,0.028201,1.24,144.41
1758300000000000005,1758290000000000004,1758280000000000003,2024-04-14,3227,45,1860,24808618,7687827,0.013945,0.32,41.41
1758300000000000006,1758290000000000005,1758280000000000004,2024-04-14,3214,74,2395,23966725,7456977,0.023024,1.27,78.52
1758300000000000007,1758290000000000005,1758280000000000004,2024-04-14,2536,51,1428,25650511,10114555,0.02011,1.15,153.67
1758300000000000001,1758290000000000001,1758280000000000001,2024-04-15,4704,39,3092,29486400,6268367,0.008291,0.19,20.78
1758300000000000002,1758290000000000001,1758280000000000001,2024-04-15,4116,46,2556,34176085,8303228,0.011176,0.22,13.16
1758300000000000003,1758290000000000002,1758280000000000002,2024-04-15,2122,47,1488,20010732,9430128,0.022149,1.24,67.16
1758300000000000005,1758290000000000004,1758280000000000003,2024-04-15,3500,41,2235,27283922,7795406,0.011714,0.36,18.59
1758300000000000006,1758290000000000005,1758280000000000004,2024-04-15,1836,47,1190,26388956,14373070,0.025599,1.19,127.27
1758300000000000007,1758290000000000005,1758280000000000004,2024-04-15,2112,31,1435,28178889,13342277,0.014678,0.7,41.93
1758300000000000001,1758290000000000001,1758280000000000001,2024-04-16,4338,51,2425,22668851,5225646,0.011757,0.15,13.33
1758300000000000002,1758290000000000001,1758280000000000001,2024-04-16,6022,35,3627,24563896,4079026,0.005812,0.12,5.41
1758300000000000003,1758290000000000002,1758280000000000002,2024-04-16,1687,40,1310,13969044,8280405,0.023711,1.39,143.11
1758300000000000004,1758290000000000003,1758280000000000002,2024-04-16,1397,31,916,13021098,9320757,0.02219,1.12,141.94
1758300000000000005,1758290000000000004,1758280000000000003,2024-04-16,2430,24,1867,20242606,8330291,0.009877,0.31,24.0
1758300000000000006,1758290000000000005,1758280000000000004,2024-04-16,1559,35,979,19988872,12821598,0.02245,0.64,63.31
1758300000000000001,1758290000000000001,1758280000000000001,2024-04-17,2891,22,1606,21642574,7486190,0.00761,0.11,5.38
1758300000000000002,1758290000000000001,1758280000000000001,2024-04-17,2920,35,2219,20498391,7019997,0.011986,0.18,18.28
1758300000000000003,1758290000000000002,1758280000000000002,2024-04-17,981,21,745,10831845,11041636,0.021407,0.65,85.66
1758300000000000004,1758290000000000003,1758280000000000002,2024-04-17,1206,27,965,13248706,10985660,0.022388,1.03,61.25
1758300000000000005,1758290000000000004,1758280000000000003,2024-04-17,1917,18,1286,18060413,9421186,0.00939,0.18,12.84
1758300000000000006,1758290000000000005,1758280000000000004,2024-04-17,2796,73,2060,20111385,7192913,0.026109,1.82,147.0
1758300000000000001,1758290000000000001,1758280000000000001,2024-04-18,5110,30,3012,35819125,7009614,0.005871,0.12,9.91
1758300000000000002,1758290000000000001,1758280000000000001,2024-04-18,4950,45,3411,41164529,8316066,0.009091,0.19,11.35
1758300000000000003,1758290000000000002,1758280000000000002,2024-04-18,3559,80,2486,22829999,6414723,0.022478,1.82,160.99
1758300000000000004,1758290000000000003,1758280000000000002,2024-04-18,2975,55,1720,21160661,7112827,0.018487,2.1,161.21
1758300000000000005,1758290000000000004,1758280000000000003,2024-04-18,3419,36,2277,32992995,9649896,0.010529,0.39,16.92
1758300000000000006,1758290000000000005,1758280000000000004,2024-04-18,2284,53,1664,33443034,14642309,0.023205,1.02,128.98
1758300000000000001,1758290000000000001,1758280000000000001,2024-04-19,5455,55,4333,38441649,7047048,0.010082,0.2,8.17
1758300000000000002,1758290000000000001,1758280000000000001,2024-04-19,5030,34,3169,31189641,6200724,0.006759,0.15,9.12
1758300000000000003,1758290000000000002,1758280000000000002,2024-04-19,1791,45,1403,22843003,12754329,0.025126,1.12,132.0
1758300000000000004,1758290000000000003,1758280000000000002,2024-04-19,1839,50,1311,16946306,9214957,0.027189,1.32,165.73
1758300000000000005,1758290000000000004,1758280000000000003,2024-04-19,3959,59,2419,29841982,7537758,0.014903,0.64,83.89
1758300000000000006,1758290000000000005,1758280000000000004,2024-04-19,2081,38,1555,29736794,14289666,0.01826,0.73,55.45
1758300000000000001,1758290000000000001,1758280000000000001,2024-04-20,3409,21,2549,26858869,7878812,0.00616,0.1,13.09
1758300000000000002,1758290000000000001,1758280000000000001,2024-04-20,5612,55,4405,25951718,4624326,0.0098,0.2,17.71
1758300000000000003,1758290000000000002,1758280000000000002,2024-04-20,2452,38,1456,15742464,6420254,0.015498,1.19,126.35
1758300000000000004,1758290000000000003,1758280000000000002,2024-04-20,1149,29,772,14435014,12563111,0.025239,0.85,106.84
1758300000000000005,1758290000000000004,1758280000000000003,2024-04-20,2307,31,1418,22633109,9810624,0.013437,0.33,38.27
1758300000000000006,1758290000000000005,1758280000000000004,2024-04-20,1495,38,1134,19822305,13259067,0.025418,0.59,62.6
1758300000000000007,1758290000000000005,1758280000000000004,2024-04-20,2342,55,1304,25443913,10864181,0.023484,1.4,129.4
1758300000000000001,1758290000000000001,1758280000000000001,2024-04-21,5967,33,3524,47301286,7927147,0.00553,0.16,13.08
1758300000000000002,1758290000000000001,1758280000000000001,2024-04-21,7100,61,5247,47902859,6746882,0.008592,0.22,22.17
1758300000000000003,1758290000000000002,1758280000000000002,2024-04-21,3681,110,2578,30108902,8179544,0.029883,3.27,247.89
1758300000000000004,1758290000000000003,1758280000000000002,2024-04-21,3361,80,2390,24293467,7228047,0.023802,2.23,206.64
1758300000000000005,1758290000000000004,1758280000000000003,2024-04-21,7693,110,5115,40801776,5303754,0.014299,1.29,112.04
1758300000000000006,1758290000000000005,1758280000000000004,2024-04-21,3386,72,2512,46616354,13767382,0.021264,1.18,65.03
1758300000000000007,1758290000000000005,1758280000000000004,2024-04-21,3039,66,2372,34987199,11512734,0.021718,1.16,121.65
1758300000000000001,1758290000000000001,1758280000000000001,2024-04-22,4149,47,2781,22367054,5390951,0.011328,0.13,15.03
1758300000000000002,1758290000000000001,1758280000000000001,2024-04-22,3257,38,1801,29109997,8937672,0.011667,0.18,12.82
1758300000000000003,1758290000000000002,1758280000000000002,2024-04-22,1258,37,989,14266930,11340962,0.029412,1.08,146.3
1758300000000000004,1758290000000000003,1758280000000000002,2024-04-22,1172,34,745,15148528,12925365,0.02901,0.89,83.39
1758300000000000005,1758290000000000004,1758280000000000003,2024-04-22,2074,25,1380,22061593,10637219,0.012054,0.22,11.35
1758300000000000007,1758290000000000005,1758280000000000004,2024-04-22,1758,34,1022,21963066,12493212,0.01934,0.64,81.85
1758300000000000001,1758290000000000001,1758280000000000001,2024-04-23,4244,29,3244,27759407,6540859,0.006833,0.08,3.26
1758300000000000002,1758290000000000001,1758280000000000001,2024-04-23,4027,34,2825,35229523,8748330,0.008443,0.14,12.99
1758300000000000003,1758290000000000002,1758280000000000002,2024-04-23,1407,32,986,16283082,11572908,0.022743,0.95,52.68
1758300000000000004,1758290000000000003,1758280000000000002,2024-04-23,1714,38,992,19710592,11499762,0.02217,1.48,136.99
1758300000000000005,1758290000000000004,1758280000000000003,2024-04-23,2533,30,1569,26995256,10657424,0.011844,0.33,39.26
1758300000000000006,1758290000000000005,1758280000000000004,2024-04-23,3067,44,1876,29922334,9756222,0.014346,0.73,76.97
1758300000000000007,1758290000000000005,1758280000000000004,2024-04-23,2546,37,1592,24068177,9453330,0.014533,0.8,43.8
1758300000000000001,1758290000000000001,1758280000000000001,2024-04-24,4341,25,2486,30794499,7093872,0.005759,0.1,13.29
1758300000000000002,1758290000000000001,1758280000000000001,2024-04-24,7472,55,5594,38332909,5130207,0.007361,0.17,17.83
1758300000000000003,1758290000000000002,1758280000000000002,2024-04-24,2008,30,1409,19232318,9577848,0.01494,0.68,41.39
1758300000000000004,1758290000000000003,1758280000000000002,2024-04-24,3275,57,1881,20269057,6189025,0.017405,2.21,178.74
1758300000000000005,1758290000000000004,1758280000000000003,2024-04-24,4833,64,2967,29626032,6129947,0.013242,0.58,73.09
1758300000000000006,1758290000000000005,1758280000000000004,2024-04-24,2439,43,1679,33371421,13682419,0.01763,0.75,38.68
1758300000000000001,1758290000000000001,1758280000000000001,2024-04-25,3937,37,2716,32597284,8279727,0.009398,0.14,11.06
1758300000000000002,1758290000000000001,1758280000000000001,2024-04-25,3194,22,2077,27335772,8558476,0.006888,0.11,7.11
1758300000000000003,1758290000000000002,1758280000000000002,2024-04-25,1682,29,1138,18559763,11034342,0.017241,0.99,135.68
1758300000000000004,1758290000000000003,1758280000000000002,2024-04-25,1256,35,971,15687697,12490205,0.027866,1.3,124.43
1758300000000000005,1758290000000000004,1758280000000000003,2024-04-25,3720,36,2441,25685595,6904730,0.009677,0.41,21.6
1758300000000000006,1758290000000000005,1758280000000000004,2024-04-25,2140,35,1609,25670710,11995659,0.016355,0.92,115.0
1758300000000000007,1758290000000000005,1758280000000000004,2024-04-25,1731,33,1122,25700480,14847187,0.019064,0.94,70.88
1758300000000000001,1758290000000000001,1758280000000000001,2024-04-26,5916,46,3835,31929986,5397225,0.007776,0.23,11.87
1758300000000000002,1758290000000000001,1758280000000000001,2024-04-26,3303,24,2466,27345435,8278969,0.007266,0.12,7.44
1758300000000000003,1758290000000000002,1758280000000000002,2024-04-26,1437,29,1123,17326710,12057557,0.020181,1.12,88.84
1758300000000000004,1758290000000000003,1758280000000000002,2024-04-26,1796,37,1261,16544960,9212116,0.020601,1.32,80.48
1758300000000000005,1758290000000000004,1758280000000000003,2024-04-26,4748,79,3624,25403752,5350411,0.016639,0.74,51.13
1758300000000000006,1758290000000000005,1758280000000000004,2024-04-26,2789,48,1876,23023935,8255265,0.01721,0.89,84.64
1758300000000000001,1758290000000000001,1758280000000000001,2024-04-27,2948,28,2174,19305505,6548679,0.009498,0.08,5.08
1758300000000000002,1758290000000000001,1758280000000000001,2024-04-27,3456,22,2290,21928858,6345156,0.006366,0.09,11.07
1758300000000000003,1758290000000000002,1758280000000000002,2024-04-27,867,21,542,10985177,12670331,0.024221,0.5,54.86
1758300000000000004,1758290000000000003,1758280000000000002,2024-04-27,1369,32,796,12577316,9187229,0.023375,0.94,109.42
1758300000000000005,1758290000000000004,1758280000000000003,2024-04-27,1786,18,1222,17671870,9894664,0.010078,0.21,8.69
1758300000000000007,1758290000000000005,1758280000000000004,2024-04-27,2481,34,1970,20736859,8358266,0.013704,0.6,64.94
1758300000000000001,1758290000000000001,1758280000000000001,2024-04-28,4331,39,3189,24336511,5619144,0.009005,0.14,7.96
1758300000000000002,1758290000000000001,1758280000000000001,2024-04-28,5179,44,4064,26858959,5186128,0.008496,0.18,11.23
1758300000000000003,1758290000000000002,1758280000000000002,2024-04-28,1419,36,873,16546831,11660910,0.02537,0.78,91.38
1758300000000000004,1758290000000000003,1758280000000000002,2024-04-28,979,20,753,12707723,12980309,0.020429,0.73,55.16
1758300000000000005,1758290000000000004,1758280000000000003,2024-04-28,2102,30,1493,21940916,10438114,0.014272,0.23,17.57
1758300000000000006,1758290000000000005,1758280000000000004,2024-04-28,1320,29,930,19232979,14570439,0.02197,0.53,40.34
1758300000000000007,1758290000000000005,1758280000000000004,2024-04-28,2103,52,1560,24648852,11720805,0.024727,1.45,165.09
1758300000000000001,1758290000000000001,1758280000000000001,2024-04-29,3292,30,2095,23059280,7004642,0.009113,0.14,16.09
1758300000000000002,1758290000000000001,1758280000000000001,2024-04-29,3926,41,2528,22959391,5848036,0.010443,0.18,20.62
1758300000000000003,1758290000000000002,1758280000000000002,2024-04-29,1557,46,1157,13935933,8950503,0.029544,1.54,76.5
1758300000000000004,1758290000000000003,1758280000000000002,2024-04-29,1722,41,1339,12360450,7177962,0.02381,1.58,92.12
1758300000000000005,1758290000000000004,1758280000000000003,2024-04-29,3916,41,2353,19722287,5036335,0.01047,0.33,16.3
1758300000000000006,1758290000000000005,1758280000000000004,2024-04-29,1426,21,1100,20475367,14358602,0.014727,0.54,72.2
1758300000000000007,1758290000000000005,1758280000000000004,2024-04-29,1612,26,918,18969208,11767499,0.016129,0.55,74.01
1758300000000000001,1758290000000000001,1758280000000000001,2024-04-30,2768,32,2142,23137179,8358807,0.011561,0.12,11.8
1758300000000000002,1758290000000000001,1758280000000000001,2024-04-30,3100,19,2123,21742909,7013842,0.006129,0.05,6.28
1758300000000000003,1758290000000000002,1758280000000000002,2024-04-30,1045,26,676,13015077,12454619,0.02488,0.83,98.98
1758300000000000004,1758290000000000003,1758280000000000002,2024-04-30,1847,55,1405,12630688,6838488,0.029778,1.94,95.96
1758300000000000005,1758290000000000004,1758280000000000003,2024-04-30,2013,32,1520,19234323,9555054,0.015897,0.26,16.91
1758300000000000006,1758290000000000005,1758280000000000004,2024-04-30,1671,24,1058,16921528,10126588,0.014363,0.4,26.08
1758300000000000007,1758290000000000005,1758280000000000004,2024-04-30,2305,35,1577,21547118,9347990,0.015184,0.62,25.42
1758300000000000001,1758290000000000001,1758280000000000001,2024-05-01,6539,58,4881,28743446,4395694,0.00887,0.2,26.19
1758300000000000002,1758290000000000001,1758280000000000001,2024-05-01,3427,24,2467,30294508,8839950,0.007003,0.1,9.95
1758300000000000003,1758290000000000002,1758280000000000002,2024-05-01,1904,50,1085,18227920,9573487,0.026261,1.83,187.5
1758300000000000004,1758290000000000003,1758280000000000002,2024-05-01,1214,28,956,15508054,12774344,0.023064,0.62,33.43
1758300000000000005,1758290000000000004,1758280000000000003,2024-05-01,2872,35,1604,25301980,8809882,0.012187,0.29,13.48
1758300000000000006,1758290000000000005,1758280000000000004,2024-05-01,3395,62,2686,25552377,7526473,0.018262,1.21,60.98
1758300000000000007,1758290000000000005,1758280000000000004,2024-05-01,2662,62,1591,25051583,9410813,0.023291,1.64,226.91
1758300000000000001,1758290000000000001,1758280000000000001,2024-05-02,4158,24,2836,34766456,8361341,0.005772,0.08,9.77
1758300000000000002,1758290000000000001,1758280000000000001,2024-05-02,4106,44,3227,35869382,8735846,0.010716,0.18,12.22
1758300000000000003,1758290000000000002,1758280000000000002,2024-05-02,3083,92,1819,19082510,6189591,0.029841,3.38,157.12
1758300000000000004,1758290000000000003,1758280000000000002,2024-05-02,2688,41,1676,21280826,7916974,0.015253,1.4,78.65
1758300000000000005,1758290000000000004,1758280000000000003,2024-05-02,2794,24,2063,30272502,10834825,0.00859,0.24,12.58
1758300000000000006,1758290000000000005,1758280000000000004,2024-05-02,4302,68,2380,34380716,7991798,0.015807,1.26,61.94
1758300000000000007,1758290000000000005,1758280000000000004,2024-05-02,3461,68,2111,26164287,7559748,0.019648,1.27,141.35
1758300000000000001,1758290000000000001,1758280000000000001,2024-05-03,4010,34,2892,31480631,7850531,0.008479,0.14,8.97
1758300000000000002,1758290000000000001,1758280000000000001,2024-05-03,4953,44,3333,32773403,6616879,0.008884,0.12,15.94
1758300000000000003,1758290000000000002,1758280000000000002,2024-05-03,2090,53,1544,19732563,9441418,0.025359,1.5,177.51
1758300000000000004,1758290000000000003,1758280000000000002,2024-05-03,1438,23,1123,16984028,11810868,0.015994,0.57,49.81
1758300000000000005,1758290000000000004,1758280000000000003,2024-05-03,3698,56,2715,27537443,7446577,0.015143,0.54,71.19
1758300000000000006,1758290000000000005,1758280000000000004,2024-05-03,1984,47,1209,25896977,13052912,0.02369,1.01,115.03
1758300000000000007,1758290000000000005,1758280000000000004,2024-05-03,2147,45,1672,29177909,13590083,0.020959,0.89,60.89
1758300000000000001,1758290000000000001,1758280000000000001,2024-05-04,2956,23,1720,20227476,6842854,0.007781,0.08,8.29
1758300000000000002,1758290000000000001,1758280000000000001,2024-05-04,4282,44,3148,26302190,6142501,0.010276,0.16,22.25
1758300000000000003,1758290000000000002,1758280000000000002,2024-05-04,1305,38,735,13631457,10445561,0.029119,1.25,94.42
1758300000000000004,1758290000000000003,1758280000000000002,2024-05-04,1931,31,1495,12956924,6709955,0.016054,0.89,66.53
1758300000000000005,1758290000000000004,1758280000000000003,2024-05-04,2451,32,1360,19941286,8135980,0.013056,0.29,39.74
1758300000000000006,1758290000000000005,1758280000000000004,2024-05-04,1612,34,972,20652145,12811504,0.021092,0.53,38.27
1758300000000000007,1758290000000000005,1758280000000000004,2024-05-04,1342,24,1037,19230426,14329677,0.017884,0.55,65.49
1758300000000000001,1758290000000000001,1758280000000000001,2024-05-05,3120,24,1829,27439222,8794622,0.007692,0.07,4.1
1758300000000000002,1758290000000000001,1758280000000000001,2024-05-05,3772,27,2924,30264810,8023545,0.007158,0.11,5.69
1758300000000000003,1758290000000000002,1758280000000000002,2024-05-05,1894,53,1221,15748167,8314766,0.027983,1.22,58.99
1758300000000000004,1758290000000000003,1758280000000000002,2024-05-05,1772,28,1143,17225565,9720973,0.015801,0.89,46.78
1758300000000000005,1758290000000000004,1758280000000000003,2024-05-05,2633,26,1651,24730299,9392442,0.009875,0.27,11.21
1758300000000000007,1758290000000000005,1758280000000000004,2024-05-05,2225,47,1510,24464590,10995321,0.021124,0.98,130.66
1758300000000000001,1758290000000000001,1758280000000000001,2024-05-06,3802,40,2857,27550461,7246307,0.010521,0.14,18.65
1758300000000000002,1758290000000000001,1758280000000000001,2024-05-06,5797,68,4010,33001668,5692887,0.01173,0.26,35.04
1758300000000000003,1758290000000000002,1758280000000000002,2024-05-06,2576,72,1469,19735268,7661207,0.02795,1.71,186.2
1758300000000000004,1758290000000000003,1758280000000000002,2024-05-06,1363,22,910,14865949,10906786,0.016141,0.81,83.0
1758300000000000005,1758290000000000004,1758280000000000003,2024-05-06,3449,37,2349,25950912,7524184,0.010728,0.35,34.73
1758300000000000006,1758290000000000005,1758280000000000004,2024-05-06,2060,34,1184,23878449,11591480,0.016505,0.93,51.19
1758300000000000007,1758290000000000005,1758280000000000004,2024-05-06,2870,66,1602,28023376,9764243,0.022997,1.28,106.07
1758300000000000001,1758290000000000001,1758280000000000001,2024-05-07,3509,18,2054,25993491,7407663,0.00513,0.06,3.12
1758300000000000002,1758290000000000001,1758280000000000001,2024-05-07,3428,41,1990,29079428,8482914,0.01196,0.15,19.27
1758300000000000003,1758290000000000002,1758280000000000002,2024-05-07,1448,33,814,17229593,11898890,0.02279,1.01,98.9
1758300000000000004,1758290000000000003,1758280000000000002,2024-05-07,1488,39,1086,14240646,9570327,0.02621,1.48,178.87
1758300000000000005,1758290000000000004,1758280000000000003,2024-05-07,4078,39,2469,23602680,5787808,0.009564,0.47,25.78
1758300000000000006,1758290000000000005,1758280000000000004,2024-05-07,2311,43,1784,26831985,11610552,0.018607,0.76,82.29
1758300000000000007,1758290000000000005,1758280000000000004,2024-05-07,2140,49,1254,20373375,9520269,0.022897,0.8,106.79
1758300000000000001,1758290000000000001,1758280000000000001,2024-05-08,3832,20,2306,28736114,7498986,0.005219,0.08,10.91
1758300000000000002,1758290000000000001,1758280000000000001,2024-05-08,3151,17,2107,26911308,8540561,0.005395,0.06,7.41
1758300000000000003,1758290000000000002,1758280000000000002,2024-05-08,1613,45,1004,17462765,10826265,0.027898,1.53,125.85
1758300000000000004,1758290000000000003,1758280000000000002,2024-05-08,1883,45,1258,14335762,7613257,0.023898,1.04,50.73
1758300000000000005,1758290000000000004,1758280000000000003,2024-05-08,2933,39,1882,23848895,8131229,0.013297,0.29,22.29
1758300000000000006,1758290000000000005,1758280000000000004,2024-05-08,2482,56,1617,23573695,9497863,0.022562,1.47,89.43
1758300000000000007,1758290000000000005,1758280000000000004,2024-05-08,2476,61,1418,24124096,9743173,0.024637,1.34,72.31
1758300000000000001,1758290000000000001,1758280000000000001,2024-05-09,4078,24,2730,35402889,8681434,0.005885,0.08,5.77
1758300000000000002,1758290000000000001,1758280000000000001,2024-05-09,4819,26,3503,37222587,7724131,0.005395,0.1,13.23
1758300000000000003,1758290000000000002,1758280000000000002,2024-05-09,2929,61,2319,20300229,6930771,0.020826,1.49,76.55
1758300000000000004,1758290000000000003,1758280000000000002,2024-05-09,1914,38,1177,21200044,11076303,0.019854,0.9,56.14
1758300000000000005,1758290000000000004,1758280000000000003,2024-05-09,4507,57,2628,31125204,6905969,0.012647,0.5,69.38
1758300000000000006,1758290000000000005,1758280000000000004,2024-05-09,2378,45,1789,30338447,12757968,0.018923,0.97,89.06
1758300000000000007,1758290000000000005,1758280000000000004,2024-05-09,2705,46,1536,31911961,11797398,0.017006,0.99,119.31
1758300000000000001,1758290000000000001,1758280000000000001,2024-05-10,4274,45,3068,35985380,8419602,0.010529,0.22,24.81
1758300000000000002,1758290000000000001,1758280000000000001,2024-05-10,5219,48,3015,36730518,7037846,0.009197,0.19,22.37
1758300000000000003,1758290000000000002,1758280000000000002,2024-05-10,2193,54,1454,22853992,10421337,0.024624,1.8,149.5
1758300000000000004,1758290000000000003,1758280000000000002,2024-05-10,2406,49,1683,18697950,7771384,0.020366,1.35,181.05
1758300000000000005,1758290000000000004,1758280000000000003,2024-05-10,4790,70,2864,31163956,6506045,0.014614,0.79,82.81
1758300000000000006,1758290000000000005,1758280000000000004,2024-05-10,4405,81,3373,36012426,8175352,0.018388,2.05,132.9
1758300000000000007,1758290000000000005,1758280000000000004,2024-05-10,2557,50,1987,26315487,10291548,0.019554,1.13,59.25
1758300000000000001,1758290000000000001,1758280000000000001,2024-05-11,4349,27,3086,26399066,6070146,0.006208,0.12,14.78
1758300000000000002,1758290000000000001,1758280000000000001,2024-05-11,3755,26,2808,24381605,6493104,0.006924,0.11,13.11
1758300000000000003,1758290000000000002,1758280000000000002,2024-05-11,2011,32,1514,14065001,6994033,0.015912,0.7,66.62
1758300000000000004,1758290000000000003,1758280000000000002,2024-05-11,1656,42,1025,14952526,9029303,0.025362,1.23,96.2
1758300000000000005,1758290000000000004,1758280000000000003,2024-05-11,2277,30,1802,21763145,9557815,0.013175,0.24,10.0
1758300000000000006,1758290000000000005,1758280000000000004,2024-05-11,2580,57,1741,18682252,7241183,0.022093,1.43,146.27
1758300000000000007,1758290000000000005,1758280000000000004,2024-05-11,1777,27,1187,24844038,13980888,0.015194,0.61,69.65
1758300000000000001,1758290000000000001,1758280000000000001,2024-05-12,4639,38,3522,31146644,6714086,0.008191,0.13,18.16
1758300000000000002,1758290000000000001,1758280000000000001,2024-05-12,8575,98,5834,35412935,4129788,0.011429,0.32,42.29
1758300000000000003,1758290000000000002,1758280000000000002,2024-05-12,1914,32,1246,19246877,10055840,0.016719,0.82,68.44
1758300000000000004,1758290000000000003,1758280000000000002,2024-05-12,2476,66,1437,18787169,7587710,0.026656,2.36,178.09
1758300000000000005,1758290000000000004,1758280000000000003,2024-05-12,2852,47,1655,28525534,10001940,0.01648,0.41,40.05
1758300000000000006,1758290000000000005,1758280000000000004,2024-05-12,2590,57,1831,30554087,11796945,0.022008,1.45,123.35
1758300000000000007,1758290000000000005,1758280000000000004,2024-05-12,2438,56,1434,26496981,10868327,0.02297,1.24,64.08
1758300000000000001,1758290000000000001,1758280000000000001,2024-05-13,3374,20,2246,25867242,7666640,0.005928,0.09,11.66
1758300000000000003,1758290000000000002,1758280000000000002,2024-05-13,1770,34,1406,17513442,9894600,0.019209,1.25,93.64
1758300000000000004,1758290000000000003,1758280000000000002,2024-05-13,1367,25,1049,15971955,11683947,0.018288,0.73,79.23
1758300000000000005,1758290000000000004,1758280000000000003,2024-05-13,2398,32,1806,25114048,10472914,0.013344,0.29,33.3
1758300000000000006,1758290000000000005,1758280000000000004,2024-05-13,2315,34,1443,22924950,9902786,0.014687,0.77,85.4
1758300000000000007,1758290000000000005,1758280000000000004,2024-05-13,2061,41,1348,27303146,13247524,0.019893,1.09,47.04
1758300000000000001,1758290000000000001,1758280000000000001,2024-05-14,3584,24,1976,30194086,8424689,0.006696,0.08,10.31
1758300000000000002,1758290000000000001,1758280000000000001,2024-05-14,4873,35,3819,34800078,7141407,0.007182,0.15,11.0
1758300000000000003,1758290000000000002,1758280000000000002,2024-05-14,1807,54,1209,17976301,9948147,0.029884,1.79,115.4
1758300000000000004,1758290000000000003,1758280000000000002,2024-05-14,2015,42,1354,19163221,9510283,0.020844,1.36,105.52
1758300000000000005,1758290000000000004,1758280000000000003,2024-05-14,3699,52,2311,27854642,7530317,0.014058,0.38,36.75
1758300000000000006,1758290000000000005,1758280000000000004,2024-05-14,3064,45,1721,26385783,8611548,0.014687,1.05,46.49
1758300000000000007,1758290000000000005,1758280000000000004,2024-05-14,1965,47,1390,29323501,14922901,0.023919,1.24,79.94
1758300000000000001,1758290000000000001,1758280000000000001,2024-05-15,5766,40,3496,38441533,6666933,0.006937,0.18,19.67
1758300000000000002,1758290000000000001,1758280000000000001,2024-05-15,7469,86,5472,38346744,5134120,0.011514,0.34,27.66
1758300000000000003,1758290000000000002,1758280000000000002,2024-05-15,1875,46,1098,24033459,12817845,0.024533,1.29,170.51
1758300000000000004,1758290000000000003,1758280000000000002,2024-05-15,2893,85,2113,19845556,6859853,0.029381,2.6,211.15
1758300000000000005,1758290000000000004,1758280000000000003,2024-05-15,3676,61,2052,32909262,8952465,0.016594,0.77,68.08
1758300000000000006,1758290000000000005,1758280000000000004,2024-05-15,2291,35,1281,30666598,13385682,0.015277,0.91,48.47
1758300000000000007,1758290000000000005,1758280000000000004,2024-05-15,4390,78,3186,35151926,8007272,0.017768,1.73,129.91
1758300000000000001,1758290000000000001,1758280000000000001,2024-05-16,4272,37,3080,34885567,8166097,0.008661,0.16,11.6
1758300000000000002,1758290000000000001,1758280000000000001,2024-05-16,6213,41,4339,38184519,6145907,0.006599,0.15,13.75
1758300000000000003,1758290000000000002,1758280000000000002,2024-05-16,2668,77,1828,18513425,6939065,0.028861,2.15,261.65
1758300000000000004,1758290000000000003,1758280000000000002,2024-05-16,2137,47,1536,23240909,10875484,0.021993,1.69,122.88
1758300000000000005,1758290000000000004,1758280000000000003,2024-05-16,3007,30,1664,31315751,10414284,0.009977,0.34,46.02
1758300000000000006,1758290000000000005,1758280000000000004,2024-05-16,4504,85,3078,35314945,7840796,0.018872,2.41,265.99
1758300000000000007,1758290000000000005,1758280000000000004,2024-05-16,2361,40,1547,27316557,11569910,0.016942,0.84,64.77
1758300000000000001,1758290000000000001,1758280000000000001,2024-05-17,7045,56,3980,29461874,4181955,0.007949,0.27,29.64
1758300000000000002,1758290000000000001,1758280000000000001,2024-05-17,3608,41,2122,24039881,6662938,0.011364,0.13,9.46
1758300000000000003,1758290000000000002,1758280000000000002,2024-05-17,2223,44,1402,16169217,7273602,0.019793,1.03,91.72
1758300000000000004,1758290000000000003,1758280000000000002,2024-05-17,1230,28,744,14403214,11709930,0.022764,0.93,101.07
1758300000000000005,1758290000000000004,1758280000000000003,2024-05-17,2276,31,1264,22929324,10074395,0.01362,0.32,15.58
1758300000000000006,1758290000000000005,1758280000000000004,2024-05-17,2660,35,1748,23050405,8665566,0.013158,0.98,45.19
1758300000000000007,1758290000000000005,1758280000000000004,2024-05-17,2349,53,1691,22808242,9709767,0.022563,1.08,52.14
1758300000000000001,1758290000000000001,1758280000000000001,2024-05-18,3883,38,2432,29551845,7610570,0.009786,0.16,14.69
1758300000000000002,1758290000000000001,1758280000000000001,2024-05-18,6551,49,4090,32210817,4916931,0.00748,0.25,13.29
1758300000000000003,1758290000000000002,1758280000000000002,2024-05-18,1703,44,1213,16969495,9964472,0.025837,0.96,104.18
1758300000000000004,1758290000000000003,1758280000000000002,2024-05-18,1964,32,1237,18323455,9329661,0.016293,1.1,114.87
1758300000000000005,1758290000000000004,1758280000000000003,2024-05-18,3238,48,2258,26469713,8174711,0.014824,0.53,22.85
1758300000000000006,1758290000000000005,1758280000000000004,2024-05-18,2621,37,1856,26046079,9937459,0.014117,0.99,40.19
1758300000000000007,1758290000000000005,1758280000000000004,2024-05-18,2191,36,1548,26893346,12274462,0.016431,0.97,63.27
1758300000000000001,1758290000000000001,1758280000000000001,2024-05-19,4336,33,3365,36497454,8417310,0.007611,0.12,12.55
1758300000000000002,1758290000000000001,1758280000000000001,2024-05-19,7740,46,4941,35714843,4614321,0.005943,0.14,6.23
1758300000000000003,1758290000000000002,1758280000000000002,2024-05-19,1720,50,1147,17750090,10319820,0.02907,1.71,81.43
1758300000000000004,1758290000000000003,1758280000000000002,2024-05-19,3325,90,2614,23514080,7071904,0.027068,1.91,106.0
1758300000000000005,1758290000000000004,1758280000000000003,2024-05-19,3328,43,2159,30948127,9299317,0.012921,0.46,50.15
1758300000000000006,1758290000000000005,1758280000000000004,2024-05-19,3532,49,2664,31621433,8952841,0.013873,1.09,90.64
1758300000000000007,1758290000000000005,1758280000000000004,2024-05-19,3723,81,2477,30274822,8131835,0.021757,2.03,118.8
1758300000000000001,1758290000000000001,1758280000000000001,2024-05-20,2865,22,2260,24895363,8689481,0.007679,0.07,4.55
1758300000000000002,1758290000000000001,1758280000000000001,2024-05-20,3833,29,2621,29000284,7565949,0.007566,0.14,5.71
1758300000000000003,1758290000000000002,1758280000000000002,2024-05-20,2092,58,1480,16568124,7919753,0.027725,1.67,85.33
1758300000000000004,1758290000000000003,1758280000000000002,2024-05-20,1301,34,881,14229388,10937270,0.026134,1.28,105.34
1758300000000000005,1758290000000000004,1758280000000000003,2024-05-20,3707,64,2795,23098134,6230951,0.017265,0.54,33.15
1758300000000000006,1758290000000000005,1758280000000000004,2024-05-20,2366,50,1778,24449467,10333672,0.021133,1.09,51.74
1758300000000000007,1758290000000000005,1758280000000000004,2024-05-20,1886,39,1381,21746802,11530648,0.020679,0.76,89.66
1758300000000000001,1758290000000000001,1758280000000000001,2024-05-21,10362,67,7340,42462023,4097860,0.006466,0.19,13.3
1758300000000000002,1758290000000000001,1758280000000000001,2024-05-21,4331,48,2600,31309659,7229199,0.011083,0.2,12.85
1758300000000000003,1758290000000000002,1758280000000000002,2024-05-21,2942,47,2137,18071491,6142587,0.015976,1.83,129.52
1758300000000000004,1758290000000000003,1758280000000000002,2024-05-21,2014,49,1334,24083756,11958171,0.02433,1.52,137.61
1758300000000000005,1758290000000000004,1758280000000000003,2024-05-21,5085,85,3738,31616435,6217588,0.016716,0.84,108.12
1758300000000000006,1758290000000000005,1758280000000000004,2024-05-21,3729,70,2878,36759951,9857858,0.018772,1.3,147.14
1758300000000000007,1758290000000000005,1758280000000000004,2024-05-21,1790,45,1325,26472919,14789340,0.02514,0.92,102.03
1758300000000000001,1758290000000000001,1758280000000000001,2024-05-22,3356,38,2594,28899592,8611321,0.011323,0.14,18.09
1758300000000000002,1758290000000000001,1758280000000000001,2024-05-22,7063,79,4158,34736220,4918055,0.011185,0.32,34.04
1758300000000000004,1758290000000000003,1758280000000000002,2024-05-22,2103,35,1511,18366530,8733490,0.016643,1.07,55.72
1758300000000000005,1758290000000000004,1758280000000000003,2024-05-22,3764,35,3009,27272491,7245614,0.009299,0.42,38.71
1758300000000000006,1758290000000000005,1758280000000000004,2024-05-22,2677,59,2073,28256354,10555231,0.02204,1.16,98.35
1758300000000000007,1758290000000000005,1758280000000000004,2024-05-22,2078,37,1147,26288628,12650928,0.017806,0.83,51.99
1758300000000000001,1758290000000000001,1758280000000000001,2024-05-23,3409,20,1921,26842056,7873880,0.005867,0.08,4.85
1758300000000000002,1758290000000000001,1758280000000000001,2024-05-23,4114,26,2606,28906964,7026486,0.00632,0.09,5.1
1758300000000000003,1758290000000000002,1758280000000000002,2024-05-23,2050,33,1420,15462339,7542604,0.016098,0.94,90.74
1758300000000000004,1758290000000000003,1758280000000000002,2024-05-23,2065,47,1496,16394244,7939101,0.02276,1.4,172.23
1758300000000000005,1758290000000000004,1758280000000000003,2024-05-23,4464,54,3220,23892437,5352248,0.012097,0.68,40.59
1758300000000000006,1758290000000000005,1758280000000000004,2024-05-23,1571,23,1168,21707011,13817321,0.01464,0.38,24.66
1758300000000000001,1758290000000000001,1758280000000000001,2024-05-24,5489,31,4361,24705004,4500821,0.005648,0.13,14.45
1758300000000000002,1758290000000000001,1758280000000000001,2024-05-24,4209,37,2569,20893507,4964007,0.008791,0.18,9.98
1758300000000000003,1758290000000000002,1758280000000000002,2024-05-24,1191,34,714,10587076,8889233,0.028547,0.81,63.15
1758300000000000004,1758290000000000003,1758280000000000002,2024-05-24,1660,41,979,15469216,9318805,0.024699,1.34,173.92
1758300000000000005,1758290000000000004,1758280000000000003,2024-05-24,3563,30,2401,19542219,5484765,0.00842,0.33,38.98
1758300000000000006,1758290000000000005,1758280000000000004,2024-05-24,2397,44,1453,21209039,8848160,0.018356,0.86,64.27
1758300000000000007,1758290000000000005,1758280000000000004,2024-05-24,2428,53,1496,17875399,7362191,0.021829,1.3,86.79
1758300000000000001,1758290000000000001,1758280000000000001,2024-05-25,2970,22,2099,23582925,7940379,0.007407,0.09,7.67
1758300000000000002,1758290000000000001,1758280000000000001,2024-05-25,3835,33,2502,28620265,7462911,0.008605,0.1,9.8
1758300000000000003,1758290000000000002,1758280000000000002,2024-05-25,1346,30,1015,14993771,11139503,0.022288,0.66,85.3
1758300000000000004,1758290000000000003,1758280000000000002,2024-05-25,1155,23,839,14836623,12845561,0.019913,0.5,66.02
1758300000000000006,1758290000000000005,1758280000000000004,2024-05-25,2018,33,1586,21887190,10845981,0.016353,0.91,68.53
1758300000000000007,1758290000000000005,1758280000000000004,2024-05-25,2193,48,1751,22858402,10423348,0.021888,0.82,84.45
1758300000000000001,1758290000000000001,1758280000000000001,2024-05-26,5499,49,3982,22525711,4096329,0.008911,0.18,10.48
1758300000000000002,1758290000000000001,1758280000000000001,2024-05-26,3793,45,2096,24411374,6435901,0.011864,0.21,9.52
1758300000000000003,1758290000000000002,1758280000000000002,2024-05-26,1647,29,1252,14802423,8987506,0.017608,1.08,137.68
1758300000000000004,1758290000000000003,1758280000000000002,2024-05-26,1470,27,1060,12018768,8176033,0.018367,0.76,41.5
1758300000000000005,1758290000000000004,1758280000000000003,2024-05-26,3897,44,2249,20115893,5161892,0.011291,0.55,22.84
1758300000000000006,1758290000000000005,1758280000000000004,2024-05-26,2154,47,1538,17462345,8106938,0.02182,0.99,72.91
1758300000000000007,1758290000000000005,1758280000000000004,2024-05-26,2117,53,1622,22769442,10755523,0.025035,0.97,57.33
1758300000000000001,1758290000000000001,1758280000000000001,2024-05-27,2962,27,2101,23582903,7961817,0.009115,0.1,7.96
1758300000000000002,1758290000000000001,1758280000000000001,2024-05-27,4877,52,2896,20761350,4256992,0.010662,0.23,29.94
1758300000000000003,1758290000000000002,1758280000000000002,2024-05-27,1241,19,797,13034888,10503536,0.01531,0.58,35.53
1758300000000000004,1758290000000000003,1758280000000000002,2024-05-27,950,28,706,12304685,12952300,0.029474,0.72,30.37
1758300000000000005,1758290000000000004,1758280000000000003,2024-05-27,2830,26,1934,19004680,6715435,0.009187,0.22,19.81
1758300000000000006,1758290000000000005,1758280000000000004,2024-05-27,2801,44,1562,22482013,8026424,0.015709,0.99,92.27
1758300000000000007,1758290000000000005,1758280000000000004,2024-05-27,1258,21,942,15527347,12342883,0.016693,0.57,78.89
1758300000000000001,1758290000000000001,1758280000000000001,2024-05-28,7654,59,4334,33337118,4355516,0.007708,0.18,9.18
1758300000000000002,1758290000000000001,1758280000000000001,2024-05-28,5774,61,4066,32174439,5572296,0.010565,0.28,22.47
1758300000000000004,1758290000000000003,1758280000000000002,2024-05-28,2434,42,1887,19550171,8032116,0.017256,1.34,114.5
1758300000000000005,1758290000000000004,1758280000000000003,2024-05-28,3556,32,2070,28076381,7895495,0.008999,0.24,27.06
1758300000000000006,1758290000000000005,1758280000000000004,2024-05-28,2221,38,1555,30366694,13672532,0.017109,0.68,91.3
1758300000000000007,1758290000000000005,1758280000000000004,2024-05-28,3182,66,1829,25786069,8103730,0.020742,1.1,135.88
1758300000000000001,1758290000000000001,1758280000000000001,2024-05-29,4789,47,3775,24804935,5179565,0.009814,0.21,16.46
1758300000000000002,1758290000000000001,1758280000000000001,2024-05-29,3834,23,2208,25344791,6610535,0.005999,0.1,5.78
1758300000000000003,1758290000000000002,1758280000000000002,2024-05-29,2265,66,1371,15600047,6887438,0.029139,2.41,131.21
1758300000000000004,1758290000000000003,1758280000000000002,2024-05-29,1394,33,1077,13056939,9366527,0.023673,1.24,55.08
1758300000000000005,1758290000000000004,1758280000000000003,2024-05-29,2138,26,1190,21492740,10052732,0.012161,0.2,19.05
1758300000000000006,1758290000000000005,1758280000000000004,2024-05-29,1559,23,1205,20751262,13310623,0.014753,0.57,42.18
1758300000000000007,1758290000000000005,1758280000000000004,2024-05-29,2212,53,1334,22234217,10051635,0.02396,0.91,52.03
1758300000000000001,1758290000000000001,1758280000000000001,2024-05-30,4385,28,2596,18286847,4170319,0.006385,0.09,8.65
1758300000000000002,1758290000000000001,1758280000000000001,2024-05-30,4627,35,2552,24292158,5250088,0.007564,0.15,18.07
1758300000000000003,1758290000000000002,1758280000000000002,2024-05-30,1355,32,944,13126495,9687450,0.023616,0.87,88.68
1758300000000000004,1758290000000000003,1758280000000000002,2024-05-30,875,24,488,11204365,12804989,0.027429,0.61,58.64
1758300000000000005,1758290000000000004,1758280000000000003,2024-05-30,1942,28,1279,18248145,9396573,0.014418,0.28,15.16
1758300000000000006,1758290000000000005,1758280000000000004,2024-05-30,2014,49,1513,18638154,9254297,0.02433,1.16,55.51
1758300000000000007,1758290000000000005,1758280000000000004,2024-05-30,1400,25,1032,17858136,12755811,0.017857,0.61,37.72
1758300000000000001,1758290000000000001,1758280000000000001,2024-05-31,4216,33,2465,22864924,5423369,0.007827,0.16,12.44
1758300000000000002,1758290000000000001,1758280000000000001,2024-05-31,4652,43,3388,21803344,4686875,0.009243,0.16,7.3
1758300000000000004,1758290000000000003,1758280000000000002,2024-05-31,1924,57,1098,13149996,6834717,0.029626,1.96,87.36
1758300000000000005,1758290000000000004,1758280000000000003,2024-05-31,3632,39,2097,19143543,5270799,0.010738,0.4,22.32
1758300000000000006,1758290000000000005,1758280000000000004,2024-05-31,2492,64,1661,18705000,7506019,0.025682,1.04,42.3
1758300000000000007,1758290000000000005,1758280000000000004,2024-05-31,1751,24,1003,19582087,11183374,0.013706,0.55,62.52
1758300000000000001,1758290000000000001,1758280000000000001,2024-06-01,5040,40,3764,23465682,4655889,0.007937,0.16,13.1
1758300000000000002,1758290000000000001,1758280000000000001,2024-06-01,6208,49,4038,27199962,4381437,0.007893,0.25,29.1
1758300000000000003,1758290000000000002,1758280000000000002,2024-06-01,1459,32,1046,13387846,9176042,0.021933,0.93,66.21
1758300000000000004,1758290000000000003,1758280000000000002,2024-06-01,1862,54,1298,15563950,8358727,0.029001,1.32,132.2
1758300000000000005,1758290000000000004,1758280000000000003,2024-06-01,2221,28,1715,21713848,9776609,0.012607,0.28,21.86
1758300000000000006,1758290000000000005,1758280000000000004,2024-06-01,1742,39,1048,24169399,13874511,0.022388,1.02,97.16
1758300000000000007,1758290000000000005,1758280000000000004,2024-06-01,1691,42,1069,19258297,11388703,0.024837,0.67,56.55
1758300000000000001,1758290000000000001,1758280000000000001,2024-06-02,3851,22,2123,28158873,7312094,0.005713,0.09,4.07
1758300000000000002,1758290000000000001,1758280000000000001,2024-06-02,5929,71,3448,27457691,4631083,0.011975,0.24,23.96
1758300000000000003,1758290000000000002,1758280000000000002,2024-06-02,1652,34,1113,16144992,9772998,0.020581,0.81,77.2
1758300000000000004,1758290000000000003,1758280000000000002,2024-06-02,1670,50,1049,15635902,9362816,0.02994,1.22,162.72
1758300000000000005,1758290000000000004,1758280000000000003,2024-06-02,2598,24,1647,23835670,9174623,0.009238,0.28,12.47
1758300000000000006,1758290000000000005,1758280000000000004,2024-06-02,2185,51,1716,23312949,10669542,0.023341,1.11,95.39
1758300000000000007,1758290000000000005,1758280000000000004,2024-06-02,2775,72,1984,24358391,8777799,0.025946,1.77,73.74
1758300000000000001,1758290000000000001,1758280000000000001,2024-06-03,5602,39,3748,25308620,4517783,0.006962,0.11,9.71
1758300000000000002,1758290000000000001,1758280000000000001,2024-06-03,3607,32,2171,30907868,8568857,0.008872,0.15,12.26
1758300000000000003,1758290000000000002,1758280000000000002,2024-06-03,2246,63,1690,17287574,7697050,0.02805,1.4,158.28
1758300000000000004,1758290000000000003,1758280000000000002,2024-06-03,1427,42,947,14836133,10396730,0.029432,1.43,146.09
1758300000000000005,1758290000000000004,1758280000000000003,2024-06-03,3286,45,1987,24092781,7331948,0.013694,0.48,44.94
1758300000000000006,1758290000000000005,1758280000000000004,2024-06-03,2916,69,1631,24226270,8308049,0.023663,1.2,160.77
1758300000000000007,1758290000000000005,1758280000000000004,2024-06-03,1998,31,1477,23959292,11991638,0.015516,0.7,85.29
1758300000000000001,1758290000000000001,1758280000000000001,2024-06-04,4955,26,3587,25555329,5157483,0.005247,0.08,10.0
1758300000000000002,1758290000000000001,1758280000000000001,2024-06-04,3257,33,2176,26284160,8070052,0.010132,0.12,15.66
1758300000000000003,1758290000000000002,1758280000000000002,2024-06-04,2057,56,1164,14599447,7097446,0.027224,2.09,261.37
1758300000000000004,1758290000000000003,1758280000000000002,2024-06-04,1782,50,1376,15023118,8430481,0.028058,1.29,175.3
1758300000000000005,1758290000000000004,1758280000000000003,2024-06-04,3712,51,2814,22216924,5985163,0.013739,0.53,32.72
1758300000000000006,1758290000000000005,1758280000000000004,2024-06-04,1785,39,1391,20927101,11723866,0.021849,0.81,62.83
1758300000000000007,1758290000000000005,1758280000000000004,2024-06-04,2229,41,1776,23506746,10545871,0.018394,0.88,84.21
1758300000000000001,1758290000000000001,1758280000000000001,2024-06-05,3294,18,2125,26665903,8095295,0.005464,0.06,2.86
1758300000000000002,1758290000000000001,1758280000000000001,2024-06-05,5374,48,3203,30488291,5673296,0.008932,0.21,9.5
1758300000000000003,1758290000000000002,1758280000000000002,2024-06-05,1432,39,1014,16003143,11175379,0.027235,1.23,110.8
1758300000000000004,1758290000000000003,1758280000000000002,2024-06-05,1800,50,1336,16656397,9253554,0.027778,1.84,182.98
1758300000000000005,1758290000000000004,1758280000000000003,2024-06-05,4663,80,3155,24494654,5252982,0.017156,0.77,106.69
1758300000000000006,1758290000000000005,1758280000000000004,2024-06-05,1927,47,1512,22642904,11750339,0.02439,0.92,120.68
1758300000000000007,1758290000000000005,1758280000000000004,2024-06-05,3166,50,2130,26346404,8321669,0.015793,1.2,141.04
1758300000000000001,1758290000000000001,1758280000000000001,2024-06-06,6267,60,4228,27614122,4406274,0.009574,0.3,18.46
1758300000000000002,1758290000000000001,1758280000000000001,2024-06-06,2800,17,2207,24178186,8635066,0.006071,0.09,4.96
1758300000000000003,1758290000000000002,1758280000000000002,2024-06-06,1481,36,821,14927012,10079009,0.024308,1.27,162.07
1758300000000000004,1758290000000000003,1758280000000000002,2024-06-06,2115,48,1213,14668592,6935504,0.022695,1.67,100.83
1758300000000000005,1758290000000000004,1758280000000000003,2024-06-06,4412,72,2874,22196703,5030984,0.016319,0.62,40.7
1758300000000000006,1758290000000000005,1758280000000000004,2024-06-06,1729,41,1260,18663361,10794309,0.023713,0.69,76.64
1758300000000000007,1758290000000000005,1758280000000000004,2024-06-06,2858,43,1717,25730045,9002815,0.015045,0.78,99.61
1758300000000000001,1758290000000000001,1758280000000000001,2024-06-07,3867,26,2393,25873367,6690811,0.006724,0.13,9.93
1758300000000000002,1758290000000000001,1758280000000000001,2024-06-07,3904,42,2417,24085343,6169401,0.010758,0.13,13.71
1758300000000000003,1758290000000000002,1758280000000000002,2024-06-07,1094,19,660,14012657,12808644,0.017367,0.46,62.03
1758300000000000004,1758290000000000003,1758280000000000002,2024-06-07,1378,28,985,14535177,10548024,0.020319,0.73,70.71
1758300000000000005,1758290000000000004,1758280000000000003,2024-06-07,4132,66,2636,21410876,5181722,0.015973,0.72,57.97
1758300000000000006,1758290000000000005,1758280000000000004,2024-06-07,1523,29,1036,22669593,14884828,0.019041,0.82,37.84
1758300000000000001,1758290000000000001,1758280000000000001,2024-06-08,2827,22,1561,24024459,8498217,0.007782,0.06,5.21
1758300000000000002,1758290000000000001,1758280000000000001,2024-06-08,5800,68,4540,28801881,4965842,0.011724,0.24,14.8
1758300000000000004,1758290000000000003,1758280000000000002,2024-06-08,1322,21,1024,14404837,10896246,0.015885,0.73,62.59
1758300000000000005,1758290000000000004,1758280000000000003,2024-06-08,4120,58,2739,22639860,5495112,0.014078,0.51,69.55
1758300000000000006,1758290000000000005,1758280000000000004,2024-06-08,2054,30,1481,23656174,11517125,0.014606,0.64,47.6
1758300000000000007,1758290000000000005,1758280000000000004,2024-06-08,1477,20,1163,21623546,14640180,0.013541,0.45,40.33
1758300000000000002,1758290000000000001,1758280000000000001,2024-06-09,5568,55,3182,23615253,4241245,0.009878,0.17,10.03
1758300000000000003,1758290000000000002,1758280000000000002,2024-06-09,1809,40,1404,15800844,8734574,0.022112,1.0,101.59
1758300000000000004,1758290000000000003,1758280000000000002,2024-06-09,1618,26,982,14004107,8655196,0.016069,1.01,82.97
1758300000000000005,1758290000000000004,1758280000000000003,2024-06-09,2992,27,1775,22353713,7471161,0.009024,0.27,12.82
1758300000000000006,1758290000000000005,1758280000000000004,2024-06-09,2779,52,1772,21863893,7867540,0.018712,0.9,124.44
1758300000000000007,1758290000000000005,1758280000000000004,2024-06-09,2508,45,1672,22843532,9108266,0.017943,1.25,156.18
1758300000000000001,1758290000000000001,1758280000000000001,2024-06-10,2611,28,1722,21998765,8425417,0.010724,0.1,5.38
1758300000000000002,1758290000000000001,1758280000000000001,2024-06-10,4582,32,2974,22314099,4869947,0.006984,0.15,16.91
1758300000000000003,1758290000000000002,1758280000000000002,2024-06-10,1037,30,595,12861970,12403057,0.02893,0.67,55.33
1758300000000000004,1758290000000000003,1758280000000000002,2024-06-10,969,16,701,12459666,12858272,0.016512,0.5,54.95
1758300000000000005,1758290000000000004,1758280000000000003,2024-06-10,2237,28,1362,18991227,8489596,0.012517,0.35,39.09
1758300000000000006,1758290000000000005,1758280000000000004,2024-06-10,1487,34,1050,19190590,12905575,0.022865,0.81,63.35
1758300000000000007,1758290000000000005,1758280000000000004,2024-06-10,1647,37,1245,18791865,11409754,0.022465,0.75,66.69
1758300000000000001,1758290000000000001,1758280000000000001,2024-06-11,4155,40,2670,26031523,6265108,0.009627,0.13,15.07
1758300000000000002,1758290000000000001,1758280000000000001,2024-06-11,3851,42,2123,26725913,6939993,0.010906,0.15,7.63
1758300000000000003,1758290000000000002,1758280000000000002,2024-06-11,1683,31,1268,12441343,7392361,0.018419,0.91,40.44
1758300000000000004,1758290000000000003,1758280000000000002,2024-06-11,2095,48,1180,17705763,8451438,0.022912,1.49,107.68
1758300000000000005,1758290000000000004,1758280000000000003,2024-06-11,2646,34,1795,22610330,8545098,0.01285,0.33,28.1
1758300000000000006,1758290000000000005,1758280000000000004,2024-06-11,2647,49,1995,26255033,9918788,0.018512,1.3,157.91
1758300000000000007,1758290000000000005,1758280000000000004,2024-06-11,1875,28,1092,18965627,10115001,0.014933,0.76,39.31
1758300000000000001,1758290000000000001,1758280000000000001,2024-06-12,2803,19,2171,22979062,8198024,0.006778,0.08,10.58
1758300000000000002,1758290000000000001,1758280000000000001,2024-06-12,3231,23,1790,26702656,8264517,0.007119,0.07,7.53
1758300000000000003,1758290000000000002,1758280000000000002,2024-06-12,2124,58,1194,14664393,6904140,0.027307,2.23,145.96
1758300000000000004,1758290000000000003,1758280000000000002,2024-06-12,1255,34,857,13725159,10936382,0.027092,1.26,65.58
1758300000000000005,1758290000000000004,1758280000000000003,2024-06-12,2298,22,1331,21292165,9265520,0.009574,0.25,27.43
1758300000000000006,1758290000000000005,1758280000000000004,2024-06-12,1662,39,1305,20104552,12096602,0.023466,0.81,73.95
1758300000000000007,1758290000000000005,1758280000000000004,2024-06-12,1949,28,1387,22479777,11534006,0.014366,0.48,36.1
1758300000000000001,1758290000000000001,1758280000000000001,2024-06-13,4338,44,2516,30840553,7109394,0.010143,0.22,12.45
1758300000000000002,1758290000000000001,1758280000000000001,2024-06-13,5398,38,3205,29368468,5440620,0.00704,0.14,10.25
1758300000000000003,1758290000000000002,1758280000000000002,2024-06-13,1888,36,1122,16535783,8758360,0.019068,0.78,79.7
1758300000000000004,1758290000000000003,1758280000000000002,2024-06-13,1794,46,1383,17869372,9960631,0.025641,0.99,72.75
1758300000000000005,1758290000000000004,1758280000000000003,2024-06-13,4436,58,3118,25803866,5816922,0.013075,0.55,64.77
1758300000000000006,1758290000000000005,1758280000000000004,2024-06-13,2147,49,1488,26004569,12112049,0.022823,1.06,107.91
1758300000000000007,1758290000000000005,1758280000000000004,2024-06-13,3449,69,2734,25603163,7423358,0.020006,1.13,70.34
1758300000000000001,1758290000000000001,1758280000000000001,2024-06-14,2298,14,1432,19074455,8300459,0.006092,0.05,4.54
1758300000000000002,1758290000000000001,1758280000000000001,2024-06-14,3514,32,2356,18584336,5288656,0.009106,0.17,8.81
1758300000000000004,1758290000000000003,1758280000000000002,2024-06-14,1483,34,1026,9968723,6721998,0.022927,0.77,45.57
1758300000000000005,1758290000000000004,1758280000000000003,2024-06-14,1829,28,1352,16139482,8824211,0.015309,0.29,17.66
1758300000000000006,1758290000000000005,1758280000000000004,2024-06-14,1894,29,1071,16460560,8690898,0.015312,0.66,46.69
1758300000000000007,1758290000000000005,1758280000000000004,2024-06-14,1150,24,711,15818404,13755134,0.02087,0.4,46.61
1758300000000000001,1758290000000000001,1758280000000000001,2024-06-15,2833,17,2103,24010268,8475209,0.006001,0.05,6.58
1758300000000000002,1758290000000000001,1758280000000000001,2024-06-15,2888,24,1596,25929842,8978477,0.00831,0.08,4.2
1758300000000000003,1758290000000000002,1758280000000000002,2024-06-15,2333,63,1629,15181755,6507396,0.027004,1.82,134.53
1758300000000000004,1758290000000000003,1758280000000000002,2024-06-15,1596,40,980,13355451,8368077,0.025063,1.08,86.81
1758300000000000005,1758290000000000004,1758280000000000003,2024-06-15,2425,23,1659,21402904,8825940,0.009485,0.29,33.37
1758300000000000006,1758290000000000005,1758280000000000004,2024-06-15,1769,37,1170,21936063,12400262,0.020916,0.66,92.1
1758300000000000007,1758290000000000005,1758280000000000004,2024-06-15,1854,45,1390,20869745,11256605,0.024272,1.27,152.38
1758300000000000001,1758290000000000001,1758280000000000001,2024-06-16,3525,26,2510,31240320,8862502,0.007376,0.12,7.7
1758300000000000002,1758290000000000001,1758280000000000001,2024-06-16,7891,62,5763,31871642,4038986,0.007857,0.29,27.4
1758300000000000003,1758290000000000002,1758280000000000002,2024-06-16,3048,84,2255,18305474,6005733,0.027559,2.55,264.07
1758300000000000004,1758290000000000003,1758280000000000002,2024-06-16,2079,50,1178,17758505,8541849,0.02405,1.48,103.1
1758300000000000005,1758290000000000004,1758280000000000003,2024-06-16,2751,43,1930,27047984,9832055,0.015631,0.56,44.71
1758300000000000006,1758290000000000005,1758280000000000004,2024-06-16,3526,78,2190,30629546,8686769,0.022121,2.01,162.5
1758300000000000007,1758290000000000005,1758280000000000004,2024-06-16,2759,70,1994,23466422,8505408,0.025372,1.45,82.74
1758300000000000001,1758290000000000001,1758280000000000001,2024-06-17,5858,69,3725,30391036,5187954,0.011779,0.33,24.61
1758300000000000002,1758290000000000001,1758280000000000001,2024-06-17,5579,55,4148,29012973,5200389,0.009858,0.17,10.66
1758300000000000003,1758290000000000002,1758280000000000002,2024-06-17,2099,34,1497,16428869,7826998,0.016198,1.06,116.83
1758300000000000004,1758290000000000003,1758280000000000002,2024-06-17,1746,51,1328,17516279,10032233,0.02921,1.9,222.01
1758300000000000005,1758290000000000004,1758280000000000003,2024-06-17,2315,23,1520,25458861,10997348,0.009935,0.28,16.26
1758300000000000006,1758290000000000005,1758280000000000004,2024-06-17,1786,25,996,25914808,14509971,0.013998,0.52,54.48
1758300000000000007,1758290000000000005,1758280000000000004,2024-06-17,2525,60,1766,25002913,9902144,0.023762,1.18,67.07
1758300000000000001,1758290000000000001,1758280000000000001,2024-06-18,4161,28,2654,21895363,5262043,0.006729,0.1,6.62
1758300000000000002,1758290000000000001,1758280000000000001,2024-06-18,3702,23,2422,26721301,7218072,0.006213,0.11,4.92
1758300000000000003,1758290000000000002,1758280000000000002,2024-06-18,1675,38,1078,14123317,8431831,0.022687,1.26,144.44
1758300000000000004,1758290000000000003,1758280000000000002,2024-06-18,1067,18,737,13657633,12800031,0.01687,0.62,68.59
1758300000000000005,1758290000000000004,1758280000000000003,2024-06-18,2160,29,1504,20835713,9646163,0.013426,0.26,17.2
1758300000000000006,1758290000000000005,1758280000000000004,2024-06-18,1627,38,1103,19222029,11814400,0.023356,0.85,88.1
1758300000000000007,1758290000000000005,1758280000000000004,2024-06-18,1971,39,1437,22449397,11389851,0.019787,1.08,123.82
1758300000000000001,1758290000000000001,1758280000000000001,2024-06-19,9459,105,5277,38529561,4073323,0.011101,0.29,38.08
1758300000000000002,1758290000000000001,1758280000000000001,2024-06-19,4946,29,2874,39295537,7944912,0.005863,0.15,20.2
1758300000000000003,1758290000000000002,1758280000000000002,2024-06-19,2199,41,1455,22658990,10304225,0.018645,1.39,112.48
1758300000000000004,1758290000000000003,1758280000000000002,2024-06-19,2938,63,1673,21812494,7424266,0.021443,1.87,210.49
1758300000000000005,1758290000000000004,1758280000000000003,2024-06-19,3527,46,2256,33353613,9456652,0.013042,0.36,25.56
1758300000000000006,1758290000000000005,1758280000000000004,2024-06-19,4890,89,3618,36154710,7393601,0.0182,1.64,190.81
1758300000000000007,1758290000000000005,1758280000000000004,2024-06-19,2144,34,1286,30552517,14250241,0.015858,0.67,83.19
1758300000000000001,1758290000000000001,1758280000000000001,2024-06-20,4683,44,2726,25137226,5367761,0.009396,0.21,16.8
1758300000000000002,1758290000000000001,1758280000000000001,2024-06-20,4058,28,3149,19011108,4684847,0.0069,0.12,8.32
1758300000000000003,1758290000000000002,1758280000000000002,2024-06-20,1084,25,732,12202981,11257363,0.023063,0.55,34.17
1758300000000000004,1758290000000000003,1758280000000000002,2024-06-20,1404,28,879,13024639,9276808,0.019943,0.89,87.99
1758300000000000005,1758290000000000004,1758280000000000003,2024-06-20,2738,22,1556,18920715,6910415,0.008035,0.27,20.11
1758300000000000006,1758290000000000005,1758280000000000004,2024-06-20,1682,24,1027,20731521,12325518,0.014269,0.45,20.43
1758300000000000007,1758290000000000005,1758280000000000004,2024-06-20,1244,30,877,17109909,13753946,0.024116,0.79,94.02
1758300000000000001,1758290000000000001,1758280000000000001,2024-06-21,5072,34,2956,36341868,7165195,0.006703,0.13,8.83
1758300000000000002,1758290000000000001,1758280000000000001,2024-06-21,4005,32,2583,35748432,8925951,0.00799,0.14,13.15
1758300000000000003,1758290000000000002,1758280000000000002,2024-06-21,1860,50,1064,19693632,10587974,0.026882,1.19,160.4
1758300000000000004,1758290000000000003,1758280000000000002,2024-06-21,2964,83,1933,21500825,7253990,0.028003,2.1,107.35
1758300000000000005,1758290000000000004,1758280000000000003,2024-06-21,3906,41,2889,30895843,7909842,0.010497,0.41,54.66
1758300000000000006,1758290000000000005,1758280000000000004,2024-06-21,2262,33,1560,26699025,11803282,0.014589,0.93,68.77
1758300000000000007,1758290000000000005,1758280000000000004,2024-06-21,2441,40,1741,35092661,14376346,0.016387,0.94,118.28
1758300000000000001,1758290000000000001,1758280000000000001,2024-06-22,3356,37,2482,26835488,7996272,0.011025,0.12,12.53
1758300000000000002,1758290000000000001,1758280000000000001,2024-06-22,4322,26,2556,32179170,7445435,0.006016,0.1,13.49
1758300000000000005,1758290000000000004,1758280000000000003,2024-06-22,2423,30,1897,25291996,10438298,0.012381,0.38,32.16
1758300000000000006,1758290000000000005,1758280000000000004,2024-06-22,3180,71,1896,24434671,7683859,0.022327,1.37,73.44
1758300000000000007,1758290000000000005,1758280000000000004,2024-06-22,3245,84,2443,26149321,8058342,0.025886,1.97,218.18
1758300000000000001,1758290000000000001,1758280000000000001,2024-06-23,4078,26,2573,26754407,6560669,0.006376,0.09,11.27
1758300000000000003,1758290000000000002,1758280000000000002,2024-06-23,2739,78,1864,16698185,6096453,0.028478,2.11,224.11
1758300000000000004,1758290000000000003,1758280000000000002,2024-06-23,1751,29,1013,15127811,8639527,0.016562,1.05,56.45
1758300000000000005,1758290000000000004,1758280000000000003,2024-06-23,4065,53,2548,23869497,5871955,0.013038,0.66,51.66
1758300000000000006,1758290000000000005,1758280000000000004,2024-06-23,2529,66,1586,22301267,8818216,0.026097,1.56,135.9
1758300000000000007,1758290000000000005,1758280000000000004,2024-06-23,1878,35,1497,25437726,13545115,0.018637,0.6,33.33
1758300000000000001,1758290000000000001,1758280000000000001,2024-06-24,5143,51,4008,36822763,7159783,0.009916,0.17,12.44
1758300000000000002,1758290000000000001,1758280000000000001,2024-06-24,7246,69,5661,30364904,4190575,0.009522,0.21,17.41
1758300000000000003,1758290000000000002,1758280000000000002,2024-06-24,1516,33,1157,19402316,12798361,0.021768,1.26,111.34
1758300000000000004,1758290000000000003,1758280000000000002,2024-06-24,1754,43,1195,18990637,10827045,0.024515,1.07,47.66
1758300000000000005,1758290000000000004,1758280000000000003,2024-06-24,5094,82,3301,28794715,5652673,0.016097,0.69,65.01
1758300000000000006,1758290000000000005,1758280000000000004,2024-06-24,2011,42,1413,25446975,12653891,0.020885,1.03,109.97
1758300000000000001,1758290000000000001,1758280000000000001,2024-06-25,4834,26,2923,30952320,6403045,0.005379,0.12,14.17
1758300000000000002,1758290000000000001,1758280000000000001,2024-06-25,5997,55,4372,27070362,4513984,0.009171,0.27,21.87
1758300000000000003,1758290000000000002,1758280000000000002,2024-06-25,1584,25,950,16977014,10717812,0.015783,0.66,42.12
1758300000000000004,1758290000000000003,1758280000000000002,2024-06-25,1999,44,1372,16178804,8093449,0.022011,1.5,83.62
1758300000000000005,1758290000000000004,1758280000000000003,2024-06-25,2411,43,1546,24866863,10313921,0.017835,0.42,24.31
1758300000000000006,1758290000000000005,1758280000000000004,2024-06-25,2108,35,1326,27541827,13065383,0.016603,0.99,72.55
1758300000000000007,1758290000000000005,1758280000000000004,2024-06-25,2116,52,1211,22191900,10487665,0.024575,1.25,159.8
1758300000000000001,1758290000000000001,1758280000000000001,2024-06-26,3287,31,2004,26959688,8201913,0.009431,0.16,21.66
1758300000000000002,1758290000000000001,1758280000000000001,2024-06-26,4181,39,2337,32647702,7808587,0.009328,0.18,22.66
1758300000000000003,1758290000000000002,1758280000000000002,2024-06-26,1409,35,778,15999367,11355122,0.02484,0.8,35.13
1758300000000000004,1758290000000000003,1758280000000000002,2024-06-26,1539,37,1177,18061998,11736191,0.024042,1.29,83.84
1758300000000000005,1758290000000000004,1758280000000000003,2024-06-26,2726,27,1906,25546024,9371249,0.009905,0.34,38.4
1758300000000000006,1758290000000000005,1758280000000000004,2024-06-26,1968,41,1252,27216382,13829462,0.020833,1.09,61.04
1758300000000000001,1758290000000000001,1758280000000000001,2024-06-27,3963,29,2617,28156787,7104917,0.007318,0.14,12.66
1758300000000000002,1758290000000000001,1758280000000000001,2024-06-27,4855,31,3788,33466042,6893109,0.006385,0.12,9.54
1758300000000000003,1758290000000000002,1758280000000000002,2024-06-27,1787,47,1292,15158312,8482547,0.026301,1.68,174.04
1758300000000000004,1758290000000000003,1758280000000000002,2024-06-27,2255,49,1595,20054734,8893452,0.021729,1.81,248.85
1758300000000000005,1758290000000000004,1758280000000000003,2024-06-27,4444,75,2626,26409784,5942796,0.016877,0.68,45.8
1758300000000000006,1758290000000000005,1758280000000000004,2024-06-27,4142,102,2320,29249135,7061597,0.024626,2.88,157.34
1758300000000000007,1758290000000000005,1758280000000000004,2024-06-27,2799,44,1591,23570432,8421019,0.01572,1.24,169.83
1758300000000000001,1758290000000000001,1758280000000000001,2024-06-28,3085,17,2231,22099513,7163537,0.005511,0.06,2.96
1758300000000000002,1758290000000000001,1758280000000000001,2024-06-28,5762,38,3555,24482423,4248945,0.006595,0.11,4.98
1758300000000000003,1758290000000000002,1758280000000000002,2024-06-28,1953,46,1195,13500832,6912868,0.023554,1.26,112.76
1758300000000000004,1758290000000000003,1758280000000000002,2024-06-28,1276,23,715,13117418,10280108,0.018025,0.75,39.85
1758300000000000005,1758290000000000004,1758280000000000003,2024-06-28,2289,34,1545,19963687,8721576,0.014854,0.3,41.61
1758300000000000006,1758290000000000005,1758280000000000004,2024-06-28,1358,23,783,19202464,14140253,0.016937,0.56,39.78
1758300000000000007,1758290000000000005,1758280000000000004,2024-06-28,2498,60,1497,20724910,8296601,0.024019,1.7,143.15
1758300000000000001,1758290000000000001,1758280000000000001,2024-06-29,4719,42,2844,25496881,5403026,0.0089,0.13,14.16
1758300000000000002,1758290000000000001,1758280000000000001,2024-06-29,3667,26,2866,32064272,8744007,0.00709,0.1,9.2
1758300000000000003,1758290000000000002,1758280000000000002,2024-06-29,1853,30,1057,16458869,8882282,0.01619,0.68,45.09
1758300000000000004,1758290000000000003,1758280000000000002,2024-06-29,2116,36,1459,16433219,7766172,0.017013,0.76,54.63
1758300000000000005,1758290000000000004,1758280000000000003,2024-06-29,3231,26,2345,24669066,7635118,0.008047,0.33,40.24
1758300000000000006,1758290000000000005,1758280000000000004,2024-06-29,2101,29,1419,23421331,11147706,0.013803,0.51,31.73
1758300000000000007,1758290000000000005,1758280000000000004,2024-06-29,1863,35,1266,25916801,13911326,0.018787,0.69,85.54
1758300000000000001,1758290000000000001,1758280000000000001,2024-06-30,4143,43,2571,26905561,6494222,0.010379,0.17,11.35
1758300000000000002,1758290000000000001,1758280000000000001,2024-06-30,6031,41,4405,26524702,4398060,0.006798,0.14,10.96
1758300000000000003,1758290000000000002,1758280000000000002,2024-06-30,1222,19,943,15098508,12355571,0.015548,0.74,46.83
1758300000000000004,1758290000000000003,1758280000000000002,2024-06-30,1408,29,1014,15433071,10960988,0.020597,0.89,70.33
1758300000000000006,1758290000000000005,1758280000000000004,2024-06-30,1717,41,1014,24544167,14294797,0.023879,1.01,120.88
1758300000000000007,1758290000000000005,1758280000000000004,2024-06-30,2263,54,1769,21253201,9391605,0.023862,1.12,117.01
1758300000000000001,1758290000000000001,1758280000000000001,2024-07-01,2958,28,2264,21059803,7119609,0.009466,0.12,13.61
1758300000000000002,1758290000000000001,1758280000000000001,2024-07-01,4166,23,2377,22456410,5390401,0.005521,0.1,9.29
1758300000000000003,1758290000000000002,1758280000000000002,2024-07-01,1208,29,845,11473559,9497979,0.024007,0.66,69.61
1758300000000000004,1758290000000000003,1758280000000000002,2024-07-01,1250,33,946,13392848,10714278,0.0264,0.85,92.18
1758300000000000006,1758290000000000005,1758280000000000004,2024-07-01,2359,59,1844,19894350,8433383,0.025011,1.42,164.56
1758300000000000007,1758290000000000005,1758280000000000004,2024-07-01,1276,24,878,17405261,13640487,0.018809,0.63,45.93
1758300000000000001,1758290000000000001,1758280000000000001,2024-07-02,3898,25,2805,23503058,6029517,0.006414,0.09,10.1
1758300000000000002,1758290000000000001,1758280000000000001,2024-07-02,3347,23,2463,20188653,6031865,0.006872,0.1,9.31
1758300000000000003,1758290000000000002,1758280000000000002,2024-07-02,1363,33,992,11730935,8606702,0.024211,0.83,88.02
1758300000000000004,1758290000000000003,1758280000000000002,2024-07-02,1047,30,588,13235758,12641603,0.028653,0.8,111.65
1758300000000000005,1758290000000000004,1758280000000000003,2024-07-02,1910,29,1150,18725019,9803675,0.015183,0.37,21.95
1758300000000000006,1758290000000000005,1758280000000000004,2024-07-02,2340,41,1592,18279939,7811940,0.017521,1.02,43.87
1758300000000000007,1758290000000000005,1758280000000000004,2024-07-02,1920,45,1061,19170099,9984427,0.023438,0.76,106.26
1758300000000000001,1758290000000000001,1758280000000000001,2024-07-03,3308,25,2042,27470254,8304188,0.007557,0.1,4.34
1758300000000000002,1758290000000000001,1758280000000000001,2024-07-03,6064,53,4760,27119099,4472147,0.00874,0.24,30.19
1758300000000000003,1758290000000000002,1758280000000000002,2024-07-03,1453,35,966,16079068,11066117,0.024088,0.99,135.65
1758300000000000004,1758290000000000003,1758280000000000002,2024-07-03,1805,37,1093,15114848,8373877,0.020499,0.97,103.55
1758300000000000005,1758290000000000004,1758280000000000003,2024-07-03,4052,34,2504,23395437,5773800,0.008391,0.3,29.59
1758300000000000006,1758290000000000005,1758280000000000004,2024-07-03,2015,48,1191,25840285,12823963,0.023821,1.18,99.69
1758300000000000007,1758290000000000005,1758280000000000004,2024-07-03,1442,23,1132,20950589,14528841,0.01595,0.43,45.66
1758300000000000001,1758290000000000001,1758280000000000001,2024-07-04,3350,28,2505,29443000,8788955,0.008358,0.12,16.21
1758300000000000002,1758290000000000001,1758280000000000001,2024-07-04,5142,55,3748,25691845,4996469,0.010696,0.24,24.87
1758300000000000003,1758290000000000002,1758280000000000002,2024-07-04,1522,43,997,15083080,9910039,0.028252,1.12,136.69
1758300000000000004,1758290000000000003,1758280000000000002,2024-07-04,1457,24,1008,16422546,11271480,0.016472,0.54,33.46
1758300000000000005,1758290000000000004,1758280000000000003,2024-07-04,2175,32,1353,23629219,10864009,0.014713,0.4,46.49
1758300000000000006,1758290000000000005,1758280000000000004,2024-07-04,1897,28,1153,23709993,12498678,0.01476,0.53,54.25
1758300000000000007,1758290000000000005,1758280000000000004,2024-07-04,1574,26,1064,23548445,14960893,0.016518,0.42,49.12
1758300000000000001,1758290000000000001,1758280000000000001,2024-07-05,3210,37,2329,27252474,8489867,0.011526,0.17,22.23
1758300000000000002,1758290000000000001,1758280000000000001,2024-07-05,8395,60,5558,34682133,4131284,0.007147,0.25,10.64
1758300000000000003,1758290000000000002,1758280000000000002,2024-07-05,2665,53,1695,19773487,7419695,0.019887,1.66,231.37
1758300000000000004,1758290000000000003,1758280000000000002,2024-07-05,1590,30,980,15617717,9822464,0.018868,0.91,96.41
1758300000000000005,1758290000000000004,1758280000000000003,2024-07-05,4015,61,2326,26543403,6611059,0.015193,0.66,50.37
1758300000000000007,1758290000000000005,1758280000000000004,2024-07-05,2619,63,1871,31065762,11861688,0.024055,1.34,82.57
1758300000000000001,1758290000000000001,1758280000000000001,2024-07-06,2896,15,1904,21624092,7466883,0.00518,0.08,8.64
1758300000000000002,1758290000000000001,1758280000000000001,2024-07-06,2898,21,2029,22796410,7866256,0.007246,0.1,6.84
1758300000000000003,1758290000000000002,1758280000000000002,2024-07-06,1125,21,638,13451520,11956907,0.018667,0.6,49.37
1758300000000000004,1758290000000000003,1758280000000000002,2024-07-06,1889,38,1381,11931624,6316371,0.020116,0.82,75.49
1758300000000000005,1758290000000000004,1758280000000000003,2024-07-06,2186,35,1276,19037358,8708764,0.016011,0.45,26.85
1758300000000000006,1758290000000000005,1758280000000000004,2024-07-06,2828,65,2150,20143961,7123041,0.022984,1.5,126.1
1758300000000000007,1758290000000000005,1758280000000000004,2024-07-06,1226,26,976,17930756,14625413,0.021207,0.58,54.5
1758300000000000001,1758290000000000001,1758280000000000001,2024-07-07,5066,53,2994,20693942,4084868,0.010462,0.18,18.16
1758300000000000002,1758290000000000001,1758280000000000001,2024-07-07,3076,20,2277,23757369,7723462,0.006502,0.06,4.02
1758300000000000003,1758290000000000002,1758280000000000002,2024-07-07,1102,19,631,12930677,11733827,0.017241,0.5,62.13
1758300000000000004,1758290000000000003,1758280000000000002,2024-07-07,1632,48,1088,12470072,7640975,0.029412,1.7,237.23
1758300000000000005,1758290000000000004,1758280000000000003,2024-07-07,2380,29,1368,19050562,8004438,0.012185,0.24,19.94
1758300000000000006,1758290000000000005,1758280000000000004,2024-07-07,1771,40,1105,19031820,10746369,0.022586,0.76,96.13
1758300000000000001,1758290000000000001,1758280000000000001,2024-07-08,4889,46,3019,27861222,5698757,0.009409,0.18,20.61
1758300000000000002,1758290000000000001,1758280000000000001,2024-07-08,3669,23,2287,26549050,7236045,0.006269,0.1,5.48
1758300000000000003,1758290000000000002,1758280000000000002,2024-07-08,1355,40,847,13782286,10171429,0.02952,0.93,62.34
1758300000000000004,1758290000000000003,1758280000000000002,2024-07-08,1727,36,1079,17309299,10022756,0.020845,1.28,111.2
1758300000000000005,1758290000000000004,1758280000000000003,2024-07-08,2303,33,1803,23318688,10125353,0.014329,0.36,18.6
1758300000000000006,1758290000000000005,1758280000000000004,2024-07-08,1459,36,1072,21293140,14594339,0.024674,0.77,86.63
1758300000000000007,1758290000000000005,1758280000000000004,2024-07-08,2117,52,1401,25344236,11971769,0.024563,1.05,48.01
1758300000000000001,1758290000000000001,1758280000000000001,2024-07-09,3374,18,2415,30258232,8968059,0.005335,0.06,2.55
1758300000000000002,1758290000000000001,1758280000000000001,2024-07-09,4035,34,3210,33313355,8256098,0.008426,0.13,16.73
1758300000000000003,1758290000000000002,1758280000000000002,2024-07-09,1832,53,1283,20724187,11312329,0.02893,1.49,207.18
1758300000000000004,1758290000000000003,1758280000000000002,2024-07-09,1465,24,807,15602434,10650126,0.016382,0.84,57.15
1758300000000000005,1758290000000000004,1758280000000000003,2024-07-09,2907,23,2271,27244966,9372193,0.007912,0.2,26.42
1758300000000000006,1758290000000000005,1758280000000000004,2024-07-09,3018,47,2333,29169705,9665244,0.015573,1.25,65.57
1758300000000000007,1758290000000000005,1758280000000000004,2024-07-09,2004,29,1280,25320226,12634843,0.014471,0.63,54.0
1758300000000000001,1758290000000000001,1758280000000000001,2024-07-10,4639,51,3569,29322505,6320868,0.010994,0.2,23.91
1758300000000000002,1758290000000000001,1758280000000000001,2024-07-10,3389,32,2056,29839643,8804852,0.009442,0.15,16.01
1758300000000000003,1758290000000000002,1758280000000000002,2024-07-10,1447,23,843,17139535,11844876,0.015895,0.85,75.54
1758300000000000004,1758290000000000003,1758280000000000002,2024-07-10,1666,44,943,16667407,10004446,0.026411,1.39,73.86
1758300000000000005,1758290000000000004,1758280000000000003,2024-07-10,3035,46,1732,25355206,8354269,0.015157,0.56,43.56
1758300000000000006,1758290000000000005,1758280000000000004,2024-07-10,1914,39,1422,27547655,14392714,0.020376,0.85,80.2
1758300000000000007,1758290000000000005,1758280000000000004,2024-07-10,2622,35,1657,23162758,8834004,0.013349,0.8,33.78
1758300000000000001,1758290000000000001,1758280000000000001,2024-07-11,3259,28,2084,23743037,7285375,0.008592,0.08,8.19
1758300000000000002,1758290000000000001,1758280000000000001,2024-07-11,3365,32,2500,23522370,6990303,0.00951,0.15,15.96
1758300000000000003,1758290000000000002,1758280000000000002,2024-07-11,1328,32,863,13407804,10096238,0.024096,1.18,47.71
1758300000000000004,1758290000000000003,1758280000000000002,2024-07-11,1701,30,1238,13601000,7995885,0.017637,1.02,76.01
1758300000000000005,1758290000000000004,1758280000000000003,2024-07-11,2226,18,1650,20256603,9100001,0.008086,0.16,12.66
1758300000000000006,1758290000000000005,1758280000000000004,2024-07-11,2231,47,1534,19136779,8577669,0.021067,1.26,79.81
1758300000000000007,1758290000000000005,1758280000000000004,2024-07-11,1612,36,1065,21376428,13260811,0.022333,0.78,108.92
1758300000000000001,1758290000000000001,1758280000000000001,2024-07-12,2736,25,1731,22036701,8054350,0.009137,0.12,11.82
1758300000000000002,1758290000000000001,1758280000000000001,2024-07-12,4067,25,3100,28803526,7082254,0.006147,0.12,7.62
1758300000000000003,1758290000000000002,1758280000000000002,2024-07-12,1793,37,1272,16144750,9004322,0.020636,1.12,154.83
1758300000000000004,1758290000000000003,1758280000000000002,2024-07-12,1117,24,820,12906808,11554886,0.021486,0.55,65.77
1758300000000000005,1758290000000000004,1758280000000000003,2024-07-12,2480,42,1744,21788669,8785754,0.016935,0.31,18.72
1758300000000000006,1758290000000000005,1758280000000000004,2024-07-12,2041,35,1356,19251471,9432372,0.017148,0.62,65.32
1758300000000000007,1758290000000000005,1758280000000000004,2024-07-12,1767,43,1028,24325867,13766761,0.024335,1.07,58.58
1758300000000000001,1758290000000000001,1758280000000000001,2024-07-13,3575,34,2583,28878578,8077924,0.00951,0.15,19.71
1758300000000000002,1758290000000000001,1758280000000000001,2024-07-13,3661,28,2766,27357867,7472785,0.007648,0.11,9.54
1758300000000000003,1758290000000000002,1758280000000000002,2024-07-13,1495,45,1020,14273665,9547602,0.0301,1.18,96.8
1758300000000000004,1758290000000000003,1758280000000000002,2024-07-13,1737,47,1146,17861446,10282928,0.027058,1.38,159.93
1758300000000000005,1758290000000000004,1758280000000000003,2024-07-13,2364,35,1590,24101334,10195150,0.014805,0.29,38.89
1758300000000000006,1758290000000000005,1758280000000000004,2024-07-13,2920,57,2015,25998373,8903552,0.019521,1.06,45.41
1758300000000000007,1758290000000000005,1758280000000000004,2024-07-13,2311,36,1355,22204295,9608090,0.015578,0.56,41.98
1758300000000000001,1758290000000000001,1758280000000000001,2024-07-14,2903,24,2087,25869483,8911293,0.008267,0.09,8.86
1758300000000000002,1758290000000000001,1758280000000000001,2024-07-14,5647,39,3496,24926662,4414142,0.006906,0.12,16.37
1758300000000000003,1758290000000000002,1758280000000000002,2024-07-14,1770,32,1215,13267612,7495826,0.018079,0.82,69.64
1758300000000000004,1758290000000000003,1758280000000000002,2024-07-14,1434,37,790,15758757,10989370,0.025802,1.25,169.76
1758300000000000005,1758290000000000004,1758280000000000003,2024-07-14,2520,32,1891,21769777,8638800,0.012698,0.28,35.04
1758300000000000006,1758290000000000005,1758280000000000004,2024-07-14,1454,35,1124,20567200,14145254,0.024072,0.86,111.84
1758300000000000007,1758290000000000005,1758280000000000004,2024-07-14,1920,33,1070,22972353,11964767,0.017188,0.91,47.44
1758300000000000001,1758290000000000001,1758280000000000001,2024-07-15,4057,42,3098,31349252,7727200,0.010352,0.17,18.69
1758300000000000002,1758290000000000001,1758280000000000001,2024-07-15,3231,28,1873,28316679,8764060,0.008666,0.12,16.69
1758300000000000003,1758290000000000002,1758280000000000002,2024-07-15,1622,31,966,16412988,10118982,0.019112,0.93,123.94
1758300000000000004,1758290000000000003,1758280000000000002,2024-07-15,1982,48,1117,17681830,8921206,0.024218,1.85,180.24
1758300000000000005,1758290000000000004,1758280000000000003,2024-07-15,2365,28,1356,25571113,10812310,0.011839,0.23,27.01
1758300000000000006,1758290000000000005,1758280000000000004,2024-07-15,2595,45,2060,23905240,9212039,0.017341,1.04,89.91
1758300000000000007,1758290000000000005,1758280000000000004,2024-07-15,2736,52,1678,27236987,9955039,0.019006,1.28,94.35
1758300000000000003,1758290000000000002,1758280000000000002,2024-07-16,1221,33,688,13697550,11218305,0.027027,1.22,129.61
1758300000000000004,1758290000000000003,1758280000000000002,2024-07-16,1251,25,864,13732613,10977309,0.019984,0.71,67.73
1758300000000000005,1758290000000000004,1758280000000000003,2024-07-16,2049,23,1430,20572622,10040323,0.011225,0.18,13.23
1758300000000000006,1758290000000000005,1758280000000000004,2024-07-16,1690,24,1326,19161655,11338257,0.014201,0.51,48.49
1758300000000000007,1758290000000000005,1758280000000000004,2024-07-16,1930,42,1341,21983590,11390461,0.021762,1.2,127.39
1758300000000000001,1758290000000000001,1758280000000000001,2024-07-17,5691,51,3155,30079136,5285387,0.008962,0.24,31.8
1758300000000000002,1758290000000000001,1758280000000000001,2024-07-17,5585,28,3664,28291643,5065648,0.005013,0.12,12.68
1758300000000000003,1758290000000000002,1758280000000000002,2024-07-17,1453,42,850,18128894,12476871,0.028906,1.19,95.4
1758300000000000004,1758290000000000003,1758280000000000002,2024-07-17,2425,46,1911,15225837,6278696,0.018969,1.6,87.18
1758300000000000005,1758290000000000004,1758280000000000003,2024-07-17,2813,26,1749,25016048,8893014,0.009243,0.27,21.59
1758300000000000006,1758290000000000005,1758280000000000004,2024-07-17,2164,53,1574,25192177,11641487,0.024492,1.12,95.73
1758300000000000007,1758290000000000005,1758280000000000004,2024-07-17,1888,26,1477,24839920,13156737,0.013771,0.41,39.5
1758300000000000001,1758290000000000001,1758280000000000001,2024-07-18,5227,34,4047,26854248,5137602,0.006505,0.15,19.56
1758300000000000002,1758290000000000001,1758280000000000001,2024-07-18,3812,25,2450,28092163,7369403,0.006558,0.12,5.8
1758300000000000003,1758290000000000002,1758280000000000002,2024-07-18,2178,49,1685,16210989,7443062,0.022498,1.59,146.24
1758300000000000004,1758290000000000003,1758280000000000002,2024-07-18,2272,62,1762,15186960,6684401,0.027289,2.1,118.1
1758300000000000005,1758290000000000004,1758280000000000003,2024-07-18,2569,37,1827,23548462,9166392,0.014402,0.39,23.88
1758300000000000006,1758290000000000005,1758280000000000004,2024-07-18,2752,47,1546,24835907,9024676,0.017078,0.93,59.35
1758300000000000007,1758290000000000005,1758280000000000004,2024-07-18,3004,46,2082,22261017,7410458,0.015313,1.31,152.87
1758300000000000001,1758290000000000001,1758280000000000001,2024-07-19,6201,38,4350,27881294,4496258,0.006128,0.13,15.98
1758300000000000002,1758290000000000001,1758280000000000001,2024-07-19,4521,35,3200,30187816,6677243,0.007742,0.11,5.58
1758300000000000003,1758290000000000002,1758280000000000002,2024-07-19,1774,44,1031,19259628,10856611,0.024803,1.2,161.25
1758300000000000004,1758290000000000003,1758280000000000002,2024-07-19,1289,24,930,13922720,10801179,0.018619,0.53,58.67
1758300000000000006,1758290000000000005,1758280000000000004,2024-07-19,2109,45,1488,26778723,12697356,0.021337,1.15,50.96
1758300000000000007,1758290000000000005,1758280000000000004,2024-07-19,2690,55,2026,22994800,8548253,0.020446,1.34,159.72
1758300000000000001,1758290000000000001,1758280000000000001,2024-07-20,7187,82,4930,32257497,4488312,0.011409,0.31,42.72
1758300000000000002,1758290000000000001,1758280000000000001,2024-07-20,3346,38,2573,24639632,7363907,0.011357,0.19,11.34
1758300000000000003,1758290000000000002,1758280000000000002,2024-07-20,2408,64,1838,17113290,7106848,0.026578,1.92,216.8
1758300000000000004,1758290000000000003,1758280000000000002,2024-07-20,1488,26,1112,15399356,10349030,0.017473,0.86,101.0
1758300000000000006,1758290000000000005,1758280000000000004,2024-07-20,3219,78,2257,23782380,7388127,0.024231,2.16,253.57
1758300000000000007,1758290000000000005,1758280000000000004,2024-07-20,2110,47,1205,24986588,11841985,0.022275,1.33,167.06
1758300000000000001,1758290000000000001,1758280000000000001,2024-07-21,5765,50,3503,31239321,5418789,0.008673,0.16,19.67
1758300000000000002,1758290000000000001,1758280000000000001,2024-07-21,5028,56,3640,28165013,5601633,0.011138,0.25,27.55
1758300000000000003,1758290000000000002,1758280000000000002,2024-07-21,1876,45,1491,17100978,9115660,0.023987,1.15,147.35
1758300000000000004,1758290000000000003,1758280000000000002,2024-07-21,2346,56,1430,16844356,7180032,0.02387,1.89,176.0
1758300000000000005,1758290000000000004,1758280000000000003,2024-07-21,2621,29,1933,25459000,9713468,0.011064,0.25,13.64
1758300000000000006,1758290000000000005,1758280000000000004,2024-07-21,2013,32,1237,27420798,13621857,0.015897,0.76,82.87
1758300000000000007,1758290000000000005,1758280000000000004,2024-07-21,2211,56,1303,23497202,10627409,0.025328,0.98,120.25
1758300000000000001,1758290000000000001,1758280000000000001,2024-07-22,3803,26,2482,28458975,7483296,0.006837,0.1,12.49
1758300000000000002,1758290000000000001,1758280000000000001,2024-07-22,6172,62,4288,36106964,5850124,0.010045,0.24,24.93
1758300000000000003,1758290000000000002,1758280000000000002,2024-07-22,1487,44,1061,19033001,12799597,0.02959,1.18,146.86
1758300000000000004,1758290000000000003,1758280000000000002,2024-07-22,2841,44,1675,17861821,6287160,0.015488,1.11,107.13
1758300000000000005,1758290000000000004,1758280000000000003,2024-07-22,4192,37,2600,27671117,6600934,0.008826,0.29,22.63
1758300000000000006,1758290000000000005,1758280000000000004,2024-07-22,4138,59,3172,29804081,7202533,0.014258,1.04,145.21
1758300000000000007,1758290000000000005,1758280000000000004,2024-07-22,2507,46,1525,25538153,10186738,0.018349,1.06,49.95
1758300000000000001,1758290000000000001,1758280000000000001,2024-07-23,3329,29,2321,24217321,7274653,0.008711,0.08,6.51
1758300000000000003,1758290000000000002,1758280000000000002,2024-07-23,1319,32,793,14032634,10638843,0.024261,0.94,69.19
1758300000000000004,1758290000000000003,1758280000000000002,2024-07-23,1276,37,1009,13419153,10516578,0.028997,0.95,113.03
1758300000000000005,1758290000000000004,1758280000000000003,2024-07-23,3070,33,2021,20588841,6706463,0.010749,0.23,13.4
1758300000000000006,1758290000000000005,1758280000000000004,2024-07-23,1513,25,930,20981571,13867529,0.016523,0.58,65.43
1758300000000000007,1758290000000000005,1758280000000000004,2024-07-23,1495,32,987,20196110,13509104,0.021405,0.64,41.2
1758300000000000001,1758290000000000001,1758280000000000001,2024-07-24,2924,19,1802,21964403,7511766,0.006498,0.07,4.62
1758300000000000002,1758290000000000001,1758280000000000001,2024-07-24,5138,33,2872,29623309,5765533,0.006423,0.12,5.85
1758300000000000003,1758290000000000002,1758280000000000002,2024-07-24,2210,48,1565,15725100,7115430,0.021719,1.3,70.88
1758300000000000004,1758290000000000003,1758280000000000002,2024-07-24,2004,52,1297,13753592,6863070,0.025948,1.17,84.5
1758300000000000005,1758290000000000004,1758280000000000003,2024-07-24,2065,31,1558,22109019,10706547,0.015012,0.3,19.57
1758300000000000006,1758290000000000005,1758280000000000004,2024-07-24,3300,85,1998,23953511,7258640,0.025758,1.78,241.89
1758300000000000007,1758290000000000005,1758280000000000004,2024-07-24,1849,43,1248,20264528,10959723,0.023256,0.96,85.75
1758300000000000001,1758290000000000001,1758280000000000001,2024-07-25,4781,45,3521,29557786,6182344,0.009412,0.13,9.1
1758300000000000002,1758290000000000001,1758280000000000001,2024-07-25,3907,36,2378,27868187,7132886,0.009214,0.15,18.68
1758300000000000003,1758290000000000002,1758280000000000002,2024-07-25,2352,65,1700,18104935,7697676,0.027636,2.39,234.79
1758300000000000004,1758290000000000003,1758280000000000002,2024-07-25,1493,31,893,14709907,9852583,0.020764,0.77,73.83
1758300000000000005,1758290000000000004,1758280000000000003,2024-07-25,4542,61,3155,24611131,5418567,0.01343,0.5,69.12
1758300000000000006,1758290000000000005,1758280000000000004,2024-07-25,1856,46,1153,26643606,14355391,0.024784,0.99,46.93
1758300000000000007,1758290000000000005,1758280000000000004,2024-07-25,1820,35,1147,22578657,12405855,0.019231,0.83,112.99
1758300000000000001,1758290000000000001,1758280000000000001,2024-07-26,6770,45,4968,38875154,5742268,0.006647,0.23,25.29
1758300000000000002,1758290000000000001,1758280000000000001,2024-07-26,5354,58,3764,33283886,6216639,0.010833,0.19,11.04
1758300000000000003,1758290000000000002,1758280000000000002,2024-07-26,3092,59,1919,20857847,6745746,0.019082,2.09,274.87
1758300000000000004,1758290000000000003,1758280000000000002,2024-07-26,2095,60,1276,20375890,9725962,0.02864,2.07,212.05
1758300000000000005,1758290000000000004,1758280000000000003,2024-07-26,3177,54,2335,30925303,9734121,0.016997,0.69,67.83
1758300000000000006,1758290000000000005,1758280000000000004,2024-07-26,2586,48,1480,32132949,12425734,0.018561,0.83,115.64
1758300000000000007,1758290000000000005,1758280000000000004,2024-07-26,2663,56,1818,29717657,11159466,0.021029,1.36,186.71
1758300000000000001,1758290000000000001,1758280000000000001,2024-07-27,4992,27,3540,37668076,7545688,0.005409,0.08,3.3
1758300000000000002,1758290000000000001,1758280000000000001,2024-07-27,4719,24,3061,33605640,7121348,0.005086,0.08,6.81
1758300000000000003,1758290000000000002,1758280000000000002,2024-07-27,2619,48,2054,19342218,7385345,0.018328,1.51,134.65
1758300000000000004,1758290000000000003,1758280000000000002,2024-07-27,2234,44,1585,21385619,9572793,0.019696,1.04,124.51
1758300000000000005,1758290000000000004,1758280000000000003,2024-07-27,4835,46,3080,30545878,6317658,0.009514,0.45,44.15
1758300000000000006,1758290000000000005,1758280000000000004,2024-07-27,3634,81,2107,32165476,8851259,0.022289,2.25,182.69
1758300000000000007,1758290000000000005,1758280000000000004,2024-07-27,3403,88,2085,28926280,8500229,0.02586,2.35,112.57
1758300000000000001,1758290000000000001,1758280000000000001,2024-07-28,4888,35,3852,26975619,5518744,0.00716,0.15,16.76
1758300000000000002,1758290000000000001,1758280000000000001,2024-07-28,2948,23,1897,21681374,7354604,0.007802,0.07,5.24
1758300000000000004,1758290000000000003,1758280000000000002,2024-07-28,1782,47,1325,13688447,7681508,0.026375,1.45,63.71
1758300000000000005,1758290000000000004,1758280000000000003,2024-07-28,3556,36,2181,20852997,5864172,0.010124,0.35,48.77
1758300000000000006,1758290000000000005,1758280000000000004,2024-07-28,1637,26,1012,22940447,14013712,0.015883,0.48,24.76
1758300000000000007,1758290000000000005,1758280000000000004,2024-07-28,2235,48,1745,18765547,8396218,0.021477,1.04,57.88
1758300000000000001,1758290000000000001,1758280000000000001,2024-07-29,3766,25,2820,25439788,6755122,0.006638,0.12,10.58
1758300000000000002,1758290000000000001,1758280000000000001,2024-07-29,7681,53,4475,32267096,4200898,0.0069,0.25,27.87
1758300000000000003,1758290000000000002,1758280000000000002,2024-07-29,2345,46,1769,17697478,7546899,0.019616,1.43,143.64
1758300000000000004,1758290000000000003,1758280000000000002,2024-07-29,1363,29,757,15277885,11209013,0.021277,0.99,84.16
1758300000000000005,1758290000000000004,1758280000000000003,2024-07-29,3830,35,2187,24731522,6457316,0.009138,0.32,44.14
1758300000000000006,1758290000000000005,1758280000000000004,2024-07-29,1777,39,1313,20534952,11555966,0.021947,0.91,80.26
1758300000000000007,1758290000000000005,1758280000000000004,2024-07-29,3158,74,1860,28928092,9160257,0.023433,1.73,79.73
1758300000000000001,1758290000000000001,1758280000000000001,2024-07-30,4728,28,3424,29897471,6323492,0.005922,0.13,12.17
1758300000000000002,1758290000000000001,1758280000000000001,2024-07-30,5065,34,3569,33911741,6695309,0.006713,0.17,13.65
1758300000000000003,1758290000000000002,1758280000000000002,2024-07-30,2041,46,1518,20020950,9809383,0.022538,1.53,192.52
1758300000000000004,1758290000000000003,1758280000000000002,2024-07-30,2015,38,1253,16441457,8159532,0.018859,0.95,122.86
1758300000000000005,1758290000000000004,1758280000000000003,2024-07-30,2817,42,1729,27346805,9707776,0.014909,0.54,56.16
1758300000000000006,1758290000000000005,1758280000000000004,2024-07-30,2462,36,1877,26112961,10606402,0.014622,0.58,25.15
1758300000000000007,1758290000000000005,1758280000000000004,2024-07-30,2337,54,1759,28580649,12229632,0.023107,1.09,150.2
1758300000000000001,1758290000000000001,1758280000000000001,2024-07-31,3823,21,2961,22299873,5833082,0.005493,0.09,5.81
1758300000000000002,1758290000000000001,1758280000000000001,2024-07-31,4019,32,2831,24135843,6005435,0.007962,0.13,5.35
1758300000000000003,1758290000000000002,1758280000000000002,2024-07-31,1146,18,691,12120169,10576064,0.015707,0.53,57.59
1758300000000000004,1758290000000000003,1758280000000000002,2024-07-31,2027,53,1367,14414526,7111261,0.026147,1.59,164.72
1758300000000000007,1758290000000000005,1758280000000000004,2024-07-31,2265,47,1460,20762285,9166572,0.020751,1.21,120.51
1758300000000000001,1758290000000000001,1758280000000000001,2024-08-01,5227,33,3943,27503516,5261817,0.006313,0.15,16.65
1758300000000000002,1758290000000000001,1758280000000000001,2024-08-01,3403,36,2236,29225429,8588137,0.010579,0.11,11.97
1758300000000000003,1758290000000000002,1758280000000000002,2024-08-01,1743,29,1384,18430864,10574219,0.016638,1.04,48.96
1758300000000000004,1758290000000000003,1758280000000000002,2024-08-01,1890,50,1251,13985675,7399828,0.026455,1.73,193.13
1758300000000000005,1758290000000000004,1758280000000000003,2024-08-01,3605,50,2040,24312405,6744079,0.01387,0.4,39.06
1758300000000000006,1758290000000000005,1758280000000000004,2024-08-01,2712,45,1497,25091079,9251873,0.016593,0.92,39.1
1758300000000000007,1758290000000000005,1758280000000000004,2024-08-01,1989,50,1202,23533730,11831941,0.025138,1.3,140.72
1758300000000000001,1758290000000000001,1758280000000000001,2024-08-02,6793,56,4443,32719351,4816628,0.008244,0.18,13.04
1758300000000000002,1758290000000000001,1758280000000000001,2024-08-02,4827,42,2745,35466221,7347467,0.008701,0.19,7.72
1758300000000000003,1758290000000000002,1758280000000000002,2024-08-02,1673,35,978,16140518,9647650,0.020921,0.95,39.54
1758300000000000004,1758290000000000003,1758280000000000002,2024-08-02,3735,108,2963,22822666,6110486,0.028916,3.32,254.18
1758300000000000005,1758290000000000004,1758280000000000003,2024-08-02,3101,38,2143,29222388,9423537,0.012254,0.42,40.51
1758300000000000006,1758290000000000005,1758280000000000004,2024-08-02,3827,73,2648,27851121,7277534,0.019075,1.14,81.06
1758300000000000007,1758290000000000005,1758280000000000004,2024-08-02,2057,33,1417,30593655,14872948,0.016043,0.86,54.6
1758300000000000001,1758290000000000001,1758280000000000001,2024-08-03,5463,41,3200,30011246,5493547,0.007505,0.2,9.0
1758300000000000002,1758290000000000001,1758280000000000001,2024-08-03,7940,61,5201,33471631,4215571,0.007683,0.22,11.91
1758300000000000003,1758290000000000002,1758280000000000002,2024-08-03,2032,32,1280,15202551,7481570,0.015748,0.73,86.94
1758300000000000004,1758290000000000003,1758280000000000002,2024-08-03,1848,50,1138,21073379,11403344,0.027056,1.49,174.29
1758300000000000005,1758290000000000004,1758280000000000003,2024-08-03,3274,49,2539,27206947,8310002,0.014966,0.4,48.82
1758300000000000006,1758290000000000005,1758280000000000004,2024-08-03,1770,29,1031,23224576,13121229,0.016384,0.58,66.22
1758300000000000007,1758290000000000005,1758280000000000004,2024-08-03,3876,80,2242,31189318,8046780,0.02064,1.34,105.41
1758300000000000001,1758290000000000001,1758280000000000001,2024-08-04,5480,54,4021,43802473,7993152,0.009854,0.28,27.65
1758300000000000002,1758290000000000001,1758280000000000001,2024-08-04,8780,61,5380,41079293,4678735,0.006948,0.22,20.75
1758300000000000003,1758290000000000002,1758280000000000002,2024-08-04,3706,61,2292,25523157,6886982,0.01646,1.35,127.38
1758300000000000004,1758290000000000003,1758280000000000002,2024-08-04,2773,55,2159,22980709,8287309,0.019834,1.95,269.19
1758300000000000005,1758290000000000004,1758280000000000003,2024-08-04,4857,55,3631,36377900,7489788,0.011324,0.48,52.83
1758300000000000006,1758290000000000005,1758280000000000004,2024-08-04,3923,85,2555,41757404,10644253,0.021667,2.38,195.62
1758300000000000007,1758290000000000005,1758280000000000004,2024-08-04,4248,76,2585,30998396,7297174,0.017891,1.97,262.44
1758300000000000001,1758290000000000001,1758280000000000001,2024-08-05,5952,64,3659,27778630,4667109,0.010753,0.18,12.09
1758300000000000002,1758290000000000001,1758280000000000001,2024-08-05,4230,38,2653,23070002,5453901,0.008983,0.15,14.94
1758300000000000003,1758290000000000002,1758280000000000002,2024-08-05,2273,65,1547,14143155,6222242,0.028597,1.4,194.99
1758300000000000004,1758290000000000003,1758280000000000002,2024-08-05,1537,34,916,14913205,9702801,0.022121,0.76,57.12
1758300000000000005,1758290000000000004,1758280000000000003,2024-08-05,2027,20,1604,21792271,10750997,0.009867,0.24,23.91
1758300000000000006,1758290000000000005,1758280000000000004,2024-08-05,1889,46,1233,21432364,11345878,0.024352,1.06,90.92
1758300000000000007,1758290000000000005,1758280000000000004,2024-08-05,1663,28,1048,22152177,13320612,0.016837,0.51,41.95
1758300000000000001,1758290000000000001,1758280000000000001,2024-08-06,4799,42,3023,31765564,6619205,0.008752,0.12,7.53
1758300000000000002,1758290000000000001,1758280000000000001,2024-08-06,3394,20,2222,27441552,8085313,0.005893,0.08,9.35
1758300000000000003,1758290000000000002,1758280000000000002,2024-08-06,1478,23,814,16680345,11285754,0.015562,0.67,71.98
1758300000000000004,1758290000000000003,1758280000000000002,2024-08-06,2233,62,1487,17152293,7681278,0.027765,1.44,190.21
1758300000000000005,1758290000000000004,1758280000000000003,2024-08-06,2441,36,1628,25374478,10395116,0.014748,0.35,14.03
1758300000000000006,1758290000000000005,1758280000000000004,2024-08-06,2025,33,1272,25003037,12347179,0.016296,0.73,51.83
1758300000000000007,1758290000000000005,1758280000000000004,2024-08-06,2237,56,1622,25745919,11509128,0.025034,1.32,100.87
1758300000000000001,1758290000000000001,1758280000000000001,2024-08-07,3993,22,2290,29229267,7320127,0.00551,0.11,7.11
1758300000000000002,1758290000000000001,1758280000000000001,2024-08-07,2897,33,1700,25003805,8630930,0.011391,0.1,10.21
1758300000000000003,1758290000000000002,1758280000000000002,2024-08-07,2199,48,1294,16385407,7451299,0.021828,1.3,171.85
1758300000000000004,1758290000000000003,1758280000000000002,2024-08-07,1636,31,985,14604919,8927212,0.018949,0.85,41.17
1758300000000000005,1758290000000000004,1758280000000000003,2024-08-07,4336,42,3111,23242745,5360412,0.009686,0.38,37.3
1758300000000000006,1758290000000000005,1758280000000000004,2024-08-07,2451,54,1841,22563661,9205900,0.022032,0.92,80.8
1758300000000000007,1758290000000000005,1758280000000000004,2024-08-07,2692,53,1630,23921829,8886266,0.019688,0.89,114.11
1758300000000000001,1758290000000000001,1758280000000000001,2024-08-08,3319,24,2599,28815037,8681843,0.007231,0.1,13.24
1758300000000000002,1758290000000000001,1758280000000000001,2024-08-08,2592,27,1732,19407756,7487560,0.010417,0.08,4.2
1758300000000000003,1758290000000000002,1758280000000000002,2024-08-08,1197,27,720,12515993,10456135,0.022556,0.72,41.56
1758300000000000004,1758290000000000003,1758280000000000002,2024-08-08,1580,39,929,15039888,9518916,0.024684,0.89,102.54
1758300000000000005,1758290000000000004,1758280000000000003,2024-08-08,2635,32,2098,20666911,7843230,0.012144,0.41,43.11
1758300000000000006,1758290000000000005,1758280000000000004,2024-08-08,2191,36,1335,21300228,9721692,0.016431,1.0,125.78
1758300000000000007,1758290000000000005,1758280000000000004,2024-08-08,1903,32,1418,20033594,10527375,0.016816,0.9,39.34
1758300000000000001,1758290000000000001,1758280000000000001,2024-08-09,2767,30,1582,22636617,8180924,0.010842,0.1,4.43
1758300000000000002,1758290000000000001,1758280000000000001,2024-08-09,3607,31,2401,23122685,6410503,0.008594,0.16,9.98
1758300000000000003,1758290000000000002,1758280000000000002,2024-08-09,906,16,503,11758670,12978664,0.01766,0.49,37.38
1758300000000000004,1758290000000000003,1758280000000000002,2024-08-09,1581,47,1005,14389502,9101519,0.029728,1.75,150.25
1758300000000000005,1758290000000000004,1758280000000000003,2024-08-09,1977,21,1205,19611129,9919640,0.010622,0.2,22.85
1758300000000000006,1758290000000000005,1758280000000000004,2024-08-09,1623,33,933,17454340,10754368,0.020333,0.54,26.88
1758300000000000007,1758290000000000005,1758280000000000004,2024-08-09,1454,22,1008,21767919,14971058,0.015131,0.46,43.64
1758300000000000001,1758290000000000001,1758280000000000001,2024-08-10,3296,30,1821,26397200,8008859,0.009102,0.09,6.89
1758300000000000002,1758290000000000001,1758280000000000001,2024-08-10,5350,43,3617,29817044,5573279,0.008037,0.17,17.78
1758300000000000003,1758290000000000002,1758280000000000002,2024-08-10,2287,34,1442,17915109,7833454,0.014867,0.79,73.55
1758300000000000004,1758290000000000003,1758280000000000002,2024-08-10,2037,61,1628,14207316,6974627,0.029946,2.25,272.46
1758300000000000005,1758290000000000004,1758280000000000003,2024-08-10,3161,32,1958,24091819,7621581,0.010123,0.38,40.76
1758300000000000006,1758290000000000005,1758280000000000004,2024-08-10,3098,73,2220,23680189,7643702,0.023564,1.59,110.9
1758300000000000007,1758290000000000005,1758280000000000004,2024-08-10,1681,38,1002,24503448,14576709,0.022606,0.86,79.08
1758300000000000002,1758290000000000001,1758280000000000001,2024-08-11,3376,30,1885,21103525,6251044,0.008886,0.1,12.22
1758300000000000003,1758290000000000002,1758280000000000002,2024-08-11,1047,18,788,11512445,10995649,0.017192,0.4,34.95
1758300000000000004,1758290000000000003,1758280000000000002,2024-08-11,984,28,661,12542288,12746228,0.028455,0.6,33.17
1758300000000000005,1758290000000000004,1758280000000000003,2024-08-11,2168,33,1547,18041050,8321518,0.015221,0.41,33.8
1758300000000000006,1758290000000000005,1758280000000000004,2024-08-11,1424,31,794,16427213,11535964,0.02177,0.81,99.08
1758300000000000007,1758290000000000005,1758280000000000004,2024-08-11,2038,51,1401,19654886,9644203,0.025025,1.22,98.05
1758300000000000001,1758290000000000001,1758280000000000001,2024-08-12,3600,36,2498,27127522,7535423,0.01,0.14,16.11
1758300000000000002,1758290000000000001,1758280000000000001,2024-08-12,2830,32,1738,23758894,8395369,0.011307,0.13,14.35
1758300000000000003,1758290000000000002,1758280000000000002,2024-08-12,1163,18,801,14082484,12108757,0.015477,0.69,66.94
1758300000000000004,1758290000000000003,1758280000000000002,2024-08-12,1298,25,937,14995468,11552749,0.01926,0.97,65.0
1758300000000000005,1758290000000000004,1758280000000000003,2024-08-12,4057,40,2637,21808464,5375515,0.00986,0.41,47.99
1758300000000000006,1758290000000000005,1758280000000000004,2024-08-12,2777,72,2202,24425995,8795821,0.025927,2.02,177.54
1758300000000000007,1758290000000000005,1758280000000000004,2024-08-12,1761,46,1150,19190933,10897747,0.026122,1.22,154.04
1758300000000000001,1758290000000000001,1758280000000000001,2024-08-13,6041,64,3517,32598524,5396213,0.010594,0.22,11.71
1758300000000000002,1758290000000000001,1758280000000000001,2024-08-13,3378,17,2223,28860374,8543628,0.005033,0.09,5.02
1758300000000000003,1758290000000000002,1758280000000000002,2024-08-13,2139,45,1435,19894257,9300728,0.021038,1.65,180.62
1758300000000000004,1758290000000000003,1758280000000000002,2024-08-13,1470,42,929,15225113,10357220,0.028571,1.04,132.35
1758300000000000005,1758290000000000004,1758280000000000003,2024-08-13,3213,39,2190,26339528,8197799,0.012138,0.36,21.12
1758300000000000006,1758290000000000005,1758280000000000004,2024-08-13,1890,30,1115,27676943,14643885,0.015873,0.8,104.82
1758300000000000007,1758290000000000005,1758280000000000004,2024-08-13,2581,44,1598,25002113,9686987,0.017048,0.78,62.39
1758300000000000001,1758290000000000001,1758280000000000001,2024-08-14,6396,63,4507,26458114,4136666,0.00985,0.32,15.01
1758300000000000002,1758290000000000001,1758280000000000001,2024-08-14,3548,30,2605,26154044,7371489,0.008455,0.1,10.94
1758300000000000003,1758290000000000002,1758280000000000002,2024-08-14,1409,37,1069,15499724,11000514,0.02626,1.17,126.23
1758300000000000004,1758290000000000003,1758280000000000002,2024-08-14,2383,37,1713,14564366,6111778,0.015527,0.78,40.98
1758300000000000005,1758290000000000004,1758280000000000003,2024-08-14,4007,38,2252,22548068,5627169,0.009483,0.36,27.19
1758300000000000006,1758290000000000005,1758280000000000004,2024-08-14,2090,38,1591,22464781,10748699,0.018182,0.6,56.82
1758300000000000007,1758290000000000005,1758280000000000004,2024-08-14,2086,33,1306,22631354,10849163,0.01582,0.62,51.58
1758300000000000001,1758290000000000001,1758280000000000001,2024-08-15,2445,13,1636,21552307,8814849,0.005317,0.04,5.52
1758300000000000003,1758290000000000002,1758280000000000002,2024-08-15,1715,47,1271,13058570,7614327,0.027405,1.4,194.29
1758300000000000004,1758290000000000003,1758280000000000002,2024-08-15,1932,43,1290,17403624,9008087,0.022257,1.44,85.32
1758300000000000005,1758290000000000004,1758280000000000003,2024-08-15,2614,37,1857,22846646,8740109,0.014155,0.34,28.46
1758300000000000007,1758290000000000005,1758280000000000004,2024-08-15,2900,65,2308,24380597,8407102,0.022414,1.13,94.73
1758300000000000001,1758290000000000001,1758280000000000001,2024-08-16,5888,50,4263,31652810,5375817,0.008492,0.24,32.9
1758300000000000002,1758290000000000001,1758280000000000001,2024-08-16,3080,34,1757,26816448,8706639,0.011039,0.17,10.32
1758300000000000003,1758290000000000002,1758280000000000002,2024-08-16,1617,45,1005,16768578,10370178,0.027829,1.69,191.44
1758300000000000004,1758290000000000003,1758280000000000002,2024-08-16,2137,42,1519,16642427,7787752,0.019654,1.2,126.06
1758300000000000005,1758290000000000004,1758280000000000003,2024-08-16,2678,24,1958,25058254,9357078,0.008962,0.19,12.94
1758300000000000006,1758290000000000005,1758280000000000004,2024-08-16,2526,48,1973,26360374,10435619,0.019002,1.2,111.03
1758300000000000007,1758290000000000005,1758280000000000004,2024-08-16,2023,51,1322,23756133,11743022,0.02521,1.41,179.39
1758300000000000001,1758290000000000001,1758280000000000001,2024-08-17,6483,61,4250,27855982,4296773,0.009409,0.24,32.65
1758300000000000002,1758290000000000001,1758280000000000001,2024-08-17,3528,26,2801,25103495,7115503,0.00737,0.09,11.43
1758300000000000003,1758290000000000002,1758280000000000002,2024-08-17,1984,42,1507,14813828,7466647,0.021169,1.22,106.69
1758300000000000004,1758290000000000003,1758280000000000002,2024-08-17,1393,40,775,15448731,11090259,0.028715,0.85,98.18
1758300000000000005,1758290000000000004,1758280000000000003,2024-08-17,2570,46,1828,22696919,8831486,0.017899,0.56,30.6
1758300000000000006,1758290000000000005,1758280000000000004,2024-08-17,2356,61,1387,23927236,10155873,0.025891,0.99,71.85
1758300000000000007,1758290000000000005,1758280000000000004,2024-08-17,2175,34,1703,21466602,9869702,0.015632,0.97,80.05
1758300000000000001,1758290000000000001,1758280000000000001,2024-08-18,5030,43,3610,29091638,5783626,0.008549,0.16,9.6
1758300000000000002,1758290000000000001,1758280000000000001,2024-08-18,5493,56,4189,29677397,5402767,0.010195,0.2,10.82
1758300000000000003,1758290000000000002,1758280000000000002,2024-08-18,1913,50,1294,17632937,9217427,0.026137,1.51,99.82
1758300000000000004,1758290000000000003,1758280000000000002,2024-08-18,1687,28,1006,15949369,9454279,0.016598,0.78,70.84
1758300000000000005,1758290000000000004,1758280000000000003,2024-08-18,3880,41,2742,25186729,6491425,0.010567,0.44,50.62
1758300000000000006,1758290000000000005,1758280000000000004,2024-08-18,2819,41,1763,21859997,7754522,0.014544,0.98,112.91
1758300000000000007,1758290000000000005,1758280000000000004,2024-08-18,3193,78,2071,28513461,8929991,0.024428,2.23,264.93
1758300000000000001,1758290000000000001,1758280000000000001,2024-08-19,3220,18,2572,24524254,7616228,0.00559,0.05,3.49
1758300000000000002,1758290000000000001,1758280000000000001,2024-08-19,3720,43,2855,24445729,6571433,0.011559,0.15,13.56
1758300000000000003,1758290000000000002,1758280000000000002,2024-08-19,1027,30,596,12652371,12319738,0.029211,0.94,128.92
1758300000000000004,1758290000000000003,1758280000000000002,2024-08-19,1378,24,869,15330477,11125165,0.017417,0.59,35.21
1758300000000000005,1758290000000000004,1758280000000000003,2024-08-19,4001,44,2475,20987136,5245473,0.010997,0.44,40.04
1758300000000000006,1758290000000000005,1758280000000000004,2024-08-19,2018,30,1464,19542173,9683931,0.014866,0.61,80.46
1758300000000000007,1758290000000000005,1758280000000000004,2024-08-19,1628,37,1114,22432099,13778931,0.022727,0.68,54.86
1758300000000000001,1758290000000000001,1758280000000000001,2024-08-20,9348,66,5667,37749930,4038289,0.00706,0.23,20.14
1758300000000000002,1758290000000000001,1758280000000000001,2024-08-20,4289,24,2486,36994347,8625401,0.005596,0.07,8.49
1758300000000000003,1758290000000000002,1758280000000000002,2024-08-20,2269,39,1486,22401926,9873039,0.017188,0.97,72.73
1758300000000000004,1758290000000000003,1758280000000000002,2024-08-20,3011,57,2266,20309089,6744965,0.018931,1.86,219.88
1758300000000000005,1758290000000000004,1758280000000000003,2024-08-20,5560,95,4315,32033261,5761378,0.017086,1.04,50.85
1758300000000000006,1758290000000000005,1758280000000000004,2024-08-20,2498,42,1739,31468434,12597452,0.016813,0.81,79.13
1758300000000000007,1758290000000000005,1758280000000000004,2024-08-20,2714,64,2051,32598088,12011086,0.023581,1.32,92.9
1758300000000000001,1758290000000000001,1758280000000000001,2024-08-21,4932,57,3900,26904879,5455166,0.011557,0.23,19.13
1758300000000000002,1758290000000000001,1758280000000000001,2024-08-21,4467,26,2465,31519371,7056049,0.00582,0.12,14.64
1758300000000000003,1758290000000000002,1758280000000000002,2024-08-21,2183,59,1540,16720671,7659492,0.027027,2.0,258.26
1758300000000000004,1758290000000000003,1758280000000000002,2024-08-21,1393,27,1006,16664615,11963112,0.019383,1.01,114.95
1758300000000000005,1758290000000000004,1758280000000000003,2024-08-21,3793,47,2155,25038964,6601361,0.012391,0.43,31.31
1758300000000000006,1758290000000000005,1758280000000000004,2024-08-21,1925,47,1335,22278652,11573326,0.024416,1.02,98.02
1758300000000000007,1758290000000000005,1758280000000000004,2024-08-21,1943,38,1553,27799276,14307399,0.019557,1.04,85.57
1758300000000000001,1758290000000000001,1758280000000000001,2024-08-22,4761,52,3236,35454492,7446858,0.010922,0.26,35.32
1758300000000000002,1758290000000000001,1758280000000000001,2024-08-22,3556,38,1968,28343346,7970570,0.010686,0.11,5.46
1758300000000000003,1758290000000000002,1758280000000000002,2024-08-22,1523,31,847,19266144,12650127,0.020355,0.95,43.72
1758300000000000004,1758290000000000003,1758280000000000002,2024-08-22,1563,31,1090,17189764,10997930,0.019834,0.87,65.35
1758300000000000005,1758290000000000004,1758280000000000003,2024-08-22,2778,32,1960,27341931,9842308,0.011519,0.24,16.52
1758300000000000006,1758290000000000005,1758280000000000004,2024-08-22,2597,55,1881,28593211,11010093,0.021178,1.52,73.9
1758300000000000007,1758290000000000005,1758280000000000004,2024-08-22,2573,44,1781,26090651,10140168,0.017101,0.94,44.02
1758300000000000001,1758290000000000001,1758280000000000001,2024-08-23,5266,39,3162,35654069,6770617,0.007406,0.16,16.66
1758300000000000002,1758290000000000001,1758280000000000001,2024-08-23,4361,26,3464,32949236,7555431,0.005962,0.12,10.8
1758300000000000003,1758290000000000002,1758280000000000002,2024-08-23,2122,54,1482,17106738,8061611,0.025448,1.88,189.36
1758300000000000004,1758290000000000003,1758280000000000002,2024-08-23,3275,73,2046,22095151,6746611,0.02229,1.77,159.83
1758300000000000005,1758290000000000004,1758280000000000003,2024-08-23,3302,54,2179,29401416,8904124,0.016354,0.51,65.02
1758300000000000006,1758290000000000005,1758280000000000004,2024-08-23,1979,47,1202,25304782,12786651,0.023749,1.22,116.79
1758300000000000007,1758290000000000005,1758280000000000004,2024-08-23,4216,95,2641,33498050,7945458,0.022533,1.61,154.64
1758300000000000001,1758290000000000001,1758280000000000001,2024-08-24,5199,48,3077,33806555,6502511,0.009233,0.2,11.85
1758300000000000002,1758290000000000001,1758280000000000001,2024-08-24,7933,45,4750,32370694,4080511,0.005673,0.14,9.94
1758300000000000003,1758290000000000002,1758280000000000002,2024-08-24,1629,35,1239,18224200,11187354,0.021486,0.99,137.06
1758300000000000004,1758290000000000003,1758280000000000002,2024-08-24,1635,25,1230,19591370,11982489,0.015291,0.73,90.99
1758300000000000005,1758290000000000004,1758280000000000003,2024-08-24,3122,42,2204,28361678,9084458,0.013453,0.43,30.08
1758300000000000006,1758290000000000005,1758280000000000004,2024-08-24,1894,43,1323,27267301,14396674,0.022703,1.12,121.3
1758300000000000007,1758290000000000005,1758280000000000004,2024-08-24,2227,31,1275,29456055,13226787,0.01392,0.78,107.41
1758300000000000001,1758290000000000001,1758280000000000001,2024-08-25,4410,25,2953,31028222,7035878,0.005669,0.1,8.97
1758300000000000002,1758290000000000001,1758280000000000001,2024-08-25,3492,39,2448,28792292,8245215,0.011168,0.18,16.71
1758300000000000003,1758290000000000002,1758280000000000002,2024-08-25,1344,22,994,15550210,11570097,0.016369,0.69,53.37
1758300000000000004,1758290000000000003,1758280000000000002,2024-08-25,1677,27,1174,18632940,11110877,0.0161,0.73,38.28
1758300000000000005,1758290000000000004,1758280000000000003,2024-08-25,3040,35,2001,25637363,8433343,0.011513,0.4,46.83
1758300000000000006,1758290000000000005,1758280000000000004,2024-08-25,1939,34,1515,27388348,14124986,0.017535,0.66,43.62
1758300000000000007,1758290000000000005,1758280000000000004,2024-08-25,2523,54,1505,23886379,9467451,0.021403,1.31,108.02
1758300000000000001,1758290000000000001,1758280000000000001,2024-08-26,4905,34,3446,24624293,5020243,0.006932,0.12,14.9
1758300000000000002,1758290000000000001,1758280000000000001,2024-08-26,5623,57,3733,35316329,6280692,0.010137,0.28,21.26
1758300000000000003,1758290000000000002,1758280000000000002,2024-08-26,1303,20,839,16389675,12578415,0.015349,0.74,99.79
1758300000000000004,1758290000000000003,1758280000000000002,2024-08-26,1475,32,1097,17862109,12109904,0.021695,0.92,125.6
1758300000000000005,1758290000000000004,1758280000000000003,2024-08-26,2589,23,1807,25688838,9922301,0.008884,0.27,36.12
1758300000000000006,1758290000000000005,1758280000000000004,2024-08-26,1885,40,1394,25064006,13296555,0.02122,0.83,95.2
1758300000000000007,1758290000000000005,1758280000000000004,2024-08-26,3407,63,1878,26313669,7723413,0.018491,1.06,131.62
1758300000000000001,1758290000000000001,1758280000000000001,2024-08-27,3445,38,2110,21468180,6231692,0.01103,0.15,7.37
1758300000000000002,1758290000000000001,1758280000000000001,2024-08-27,6593,66,5143,31337610,4753164,0.010011,0.34,27.02
1758300000000000003,1758290000000000002,1758280000000000002,2024-08-27,2268,46,1551,15925015,7021612,0.020282,1.63,150.91
1758300000000000004,1758290000000000003,1758280000000000002,2024-08-27,1350,21,895,14249722,10555350,0.015556,0.66,59.59
1758300000000000005,1758290000000000004,1758280000000000003,2024-08-27,2747,24,2086,22631053,8238461,0.008737,0.26,20.12
1758300000000000006,1758290000000000005,1758280000000000004,2024-08-27,2215,40,1269,22182010,10014451,0.018059,0.64,87.26
1758300000000000007,1758290000000000005,1758280000000000004,2024-08-27,2934,75,1853,23080096,7866427,0.025562,1.74,232.59
1758300000000000001,1758290000000000001,1758280000000000001,2024-08-28,3577,37,2599,29052908,8122144,0.010344,0.18,15.04
1758300000000000002,1758290000000000001,1758280000000000001,2024-08-28,3618,33,2013,32409528,8957857,0.009121,0.13,16.17
1758300000000000003,1758290000000000002,1758280000000000002,2024-08-28,2449,62,1927,17883552,7302390,0.025316,1.43,96.94
1758300000000000005,1758290000000000004,1758280000000000003,2024-08-28,2974,44,2303,26341044,8857110,0.014795,0.39,35.82
1758300000000000007,1758290000000000005,1758280000000000004,2024-08-28,2219,30,1354,22195133,10002313,0.01352,0.85,68.33
1758300000000000001,1758290000000000001,1758280000000000001,2024-08-29,7315,43,4303,29325475,4008951,0.005878,0.18,23.97
1758300000000000002,1758290000000000001,1758280000000000001,2024-08-29,5236,28,4114,28929155,5525049,0.005348,0.12,9.39
1758300000000000003,1758290000000000002,1758280000000000002,2024-08-29,1365,30,1079,16636296,12187763,0.021978,1.1,61.66
1758300000000000004,1758290000000000003,1758280000000000002,2024-08-29,1845,28,1120,16652064,9025509,0.015176,1.0,62.14
1758300000000000005,1758290000000000004,1758280000000000003,2024-08-29,3285,41,2524,24966270,7600082,0.012481,0.51,36.9
1758300000000000006,1758290000000000005,1758280000000000004,2024-08-29,2047,38,1185,24895525,12161957,0.018564,1.07,57.71
1758300000000000007,1758290000000000005,1758280000000000004,2024-08-29,3383,60,2676,25037015,7400832,0.017736,1.16,53.17
1758300000000000001,1758290000000000001,1758280000000000001,2024-08-30,4515,44,3247,31623091,7004007,0.009745,0.13,12.84
1758300000000000002,1758290000000000001,1758280000000000001,2024-08-30,4038,21,2708,29734998,7363793,0.005201,0.09,12.39
1758300000000000003,1758290000000000002,1758280000000000002,2024-08-30,2118,58,1494,19092983,9014628,0.027384,2.18,146.41
1758300000000000005,1758290000000000004,1758280000000000003,2024-08-30,4273,50,3018,26296324,6154066,0.011701,0.46,37.76
1758300000000000006,1758290000000000005,1758280000000000004,2024-08-30,2801,41,2049,29077372,10381068,0.014638,0.64,71.89
1758300000000000007,1758290000000000005,1758280000000000004,2024-08-30,2003,33,1465,23515276,11740028,0.016475,0.71,88.91
1758300000000000002,1758290000000000001,1758280000000000001,2024-08-31,3597,25,2116,31380940,8724198,0.00695,0.07,3.24
1758300000000000003,1758290000000000002,1758280000000000002,2024-08-31,2355,66,1880,15034229,6383961,0.028025,1.62,68.8
1758300000000000004,1758290000000000003,1758280000000000002,2024-08-31,1635,31,1020,18587600,11368563,0.01896,1.12,114.62
1758300000000000005,1758290000000000004,1758280000000000003,2024-08-31,4557,61,2704,25216372,5533547,0.013386,0.64,53.12
1758300000000000006,1758290000000000005,1758280000000000004,2024-08-31,3423,64,2064,24807364,7247258,0.018697,1.04,125.52
1758300000000000007,1758290000000000005,1758280000000000004,2024-08-31,1736,35,1007,25625380,14761164,0.020161,0.9,119.32
1758300000000000001,1758290000000000001,1758280000000000001,2024-09-01,5173,49,3391,32858716,6351965,0.009472,0.18,15.58
1758300000000000002,1758290000000000001,1758280000000000001,2024-09-01,4116,37,3285,24356489,5917514,0.008989,0.12,8.86
1758300000000000003,1758290000000000002,1758280000000000002,2024-09-01,1544,27,973,17360606,11243916,0.017487,0.64,83.32
1758300000000000004,1758290000000000003,1758280000000000002,2024-09-01,1310,30,741,15333797,11705189,0.022901,1.17,158.82
1758300000000000006,1758290000000000005,1758280000000000004,2024-09-01,2747,42,1761,25230798,9184855,0.015289,1.15,119.34
1758300000000000007,1758290000000000005,1758280000000000004,2024-09-01,1618,31,1075,23810806,14716197,0.019159,0.86,59.0
1758300000000000001,1758290000000000001,1758280000000000001,2024-09-02,5031,51,3914,30820445,6126107,0.010137,0.21,28.09
1758300000000000002,1758290000000000001,1758280000000000001,2024-09-02,4706,52,3424,35311529,7503512,0.01105,0.23,14.3
1758300000000000003,1758290000000000002,1758280000000000002,2024-09-02,1904,52,1262,19426603,10203048,0.027311,1.52,150.23
1758300000000000004,1758290000000000003,1758280000000000002,2024-09-02,1854,29,1122,18363097,9904583,0.015642,0.92,95.92
1758300000000000006,1758290000000000005,1758280000000000004,2024-09-02,3778,83,2936,30487016,8069618,0.021969,1.84,248.52
1758300000000000007,1758290000000000005,1758280000000000004,2024-09-02,2624,56,1568,26197534,9983816,0.021341,1.31,163.44
1758300000000000001,1758290000000000001,1758280000000000001,2024-09-03,9419,50,5898,39778202,4223187,0.005308,0.14,15.09
1758300000000000002,1758290000000000001,1758280000000000001,2024-09-03,6011,43,3698,40775618,6783500,0.007154,0.13,12.77
1758300000000000003,1758290000000000002,1758280000000000002,2024-09-03,2196,47,1292,19985054,9100662,0.021403,1.43,108.78
1758300000000000004,1758290000000000003,1758280000000000002,2024-09-03,3963,77,2271,26045700,6572218,0.01943,2.15,195.59
1758300000000000005,1758290000000000004,1758280000000000003,2024-09-03,4374,46,3008,34523066,7892791,0.010517,0.59,72.79
1758300000000000006,1758290000000000005,1758280000000000004,2024-09-03,2287,49,1400,29651847,12965390,0.021425,1.18,83.26
1758300000000000007,1758290000000000005,1758280000000000004,2024-09-03,3778,58,2543,39394285,10427286,0.015352,1.28,92.38
1758300000000000001,1758290000000000001,1758280000000000001,2024-09-04,4018,26,3044,35645788,8871525,0.006471,0.13,16.58
1758300000000000002,1758290000000000001,1758280000000000001,2024-09-04,7526,75,4781,36620370,4865848,0.009965,0.36,49.02
1758300000000000003,1758290000000000002,1758280000000000002,2024-09-04,2928,74,1865,18995199,6487431,0.025273,1.66,201.63
1758300000000000004,1758290000000000003,1758280000000000002,2024-09-04,2214,36,1274,22299748,10072154,0.01626,1.24,171.69
1758300000000000005,1758290000000000004,1758280000000000003,2024-09-04,3124,36,1759,30971211,9913960,0.011524,0.36,37.59
1758300000000000006,1758290000000000005,1758280000000000004,2024-09-04,4279,63,2599,30409716,7106734,0.014723,1.47,145.79
1758300000000000007,1758290000000000005,1758280000000000004,2024-09-04,2396,58,1345,31532705,13160561,0.024207,1.24,70.64
1758300000000000001,1758290000000000001,1758280000000000001,2024-09-05,6448,55,5062,44730629,6937132,0.00853,0.22,20.9
1758300000000000002,1758290000000000001,1758280000000000001,2024-09-05,4673,46,2796,34827931,7453013,0.009844,0.19,11.02
1758300000000000003,1758290000000000002,1758280000000000002,2024-09-05,3319,74,2398,23427138,7058493,0.022296,2.03,151.48
1758300000000000004,1758290000000000003,1758280000000000002,2024-09-05,3013,50,1817,22034896,7313274,0.016595,1.7,89.07
1758300000000000005,1758290000000000004,1758280000000000003,2024-09-05,6290,78,3710,34096526,5420751,0.012401,0.88,58.91
1758300000000000006,1758290000000000005,1758280000000000004,2024-09-05,2936,69,2166,36056688,12280888,0.023501,1.29,110.64
1758300000000000007,1758290000000000005,1758280000000000004,2024-09-05,3502,49,2749,32136364,9176575,0.013992,0.96,70.24
1758300000000000001,1758290000000000001,1758280000000000001,2024-09-06,6022,71,3327,43632531,7245522,0.01179,0.28,31.65
1758300000000000002,1758290000000000001,1758280000000000001,2024-09-06,7023,58,4352,36684466,5223475,0.008259,0.17,13.96
1758300000000000003,1758290000000000002,1758280000000000002,2024-09-06,2437,61,1557,20792380,8531957,0.025031,1.54,138.99
1758300000000000004,1758290000000000003,1758280000000000002,2024-09-06,2453,55,1482,25103047,10233611,0.022422,1.96,185.42
1758300000000000005,1758290000000000004,1758280000000000003,2024-09-06,5095,61,2826,34421570,6755951,0.011973,0.56,47.19
1758300000000000006,1758290000000000005,1758280000000000004,2024-09-06,3517,66,2610,34472003,9801536,0.018766,1.68,77.8
1758300000000000007,1758290000000000005,1758280000000000004,2024-09-06,2548,51,1668,34371138,13489458,0.020016,0.93,55.33
1758300000000000001,1758290000000000001,1758280000000000001,2024-09-07,5512,45,3931,38367824,6960781,0.008164,0.13,13.63
1758300000000000002,1758290000000000001,1758280000000000001,2024-09-07,6836,47,3992,38723365,5664623,0.006875,0.2,23.71
1758300000000000003,1758290000000000002,1758280000000000002,2024-09-07,3366,89,2550,22066246,6555629,0.026441,2.91,257.67
1758300000000000004,1758290000000000003,1758280000000000002,2024-09-07,3659,84,2069,21985862,6008708,0.022957,3.09,243.44
1758300000000000005,1758290000000000004,1758280000000000003,2024-09-07,5246,80,3958,33039081,6297957,0.01525,0.87,108.32
1758300000000000006,1758290000000000005,1758280000000000004,2024-09-07,4018,95,3001,36609885,9111470,0.023644,1.94,98.25
1758300000000000007,1758290000000000005,1758280000000000004,2024-09-07,2891,74,1933,29468277,10193109,0.025597,1.81,201.42
1758300000000000001,1758290000000000001,1758280000000000001,2024-09-08,5199,58,3017,46246252,8895221,0.011156,0.28,23.13
1758300000000000002,1758290000000000001,1758280000000000001,2024-09-08,10805,61,6098,46031062,4260163,0.005646,0.31,29.03
1758300000000000004,1758290000000000003,1758280000000000002,2024-09-08,3420,86,2721,28704862,8393235,0.025146,3.32,159.11
1758300000000000005,1758290000000000004,1758280000000000003,2024-09-08,3966,57,2479,39547420,9971614,0.014372,0.49,27.74
1758300000000000006,1758290000000000005,1758280000000000004,2024-09-08,2803,71,1576,39658176,14148475,0.02533,1.8,249.7
1758300000000000007,1758290000000000005,1758280000000000004,2024-09-08,3343,56,2276,39436665,11796789,0.016751,1.5,65.84
1758300000000000001,1758290000000000001,1758280000000000001,2024-09-09,5507,63,3124,46706248,8481251,0.01144,0.18,23.14
1758300000000000002,1758290000000000001,1758280000000000001,2024-09-09,5867,62,3768,45148086,7695259,0.010568,0.25,17.86
1758300000000000003,1758290000000000002,1758280000000000002,2024-09-09,1990,53,1133,25789242,12959418,0.026633,1.35,61.79
1758300000000000004,1758290000000000003,1758280000000000002,2024-09-09,4030,68,2429,26698949,6625049,0.016873,2.28,184.18
1758300000000000005,1758290000000000004,1758280000000000003,2024-09-09,6498,52,4020,39366143,6058194,0.008002,0.59,57.34
1758300000000000006,1758290000000000005,1758280000000000004,2024-09-09,2372,42,1642,34558321,14569275,0.017707,1.01,80.46
1758300000000000007,1758290000000000005,1758280000000000004,2024-09-09,4317,68,3200,44173965,10232561,0.015752,1.85,202.74
1758300000000000001,1758290000000000001,1758280000000000001,2024-09-10,6916,77,5135,43358286,6269272,0.011134,0.32,19.72
1758300000000000002,1758290000000000001,1758280000000000001,2024-09-10,4777,36,3368,38011490,7957189,0.007536,0.12,6.85
1758300000000000003,1758290000000000002,1758280000000000002,2024-09-10,3254,60,1958,23197834,7129021,0.018439,2.05,275.7
1758300000000000004,1758290000000000003,1758280000000000002,2024-09-10,3029,50,2126,23299181,7692037,0.016507,1.67,143.11
1758300000000000005,1758290000000000004,1758280000000000003,2024-09-10,5350,79,4228,34872761,6518273,0.014766,0.67,36.4
1758300000000000006,1758290000000000005,1758280000000000004,2024-09-10,3364,66,1914,38041449,11308397,0.01962,1.36,185.63
1758300000000000007,1758290000000000005,1758280000000000004,2024-09-10,2373,45,1422,31704073,13360334,0.018963,0.85,82.72
1758300000000000001,1758290000000000001,1758280000000000001,2024-09-11,9656,59,6615,40134104,4156390,0.00611,0.26,21.67
1758300000000000002,1758290000000000001,1758280000000000001,2024-09-11,11217,69,8716,52096324,4644408,0.006151,0.34,34.21
1758300000000000003,1758290000000000002,1758280000000000002,2024-09-11,4478,112,2833,29217649,6524709,0.025011,3.29,218.71
1758300000000000004,1758290000000000003,1758280000000000002,2024-09-11,2821,59,1952,23485453,8325223,0.020915,2.03,112.39
1758300000000000005,1758290000000000004,1758280000000000003,2024-09-11,5170,87,3529,39527326,7645518,0.016828,0.72,100.75
1758300000000000006,1758290000000000005,1758280000000000004,2024-09-11,5807,132,3209,42328047,7289142,0.022731,3.09,414.5
1758300000000000007,1758290000000000005,1758280000000000004,2024-09-11,2606,62,1985,36726605,14093095,0.023791,1.06,121.8
1758300000000000001,1758290000000000001,1758280000000000001,2024-09-12,10572,84,7776,46489684,4397435,0.007946,0.35,23.97
1758300000000000002,1758290000000000001,1758280000000000001,2024-09-12,9549,56,6300,47864523,5012517,0.005864,0.27,27.47
1758300000000000003,1758290000000000002,1758280000000000002,2024-09-12,3990,69,2744,29688048,7440614,0.017293,2.5,286.46
1758300000000000004,1758290000000000003,1758280000000000002,2024-09-12,2558,51,1870,24228642,9471713,0.019937,1.54,123.31
1758300000000000005,1758290000000000004,1758280000000000003,2024-09-12,8019,65,6234,40437518,5042713,0.008106,0.64,27.4
1758300000000000006,1758290000000000005,1758280000000000004,2024-09-12,5077,76,3225,37538508,7393837,0.014969,1.97,85.63
1758300000000000007,1758290000000000005,1758280000000000004,2024-09-12,6060,150,3637,43336527,7151242,0.024752,2.42,200.87
1758300000000000001,1758290000000000001,1758280000000000001,2024-09-13,5154,34,3976,42237864,8195162,0.006597,0.15,7.59
1758300000000000002,1758290000000000001,1758280000000000001,2024-09-13,4700,45,2675,41486708,8826959,0.009574,0.19,10.11
1758300000000000003,1758290000000000002,1758280000000000002,2024-09-13,1909,57,1239,21082821,11043908,0.029859,1.21,160.67
1758300000000000005,1758290000000000004,1758280000000000003,2024-09-13,4994,76,3245,35881959,7185014,0.015218,0.75,50.15
1758300000000000006,1758290000000000005,1758280000000000004,2024-09-13,3057,50,2242,40888175,13375262,0.016356,1.32,180.01
1758300000000000007,1758290000000000005,1758280000000000004,2024-09-13,4209,106,3103,30875744,7335648,0.025184,2.7,344.14
1758300000000000001,1758290000000000001,1758280000000000001,2024-09-14,11061,110,7599,49165696,4444959,0.009945,0.37,20.63
1758300000000000002,1758290000000000001,1758280000000000001,2024-09-14,11002,130,8348,48361659,4395715,0.011816,0.51,61.81
1758300000000000003,1758290000000000002,1758280000000000002,2024-09-14,2806,54,1724,22873780,8151739,0.019244,1.6,153.75
1758300000000000004,1758290000000000003,1758280000000000002,2024-09-14,2768,82,1685,32856138,11869992,0.029624,2.6,125.66
1758300000000000005,1758290000000000004,1758280000000000003,2024-09-14,4653,76,3462,41797438,8982901,0.016334,0.76,65.5
1758300000000000006,1758290000000000005,1758280000000000004,2024-09-14,3803,97,2806,42192951,11094649,0.025506,1.52,199.31
1758300000000000007,1758290000000000005,1758280000000000004,2024-09-14,5636,128,4266,41401925,7345977,0.022711,1.99,182.35
1758300000000000001,1758290000000000001,1758280000000000001,2024-09-15,9860,118,5863,52215630,5295703,0.011968,0.41,35.85
1758300000000000002,1758290000000000001,1758280000000000001,2024-09-15,11398,60,8292,56703634,4974876,0.005264,0.18,22.76
1758300000000000003,1758290000000000002,1758280000000000002,2024-09-15,3113,90,1852,31290873,10051678,0.028911,2.8,338.08
1758300000000000004,1758290000000000003,1758280000000000002,2024-09-15,4335,125,2624,30948707,7139263,0.028835,3.75,291.58
1758300000000000005,1758290000000000004,1758280000000000003,2024-09-15,8636,120,6035,46679685,5405244,0.013895,1.08,104.05
1758300000000000006,1758290000000000005,1758280000000000004,2024-09-15,3749,58,2876,54935063,14653258,0.015471,1.39,132.08
1758300000000000007,1758290000000000005,1758280000000000004,2024-09-15,4245,107,2366,38424307,9051662,0.025206,2.8,345.95
1758300000000000001,1758290000000000001,1758280000000000001,2024-09-16,8176,47,4700,47759311,5841403,0.005749,0.19,8.78
1758300000000000002,1758290000000000001,1758280000000000001,2024-09-16,6923,74,4382,54222183,7832180,0.010689,0.32,25.38
1758300000000000003,1758290000000000002,1758280000000000002,2024-09-16,4274,95,2842,29708073,6950883,0.022227,2.49,278.37
1758300000000000004,1758290000000000003,1758280000000000002,2024-09-16,4303,84,2922,28567066,6638872,0.019521,2.92,129.32
1758300000000000005,1758290000000000004,1758280000000000003,2024-09-16,8434,113,5373,43706355,5182162,0.013398,1.1,117.37
1758300000000000006,1758290000000000005,1758280000000000004,2024-09-16,3706,67,2467,44488172,12004364,0.018079,1.26,101.1
1758300000000000007,1758290000000000005,1758280000000000004,2024-09-16,4556,65,3100,42924538,9421540,0.014267,1.74,208.74
1758300000000000001,1758290000000000001,1758280000000000001,2024-09-17,5593,34,4327,29482184,5271265,0.006079,0.15,13.32
1758300000000000002,1758290000000000001,1758280000000000001,2024-09-17,5052,30,2890,43562409,8622805,0.005938,0.11,15.05
1758300000000000004,1758290000000000003,1758280000000000002,2024-09-17,1842,35,1468,20359778,11053083,0.019001,0.86,56.96
1758300000000000005,1758290000000000004,1758280000000000003,2024-09-17,6070,70,4268,31304826,5157302,0.011532,0.53,49.75
1758300000000000006,1758290000000000005,1758280000000000004,2024-09-17,4104,95,2791,29784117,7257338,0.023148,2.13,268.46
1758300000000000007,1758290000000000005,1758280000000000004,2024-09-17,2296,42,1698,32825535,14296836,0.018293,0.93,120.56
1758300000000000001,1758290000000000001,1758280000000000001,2024-09-18,6959,67,4848,40460590,5814139,0.009628,0.21,18.37
1758300000000000002,1758290000000000001,1758280000000000001,2024-09-18,8436,79,6149,34321165,4068417,0.009365,0.34,19.22
1758300000000000003,1758290000000000002,1758280000000000002,2024-09-18,2923,59,1827,22006397,7528702,0.020185,1.96,117.15
1758300000000000004,1758290000000000003,1758280000000000002,2024-09-18,1610,45,1194,20726034,12873313,0.02795,1.54,207.06
1758300000000000005,1758290000000000004,1758280000000000003,2024-09-18,3261,44,1969,32049324,9828066,0.013493,0.51,66.46
1758300000000000006,1758290000000000005,1758280000000000004,2024-09-18,2056,32,1523,28608366,13914575,0.015564,0.76,67.77
1758300000000000007,1758290000000000005,1758280000000000004,2024-09-18,4886,79,3207,35490281,7263668,0.016169,2.18,185.05
1758300000000000001,1758290000000000001,1758280000000000001,2024-09-19,9157,63,6969,43275145,4725909,0.00688,0.19,8.15
1758300000000000002,1758290000000000001,1758280000000000001,2024-09-19,7441,66,5079,34506863,4637396,0.00887,0.28,29.84
1758300000000000003,1758290000000000002,1758280000000000002,2024-09-19,2380,63,1583,22700170,9537887,0.026471,2.38,141.98
1758300000000000004,1758290000000000003,1758280000000000002,2024-09-19,2105,38,1552,21746691,10330970,0.018052,1.43,115.6
1758300000000000005,1758290000000000004,1758280000000000003,2024-09-19,3117,45,2143,33335146,10694625,0.014437,0.54,61.95
1758300000000000006,1758290000000000005,1758280000000000004,2024-09-19,2378,33,1409,31354567,13185268,0.013877,0.79,62.5
1758300000000000007,1758290000000000005,1758280000000000004,2024-09-19,3530,64,2754,35315726,10004455,0.01813,1.19,104.69
1758300000000000001,1758290000000000001,1758280000000000001,2024-09-20,4770,29,3806,36478616,7647509,0.00608,0.15,15.82
1758300000000000002,1758290000000000001,1758280000000000001,2024-09-20,7994,88,5539,37208341,4654534,0.011008,0.36,32.86
1758300000000000004,1758290000000000003,1758280000000000002,2024-09-20,2208,65,1766,19185608,8689134,0.029438,2.12,97.93
1758300000000000005,1758290000000000004,1758280000000000003,2024-09-20,4899,80,3911,31580124,6446239,0.01633,0.95,127.78
1758300000000000006,1758290000000000005,1758280000000000004,2024-09-20,3135,70,1756,30392063,9694438,0.022329,1.91,152.46
1758300000000000007,1758290000000000005,1758280000000000004,2024-09-20,2483,40,1495,32768186,13197014,0.01611,0.77,66.12
1758300000000000001,1758290000000000001,1758280000000000001,2024-09-21,7017,50,4441,33556884,4782227,0.007126,0.19,8.72
1758300000000000002,1758290000000000001,1758280000000000001,2024-09-21,6036,51,3842,38372594,6357289,0.008449,0.26,18.81
1758300000000000003,1758290000000000002,1758280000000000002,2024-09-21,2687,79,1703,22358419,8320960,0.029401,2.42,113.93
1758300000000000004,1758290000000000003,1758280000000000002,2024-09-21,2693,69,1525,18744140,6960319,0.025622,2.03,95.24
1758300000000000005,1758290000000000004,1758280000000000003,2024-09-21,3556,33,2022,30826919,8668987,0.00928,0.4,52.02
1758300000000000006,1758290000000000005,1758280000000000004,2024-09-21,2590,45,1886,30088865,11617322,0.017375,1.21,108.06
1758300000000000007,1758290000000000005,1758280000000000004,2024-09-21,2785,56,1658,31564974,11333922,0.020108,1.35,151.78
1758300000000000001,1758290000000000001,1758280000000000001,2024-09-22,7014,42,4242,38599056,5503145,0.005988,0.16,19.99
1758300000000000002,1758290000000000001,1758280000000000001,2024-09-22,10981,112,6124,48785036,4442677,0.010199,0.34,41.07
1758300000000000003,1758290000000000002,1758280000000000002,2024-09-22,2145,53,1625,24669759,11501053,0.024709,1.64,142.61
1758300000000000004,1758290000000000003,1758280000000000002,2024-09-22,2293,60,1472,25264008,11017884,0.026167,2.1,210.79
1758300000000000005,1758290000000000004,1758280000000000003,2024-09-22,5690,57,3683,37450325,6581779,0.010018,0.49,61.3
1758300000000000006,1758290000000000005,1758280000000000004,2024-09-22,4801,114,3130,40286794,8391334,0.023745,2.78,217.98
1758300000000000007,1758290000000000005,1758280000000000004,2024-09-22,2320,46,1744,34613855,14919765,0.019828,1.0,52.61
1758300000000000002,1758290000000000001,1758280000000000001,2024-09-23,5994,38,3508,48978703,8171288,0.00634,0.18,22.79
1758300000000000003,1758290000000000002,1758280000000000002,2024-09-23,1823,35,1224,23181019,12715863,0.019199,1.21,57.89
1758300000000000004,1758290000000000003,1758280000000000002,2024-09-23,2313,57,1737,26815641,11593446,0.024643,1.31,161.27
1758300000000000005,1758290000000000004,1758280000000000003,2024-09-23,4391,53,3176,37497495,8539625,0.01207,0.57,39.91
1758300000000000006,1758290000000000005,1758280000000000004,2024-09-23,3560,74,2593,41533283,11666653,0.020787,1.6,98.53
1758300000000000007,1758290000000000005,1758280000000000004,2024-09-23,4427,98,3266,33461707,7558551,0.022137,2.57,326.32
1758300000000000001,1758290000000000001,1758280000000000001,2024-09-24,7551,48,4723,42428524,5618928,0.006357,0.16,8.35
1758300000000000002,1758290000000000001,1758280000000000001,2024-09-24,8942,98,6414,53469452,5979585,0.01096,0.3,34.55
1758300000000000003,1758290000000000002,1758280000000000002,2024-09-24,2830,70,1582,30710769,10851862,0.024735,1.76,84.83
1758300000000000004,1758290000000000003,1758280000000000002,2024-09-24,2885,74,1809,24088075,8349419,0.02565,1.85,161.88
1758300000000000005,1758290000000000004,1758280000000000003,2024-09-24,4632,45,2896,41099132,8872870,0.009715,0.43,32.47
1758300000000000006,1758290000000000005,1758280000000000004,2024-09-24,2794,60,1763,41706121,14927030,0.021475,1.44,175.44
1758300000000000007,1758290000000000005,1758280000000000004,2024-09-24,2893,71,2296,40492144,13996593,0.024542,1.55,207.86
1758300000000000001,1758290000000000001,1758280000000000001,2024-09-25,6509,50,4707,41176474,6326083,0.007682,0.2,11.49
1758300000000000002,1758290000000000001,1758280000000000001,2024-09-25,6559,54,3618,29394122,4481494,0.008233,0.28,23.44
1758300000000000003,1758290000000000002,1758280000000000002,2024-09-25,2015,31,1253,19557154,9705784,0.015385,0.77,59.0
1758300000000000004,1758290000000000003,1758280000000000002,2024-09-25,1874,43,1365,20768901,11082658,0.022946,1.1,131.14
1758300000000000005,1758290000000000004,1758280000000000003,2024-09-25,5968,101,3651,30244541,5067785,0.016924,0.99,61.86
1758300000000000007,1758290000000000005,1758280000000000004,2024-09-25,4560,81,2978,32480587,7122936,0.017763,1.38,71.69
1758300000000000001,1758290000000000001,1758280000000000001,2024-09-26,8339,60,5447,41796397,5012159,0.007195,0.18,17.38
1758300000000000002,1758290000000000001,1758280000000000001,2024-09-26,5923,51,4223,51407639,8679324,0.008611,0.14,10.89
1758300000000000003,1758290000000000002,1758280000000000002,2024-09-26,3141,75,2427,28580509,9099175,0.023878,2.08,88.39
1758300000000000004,1758290000000000003,1758280000000000002,2024-09-26,2038,57,1549,24678941,12109392,0.027969,1.44,143.01
1758300000000000005,1758290000000000004,1758280000000000003,2024-09-26,5707,69,3347,39944587,6999227,0.01209,0.73,62.09
1758300000000000006,1758290000000000005,1758280000000000004,2024-09-26,2646,64,1848,39001930,14739958,0.024187,1.55,191.73
1758300000000000007,1758290000000000005,1758280000000000004,2024-09-26,2863,44,1772,40887244,14281259,0.015368,0.99,120.16
1758300000000000001,1758290000000000001,1758280000000000001,2024-09-27,7648,66,5950,43458228,5682300,0.00863,0.24,11.26
1758300000000000002,1758290000000000001,1758280000000000001,2024-09-27,10130,53,8071,49026000,4839684,0.005232,0.17,18.67
1758300000000000003,1758290000000000002,1758280000000000002,2024-09-27,3429,63,2312,27153868,7918888,0.018373,1.76,151.59
1758300000000000004,1758290000000000003,1758280000000000002,2024-09-27,2279,65,1637,25694262,11274358,0.028521,2.33,133.74
1758300000000000005,1758290000000000004,1758280000000000003,2024-09-27,7653,99,5717,39636098,5179158,0.012936,1.18,83.95
1758300000000000006,1758290000000000005,1758280000000000004,2024-09-27,4183,65,2519,37034215,8853506,0.015539,1.74,184.78
1758300000000000007,1758290000000000005,1758280000000000004,2024-09-27,3105,58,1950,42237980,13603214,0.01868,1.34,128.29
1758300000000000001,1758290000000000001,1758280000000000001,2024-09-28,8522,99,5792,41359116,4853217,0.011617,0.35,45.5
1758300000000000002,1758290000000000001,1758280000000000001,2024-09-28,8749,66,5693,45091071,5153854,0.007544,0.2,12.16
1758300000000000003,1758290000000000002,1758280000000000002,2024-09-28,3447,103,2459,25996079,7541653,0.029881,3.54,493.53
1758300000000000004,1758290000000000003,1758280000000000002,2024-09-28,3740,106,2244,23404028,6257761,0.028342,3.04,188.18
1758300000000000005,1758290000000000004,1758280000000000003,2024-09-28,4455,53,3425,37050080,8316516,0.011897,0.37,47.53
1758300000000000006,1758290000000000005,1758280000000000004,2024-09-28,3106,46,2398,39602740,12750399,0.01481,1.18,81.78
1758300000000000007,1758290000000000005,1758280000000000004,2024-09-28,2938,62,1775,34497420,11741804,0.021103,1.53,130.83
1758300000000000001,1758290000000000001,1758280000000000001,2024-09-29,5942,61,4524,48195483,8110987,0.010266,0.21,9.93
1758300000000000002,1758290000000000001,1758280000000000001,2024-09-29,7069,46,4534,49238625,6965430,0.006507,0.17,23.3
1758300000000000003,1758290000000000002,1758280000000000002,2024-09-29,2676,46,1874,27243008,10180496,0.01719,1.19,52.19
1758300000000000004,1758290000000000003,1758280000000000002,2024-09-29,2242,34,1627,28433626,12682260,0.015165,1.15,147.36
1758300000000000005,1758290000000000004,1758280000000000003,2024-09-29,4904,83,3124,41757475,8514983,0.016925,0.67,72.58
1758300000000000006,1758290000000000005,1758280000000000004,2024-09-29,3394,74,2354,43483775,12811955,0.021803,1.45,102.68
1758300000000000007,1758290000000000005,1758280000000000004,2024-09-29,3439,52,1946,40031175,11640353,0.015121,1.0,111.69
1758300000000000001,1758290000000000001,1758280000000000001,2024-09-30,7385,63,4460,43248755,5856297,0.008531,0.28,16.54
1758300000000000002,1758290000000000001,1758280000000000001,2024-09-30,8128,91,6476,33481049,4119224,0.011196,0.45,35.41
1758300000000000003,1758290000000000002,1758280000000000002,2024-09-30,2511,70,1745,22837628,9095033,0.027877,2.18,262.24
1758300000000000004,1758290000000000003,1758280000000000002,2024-09-30,1781,44,1167,21007975,11795606,0.024705,1.27,167.38
1758300000000000005,1758290000000000004,1758280000000000003,2024-09-30,3617,61,2496,32884202,9091568,0.016865,0.67,54.7
1758300000000000006,1758290000000000005,1758280000000000004,2024-09-30,2366,35,1435,30039667,12696393,0.014793,0.59,53.82
1758300000000000007,1758290000000000005,1758280000000000004,2024-09-30,4107,70,2316,35728736,8699473,0.017044,1.66,157.09
1758300000000000001,1758290000000000001,1758280000000000001,2024-10-01,3225,35,2017,26739235,8291236,0.010853,0.14,12.05
1758300000000000002,1758290000000000001,1758280000000000001,2024-10-01,3521,30,2699,22768006,6466346,0.00852,0.14,17.45
1758300000000000003,1758290000000000002,1758280000000000002,2024-10-01,2350,40,1722,14656987,6237016,0.017021,1.51,183.24
1758300000000000004,1758290000000000003,1758280000000000002,2024-10-01,1209,24,744,13632865,11276150,0.019851,0.68,50.27
1758300000000000005,1758290000000000004,1758280000000000003,2024-10-01,3159,25,1819,21217389,6716489,0.007914,0.29,35.26
1758300000000000006,1758290000000000005,1758280000000000004,2024-10-01,1733,35,1208,23160474,13364382,0.020196,0.56,27.33
1758300000000000001,1758290000000000001,1758280000000000001,2024-10-02,5302,34,4059,28595443,5393331,0.006413,0.14,16.37
1758300000000000002,1758290000000000001,1758280000000000001,2024-10-02,5862,61,3962,35279165,6018281,0.010406,0.26,29.25
1758300000000000003,1758290000000000002,1758280000000000002,2024-10-02,2164,40,1651,18687778,8635757,0.018484,1.01,40.4
1758300000000000004,1758290000000000003,1758280000000000002,2024-10-02,1567,40,1103,17811998,11366942,0.025526,1.1,151.04
1758300000000000005,1758290000000000004,1758280000000000003,2024-10-02,3100,30,2305,27374832,8830591,0.009677,0.31,41.16
1758300000000000006,1758290000000000005,1758280000000000004,2024-10-02,3380,55,2141,28364846,8391966,0.016272,1.0,106.77
1758300000000000007,1758290000000000005,1758280000000000004,2024-10-02,2814,70,1676,26384818,9376268,0.024876,1.83,92.22
1758300000000000001,1758290000000000001,1758280000000000001,2024-10-03,8460,73,5736,37956107,4486537,0.008629,0.22,19.63
1758300000000000002,1758290000000000001,1758280000000000001,2024-10-03,5913,40,4362,32559885,5506492,0.006765,0.15,20.3
1758300000000000004,1758290000000000003,1758280000000000002,2024-10-03,2181,61,1602,19564571,8970459,0.027969,2.05,157.67
1758300000000000005,1758290000000000004,1758280000000000003,2024-10-03,3592,35,2533,30221140,8413458,0.009744,0.3,40.58
1758300000000000006,1758290000000000005,1758280000000000004,2024-10-03,2054,34,1543,26735214,13016170,0.016553,0.7,59.94
1758300000000000007,1758290000000000005,1758280000000000004,2024-10-03,2576,40,1427,33707065,13085041,0.015528,0.94,125.89
1758300000000000001,1758290000000000001,1758280000000000001,2024-10-04,3891,26,2746,30241849,7772256,0.006682,0.13,12.5
1758300000000000002,1758290000000000001,1758280000000000001,2024-10-04,5370,29,3169,30526491,5684635,0.0054,0.13,17.96
1758300000000000003,1758290000000000002,1758280000000000002,2024-10-04,2189,56,1607,17750907,8109140,0.025582,1.57,84.32
1758300000000000004,1758290000000000003,1758280000000000002,2024-10-04,2165,54,1269,16973859,7840120,0.024942,1.67,217.8
1758300000000000005,1758290000000000004,1758280000000000003,2024-10-04,2665,46,1961,26043574,9772448,0.017261,0.4,44.12
1758300000000000006,1758290000000000005,1758280000000000004,2024-10-04,1993,31,1374,25233130,12660878,0.015554,0.67,84.54
1758300000000000007,1758290000000000005,1758280000000000004,2024-10-04,2494,55,1618,26854019,10767449,0.022053,1.26,55.93
1758300000000000001,1758290000000000001,1758280000000000001,2024-10-05,6292,49,4829,32509802,5166847,0.007788,0.2,12.7
1758300000000000002,1758290000000000001,1758280000000000001,2024-10-05,3111,24,2197,27886266,8963763,0.007715,0.07,6.19
1758300000000000003,1758290000000000002,1758280000000000002,2024-10-05,2779,82,1961,18107573,6515859,0.029507,2.55,236.68
1758300000000000005,1758290000000000004,1758280000000000003,2024-10-05,3485,30,2453,25884029,7427268,0.008608,0.32,41.07
1758300000000000006,1758290000000000005,1758280000000000004,2024-10-05,2257,32,1769,22173474,9824313,0.014178,0.55,36.17
1758300000000000007,1758290000000000005,1758280000000000004,2024-10-05,2912,72,2081,29594585,10162976,0.024725,1.96,81.71
1758300000000000001,1758290000000000001,1758280000000000001,2024-10-06,9394,107,6767,40862517,4349853,0.01139,0.51,64.93
1758300000000000002,1758290000000000001,1758280000000000001,2024-10-06,6118,48,4190,43186990,7059005,0.007846,0.15,7.4
1758300000000000003,1758290000000000002,1758280000000000002,2024-10-06,2316,62,1383,24443220,10554067,0.02677,2.02,137.36
1758300000000000004,1758290000000000003,1758280000000000002,2024-10-06,2566,74,1994,23585069,9191375,0.028839,2.42,235.99
1758300000000000005,1758290000000000004,1758280000000000003,2024-10-06,4892,56,3409,36021217,7363290,0.011447,0.68,81.56
1758300000000000006,1758290000000000005,1758280000000000004,2024-10-06,2717,67,1940,32574657,11989200,0.02466,1.29,56.66
1758300000000000007,1758290000000000005,1758280000000000004,2024-10-06,2824,63,2229,39467777,13975842,0.022309,1.62,155.46
1758300000000000001,1758290000000000001,1758280000000000001,2024-10-07,5473,59,3725,44719071,8170852,0.01078,0.21,24.22
1758300000000000002,1758290000000000001,1758280000000000001,2024-10-07,6383,46,3984,44682457,7000228,0.007207,0.23,19.61
1758300000000000003,1758290000000000002,1758280000000000002,2024-10-07,2881,53,1997,26551527,9216080,0.018396,1.47,204.55
1758300000000000004,1758290000000000003,1758280000000000002,2024-10-07,2054,55,1235,24535061,11945015,0.026777,1.4,76.3
1758300000000000005,1758290000000000004,1758280000000000003,2024-10-07,3740,52,2676,38314941,10244637,0.013904,0.38,36.89
1758300000000000006,1758290000000000005,1758280000000000004,2024-10-07,4027,63,2423,42088853,10451665,0.015644,1.32,101.14
1758300000000000007,1758290000000000005,1758280000000000004,2024-10-07,3079,79,1755,34541029,11218262,0.025658,2.12,225.0
1758300000000000001,1758290000000000001,1758280000000000001,2024-10-08,7438,51,4277,41088952,5524194,0.006857,0.16,9.13
1758300000000000002,1758290000000000001,1758280000000000001,2024-10-08,7458,86,4644,35550871,4766810,0.011531,0.45,59.57
1758300000000000003,1758290000000000002,1758280000000000002,2024-10-08,2191,63,1504,21975248,10029780,0.028754,1.7,111.88
1758300000000000004,1758290000000000003,1758280000000000002,2024-10-08,1749,27,1375,21818936,12475092,0.015437,1.03,66.68
1758300000000000005,1758290000000000004,1758280000000000003,2024-10-08,4602,56,2906,32845638,7137253,0.012169,0.46,38.87
1758300000000000006,1758290000000000005,1758280000000000004,2024-10-08,4863,71,2995,38649559,7947678,0.0146,1.55,79.04
1758300000000000007,1758290000000000005,1758280000000000004,2024-10-08,2499,57,1752,27041718,10821016,0.022809,1.59,110.3
1758300000000000001,1758290000000000001,1758280000000000001,2024-10-09,4193,48,3332,37447569,8930973,0.011448,0.14,6.03
1758300000000000002,1758290000000000001,1758280000000000001,2024-10-09,5845,56,4443,36819579,6299329,0.009581,0.23,29.85
1758300000000000003,1758290000000000002,1758280000000000002,2024-10-09,2270,65,1801,21010982,9255939,0.028634,1.86,213.63
1758300000000000004,1758290000000000003,1758280000000000002,2024-10-09,2086,46,1565,21427388,10271998,0.022052,1.76,142.54
1758300000000000005,1758290000000000004,1758280000000000003,2024-10-09,3361,54,1899,31828778,9470032,0.016067,0.42,17.96
1758300000000000006,1758290000000000005,1758280000000000004,2024-10-09,2556,47,1797,34814979,13620884,0.018388,0.94,55.38
1758300000000000007,1758290000000000005,1758280000000000004,2024-10-09,2221,39,1702,28842577,12986302,0.01756,1.02,58.79
1758300000000000001,1758290000000000001,1758280000000000001,2024-10-10,8762,71,6168,43790112,4997730,0.008103,0.31,21.65
1758300000000000002,1758290000000000001,1758280000000000001,2024-10-10,3803,33,2168,32882624,8646496,0.008677,0.15,15.25
1758300000000000003,1758290000000000002,1758280000000000002,2024-10-10,2439,40,1635,19295358,7911176,0.0164,1.24,98.07
1758300000000000004,1758290000000000003,1758280000000000002,2024-10-10,3645,102,2630,24517634,6726374,0.027984,3.73,413.56
1758300000000000005,1758290000000000004,1758280000000000003,2024-10-10,5856,96,4233,32859744,5611295,0.016393,0.93,57.38
1758300000000000006,1758290000000000005,1758280000000000004,2024-10-10,3003,45,1798,35395899,11786846,0.014985,0.77,83.8
1758300000000000007,1758290000000000005,1758280000000000004,2024-10-10,2773,40,2151,30323590,10935301,0.014425,0.69,41.41
1758300000000000001,1758290000000000001,1758280000000000001,2024-10-11,6266,51,4407,47014257,7503073,0.008139,0.15,8.32
1758300000000000002,1758290000000000001,1758280000000000001,2024-10-11,6628,45,3736,35820159,5404369,0.006789,0.2,12.11
1758300000000000003,1758290000000000002,1758280000000000002,2024-10-11,2399,38,1844,22848378,9524126,0.01584,1.45,82.53
1758300000000000004,1758290000000000003,1758280000000000002,2024-10-11,3066,79,2426,24485574,7986162,0.025766,2.29,254.93
1758300000000000005,1758290000000000004,1758280000000000003,2024-10-11,3718,47,2190,35500464,9548269,0.012641,0.57,44.56
1758300000000000006,1758290000000000005,1758280000000000004,2024-10-11,3864,81,2415,37184016,9623193,0.020963,1.55,201.54
1758300000000000007,1758290000000000005,1758280000000000004,2024-10-11,2832,61,2171,33816912,11941000,0.02154,1.42,145.9
1758300000000000001,1758290000000000001,1758280000000000001,2024-10-12,5904,65,4364,40123069,6795913,0.011009,0.3,12.72
1758300000000000002,1758290000000000001,1758280000000000001,2024-10-12,6352,43,4112,49150768,7737841,0.00677,0.18,7.48
1758300000000000003,1758290000000000002,1758280000000000002,2024-10-12,1860,39,1338,23994246,12900132,0.020968,0.95,87.27
1758300000000000005,1758290000000000004,1758280000000000003,2024-10-12,6604,119,5195,38260216,5793491,0.018019,0.9,97.4
1758300000000000006,1758290000000000005,1758280000000000004,2024-10-12,3169,52,2374,39811754,12562876,0.016409,1.21,134.08
1758300000000000007,1758290000000000005,1758280000000000004,2024-10-12,4428,91,2609,36708677,8290126,0.020551,2.43,298.03
1758300000000000001,1758290000000000001,1758280000000000001,2024-10-13,3690,22,2542,32399988,8780485,0.005962,0.1,5.76
1758300000000000002,1758290000000000001,1758280000000000001,2024-10-13,7271,56,5430,35463261,4877357,0.007702,0.17,7.63
1758300000000000003,1758290000000000002,1758280000000000002,2024-10-13,1490,32,848,18036196,12104830,0.021477,1.15,57.14
1758300000000000004,1758290000000000003,1758280000000000002,2024-10-13,2882,76,1937,20742803,7197364,0.026371,1.72,118.06
1758300000000000005,1758290000000000004,1758280000000000003,2024-10-13,4628,77,3014,29084250,6284410,0.016638,0.93,73.75
1758300000000000006,1758290000000000005,1758280000000000004,2024-10-13,3827,52,2495,32322182,8445828,0.013588,1.35,68.91
1758300000000000007,1758290000000000005,1758280000000000004,2024-10-13,2355,57,1878,25846318,10975082,0.024204,1.13,72.64
1758300000000000001,1758290000000000001,1758280000000000001,2024-10-14,9646,101,5972,47471299,4921346,0.010471,0.31,25.26
1758300000000000002,1758290000000000001,1758280000000000001,2024-10-14,7216,69,4952,45282070,6275231,0.009562,0.26,27.34
1758300000000000003,1758290000000000002,1758280000000000002,2024-10-14,2895,61,1742,25317201,8745147,0.021071,1.36,138.27
1758300000000000004,1758290000000000003,1758280000000000002,2024-10-14,3400,80,2066,27684724,8142566,0.023529,2.3,170.04
1758300000000000005,1758290000000000004,1758280000000000003,2024-10-14,4669,72,3496,39751444,8513910,0.015421,0.6,38.99
1758300000000000006,1758290000000000005,1758280000000000004,2024-10-14,3130,45,2495,36975797,11813354,0.014377,0.94,68.03
1758300000000000007,1758290000000000005,1758280000000000004,2024-10-14,5481,79,4311,42527091,7759002,0.014413,1.9,119.98
1758300000000000001,1758290000000000001,1758280000000000001,2024-10-15,5016,52,3861,36306283,7238095,0.010367,0.23,25.8
1758300000000000002,1758290000000000001,1758280000000000001,2024-10-15,5882,54,3951,46880401,7970146,0.009181,0.25,21.82
1758300000000000003,1758290000000000002,1758280000000000002,2024-10-15,2049,50,1367,21853290,10665344,0.024402,1.76,129.11
1758300000000000004,1758290000000000003,1758280000000000002,2024-10-15,2618,46,2042,25681958,9809762,0.017571,1.76,223.54
1758300000000000005,1758290000000000004,1758280000000000003,2024-10-15,4772,56,3135,35651436,7470963,0.011735,0.56,72.72
1758300000000000006,1758290000000000005,1758280000000000004,2024-10-15,3410,60,2192,35122474,10299846,0.017595,1.53,120.45
1758300000000000007,1758290000000000005,1758280000000000004,2024-10-15,2560,61,1902,36180398,14132968,0.023828,1.51,181.81
1758300000000000001,1758290000000000001,1758280000000000001,2024-10-16,4551,49,3169,40820635,8969597,0.010767,0.15,18.18
1758300000000000002,1758290000000000001,1758280000000000001,2024-10-16,6264,61,3996,39625974,6325986,0.009738,0.19,25.05
1758300000000000003,1758290000000000002,1758280000000000002,2024-10-16,2499,52,1806,20888003,8358545,0.020808,1.85,244.39
1758300000000000004,1758290000000000003,1758280000000000002,2024-10-16,3541,97,2059,25081488,7083165,0.027393,3.22,308.74
1758300000000000005,1758290000000000004,1758280000000000003,2024-10-16,4003,40,2651,34477118,8612820,0.009993,0.42,39.13
1758300000000000006,1758290000000000005,1758280000000000004,2024-10-16,3004,66,2391,36193703,12048503,0.021971,1.2,87.43
1758300000000000007,1758290000000000005,1758280000000000004,2024-10-16,3710,62,2856,32760534,8830333,0.016712,1.23,99.84
1758300000000000001,1758290000000000001,1758280000000000001,2024-10-17,3800,40,2806,29949090,7881339,0.010526,0.13,6.57
1758300000000000002,1758290000000000001,1758280000000000001,2024-10-17,7508,76,5570,34370654,4577871,0.010123,0.3,19.37
1758300000000000003,1758290000000000002,1758280000000000002,2024-10-17,3039,62,2200,18666027,6142161,0.020401,2.33,101.34
1758300000000000004,1758290000000000003,1758280000000000002,2024-10-17,2771,67,2152,18088112,6527648,0.024179,2.39,243.9
1758300000000000005,1758290000000000004,1758280000000000003,2024-10-17,3816,59,2485,27565605,7223691,0.015461,0.68,62.14
1758300000000000006,1758290000000000005,1758280000000000004,2024-10-17,2558,63,1471,27502204,10751448,0.024629,1.24,119.34
1758300000000000007,1758290000000000005,1758280000000000004,2024-10-17,3254,49,2207,27629005,8490782,0.015058,1.03,55.84
1758300000000000001,1758290000000000001,1758280000000000001,2024-10-18,4988,56,3880,38613263,7741232,0.011227,0.26,33.45
1758300000000000002,1758290000000000001,1758280000000000001,2024-10-18,6715,46,4317,41192727,6134434,0.00685,0.23,31.04
1758300000000000003,1758290000000000002,1758280000000000002,2024-10-18,3112,88,1975,23363111,7507426,0.028278,2.13,194.17
1758300000000000004,1758290000000000003,1758280000000000002,2024-10-18,2644,70,1732,22240312,8411616,0.026475,2.33,191.19
1758300000000000005,1758290000000000004,1758280000000000003,2024-10-18,3156,56,2194,34202567,10837315,0.017744,0.44,61.47
1758300000000000006,1758290000000000005,1758280000000000004,2024-10-18,2463,54,1941,31319492,12715994,0.021924,1.39,186.94
1758300000000000007,1758290000000000005,1758280000000000004,2024-10-18,2766,37,2086,37085642,13407680,0.013377,0.87,37.16
1758300000000000001,1758290000000000001,1758280000000000001,2024-10-19,7410,50,4621,37675500,5084413,0.006748,0.19,20.21
1758300000000000002,1758290000000000001,1758280000000000001,2024-10-19,7470,86,5461,49671627,6649482,0.011513,0.42,24.98
1758300000000000003,1758290000000000002,1758280000000000002,2024-10-19,3168,55,1761,25716552,8117598,0.017361,1.84,161.09
1758300000000000004,1758290000000000003,1758280000000000002,2024-10-19,2436,50,1734,24196093,9932715,0.020525,1.55,200.3
1758300000000000005,1758290000000000004,1758280000000000003,2024-10-19,4889,85,2703,37434483,7656879,0.017386,0.73,45.11
1758300000000000007,1758290000000000005,1758280000000000004,2024-10-19,2374,53,1571,32759444,13799260,0.022325,0.82,51.47
1758300000000000001,1758290000000000001,1758280000000000001,2024-10-20,9040,93,5887,43223266,4781335,0.010288,0.45,54.49
1758300000000000002,1758290000000000001,1758280000000000001,2024-10-20,3844,45,2798,33108225,8612962,0.011707,0.14,14.67
1758300000000000003,1758290000000000002,1758280000000000002,2024-10-20,1565,36,1054,19810794,12658654,0.023003,0.84,86.27
1758300000000000004,1758290000000000003,1758280000000000002,2024-10-20,2042,47,1624,23807201,11658766,0.023017,1.69,214.93
1758300000000000005,1758290000000000004,1758280000000000003,2024-10-20,3122,47,2348,32713496,10478378,0.015054,0.34,21.14
1758300000000000006,1758290000000000005,1758280000000000004,2024-10-20,2303,43,1543,33408791,14506640,0.018671,0.88,100.11
1758300000000000007,1758290000000000005,1758280000000000004,2024-10-20,4314,81,2964,32018201,7421929,0.018776,1.81,250.06
1758300000000000001,1758290000000000001,1758280000000000001,2024-10-21,5122,41,3484,34319021,6700316,0.008005,0.16,21.84
1758300000000000002,1758290000000000001,1758280000000000001,2024-10-21,5675,42,4020,38140617,6720814,0.007401,0.15,15.74
1758300000000000003,1758290000000000002,1758280000000000002,2024-10-21,1625,40,1017,18972179,11675187,0.024615,1.4,75.42
1758300000000000004,1758290000000000003,1758280000000000002,2024-10-21,3068,60,2446,22433328,7312037,0.019557,1.65,131.4
1758300000000000005,1758290000000000004,1758280000000000003,2024-10-21,3049,41,2301,31054130,10185021,0.013447,0.52,71.01
1758300000000000006,1758290000000000005,1758280000000000004,2024-10-21,2668,64,1781,32463243,12167632,0.023988,1.51,190.34
1758300000000000007,1758290000000000005,1758280000000000004,2024-10-21,3130,54,2104,29645017,9471251,0.017252,1.21,93.78
1758300000000000001,1758290000000000001,1758280000000000001,2024-10-22,8991,50,6481,52332955,5820593,0.005561,0.24,9.91
1758300000000000002,1758290000000000001,1758280000000000001,2024-10-22,8670,80,6712,70848446,8171678,0.009227,0.28,35.02
1758300000000000003,1758290000000000002,1758280000000000002,2024-10-22,3249,92,1977,36296489,11171588,0.028316,3.55,452.36
1758300000000000004,1758290000000000003,1758280000000000002,2024-10-22,4654,115,2771,34092883,7325501,0.02471,2.63,173.63
1758300000000000005,1758290000000000004,1758280000000000003,2024-10-22,7174,95,4085,52792029,7358800,0.013242,0.75,102.99
1758300000000000006,1758290000000000005,1758280000000000004,2024-10-22,4061,59,2452,56755470,13975738,0.014528,1.63,182.13
1758300000000000007,1758290000000000005,1758280000000000004,2024-10-22,5697,146,3284,48828588,8570930,0.025628,3.13,221.54
1758300000000000001,1758290000000000001,1758280000000000001,2024-10-23,12411,104,9170,50625991,4079123,0.00838,0.5,25.37
1758300000000000002,1758290000000000001,1758280000000000001,2024-10-23,8199,84,5745,37154287,4531563,0.010245,0.27,35.22
1758300000000000003,1758290000000000002,1758280000000000002,2024-10-23,2396,47,1616,23732838,9905191,0.019616,1.37,165.23
1758300000000000004,1758290000000000003,1758280000000000002,2024-10-23,3768,77,2367,26427321,7013620,0.020435,1.8,233.71
1758300000000000005,1758290000000000004,1758280000000000003,2024-10-23,4258,47,3207,37620119,8835162,0.011038,0.44,33.7
1758300000000000006,1758290000000000005,1758280000000000004,2024-10-23,3707,78,2670,39976492,10784055,0.021041,1.45,108.45
1758300000000000007,1758290000000000005,1758280000000000004,2024-10-23,4342,89,3073,35263747,8121545,0.020497,2.16,199.51
1758300000000000001,1758290000000000001,1758280000000000001,2024-10-24,6032,59,4751,38495953,6381955,0.009781,0.2,8.28
1758300000000000002,1758290000000000001,1758280000000000001,2024-10-24,8040,79,5280,51460120,6400512,0.009826,0.24,14.46
1758300000000000004,1758290000000000003,1758280000000000002,2024-10-24,4069,94,2547,25270795,6210566,0.023101,2.7,174.01
1758300000000000005,1758290000000000004,1758280000000000003,2024-10-24,3918,66,2913,38552603,9839868,0.016845,0.64,87.18
1758300000000000006,1758290000000000005,1758280000000000004,2024-10-24,5501,116,4270,42936313,7805183,0.021087,2.34,221.93
1758300000000000007,1758290000000000005,1758280000000000004,2024-10-24,4679,68,3040,34168892,7302606,0.014533,1.92,235.31
1758300000000000001,1758290000000000001,1758280000000000001,2024-10-25,12786,107,7469,64484699,5043383,0.008369,0.37,26.21
1758300000000000002,1758290000000000001,1758280000000000001,2024-10-25,9511,69,5839,70556547,7418415,0.007255,0.31,17.93
1758300000000000003,1758290000000000002,1758280000000000002,2024-10-25,3959,67,2621,39005422,9852342,0.016923,2.17,264.26
1758300000000000004,1758290000000000003,1758280000000000002,2024-10-25,3584,87,2618,38161004,10647602,0.024275,2.03,129.29
1758300000000000005,1758290000000000004,1758280000000000003,2024-10-25,7687,115,6053,57874820,7528922,0.01496,1.32,110.42
1758300000000000006,1758290000000000005,1758280000000000004,2024-10-25,4673,67,3102,52633467,11263314,0.014338,1.31,74.27
1758300000000000007,1758290000000000005,1758280000000000004,2024-10-25,7330,171,4404,63116172,8610665,0.023329,2.65,304.84
1758300000000000001,1758290000000000001,1758280000000000001,2024-10-26,5101,42,2931,40573926,7954112,0.008234,0.12,6.93
1758300000000000002,1758290000000000001,1758280000000000001,2024-10-26,5736,39,3383,46116589,8039852,0.006799,0.15,11.33
1758300000000000004,1758290000000000003,1758280000000000002,2024-10-26,2590,65,1760,26029128,10049856,0.025097,2.21,113.16
1758300000000000005,1758290000000000004,1758280000000000003,2024-10-26,4453,78,3050,37153078,8343382,0.017516,0.89,51.28
1758300000000000006,1758290000000000005,1758280000000000004,2024-10-26,2758,49,2038,38125295,13823530,0.017766,1.32,62.44
1758300000000000007,1758290000000000005,1758280000000000004,2024-10-26,2496,63,1427,36180860,14495537,0.02524,1.08,104.29
1758300000000000001,1758290000000000001,1758280000000000001,2024-10-27,8034,95,4703,45065140,5609303,0.011825,0.45,50.74
1758300000000000002,1758290000000000001,1758280000000000001,2024-10-27,13292,134,7526,62118304,4673360,0.010081,0.65,78.74
1758300000000000003,1758290000000000002,1758280000000000002,2024-10-27,3248,91,2100,31171874,9597252,0.028017,2.6,161.2
1758300000000000004,1758290000000000003,1758280000000000002,2024-10-27,3953,92,2928,30075808,7608350,0.023273,2.11,244.69
1758300000000000005,1758290000000000004,1758280000000000003,2024-10-27,5122,64,3917,45935762,8968325,0.012495,0.73,62.0
1758300000000000006,1758290000000000005,1758280000000000004,2024-10-27,3444,86,2238,42070250,12215520,0.024971,2.16,159.56
1758300000000000007,1758290000000000005,1758280000000000004,2024-10-27,4871,92,3615,49801273,10224035,0.018887,1.57,181.54
1758300000000000001,1758290000000000001,1758280000000000001,2024-10-28,8500,95,6775,41756990,4912587,0.011176,0.44,59.53
1758300000000000002,1758290000000000001,1758280000000000001,2024-10-28,5428,32,4018,33122813,6102213,0.005895,0.13,9.79
1758300000000000003,1758290000000000002,1758280000000000002,2024-10-28,1793,46,1087,19781437,11032592,0.025655,1.03,43.47
1758300000000000004,1758290000000000003,1758280000000000002,2024-10-28,2835,85,1968,23007022,8115352,0.029982,3.08,419.0
1758300000000000005,1758290000000000004,1758280000000000003,2024-10-28,5530,60,3550,32091344,5803136,0.01085,0.51,48.43
1758300000000000006,1758290000000000005,1758280000000000004,2024-10-28,2897,49,1915,35287707,12180776,0.016914,1.09,85.64
1758300000000000007,1758290000000000005,1758280000000000004,2024-10-28,2171,41,1613,28894982,13309526,0.018885,0.67,27.3
1758300000000000001,1758290000000000001,1758280000000000001,2024-10-29,6697,63,4681,47030767,7022662,0.009407,0.19,21.08
1758300000000000003,1758290000000000002,1758280000000000002,2024-10-29,4527,94,3276,32772463,7239334,0.020764,2.97,273.6
1758300000000000004,1758290000000000003,1758280000000000002,2024-10-29,2134,32,1497,26750896,12535565,0.014995,1.25,115.99
1758300000000000006,1758290000000000005,1758280000000000004,2024-10-29,3353,73,1855,48384926,14430339,0.021772,1.47,138.11
1758300000000000001,1758290000000000001,1758280000000000001,2024-10-30,4664,27,3367,36373333,7798742,0.005789,0.11,11.22
1758300000000000002,1758290000000000001,1758280000000000001,2024-10-30,7612,82,4555,47781324,6277105,0.010772,0.28,27.19
1758300000000000003,1758290000000000002,1758280000000000002,2024-10-30,2580,66,1614,24780553,9604866,0.025581,2.41,280.3
1758300000000000004,1758290000000000003,1758280000000000002,2024-10-30,1850,43,1245,23307822,12598823,0.023243,1.55,98.93
1758300000000000005,1758290000000000004,1758280000000000003,2024-10-30,6430,52,3771,36066281,5609064,0.008087,0.66,59.47
1758300000000000006,1758290000000000005,1758280000000000004,2024-10-30,3190,68,2320,36720303,11511067,0.021317,1.93,239.81
1758300000000000007,1758290000000000005,1758280000000000004,2024-10-30,3675,63,2513,35412260,9635989,0.017143,1.53,183.41
1758300000000000001,1758290000000000001,1758280000000000001,2024-10-31,9644,58,7406,57759175,5989131,0.006014,0.2,8.32
1758300000000000002,1758290000000000001,1758280000000000001,2024-10-31,9237,106,5427,49057666,5310996,0.011476,0.36,24.89
1758300000000000003,1758290000000000002,1758280000000000002,2024-10-31,2696,44,1513,33577953,12454730,0.01632,1.07,53.02
1758300000000000004,1758290000000000003,1758280000000000002,2024-10-31,3310,86,2286,27460242,8296146,0.025982,1.82,141.5
1758300000000000005,1758290000000000004,1758280000000000003,2024-10-31,5884,106,4098,45778646,7780191,0.018015,0.78,52.42
1758300000000000006,1758290000000000005,1758280000000000004,2024-10-31,3783,57,2271,45861864,12123147,0.015067,1.51,80.0
1758300000000000007,1758290000000000005,1758280000000000004,2024-10-31,3838,60,2816,45695428,11906052,0.015633,1.27,159.66
1758300000000000001,1758290000000000001,1758280000000000001,2024-11-01,5146,54,3924,40145918,7801383,0.010494,0.17,15.13
1758300000000000002,1758290000000000001,1758280000000000001,2024-11-01,6855,63,5300,46670858,6808294,0.00919,0.3,29.55
1758300000000000003,1758290000000000002,1758280000000000002,2024-11-01,2030,34,1393,25733415,12676559,0.016749,0.96,52.48
1758300000000000004,1758290000000000003,1758280000000000002,2024-11-01,1992,35,1367,23876171,11986030,0.01757,1.0,136.06
1758300000000000005,1758290000000000004,1758280000000000003,2024-11-01,6351,98,3929,37207190,5858477,0.015431,1.03,97.44
1758300000000000006,1758290000000000005,1758280000000000004,2024-11-01,2759,56,1803,35666857,12927458,0.020297,1.19,145.68
1758300000000000007,1758290000000000005,1758280000000000004,2024-11-01,2965,55,1989,38747522,13068304,0.01855,1.26,138.05
1758300000000000001,1758290000000000001,1758280000000000001,2024-11-02,6732,55,4536,46804916,6952602,0.00817,0.16,17.61
1758300000000000002,1758290000000000001,1758280000000000001,2024-11-02,10054,61,7511,45311765,4506840,0.006067,0.2,12.97
1758300000000000003,1758290000000000002,1758280000000000002,2024-11-02,2889,81,2036,27823283,9630766,0.028037,2.63,339.67
1758300000000000004,1758290000000000003,1758280000000000002,2024-11-02,3156,73,2486,24814820,7862744,0.023131,2.34,275.48
1758300000000000005,1758290000000000004,1758280000000000003,2024-11-02,4682,65,3104,39478577,8431990,0.013883,0.79,89.26
1758300000000000006,1758290000000000005,1758280000000000004,2024-11-02,2460,45,1470,34397198,13982601,0.018293,1.13,138.6
1758300000000000007,1758290000000000005,1758280000000000004,2024-11-02,3632,64,2809,44559957,12268711,0.017621,1.4,129.64
1758300000000000001,1758290000000000001,1758280000000000001,2024-11-03,11353,115,8840,56716646,4995741,0.010129,0.54,64.17
1758300000000000002,1758290000000000001,1758280000000000001,2024-11-03,9306,88,6366,63721656,6847373,0.009456,0.26,31.8
1758300000000000003,1758290000000000002,1758280000000000002,2024-11-03,4198,65,3350,33389504,7953669,0.015484,1.78,100.01
1758300000000000004,1758290000000000003,1758280000000000002,2024-11-03,2937,48,1747,35432383,12064141,0.016343,1.05,70.34
1758300000000000005,1758290000000000004,1758280000000000003,2024-11-03,9630,152,5733,51616415,5359960,0.015784,1.25,73.19
1758300000000000006,1758290000000000005,1758280000000000004,2024-11-03,3405,54,2528,50897706,14947931,0.015859,1.0,62.01
1758300000000000007,1758290000000000005,1758280000000000004,2024-11-03,4949,91,3397,52335124,10574889,0.018388,2.54,296.2
1758300000000000001,1758290000000000001,1758280000000000001,2024-11-04,9963,98,5878,59825265,6004744,0.009836,0.32,25.01
1758300000000000002,1758290000000000001,1758280000000000001,2024-11-04,7544,78,6010,63927875,8474003,0.010339,0.28,19.49
1758300000000000003,1758290000000000002,1758280000000000002,2024-11-04,3992,88,2395,31427204,7872546,0.022044,2.09,86.44
1758300000000000004,1758290000000000003,1758280000000000002,2024-11-04,3101,52,1937,39288876,12669744,0.016769,1.35,126.36
1758300000000000005,1758290000000000004,1758280000000000003,2024-11-04,5330,44,3983,53037060,9950668,0.008255,0.46,38.45
1758300000000000006,1758290000000000005,1758280000000000004,2024-11-04,4447,112,3005,51798706,11648011,0.025186,2.67,239.39
1758300000000000007,1758290000000000005,1758280000000000004,2024-11-04,7631,157,5665,54275414,7112490,0.020574,2.68,194.01
1758300000000000001,1758290000000000001,1758280000000000001,2024-11-05,6540,38,3868,58149901,8891422,0.00581,0.11,8.06
1758300000000000002,1758290000000000001,1758280000000000001,2024-11-05,11011,58,6205,65257272,5926553,0.005267,0.25,11.16
1758300000000000003,1758290000000000002,1758280000000000002,2024-11-05,5731,107,4447,34945167,6097569,0.01867,3.43,368.2
1758300000000000004,1758290000000000003,1758280000000000002,2024-11-05,3645,87,2476,35573217,9759456,0.023868,2.45,181.64
1758300000000000005,1758290000000000004,1758280000000000003,2024-11-05,4928,68,3112,52888788,10732303,0.013799,0.55,40.4
1758300000000000006,1758290000000000005,1758280000000000004,2024-11-05,3978,57,2699,45298742,11387316,0.014329,1.32,105.06
1758300000000000007,1758290000000000005,1758280000000000004,2024-11-05,5629,94,3706,60478834,10744152,0.016699,1.87,126.24
1758300000000000001,1758290000000000001,1758280000000000001,2024-11-06,8401,84,5479,68803273,8189891,0.009999,0.37,26.61
1758300000000000002,1758290000000000001,1758280000000000001,2024-11-06,14553,141,8567,68118744,4680736,0.009689,0.59,25.08
1758300000000000003,1758290000000000002,1758280000000000002,2024-11-06,2840,50,2089,34067728,11995679,0.017606,1.27,82.58
1758300000000000005,1758290000000000004,1758280000000000003,2024-11-06,9631,108,7249,58680864,6092915,0.011214,1.05,53.02
1758300000000000006,1758290000000000005,1758280000000000004,2024-11-06,6971,154,4541,63064594,9046707,0.022092,3.25,444.73
1758300000000000007,1758290000000000005,1758280000000000004,2024-11-06,4726,76,3191,54297135,11489026,0.016081,1.2,96.96
1758300000000000001,1758290000000000001,1758280000000000001,2024-11-07,8657,60,6595,61774271,7135760,0.006931,0.2,21.12
1758300000000000002,1758290000000000001,1758280000000000001,2024-11-07,8748,96,6183,62983482,7199758,0.010974,0.42,53.73
1758300000000000003,1758290000000000002,1758280000000000002,2024-11-07,5652,103,4313,37803757,6688563,0.018224,3.47,156.92
1758300000000000004,1758290000000000003,1758280000000000002,2024-11-07,3091,48,2188,33486388,10833513,0.015529,1.54,114.16
1758300000000000005,1758290000000000004,1758280000000000003,2024-11-07,4981,68,3637,53467608,10734312,0.013652,0.73,69.64
1758300000000000006,1758290000000000005,1758280000000000004,2024-11-07,3736,57,2490,49739615,13313601,0.015257,1.19,128.52
1758300000000000007,1758290000000000005,1758280000000000004,2024-11-07,3919,60,2285,57195602,14594438,0.01531,1.58,117.42
1758300000000000001,1758290000000000001,1758280000000000001,2024-11-08,7241,52,4642,47071263,6500658,0.007181,0.17,8.81
1758300000000000002,1758290000000000001,1758280000000000001,2024-11-08,10911,79,8040,65626135,6014676,0.00724,0.23,17.03
1758300000000000004,1758290000000000003,1758280000000000002,2024-11-08,4078,69,3240,30350250,7442435,0.01692,1.47,204.32
1758300000000000005,1758290000000000004,1758280000000000003,2024-11-08,5719,76,4072,48298885,8445337,0.013289,0.62,59.18
1758300000000000006,1758290000000000005,1758280000000000004,2024-11-08,3415,72,2616,44999694,13177070,0.021083,1.14,116.69
1758300000000000007,1758290000000000005,1758280000000000004,2024-11-08,4700,90,3142,51598075,10978314,0.019149,2.49,174.19
1758300000000000001,1758290000000000001,1758280000000000001,2024-11-09,13850,113,10285,57703963,4166351,0.008159,0.52,50.59
1758300000000000002,1758290000000000001,1758280000000000001,2024-11-09,10031,71,7013,61079994,6089123,0.007078,0.23,12.6
1758300000000000003,1758290000000000002,1758280000000000002,2024-11-09,5632,120,3771,37777798,6707706,0.021307,3.33,157.4
1758300000000000004,1758290000000000003,1758280000000000002,2024-11-09,3216,91,1981,30098748,9359063,0.028296,2.61,259.82
1758300000000000005,1758290000000000004,1758280000000000003,2024-11-09,6625,108,3963,50907410,7684137,0.016302,1.15,117.17
1758300000000000006,1758290000000000005,1758280000000000004,2024-11-09,5489,108,3134,47656653,8682210,0.019676,2.64,304.32
1758300000000000007,1758290000000000005,1758280000000000004,2024-11-09,6138,152,4097,54158167,8823422,0.024764,4.29,342.9
1758300000000000001,1758290000000000001,1758280000000000001,2024-11-10,11733,68,8645,54841634,4674136,0.005796,0.35,32.69
1758300000000000002,1758290000000000001,1758280000000000001,2024-11-10,5675,45,3247,49036696,8640827,0.00793,0.15,7.96
1758300000000000003,1758290000000000002,1758280000000000002,2024-11-10,4111,83,2950,27735958,6746767,0.02019,2.19,225.57
1758300000000000004,1758290000000000003,1758280000000000002,2024-11-10,5174,131,3082,31623088,6111923,0.025319,4.76,204.07
1758300000000000005,1758290000000000004,1758280000000000003,2024-11-10,4365,49,2965,44519285,10199149,0.011226,0.52,36.01
1758300000000000006,1758290000000000005,1758280000000000004,2024-11-10,4301,88,3288,51049393,11869192,0.02046,2.06,147.86
1758300000000000007,1758290000000000005,1758280000000000004,2024-11-10,3398,70,2014,37989176,11179863,0.0206,1.23,163.39
1758300000000000001,1758290000000000001,1758280000000000001,2024-11-11,5899,63,3578,48147198,8161925,0.01068,0.19,25.35
1758300000000000002,1758290000000000001,1758280000000000001,2024-11-11,10504,74,6287,45050441,4288884,0.007045,0.37,26.18
1758300000000000003,1758290000000000002,1758280000000000002,2024-11-11,3669,108,2784,28761755,7839126,0.029436,2.3,201.03
1758300000000000004,1758290000000000003,1758280000000000002,2024-11-11,2196,63,1382,24494039,11153934,0.028689,2.16,266.58
1758300000000000005,1758290000000000004,1758280000000000003,2024-11-11,5859,61,3537,39941845,6817178,0.010411,0.48,60.61
1758300000000000006,1758290000000000005,1758280000000000004,2024-11-11,3155,58,2089,36172769,11465220,0.018384,1.22,97.21
1758300000000000007,1758290000000000005,1758280000000000004,2024-11-11,4389,93,2806,43710922,9959198,0.021189,1.63,195.13
1758300000000000009,1758290000000000007,1758280000000000006,2024-11-11,33481,163,21930,152874973,4566022,0.004868,0.17,11.26
1758300000000000001,1758290000000000001,1758280000000000001,2024-11-12,11068,108,7078,64275381,5807317,0.009758,0.43,57.34
1758300000000000002,1758290000000000001,1758280000000000001,2024-11-12,11682,105,6659,62275716,5330912,0.008988,0.33,34.2
1758300000000000003,1758290000000000002,1758280000000000002,2024-11-12,4680,105,3495,33176256,7088944,0.022436,3.38,267.37
1758300000000000004,1758290000000000003,1758280000000000002,2024-11-12,3392,64,2280,39138657,11538519,0.018868,1.99,149.96
1758300000000000005,1758290000000000004,1758280000000000003,2024-11-12,7247,127,4420,54236185,7483950,0.017524,1.45,78.19
1758300000000000006,1758290000000000005,1758280000000000004,2024-11-12,3461,88,2430,46162630,13337946,0.025426,1.43,156.83
1758300000000000007,1758290000000000005,1758280000000000004,2024-11-12,7271,172,5377,62309739,8569624,0.023656,3.12,197.4
1758300000000000009,1758290000000000007,1758280000000000006,2024-11-12,44362,170,34061,150123285,3384051,0.003832,0.25,30.33
1758300000000000001,1758290000000000001,1758280000000000001,2024-11-13,9410,51,6814,44647228,4744658,0.00542,0.17,10.08
1758300000000000002,1758290000000000001,1758280000000000001,2024-11-13,6149,70,3617,47655224,7750077,0.011384,0.3,12.94
1758300000000000003,1758290000000000002,1758280000000000002,2024-11-13,4009,87,3014,27189520,6782120,0.021701,2.88,272.62
1758300000000000004,1758290000000000003,1758280000000000002,2024-11-13,4058,104,2649,25554738,6297373,0.025628,3.22,429.14
1758300000000000005,1758290000000000004,1758280000000000003,2024-11-13,5309,95,3346,39558193,7451157,0.017894,1.1,68.58
1758300000000000006,1758290000000000005,1758280000000000004,2024-11-13,3765,94,2432,40431751,10738845,0.024967,2.18,145.17
1758300000000000009,1758290000000000007,1758280000000000006,2024-11-13,29679,149,21160,117279474,3951598,0.00502,0.2,27.52
1758300000000000001,1758290000000000001,1758280000000000001,2024-11-14,8771,75,5050,53752037,6128382,0.008551,0.24,31.93
1758300000000000002,1758290000000000001,1758280000000000001,2024-11-14,5125,54,3462,43633762,8513905,0.010537,0.18,14.23
1758300000000000003,1758290000000000002,1758280000000000002,2024-11-14,4377,91,2892,28576333,6528749,0.02079,3.01,166.45
1758300000000000004,1758290000000000003,1758280000000000002,2024-11-14,3531,57,2471,27072696,7667147,0.016143,1.32,120.83
1758300000000000005,1758290000000000004,1758280000000000003,2024-11-14,5517,57,3316,41736771,7565121,0.010332,0.54,30.95
1758300000000000006,1758290000000000005,1758280000000000004,2024-11-14,2872,39,2297,41379438,14407882,0.013579,0.74,44.9
1758300000000000007,1758290000000000005,1758280000000000004,2024-11-14,3046,69,1966,42094104,13819469,0.022653,1.24,62.51
1758300000000000009,1758290000000000007,1758280000000000006,2024-11-14,22638,117,13633,128143318,5660541,0.005168,0.18,21.45
1758300000000000001,1758290000000000001,1758280000000000001,2024-11-15,7306,57,5516,52425772,7175715,0.007802,0.16,13.08
1758300000000000002,1758290000000000001,1758280000000000001,2024-11-15,7176,82,4797,64518309,8990846,0.011427,0.39,43.27
1758300000000000003,1758290000000000002,1758280000000000002,2024-11-15,5244,102,3625,32262268,6152225,0.019451,3.64,157.55
1758300000000000004,1758290000000000003,1758280000000000002,2024-11-15,4951,114,3314,34562921,6980998,0.023026,3.07,383.07
1758300000000000005,1758290000000000004,1758280000000000003,2024-11-15,5946,59,3488,50118892,8429010,0.009923,0.6,45.71
1758300000000000006,1758290000000000005,1758280000000000004,2024-11-15,4558,100,3087,55236160,12118508,0.021939,1.68,74.6
1758300000000000007,1758290000000000005,1758280000000000004,2024-11-15,3202,60,2048,45001624,14054224,0.018738,1.06,74.94
1758300000000000009,1758290000000000007,1758280000000000006,2024-11-15,21234,102,11749,99874390,4703513,0.004804,0.13,7.53
1758300000000000001,1758290000000000001,1758280000000000001,2024-11-16,9991,71,7859,57185149,5723666,0.007106,0.37,51.57
1758300000000000002,1758290000000000001,1758280000000000001,2024-11-16,7622,57,4374,62590268,8211791,0.007478,0.16,8.79
1758300000000000003,1758290000000000002,1758280000000000002,2024-11-16,3255,62,2052,28677985,8810441,0.019048,2.38,189.71
1758300000000000004,1758290000000000003,1758280000000000002,2024-11-16,3465,84,2104,39765110,11476222,0.024242,2.07,218.25
1758300000000000005,1758290000000000004,1758280000000000003,2024-11-16,7493,93,5134,51332322,6850704,0.012412,0.92,79.17
1758300000000000006,1758290000000000005,1758280000000000004,2024-11-16,3607,88,2673,51394638,14248583,0.024397,1.71,227.78
1758300000000000007,1758290000000000005,1758280000000000004,2024-11-16,4586,93,3484,51270005,11179678,0.020279,1.61,165.69
1758300000000000009,1758290000000000007,1758280000000000006,2024-11-16,27967,136,19025,140800310,5034516,0.004863,0.19,8.17
1758300000000000001,1758290000000000001,1758280000000000001,2024-11-17,5423,64,3031,48704457,8981091,0.011802,0.25,13.35
1758300000000000002,1758290000000000001,1758280000000000001,2024-11-17,9676,111,6941,49486492,5114354,0.011472,0.32,39.38
1758300000000000003,1758290000000000002,1758280000000000002,2024-11-17,3454,89,2595,29813915,8631707,0.025767,1.92,191.44
1758300000000000004,1758290000000000003,1758280000000000002,2024-11-17,2833,68,2221,26295199,9281750,0.024003,1.96,155.95
1758300000000000005,1758290000000000004,1758280000000000003,2024-11-17,4016,38,2354,42081835,10478545,0.009462,0.48,41.72
1758300000000000006,1758290000000000005,1758280000000000004,2024-11-17,4964,79,3000,46548028,9377121,0.015915,1.58,80.67
1758300000000000007,1758290000000000005,1758280000000000004,2024-11-17,3414,61,2162,37615642,11018056,0.017868,1.31,151.46
1758300000000000009,1758290000000000007,1758280000000000006,2024-11-17,28610,144,16583,132473096,4630307,0.005033,0.19,14.4
1758300000000000001,1758290000000000001,1758280000000000001,2024-11-18,7897,95,5301,58970250,7467424,0.01203,0.33,43.86
1758300000000000002,1758290000000000001,1758280000000000001,2024-11-18,10780,117,6833,51009127,4731830,0.010853,0.46,50.29
1758300000000000003,1758290000000000002,1758280000000000002,2024-11-18,2116,48,1542,26541492,12543238,0.022684,1.72,238.76
1758300000000000004,1758290000000000003,1758280000000000002,2024-11-18,3831,88,2215,36303866,9476342,0.022971,3.2,245.19
1758300000000000005,1758290000000000004,1758280000000000003,2024-11-18,6895,82,5169,47134019,6835971,0.011893,0.92,120.45
1758300000000000006,1758290000000000005,1758280000000000004,2024-11-18,5846,131,4041,48163977,8238792,0.022408,3.6,418.92
1758300000000000007,1758290000000000005,1758280000000000004,2024-11-18,5704,122,3247,46104060,8082759,0.021388,2.24,183.9
1758300000000000009,1758290000000000007,1758280000000000006,2024-11-18,28101,120,18683,137989066,4910468,0.00427,0.14,16.85
1758300000000000001,1758290000000000001,1758280000000000001,2024-11-19,11901,117,8866,50354433,4231109,0.009831,0.4,23.93
1758300000000000003,1758290000000000002,1758280000000000002,2024-11-19,2743,47,1649,28810863,10503413,0.017135,1.5,125.13
1758300000000000004,1758290000000000003,1758280000000000002,2024-11-19,3060,71,1925,35807533,11701808,0.023203,2.36,170.76
1758300000000000005,1758290000000000004,1758280000000000003,2024-11-19,4579,37,2808,48463797,10583926,0.00808,0.3,26.75
1758300000000000006,1758290000000000005,1758280000000000004,2024-11-19,4757,109,3464,53689870,11286498,0.022914,2.17,247.14
1758300000000000007,1758290000000000005,1758280000000000004,2024-11-19,5019,110,3301,43237724,8614809,0.021917,1.74,146.64
1758300000000000009,1758290000000000007,1758280000000000006,2024-11-19,29601,204,21400,109546469,3700769,0.006892,0.37,26.53
1758300000000000001,1758290000000000001,1758280000000000001,2024-11-20,8598,44,5763,46713225,5433034,0.005117,0.14,8.43
1758300000000000002,1758290000000000001,1758280000000000001,2024-11-20,8403,61,5850,52790991,6282398,0.007259,0.24,23.47
1758300000000000003,1758290000000000002,1758280000000000002,2024-11-20,2655,40,1789,29521942,11119376,0.015066,1.47,68.21
1758300000000000004,1758290000000000003,1758280000000000002,2024-11-20,2543,62,1694,27337610,10750142,0.024381,2.2,294.65
1758300000000000005,1758290000000000004,1758280000000000003,2024-11-20,4968,79,3679,42644664,8583870,0.015902,0.97,116.68
1758300000000000006,1758290000000000005,1758280000000000004,2024-11-20,5395,125,3802,47808907,8861707,0.02317,3.36,297.75
1758300000000000007,1758290000000000005,1758280000000000004,2024-11-20,3150,52,2073,37480421,11898546,0.016508,1.47,126.7
1758300000000000009,1758290000000000007,1758280000000000006,2024-11-20,34331,239,23780,157583972,4590136,0.006962,0.38,33.02
1758300000000000002,1758290000000000001,1758280000000000001,2024-11-21,5225,42,3604,43968098,8414947,0.008038,0.16,14.83
1758300000000000003,1758290000000000002,1758280000000000002,2024-11-21,3471,73,2737,23798684,6856434,0.021031,2.77,357.09
1758300000000000004,1758290000000000003,1758280000000000002,2024-11-21,4857,129,3432,30091152,6195419,0.02656,4.9,312.4
1758300000000000005,1758290000000000004,1758280000000000003,2024-11-21,3851,64,2733,40417377,10495294,0.016619,0.69,54.91
1758300000000000007,1758290000000000005,1758280000000000004,2024-11-21,2751,51,2114,37099835,13485945,0.018539,1.39,155.82
1758300000000000009,1758290000000000007,1758280000000000006,2024-11-21,55853,368,35122,172827837,3094334,0.006589,0.46,49.78
1758300000000000001,1758290000000000001,1758280000000000001,2024-11-22,13008,102,9377,63156680,4855218,0.007841,0.41,54.88
1758300000000000002,1758290000000000001,1758280000000000001,2024-11-22,7801,55,4801,59467051,7623004,0.00705,0.22,15.88
1758300000000000003,1758290000000000002,1758280000000000002,2024-11-22,4496,82,2681,38159628,8487462,0.018238,2.75,211.97
1758300000000000004,1758290000000000003,1758280000000000002,2024-11-22,2574,67,2012,31911075,12397465,0.02603,1.97,242.14
1758300000000000005,1758290000000000004,1758280000000000003,2024-11-22,6854,101,5459,52553028,7667498,0.014736,0.79,58.64
1758300000000000007,1758290000000000005,1758280000000000004,2024-11-22,6317,119,3669,54615420,8645784,0.018838,2.86,388.48
1758300000000000009,1758290000000000007,1758280000000000006,2024-11-22,22199,111,12348,112500541,5067820,0.005,0.14,8.72
1758300000000000001,1758290000000000001,1758280000000000001,2024-11-23,5479,28,3800,45656082,8332922,0.00511,0.13,11.93
1758300000000000002,1758290000000000001,1758280000000000001,2024-11-23,4485,43,2697,37186640,8291336,0.009588,0.17,17.74
1758300000000000003,1758290000000000002,1758280000000000002,2024-11-23,3195,51,1956,21956453,6872129,0.015962,1.99,259.31
1758300000000000005,1758290000000000004,1758280000000000003,2024-11-23,6632,113,5156,35504024,5353441,0.017039,1.43,83.35
1758300000000000006,1758290000000000005,1758280000000000004,2024-11-23,4120,60,2972,30276121,7348573,0.014563,1.47,168.64
1758300000000000007,1758290000000000005,1758280000000000004,2024-11-23,5453,120,3958,40731927,7469636,0.022006,2.38,131.56
1758300000000000009,1758290000000000007,1758280000000000006,2024-11-23,20501,116,15800,85465839,4168862,0.005658,0.14,11.1
1758300000000000001,1758290000000000001,1758280000000000001,2024-11-24,13505,101,8961,80624313,5969960,0.007479,0.3,33.89
1758300000000000002,1758290000000000001,1758280000000000001,2024-11-24,12200,112,6761,75820089,6214761,0.00918,0.35,45.64
1758300000000000003,1758290000000000002,1758280000000000002,2024-11-24,3820,97,2563,42887576,11227114,0.025393,2.37,195.98
1758300000000000004,1758290000000000003,1758280000000000002,2024-11-24,3713,82,2054,46509225,12526050,0.022085,2.5,288.68
1758300000000000005,1758290000000000004,1758280000000000003,2024-11-24,11571,177,8539,67047601,5794452,0.015297,1.8,183.79
1758300000000000006,1758290000000000005,1758280000000000004,2024-11-24,6550,168,4011,56572377,8637004,0.025649,4.03,221.06
1758300000000000007,1758290000000000005,1758280000000000004,2024-11-24,5858,121,3474,77522825,13233668,0.020656,2.2,215.97
1758300000000000009,1758290000000000007,1758280000000000006,2024-11-24,27214,129,20361,106932135,3929306,0.00474,0.2,9.08
1758300000000000001,1758290000000000001,1758280000000000001,2024-11-25,8003,43,4940,45234227,5652159,0.005373,0.19,18.91
1758300000000000002,1758290000000000001,1758280000000000001,2024-11-25,5823,35,4469,49141852,8439267,0.006011,0.17,14.73
1758300000000000003,1758290000000000002,1758280000000000002,2024-11-25,2390,45,1463,23805382,9960411,0.018828,1.03,104.22
1758300000000000004,1758290000000000003,1758280000000000002,2024-11-25,2366,38,1656,30123807,12731956,0.016061,0.87,97.78
1758300000000000005,1758290000000000004,1758280000000000003,2024-11-25,5041,66,3893,40446891,8023585,0.013093,0.7,69.44
1758300000000000006,1758290000000000005,1758280000000000004,2024-11-25,3298,75,1973,38318174,11618609,0.022741,1.77,213.43
1758300000000000007,1758290000000000005,1758280000000000004,2024-11-25,4198,96,2937,42575609,10141879,0.022868,1.54,207.94
1758300000000000009,1758290000000000007,1758280000000000006,2024-11-25,25974,128,19568,121722798,4686332,0.004928,0.21,18.2
1758300000000000001,1758290000000000001,1758280000000000001,2024-11-26,9588,98,6247,59219848,6176455,0.010221,0.43,49.06
1758300000000000002,1758290000000000001,1758280000000000001,2024-11-26,12717,145,8349,57338900,4508839,0.011402,0.63,52.26
1758300000000000003,1758290000000000002,1758280000000000002,2024-11-26,3552,54,2418,32569754,9169413,0.015203,1.96,200.13
1758300000000000004,1758290000000000003,1758280000000000002,2024-11-26,5043,139,3596,34035245,6749008,0.027563,3.44,440.9
1758300000000000005,1758290000000000004,1758280000000000003,2024-11-26,4751,78,2758,49953749,10514365,0.016418,0.78,49.3
1758300000000000006,1758290000000000005,1758280000000000004,2024-11-26,5543,91,3593,48372924,8726849,0.016417,1.81,83.48
1758300000000000007,1758290000000000005,1758280000000000004,2024-11-26,7125,97,5190,51534575,7232923,0.013614,2.25,258.87
1758300000000000009,1758290000000000007,1758280000000000006,2024-11-26,29254,113,21599,142505218,4871307,0.003863,0.2,9.08
1758300000000000001,1758290000000000001,1758280000000000001,2024-11-27,8448,52,6011,57231917,6774611,0.006155,0.2,16.12
1758300000000000002,1758290000000000001,1758280000000000001,2024-11-27,4808,42,3572,41595226,8651253,0.008735,0.16,19.07
1758300000000000003,1758290000000000002,1758280000000000002,2024-11-27,3879,61,2485,28087292,7240859,0.015726,1.31,116.39
1758300000000000004,1758290000000000003,1758280000000000002,2024-11-27,2575,42,1797,28385361,11023441,0.016311,1.19,152.64
1758300000000000005,1758290000000000004,1758280000000000003,2024-11-27,4989,57,2814,42354490,8489575,0.011425,0.65,50.91
1758300000000000006,1758290000000000005,1758280000000000004,2024-11-27,3558,58,2602,42850654,12043467,0.016301,1.34,69.07
1758300000000000007,1758290000000000005,1758280000000000004,2024-11-27,3091,58,2335,41858326,13542001,0.018764,0.9,117.64
1758300000000000009,1758290000000000007,1758280000000000006,2024-11-27,25202,132,14063,145089506,5757063,0.005238,0.21,15.67
1758300000000000001,1758290000000000001,1758280000000000001,2024-11-28,10132,54,7325,54192900,5348687,0.00533,0.24,10.17
1758300000000000002,1758290000000000001,1758280000000000001,2024-11-28,10027,107,7721,62038134,6187108,0.010671,0.31,26.09
1758300000000000003,1758290000000000002,1758280000000000002,2024-11-28,2637,55,2076,30211025,11456589,0.020857,1.22,74.37
1758300000000000004,1758290000000000003,1758280000000000002,2024-11-28,3123,81,1969,36206709,11593567,0.025937,2.73,187.11
1758300000000000005,1758290000000000004,1758280000000000003,2024-11-28,5910,52,3477,49813300,8428646,0.008799,0.6,43.89
1758300000000000006,1758290000000000005,1758280000000000004,2024-11-28,3392,46,1928,48259515,14227451,0.013561,1.12,108.68
1758300000000000007,1758290000000000005,1758280000000000004,2024-11-28,3894,54,3075,51367085,13191342,0.013867,1.22,118.09
1758300000000000009,1758290000000000007,1758280000000000006,2024-11-28,51743,323,37473,166659271,3220905,0.006242,0.37,33.41
1758300000000000001,1758290000000000001,1758280000000000001,2024-11-29,8479,43,4905,73441148,8661534,0.005071,0.2,20.16
1758300000000000002,1758290000000000001,1758280000000000001,2024-11-29,9080,47,7190,65714869,7237320,0.005176,0.16,9.87
1758300000000000003,1758290000000000002,1758280000000000002,2024-11-29,4300,66,2775,39938986,9288136,0.015349,1.45,148.98
1758300000000000004,1758290000000000003,1758280000000000002,2024-11-29,3873,87,2255,39578738,10219142,0.022463,3.09,139.52
1758300000000000005,1758290000000000004,1758280000000000003,2024-11-29,7456,132,5039,59638293,7998698,0.017704,1.59,167.95
1758300000000000006,1758290000000000005,1758280000000000004,2024-11-29,4719,85,3434,64227806,13610470,0.018012,1.9,110.44
1758300000000000007,1758290000000000005,1758280000000000004,2024-11-29,7691,181,5225,55048781,7157558,0.023534,3.43,320.83
1758300000000000009,1758290000000000007,1758280000000000006,2024-11-29,38491,152,30735,119608501,3107441,0.003949,0.27,32.11
1758300000000000001,1758290000000000001,1758280000000000001,2024-11-30,18592,103,12447,76891406,4135725,0.00554,0.34,16.64
1758300000000000002,1758290000000000001,1758280000000000001,2024-11-30,8753,61,5335,65431838,7475361,0.006969,0.23,12.16
1758300000000000003,1758290000000000002,1758280000000000002,2024-11-30,3939,86,2229,35667769,9055031,0.021833,2.04,135.15
1758300000000000004,1758290000000000003,1758280000000000002,2024-11-30,6878,198,4841,45659799,6638528,0.028787,4.74,491.98
1758300000000000005,1758290000000000004,1758280000000000003,2024-11-30,9266,134,7031,60995676,6582741,0.014461,1.51,162.14
1758300000000000006,1758290000000000005,1758280000000000004,2024-11-30,6003,137,3767,63622228,10598405,0.022822,2.33,107.43
1758300000000000007,1758290000000000005,1758280000000000004,2024-11-30,5504,127,4157,58369125,10604856,0.023074,2.98,286.02
1758300000000000001,1758290000000000001,1758280000000000001,2024-12-01,9750,72,7243,57570840,5904702,0.007385,0.28,37.08
1758300000000000002,1758290000000000001,1758280000000000001,2024-12-01,12737,74,9873,51168373,4017302,0.00581,0.33,26.86
1758300000000000003,1758290000000000002,1758280000000000002,2024-12-01,4766,123,2645,32401644,6798499,0.025808,2.81,141.51
1758300000000000004,1758290000000000003,1758280000000000002,2024-12-01,3820,107,2448,29735049,7784044,0.02801,2.5,146.77
1758300000000000005,1758290000000000004,1758280000000000003,2024-12-01,7593,75,5293,46602520,6137564,0.009878,0.78,98.12
1758300000000000006,1758290000000000005,1758280000000000004,2024-12-01,4103,86,2278,46253029,11272978,0.02096,2.3,210.74
1758300000000000007,1758290000000000005,1758280000000000004,2024-12-01,5401,75,3930,46952011,8693207,0.013886,2.14,265.14
1758300000000000001,1758290000000000001,1758280000000000001,2024-12-02,11895,139,8477,63381678,5328430,0.011686,0.58,68.74
1758300000000000002,1758290000000000001,1758280000000000001,2024-12-02,9399,88,5227,43854592,4665878,0.009363,0.32,37.38
1758300000000000003,1758290000000000002,1758280000000000002,2024-12-02,2840,57,1863,31853068,11215869,0.02007,1.73,209.83
1758300000000000004,1758290000000000003,1758280000000000002,2024-12-02,3521,102,2162,29424801,8356944,0.028969,2.43,191.0
1758300000000000005,1758290000000000004,1758280000000000003,2024-12-02,4357,60,2986,45958402,10548176,0.013771,0.74,53.44
1758300000000000006,1758290000000000005,1758280000000000004,2024-12-02,4025,59,3047,53264001,13233292,0.014658,1.48,69.23
1758300000000000007,1758290000000000005,1758280000000000004,2024-12-02,5162,89,3044,38652803,7487951,0.017241,2.38,313.07
1758300000000000001,1758290000000000001,1758280000000000001,2024-12-03,9430,92,7165,61574210,6529609,0.009756,0.31,40.79
1758300000000000002,1758290000000000001,1758280000000000001,2024-12-03,14001,127,9243,56586864,4041630,0.009071,0.48,30.3
1758300000000000004,1758290000000000003,1758280000000000002,2024-12-03,5282,113,3719,35904281,6797478,0.021393,4.09,382.32
1758300000000000005,1758290000000000004,1758280000000000003,2024-12-03,4616,71,2651,50640460,10970637,0.015381,0.72,82.51
1758300000000000007,1758290000000000005,1758280000000000004,2024-12-03,6059,141,3489,50943174,8407852,0.023271,3.08,266.28
1758300000000000001,1758290000000000001,1758280000000000001,2024-12-04,7939,59,6345,40067605,5046933,0.007432,0.21,9.1
1758300000000000002,1758290000000000001,1758280000000000001,2024-12-04,4599,48,2930,41165434,8950953,0.010437,0.15,19.38
1758300000000000003,1758290000000000002,1758280000000000002,2024-12-04,3013,53,1780,19137211,6351547,0.01759,1.76,171.34
1758300000000000004,1758290000000000003,1758280000000000002,2024-12-04,4067,117,3153,27281668,6708057,0.028768,3.54,286.83
1758300000000000006,1758290000000000005,1758280000000000004,2024-12-04,3194,68,1757,34805964,10897296,0.02129,1.11,95.15
1758300000000000001,1758290000000000001,1758280000000000001,2024-12-05,7840,73,4918,53834011,6866583,0.009311,0.36,46.27
1758300000000000002,1758290000000000001,1758280000000000001,2024-12-05,11134,114,7143,50364143,4523455,0.010239,0.32,44.18
1758300000000000003,1758290000000000002,1758280000000000002,2024-12-05,3176,88,1759,28560675,8992656,0.027708,2.15,207.95
1758300000000000004,1758290000000000003,1758280000000000002,2024-12-05,2714,63,1646,30981127,11415301,0.023213,1.37,62.15
1758300000000000005,1758290000000000004,1758280000000000003,2024-12-05,4544,54,3432,44656352,9827542,0.011884,0.41,41.45
1758300000000000006,1758290000000000005,1758280000000000004,2024-12-05,5254,71,2928,39609694,7538960,0.013514,1.8,89.35
1758300000000000007,1758290000000000005,1758280000000000004,2024-12-05,6553,134,4729,49703009,7584772,0.020449,2.37,323.98
1758300000000000001,1758290000000000001,1758280000000000001,2024-12-06,7391,66,4189,50210005,6793398,0.00893,0.33,27.17
1758300000000000002,1758290000000000001,1758280000000000001,2024-12-06,4854,27,3241,40510060,8345707,0.005562,0.12,16.69
1758300000000000003,1758290000000000002,1758280000000000002,2024-12-06,2049,39,1365,23964553,11695731,0.019034,1.14,73.92
1758300000000000004,1758290000000000003,1758280000000000002,2024-12-06,4095,75,2496,27875484,6807200,0.018315,2.92,183.05
1758300000000000005,1758290000000000004,1758280000000000003,2024-12-06,6131,65,4558,38880028,6341548,0.010602,0.78,105.57
1758300000000000006,1758290000000000005,1758280000000000004,2024-12-06,3264,66,2099,43646942,13372225,0.020221,1.26,82.93
1758300000000000007,1758290000000000005,1758280000000000004,2024-12-06,4361,83,2505,34113114,7822315,0.019032,2.05,271.04
1758300000000000001,1758290000000000001,1758280000000000001,2024-12-07,6190,63,3488,52002487,8401048,0.010178,0.23,24.75
1758300000000000002,1758290000000000001,1758280000000000001,2024-12-07,6747,79,3796,43246476,6409734,0.011709,0.39,54.47
1758300000000000004,1758290000000000003,1758280000000000002,2024-12-07,2560,72,1971,24954208,9747738,0.028125,2.56,144.57
1758300000000000005,1758290000000000004,1758280000000000003,2024-12-07,6161,110,4303,40820984,6625708,0.017854,1.27,171.19
1758300000000000006,1758290000000000005,1758280000000000004,2024-12-07,4583,68,3088,41383730,9029834,0.014837,1.48,178.21
1758300000000000007,1758290000000000005,1758280000000000004,2024-12-07,3713,67,2896,40258238,10842510,0.018045,1.57,216.54
1758300000000000001,1758290000000000001,1758280000000000001,2024-12-08,6770,41,3748,54847534,8101556,0.006056,0.21,19.37
1758300000000000002,1758290000000000001,1758280000000000001,2024-12-08,13392,77,9023,64486681,4815314,0.00575,0.33,43.37
1758300000000000003,1758290000000000002,1758280000000000002,2024-12-08,3453,101,1992,33727882,9767704,0.02925,3.73,414.38
1758300000000000004,1758290000000000003,1758280000000000002,2024-12-08,4467,72,2707,34463098,7715043,0.016118,2.01,86.5
1758300000000000005,1758290000000000004,1758280000000000003,2024-12-08,6587,102,3886,51143235,7764268,0.015485,1.32,97.61
1758300000000000006,1758290000000000005,1758280000000000004,2024-12-08,6333,151,5030,46331150,7315830,0.023843,2.48,309.74
1758300000000000007,1758290000000000005,1758280000000000004,2024-12-08,3880,50,2951,55955320,14421474,0.012887,1.4,194.85
1758300000000000001,1758290000000000001,1758280000000000001,2024-12-09,7865,86,6252,35768299,4547781,0.010935,0.28,29.72
1758300000000000002,1758290000000000001,1758280000000000001,2024-12-09,5417,39,3123,45713978,8438984,0.0072,0.14,6.19
1758300000000000003,1758290000000000002,1758280000000000002,2024-12-09,2108,63,1375,21914907,10396066,0.029886,1.95,166.32
1758300000000000004,1758290000000000003,1758280000000000002,2024-12-09,2355,46,1636,24646394,10465560,0.019533,1.77,102.04
1758300000000000005,1758290000000000004,1758280000000000003,2024-12-09,3409,35,1995,34920976,10243759,0.010267,0.33,23.72
1758300000000000006,1758290000000000005,1758280000000000004,2024-12-09,3542,68,1991,34955696,9868915,0.019198,1.42,65.34
1758300000000000007,1758290000000000005,1758280000000000004,2024-12-09,2986,74,2353,34886256,11683274,0.024782,1.23,76.02
1758300000000000001,1758290000000000001,1758280000000000001,2024-12-10,5841,34,3611,45173129,7733801,0.005821,0.17,7.13
1758300000000000003,1758290000000000002,1758280000000000002,2024-12-10,2637,62,1867,27829946,10553639,0.023512,1.65,170.91
1758300000000000004,1758290000000000003,1758280000000000002,2024-12-10,1984,48,1110,23628221,11909386,0.024194,1.12,119.35
1758300000000000005,1758290000000000004,1758280000000000003,2024-12-10,6311,101,4050,38593625,6115295,0.016004,0.77,68.32
1758300000000000006,1758290000000000005,1758280000000000004,2024-12-10,3249,66,2416,32494144,10001275,0.020314,1.29,178.28
1758300000000000007,1758290000000000005,1758280000000000004,2024-12-10,4706,88,2964,44693107,9497048,0.0187,2.03,146.04
1758300000000000001,1758290000000000001,1758280000000000001,2024-12-11,5509,65,3704,43030680,7810978,0.011799,0.18,22.73
1758300000000000002,1758290000000000001,1758280000000000001,2024-12-11,7815,52,4654,47142673,6032332,0.006654,0.17,21.25
1758300000000000003,1758290000000000002,1758280000000000002,2024-12-11,2392,72,1567,26062137,10895542,0.0301,2.06,231.23
1758300000000000004,1758290000000000003,1758280000000000002,2024-12-11,1990,38,1266,25465493,12796730,0.019095,1.07,61.94
1758300000000000005,1758290000000000004,1758280000000000003,2024-12-11,4177,62,2492,38645723,9252028,0.014843,0.48,57.59
1758300000000000006,1758290000000000005,1758280000000000004,2024-12-11,2689,50,1539,33057755,12293698,0.018594,1.33,78.83
1758300000000000007,1758290000000000005,1758280000000000004,2024-12-11,5773,76,4613,44233691,7662167,0.013165,1.34,161.54
1758300000000000001,1758290000000000001,1758280000000000001,2024-12-12,6804,77,4355,34203943,5027035,0.011317,0.28,33.08
1758300000000000002,1758290000000000001,1758280000000000001,2024-12-12,8018,64,5885,34933605,4356898,0.007982,0.27,19.75
1758300000000000003,1758290000000000002,1758280000000000002,2024-12-12,1840,31,1329,22319603,12130219,0.016848,0.73,56.66
1758300000000000004,1758290000000000003,1758280000000000002,2024-12-12,1440,35,815,17187567,11935810,0.024306,1.06,66.71
1758300000000000005,1758290000000000004,1758280000000000003,2024-12-12,5548,67,3257,29630378,5340731,0.012076,0.63,70.93
1758300000000000006,1758290000000000005,1758280000000000004,2024-12-12,3491,82,2508,30351421,8694191,0.023489,1.67,73.88
1758300000000000007,1758290000000000005,1758280000000000004,2024-12-12,1949,46,1103,28909335,14832907,0.023602,0.84,72.36
1758300000000000001,1758290000000000001,1758280000000000001,2024-12-13,9413,69,6605,54326867,5771472,0.00733,0.2,27.87
1758300000000000002,1758290000000000001,1758280000000000001,2024-12-13,7250,43,5451,53876729,7431273,0.005931,0.2,19.1
1758300000000000003,1758290000000000002,1758280000000000002,2024-12-13,2486,71,1405,28983182,11658561,0.02856,2.49,176.69
1758300000000000004,1758290000000000003,1758280000000000002,2024-12-13,4772,142,3101,32847444,6883370,0.029757,4.77,398.61
1758300000000000005,1758290000000000004,1758280000000000003,2024-12-13,6325,109,5014,46372970,7331695,0.017233,0.78,93.26
1758300000000000006,1758290000000000005,1758280000000000004,2024-12-13,3843,56,2904,46922207,12209786,0.014572,1.37,147.14
1758300000000000007,1758290000000000005,1758280000000000004,2024-12-13,5492,142,4354,45823732,8343724,0.025856,3.45,366.28
1758300000000000001,1758290000000000001,1758280000000000001,2024-12-14,5941,64,3323,44325098,7460882,0.010773,0.21,17.13
1758300000000000002,1758290000000000001,1758280000000000001,2024-12-14,6177,65,4614,43632980,7063782,0.010523,0.29,28.48
1758300000000000003,1758290000000000002,1758280000000000002,2024-12-14,3335,99,1918,26340653,7898247,0.029685,2.91,256.14
1758300000000000004,1758290000000000003,1758280000000000002,2024-12-14,1993,34,1471,23921106,12002562,0.01706,1.29,144.24
1758300000000000005,1758290000000000004,1758280000000000003,2024-12-14,4206,34,2849,37696319,8962510,0.008084,0.31,40.29
1758300000000000006,1758290000000000005,1758280000000000004,2024-12-14,4526,82,3514,42968579,9493721,0.018118,2.22,272.55
1758300000000000007,1758290000000000005,1758280000000000004,2024-12-14,2218,54,1601,32424059,14618602,0.024346,1.46,169.72
1758300000000000001,1758290000000000001,1758280000000000001,2024-12-15,8970,82,7164,42626083,4752072,0.009142,0.4,23.09
1758300000000000002,1758290000000000001,1758280000000000001,2024-12-15,8992,71,6247,43056121,4788270,0.007896,0.25,15.63
1758300000000000003,1758290000000000002,1758280000000000002,2024-12-15,2038,39,1607,24160941,11855221,0.019136,1.02,76.25
1758300000000000004,1758290000000000003,1758280000000000002,2024-12-15,2691,59,1960,24800319,9216023,0.021925,1.25,114.7
1758300000000000005,1758290000000000004,1758280000000000003,2024-12-15,5734,101,3921,36720945,6404071,0.017614,0.93,97.0
1758300000000000006,1758290000000000005,1758280000000000004,2024-12-15,3517,63,2208,36856397,10479499,0.017913,1.56,160.62
1758300000000000007,1758290000000000005,1758280000000000004,2024-12-15,2494,61,1521,36585493,14669404,0.024459,1.5,164.67
1758300000000000001,1758290000000000001,1758280000000000001,2024-12-16,7582,52,5506,51310494,6767409,0.006858,0.17,13.64
1758300000000000002,1758290000000000001,1758280000000000001,2024-12-16,6078,57,4426,41656777,6853698,0.009378,0.27,32.24
1758300000000000003,1758290000000000002,1758280000000000002,2024-12-16,2762,51,1864,24175780,8752998,0.018465,1.22,141.62
1758300000000000004,1758290000000000003,1758280000000000002,2024-12-16,2472,64,1930,28948375,11710508,0.02589,2.32,280.15
1758300000000000005,1758290000000000004,1758280000000000003,2024-12-16,3682,57,2868,39843116,10821053,0.015481,0.61,69.59
1758300000000000006,1758290000000000005,1758280000000000004,2024-12-16,3133,66,2285,38464020,12277057,0.021066,1.42,57.89
1758300000000000007,1758290000000000005,1758280000000000004,2024-12-16,3338,50,2575,41222211,12349374,0.014979,1.11,75.52
1758300000000000001,1758290000000000001,1758280000000000001,2024-12-17,8308,43,6533,57733654,6949164,0.005176,0.19,16.77
1758300000000000003,1758290000000000002,1758280000000000002,2024-12-17,4065,105,3154,30471966,7496179,0.02583,3.62,189.8
1758300000000000004,1758290000000000003,1758280000000000002,2024-12-17,3553,58,2188,30236621,8510166,0.016324,1.86,172.64
1758300000000000005,1758290000000000004,1758280000000000003,2024-12-17,5432,81,3174,45531440,8382077,0.014912,0.88,59.69
1758300000000000006,1758290000000000005,1758280000000000004,2024-12-17,4201,105,2430,49099308,11687529,0.024994,2.04,214.6
1758300000000000007,1758290000000000005,1758280000000000004,2024-12-17,3812,53,2346,41963572,11008282,0.013903,1.42,119.5
1758300000000000001,1758290000000000001,1758280000000000001,2024-12-18,5483,59,3280,47400874,8645062,0.010761,0.25,22.19
1758300000000000002,1758290000000000001,1758280000000000001,2024-12-18,5690,45,3692,38214952,6716160,0.007909,0.21,27.83
1758300000000000003,1758290000000000002,1758280000000000002,2024-12-18,1955,38,1543,24539187,12552014,0.019437,1.45,91.56
1758300000000000004,1758290000000000003,1758280000000000002,2024-12-18,3535,73,2799,24384142,6897919,0.020651,1.79,94.69
1758300000000000005,1758290000000000004,1758280000000000003,2024-12-18,6919,107,4672,36692497,5303150,0.015465,1.15,54.99
1758300000000000006,1758290000000000005,1758280000000000004,2024-12-18,2352,55,1857,34721376,14762490,0.023384,0.87,79.44
1758300000000000001,1758290000000000001,1758280000000000001,2024-12-19,8237,49,5623,43389626,5267649,0.005949,0.25,10.59
1758300000000000002,1758290000000000001,1758280000000000001,2024-12-19,6035,53,4065,43959320,7284063,0.008782,0.24,20.85
1758300000000000003,1758290000000000002,1758280000000000002,2024-12-19,2226,48,1311,23907298,10740026,0.021563,1.42,129.84
1758300000000000004,1758290000000000003,1758280000000000002,2024-12-19,4305,129,2627,26006386,6040972,0.029965,4.19,494.05
1758300000000000005,1758290000000000004,1758280000000000003,2024-12-19,3417,51,2328,37435263,10955594,0.014925,0.48,41.55
1758300000000000006,1758290000000000005,1758280000000000004,2024-12-19,4017,57,2802,41891868,10428645,0.01419,1.32,148.92
1758300000000000007,1758290000000000005,1758280000000000004,2024-12-19,2468,41,1679,32978658,13362503,0.016613,1.02,116.02
1758300000000000001,1758290000000000001,1758280000000000001,2024-12-20,10918,68,7426,70173857,6427355,0.006228,0.29,33.29
1758300000000000002,1758290000000000001,1758280000000000001,2024-12-20,14692,123,11035,65256936,4441665,0.008372,0.46,32.77
1758300000000000003,1758290000000000002,1758280000000000002,2024-12-20,3771,107,2387,34950593,9268256,0.028374,3.81,300.92
1758300000000000004,1758290000000000003,1758280000000000002,2024-12-20,3353,52,2049,42438432,12656854,0.015508,1.93,195.34
1758300000000000005,1758290000000000004,1758280000000000003,2024-12-20,7549,81,4786,58041768,7688670,0.01073,0.64,33.04
1758300000000000006,1758290000000000005,1758280000000000004,2024-12-20,4427,89,2609,60243876,13608285,0.020104,1.68,123.85
1758300000000000007,1758290000000000005,1758280000000000004,2024-12-20,4302,63,3081,55839661,12979930,0.014644,1.5,197.76
1758300000000000001,1758290000000000001,1758280000000000001,2024-12-21,4488,45,3350,36272416,8082089,0.010027,0.17,7.06
1758300000000000002,1758290000000000001,1758280000000000001,2024-12-21,6010,57,3699,46079578,7667151,0.009484,0.18,8.16
1758300000000000003,1758290000000000002,1758280000000000002,2024-12-21,2526,54,2020,19506365,7722235,0.021378,1.18,148.17
1758300000000000004,1758290000000000003,1758280000000000002,2024-12-21,2646,46,1502,27551917,10412667,0.017385,0.99,47.35
1758300000000000005,1758290000000000004,1758280000000000003,2024-12-21,5165,73,3848,35293712,6833245,0.014134,0.63,36.8
1758300000000000006,1758290000000000005,1758280000000000004,2024-12-21,2724,43,1811,33953351,12464519,0.015786,1.22,69.24
1758300000000000007,1758290000000000005,1758280000000000004,2024-12-21,3489,67,2304,36634072,10499877,0.019203,1.83,161.6
1758300000000000001,1758290000000000001,1758280000000000001,2024-12-22,9452,68,5765,46533570,4923145,0.007194,0.29,28.49
1758300000000000002,1758290000000000001,1758280000000000001,2024-12-22,9380,76,5663,50658926,5400738,0.008102,0.39,36.79
1758300000000000003,1758290000000000002,1758280000000000002,2024-12-22,2403,65,1732,24613402,10242781,0.02705,2.39,332.58
1758300000000000004,1758290000000000003,1758280000000000002,2024-12-22,2435,39,1598,30925167,12700274,0.016016,1.21,159.71
1758300000000000005,1758290000000000004,1758280000000000003,2024-12-22,7395,75,5144,41653927,5632715,0.010142,0.72,89.93
1758300000000000006,1758290000000000005,1758280000000000004,2024-12-22,3420,59,1902,41370741,12096708,0.017251,1.27,162.33
1758300000000000001,1758290000000000001,1758280000000000001,2024-12-23,6616,54,4700,41754362,6311119,0.008162,0.22,18.23
1758300000000000002,1758290000000000001,1758280000000000001,2024-12-23,12837,125,10009,60994636,4751471,0.009737,0.63,57.61
1758300000000000003,1758290000000000002,1758280000000000002,2024-12-23,4404,92,3266,30297189,6879471,0.02089,2.53,103.0
1758300000000000004,1758290000000000003,1758280000000000002,2024-12-23,2623,64,1643,28416524,10833597,0.0244,1.68,184.76
1758300000000000005,1758290000000000004,1758280000000000003,2024-12-23,4564,48,2690,44035285,9648397,0.010517,0.43,23.79
1758300000000000006,1758290000000000005,1758280000000000004,2024-12-23,3071,41,1775,39720230,12933973,0.013351,1.15,118.56
1758300000000000007,1758290000000000005,1758280000000000004,2024-12-23,5052,99,3013,48350340,9570534,0.019596,1.67,222.3
1758300000000000001,1758290000000000001,1758280000000000001,2024-12-24,9752,79,5770,61679216,6324776,0.008101,0.3,38.74
1758300000000000002,1758290000000000001,1758280000000000001,2024-12-24,7356,65,4261,50263688,6833019,0.008836,0.26,28.34
1758300000000000003,1758290000000000002,1758280000000000002,2024-12-24,2885,83,2199,32584823,11294566,0.028769,2.43,332.7
1758300000000000004,1758290000000000003,1758280000000000002,2024-12-24,4278,100,2706,31382550,7335799,0.023375,3.04,256.05
1758300000000000005,1758290000000000004,1758280000000000003,2024-12-24,6030,107,3365,47975530,7956141,0.017745,0.98,132.62
1758300000000000006,1758290000000000005,1758280000000000004,2024-12-24,3960,76,2574,48638526,12282456,0.019192,1.92,223.58
1758300000000000007,1758290000000000005,1758280000000000004,2024-12-24,3475,87,2184,47312535,13615118,0.025036,1.85,205.21
1758300000000000001,1758290000000000001,1758280000000000001,2024-12-25,7818,91,5729,48396047,6190336,0.01164,0.29,13.91
1758300000000000002,1758290000000000001,1758280000000000001,2024-12-25,7095,37,4081,41365410,5830220,0.005215,0.16,9.13
1758300000000000003,1758290000000000002,1758280000000000002,2024-12-25,3106,69,2195,23836284,7674270,0.022215,2.02,240.39
1758300000000000004,1758290000000000003,1758280000000000002,2024-12-25,2257,39,1311,27455977,12164810,0.01728,0.83,91.49
1758300000000000005,1758290000000000004,1758280000000000003,2024-12-25,3674,40,2698,38469196,10470658,0.010887,0.43,25.16
1758300000000000006,1758290000000000005,1758280000000000004,2024-12-25,2692,68,2138,37819934,14049010,0.02526,1.08,143.66
1758300000000000007,1758290000000000005,1758280000000000004,2024-12-25,2698,47,1566,39118458,14499058,0.01742,1.3,144.07
1758300000000000001,1758290000000000001,1758280000000000001,2024-12-26,6609,38,3872,40641417,6149405,0.00575,0.12,6.69
1758300000000000002,1758290000000000001,1758280000000000001,2024-12-26,6675,42,4798,41853418,6270175,0.006292,0.15,10.45
1758300000000000003,1758290000000000002,1758280000000000002,2024-12-26,2734,70,1968,21244766,7770580,0.025604,1.84,121.52
1758300000000000004,1758290000000000003,1758280000000000002,2024-12-26,2004,45,1199,25895140,12921727,0.022455,1.43,197.41
1758300000000000005,1758290000000000004,1758280000000000003,2024-12-26,3580,59,2002,35354929,9875678,0.01648,0.48,24.82
1758300000000000006,1758290000000000005,1758280000000000004,2024-12-26,2380,50,1895,34813432,14627492,0.021008,0.94,98.85
1758300000000000007,1758290000000000005,1758280000000000004,2024-12-26,2996,42,2029,35896426,11981451,0.014019,0.73,32.49
1758300000000000001,1758290000000000001,1758280000000000001,2024-12-27,5053,33,3564,45173101,8939858,0.006531,0.13,14.23
1758300000000000002,1758290000000000001,1758280000000000001,2024-12-27,6692,78,5044,41060978,6135831,0.011656,0.31,28.73
1758300000000000003,1758290000000000002,1758280000000000002,2024-12-27,2579,57,1610,22475110,8714661,0.022102,1.25,155.1
1758300000000000004,1758290000000000003,1758280000000000002,2024-12-27,2232,63,1687,26801507,12007844,0.028226,1.98,264.15
1758300000000000006,1758290000000000005,1758280000000000004,2024-12-27,2934,40,2072,35212822,12001643,0.013633,0.94,61.85
1758300000000000007,1758290000000000005,1758280000000000004,2024-12-27,3460,64,2511,38702103,11185579,0.018497,1.59,127.86
1758300000000000001,1758290000000000001,1758280000000000001,2024-12-28,8741,53,5262,45274434,5179549,0.006063,0.2,14.2
1758300000000000002,1758290000000000001,1758280000000000001,2024-12-28,5685,35,4386,47701693,8390799,0.006157,0.12,14.21
1758300000000000003,1758290000000000002,1758280000000000002,2024-12-28,4290,116,2610,27835468,6488454,0.02704,2.95,148.55
1758300000000000004,1758290000000000003,1758280000000000002,2024-12-28,2786,53,2227,25293748,9078876,0.019024,1.27,113.17
1758300000000000005,1758290000000000004,1758280000000000003,2024-12-28,4627,61,2881,39846912,8611825,0.013183,0.64,50.0
1758300000000000006,1758290000000000005,1758280000000000004,2024-12-28,2632,59,2103,39132338,14867910,0.022416,1.37,165.76
1758300000000000007,1758290000000000005,1758280000000000004,2024-12-28,3079,77,1946,40561486,13173591,0.025008,1.56,173.55
1758300000000000001,1758290000000000001,1758280000000000001,2024-12-29,5448,34,3949,44265183,8125034,0.006241,0.13,12.9
1758300000000000002,1758290000000000001,1758280000000000001,2024-12-29,8538,82,5317,49059140,5745976,0.009604,0.36,27.12
1758300000000000003,1758290000000000002,1758280000000000002,2024-12-29,2683,59,2122,24482358,9124994,0.02199,1.92,150.3
1758300000000000004,1758290000000000003,1758280000000000002,2024-12-29,2822,56,2071,28845826,10221767,0.019844,1.49,102.11
1758300000000000005,1758290000000000004,1758280000000000003,2024-12-29,6262,54,3548,39996138,6387119,0.008623,0.58,24.55
1758300000000000006,1758290000000000005,1758280000000000004,2024-12-29,3812,84,2828,43921313,11521855,0.022036,2.04,195.18
1758300000000000007,1758290000000000005,1758280000000000004,2024-12-29,3341,45,2177,36070963,10796457,0.013469,0.76,58.78
1758300000000000001,1758290000000000001,1758280000000000001,2024-12-30,11675,85,7004,48171872,4126070,0.007281,0.24,28.93
1758300000000000002,1758290000000000001,1758280000000000001,2024-12-30,8671,80,6437,59300588,6838956,0.009226,0.41,30.44
1758300000000000003,1758290000000000002,1758280000000000002,2024-12-30,3237,92,2438,31681190,9787207,0.028421,3.15,256.48
1758300000000000004,1758290000000000003,1758280000000000002,2024-12-30,2841,61,1823,29731644,10465204,0.021471,1.82,77.29
1758300000000000005,1758290000000000004,1758280000000000003,2024-12-30,5687,102,3646,46059626,8099108,0.017936,0.74,89.44
1758300000000000006,1758290000000000005,1758280000000000004,2024-12-30,5361,115,4258,51672236,9638544,0.021451,2.59,254.72
1758300000000000007,1758290000000000005,1758280000000000004,2024-12-30,3574,64,2444,40447015,11317016,0.017907,1.7,230.14
1758300000000000001,1758290000000000001,1758280000000000001,2024-12-31,7118,84,5220,49375220,6936670,0.011801,0.32,42.83
1758300000000000002,1758290000000000001,1758280000000000001,2024-12-31,6849,36,4867,55837760,8152688,0.005256,0.14,17.72
1758300000000000003,1758290000000000002,1758280000000000002,2024-12-31,3416,55,2639,28823632,8437831,0.016101,1.71,88.82
1758300000000000004,1758290000000000003,1758280000000000002,2024-12-31,3546,93,2107,31298071,8826303,0.026227,2.06,267.98
1758300000000000005,1758290000000000004,1758280000000000003,2024-12-31,6307,90,4184,45091277,7149402,0.01427,0.91,60.93
1758300000000000006,1758290000000000005,1758280000000000004,2024-12-31,3064,73,2179,44636991,14568209,0.023825,1.72,167.21
1758300000000000007,1758290000000000005,1758280000000000004,2024-12-31,5154,126,3565,45545563,8836935,0.024447,3.1,398.8
1758300000000000001,1758290000000000001,1758280000000000001,2025-01-01,6544,38,4820,40456373,6182209,0.005807,0.13,16.62
1758300000000000002,1758290000000000001,1758280000000000001,2025-01-01,8166,56,4665,43792823,5362824,0.006858,0.28,22.61
1758300000000000003,1758290000000000002,1758280000000000002,2025-01-01,1871,53,1455,22597927,12077994,0.028327,1.95,151.64
1758300000000000004,1758290000000000003,1758280000000000002,2025-01-01,2287,67,1399,25544470,11169423,0.029296,2.26,288.73
1758300000000000006,1758290000000000005,1758280000000000004,2025-01-01,3986,69,2557,39029900,9791746,0.017311,1.6,176.74
1758300000000000007,1758290000000000005,1758280000000000004,2025-01-01,3087,58,2271,33183696,10749497,0.018788,1.12,47.11
1758300000000000001,1758290000000000001,1758280000000000001,2025-01-02,8782,45,6945,56454013,6428378,0.005124,0.18,15.44
1758300000000000002,1758290000000000001,1758280000000000001,2025-01-02,9167,77,6208,45045549,4913881,0.0084,0.35,24.82
1758300000000000003,1758290000000000002,1758280000000000002,2025-01-02,3691,72,2380,32383299,8773584,0.019507,2.39,133.8
1758300000000000005,1758290000000000004,1758280000000000003,2025-01-02,3977,49,2228,43499812,10937846,0.012321,0.57,65.58
1758300000000000006,1758290000000000005,1758280000000000004,2025-01-02,3783,85,2379,46013940,12163347,0.022469,1.62,116.9
1758300000000000007,1758290000000000005,1758280000000000004,2025-01-02,3708,82,2149,40985685,11053313,0.022114,1.64,168.59
1758300000000000001,1758290000000000001,1758280000000000001,2025-01-03,8801,64,5842,61297385,6964820,0.007272,0.32,14.47
1758300000000000002,1758290000000000001,1758280000000000001,2025-01-03,10332,82,7200,54779752,5301950,0.007937,0.31,17.24
1758300000000000003,1758290000000000002,1758280000000000002,2025-01-03,2788,79,1558,31985103,11472419,0.028336,1.86,154.66
1758300000000000004,1758290000000000003,1758280000000000002,2025-01-03,3007,58,2194,34344689,11421579,0.019288,1.98,259.61
1758300000000000005,1758290000000000004,1758280000000000003,2025-01-03,5577,64,4188,49747344,8920090,0.011476,0.81,56.53
1758300000000000006,1758290000000000005,1758280000000000004,2025-01-03,3241,53,2560,47642021,14699790,0.016353,1.02,123.17
1758300000000000007,1758290000000000005,1758280000000000004,2025-01-03,7132,157,4970,51852668,7270425,0.022013,3.59,250.0
1758300000000000001,1758290000000000001,1758280000000000001,2025-01-04,9609,57,5560,48609886,5058787,0.005932,0.22,15.15
1758300000000000002,1758290000000000001,1758280000000000001,2025-01-04,6966,40,4979,50981556,7318627,0.005742,0.17,11.62
1758300000000000003,1758290000000000002,1758280000000000002,2025-01-04,2470,72,1817,29121119,11789927,0.02915,1.63,94.21
1758300000000000005,1758290000000000004,1758280000000000003,2025-01-04,5584,66,3865,42682047,7643633,0.011819,0.81,96.46
1758300000000000006,1758290000000000005,1758280000000000004,2025-01-04,3363,75,2367,49276572,14652564,0.022302,1.65,128.23
1758300000000000007,1758290000000000005,1758280000000000004,2025-01-04,2461,61,1668,36087522,14663764,0.024787,1.63,90.45
1758300000000000001,1758290000000000001,1758280000000000001,2025-01-05,9504,86,6942,42653590,4487962,0.009049,0.4,45.48
1758300000000000002,1758290000000000001,1758280000000000001,2025-01-05,7079,42,4569,54571951,7708992,0.005933,0.17,13.42
1758300000000000003,1758290000000000002,1758280000000000002,2025-01-05,3268,59,1999,26402692,8079159,0.018054,1.95,144.45
1758300000000000004,1758290000000000003,1758280000000000002,2025-01-05,3069,81,2454,29154760,9499759,0.026393,2.22,91.74
1758300000000000006,1758290000000000005,1758280000000000004,2025-01-05,4432,111,3090,36698738,8280401,0.025045,3.12,151.59
1758300000000000007,1758290000000000005,1758280000000000004,2025-01-05,4189,91,3074,46637440,11133311,0.021724,2.31,171.55
1758300000000000001,1758290000000000001,1758280000000000001,2025-01-06,9873,73,7736,77976317,7897935,0.007394,0.29,15.26
1758300000000000002,1758290000000000001,1758280000000000001,2025-01-06,14273,167,10454,95278383,6675428,0.0117,0.86,38.41
1758300000000000003,1758290000000000002,1758280000000000002,2025-01-06,6602,125,3828,48403924,7331706,0.018934,3.47,246.09
1758300000000000004,1758290000000000003,1758280000000000002,2025-01-06,4748,101,3064,50598761,10656858,0.021272,2.63,342.43
1758300000000000005,1758290000000000004,1758280000000000003,2025-01-06,14326,214,8724,74252014,5183025,0.014938,2.61,180.61
1758300000000000006,1758290000000000005,1758280000000000004,2025-01-06,7815,134,5536,72557833,9284432,0.017147,3.57,449.48
1758300000000000007,1758290000000000005,1758280000000000004,2025-01-06,10012,156,6516,75946195,7585517,0.015581,3.28,168.77
1758300000000000001,1758290000000000001,1758280000000000001,2025-01-07,10582,89,7078,67536198,6382177,0.008411,0.36,26.38
1758300000000000002,1758290000000000001,1758280000000000001,2025-01-07,6562,70,4153,56955293,8679563,0.010667,0.26,28.8
1758300000000000003,1758290000000000002,1758280000000000002,2025-01-07,2813,79,2046,33850978,12033764,0.028084,2.1,248.03
1758300000000000004,1758290000000000003,1758280000000000002,2025-01-07,3002,54,1721,37287017,12420725,0.017988,1.37,174.79
1758300000000000005,1758290000000000004,1758280000000000003,2025-01-07,6984,102,4260,53353496,7639389,0.014605,1.04,63.19
1758300000000000006,1758290000000000005,1758280000000000004,2025-01-07,6474,141,4108,45846925,7081700,0.021779,3.79,270.63
1758300000000000007,1758290000000000005,1758280000000000004,2025-01-07,5753,123,4159,60860068,10578840,0.02138,2.5,238.3
1758300000000000001,1758290000000000001,1758280000000000001,2025-01-08,22290,119,14189,118309581,5307743,0.005339,0.51,34.92
1758300000000000002,1758290000000000001,1758280000000000001,2025-01-08,13411,73,7861,91452347,6819204,0.005443,0.25,22.02
1758300000000000003,1758290000000000002,1758280000000000002,2025-01-08,5519,109,3312,57007180,10329259,0.01975,2.87,152.83
1758300000000000004,1758290000000000003,1758280000000000002,2025-01-08,4996,109,3554,62856779,12581421,0.021817,3.39,379.32
1758300000000000005,1758290000000000004,1758280000000000003,2025-01-08,9091,74,6343,89897969,9888678,0.00814,0.93,80.01
1758300000000000006,1758290000000000005,1758280000000000004,2025-01-08,10670,143,6600,91498522,8575307,0.013402,2.38,144.59
1758300000000000007,1758290000000000005,1758280000000000004,2025-01-08,11262,187,6763,88297416,7840296,0.016605,4.82,568.6
1758300000000000001,1758290000000000001,1758280000000000001,2025-01-09,14124,127,8373,83957305,5944301,0.008992,0.52,26.72
1758300000000000002,1758290000000000001,1758280000000000001,2025-01-09,8492,77,6593,73914519,8704018,0.009067,0.25,18.51
1758300000000000003,1758290000000000002,1758280000000000002,2025-01-09,6902,166,5232,48732292,7060604,0.024051,5.71,416.81
1758300000000000004,1758290000000000003,1758280000000000002,2025-01-09,4320,83,2395,41480179,9601893,0.019213,3.06,375.31
1758300000000000005,1758290000000000004,1758280000000000003,2025-01-09,12288,129,6842,67659353,5506132,0.010498,1.58,135.66
1758300000000000006,1758290000000000005,1758280000000000004,2025-01-09,5170,116,3756,65063893,12584892,0.022437,2.39,163.39
1758300000000000007,1758290000000000005,1758280000000000004,2025-01-09,5009,109,3430,70254813,14025716,0.021761,1.99,176.24
1758300000000000001,1758290000000000001,1758280000000000001,2025-01-10,19626,131,15277,80948514,4124555,0.006675,0.49,47.14
1758300000000000002,1758290000000000001,1758280000000000001,2025-01-10,12874,149,8025,96034223,7459548,0.011574,0.45,43.15
1758300000000000003,1758290000000000002,1758280000000000002,2025-01-10,4513,97,3508,51083682,11319229,0.021493,2.31,213.5
1758300000000000005,1758290000000000004,1758280000000000003,2025-01-10,9917,157,6155,75849745,7648457,0.015831,1.7,209.86
1758300000000000006,1758290000000000005,1758280000000000004,2025-01-10,9901,200,6997,76937600,7770690,0.0202,4.3,485.44
1758300000000000007,1758290000000000005,1758280000000000004,2025-01-10,7125,142,5520,74761890,10492897,0.01993,2.57,303.94
1758300000000000001,1758290000000000001,1758280000000000001,2025-01-11,15936,157,12333,81860613,5136836,0.009852,0.5,43.6
1758300000000000002,1758290000000000001,1758280000000000001,2025-01-11,12296,106,6892,87762572,7137490,0.008621,0.54,25.56
1758300000000000003,1758290000000000002,1758280000000000002,2025-01-11,5859,124,4138,53432296,9119696,0.021164,4.03,365.01
1758300000000000004,1758290000000000003,1758280000000000002,2025-01-11,3383,68,2077,43495238,12857002,0.020101,2.6,107.19
1758300000000000005,1758290000000000004,1758280000000000003,2025-01-11,7303,104,5231,72695651,9954218,0.014241,1.1,141.25
1758300000000000006,1758290000000000005,1758280000000000004,2025-01-11,6098,143,4031,69378338,11377228,0.02345,2.24,243.9
1758300000000000007,1758290000000000005,1758280000000000004,2025-01-11,7683,166,4680,76012964,9893657,0.021606,3.58,376.49
1758300000000000001,1758290000000000001,1758280000000000001,2025-01-12,10014,117,6337,86858895,8673746,0.011684,0.41,22.75
1758300000000000002,1758290000000000001,1758280000000000001,2025-01-12,10608,66,6260,94459590,8904562,0.006222,0.19,20.18
1758300000000000003,1758290000000000002,1758280000000000002,2025-01-12,5867,134,4139,47759253,8140319,0.02284,3.87,393.54
1758300000000000004,1758290000000000003,1758280000000000002,2025-01-12,4579,117,2902,55851310,12197272,0.025551,3.77,244.72
1758300000000000005,1758290000000000004,1758280000000000003,2025-01-12,7251,112,4494,77707922,10716856,0.015446,1.29,65.99
1758300000000000006,1758290000000000005,1758280000000000004,2025-01-12,7763,150,5108,85611885,11028196,0.019322,3.03,288.57
1758300000000000007,1758290000000000005,1758280000000000004,2025-01-12,7917,171,5049,69803959,8816971,0.021599,2.79,212.23
1758300000000000001,1758290000000000001,1758280000000000001,2025-01-13,15325,108,9101,125841476,8211516,0.007047,0.5,29.42
1758300000000000002,1758290000000000001,1758280000000000001,2025-01-13,14345,126,10969,89920155,6268397,0.008784,0.43,23.98
1758300000000000003,1758290000000000002,1758280000000000002,2025-01-13,6578,177,4918,51890241,7888453,0.026908,4.75,379.84
1758300000000000004,1758290000000000003,1758280000000000002,2025-01-13,10899,241,7557,71402119,6551254,0.022112,5.12,428.67
1758300000000000005,1758290000000000004,1758280000000000003,2025-01-13,9482,89,7439,92469270,9752085,0.009386,0.85,40.8
1758300000000000006,1758290000000000005,1758280000000000004,2025-01-13,9412,152,5973,84873796,9017615,0.01615,3.58,349.91
1758300000000000007,1758290000000000005,1758280000000000004,2025-01-13,10032,207,7272,100064745,9974556,0.020634,4.89,258.36
1758300000000000001,1758290000000000001,1758280000000000001,2025-01-14,9592,96,7481,85937549,8959294,0.010008,0.39,51.36
1758300000000000002,1758290000000000001,1758280000000000001,2025-01-14,14407,81,10132,106937099,7422579,0.005622,0.41,51.73
1758300000000000003,1758290000000000002,1758280000000000002,2025-01-14,9392,242,5752,61831703,6583444,0.025767,6.01,755.61
1758300000000000004,1758290000000000003,1758280000000000002,2025-01-14,5235,85,3724,48382382,9242098,0.016237,2.91,317.9
1758300000000000005,1758290000000000004,1758280000000000003,2025-01-14,14850,263,8861,82660563,5566368,0.01771,3.3,190.58
1758300000000000006,1758290000000000005,1758280000000000004,2025-01-14,5325,96,2958,78117114,14669881,0.018028,2.48,222.19
1758300000000000001,1758290000000000001,1758280000000000001,2025-01-15,11727,71,6890,81977250,6990471,0.006054,0.3,41.57
1758300000000000002,1758290000000000001,1758280000000000001,2025-01-15,12901,100,8051,80386489,6231028,0.007751,0.48,52.16
1758300000000000003,1758290000000000002,1758280000000000002,2025-01-15,5030,91,3487,44339500,8815010,0.018091,3.22,157.29
1758300000000000004,1758290000000000003,1758280000000000002,2025-01-15,7641,141,5045,48439780,6339456,0.018453,5.43,384.04
1758300000000000005,1758290000000000004,1758280000000000003,2025-01-15,9274,116,6581,69584459,7503177,0.012508,1.07,115.35
1758300000000000006,1758290000000000005,1758280000000000004,2025-01-15,4640,106,2560,66317921,14292655,0.022845,2.86,294.07
1758300000000000007,1758290000000000005,1758280000000000004,2025-01-15,9135,146,5202,72850998,7974931,0.015982,3.71,404.49
1758300000000000001,1758290000000000001,1758280000000000001,2025-01-16,16517,149,12167,83466200,5053351,0.009021,0.61,72.35
1758300000000000002,1758290000000000001,1758280000000000001,2025-01-16,9038,69,5967,77409357,8564877,0.007634,0.22,17.56
1758300000000000003,1758290000000000002,1758280000000000002,2025-01-16,7278,147,4466,49915969,6858473,0.020198,4.38,367.64
1758300000000000004,1758290000000000003,1758280000000000002,2025-01-16,4078,63,3228,42012920,10302334,0.015449,1.89,175.22
1758300000000000005,1758290000000000004,1758280000000000003,2025-01-16,6807,87,4820,68946667,10128789,0.012781,0.93,75.33
1758300000000000006,1758290000000000005,1758280000000000004,2025-01-16,5732,148,3321,77825466,13577367,0.02582,3.57,181.41
1758300000000000007,1758290000000000005,1758280000000000004,2025-01-16,4605,110,2744,60067869,13044054,0.023887,2.74,380.18
1758300000000000001,1758290000000000001,1758280000000000001,2025-01-17,11953,131,8028,64709476,5413660,0.01096,0.57,30.53
1758300000000000002,1758290000000000001,1758280000000000001,2025-01-17,11298,77,7288,89806724,7948905,0.006815,0.24,32.22
1758300000000000003,1758290000000000002,1758280000000000002,2025-01-17,3542,56,2081,45656925,12890154,0.01581,1.85,139.86
1758300000000000004,1758290000000000003,1758280000000000002,2025-01-17,3547,65,2628,42638046,12020876,0.018325,1.38,73.76
1758300000000000005,1758290000000000004,1758280000000000003,2025-01-17,12906,206,9342,66221229,5131042,0.015962,1.78,248.16
1758300000000000006,1758290000000000005,1758280000000000004,2025-01-17,7166,176,3944,63022009,8794587,0.02456,3.39,396.63
1758300000000000007,1758290000000000005,1758280000000000004,2025-01-17,9804,145,5538,69420449,7080829,0.01479,3.61,224.16
1758300000000000001,1758290000000000001,1758280000000000001,2025-01-18,18875,156,14200,102272936,5418434,0.008265,0.54,71.49
1758300000000000002,1758290000000000001,1758280000000000001,2025-01-18,13695,115,9814,101845794,7436714,0.008397,0.46,21.79
1758300000000000003,1758290000000000002,1758280000000000002,2025-01-18,7830,231,4849,60723337,7755215,0.029502,6.35,826.36
1758300000000000004,1758290000000000003,1758280000000000002,2025-01-18,4475,131,3511,55915938,12495182,0.029274,4.19,570.77
1758300000000000005,1758290000000000004,1758280000000000003,2025-01-18,9523,144,6234,87479456,9186124,0.015121,1.86,129.98
1758300000000000006,1758290000000000005,1758280000000000004,2025-01-18,12342,209,8585,95068180,7702818,0.016934,4.95,600.49
1758300000000000007,1758290000000000005,1758280000000000004,2025-01-18,7255,116,4287,79890732,11011817,0.015989,1.83,238.9
1758300000000000001,1758290000000000001,1758280000000000001,2025-01-19,17762,113,10542,132845844,7479217,0.006362,0.5,69.51
1758300000000000003,1758290000000000002,1758280000000000002,2025-01-19,7197,158,4289,75485043,10488404,0.021954,5.28,517.22
1758300000000000004,1758290000000000003,1758280000000000002,2025-01-19,9134,148,7304,66161200,7243398,0.016203,5.37,439.03
1758300000000000005,1758290000000000004,1758280000000000003,2025-01-19,12625,165,7755,106234682,8414628,0.013069,2.14,168.63
1758300000000000006,1758290000000000005,1758280000000000004,2025-01-19,11389,217,8497,96625247,8484085,0.019053,5.11,667.13
1758300000000000007,1758290000000000005,1758280000000000004,2025-01-19,13025,333,10231,115844117,8893982,0.025566,7.3,994.73
1758300000000000002,1758290000000000001,1758280000000000001,2025-01-20,12808,140,8693,104543920,8162392,0.010931,0.48,22.1
1758300000000000003,1758290000000000002,1758280000000000002,2025-01-20,7003,162,4363,59543992,8502641,0.023133,4.35,496.51
1758300000000000004,1758290000000000003,1758280000000000002,2025-01-20,6204,166,4578,61282954,9877975,0.026757,5.6,455.01
1758300000000000005,1758290000000000004,1758280000000000003,2025-01-20,8484,121,6247,90620210,10681307,0.014262,1.1,51.4
1758300000000000006,1758290000000000005,1758280000000000004,2025-01-20,9583,144,5491,83834266,8748228,0.015027,3.67,182.28
1758300000000000007,1758290000000000005,1758280000000000004,2025-01-20,7117,166,4597,97406153,13686406,0.023324,3.52,273.45
1758300000000000001,1758290000000000001,1758280000000000001,2025-01-21,14301,142,11060,62787621,4390436,0.009929,0.72,73.09
1758300000000000002,1758290000000000001,1758280000000000001,2025-01-21,9793,56,7732,83276157,8503641,0.005718,0.19,24.48
1758300000000000003,1758290000000000002,1758280000000000002,2025-01-21,4319,71,3326,40585697,9397013,0.016439,1.81,111.09
1758300000000000004,1758290000000000003,1758280000000000002,2025-01-21,4404,71,2910,42879319,9736448,0.016122,1.86,162.64
1758300000000000005,1758290000000000004,1758280000000000003,2025-01-21,9908,103,6512,62598762,6318002,0.010396,0.84,116.5
1758300000000000006,1758290000000000005,1758280000000000004,2025-01-21,5107,126,2975,68197002,13353633,0.024672,3.57,197.41
1758300000000000007,1758290000000000005,1758280000000000004,2025-01-21,3983,92,2364,57000522,14310952,0.023098,2.57,284.99
1758300000000000001,1758290000000000001,1758280000000000001,2025-01-22,13720,82,10529,85569617,6236853,0.005977,0.25,14.61
1758300000000000002,1758290000000000001,1758280000000000001,2025-01-22,11040,63,6700,70210040,6359605,0.005707,0.25,15.78
1758300000000000003,1758290000000000002,1758280000000000002,2025-01-22,4303,80,2611,46267574,10752399,0.018592,2.98,335.79
1758300000000000004,1758290000000000003,1758280000000000002,2025-01-22,3811,77,2666,42749373,11217364,0.020205,2.72,376.11
1758300000000000005,1758290000000000004,1758280000000000003,2025-01-22,7835,121,5710,66762710,8521086,0.015444,1.5,139.36
1758300000000000006,1758290000000000005,1758280000000000004,2025-01-22,7768,177,6119,63567342,8183231,0.022786,4.59,389.02
1758300000000000007,1758290000000000005,1758280000000000004,2025-01-22,7337,143,4725,69958079,9534971,0.01949,3.97,207.16
1758300000000000001,1758290000000000001,1758280000000000001,2025-01-23,14196,130,8018,85931868,6053245,0.009158,0.53,67.6
1758300000000000002,1758290000000000001,1758280000000000001,2025-01-23,15881,155,12265,68800896,4332277,0.00976,0.79,84.94
1758300000000000003,1758290000000000002,1758280000000000002,2025-01-23,4005,69,2796,40721799,10167740,0.017228,2.52,336.5
1758300000000000004,1758290000000000003,1758280000000000002,2025-01-23,3755,98,2339,47696924,12702243,0.026099,2.64,111.15
1758300000000000005,1758290000000000004,1758280000000000003,2025-01-23,7459,131,5215,66314042,8890474,0.017563,1.52,211.92
1758300000000000006,1758290000000000005,1758280000000000004,2025-01-23,5488,105,3793,64723876,11793709,0.019133,2.24,146.04
1758300000000000007,1758290000000000005,1758280000000000004,2025-01-23,7530,121,5300,67904208,9017823,0.016069,1.96,218.27
1758300000000000001,1758290000000000001,1758280000000000001,2025-01-24,24125,237,16159,97223419,4029986,0.009824,1.03,123.13
1758300000000000002,1758290000000000001,1758280000000000001,2025-01-24,25533,176,19867,102410890,4010923,0.006893,0.57,48.3
1758300000000000003,1758290000000000002,1758280000000000002,2025-01-24,6746,108,4075,54157605,8028106,0.016009,2.7,185.82
1758300000000000004,1758290000000000003,1758280000000000002,2025-01-24,5834,113,4240,59919143,10270679,0.019369,4.1,172.77
1758300000000000005,1758290000000000004,1758280000000000003,2025-01-24,11898,175,7998,85557561,7190920,0.014708,2.08,241.08
1758300000000000006,1758290000000000005,1758280000000000004,2025-01-24,11365,172,6453,88817878,7815035,0.015134,4.76,242.33
1758300000000000001,1758290000000000001,1758280000000000001,2025-01-25,18136,123,10418,76853993,4237648,0.006782,0.5,54.44
1758300000000000002,1758290000000000001,1758280000000000001,2025-01-25,12012,105,8229,102514060,8534304,0.008741,0.31,19.35
1758300000000000003,1758290000000000002,1758280000000000002,2025-01-25,8838,197,6030,54161343,6128235,0.02229,5.98,552.48
1758300000000000004,1758290000000000003,1758280000000000002,2025-01-25,5016,144,3305,48334688,9636102,0.028708,3.66,379.06
1758300000000000005,1758290000000000004,1758280000000000003,2025-01-25,14701,120,9349,76872023,5229034,0.008163,1.53,158.98
1758300000000000006,1758290000000000005,1758280000000000004,2025-01-25,5373,137,3012,78290281,14571055,0.025498,3.34,314.79
1758300000000000007,1758290000000000005,1758280000000000004,2025-01-25,8139,159,5643,75453765,9270643,0.019536,3.3,452.68
1758300000000000001,1758290000000000001,1758280000000000001,2025-01-26,10768,97,6280,80749567,7499031,0.009008,0.31,19.54
1758300000000000002,1758290000000000001,1758280000000000001,2025-01-26,9406,79,7351,73881921,7854765,0.008399,0.23,11.25
1758300000000000003,1758290000000000002,1758280000000000002,2025-01-26,4176,100,2577,52577160,12590316,0.023946,3.47,329.99
1758300000000000004,1758290000000000003,1758280000000000002,2025-01-26,2835,67,2189,35783691,12622113,0.023633,1.6,72.34
1758300000000000005,1758290000000000004,1758280000000000003,2025-01-26,6243,57,4633,66270638,10615191,0.00913,0.48,51.46
1758300000000000006,1758290000000000005,1758280000000000004,2025-01-26,8127,205,5852,57820667,7114638,0.025225,4.92,592.25
1758300000000000007,1758290000000000005,1758280000000000004,2025-01-26,5265,87,4188,74720609,14191949,0.016524,1.38,106.46
1758300000000000001,1758290000000000001,1758280000000000001,2025-01-27,6998,41,4971,55109039,7874970,0.005859,0.17,9.39
1758300000000000002,1758290000000000001,1758280000000000001,2025-01-27,10542,62,7945,80580189,7643729,0.005881,0.22,22.97
1758300000000000003,1758290000000000002,1758280000000000002,2025-01-27,3773,101,2888,34768050,9214962,0.026769,3.54,391.08
1758300000000000004,1758290000000000003,1758280000000000002,2025-01-27,3319,71,1935,42768651,12886005,0.021392,2.58,143.32
1758300000000000005,1758290000000000004,1758280000000000003,2025-01-27,7336,130,4116,58152526,7927007,0.017721,1.65,99.52
1758300000000000006,1758290000000000005,1758280000000000004,2025-01-27,4831,81,3202,55833120,11557259,0.016767,2.08,98.34
1758300000000000007,1758290000000000005,1758280000000000004,2025-01-27,4336,73,3221,60471932,13946479,0.016836,1.33,62.46
1758300000000000001,1758290000000000001,1758280000000000001,2025-01-28,10449,96,8015,50040408,4789014,0.009187,0.32,40.38
1758300000000000002,1758290000000000001,1758280000000000001,2025-01-28,11602,92,6821,49626888,4277443,0.00793,0.33,16.77
1758300000000000003,1758290000000000002,1758280000000000002,2025-01-28,4767,129,3113,28720385,6024834,0.027061,2.72,217.58
1758300000000000004,1758290000000000003,1758280000000000002,2025-01-28,2504,53,1583,28232356,11274903,0.021166,1.45,166.03
1758300000000000005,1758290000000000004,1758280000000000003,2025-01-28,6369,99,5032,42714555,6706634,0.015544,0.75,73.86
1758300000000000006,1758290000000000005,1758280000000000004,2025-01-28,5079,98,3731,45827577,9022953,0.019295,2.51,120.48
1758300000000000007,1758290000000000005,1758280000000000004,2025-01-28,2882,40,1766,39601533,13740990,0.013879,1.08,107.15
1758300000000000001,1758290000000000001,1758280000000000001,2025-01-29,14321,104,8658,97608340,6815749,0.007262,0.32,34.83
1758300000000000002,1758290000000000001,1758280000000000001,2025-01-29,9418,110,6774,78668548,8352999,0.01168,0.44,35.27
1758300000000000003,1758290000000000002,1758280000000000002,2025-01-29,4503,128,3552,51587373,11456223,0.028425,4.63,309.54
1758300000000000004,1758290000000000003,1758280000000000002,2025-01-29,6495,161,4415,49142277,7566170,0.024788,5.2,441.68
1758300000000000005,1758290000000000004,1758280000000000003,2025-01-29,11792,155,7769,75547238,6406652,0.013145,2.01,83.37
1758300000000000006,1758290000000000005,1758280000000000004,2025-01-29,4857,107,3280,61522989,12666870,0.02203,2.4,248.65
1758300000000000007,1758290000000000005,1758280000000000004,2025-01-29,8249,134,4783,89571487,10858466,0.016244,3.32,258.53
1758300000000000001,1758290000000000001,1758280000000000001,2025-01-30,15021,151,10736,94799510,6311132,0.010053,0.67,30.15
1758300000000000002,1758290000000000001,1758280000000000001,2025-01-30,16917,139,12411,77518806,4582302,0.008217,0.67,32.04
1758300000000000003,1758290000000000002,1758280000000000002,2025-01-30,6634,135,3828,50203170,7567557,0.02035,4.55,274.97
1758300000000000004,1758290000000000003,1758280000000000002,2025-01-30,4176,96,2872,48264439,11557576,0.022989,2.79,196.34
1758300000000000005,1758290000000000004,1758280000000000003,2025-01-30,9578,77,6256,73850707,7710452,0.008039,0.98,135.76
1758300000000000006,1758290000000000005,1758280000000000004,2025-01-30,7353,122,4575,77373377,10522695,0.016592,2.61,305.69
1758300000000000007,1758290000000000005,1758280000000000004,2025-01-30,4882,66,2734,70328037,14405579,0.013519,1.13,115.97
1758300000000000001,1758290000000000001,1758280000000000001,2025-01-31,23823,183,16969,101376013,4255384,0.007682,0.65,56.74
1758300000000000002,1758290000000000001,1758280000000000001,2025-01-31,10268,84,5703,82417171,8026604,0.008181,0.41,34.75
1758300000000000003,1758290000000000002,1758280000000000002,2025-01-31,4194,64,2991,48152267,11481227,0.01526,2.25,157.66
1758300000000000004,1758290000000000003,1758280000000000002,2025-01-31,8149,188,4719,56872410,6979066,0.02307,4.16,245.86
1758300000000000006,1758290000000000005,1758280000000000004,2025-01-31,8990,232,6442,78413642,8722318,0.025806,5.94,791.16
1758300000000000007,1758290000000000005,1758280000000000004,2025-01-31,6822,143,5082,79123374,11598266,0.020962,3.92,174.83
1758300000000000001,1758290000000000001,1758280000000000001,2025-02-01,15677,113,12382,81065056,5170955,0.007208,0.34,24.84
1758300000000000002,1758290000000000001,1758280000000000001,2025-02-01,16175,148,10343,88597930,5477461,0.00915,0.58,71.4
1758300000000000003,1758290000000000002,1758280000000000002,2025-02-01,6024,120,4302,54750175,9088674,0.01992,4.04,345.74
1758300000000000004,1758290000000000003,1758280000000000002,2025-02-01,4957,86,3767,42200103,8513234,0.017349,2.95,125.65
1758300000000000005,1758290000000000004,1758280000000000003,2025-02-01,11593,122,7917,72712708,6272122,0.010524,0.96,131.6
1758300000000000006,1758290000000000005,1758280000000000004,2025-02-01,8524,156,6742,70965043,8325322,0.018301,2.68,343.79
1758300000000000007,1758290000000000005,1758280000000000004,2025-02-01,7818,110,4461,74460374,9524223,0.01407,2.05,206.8
1758300000000000001,1758290000000000001,1758280000000000001,2025-02-02,11983,110,7506,82284367,6866758,0.00918,0.49,28.87
1758300000000000002,1758290000000000001,1758280000000000001,2025-02-02,17518,106,12216,90906109,5189297,0.006051,0.37,36.94
1758300000000000003,1758290000000000002,1758280000000000002,2025-02-02,4627,134,3338,51680648,11169364,0.02896,4.79,268.56
1758300000000000004,1758290000000000003,1758280000000000002,2025-02-02,4296,123,2829,47285338,11006829,0.028631,3.02,409.7
1758300000000000005,1758290000000000004,1758280000000000003,2025-02-02,6936,100,4025,74224489,10701339,0.014418,0.95,111.56
1758300000000000006,1758290000000000005,1758280000000000004,2025-02-02,7650,120,5910,62036816,8109388,0.015686,1.99,271.73
1758300000000000007,1758290000000000005,1758280000000000004,2025-02-02,9949,161,5578,86412163,8685512,0.016183,3.8,153.34
1758300000000000001,1758290000000000001,1758280000000000001,2025-02-03,7890,94,5762,63582064,8058563,0.011914,0.44,29.58
1758300000000000002,1758290000000000001,1758280000000000001,2025-02-03,18030,179,12635,80508736,4465265,0.009928,0.78,36.97
1758300000000000003,1758290000000000002,1758280000000000002,2025-02-03,3748,83,2375,46370241,12371996,0.022145,2.01,270.56
1758300000000000004,1758290000000000003,1758280000000000002,2025-02-03,2943,59,2005,35967360,12221325,0.020048,2.25,273.9
1758300000000000005,1758290000000000004,1758280000000000003,2025-02-03,7655,100,4241,61753200,8067041,0.013063,1.03,79.7
1758300000000000006,1758290000000000005,1758280000000000004,2025-02-03,8440,138,6648,62517674,7407307,0.016351,3.05,141.69
1758300000000000007,1758290000000000005,1758280000000000004,2025-02-03,5810,76,4584,60988726,10497199,0.013081,1.61,168.8
1758300000000000001,1758290000000000001,1758280000000000001,2025-02-04,14696,171,11019,77842056,5296819,0.011636,0.66,89.83
1758300000000000002,1758290000000000001,1758280000000000001,2025-02-04,9450,106,7276,75005614,7937102,0.011217,0.33,21.79
1758300000000000003,1758290000000000002,1758280000000000002,2025-02-04,3555,99,2248,40005037,11253175,0.027848,2.85,288.44
1758300000000000004,1758290000000000003,1758280000000000002,2025-02-04,5032,98,3120,47336489,9407092,0.019475,3.78,456.38
1758300000000000005,1758290000000000004,1758280000000000003,2025-02-04,7200,97,4646,65506144,9098076,0.013472,1.17,150.45
1758300000000000006,1758290000000000005,1758280000000000004,2025-02-04,6346,136,4950,63630323,10026839,0.021431,3.67,313.14
1758300000000000007,1758290000000000005,1758280000000000004,2025-02-04,8005,180,6290,67381965,8417485,0.022486,3.01,295.18
1758300000000000001,1758290000000000001,1758280000000000001,2025-02-05,11714,66,7788,81064598,6920317,0.005634,0.25,24.79
1758300000000000002,1758290000000000001,1758280000000000001,2025-02-05,12346,136,8102,77601288,6285541,0.011016,0.65,56.78
1758300000000000003,1758290000000000002,1758280000000000002,2025-02-05,3930,63,2291,44736551,11383346,0.016031,2.11,193.29
1758300000000000004,1758290000000000003,1758280000000000002,2025-02-05,5453,87,4346,45929670,8422826,0.015955,2.56,182.84
1758300000000000005,1758290000000000004,1758280000000000003,2025-02-05,13548,238,9851,67999666,5019166,0.017567,2.61,315.74
1758300000000000006,1758290000000000005,1758280000000000004,2025-02-05,4469,59,3470,63458084,14199616,0.013202,1.57,100.16
1758300000000000007,1758290000000000005,1758280000000000004,2025-02-05,6614,121,3862,72541247,10967833,0.018295,3.12,265.96
1758300000000000001,1758290000000000001,1758280000000000001,2025-02-06,15905,147,9290,67354126,4234777,0.009242,0.5,45.19
1758300000000000003,1758290000000000002,1758280000000000002,2025-02-06,3072,77,1982,32436165,10558647,0.025065,2.44,281.81
1758300000000000004,1758290000000000003,1758280000000000002,2025-02-06,3588,58,2262,32569422,9077319,0.016165,2.16,257.38
1758300000000000006,1758290000000000005,1758280000000000004,2025-02-06,4912,119,2876,57497662,11705550,0.024226,2.82,278.36
1758300000000000007,1758290000000000005,1758280000000000004,2025-02-06,4960,91,3029,40010718,8066677,0.018347,2.39,316.12
1758300000000000001,1758290000000000001,1758280000000000001,2025-02-07,11237,57,6709,81440423,7247524,0.005073,0.18,22.43
1758300000000000002,1758290000000000001,1758280000000000001,2025-02-07,7400,52,4313,62822922,8489584,0.007027,0.21,17.98
1758300000000000003,1758290000000000002,1758280000000000002,2025-02-07,4562,75,3319,41774413,9157039,0.01644,2.5,221.38
1758300000000000004,1758290000000000003,1758280000000000002,2025-02-07,6685,137,4379,40661784,6082541,0.020494,4.38,482.18
1758300000000000005,1758290000000000004,1758280000000000003,2025-02-07,6226,96,4925,61827148,9930477,0.015419,0.79,109.03
1758300000000000006,1758290000000000005,1758280000000000004,2025-02-07,4301,81,2835,62124950,14444304,0.018833,2.13,114.45
1758300000000000007,1758290000000000005,1758280000000000004,2025-02-07,4796,88,3062,61529346,12829305,0.018349,2.26,213.57
1758300000000000001,1758290000000000001,1758280000000000001,2025-02-08,8458,68,5330,52862694,6250023,0.00804,0.19,20.54
1758300000000000002,1758290000000000001,1758280000000000001,2025-02-08,8279,60,5552,47347555,5718994,0.007247,0.28,13.25
1758300000000000003,1758290000000000002,1758280000000000002,2025-02-08,3119,82,2056,27615730,8854033,0.02629,2.5,243.13
1758300000000000004,1758290000000000003,1758280000000000002,2025-02-08,3533,101,2067,29647269,8391528,0.028588,2.19,111.13
1758300000000000005,1758290000000000004,1758280000000000003,2025-02-08,4169,51,2427,42947250,10301571,0.012233,0.64,32.28
1758300000000000006,1758290000000000005,1758280000000000004,2025-02-08,3524,64,2698,48681426,13814253,0.018161,1.42,115.53
1758300000000000007,1758290000000000005,1758280000000000004,2025-02-08,4438,84,3419,37213073,8385100,0.018927,1.31,118.29
1758300000000000001,1758290000000000001,1758280000000000001,2025-02-09,8732,100,5825,73259378,8389759,0.011452,0.3,21.55
1758300000000000002,1758290000000000001,1758280000000000001,2025-02-09,8200,52,4776,72112564,8794215,0.006341,0.15,12.18
1758300000000000003,1758290000000000002,1758280000000000002,2025-02-09,4144,121,3027,43236729,10433574,0.029199,3.76,152.36
1758300000000000004,1758290000000000003,1758280000000000002,2025-02-09,5060,127,3123,39832952,7872125,0.025099,4.49,303.07
1758300000000000005,1758290000000000004,1758280000000000003,2025-02-09,6936,86,4631,62302261,8982448,0.012399,0.96,49.17
1758300000000000006,1758290000000000005,1758280000000000004,2025-02-09,6326,101,3835,56371827,8911133,0.015966,1.75,230.16
1758300000000000007,1758290000000000005,1758280000000000004,2025-02-09,6964,136,4272,68232694,9797917,0.019529,2.13,236.03
1758300000000000001,1758290000000000001,1758280000000000001,2025-02-10,7760,74,5914,52409364,6753784,0.009536,0.3,13.48
1758300000000000002,1758290000000000001,1758280000000000001,2025-02-10,7727,45,4657,51257774,6633593,0.005824,0.17,14.19
1758300000000000003,1758290000000000002,1758280000000000002,2025-02-10,2640,64,1862,29638285,11226623,0.024242,2.34,93.97
1758300000000000004,1758290000000000003,1758280000000000002,2025-02-10,2302,36,1725,29600080,12858419,0.015639,1.24,53.5
1758300000000000005,1758290000000000004,1758280000000000003,2025-02-10,5532,55,3350,44428774,8031232,0.009942,0.41,54.65
1758300000000000006,1758290000000000005,1758280000000000004,2025-02-10,3489,48,2549,48400957,13872444,0.013758,1.0,123.83
1758300000000000007,1758290000000000005,1758280000000000004,2025-02-10,3528,86,2648,40456590,11467287,0.024376,2.28,104.03
1758300000000000002,1758290000000000001,1758280000000000001,2025-02-11,5162,55,3337,44182634,8559208,0.010655,0.27,29.83
1758300000000000004,1758290000000000003,1758280000000000002,2025-02-11,3706,106,2147,24333586,6565997,0.028602,3.41,154.1
1758300000000000005,1758290000000000004,1758280000000000003,2025-02-11,3863,31,2923,39244067,10158961,0.008025,0.24,31.35
1758300000000000006,1758290000000000005,1758280000000000004,2025-02-11,3686,90,2625,38811212,10529358,0.024417,1.59,96.18
1758300000000000007,1758290000000000005,1758280000000000004,2025-02-11,3458,88,2693,39676922,11473951,0.025448,2.27,189.8
1758300000000000001,1758290000000000001,1758280000000000001,2025-02-12,8157,90,4675,60273378,7389160,0.011033,0.37,28.39
1758300000000000002,1758290000000000001,1758280000000000001,2025-02-12,7112,67,4373,46498207,6537993,0.009421,0.22,21.73
1758300000000000003,1758290000000000002,1758280000000000002,2025-02-12,3777,104,2853,26833421,7104427,0.027535,2.31,205.98
1758300000000000004,1758290000000000003,1758280000000000002,2025-02-12,3395,94,2106,34178913,10067427,0.027688,3.65,451.65
1758300000000000005,1758290000000000004,1758280000000000003,2025-02-12,8263,82,4747,45759251,5537850,0.009924,1.02,111.38
1758300000000000006,1758290000000000005,1758280000000000004,2025-02-12,5024,81,3423,40775657,8116174,0.016123,1.27,162.02
1758300000000000007,1758290000000000005,1758280000000000004,2025-02-12,3699,80,2616,50742844,13717990,0.021627,1.87,110.2
1758300000000000001,1758290000000000001,1758280000000000001,2025-02-13,11101,88,6176,53491189,4818592,0.007927,0.42,48.45
1758300000000000002,1758290000000000001,1758280000000000001,2025-02-13,10404,96,6200,63555386,6108745,0.009227,0.36,43.54
1758300000000000003,1758290000000000002,1758280000000000002,2025-02-13,4373,109,2460,33570090,7676673,0.024926,3.48,409.27
1758300000000000004,1758290000000000003,1758280000000000002,2025-02-13,4766,139,3336,33313667,6989859,0.029165,3.1,239.36
1758300000000000005,1758290000000000004,1758280000000000003,2025-02-13,10018,144,7519,50162818,5007269,0.014374,1.5,161.94
1758300000000000006,1758290000000000005,1758280000000000004,2025-02-13,3916,53,2864,44632872,11397567,0.013534,1.32,89.39
1758300000000000007,1758290000000000005,1758280000000000004,2025-02-13,3749,79,2407,55692765,14855365,0.021072,1.47,165.83
1758300000000000001,1758290000000000001,1758280000000000001,2025-02-14,13090,106,8350,72690718,5553149,0.008098,0.3,20.71
1758300000000000002,1758290000000000001,1758280000000000001,2025-02-14,5946,70,3782,52081486,8759079,0.011773,0.22,21.58
1758300000000000003,1758290000000000002,1758280000000000002,2025-02-14,3701,87,2444,39574400,10692894,0.023507,3.36,367.54
1758300000000000004,1758290000000000003,1758280000000000002,2025-02-14,3246,88,2285,31724002,9773260,0.02711,2.92,351.44
1758300000000000005,1758290000000000004,1758280000000000003,2025-02-14,6650,119,4271,53473802,8041173,0.017895,1.04,130.95
1758300000000000006,1758290000000000005,1758280000000000004,2025-02-14,5554,73,3080,51368223,9248870,0.013144,1.77,106.66
1758300000000000007,1758290000000000005,1758280000000000004,2025-02-14,3988,101,2617,55579381,13936655,0.025326,2.17,201.83
1758300000000000001,1758290000000000001,1758280000000000001,2025-02-15,7073,79,4162,63106972,8922236,0.011169,0.31,19.26
1758300000000000002,1758290000000000001,1758280000000000001,2025-02-15,10292,84,8099,53866558,5233828,0.008162,0.42,42.04
1758300000000000003,1758290000000000002,1758280000000000002,2025-02-15,4240,68,2667,32147800,7582028,0.016038,1.5,117.53
1758300000000000004,1758290000000000003,1758280000000000002,2025-02-15,5692,164,4490,34694218,6095260,0.028812,6.01,776.49
1758300000000000005,1758290000000000004,1758280000000000003,2025-02-15,4979,46,3691,50131513,10068591,0.009239,0.41,44.97
1758300000000000006,1758290000000000005,1758280000000000004,2025-02-15,4270,96,3154,49982594,11705526,0.022482,1.54,91.77
1758300000000000007,1758290000000000005,1758280000000000004,2025-02-15,5526,94,4056,50280432,9098884,0.01701,2.49,265.32
1758300000000000001,1758290000000000001,1758280000000000001,2025-02-16,15573,177,11214,80550177,5172425,0.011366,0.66,52.66
1758300000000000002,1758290000000000001,1758280000000000001,2025-02-16,6791,50,3804,59884348,8818193,0.007363,0.17,14.91
1758300000000000003,1758290000000000002,1758280000000000002,2025-02-16,3536,73,2259,44959144,12714690,0.020645,1.54,130.61
1758300000000000004,1758290000000000003,1758280000000000002,2025-02-16,3646,82,2489,35289156,9678869,0.02249,2.48,226.84
1758300000000000005,1758290000000000004,1758280000000000003,2025-02-16,7259,82,5639,60186225,8291256,0.011296,1.0,71.62
1758300000000000006,1758290000000000005,1758280000000000004,2025-02-16,3778,70,2990,51025736,13506018,0.018528,1.45,122.76
1758300000000000007,1758290000000000005,1758280000000000004,2025-02-16,4748,119,2806,69346714,14605458,0.025063,2.05,231.61
1758300000000000001,1758290000000000001,1758280000000000001,2025-02-17,10392,62,6862,65634036,6315823,0.005966,0.26,22.06
1758300000000000002,1758290000000000001,1758280000000000001,2025-02-17,10225,100,5748,67116409,6563952,0.00978,0.48,56.57
1758300000000000003,1758290000000000002,1758280000000000002,2025-02-17,6231,103,3716,37799183,6066311,0.01653,2.63,275.28
1758300000000000004,1758290000000000003,1758280000000000002,2025-02-17,3173,64,2167,38058214,11994395,0.02017,1.36,99.33
1758300000000000005,1758290000000000004,1758280000000000003,2025-02-17,9738,160,7737,56893048,5842375,0.01643,1.21,141.54
1758300000000000006,1758290000000000005,1758280000000000004,2025-02-17,7632,145,4872,55909237,7325634,0.018999,2.81,294.89
1758300000000000007,1758290000000000005,1758280000000000004,2025-02-17,5172,115,3778,57876859,11190421,0.022235,2.52,111.67
1758300000000000001,1758290000000000001,1758280000000000001,2025-02-18,11292,82,8791,60800991,5384431,0.007262,0.29,31.77
1758300000000000002,1758290000000000001,1758280000000000001,2025-02-18,9272,100,5238,58364040,6294655,0.010785,0.37,18.8
1758300000000000003,1758290000000000002,1758280000000000002,2025-02-18,3706,83,2707,37493537,10116982,0.022396,1.99,95.76
1758300000000000004,1758290000000000003,1758280000000000002,2025-02-18,2528,53,1927,30600766,12104733,0.020965,1.16,142.39
1758300000000000005,1758290000000000004,1758280000000000003,2025-02-18,7627,113,5156,51070728,6696044,0.014816,1.15,146.91
1758300000000000006,1758290000000000005,1758280000000000004,2025-02-18,4284,65,2442,53593906,12510249,0.015173,1.82,108.02
1758300000000000007,1758290000000000005,1758280000000000004,2025-02-18,3749,54,2447,48547549,12949466,0.014404,1.29,76.69
1758300000000000001,1758290000000000001,1758280000000000001,2025-02-19,8468,43,5306,71288352,8418558,0.005078,0.15,20.99
1758300000000000002,1758290000000000001,1758280000000000001,2025-02-19,5480,54,3679,47952399,8750438,0.009854,0.2,19.34
1758300000000000004,1758290000000000003,1758280000000000002,2025-02-19,4536,94,2566,39222501,8646936,0.020723,2.29,140.96
1758300000000000005,1758290000000000004,1758280000000000003,2025-02-19,5690,61,3949,51103179,8981227,0.010721,0.74,78.93
1758300000000000006,1758290000000000005,1758280000000000004,2025-02-19,5096,122,3625,47239121,9269843,0.02394,2.72,215.12
1758300000000000007,1758290000000000005,1758280000000000004,2025-02-19,5313,71,3661,54967236,10345800,0.013363,1.6,179.52
1758300000000000001,1758290000000000001,1758280000000000001,2025-02-20,7117,79,3943,45833684,6440029,0.0111,0.32,14.14
1758300000000000002,1758290000000000001,1758280000000000001,2025-02-20,4979,54,3170,44122118,8861642,0.010846,0.24,20.75
1758300000000000003,1758290000000000002,1758280000000000002,2025-02-20,3358,81,2255,24053870,7163154,0.024122,3.15,376.58
1758300000000000004,1758290000000000003,1758280000000000002,2025-02-20,2188,42,1534,27349445,12499746,0.019196,1.63,80.27
1758300000000000005,1758290000000000004,1758280000000000003,2025-02-20,5928,82,3778,38552486,6503456,0.013833,0.57,42.97
1758300000000000006,1758290000000000005,1758280000000000004,2025-02-20,3778,64,2486,39728085,10515639,0.01694,1.76,183.92
1758300000000000007,1758290000000000005,1758280000000000004,2025-02-20,2836,50,2225,37376888,13179439,0.01763,0.9,76.92
1758300000000000001,1758290000000000001,1758280000000000001,2025-02-21,8820,73,6320,71158935,8067906,0.008277,0.24,10.76
1758300000000000002,1758290000000000001,1758280000000000001,2025-02-21,10717,117,6487,69670171,6500902,0.010917,0.56,76.09
1758300000000000004,1758290000000000003,1758280000000000002,2025-02-21,5367,148,3149,35690006,6649899,0.027576,3.45,189.21
1758300000000000005,1758290000000000004,1758280000000000003,2025-02-21,6492,73,3624,60355331,9296878,0.011245,0.92,37.26
1758300000000000006,1758290000000000005,1758280000000000004,2025-02-21,5421,87,3873,52947874,9767178,0.016049,1.4,180.92
1758300000000000007,1758290000000000005,1758280000000000004,2025-02-21,5660,144,3444,67762789,11972224,0.025442,3.8,368.52
1758300000000000001,1758290000000000001,1758280000000000001,2025-02-22,9426,102,5968,70299400,7458031,0.010821,0.45,26.48
1758300000000000002,1758290000000000001,1758280000000000001,2025-02-22,12389,124,8193,69870927,5639755,0.010009,0.41,24.11
1758300000000000003,1758290000000000002,1758280000000000002,2025-02-22,5758,146,4419,40359414,7009276,0.025356,5.29,252.06
1758300000000000004,1758290000000000003,1758280000000000002,2025-02-22,4597,96,3490,39737916,8644315,0.020883,2.44,169.25
1758300000000000005,1758290000000000004,1758280000000000003,2025-02-22,6761,103,4286,60072997,8885224,0.015234,1.09,149.96
1758300000000000007,1758290000000000005,1758280000000000004,2025-02-22,4369,77,2955,62272802,14253331,0.017624,2.04,110.24
1758300000000000001,1758290000000000001,1758280000000000001,2025-02-23,6133,64,3878,54175395,8833425,0.010435,0.27,37.3
1758300000000000002,1758290000000000001,1758280000000000001,2025-02-23,13477,78,7456,61858749,4589949,0.005788,0.3,38.78
1758300000000000003,1758290000000000002,1758280000000000002,2025-02-23,4416,123,3423,34676987,7852579,0.027853,4.09,448.74
1758300000000000004,1758290000000000003,1758280000000000002,2025-02-23,4643,96,2588,31628238,6812026,0.020676,3.26,142.43
1758300000000000005,1758290000000000004,1758280000000000003,2025-02-23,6512,117,4157,49728919,7636505,0.017967,1.19,117.78
1758300000000000006,1758290000000000005,1758280000000000004,2025-02-23,3491,58,2396,49772508,14257378,0.016614,0.95,116.63
1758300000000000007,1758290000000000005,1758280000000000004,2025-02-23,5931,105,3407,49685330,8377226,0.017704,2.06,164.17
1758300000000000001,1758290000000000001,1758280000000000001,2025-02-24,9084,67,5932,73487131,8089733,0.007376,0.28,22.88
1758300000000000002,1758290000000000001,1758280000000000001,2025-02-24,15192,170,8608,83230500,5478574,0.01119,0.8,70.85
1758300000000000003,1758290000000000002,1758280000000000002,2025-02-24,4010,118,2221,42691376,10646228,0.029426,3.99,292.49
1758300000000000004,1758290000000000003,1758280000000000002,2025-02-24,4760,72,3549,46861556,9844865,0.015126,1.72,231.27
1758300000000000005,1758290000000000004,1758280000000000003,2025-02-24,6232,107,4185,67164699,10777391,0.017169,1.05,103.14
1758300000000000006,1758290000000000005,1758280000000000004,2025-02-24,8561,181,6738,69929718,8168405,0.021142,3.1,317.66
1758300000000000007,1758290000000000005,1758280000000000004,2025-02-24,4691,101,2785,64399680,13728348,0.021531,1.71,74.98
1758300000000000001,1758290000000000001,1758280000000000001,2025-02-25,9328,96,7203,54231906,5813884,0.010292,0.28,25.59
1758300000000000002,1758290000000000001,1758280000000000001,2025-02-25,8442,56,4650,57226153,6778744,0.006633,0.25,13.92
1758300000000000003,1758290000000000002,1758280000000000002,2025-02-25,4528,118,3230,29365768,6485373,0.02606,3.96,298.77
1758300000000000004,1758290000000000003,1758280000000000002,2025-02-25,2874,83,1670,34324552,11943129,0.02888,3.12,234.84
1758300000000000005,1758290000000000004,1758280000000000003,2025-02-25,5723,71,3768,47767740,8346626,0.012406,0.91,78.27
1758300000000000006,1758290000000000005,1758280000000000004,2025-02-25,4661,114,3025,54675549,11730433,0.024458,2.8,361.52
1758300000000000007,1758290000000000005,1758280000000000004,2025-02-25,3416,52,2166,40859930,11961338,0.015222,1.13,75.95
1758300000000000001,1758290000000000001,1758280000000000001,2025-02-26,7508,82,5438,43044018,5733087,0.010922,0.24,27.87
1758300000000000002,1758290000000000001,1758280000000000001,2025-02-26,6083,58,4099,53128757,8733973,0.009535,0.26,21.39
1758300000000000003,1758290000000000002,1758280000000000002,2025-02-26,2149,63,1545,24607758,11450795,0.029316,2.08,198.24
1758300000000000004,1758290000000000003,1758280000000000002,2025-02-26,2704,61,2134,30348114,11223415,0.022559,1.77,154.44
1758300000000000005,1758290000000000004,1758280000000000003,2025-02-26,4232,51,2625,41216904,9739344,0.012051,0.5,32.5
1758300000000000006,1758290000000000005,1758280000000000004,2025-02-26,4832,91,3618,38969207,8064819,0.018833,2.4,314.43
1758300000000000007,1758290000000000005,1758280000000000004,2025-02-26,4924,96,3096,43464600,8827092,0.019496,2.74,165.53
1758300000000000001,1758290000000000001,1758280000000000001,2025-02-27,11486,123,7256,49854365,4340446,0.010709,0.58,79.08
1758300000000000002,1758290000000000001,1758280000000000001,2025-02-27,12804,84,9865,59631153,4657228,0.00656,0.35,40.22
1758300000000000003,1758290000000000002,1758280000000000002,2025-02-27,2868,56,2165,30243869,10545282,0.019526,1.7,232.48
1758300000000000004,1758290000000000003,1758280000000000002,2025-02-27,3631,109,2500,32319284,8900932,0.030019,2.62,132.85
1758300000000000005,1758290000000000004,1758280000000000003,2025-02-27,5188,88,3698,46922365,9044403,0.016962,0.91,51.76
1758300000000000006,1758290000000000005,1758280000000000004,2025-02-27,4155,82,3150,46686620,11236250,0.019735,1.51,191.37
1758300000000000007,1758290000000000005,1758280000000000004,2025-02-27,5443,109,4319,47158109,8663992,0.020026,1.94,78.08
1758300000000000002,1758290000000000001,1758280000000000001,2025-02-28,6877,34,3811,46660222,6784968,0.004944,0.15,16.2
1758300000000000003,1758290000000000002,1758280000000000002,2025-02-28,4550,113,3137,31227904,6863276,0.024835,3.13,130.0
1758300000000000004,1758290000000000003,1758280000000000002,2025-02-28,2029,43,1492,24052309,11854268,0.021193,1.48,176.68
1758300000000000005,1758290000000000004,1758280000000000003,2025-02-28,4110,36,2809,41460160,10087630,0.008759,0.4,52.09
1758300000000000007,1758290000000000005,1758280000000000004,2025-02-28,3472,59,2177,38318277,11036370,0.016993,1.31,148.08
1758300000000000001,1758290000000000001,1758280000000000001,2025-03-01,8398,45,5868,55791109,6643380,0.005358,0.19,22.54
1758300000000000002,1758290000000000001,1758280000000000001,2025-03-01,6732,65,4199,53491438,7945846,0.009655,0.31,24.06
1758300000000000003,1758290000000000002,1758280000000000002,2025-03-01,2793,65,2081,31505135,11280034,0.023272,1.92,89.3
1758300000000000004,1758290000000000003,1758280000000000002,2025-03-01,4089,84,2505,30942034,7567140,0.020543,3.0,135.41
1758300000000000005,1758290000000000004,1758280000000000003,2025-03-01,5730,48,4492,46835377,8173713,0.008377,0.61,29.03
1758300000000000006,1758290000000000005,1758280000000000004,2025-03-01,4940,127,3595,47160381,9546636,0.025709,2.32,222.89
1758300000000000007,1758290000000000005,1758280000000000004,2025-03-01,3898,92,2253,46510373,11931856,0.023602,1.61,148.05
1758300000000000001,1758290000000000001,1758280000000000001,2025-03-02,14777,88,9170,80218447,5428602,0.005955,0.4,40.43
1758300000000000002,1758290000000000001,1758280000000000001,2025-03-02,8213,44,5051,62243078,7578604,0.005357,0.21,16.32
1758300000000000003,1758290000000000002,1758280000000000002,2025-03-02,4102,81,3279,41669947,10158446,0.019746,1.84,135.82
1758300000000000004,1758290000000000003,1758280000000000002,2025-03-02,4621,88,3348,39736639,8599143,0.019043,3.08,424.24
1758300000000000006,1758290000000000005,1758280000000000004,2025-03-02,8125,112,6117,69180073,8514471,0.013785,2.62,167.35
1758300000000000007,1758290000000000005,1758280000000000004,2025-03-02,5137,105,3387,52929806,10303641,0.02044,2.59,112.5
1758300000000000001,1758290000000000001,1758280000000000001,2025-03-03,5958,71,3753,42439527,7123116,0.011917,0.35,16.31
1758300000000000002,1758290000000000001,1758280000000000001,2025-03-03,13528,82,8823,54188016,4005619,0.006062,0.41,48.4
1758300000000000003,1758290000000000002,1758280000000000002,2025-03-03,2815,69,1692,28359622,10074466,0.024512,2.23,247.75
1758300000000000004,1758290000000000003,1758280000000000002,2025-03-03,2302,38,1483,26856118,11666428,0.016507,1.02,73.21
1758300000000000005,1758290000000000004,1758280000000000003,2025-03-03,4148,71,2968,41411804,9983559,0.017117,0.65,50.75
1758300000000000006,1758290000000000005,1758280000000000004,2025-03-03,4739,114,3643,39291502,8291096,0.024056,2.54,171.49
1758300000000000007,1758290000000000005,1758280000000000004,2025-03-03,5444,85,3060,43532106,7996346,0.015614,1.67,185.34
1758300000000000001,1758290000000000001,1758280000000000001,2025-03-04,12445,130,9875,65222200,5240836,0.010446,0.56,66.11
1758300000000000002,1758290000000000001,1758280000000000001,2025-03-04,7376,67,5084,61701676,8365195,0.009084,0.27,20.7
1758300000000000003,1758290000000000002,1758280000000000002,2025-03-04,2824,43,2203,36235105,12831128,0.015227,1.41,135.52
1758300000000000004,1758290000000000003,1758280000000000002,2025-03-04,3828,97,2406,36292824,9480884,0.02534,2.75,344.64
1758300000000000005,1758290000000000004,1758280000000000003,2025-03-04,7238,92,4945,54395947,7515328,0.012711,0.99,107.13
1758300000000000006,1758290000000000005,1758280000000000004,2025-03-04,4406,102,2907,54388184,12344118,0.02315,1.99,277.35
1758300000000000007,1758290000000000005,1758280000000000004,2025-03-04,4528,105,3319,54403709,12014953,0.023189,1.62,120.61
1758300000000000001,1758290000000000001,1758280000000000001,2025-03-05,7251,53,5017,60123816,8291796,0.007309,0.18,14.67
1758300000000000002,1758290000000000001,1758280000000000001,2025-03-05,6685,35,3801,55338503,8278011,0.005236,0.18,12.26
1758300000000000003,1758290000000000002,1758280000000000002,2025-03-05,3233,91,2219,30878257,9550961,0.028147,2.78,179.13
1758300000000000004,1758290000000000003,1758280000000000002,2025-03-05,5322,111,3437,35100211,6595305,0.020857,3.36,398.19
1758300000000000005,1758290000000000004,1758280000000000003,2025-03-05,7801,72,4620,49483851,6343270,0.00923,0.8,49.8
1758300000000000006,1758290000000000005,1758280000000000004,2025-03-05,4293,100,2844,51591849,12017668,0.023294,2.7,364.13
1758300000000000007,1758290000000000005,1758280000000000004,2025-03-05,4086,95,2933,47375853,11594678,0.02325,2.56,187.3
1758300000000000001,1758290000000000001,1758280000000000001,2025-03-06,8955,75,6997,53906118,6019667,0.008375,0.35,43.89
1758300000000000002,1758290000000000001,1758280000000000001,2025-03-06,5836,68,3502,51599332,8841558,0.011652,0.35,34.79
1758300000000000003,1758290000000000002,1758280000000000002,2025-03-06,2676,49,1689,30047345,11228455,0.018311,1.14,97.06
1758300000000000004,1758290000000000003,1758280000000000002,2025-03-06,2619,46,1776,30241484,11546958,0.017564,1.1,54.77
1758300000000000005,1758290000000000004,1758280000000000003,2025-03-06,8429,112,5960,45216621,5364411,0.013287,1.08,149.56
1758300000000000006,1758290000000000005,1758280000000000004,2025-03-06,3370,45,2216,48149167,14287587,0.013353,0.93,96.32
1758300000000000007,1758290000000000005,1758280000000000004,2025-03-06,3284,53,2223,42284075,12875784,0.016139,1.34,177.92
1758300000000000001,1758290000000000001,1758280000000000001,2025-03-07,9764,72,5861,47913167,4907125,0.007374,0.24,20.45
1758300000000000002,1758290000000000001,1758280000000000001,2025-03-07,9053,100,7015,40551298,4479322,0.011046,0.51,51.49
1758300000000000003,1758290000000000002,1758280000000000002,2025-03-07,2171,51,1645,23045280,10615053,0.023491,1.77,194.61
1758300000000000004,1758290000000000003,1758280000000000002,2025-03-07,2402,40,1649,27505843,11451225,0.016653,1.4,122.99
1758300000000000005,1758290000000000004,1758280000000000003,2025-03-07,3605,51,2768,37913342,10516877,0.014147,0.39,40.69
1758300000000000006,1758290000000000005,1758280000000000004,2025-03-07,4997,71,3365,37060601,7416570,0.014209,1.66,126.42
1758300000000000007,1758290000000000005,1758280000000000004,2025-03-07,5045,86,3611,38766083,7684060,0.017047,2.46,271.34
1758300000000000001,1758290000000000001,1758280000000000001,2025-03-08,6299,65,4842,38920261,6178800,0.010319,0.29,27.41
1758300000000000002,1758290000000000001,1758280000000000001,2025-03-08,7443,84,4195,38203997,5132876,0.011286,0.36,49.67
1758300000000000004,1758290000000000003,1758280000000000002,2025-03-08,2262,64,1707,23077005,10202036,0.028294,2.02,95.66
1758300000000000005,1758290000000000004,1758280000000000003,2025-03-08,4308,59,3378,33053253,7672529,0.013695,0.45,53.5
1758300000000000006,1758290000000000005,1758280000000000004,2025-03-08,2971,75,2193,35424773,11923518,0.025244,2.11,184.07
1758300000000000007,1758290000000000005,1758280000000000004,2025-03-08,4128,100,2599,30681734,7432591,0.024225,1.58,186.83
1758300000000000001,1758290000000000001,1758280000000000001,2025-03-09,8539,51,5753,38393304,4496230,0.005973,0.16,10.89
1758300000000000002,1758290000000000001,1758280000000000001,2025-03-09,5180,27,4113,39263932,7579910,0.005212,0.08,4.26
1758300000000000003,1758290000000000002,1758280000000000002,2025-03-09,2474,61,1977,24954885,10086857,0.024656,1.98,248.94
1758300000000000004,1758290000000000003,1758280000000000002,2025-03-09,2869,46,1914,19420678,6769145,0.016033,1.01,76.54
1758300000000000005,1758290000000000004,1758280000000000003,2025-03-09,4123,45,2907,33281673,8072198,0.010914,0.43,54.83
1758300000000000006,1758290000000000005,1758280000000000004,2025-03-09,3509,82,2382,36672813,10451072,0.023368,2.18,294.23
1758300000000000007,1758290000000000005,1758280000000000004,2025-03-09,2362,50,1882,29890533,12654756,0.021169,1.14,101.35
1758300000000000001,1758290000000000001,1758280000000000001,2025-03-10,8667,78,5686,46056476,5314004,0.009,0.22,16.36
1758300000000000002,1758290000000000001,1758280000000000001,2025-03-10,4911,54,3208,40535744,8254071,0.010996,0.22,15.09
1758300000000000003,1758290000000000002,1758280000000000002,2025-03-10,2134,48,1416,26889121,12600338,0.022493,1.32,110.47
1758300000000000005,1758290000000000004,1758280000000000003,2025-03-10,4739,41,2742,37110951,7830967,0.008652,0.38,41.92
1758300000000000006,1758290000000000005,1758280000000000004,2025-03-10,2812,61,2057,36878568,13114711,0.021693,1.11,64.97
1758300000000000007,1758290000000000005,1758280000000000004,2025-03-10,4011,84,2311,37343334,9310230,0.020942,1.3,151.92
1758300000000000001,1758290000000000001,1758280000000000001,2025-03-11,15873,143,10628,65584432,4131823,0.009009,0.56,50.54
1758300000000000002,1758290000000000001,1758280000000000001,2025-03-11,8958,106,6306,58623801,6544296,0.011833,0.39,19.85
1758300000000000003,1758290000000000002,1758280000000000002,2025-03-11,4810,83,3772,31152470,6476605,0.017256,1.83,127.65
1758300000000000004,1758290000000000003,1758280000000000002,2025-03-11,4264,67,3100,39823663,9339508,0.015713,2.1,176.39
1758300000000000005,1758290000000000004,1758280000000000003,2025-03-11,5612,60,4316,53232100,9485406,0.010691,0.61,29.11
1758300000000000006,1758290000000000005,1758280000000000004,2025-03-11,4030,102,2922,52936613,13135636,0.02531,1.82,231.75
1758300000000000007,1758290000000000005,1758280000000000004,2025-03-11,5260,98,3503,53527586,10176347,0.018631,1.65,201.11
1758300000000000001,1758290000000000001,1758280000000000001,2025-03-12,9912,110,5799,79469308,8017485,0.011098,0.57,78.4
1758300000000000002,1758290000000000001,1758280000000000001,2025-03-12,9560,69,5843,78696958,8231899,0.007218,0.24,23.03
1758300000000000003,1758290000000000002,1758280000000000002,2025-03-12,3810,87,2669,46464909,12195514,0.022835,1.96,255.13
1758300000000000004,1758290000000000003,1758280000000000002,2025-03-12,3591,88,2190,43915814,12229411,0.024506,2.22,163.56
1758300000000000006,1758290000000000005,1758280000000000004,2025-03-12,6058,111,3899,62816127,10369120,0.018323,2.56,127.86
1758300000000000007,1758290000000000005,1758280000000000004,2025-03-12,5027,115,3963,72754957,14472838,0.022876,2.01,133.13
1758300000000000001,1758290000000000001,1758280000000000001,2025-03-13,6363,60,3652,47020518,7389678,0.00943,0.29,28.15
1758300000000000002,1758290000000000001,1758280000000000001,2025-03-13,7611,50,5471,43039293,5654880,0.006569,0.23,14.06
1758300000000000003,1758290000000000002,1758280000000000002,2025-03-13,1919,54,1477,21922545,11423942,0.02814,1.66,74.49
1758300000000000004,1758290000000000003,1758280000000000002,2025-03-13,3555,56,2576,29540205,8309481,0.015752,1.88,174.71
1758300000000000005,1758290000000000004,1758280000000000003,2025-03-13,3810,34,2860,38597062,10130462,0.008924,0.33,36.51
1758300000000000006,1758290000000000005,1758280000000000004,2025-03-13,5002,103,3663,42661156,8528820,0.020592,2.35,140.9
1758300000000000007,1758290000000000005,1758280000000000004,2025-03-13,4763,102,2769,34532969,7250256,0.021415,2.78,311.02
1758300000000000001,1758290000000000001,1758280000000000001,2025-03-14,7077,76,4186,58892912,8321734,0.010739,0.32,35.48
1758300000000000002,1758290000000000001,1758280000000000001,2025-03-14,7734,54,5962,47015046,6079008,0.006982,0.27,37.29
1758300000000000003,1758290000000000002,1758280000000000002,2025-03-14,2694,76,1524,29569819,10976176,0.028211,2.04,135.04
1758300000000000004,1758290000000000003,1758280000000000002,2025-03-14,2547,71,1782,30949014,12151164,0.027876,1.97,237.02
1758300000000000005,1758290000000000004,1758280000000000003,2025-03-14,8232,74,6437,45389125,5513742,0.008989,0.6,43.43
1758300000000000006,1758290000000000005,1758280000000000004,2025-03-14,5388,135,4148,41600621,7720976,0.025056,2.97,302.16
1758300000000000007,1758290000000000005,1758280000000000004,2025-03-14,4285,110,3337,49177629,11476693,0.025671,2.17,130.97
1758300000000000001,1758290000000000001,1758280000000000001,2025-03-15,8007,76,6254,56167699,7014824,0.009492,0.32,26.0
1758300000000000002,1758290000000000001,1758280000000000001,2025-03-15,13374,115,9135,58252461,4355650,0.008599,0.48,44.18
1758300000000000003,1758290000000000002,1758280000000000002,2025-03-15,3875,113,2455,31480996,8124128,0.029161,3.18,222.8
1758300000000000004,1758290000000000003,1758280000000000002,2025-03-15,5207,100,2919,33901952,6510842,0.019205,3.7,252.48
1758300000000000005,1758290000000000004,1758280000000000003,2025-03-15,5599,70,3354,49037211,8758209,0.012502,0.78,66.16
1758300000000000006,1758290000000000005,1758280000000000004,2025-03-15,5703,130,4230,46090960,8081880,0.022795,3.18,355.71
1758300000000000007,1758290000000000005,1758280000000000004,2025-03-15,3916,79,2986,51983462,13274633,0.020174,1.55,137.69
1758300000000000001,1758290000000000001,1758280000000000001,2025-03-16,9316,91,5449,48447015,5200410,0.009768,0.35,30.63
1758300000000000003,1758290000000000002,1758280000000000002,2025-03-16,3065,86,2250,28411958,9269807,0.028059,2.78,223.31
1758300000000000004,1758290000000000003,1758280000000000002,2025-03-16,3429,99,2088,27146323,7916688,0.028871,2.37,159.61
1758300000000000005,1758290000000000004,1758280000000000003,2025-03-16,5800,104,3294,41668711,7184261,0.017931,0.9,79.4
1758300000000000006,1758290000000000005,1758280000000000004,2025-03-16,4055,57,2681,45820147,11299666,0.014057,1.31,71.95
1758300000000000007,1758290000000000005,1758280000000000004,2025-03-16,3532,90,2585,37517275,10622105,0.025481,2.2,258.88
1758300000000000001,1758290000000000001,1758280000000000001,2025-03-17,4617,49,2731,39572776,8571102,0.010613,0.17,11.32
1758300000000000002,1758290000000000001,1758280000000000001,2025-03-17,7183,36,4159,47964406,6677489,0.005012,0.13,10.2
1758300000000000003,1758290000000000002,1758280000000000002,2025-03-17,2653,43,1564,26678388,10055932,0.016208,1.3,136.57
1758300000000000004,1758290000000000003,1758280000000000002,2025-03-17,2799,46,2045,23342859,8339714,0.016434,1.27,135.65
1758300000000000005,1758290000000000004,1758280000000000003,2025-03-17,5756,63,4073,37515935,6517709,0.010945,0.57,48.8
1758300000000000007,1758290000000000005,1758280000000000004,2025-03-17,4327,71,2896,36786730,8501671,0.016409,1.73,155.83
1758300000000000001,1758290000000000001,1758280000000000001,2025-03-18,7193,79,5434,44261479,6153410,0.010983,0.41,51.85
1758300000000000002,1758290000000000001,1758280000000000001,2025-03-18,9088,80,7126,44723588,4921169,0.008803,0.3,31.32
1758300000000000003,1758290000000000002,1758280000000000002,2025-03-18,1924,44,1534,24280607,12619858,0.022869,1.0,113.67
1758300000000000004,1758290000000000003,1758280000000000002,2025-03-18,2192,44,1271,26568003,12120439,0.020073,1.44,199.6
1758300000000000005,1758290000000000004,1758280000000000003,2025-03-18,6556,83,5213,38136457,5817031,0.01266,0.95,42.59
1758300000000000006,1758290000000000005,1758280000000000004,2025-03-18,2922,45,1949,39819883,13627612,0.0154,1.04,144.85
1758300000000000007,1758290000000000005,1758280000000000004,2025-03-18,3051,75,2315,36453032,11947896,0.024582,1.61,98.46
1758300000000000001,1758290000000000001,1758280000000000001,2025-03-19,11162,78,6538,47474369,4253213,0.006988,0.37,24.79
1758300000000000002,1758290000000000001,1758280000000000001,2025-03-19,5199,58,3054,43066888,8283687,0.011156,0.28,14.93
1758300000000000003,1758290000000000002,1758280000000000002,2025-03-19,2458,68,1495,23744908,9660255,0.027665,1.84,254.92
1758300000000000004,1758290000000000003,1758280000000000002,2025-03-19,4223,125,2558,27992953,6628689,0.0296,2.74,371.33
1758300000000000005,1758290000000000004,1758280000000000003,2025-03-19,7502,85,5541,38803396,5172407,0.01133,1.03,117.4
1758300000000000006,1758290000000000005,1758280000000000004,2025-03-19,5828,130,3622,41817550,7175283,0.022306,3.62,313.36
1758300000000000007,1758290000000000005,1758280000000000004,2025-03-19,3177,44,2326,35789242,11265106,0.01385,1.25,167.84
1758300000000000001,1758290000000000001,1758280000000000001,2025-03-20,10427,100,7390,51906452,4978081,0.00959,0.32,33.07
1758300000000000002,1758290000000000001,1758280000000000001,2025-03-20,10747,94,7902,56084679,5218636,0.008747,0.4,17.28
1758300000000000003,1758290000000000002,1758280000000000002,2025-03-20,4879,74,3872,35494782,7275012,0.015167,2.41,120.8
1758300000000000004,1758290000000000003,1758280000000000002,2025-03-20,2093,32,1254,26214435,12524814,0.015289,1.05,44.01
1758300000000000005,1758290000000000004,1758280000000000003,2025-03-20,7328,92,5249,46281913,6315763,0.012555,0.7,30.09
1758300000000000006,1758290000000000005,1758280000000000004,2025-03-20,5306,116,3103,43950460,8283162,0.021862,2.24,195.48
1758300000000000007,1758290000000000005,1758280000000000004,2025-03-20,3402,86,2539,48613366,14289643,0.025279,1.92,265.38
1758300000000000001,1758290000000000001,1758280000000000001,2025-03-21,4633,45,3095,39731674,8575798,0.009713,0.21,9.88
1758300000000000002,1758290000000000001,1758280000000000001,2025-03-21,10890,102,8188,47301837,4343603,0.009366,0.34,45.43
1758300000000000003,1758290000000000002,1758280000000000002,2025-03-21,3749,86,2271,23421525,6247406,0.022939,2.26,299.01
1758300000000000004,1758290000000000003,1758280000000000002,2025-03-21,3050,60,1859,26311910,8626856,0.019672,2.0,223.69
1758300000000000005,1758290000000000004,1758280000000000003,2025-03-21,3477,43,2404,37300076,10727661,0.012367,0.4,49.99
1758300000000000006,1758290000000000005,1758280000000000004,2025-03-21,5358,93,4156,38390573,7165094,0.017357,2.35,293.54
1758300000000000007,1758290000000000005,1758280000000000004,2025-03-21,3422,76,2582,36209580,10581409,0.022209,1.65,215.79
1758300000000000001,1758290000000000001,1758280000000000001,2025-03-22,10465,72,6955,65200059,6230297,0.00688,0.34,22.79
1758300000000000002,1758290000000000001,1758280000000000001,2025-03-22,7910,43,5862,64538751,8159134,0.005436,0.13,12.86
1758300000000000003,1758290000000000002,1758280000000000002,2025-03-22,2753,59,1706,33526282,12178090,0.021431,1.45,68.68
1758300000000000005,1758290000000000004,1758280000000000003,2025-03-22,5468,95,4149,55602347,10168681,0.017374,0.75,54.32
1758300000000000006,1758290000000000005,1758280000000000004,2025-03-22,5147,121,3558,52250840,10151708,0.023509,3.39,209.39
1758300000000000007,1758290000000000005,1758280000000000004,2025-03-22,4366,81,3067,58953855,13502944,0.018552,2.24,162.59
1758300000000000001,1758290000000000001,1758280000000000001,2025-03-23,5863,66,3830,47671697,8130939,0.011257,0.21,18.59
1758300000000000002,1758290000000000001,1758280000000000001,2025-03-23,5758,36,3893,41603324,7225308,0.006252,0.1,10.7
1758300000000000003,1758290000000000002,1758280000000000002,2025-03-23,2718,79,2155,22672030,8341439,0.029065,2.23,171.74
1758300000000000004,1758290000000000003,1758280000000000002,2025-03-23,4132,82,2572,28342268,6859213,0.019845,2.27,207.75
1758300000000000005,1758290000000000004,1758280000000000003,2025-03-23,6589,57,4138,38260723,5806757,0.008651,0.73,43.2
1758300000000000006,1758290000000000005,1758280000000000004,2025-03-23,2881,67,1923,37128067,12887215,0.023256,1.35,106.36
1758300000000000007,1758290000000000005,1758280000000000004,2025-03-23,3498,49,2425,39393380,11261687,0.014008,1.36,85.53
1758300000000000001,1758290000000000001,1758280000000000001,2025-03-24,5907,40,3381,49037521,8301595,0.006772,0.16,16.2
1758300000000000002,1758290000000000001,1758280000000000001,2025-03-24,6338,52,3666,48445914,7643723,0.008204,0.23,21.23
1758300000000000003,1758290000000000002,1758280000000000002,2025-03-24,4199,121,2827,29936045,7129327,0.028816,3.09,148.08
1758300000000000004,1758290000000000003,1758280000000000002,2025-03-24,2098,42,1285,25768774,12282542,0.020019,1.51,125.98
1758300000000000005,1758290000000000004,1758280000000000003,2025-03-24,4250,46,2975,41778615,9830262,0.010824,0.55,22.73
1758300000000000006,1758290000000000005,1758280000000000004,2025-03-24,2992,46,1745,38635136,12912813,0.015374,0.9,62.32
1758300000000000007,1758290000000000005,1758280000000000004,2025-03-24,3455,48,2107,44922094,13002053,0.013893,1.3,99.62
1758300000000000001,1758290000000000001,1758280000000000001,2025-03-25,7304,60,5676,55868214,7648989,0.008215,0.27,11.82
1758300000000000002,1758290000000000001,1758280000000000001,2025-03-25,14588,93,10060,61344491,4205134,0.006375,0.33,39.87
1758300000000000003,1758290000000000002,1758280000000000002,2025-03-25,3721,102,2832,32862165,8831541,0.027412,2.94,357.21
1758300000000000004,1758290000000000003,1758280000000000002,2025-03-25,3977,65,2248,34116523,8578457,0.016344,2.3,251.45
1758300000000000005,1758290000000000004,1758280000000000003,2025-03-25,5495,66,4316,50234016,9141768,0.012011,0.48,23.2
1758300000000000006,1758290000000000005,1758280000000000004,2025-03-25,3992,87,2991,47677837,11943346,0.021794,1.81,248.86
1758300000000000007,1758290000000000005,1758280000000000004,2025-03-25,5051,127,3680,52790196,10451435,0.025144,3.54,215.68
1758300000000000002,1758290000000000001,1758280000000000001,2025-03-26,12942,108,9667,68276871,5275604,0.008345,0.42,31.92
1758300000000000003,1758290000000000002,1758280000000000002,2025-03-26,4004,86,2369,41514118,10368161,0.021479,3.23,172.88
1758300000000000004,1758290000000000003,1758280000000000002,2025-03-26,2599,62,1654,31809780,12239238,0.023855,2.12,164.3
1758300000000000005,1758290000000000004,1758280000000000003,2025-03-26,7894,101,6012,54992924,6966421,0.012795,0.81,67.17
1758300000000000006,1758290000000000005,1758280000000000004,2025-03-26,5604,96,3091,55211804,9852213,0.017131,1.77,203.78
1758300000000000007,1758290000000000005,1758280000000000004,2025-03-26,5251,106,3474,54774043,10431164,0.020187,2.49,129.74
1758300000000000001,1758290000000000001,1758280000000000001,2025-03-27,7500,74,5993,53486694,7131559,0.009867,0.3,24.42
1758300000000000002,1758290000000000001,1758280000000000001,2025-03-27,10235,53,7845,60050566,5867178,0.005178,0.25,25.26
1758300000000000003,1758290000000000002,1758280000000000002,2025-03-27,3934,118,2693,30667020,7795379,0.029995,2.69,252.23
1758300000000000004,1758290000000000003,1758280000000000002,2025-03-27,2961,84,2098,34211414,11554007,0.028369,2.53,226.67
1758300000000000005,1758290000000000004,1758280000000000003,2025-03-27,9711,148,6331,48658826,5010692,0.01524,1.66,85.36
1758300000000000006,1758290000000000005,1758280000000000004,2025-03-27,6333,132,3796,52225724,8246601,0.020843,3.33,239.44
1758300000000000007,1758290000000000005,1758280000000000004,2025-03-27,3472,66,2735,45091927,12987306,0.019009,1.53,144.53
1758300000000000001,1758290000000000001,1758280000000000001,2025-03-28,13093,113,9052,78199094,5972588,0.008631,0.43,37.44
1758300000000000002,1758290000000000001,1758280000000000001,2025-03-28,16377,139,11475,72978590,4456164,0.008488,0.39,30.52
1758300000000000003,1758290000000000002,1758280000000000002,2025-03-28,3999,118,2455,46576073,11646930,0.029507,2.98,217.92
1758300000000000004,1758290000000000003,1758280000000000002,2025-03-28,6325,186,4343,39811174,6294257,0.029407,5.21,567.53
1758300000000000005,1758290000000000004,1758280000000000003,2025-03-28,9305,117,5980,64790436,6962970,0.012574,1.42,109.83
1758300000000000006,1758290000000000005,1758280000000000004,2025-03-28,5409,140,3991,71140813,13152304,0.025883,3.5,233.68
1758300000000000007,1758290000000000005,1758280000000000004,2025-03-28,5121,80,3412,58440058,11411845,0.015622,1.57,209.38
1758300000000000001,1758290000000000001,1758280000000000001,2025-03-29,6798,50,4246,57300117,8428967,0.007355,0.18,24.5
1758300000000000002,1758290000000000001,1758280000000000001,2025-03-29,11848,65,7745,63419819,5352787,0.005486,0.28,34.13
1758300000000000003,1758290000000000002,1758280000000000002,2025-03-29,3587,96,2190,31142224,8681969,0.026763,2.26,304.63
1758300000000000004,1758290000000000003,1758280000000000002,2025-03-29,3772,98,2447,37840596,10031971,0.025981,2.46,154.29
1758300000000000005,1758290000000000004,1758280000000000003,2025-03-29,7455,132,4521,51737115,6939922,0.017706,1.03,109.59
1758300000000000006,1758290000000000005,1758280000000000004,2025-03-29,4902,113,3784,49685872,10135837,0.023052,3.11,175.13
1758300000000000007,1758290000000000005,1758280000000000004,2025-03-29,4590,90,3243,53788359,11718597,0.019608,1.64,164.23
1758300000000000001,1758290000000000001,1758280000000000001,2025-03-30,9867,108,6090,68905689,6983449,0.010946,0.35,21.64
1758300000000000002,1758290000000000001,1758280000000000001,2025-03-30,13304,88,9321,56378964,4237745,0.006615,0.45,37.82
1758300000000000003,1758290000000000002,1758280000000000002,2025-03-30,3027,89,2102,35078142,11588418,0.029402,3.16,272.85
1758300000000000004,1758290000000000003,1758280000000000002,2025-03-30,3291,66,1921,36513089,11094831,0.020055,1.66,74.93
1758300000000000005,1758290000000000004,1758280000000000003,2025-03-30,7468,101,5634,53693423,7189800,0.013524,1.06,109.31
1758300000000000006,1758290000000000005,1758280000000000004,2025-03-30,6177,103,3914,50065531,8105153,0.016675,2.47,249.27
1758300000000000007,1758290000000000005,1758280000000000004,2025-03-30,5027,91,3728,57321315,11402688,0.018102,2.5,166.61
1758300000000000001,1758290000000000001,1758280000000000001,2025-03-31,7184,77,4713,43710152,6084375,0.010718,0.37,31.17
1758300000000000002,1758290000000000001,1758280000000000001,2025-03-31,8393,61,5594,52991191,6313737,0.007268,0.24,14.98
1758300000000000003,1758290000000000002,1758280000000000002,2025-03-31,2350,68,1495,28722010,12222132,0.028936,2.44,315.39
1758300000000000004,1758290000000000003,1758280000000000002,2025-03-31,2919,87,1755,26535900,9090750,0.029805,2.39,288.68
1758300000000000007,1758290000000000005,1758280000000000004,2025-03-31,3588,90,2402,39222075,10931459,0.025084,2.57,245.26
1758300000000000001,1758290000000000001,1758280000000000001,2025-04-01,9051,55,6363,47076331,5201230,0.006077,0.16,21.23
1758300000000000002,1758290000000000001,1758280000000000001,2025-04-01,6516,69,4633,50365696,7729542,0.010589,0.22,14.35
1758300000000000003,1758290000000000002,1758280000000000002,2025-04-01,3839,75,2998,28293472,7370011,0.019536,1.89,233.55
1758300000000000004,1758290000000000003,1758280000000000002,2025-04-01,2261,49,1312,27387686,12113085,0.021672,1.84,185.6
1758300000000000005,1758290000000000004,1758280000000000003,2025-04-01,5199,72,4123,41760869,8032481,0.013849,0.7,32.66
1758300000000000006,1758290000000000005,1758280000000000004,2025-04-01,5403,72,4296,38318678,7092111,0.013326,1.97,106.11
1758300000000000007,1758290000000000005,1758280000000000004,2025-04-01,3340,45,2629,45203060,13533850,0.013473,0.69,42.39
1758300000000000001,1758290000000000001,1758280000000000001,2025-04-02,6591,79,4820,46590868,7068862,0.011986,0.25,19.96
1758300000000000002,1758290000000000001,1758280000000000001,2025-04-02,6345,63,3816,47023881,7411171,0.009929,0.2,10.37
1758300000000000003,1758290000000000002,1758280000000000002,2025-04-02,1911,47,1340,22868758,11966906,0.024594,1.64,91.58
1758300000000000004,1758290000000000003,1758280000000000002,2025-04-02,3017,90,2015,30625384,10150939,0.029831,3.19,376.31
1758300000000000005,1758290000000000004,1758280000000000003,2025-04-02,4153,65,2292,40120607,9660633,0.015651,0.84,80.66
1758300000000000007,1758290000000000005,1758280000000000004,2025-04-02,5795,146,3413,41093468,7091194,0.025194,3.18,313.53
1758300000000000001,1758290000000000001,1758280000000000001,2025-04-03,6239,69,4407,53404030,8559710,0.011059,0.35,34.9
1758300000000000002,1758290000000000001,1758280000000000001,2025-04-03,7789,78,4979,59366709,7621865,0.010014,0.3,41.78
1758300000000000003,1758290000000000002,1758280000000000002,2025-04-03,4251,124,2625,29383277,6912086,0.02917,3.41,196.44
1758300000000000005,1758290000000000004,1758280000000000003,2025-04-03,5354,63,4065,48330317,9026955,0.011767,0.54,59.16
1758300000000000006,1758290000000000005,1758280000000000004,2025-04-03,5957,84,4519,43187092,7249806,0.014101,1.75,99.06
1758300000000000007,1758290000000000005,1758280000000000004,2025-04-03,3904,62,2257,53473542,13697116,0.015881,1.05,57.59
1758300000000000001,1758290000000000001,1758280000000000001,2025-04-04,5952,46,4058,53215364,8940753,0.007728,0.18,12.69
1758300000000000002,1758290000000000001,1758280000000000001,2025-04-04,12443,114,6921,56366714,4529994,0.009162,0.58,72.1
1758300000000000003,1758290000000000002,1758280000000000002,2025-04-04,3464,99,2597,31649052,9136562,0.02858,2.6,313.41
1758300000000000004,1758290000000000003,1758280000000000002,2025-04-04,2467,69,1677,30969278,12553416,0.027969,1.57,151.8
1758300000000000005,1758290000000000004,1758280000000000003,2025-04-04,9361,138,5353,46963748,5016958,0.014742,1.55,152.21
1758300000000000006,1758290000000000005,1758280000000000004,2025-04-04,3387,73,2045,45108949,13318261,0.021553,1.61,158.66
1758300000000000007,1758290000000000005,1758280000000000004,2025-04-04,5250,76,3652,48818547,9298771,0.014476,1.44,156.51
1758300000000000001,1758290000000000001,1758280000000000001,2025-04-05,7786,89,5586,52684068,6766513,0.011431,0.3,37.91
1758300000000000002,1758290000000000001,1758280000000000001,2025-04-05,10257,101,6774,49829383,4858086,0.009847,0.42,54.97
1758300000000000003,1758290000000000002,1758280000000000002,2025-04-05,4272,81,2439,28433212,6655714,0.018961,2.99,312.45
1758300000000000004,1758290000000000003,1758280000000000002,2025-04-05,2934,87,2279,30145903,10274677,0.029652,2.58,287.22
1758300000000000006,1758290000000000005,1758280000000000004,2025-04-05,3708,80,2513,43088941,11620534,0.021575,2.01,99.41
1758300000000000007,1758290000000000005,1758280000000000004,2025-04-05,4993,121,3719,44779731,8968502,0.024234,2.6,271.48
1758300000000000001,1758290000000000001,1758280000000000001,2025-04-06,5889,54,4385,40619741,6897562,0.00917,0.24,30.92
1758300000000000002,1758290000000000001,1758280000000000001,2025-04-06,9910,91,6967,55842120,5634926,0.009183,0.4,33.55
1758300000000000003,1758290000000000002,1758280000000000002,2025-04-06,3744,76,2778,28811730,7695441,0.020299,1.65,186.68
1758300000000000004,1758290000000000003,1758280000000000002,2025-04-06,4149,90,2863,26309333,6341126,0.021692,3.5,349.85
1758300000000000005,1758290000000000004,1758280000000000003,2025-04-06,4630,53,3017,41340798,8928898,0.011447,0.61,46.65
1758300000000000006,1758290000000000005,1758280000000000004,2025-04-06,4558,103,2894,34297811,7524750,0.022598,2.18,304.08
1758300000000000007,1758290000000000005,1758280000000000004,2025-04-06,6020,114,4093,48383784,8037173,0.018937,2.41,189.15
1758300000000000001,1758290000000000001,1758280000000000001,2025-04-07,8060,41,5407,45445020,5638340,0.005087,0.17,10.57
1758300000000000002,1758290000000000001,1758280000000000001,2025-04-07,7775,82,4966,46164783,5937593,0.010547,0.39,22.51
1758300000000000003,1758290000000000002,1758280000000000002,2025-04-07,2304,39,1835,28626504,12424698,0.016927,0.89,107.81
1758300000000000004,1758290000000000003,1758280000000000002,2025-04-07,1991,44,1435,23721955,11914593,0.022099,1.01,92.25
1758300000000000005,1758290000000000004,1758280000000000003,2025-04-07,5429,44,3225,39261344,7231782,0.008105,0.36,35.8
1758300000000000006,1758290000000000005,1758280000000000004,2025-04-07,4644,76,2911,43055434,9271196,0.016365,1.72,148.38
1758300000000000007,1758290000000000005,1758280000000000004,2025-04-07,3635,70,2271,35467255,9757154,0.019257,2.0,218.83
1758300000000000001,1758290000000000001,1758280000000000001,2025-04-08,7167,85,5468,54527982,7608202,0.01186,0.36,25.34
1758300000000000002,1758290000000000001,1758280000000000001,2025-04-08,8541,85,5381,44877709,5254386,0.009952,0.25,15.39
1758300000000000003,1758290000000000002,1758280000000000002,2025-04-08,2978,50,1964,30284177,10169301,0.01679,1.53,126.01
1758300000000000004,1758290000000000003,1758280000000000002,2025-04-08,2564,46,1767,26519075,10342853,0.017941,1.78,177.31
1758300000000000005,1758290000000000004,1758280000000000003,2025-04-08,4383,73,3082,42602439,9719927,0.016655,0.56,51.39
1758300000000000007,1758290000000000005,1758280000000000004,2025-04-08,3215,45,1813,46022568,14314951,0.013997,0.86,93.86
1758300000000000001,1758290000000000001,1758280000000000001,2025-04-09,7363,69,4613,54205222,7361839,0.009371,0.29,21.96
1758300000000000002,1758290000000000001,1758280000000000001,2025-04-09,7061,54,4523,49493348,7009396,0.007648,0.16,17.29
1758300000000000003,1758290000000000002,1758280000000000002,2025-04-09,3282,50,1837,29050988,8851611,0.015235,1.18,140.94
1758300000000000004,1758290000000000003,1758280000000000002,2025-04-09,4563,94,3136,30205338,6619623,0.0206,3.51,486.7
1758300000000000005,1758290000000000004,1758280000000000003,2025-04-09,8575,86,5643,44442245,5182769,0.010029,0.83,36.25
1758300000000000006,1758290000000000005,1758280000000000004,2025-04-09,4507,67,3029,39820328,8835218,0.014866,1.81,209.71
1758300000000000007,1758290000000000005,1758280000000000004,2025-04-09,3610,80,2079,49064161,13591180,0.022161,1.66,207.88
1758300000000000001,1758290000000000001,1758280000000000001,2025-04-10,9919,83,7411,57153836,5762056,0.008368,0.37,34.55
1758300000000000002,1758290000000000001,1758280000000000001,2025-04-10,8215,51,4907,60688051,7387468,0.006208,0.22,29.32
1758300000000000003,1758290000000000002,1758280000000000002,2025-04-10,5119,112,3589,33591400,6562102,0.021879,3.9,318.32
1758300000000000004,1758290000000000003,1758280000000000002,2025-04-10,4987,142,3173,33746821,6766958,0.028474,5.22,276.0
1758300000000000005,1758290000000000004,1758280000000000003,2025-04-10,8042,104,5510,50503666,6279988,0.012932,1.12,99.58
1758300000000000007,1758290000000000005,1758280000000000004,2025-04-10,5774,106,3831,49986728,8657210,0.018358,2.15,152.96
1758300000000000001,1758290000000000001,1758280000000000001,2025-04-11,8234,54,6531,45262390,5497011,0.006558,0.24,23.72
1758300000000000002,1758290000000000001,1758280000000000001,2025-04-11,8799,105,6190,55555583,6313852,0.011933,0.42,57.26
1758300000000000003,1758290000000000002,1758280000000000002,2025-04-11,3358,70,2672,25560245,7611747,0.020846,1.77,75.87
1758300000000000004,1758290000000000003,1758280000000000002,2025-04-11,3150,59,2135,32050026,10174611,0.01873,2.23,109.95
1758300000000000005,1758290000000000004,1758280000000000003,2025-04-11,6907,118,4024,43207703,6255640,0.017084,1.22,61.81
1758300000000000006,1758290000000000005,1758280000000000004,2025-04-11,2968,74,2063,40476474,13637626,0.024933,1.38,113.09
1758300000000000007,1758290000000000005,1758280000000000004,2025-04-11,3491,65,2715,45938932,13159247,0.018619,1.56,116.92
1758300000000000001,1758290000000000001,1758280000000000001,2025-04-12,6537,76,4805,57494460,8795236,0.011626,0.28,22.59
1758300000000000003,1758290000000000002,1758280000000000002,2025-04-12,2276,41,1641,27670726,12157612,0.018014,0.96,127.58
1758300000000000004,1758290000000000003,1758280000000000002,2025-04-12,3166,83,2302,38089794,12030889,0.026216,3.01,367.52
1758300000000000005,1758290000000000004,1758280000000000003,2025-04-12,6667,93,5090,49320390,7397689,0.013949,1.1,96.38
1758300000000000006,1758290000000000005,1758280000000000004,2025-04-12,5632,74,3887,45055011,7999824,0.013139,1.97,236.18
1758300000000000007,1758290000000000005,1758280000000000004,2025-04-12,7353,146,4261,53585769,7287606,0.019856,3.66,199.63
1758300000000000001,1758290000000000001,1758280000000000001,2025-04-13,6262,35,4779,41421198,6614691,0.005589,0.1,5.62
1758300000000000002,1758290000000000001,1758280000000000001,2025-04-13,9160,91,6306,47589413,5195351,0.009934,0.35,14.98
1758300000000000003,1758290000000000002,1758280000000000002,2025-04-13,3120,72,2228,28566092,9155799,0.023077,2.41,183.84
1758300000000000004,1758290000000000003,1758280000000000002,2025-04-13,2992,55,2052,22297114,7452244,0.018382,1.8,209.76
1758300000000000005,1758290000000000004,1758280000000000003,2025-04-13,5148,83,3666,38147405,7410141,0.016123,0.86,80.57
1758300000000000006,1758290000000000005,1758280000000000004,2025-04-13,3985,57,3045,43628789,10948253,0.014304,1.06,94.52
1758300000000000007,1758290000000000005,1758280000000000004,2025-04-13,4330,66,2496,32666020,7544115,0.015242,1.72,185.35
1758300000000000001,1758290000000000001,1758280000000000001,2025-04-14,5968,54,4495,51920821,8699869,0.009048,0.17,9.12
1758300000000000002,1758290000000000001,1758280000000000001,2025-04-14,5340,40,4206,46361585,8681945,0.007491,0.19,15.8
1758300000000000003,1758290000000000002,1758280000000000002,2025-04-14,2901,50,1755,28233133,9732207,0.017235,1.44,91.1
1758300000000000004,1758290000000000003,1758280000000000002,2025-04-14,2418,48,1925,27928241,11550141,0.019851,1.59,100.51
1758300000000000005,1758290000000000004,1758280000000000003,2025-04-14,6743,98,3747,42121031,6246631,0.014534,1.27,89.23
1758300000000000006,1758290000000000005,1758280000000000004,2025-04-14,4942,124,3203,41952557,8488984,0.025091,2.84,283.78
1758300000000000007,1758290000000000005,1758280000000000004,2025-04-14,5328,111,3482,42289505,7937219,0.020833,3.13,301.58
1758300000000000001,1758290000000000001,1758280000000000001,2025-04-15,10670,78,6432,54637929,5120706,0.00731,0.34,21.73
1758300000000000002,1758290000000000001,1758280000000000001,2025-04-15,13941,141,10380,58781863,4216474,0.010114,0.72,59.74
1758300000000000003,1758290000000000002,1758280000000000002,2025-04-15,3375,62,2382,34729291,10290160,0.01837,1.59,163.7
1758300000000000004,1758290000000000003,1758280000000000002,2025-04-15,3700,103,2260,30082019,8130275,0.027838,3.43,249.5
1758300000000000005,1758290000000000004,1758280000000000003,2025-04-15,5911,79,3315,48608482,8223394,0.013365,0.81,86.74
1758300000000000006,1758290000000000005,1758280000000000004,2025-04-15,5112,110,3899,51193630,10014403,0.021518,2.55,208.45
1758300000000000007,1758290000000000005,1758280000000000004,2025-04-15,3367,78,1894,46023334,13668944,0.023166,1.36,152.0
1758300000000000001,1758290000000000001,1758280000000000001,2025-04-16,6649,39,5170,46621506,7011807,0.005866,0.16,21.3
1758300000000000002,1758290000000000001,1758280000000000001,2025-04-16,6878,72,4021,49344533,7174256,0.010468,0.22,25.21
1758300000000000003,1758290000000000002,1758280000000000002,2025-04-16,2352,52,1768,28067982,11933666,0.022109,1.73,121.83
1758300000000000004,1758290000000000003,1758280000000000002,2025-04-16,3531,92,2533,26769754,7581352,0.026055,2.7,246.94
1758300000000000005,1758290000000000004,1758280000000000003,2025-04-16,6579,96,4366,41128302,6251452,0.014592,0.76,90.0
1758300000000000006,1758290000000000005,1758280000000000004,2025-04-16,2592,42,2062,34847170,13444124,0.016204,1.05,104.66
1758300000000000007,1758290000000000005,1758280000000000004,2025-04-16,5689,135,3636,47409435,8333527,0.02373,2.63,118.5
1758300000000000001,1758290000000000001,1758280000000000001,2025-04-17,4949,25,3617,39820217,8046114,0.005052,0.11,12.73
1758300000000000003,1758290000000000002,1758280000000000002,2025-04-17,2292,64,1761,25051195,10929841,0.027923,1.94,189.27
1758300000000000004,1758290000000000003,1758280000000000002,2025-04-17,1907,42,1149,22188694,11635393,0.022024,1.4,113.02
1758300000000000005,1758290000000000004,1758280000000000003,2025-04-17,4904,85,3479,35429917,7224698,0.017333,0.92,101.38
1758300000000000006,1758290000000000005,1758280000000000004,2025-04-17,4363,79,3113,36588427,8386071,0.018107,1.66,171.1
1758300000000000007,1758290000000000005,1758280000000000004,2025-04-17,3348,45,2559,34271407,10236382,0.013441,1.22,62.02
1758300000000000001,1758290000000000001,1758280000000000001,2025-04-18,6585,44,4644,39246971,5960056,0.006682,0.22,20.96
1758300000000000002,1758290000000000001,1758280000000000001,2025-04-18,5784,53,3254,36383870,6290434,0.009163,0.16,20.5
1758300000000000004,1758290000000000003,1758280000000000002,2025-04-18,2437,57,1518,21425521,8791761,0.023389,1.9,204.64
1758300000000000005,1758290000000000004,1758280000000000003,2025-04-18,3692,43,2104,32413217,8779311,0.011647,0.5,40.48
1758300000000000006,1758290000000000005,1758280000000000004,2025-04-18,2354,53,1584,29003129,12320785,0.022515,1.43,150.34
1758300000000000007,1758290000000000005,1758280000000000004,2025-04-18,4207,103,2923,35823306,8515167,0.024483,2.49,157.68
1758300000000000001,1758290000000000001,1758280000000000001,2025-04-19,7837,58,4826,55480877,7079351,0.007401,0.24,14.31
1758300000000000002,1758290000000000001,1758280000000000001,2025-04-19,7687,89,5979,54586483,7101143,0.011578,0.34,28.46
1758300000000000003,1758290000000000002,1758280000000000002,2025-04-19,3819,77,3042,33820919,8855962,0.020162,2.82,320.53
1758300000000000004,1758290000000000003,1758280000000000002,2025-04-19,2981,84,1640,29074715,9753343,0.028178,2.35,199.92
1758300000000000005,1758290000000000004,1758280000000000003,2025-04-19,7276,83,5575,47171726,6483195,0.011407,0.66,67.15
1758300000000000006,1758290000000000005,1758280000000000004,2025-04-19,5380,78,4027,44470878,8265962,0.014498,1.32,74.34
1758300000000000007,1758290000000000005,1758280000000000004,2025-04-19,4893,111,3683,49872574,10192637,0.022685,2.08,230.09
1758300000000000001,1758290000000000001,1758280000000000001,2025-04-20,6276,51,4859,54164320,8630389,0.008126,0.18,20.99
1758300000000000002,1758290000000000001,1758280000000000001,2025-04-20,10357,82,7004,53535502,5169016,0.007917,0.33,20.87
1758300000000000003,1758290000000000002,1758280000000000002,2025-04-20,4435,119,2902,33877662,7638706,0.026832,2.6,105.12
1758300000000000004,1758290000000000003,1758280000000000002,2025-04-20,4265,86,2469,27665093,6486540,0.020164,3.12,191.14
1758300000000000005,1758290000000000004,1758280000000000003,2025-04-20,4209,47,3064,46157067,10966279,0.011167,0.43,18.25
1758300000000000006,1758290000000000005,1758280000000000004,2025-04-20,3822,87,2748,50614104,13242832,0.022763,1.97,151.01
1758300000000000007,1758290000000000005,1758280000000000004,2025-04-20,5037,121,3906,41700029,8278743,0.024022,3.28,210.17
1758300000000000001,1758290000000000001,1758280000000000001,2025-04-21,13270,70,9533,54085602,4075780,0.005275,0.27,11.63
1758300000000000002,1758290000000000001,1758280000000000001,2025-04-21,5749,53,4080,50209551,8733615,0.009219,0.26,21.38
1758300000000000004,1758290000000000003,1758280000000000002,2025-04-21,2836,61,1969,30456498,10739245,0.021509,1.45,97.58
1758300000000000005,1758290000000000004,1758280000000000003,2025-04-21,5828,99,3795,44697923,7669513,0.016987,1.26,160.01
1758300000000000006,1758290000000000005,1758280000000000004,2025-04-21,3365,75,2541,40252888,11962225,0.022288,1.65,114.28
1758300000000000007,1758290000000000005,1758280000000000004,2025-04-21,3590,73,2135,49142957,13688846,0.020334,1.77,146.37
1758300000000000001,1758290000000000001,1758280000000000001,2025-04-22,6229,36,4682,47975449,7701950,0.005779,0.18,23.8
1758300000000000002,1758290000000000001,1758280000000000001,2025-04-22,9761,49,6043,47497441,4866043,0.00502,0.17,14.38
1758300000000000003,1758290000000000002,1758280000000000002,2025-04-22,2635,69,2050,24255833,9205250,0.026186,2.21,250.1
1758300000000000004,1758290000000000003,1758280000000000002,2025-04-22,2461,72,1686,30300104,12312111,0.029256,2.13,167.31
1758300000000000005,1758290000000000004,1758280000000000003,2025-04-22,4887,79,2770,40916953,8372612,0.016165,0.57,26.17
1758300000000000006,1758290000000000005,1758280000000000004,2025-04-22,3719,91,2080,39396629,10593339,0.024469,1.66,83.65
1758300000000000007,1758290000000000005,1758280000000000004,2025-04-22,4003,80,3169,42437277,10601368,0.019985,1.81,248.83
1758300000000000001,1758290000000000001,1758280000000000001,2025-04-23,6697,74,4751,54953735,8205724,0.01105,0.31,36.79
1758300000000000002,1758290000000000001,1758280000000000001,2025-04-23,12643,150,8855,64085073,5068819,0.011864,0.63,76.01
1758300000000000003,1758290000000000002,1758280000000000002,2025-04-23,2444,48,1799,30275091,12387517,0.01964,1.87,245.96
1758300000000000004,1758290000000000003,1758280000000000002,2025-04-23,3029,76,1901,37747085,12461897,0.025091,1.79,84.77
1758300000000000005,1758290000000000004,1758280000000000003,2025-04-23,6353,82,3737,51016632,8030321,0.012907,1.03,63.97
1758300000000000006,1758290000000000005,1758280000000000004,2025-04-23,5577,102,4418,49171113,8816768,0.018289,2.85,336.0
1758300000000000007,1758290000000000005,1758280000000000004,2025-04-23,5708,148,3962,52862151,9261064,0.025929,3.54,193.25
1758300000000000001,1758290000000000001,1758280000000000001,2025-04-24,9653,68,6070,61993431,6422193,0.007044,0.3,17.09
1758300000000000002,1758290000000000001,1758280000000000001,2025-04-24,10356,79,7418,72536316,7004279,0.007628,0.4,37.26
1758300000000000003,1758290000000000002,1758280000000000002,2025-04-24,3440,90,2092,36595452,10638213,0.026163,2.69,222.76
1758300000000000004,1758290000000000003,1758280000000000002,2025-04-24,3277,94,2349,40278689,12291330,0.028685,3.09,369.21
1758300000000000005,1758290000000000004,1758280000000000003,2025-04-24,10302,118,8082,57655606,5596545,0.011454,1.34,82.19
1758300000000000006,1758290000000000005,1758280000000000004,2025-04-24,4990,76,3721,67105737,13448043,0.01523,1.74,222.94
1758300000000000007,1758290000000000005,1758280000000000004,2025-04-24,4801,72,2840,48205475,10040715,0.014997,1.15,104.9
1758300000000000001,1758290000000000001,1758280000000000001,2025-04-25,7255,55,4317,49423064,6812276,0.007581,0.28,39.2
1758300000000000002,1758290000000000001,1758280000000000001,2025-04-25,8972,101,5487,56629308,6311782,0.011257,0.5,28.72
1758300000000000003,1758290000000000002,1758280000000000002,2025-04-25,2340,48,1586,30057323,12845010,0.020513,1.23,104.33
1758300000000000004,1758290000000000003,1758280000000000002,2025-04-25,5025,84,3613,30544032,6078414,0.016716,3.06,219.78
1758300000000000005,1758290000000000004,1758280000000000003,2025-04-25,8045,105,4991,45451017,5649598,0.013052,1.24,126.27
1758300000000000006,1758290000000000005,1758280000000000004,2025-04-25,2712,49,2081,40118850,14793086,0.018068,0.86,66.68
1758300000000000007,1758290000000000005,1758280000000000004,2025-04-25,3589,59,2514,50783183,14149675,0.016439,1.65,91.94
1758300000000000002,1758290000000000001,1758280000000000001,2025-04-26,6552,62,3705,47236747,7209516,0.009463,0.32,36.69
1758300000000000003,1758290000000000002,1758280000000000002,2025-04-26,2584,47,1659,27885884,10791751,0.018189,1.02,46.53
1758300000000000004,1758290000000000003,1758280000000000002,2025-04-26,3094,78,2373,29994964,9694559,0.02521,2.89,249.86
1758300000000000005,1758290000000000004,1758280000000000003,2025-04-26,5482,50,4262,43410636,7918759,0.009121,0.39,27.61
1758300000000000006,1758290000000000005,1758280000000000004,2025-04-26,4735,69,3532,44558580,9410471,0.014572,1.18,114.5
1758300000000000007,1758290000000000005,1758280000000000004,2025-04-26,4340,84,2780,42262692,9737947,0.019355,2.16,209.47
1758300000000000001,1758290000000000001,1758280000000000001,2025-04-27,9955,111,5702,51980221,5221519,0.01115,0.37,44.38
1758300000000000002,1758290000000000001,1758280000000000001,2025-04-27,10159,88,7436,60204885,5926261,0.008662,0.31,29.46
1758300000000000003,1758290000000000002,1758280000000000002,2025-04-27,3469,86,2206,26420322,7616120,0.024791,2.13,152.53
1758300000000000004,1758290000000000003,1758280000000000002,2025-04-27,3962,70,2282,37685453,9511725,0.017668,2.72,259.04
1758300000000000005,1758290000000000004,1758280000000000003,2025-04-27,8020,115,5604,48079331,5994929,0.014339,1.42,74.14
1758300000000000006,1758290000000000005,1758280000000000004,2025-04-27,4466,93,3049,53372958,11950953,0.020824,1.65,149.35
1758300000000000007,1758290000000000005,1758280000000000004,2025-04-27,3678,63,2800,42785705,11632872,0.017129,1.38,158.26
1758300000000000001,1758290000000000001,1758280000000000001,2025-04-28,9111,48,6305,64330913,7060796,0.005268,0.15,16.72
1758300000000000002,1758290000000000001,1758280000000000001,2025-04-28,11903,91,7903,76929918,6463070,0.007645,0.47,57.43
1758300000000000003,1758290000000000002,1758280000000000002,2025-04-28,3810,84,2372,37624773,9875269,0.022047,2.88,171.18
1758300000000000004,1758290000000000003,1758280000000000002,2025-04-28,6085,156,4799,43095702,7082285,0.025637,4.44,570.57
1758300000000000005,1758290000000000004,1758280000000000003,2025-04-28,8052,141,6126,60540356,7518673,0.017511,1.77,241.62
1758300000000000006,1758290000000000005,1758280000000000004,2025-04-28,6319,162,4660,68405230,10825325,0.025637,2.83,120.28
1758300000000000001,1758290000000000001,1758280000000000001,2025-04-29,5273,41,3335,45019814,8537799,0.007775,0.16,13.79
1758300000000000002,1758290000000000001,1758280000000000001,2025-04-29,9350,82,7302,46807043,5006101,0.00877,0.42,43.98
1758300000000000003,1758290000000000002,1758280000000000002,2025-04-29,3037,74,1918,29279933,9641071,0.024366,2.33,198.98
1758300000000000004,1758290000000000003,1758280000000000002,2025-04-29,2924,55,2154,23192557,7931791,0.01881,1.91,120.48
1758300000000000005,1758290000000000004,1758280000000000003,2025-04-29,6284,61,3769,39354367,6262630,0.009707,0.63,78.49
1758300000000000006,1758290000000000005,1758280000000000004,2025-04-29,2913,62,2147,36708864,12601738,0.021284,1.59,210.72
1758300000000000007,1758290000000000005,1758280000000000004,2025-04-29,3808,63,2850,41999871,11029378,0.016544,1.56,76.68
1758300000000000001,1758290000000000001,1758280000000000001,2025-04-30,10520,76,5900,52980640,5036183,0.007224,0.25,14.38
1758300000000000002,1758290000000000001,1758280000000000001,2025-04-30,15561,135,10816,68827029,4423047,0.008676,0.68,49.61
1758300000000000003,1758290000000000002,1758280000000000002,2025-04-30,4667,85,2906,38782384,8309917,0.018213,3.15,352.98
1758300000000000004,1758290000000000003,1758280000000000002,2025-04-30,4873,102,2874,30821998,6325056,0.020932,2.98,401.62
1758300000000000005,1758290000000000004,1758280000000000003,2025-04-30,5359,94,3753,52203287,9741237,0.017541,1.18,115.26
1758300000000000006,1758290000000000005,1758280000000000004,2025-04-30,3636,76,2416,47992915,13199372,0.020902,1.62,120.67
1758300000000000007,1758290000000000005,1758280000000000004,2025-04-30,4882,123,2918,56413659,11555440,0.025195,2.86,138.17
1758300000000000001,1758290000000000001,1758280000000000001,2025-05-01,13183,115,8327,55836901,4235523,0.008723,0.38,20.76
1758300000000000002,1758290000000000001,1758280000000000001,2025-05-01,9956,88,5899,68727472,6903121,0.008839,0.39,30.78
1758300000000000003,1758290000000000002,1758280000000000002,2025-05-01,3706,91,2255,40844935,11021299,0.024555,2.34,112.96
1758300000000000004,1758290000000000003,1758280000000000002,2025-05-01,2905,73,2276,30334707,10442240,0.025129,2.45,202.57
1758300000000000006,1758290000000000005,1758280000000000004,2025-05-01,7011,114,5279,56276982,8026955,0.01626,2.41,121.29
1758300000000000007,1758290000000000005,1758280000000000004,2025-05-01,4045,81,2909,50492481,12482690,0.020025,1.63,66.25
1758300000000000001,1758290000000000001,1758280000000000001,2025-05-02,5608,33,4399,45956209,8194759,0.005884,0.13,15.39
1758300000000000002,1758290000000000001,1758280000000000001,2025-05-02,10736,55,6732,52363586,4877383,0.005123,0.2,18.86
1758300000000000003,1758290000000000002,1758280000000000002,2025-05-02,2479,41,1504,30318611,12230178,0.016539,1.47,62.73
1758300000000000004,1758290000000000003,1758280000000000002,2025-05-02,3478,68,2153,25864129,7436495,0.019551,2.21,121.63
1758300000000000005,1758290000000000004,1758280000000000003,2025-05-02,5673,81,3750,42137055,7427649,0.014278,0.91,50.95
1758300000000000006,1758290000000000005,1758280000000000004,2025-05-02,4001,78,2333,46273145,11565395,0.019495,1.62,155.15
1758300000000000007,1758290000000000005,1758280000000000004,2025-05-02,2996,51,2024,38000965,12683900,0.017023,1.1,125.76
1758300000000000001,1758290000000000001,1758280000000000001,2025-05-03,14667,89,10726,67007375,4568581,0.006068,0.32,29.99
1758300000000000002,1758290000000000001,1758280000000000001,2025-05-03,13213,140,7488,73415938,5556341,0.010596,0.56,32.96
1758300000000000003,1758290000000000002,1758280000000000002,2025-05-03,4326,118,3278,37192875,8597521,0.027277,4.31,288.58
1758300000000000004,1758290000000000003,1758280000000000002,2025-05-03,3631,83,2251,43049018,11855968,0.022859,2.36,254.94
1758300000000000005,1758290000000000004,1758280000000000003,2025-05-03,9280,78,6097,60181420,6485067,0.008405,0.75,39.76
1758300000000000006,1758290000000000005,1758280000000000004,2025-05-03,5358,129,4036,53642779,10011717,0.024076,2.0,103.78
1758300000000000007,1758290000000000005,1758280000000000004,2025-05-03,4614,87,3384,66720061,14460351,0.018856,1.83,187.8
1758300000000000001,1758290000000000001,1758280000000000001,2025-05-04,9150,60,5114,61561010,6727979,0.006557,0.26,18.74
1758300000000000002,1758290000000000001,1758280000000000001,2025-05-04,10749,116,6676,56310033,5238630,0.010792,0.5,33.16
1758300000000000003,1758290000000000002,1758280000000000002,2025-05-04,5551,104,3447,33604694,6053809,0.018735,3.61,426.89
1758300000000000004,1758290000000000003,1758280000000000002,2025-05-04,4907,144,2793,33750188,6877968,0.029346,3.8,509.74
1758300000000000005,1758290000000000004,1758280000000000003,2025-05-04,9850,129,5451,50516161,5128544,0.013096,0.93,92.04
1758300000000000006,1758290000000000005,1758280000000000004,2025-05-04,3946,72,2212,58397626,14799196,0.018246,1.84,104.99
1758300000000000001,1758290000000000001,1758280000000000001,2025-05-05,4964,41,3085,42470369,8555675,0.008259,0.17,21.23
1758300000000000002,1758290000000000001,1758280000000000001,2025-05-05,6954,48,4372,56448963,8117481,0.006903,0.25,32.86
1758300000000000003,1758290000000000002,1758280000000000002,2025-05-05,2566,76,1896,32003408,12472100,0.029618,2.27,197.92
1758300000000000004,1758290000000000003,1758280000000000002,2025-05-05,1900,39,1251,24521925,12906276,0.020526,1.33,102.33
1758300000000000005,1758290000000000004,1758280000000000003,2025-05-05,4174,68,2711,42393999,10156684,0.016291,0.88,54.21
1758300000000000006,1758290000000000005,1758280000000000004,2025-05-05,5243,111,3398,40662179,7755518,0.021171,2.5,342.06
1758300000000000007,1758290000000000005,1758280000000000004,2025-05-05,3530,58,2441,44125819,12500232,0.016431,1.05,84.82
1758300000000000001,1758290000000000001,1758280000000000001,2025-05-06,9925,72,7503,59594373,6004471,0.007254,0.24,31.14
1758300000000000002,1758290000000000001,1758280000000000001,2025-05-06,9400,71,6889,44087430,4690152,0.007553,0.33,45.26
1758300000000000003,1758290000000000002,1758280000000000002,2025-05-06,3031,82,1981,30098898,9930352,0.027054,1.8,240.99
1758300000000000004,1758290000000000003,1758280000000000002,2025-05-06,2913,66,1858,29147846,10006126,0.022657,2.53,174.47
1758300000000000005,1758290000000000004,1758280000000000003,2025-05-06,5412,70,3014,44435058,8210469,0.012934,0.85,104.94
1758300000000000007,1758290000000000005,1758280000000000004,2025-05-06,6671,91,4389,48241212,7231481,0.013641,1.42,186.48
1758300000000000001,1758290000000000001,1758280000000000001,2025-05-07,5454,37,3944,44016418,8070484,0.006784,0.19,19.22
1758300000000000002,1758290000000000001,1758280000000000001,2025-05-07,7820,52,4421,50556599,6465038,0.00665,0.27,36.24
1758300000000000003,1758290000000000002,1758280000000000002,2025-05-07,2666,55,1593,27764130,10414152,0.02063,1.55,88.41
1758300000000000004,1758290000000000003,1758280000000000002,2025-05-07,3170,58,2147,26277594,8289462,0.018297,1.32,63.8
1758300000000000005,1758290000000000004,1758280000000000003,2025-05-07,4009,48,2821,40531293,10110076,0.011973,0.51,27.39
1758300000000000006,1758290000000000005,1758280000000000004,2025-05-07,4312,70,3146,40218459,9327101,0.016234,1.2,95.01
1758300000000000007,1758290000000000005,1758280000000000004,2025-05-07,5617,132,4257,40844127,7271520,0.0235,2.53,231.87
1758300000000000001,1758290000000000001,1758280000000000001,2025-05-08,4447,26,2665,34471590,7751651,0.005847,0.1,8.08
1758300000000000002,1758290000000000001,1758280000000000001,2025-05-08,6490,71,4631,41174792,6344344,0.01094,0.33,27.31
1758300000000000003,1758290000000000002,1758280000000000002,2025-05-08,1700,37,1165,20313795,11949291,0.021765,1.02,104.02
1758300000000000004,1758290000000000003,1758280000000000002,2025-05-08,1779,27,1278,22912709,12879544,0.015177,0.75,58.66
1758300000000000005,1758290000000000004,1758280000000000003,2025-05-08,4289,56,2534,32419878,7558843,0.013057,0.68,44.25
1758300000000000006,1758290000000000005,1758280000000000004,2025-05-08,2503,60,1984,31490273,12581012,0.023971,1.23,133.67
1758300000000000007,1758290000000000005,1758280000000000004,2025-05-08,4243,76,3347,33349483,7859883,0.017912,2.16,288.65
1758300000000000001,1758290000000000001,1758280000000000001,2025-05-09,8208,78,4943,41062884,5002788,0.009503,0.39,48.08
1758300000000000002,1758290000000000001,1758280000000000001,2025-05-09,7416,37,4755,51090622,6889242,0.004989,0.14,8.56
1758300000000000003,1758290000000000002,1758280000000000002,2025-05-09,2145,45,1291,22822304,10639769,0.020979,1.25,102.09
1758300000000000004,1758290000000000003,1758280000000000002,2025-05-09,3499,94,2237,29836842,8527248,0.026865,3.11,258.15
1758300000000000005,1758290000000000004,1758280000000000003,2025-05-09,4364,69,2717,39494360,9050037,0.015811,0.83,94.22
1758300000000000006,1758290000000000005,1758280000000000004,2025-05-09,2760,49,1986,39085973,14161584,0.017754,1.14,63.84
1758300000000000007,1758290000000000005,1758280000000000004,2025-05-09,4762,67,3439,39902747,8379409,0.01407,1.23,123.01
1758300000000000001,1758290000000000001,1758280000000000001,2025-05-10,11766,111,8837,64629868,5492935,0.009434,0.47,48.51
1758300000000000002,1758290000000000001,1758280000000000001,2025-05-10,10213,109,7496,67467022,6605995,0.010673,0.5,26.27
1758300000000000003,1758290000000000002,1758280000000000002,2025-05-10,3932,109,3022,38777747,9862092,0.027721,2.99,309.5
1758300000000000004,1758290000000000003,1758280000000000002,2025-05-10,5044,95,3223,36706191,7277199,0.018834,3.37,362.0
1758300000000000005,1758290000000000004,1758280000000000003,2025-05-10,7100,60,4513,56612953,7973655,0.008451,0.47,20.32
1758300000000000006,1758290000000000005,1758280000000000004,2025-05-10,4215,92,3248,53882095,12783415,0.021827,2.41,232.33
1758300000000000007,1758290000000000005,1758280000000000004,2025-05-10,7023,158,5607,59343812,8449923,0.022498,2.54,112.71
1758300000000000001,1758290000000000001,1758280000000000001,2025-05-11,8781,96,6939,45757238,5210937,0.010933,0.28,17.67
1758300000000000002,1758290000000000001,1758280000000000001,2025-05-11,5497,35,3345,45845330,8340064,0.006367,0.18,7.51
1758300000000000003,1758290000000000002,1758280000000000002,2025-05-11,4254,119,2423,26492648,6227703,0.027974,3.06,357.27
1758300000000000004,1758290000000000003,1758280000000000002,2025-05-11,2972,46,1882,25851676,8698410,0.015478,1.28,86.42
1758300000000000005,1758290000000000004,1758280000000000003,2025-05-11,3596,44,2802,39258243,10917198,0.012236,0.36,37.43
1758300000000000006,1758290000000000005,1758280000000000004,2025-05-11,3095,56,1771,42541069,13745095,0.018094,1.22,56.0
1758300000000000007,1758290000000000005,1758280000000000004,2025-05-11,4874,74,2856,35975418,7381087,0.015183,1.81,211.07
1758300000000000001,1758290000000000001,1758280000000000001,2025-05-12,7202,76,5410,57944933,8045672,0.010553,0.36,39.37
1758300000000000002,1758290000000000001,1758280000000000001,2025-05-12,11924,60,6748,51336686,4305324,0.005032,0.23,22.83
1758300000000000003,1758290000000000002,1758280000000000002,2025-05-12,2586,74,1748,30763270,11896083,0.028616,1.9,218.07
1758300000000000005,1758290000000000004,1758280000000000003,2025-05-12,4520,39,3022,46834980,10361721,0.008628,0.29,33.72
1758300000000000006,1758290000000000005,1758280000000000004,2025-05-12,6142,85,4670,51439221,8374995,0.013839,2.16,98.52
1758300000000000007,1758290000000000005,1758280000000000004,2025-05-12,3019,57,1820,42230739,13988320,0.01888,1.62,93.68
1758300000000000001,1758290000000000001,1758280000000000001,2025-05-13,5170,47,3821,38715409,7488474,0.009091,0.24,20.6
1758300000000000002,1758290000000000001,1758280000000000001,2025-05-13,6595,79,3684,33813621,5127160,0.011979,0.39,20.25
1758300000000000003,1758290000000000002,1758280000000000002,2025-05-13,3112,51,1815,22977343,7383465,0.016388,1.43,193.65
1758300000000000004,1758290000000000003,1758280000000000002,2025-05-13,2288,38,1416,18467817,8071598,0.016608,0.85,105.92
1758300000000000005,1758290000000000004,1758280000000000003,2025-05-13,3925,49,2242,31083870,7919457,0.012484,0.53,26.71
1758300000000000006,1758290000000000005,1758280000000000004,2025-05-13,3134,76,2502,26330124,8401444,0.02425,1.17,161.14
1758300000000000007,1758290000000000005,1758280000000000004,2025-05-13,4003,65,3185,35837616,8952689,0.016238,1.06,144.43
1758300000000000001,1758290000000000001,1758280000000000001,2025-05-14,7206,37,5074,51585745,7158721,0.005135,0.16,14.05
1758300000000000002,1758290000000000001,1758280000000000001,2025-05-14,11222,92,7336,54251178,4834359,0.008198,0.38,45.75
1758300000000000003,1758290000000000002,1758280000000000002,2025-05-14,2402,37,1678,28163879,11725179,0.015404,0.92,57.08
1758300000000000004,1758290000000000003,1758280000000000002,2025-05-14,2492,60,1782,32314363,12967240,0.024077,1.51,167.5
1758300000000000005,1758290000000000004,1758280000000000003,2025-05-14,5396,62,4112,45358682,8405983,0.01149,0.72,71.09
1758300000000000006,1758290000000000005,1758280000000000004,2025-05-14,3629,68,2232,46312010,12761645,0.018738,1.48,200.73
1758300000000000001,1758290000000000001,1758280000000000001,2025-05-15,8963,53,5298,58946073,6576601,0.005913,0.25,11.93
1758300000000000002,1758290000000000001,1758280000000000001,2025-05-15,10944,65,7503,51094048,4668681,0.005939,0.26,12.04
1758300000000000003,1758290000000000002,1758280000000000002,2025-05-15,2757,64,1585,31849647,11552284,0.023214,2.16,217.14
1758300000000000004,1758290000000000003,1758280000000000002,2025-05-15,2703,67,1491,31030422,11479993,0.024787,2.54,128.98
1758300000000000005,1758290000000000004,1758280000000000003,2025-05-15,5980,75,4783,47160052,7886296,0.012542,0.68,73.78
1758300000000000006,1758290000000000005,1758280000000000004,2025-05-15,3563,72,2510,47409282,13306001,0.020208,1.49,62.37
1758300000000000007,1758290000000000005,1758280000000000004,2025-05-15,4921,96,3229,46910822,9532782,0.019508,2.24,128.43
1758300000000000001,1758290000000000001,1758280000000000001,2025-05-16,5916,67,3494,49836310,8423987,0.011325,0.29,28.15
1758300000000000002,1758290000000000001,1758280000000000001,2025-05-16,12697,95,8355,56398330,4441863,0.007482,0.45,48.17
1758300000000000003,1758290000000000002,1758280000000000002,2025-05-16,2454,73,1550,28810175,11740088,0.029747,2.51,148.16
1758300000000000004,1758290000000000003,1758280000000000002,2025-05-16,2845,52,1577,31895334,11211014,0.018278,1.75,213.37
1758300000000000005,1758290000000000004,1758280000000000003,2025-05-16,5058,83,2860,45529131,9001410,0.01641,0.96,112.56
1758300000000000006,1758290000000000005,1758280000000000004,2025-05-16,4374,71,2942,47473271,10853514,0.016232,1.85,241.77
1758300000000000001,1758290000000000001,1758280000000000001,2025-05-17,8046,69,5005,42053683,5226657,0.008576,0.26,17.41
1758300000000000002,1758290000000000001,1758280000000000001,2025-05-17,10696,122,6069,54736002,5117427,0.011406,0.56,39.94
1758300000000000003,1758290000000000002,1758280000000000002,2025-05-17,3676,96,2690,27322733,7432735,0.026115,3.59,430.47
1758300000000000004,1758290000000000003,1758280000000000002,2025-05-17,2486,68,1922,27985659,11257305,0.027353,2.09,121.92
1758300000000000005,1758290000000000004,1758280000000000003,2025-05-17,3836,37,2313,41481294,10813685,0.009645,0.37,30.2
1758300000000000006,1758290000000000005,1758280000000000004,2025-05-17,3184,76,2033,38541147,12104632,0.023869,1.41,62.25
1758300000000000007,1758290000000000005,1758280000000000004,2025-05-17,6177,95,3462,44421440,7191426,0.01538,2.41,289.87
1758300000000000001,1758290000000000001,1758280000000000001,2025-05-18,6148,54,3751,52120884,8477697,0.008783,0.23,10.03
1758300000000000002,1758290000000000001,1758280000000000001,2025-05-18,8825,68,5165,60484033,6853715,0.007705,0.23,13.6
1758300000000000003,1758290000000000002,1758280000000000002,2025-05-18,3831,85,2594,34068813,8892930,0.022187,2.52,199.2
1758300000000000004,1758290000000000003,1758280000000000002,2025-05-18,2367,54,1885,30276854,12791235,0.022814,1.68,129.86
1758300000000000005,1758290000000000004,1758280000000000003,2025-05-18,5301,80,3759,48259250,9103801,0.015091,0.82,99.1
1758300000000000006,1758290000000000005,1758280000000000004,2025-05-18,3214,78,2215,46682455,14524722,0.024269,1.2,73.84
1758300000000000007,1758290000000000005,1758280000000000004,2025-05-18,5074,79,3874,49836045,9821846,0.01557,1.82,88.6
1758300000000000001,1758290000000000001,1758280000000000001,2025-05-19,8973,46,6572,45384345,5057879,0.005126,0.17,21.86
1758300000000000002,1758290000000000001,1758280000000000001,2025-05-19,7397,39,4819,63379434,8568262,0.005272,0.12,9.31
1758300000000000003,1758290000000000002,1758280000000000002,2025-05-19,2919,79,1947,34613841,11858116,0.027064,3.01,267.76
1758300000000000004,1758290000000000003,1758280000000000002,2025-05-19,2155,57,1359,27536890,12778139,0.02645,1.53,204.43
1758300000000000005,1758290000000000004,1758280000000000003,2025-05-19,7455,125,4920,46613048,6252589,0.016767,1.09,139.97
1758300000000000006,1758290000000000005,1758280000000000004,2025-05-19,5153,89,3922,46544878,9032579,0.017271,2.44,258.71
1758300000000000007,1758290000000000005,1758280000000000004,2025-05-19,5346,106,4209,46681218,8731990,0.019828,2.38,246.44
1758300000000000001,1758290000000000001,1758280000000000001,2025-05-20,8372,54,5452,56230860,6716538,0.00645,0.27,13.25
1758300000000000002,1758290000000000001,1758280000000000001,2025-05-20,12960,89,8096,57257176,4417992,0.006867,0.4,46.69
1758300000000000003,1758290000000000002,1758280000000000002,2025-05-20,3421,62,2444,32069847,9374407,0.018123,2.34,167.5
1758300000000000004,1758290000000000003,1758280000000000002,2025-05-20,2742,67,1539,32780459,11954945,0.024435,1.9,130.43
1758300000000000005,1758290000000000004,1758280000000000003,2025-05-20,8932,125,6144,48637730,5445335,0.013995,1.03,71.96
1758300000000000006,1758290000000000005,1758280000000000004,2025-05-20,4268,57,2699,44716376,10477127,0.013355,1.22,118.58
1758300000000000007,1758290000000000005,1758280000000000004,2025-05-20,4038,81,2962,52559084,13016118,0.020059,1.69,156.53
1758300000000000001,1758290000000000001,1758280000000000001,2025-05-21,6736,71,4553,54628964,8110001,0.01054,0.28,29.74
1758300000000000002,1758290000000000001,1758280000000000001,2025-05-21,7335,38,5414,54683495,7455146,0.005181,0.16,15.86
1758300000000000003,1758290000000000002,1758280000000000002,2025-05-21,4491,131,3124,30007626,6681725,0.029169,3.51,315.28
1758300000000000004,1758290000000000003,1758280000000000002,2025-05-21,3857,112,2398,32456636,8414995,0.029038,3.47,401.3
1758300000000000005,1758290000000000004,1758280000000000003,2025-05-21,4447,73,3190,46848197,10534787,0.016416,0.66,49.88
1758300000000000006,1758290000000000005,1758280000000000004,2025-05-21,3147,46,2271,44797263,14234910,0.014617,0.78,68.03
1758300000000000007,1758290000000000005,1758280000000000004,2025-05-21,4152,99,3219,48899131,11777247,0.023844,1.98,202.45
1758300000000000001,1758290000000000001,1758280000000000001,2025-05-22,7225,70,5689,40765067,5642224,0.009689,0.25,29.75
1758300000000000002,1758290000000000001,1758280000000000001,2025-05-22,5961,56,3751,40607791,6812245,0.009394,0.24,28.44
1758300000000000003,1758290000000000002,1758280000000000002,2025-05-22,2350,46,1465,27513478,11707863,0.019574,1.26,126.87
1758300000000000004,1758290000000000003,1758280000000000002,2025-05-22,1595,32,1260,18985298,11903008,0.020063,0.72,88.27
1758300000000000005,1758290000000000004,1758280000000000003,2025-05-22,3455,53,2141,34874082,10093801,0.01534,0.5,38.79
1758300000000000006,1758290000000000005,1758280000000000004,2025-05-22,3256,53,2277,31432706,9653779,0.016278,1.35,101.33
1758300000000000007,1758290000000000005,1758280000000000004,2025-05-22,4326,104,3149,38315458,8857018,0.024041,2.43,229.19
1758300000000000001,1758290000000000001,1758280000000000001,2025-05-23,9318,60,6034,51254254,5500564,0.006439,0.27,33.14
1758300000000000002,1758290000000000001,1758280000000000001,2025-05-23,8864,74,6061,69438439,7833759,0.008348,0.36,48.92
1758300000000000003,1758290000000000002,1758280000000000002,2025-05-23,2956,50,2033,35958452,12164564,0.016915,1.65,140.59
1758300000000000004,1758290000000000003,1758280000000000002,2025-05-23,3597,76,2797,33008801,9176759,0.021129,2.85,142.64
1758300000000000005,1758290000000000004,1758280000000000003,2025-05-23,5331,44,4157,51725440,9702765,0.008254,0.36,24.0
1758300000000000006,1758290000000000005,1758280000000000004,2025-05-23,7033,104,4689,54672736,7773743,0.014787,2.22,109.69
1758300000000000007,1758290000000000005,1758280000000000004,2025-05-23,4599,62,2612,48778144,10606250,0.013481,0.96,50.09
1758300000000000001,1758290000000000001,1758280000000000001,2025-05-24,4670,26,3464,41399800,8865054,0.005567,0.13,16.13
1758300000000000002,1758290000000000001,1758280000000000001,2025-05-24,4912,56,2871,42668881,8686661,0.011401,0.2,25.26
1758300000000000003,1758290000000000002,1758280000000000002,2025-05-24,2518,50,1554,24940970,9905071,0.019857,1.32,132.46
1758300000000000004,1758290000000000003,1758280000000000002,2025-05-24,2316,62,1295,23098277,9973349,0.02677,1.35,166.14
1758300000000000005,1758290000000000004,1758280000000000003,2025-05-24,4905,64,3609,36029435,7345451,0.013048,0.48,24.32
1758300000000000006,1758290000000000005,1758280000000000004,2025-05-24,3371,54,2222,34769220,10314215,0.016019,0.86,41.93
1758300000000000007,1758290000000000005,1758280000000000004,2025-05-24,2509,38,1516,37289649,14862355,0.015145,0.79,39.09
1758300000000000001,1758290000000000001,1758280000000000001,2025-05-25,9971,119,6170,56566837,5673136,0.011935,0.6,30.96
1758300000000000002,1758290000000000001,1758280000000000001,2025-05-25,9899,90,7428,39655123,4005973,0.009092,0.32,40.24
1758300000000000003,1758290000000000002,1758280000000000002,2025-05-25,2898,77,1933,28336689,9778016,0.02657,1.63,228.06
1758300000000000004,1758290000000000003,1758280000000000002,2025-05-25,2611,66,1538,26647288,10205779,0.025278,1.58,203.66
1758300000000000005,1758290000000000004,1758280000000000003,2025-05-25,5024,52,2809,41237983,8208197,0.01035,0.59,62.78
1758300000000000006,1758290000000000005,1758280000000000004,2025-05-25,3726,67,2753,41106334,11032296,0.017982,1.28,54.04
1758300000000000007,1758290000000000005,1758280000000000004,2025-05-25,4325,102,2974,41369631,9565233,0.023584,1.6,92.46
1758300000000000001,1758290000000000001,1758280000000000001,2025-05-26,7378,41,5558,40256290,5456261,0.005557,0.14,8.25
1758300000000000002,1758290000000000001,1758280000000000001,2025-05-26,5218,44,3471,35952508,6890094,0.008432,0.19,9.33
1758300000000000003,1758290000000000002,1758280000000000002,2025-05-26,2054,32,1512,22913176,11155392,0.015579,0.98,126.84
1758300000000000004,1758290000000000003,1758280000000000002,2025-05-26,2279,67,1470,20634709,9054282,0.029399,1.42,61.5
1758300000000000005,1758290000000000004,1758280000000000003,2025-05-26,5318,94,4185,32660914,6141578,0.017676,0.74,74.18
1758300000000000006,1758290000000000005,1758280000000000004,2025-05-26,3143,63,2299,31056617,9881202,0.020045,1.75,112.58
1758300000000000007,1758290000000000005,1758280000000000004,2025-05-26,2503,59,1598,34265210,13689656,0.023572,1.37,150.75
1758300000000000001,1758290000000000001,1758280000000000001,2025-05-27,6036,48,4002,31646682,5242989,0.007952,0.24,28.32
1758300000000000002,1758290000000000001,1758280000000000001,2025-05-27,6667,41,3816,42055923,6308073,0.00615,0.17,19.93
1758300000000000003,1758290000000000002,1758280000000000002,2025-05-27,1781,53,1380,22725758,12760111,0.029759,1.62,76.49
1758300000000000004,1758290000000000003,1758280000000000002,2025-05-27,1774,51,1232,19390016,10930110,0.028749,1.14,79.64
1758300000000000005,1758290000000000004,1758280000000000003,2025-05-27,3820,37,2736,31586831,8268804,0.009686,0.4,32.57
1758300000000000006,1758290000000000005,1758280000000000004,2025-05-27,2611,42,1681,31568153,12090445,0.016086,1.02,45.83
1758300000000000007,1758290000000000005,1758280000000000004,2025-05-27,2316,43,1642,31605508,13646592,0.018566,0.74,78.21
1758300000000000001,1758290000000000001,1758280000000000001,2025-05-28,8154,85,5560,46197520,5665627,0.010424,0.29,15.64
1758300000000000002,1758290000000000001,1758280000000000001,2025-05-28,4280,21,3160,33818469,7901511,0.004907,0.11,9.36
1758300000000000003,1758290000000000002,1758280000000000002,2025-05-28,1764,51,1240,20600868,11678497,0.028912,1.84,182.11
1758300000000000004,1758290000000000003,1758280000000000002,2025-05-28,4013,89,2342,25122554,6260293,0.022178,2.38,128.69
1758300000000000005,1758290000000000004,1758280000000000003,2025-05-28,3908,40,2511,34292566,8774966,0.010235,0.44,25.56
1758300000000000006,1758290000000000005,1758280000000000004,2025-05-28,2631,53,1805,35877889,13636598,0.020144,1.1,77.34
1758300000000000007,1758290000000000005,1758280000000000004,2025-05-28,3440,60,2109,32707244,9507920,0.017442,1.66,150.66
1758300000000000001,1758290000000000001,1758280000000000001,2025-05-29,8148,41,6309,46821791,5746415,0.005032,0.13,14.34
1758300000000000002,1758290000000000001,1758280000000000001,2025-05-29,6079,52,4830,43560575,7165747,0.008554,0.16,21.64
1758300000000000003,1758290000000000002,1758280000000000002,2025-05-29,2283,58,1546,25878424,11335271,0.025405,1.38,67.26
1758300000000000004,1758290000000000003,1758280000000000002,2025-05-29,2951,66,2106,25768642,8732173,0.022365,1.58,150.31
1758300000000000005,1758290000000000004,1758280000000000003,2025-05-29,4413,48,3181,38735300,8777544,0.010877,0.51,47.46
1758300000000000006,1758290000000000005,1758280000000000004,2025-05-29,2250,47,1364,32163314,14294806,0.020889,1.27,111.56
1758300000000000007,1758290000000000005,1758280000000000004,2025-05-29,4314,77,3302,45307285,10502384,0.017849,1.78,188.98
1758300000000000001,1758290000000000001,1758280000000000001,2025-05-30,10065,90,7790,42369245,4209562,0.008942,0.31,27.61
1758300000000000002,1758290000000000001,1758280000000000001,2025-05-30,7891,75,5878,42633988,5402863,0.009504,0.33,35.21
1758300000000000003,1758290000000000002,1758280000000000002,2025-05-30,2422,45,1576,25807949,10655635,0.01858,1.12,81.75
1758300000000000004,1758290000000000003,1758280000000000002,2025-05-30,3603,99,2084,22765327,6318437,0.027477,2.36,173.13
1758300000000000005,1758290000000000004,1758280000000000003,2025-05-30,4181,59,3200,36429957,8713216,0.014111,0.43,26.26
1758300000000000006,1758290000000000005,1758280000000000004,2025-05-30,3164,49,1929,39855107,12596431,0.015487,1.35,175.85
1758300000000000001,1758290000000000001,1758280000000000001,2025-05-31,7535,85,4921,49239619,6534787,0.011281,0.31,22.0
1758300000000000002,1758290000000000001,1758280000000000001,2025-05-31,13221,109,8434,55368039,4187886,0.008244,0.35,36.38
1758300000000000003,1758290000000000002,1758280000000000002,2025-05-31,2905,81,1928,25827520,8890713,0.027883,2.03,270.97
1758300000000000004,1758290000000000003,1758280000000000002,2025-05-31,2635,66,1513,33948284,12883599,0.025047,1.9,133.74
1758300000000000005,1758290000000000004,1758280000000000003,2025-05-31,4189,35,2983,44831854,10702281,0.008355,0.37,28.82
1758300000000000006,1758290000000000005,1758280000000000004,2025-05-31,3955,69,2452,45010766,11380725,0.017446,1.32,85.49
1758300000000000007,1758290000000000005,1758280000000000004,2025-05-31,5345,75,3612,44652941,8354152,0.014032,1.89,151.15
1758300000000000001,1758290000000000001,1758280000000000001,2025-06-01,5993,43,4689,46854003,7818122,0.007175,0.2,18.84
1758300000000000002,1758290000000000001,1758280000000000001,2025-06-01,8732,101,6132,41968673,4806307,0.011567,0.45,62.18
1758300000000000003,1758290000000000002,1758280000000000002,2025-06-01,1822,31,1440,21536044,11820002,0.017014,1.06,81.21
1758300000000000004,1758290000000000003,1758280000000000002,2025-06-01,2515,55,1431,29219771,11618199,0.021869,1.99,150.95
1758300000000000005,1758290000000000004,1758280000000000003,2025-06-01,6592,78,5234,38066862,5774706,0.011833,0.74,50.31
1758300000000000006,1758290000000000005,1758280000000000004,2025-06-01,3657,65,2561,37972471,10383503,0.017774,1.23,115.45
1758300000000000007,1758290000000000005,1758280000000000004,2025-06-01,2741,63,2044,38161252,13922383,0.022984,1.78,72.45
1758300000000000001,1758290000000000001,1758280000000000001,2025-06-02,3645,32,2667,32765997,8989300,0.008779,0.14,11.94
1758300000000000002,1758290000000000001,1758280000000000001,2025-06-02,4859,50,2947,35108177,7225391,0.01029,0.21,18.5
1758300000000000003,1758290000000000002,1758280000000000002,2025-06-02,2794,47,1817,20150940,7212219,0.016822,1.59,168.35
1758300000000000004,1758290000000000003,1758280000000000002,2025-06-02,1441,27,806,18634303,12931508,0.018737,0.98,118.12
1758300000000000005,1758290000000000004,1758280000000000003,2025-06-02,5004,45,3920,29088932,5813136,0.008993,0.37,15.96
1758300000000000006,1758290000000000005,1758280000000000004,2025-06-02,2890,71,2283,33121351,11460675,0.024567,1.76,188.86
1758300000000000007,1758290000000000005,1758280000000000004,2025-06-02,1916,41,1183,25056512,13077511,0.021399,0.65,35.87
1758300000000000001,1758290000000000001,1758280000000000001,2025-06-03,10444,94,5900,50930347,4876517,0.009,0.28,26.57
1758300000000000002,1758290000000000001,1758280000000000001,2025-06-03,5708,48,3230,47054203,8243553,0.008409,0.2,10.0
1758300000000000003,1758290000000000002,1758280000000000002,2025-06-03,2727,77,2058,24602050,9021654,0.028236,2.44,173.47
1758300000000000004,1758290000000000003,1758280000000000002,2025-06-03,3429,98,2411,31389121,9154016,0.02858,3.76,274.84
1758300000000000005,1758290000000000004,1758280000000000003,2025-06-03,4059,37,3103,41993379,10345745,0.009116,0.35,39.02
1758300000000000006,1758290000000000005,1758280000000000004,2025-06-03,3211,81,2550,38613631,12025422,0.025226,1.43,195.79
1758300000000000007,1758290000000000005,1758280000000000004,2025-06-03,6354,128,4343,45373127,7140876,0.020145,2.42,151.56
1758300000000000001,1758290000000000001,1758280000000000001,2025-06-04,5999,50,4132,52401247,8734997,0.008335,0.16,15.66
1758300000000000002,1758290000000000001,1758280000000000001,2025-06-04,8400,87,4693,41953658,4994483,0.010357,0.3,29.74
1758300000000000003,1758290000000000002,1758280000000000002,2025-06-04,3886,67,2513,29215415,7518120,0.017241,1.43,128.36
1758300000000000004,1758290000000000003,1758280000000000002,2025-06-04,2838,80,1783,24701674,8703902,0.028189,2.21,142.88
1758300000000000005,1758290000000000004,1758280000000000003,2025-06-04,4284,40,2370,40437817,9439266,0.009337,0.4,45.45
1758300000000000007,1758290000000000005,1758280000000000004,2025-06-04,2900,72,2080,39376153,13577984,0.024828,2.03,253.67
1758300000000000001,1758290000000000001,1758280000000000001,2025-06-05,3608,31,2428,29153979,8080371,0.008592,0.12,6.98
1758300000000000002,1758290000000000001,1758280000000000001,2025-06-05,5381,49,4080,33096254,6150577,0.009106,0.23,21.24
1758300000000000003,1758290000000000002,1758280000000000002,2025-06-05,1677,26,1152,16800409,10018133,0.015504,0.58,76.62
1758300000000000004,1758290000000000003,1758280000000000002,2025-06-05,1986,43,1124,18771153,9451739,0.021652,1.02,75.95
1758300000000000005,1758290000000000004,1758280000000000003,2025-06-05,2497,41,1431,26678671,10684290,0.01642,0.4,46.94
1758300000000000006,1758290000000000005,1758280000000000004,2025-06-05,2338,51,1786,26708113,11423487,0.021814,0.96,86.52
1758300000000000007,1758290000000000005,1758280000000000004,2025-06-05,2122,43,1388,26649230,12558544,0.020264,0.8,33.62
1758300000000000001,1758290000000000001,1758280000000000001,2025-06-06,6853,54,4498,39676908,5789714,0.00788,0.21,28.15
1758300000000000002,1758290000000000001,1758280000000000001,2025-06-06,3504,37,2198,29862185,8522313,0.010559,0.15,6.8
1758300000000000004,1758290000000000003,1758280000000000002,2025-06-06,2043,60,1613,16673189,8161130,0.029369,2.33,275.95
1758300000000000005,1758290000000000004,1758280000000000003,2025-06-06,4399,37,2707,29802468,6774828,0.008411,0.42,47.81
1758300000000000006,1758290000000000005,1758280000000000004,2025-06-06,1957,38,1320,27894618,14253765,0.019417,0.61,78.01
1758300000000000007,1758290000000000005,1758280000000000004,2025-06-06,2194,49,1295,31710318,14453199,0.022334,0.89,82.85
1758300000000000001,1758290000000000001,1758280000000000001,2025-06-07,8702,63,6037,48422197,5564491,0.00724,0.23,22.95
1758300000000000002,1758290000000000001,1758280000000000001,2025-06-07,7382,82,5559,43398482,5878960,0.011108,0.42,18.93
1758300000000000004,1758290000000000003,1758280000000000002,2025-06-07,2234,58,1246,25218784,11288623,0.025962,1.49,162.68
1758300000000000005,1758290000000000004,1758280000000000003,2025-06-07,3755,49,2343,39351720,10479819,0.013049,0.43,39.7
1758300000000000006,1758290000000000005,1758280000000000004,2025-06-07,5573,142,4414,44632217,8008652,0.02548,3.63,229.72
1758300000000000007,1758290000000000005,1758280000000000004,2025-06-07,4255,65,2365,34071223,8007338,0.015276,1.14,104.69
1758300000000000001,1758290000000000001,1758280000000000001,2025-06-08,7363,43,5155,39368871,5346852,0.00584,0.16,9.62
1758300000000000002,1758290000000000001,1758280000000000001,2025-06-08,4964,25,3872,35345522,7120371,0.005036,0.08,4.17
1758300000000000003,1758290000000000002,1758280000000000002,2025-06-08,2350,69,1643,22032469,9375519,0.029362,2.5,314.21
1758300000000000004,1758290000000000003,1758280000000000002,2025-06-08,2646,67,1963,20661470,7808568,0.025321,2.42,135.01
1758300000000000005,1758290000000000004,1758280000000000003,2025-06-08,4082,64,3223,32020454,7844305,0.015679,0.48,31.83
1758300000000000006,1758290000000000005,1758280000000000004,2025-06-08,3612,50,2354,33016056,9140658,0.013843,1.41,80.18
1758300000000000007,1758290000000000005,1758280000000000004,2025-06-08,2284,40,1712,31024853,13583561,0.017513,0.74,82.15
1758300000000000001,1758290000000000001,1758280000000000001,2025-06-09,9095,49,6928,36977621,4065709,0.005388,0.15,8.45
1758300000000000002,1758290000000000001,1758280000000000001,2025-06-09,10079,56,7309,46152657,4579091,0.005556,0.24,31.52
1758300000000000003,1758290000000000002,1758280000000000002,2025-06-09,2232,56,1686,26031170,11662711,0.02509,1.32,59.27
1758300000000000004,1758290000000000003,1758280000000000002,2025-06-09,3106,79,2474,21471846,6913022,0.025435,2.3,189.85
1758300000000000005,1758290000000000004,1758280000000000003,2025-06-09,4425,74,3132,35627262,8051359,0.016723,0.55,28.72
1758300000000000006,1758290000000000005,1758280000000000004,2025-06-09,4100,77,3066,34822261,8493234,0.01878,1.34,90.72
1758300000000000007,1758290000000000005,1758280000000000004,2025-06-09,3545,71,2402,36432263,10277084,0.020028,1.48,78.01
1758300000000000001,1758290000000000001,1758280000000000001,2025-06-10,6062,35,4280,47151821,7778261,0.005774,0.16,10.17
1758300000000000002,1758290000000000001,1758280000000000001,2025-06-10,6226,34,3801,46627435,7489148,0.005461,0.11,12.78
1758300000000000003,1758290000000000002,1758280000000000002,2025-06-10,4348,96,3371,29648401,6818859,0.022079,2.57,248.08
1758300000000000004,1758290000000000003,1758280000000000002,2025-06-10,2789,48,1621,23939745,8583630,0.01721,1.67,213.76
1758300000000000005,1758290000000000004,1758280000000000003,2025-06-10,3701,62,2649,40191110,10859527,0.016752,0.75,100.42
1758300000000000006,1758290000000000005,1758280000000000004,2025-06-10,3250,81,2059,40073780,12330394,0.024923,2.29,122.34
1758300000000000007,1758290000000000005,1758280000000000004,2025-06-10,3212,63,2449,40308439,12549327,0.019614,1.16,63.58
1758300000000000001,1758290000000000001,1758280000000000001,2025-06-11,7556,80,5717,52009858,6883253,0.010588,0.32,38.1
1758300000000000002,1758290000000000001,1758280000000000001,2025-06-11,8923,81,5929,36838025,4128435,0.009078,0.24,25.14
1758300000000000003,1758290000000000002,1758280000000000002,2025-06-11,3169,93,1790,21589518,6812723,0.029347,2.46,232.82
1758300000000000004,1758290000000000003,1758280000000000002,2025-06-11,2650,47,1538,29180701,11011585,0.017736,1.45,64.67
1758300000000000005,1758290000000000004,1758280000000000003,2025-06-11,3605,56,1989,38077664,10562459,0.015534,0.46,52.85
1758300000000000006,1758290000000000005,1758280000000000004,2025-06-11,3462,87,2051,37437891,10813949,0.02513,2.39,103.31
1758300000000000007,1758290000000000005,1758280000000000004,2025-06-11,4900,107,2916,38717437,7901518,0.021837,2.77,254.95
1758300000000000001,1758290000000000001,1758280000000000001,2025-06-12,4317,37,3397,34370944,7961766,0.008571,0.14,10.89
1758300000000000002,1758290000000000001,1758280000000000001,2025-06-12,11395,134,7785,45960677,4033407,0.01176,0.53,53.07
1758300000000000004,1758290000000000003,1758280000000000002,2025-06-12,2585,60,1536,21891542,8468682,0.023211,1.49,155.27
1758300000000000005,1758290000000000004,1758280000000000003,2025-06-12,5109,79,3497,34427837,6738665,0.015463,0.86,57.08
1758300000000000006,1758290000000000005,1758280000000000004,2025-06-12,2439,59,1545,34802080,14268995,0.02419,1.15,76.83
1758300000000000007,1758290000000000005,1758280000000000004,2025-06-12,2291,31,1442,34053595,14864075,0.013531,0.69,81.28
1758300000000000001,1758290000000000001,1758280000000000001,2025-06-13,8971,100,5378,41052747,4576162,0.011147,0.38,15.25
1758300000000000002,1758290000000000001,1758280000000000001,2025-06-13,5149,37,3933,42854264,8322832,0.007186,0.11,12.33
1758300000000000003,1758290000000000002,1758280000000000002,2025-06-13,2870,61,2101,27609738,9620118,0.021254,2.07,116.14
1758300000000000004,1758290000000000003,1758280000000000002,2025-06-13,1637,42,1280,20337126,12423412,0.025657,1.42,154.93
1758300000000000005,1758290000000000004,1758280000000000003,2025-06-13,6415,57,3698,35960148,5605635,0.008885,0.61,28.91
1758300000000000006,1758290000000000005,1758280000000000004,2025-06-13,4669,101,2577,34592644,7409005,0.021632,2.52,253.02
1758300000000000007,1758290000000000005,1758280000000000004,2025-06-13,3254,74,1846,37327651,11471313,0.022741,1.18,105.49
1758300000000000002,1758290000000000001,1758280000000000001,2025-06-14,4304,38,2928,37618104,8740266,0.008829,0.17,14.65
1758300000000000003,1758290000000000002,1758280000000000002,2025-06-14,2897,54,1656,18687094,6450498,0.01864,1.91,122.66
1758300000000000004,1758290000000000003,1758280000000000002,2025-06-14,2998,84,2273,21747790,7254099,0.028019,2.04,267.89
1758300000000000005,1758290000000000004,1758280000000000003,2025-06-14,2905,39,2001,30326163,10439299,0.013425,0.4,47.7
1758300000000000006,1758290000000000005,1758280000000000004,2025-06-14,4202,92,2335,31169581,7417797,0.021894,1.49,138.66
1758300000000000007,1758290000000000005,1758280000000000004,2025-06-14,2835,62,1946,29482745,10399557,0.021869,0.97,123.44
1758300000000000001,1758290000000000001,1758280000000000001,2025-06-15,7632,66,4315,44662221,5851968,0.008648,0.28,36.9
1758300000000000003,1758290000000000002,1758280000000000002,2025-06-15,2073,39,1548,22174974,10697045,0.018813,1.12,74.0
1758300000000000004,1758290000000000003,1758280000000000002,2025-06-15,3250,71,2055,26149113,8045881,0.021846,2.69,209.89
1758300000000000005,1758290000000000004,1758280000000000003,2025-06-15,3396,61,2346,36243065,10672281,0.017962,0.54,58.06
1758300000000000006,1758290000000000005,1758280000000000004,2025-06-15,4981,99,2827,38556762,7740767,0.019876,1.58,140.2
1758300000000000007,1758290000000000005,1758280000000000004,2025-06-15,2459,35,1732,33929368,13798035,0.014233,0.67,70.16
1758300000000000002,1758290000000000001,1758280000000000001,2025-06-16,5016,49,3390,35895156,7156132,0.009769,0.18,12.94
1758300000000000003,1758290000000000002,1758280000000000002,2025-06-16,2086,56,1408,24641057,11812587,0.026846,1.88,135.44
1758300000000000004,1758290000000000003,1758280000000000002,2025-06-16,2333,59,1480,17138656,7346188,0.025289,1.69,115.45
1758300000000000005,1758290000000000004,1758280000000000003,2025-06-16,5911,90,4194,31334785,5301097,0.015226,0.99,100.63
1758300000000000006,1758290000000000005,1758280000000000004,2025-06-16,2203,37,1343,31065747,14101565,0.016795,0.67,28.14
1758300000000000007,1758290000000000005,1758280000000000004,2025-06-16,2293,48,1353,31603823,13782740,0.020933,0.94,116.01
1758300000000000001,1758290000000000001,1758280000000000001,2025-06-17,6568,62,5028,34186731,5205044,0.00944,0.22,25.8
1758300000000000002,1758290000000000001,1758280000000000001,2025-06-17,6074,47,4517,41518269,6835408,0.007738,0.23,19.08
1758300000000000003,1758290000000000002,1758280000000000002,2025-06-17,2015,50,1235,23204070,11515667,0.024814,1.1,104.49
1758300000000000004,1758290000000000003,1758280000000000002,2025-06-17,2774,57,2011,20055930,7229968,0.020548,1.89,134.78
1758300000000000005,1758290000000000004,1758280000000000003,2025-06-17,6047,81,4080,32445000,5365470,0.013395,0.86,75.65
1758300000000000006,1758290000000000005,1758280000000000004,2025-06-17,2485,39,1568,32617307,13125677,0.015694,0.7,56.87
1758300000000000007,1758290000000000005,1758280000000000004,2025-06-17,2549,37,1892,32272693,12660923,0.014515,0.69,80.19
1758300000000000001,1758290000000000001,1758280000000000001,2025-06-18,9180,81,5340,49943707,5440491,0.008824,0.29,27.45
1758300000000000002,1758290000000000001,1758280000000000001,2025-06-18,7145,86,5641,51507436,7208878,0.012036,0.34,28.83
1758300000000000003,1758290000000000002,1758280000000000002,2025-06-18,4497,77,3155,32414374,7208000,0.017123,2.81,245.42
1758300000000000004,1758290000000000003,1758280000000000002,2025-06-18,3033,89,1746,25557707,8426544,0.029344,3.28,346.45
1758300000000000005,1758290000000000004,1758280000000000003,2025-06-18,5736,52,4162,43479061,7580032,0.009066,0.44,45.08
1758300000000000006,1758290000000000005,1758280000000000004,2025-06-18,3296,55,2466,44549757,13516310,0.016687,1.56,147.35
1758300000000000007,1758290000000000005,1758280000000000004,2025-06-18,3117,63,2202,42408365,13605507,0.020212,1.34,75.81
1758300000000000001,1758290000000000001,1758280000000000001,2025-06-19,8629,45,6699,42871621,4968319,0.005215,0.16,18.43
1758300000000000002,1758290000000000001,1758280000000000001,2025-06-19,5709,55,3270,50535648,8851926,0.009634,0.25,11.39
1758300000000000003,1758290000000000002,1758280000000000002,2025-06-19,2708,67,1654,23985340,8857216,0.024742,2.32,109.68
1758300000000000004,1758290000000000003,1758280000000000002,2025-06-19,4046,90,2284,29390242,7264024,0.022244,3.48,300.44
1758300000000000006,1758290000000000005,1758280000000000004,2025-06-19,4315,82,2766,37050114,8586353,0.019003,1.39,75.99
1758300000000000007,1758290000000000005,1758280000000000004,2025-06-19,3487,66,2550,43013260,12335320,0.018927,1.8,224.95
1758300000000000001,1758290000000000001,1758280000000000001,2025-06-20,4842,36,2746,38407737,7932205,0.007435,0.11,6.66
1758300000000000002,1758290000000000001,1758280000000000001,2025-06-20,6388,42,4071,38389693,6009658,0.006575,0.15,12.96
1758300000000000003,1758290000000000002,1758280000000000002,2025-06-20,2251,48,1486,23371773,10382840,0.021324,1.18,61.12
1758300000000000004,1758290000000000003,1758280000000000002,2025-06-20,2862,43,1615,20512473,7167181,0.015024,0.94,38.98
1758300000000000006,1758290000000000005,1758280000000000004,2025-06-20,3736,84,2480,27497949,7360265,0.022484,1.37,127.7
1758300000000000007,1758290000000000005,1758280000000000004,2025-06-20,2822,47,1727,38328420,13582006,0.016655,1.06,49.45
1758300000000000001,1758290000000000001,1758280000000000001,2025-06-21,7880,52,4338,36753464,4664145,0.006599,0.2,16.65
1758300000000000002,1758290000000000001,1758280000000000001,2025-06-21,7920,77,4972,47768709,6031403,0.009722,0.27,35.06
1758300000000000003,1758290000000000002,1758280000000000002,2025-06-21,2638,60,1683,22770908,8631883,0.022745,1.27,54.94
1758300000000000005,1758290000000000004,1758280000000000003,2025-06-21,3626,31,2036,36223789,9990014,0.008549,0.36,47.95
1758300000000000006,1758290000000000005,1758280000000000004,2025-06-21,2194,30,1537,31900287,14539784,0.013674,0.67,44.81
1758300000000000007,1758290000000000005,1758280000000000004,2025-06-21,3656,74,2147,40547290,11090615,0.020241,1.35,57.4
1758300000000000001,1758290000000000001,1758280000000000001,2025-06-22,6365,39,4978,45368045,7127737,0.006127,0.12,12.4
1758300000000000002,1758290000000000001,1758280000000000001,2025-06-22,5576,64,3895,37710791,6763054,0.011478,0.26,16.08
1758300000000000003,1758290000000000002,1758280000000000002,2025-06-22,2596,47,2073,24443560,9415855,0.018105,1.5,140.9
1758300000000000004,1758290000000000003,1758280000000000002,2025-06-22,3396,56,1915,23030060,6781525,0.01649,1.63,83.38
1758300000000000005,1758290000000000004,1758280000000000003,2025-06-22,5993,69,3389,35605215,5941134,0.011513,0.85,64.96
1758300000000000006,1758290000000000005,1758280000000000004,2025-06-22,4176,89,3179,35272172,8446401,0.021312,2.35,232.92
1758300000000000007,1758290000000000005,1758280000000000004,2025-06-22,2740,56,1797,35938259,13116153,0.020438,1.51,85.63
1758300000000000001,1758290000000000001,1758280000000000001,2025-06-23,15074,132,11552,66338375,4400847,0.008757,0.68,85.89
1758300000000000002,1758290000000000001,1758280000000000001,2025-06-23,7277,39,4274,45779296,6290957,0.005359,0.12,15.55
1758300000000000003,1758290000000000002,1758280000000000002,2025-06-23,2846,65,1821,31055293,10911909,0.022839,1.91,231.98
1758300000000000004,1758290000000000003,1758280000000000002,2025-06-23,2767,46,2206,33011947,11930592,0.016625,1.11,51.26
1758300000000000005,1758290000000000004,1758280000000000003,2025-06-23,8379,100,4766,48050430,5734626,0.011935,0.98,93.21
1758300000000000006,1758290000000000005,1758280000000000004,2025-06-23,2966,64,1776,43731726,14744345,0.021578,1.76,183.68
1758300000000000007,1758290000000000005,1758280000000000004,2025-06-23,4264,85,2438,52369135,12281692,0.019934,1.91,101.24
1758300000000000001,1758290000000000001,1758280000000000001,2025-06-24,8318,47,5265,39505044,4749344,0.00565,0.16,17.37
1758300000000000002,1758290000000000001,1758280000000000001,2025-06-24,10021,62,6573,40291730,4020729,0.006187,0.24,12.84
1758300000000000003,1758290000000000002,1758280000000000002,2025-06-24,1944,37,1527,20430120,10509321,0.019033,0.79,53.73
1758300000000000004,1758290000000000003,1758280000000000002,2025-06-24,2017,44,1454,25168036,12477955,0.021815,1.0,56.55
1758300000000000005,1758290000000000004,1758280000000000003,2025-06-24,5814,72,3480,34198617,5882115,0.012384,0.68,82.03
1758300000000000006,1758290000000000005,1758280000000000004,2025-06-24,3993,61,2577,36223663,9071791,0.015277,1.56,171.59
1758300000000000007,1758290000000000005,1758280000000000004,2025-06-24,3514,60,2529,32173571,9155826,0.017075,1.5,173.28
1758300000000000001,1758290000000000001,1758280000000000001,2025-06-25,11601,114,6871,52256046,4504443,0.009827,0.34,20.9
1758300000000000002,1758290000000000001,1758280000000000001,2025-06-25,8222,48,4793,51652107,6282183,0.005838,0.17,17.6
1758300000000000003,1758290000000000002,1758280000000000002,2025-06-25,4213,123,2753,33145180,7867358,0.029195,4.46,195.91
1758300000000000004,1758290000000000003,1758280000000000002,2025-06-25,2246,35,1725,26230907,11678943,0.015583,1.33,68.17
1758300000000000005,1758290000000000004,1758280000000000003,2025-06-25,7516,94,5650,44532065,5924969,0.012507,1.08,137.63
1758300000000000006,1758290000000000005,1758280000000000004,2025-06-25,3672,78,2531,42631391,11609856,0.021242,1.46,175.91
1758300000000000007,1758290000000000005,1758280000000000004,2025-06-25,3137,78,1891,46432739,14801638,0.024865,1.99,83.98
1758300000000000001,1758290000000000001,1758280000000000001,2025-06-26,4606,26,3309,39213092,8513481,0.005645,0.1,10.81
1758300000000000002,1758290000000000001,1758280000000000001,2025-06-26,6778,81,3987,40969462,6044477,0.01195,0.3,31.06
1758300000000000003,1758290000000000002,1758280000000000002,2025-06-26,2654,66,1476,24522442,9239805,0.024868,1.96,174.71
1758300000000000004,1758290000000000003,1758280000000000002,2025-06-26,2089,57,1591,21296160,10194428,0.027286,2.07,195.76
1758300000000000005,1758290000000000004,1758280000000000003,2025-06-26,3180,51,1851,34363952,10806274,0.016038,0.42,54.52
1758300000000000006,1758290000000000005,1758280000000000004,2025-06-26,2417,41,1396,32812319,13575639,0.016963,1.16,158.75
1758300000000000007,1758290000000000005,1758280000000000004,2025-06-26,3663,60,2892,35915584,9804964,0.01638,1.02,49.19
1758300000000000001,1758290000000000001,1758280000000000001,2025-06-27,6475,57,5117,51589134,7967434,0.008803,0.26,13.93
1758300000000000002,1758290000000000001,1758280000000000001,2025-06-27,12556,70,9508,53162316,4234017,0.005575,0.25,14.73
1758300000000000003,1758290000000000002,1758280000000000002,2025-06-27,4247,66,2721,31821171,7492623,0.01554,2.02,199.26
1758300000000000004,1758290000000000003,1758280000000000002,2025-06-27,4573,77,3375,28036801,6130943,0.016838,1.84,185.91
1758300000000000005,1758290000000000004,1758280000000000003,2025-06-27,5512,84,3050,44893479,8144681,0.015239,0.94,128.46
1758300000000000006,1758290000000000005,1758280000000000004,2025-06-27,3315,61,2523,46967688,14168232,0.018401,1.61,133.02
1758300000000000007,1758290000000000005,1758280000000000004,2025-06-27,3043,60,1804,42819270,14071400,0.019717,1.24,165.76
1758300000000000001,1758290000000000001,1758280000000000001,2025-06-28,6868,47,4847,60271782,8775740,0.006843,0.15,14.63
1758300000000000003,1758290000000000002,1758280000000000002,2025-06-28,2910,57,2091,37221457,12790879,0.019588,1.71,234.87
1758300000000000004,1758290000000000003,1758280000000000002,2025-06-28,4296,86,3040,30298261,7052668,0.020019,2.44,116.49
1758300000000000005,1758290000000000004,1758280000000000003,2025-06-28,9623,124,6139,50639789,5262370,0.012886,1.16,73.79
1758300000000000006,1758290000000000005,1758280000000000004,2025-06-28,5203,102,3826,53441548,10271295,0.019604,2.05,223.5
1758300000000000007,1758290000000000005,1758280000000000004,2025-06-28,4787,103,3590,47838030,9993321,0.021517,1.78,245.7
1758300000000000001,1758290000000000001,1758280000000000001,2025-06-29,10005,109,6047,50572242,5054697,0.010895,0.47,56.42
1758300000000000002,1758290000000000001,1758280000000000001,2025-06-29,4836,56,3627,37126679,7677146,0.01158,0.16,6.69
1758300000000000003,1758290000000000002,1758280000000000002,2025-06-29,2637,71,2007,24637434,9342978,0.026925,2.45,158.72
1758300000000000004,1758290000000000003,1758280000000000002,2025-06-29,2605,48,1832,25476236,9779745,0.018426,1.75,157.83
1758300000000000005,1758290000000000004,1758280000000000003,2025-06-29,6856,58,4071,37585252,5482096,0.00846,0.61,67.93
1758300000000000006,1758290000000000005,1758280000000000004,2025-06-29,2628,61,1962,37651012,14326869,0.023212,1.53,85.2
1758300000000000007,1758290000000000005,1758280000000000004,2025-06-29,3607,78,2517,37519492,10401855,0.021625,2.02,194.63
1758300000000000001,1758290000000000001,1758280000000000001,2025-06-30,6998,53,5084,52573068,7512585,0.007574,0.24,23.9
1758300000000000002,1758290000000000001,1758280000000000001,2025-06-30,6289,54,3939,50508718,8031280,0.008586,0.16,6.8
1758300000000000003,1758290000000000002,1758280000000000002,2025-06-30,2555,72,1755,27974773,10949031,0.02818,2.01,116.67
1758300000000000004,1758290000000000003,1758280000000000002,2025-06-30,2944,84,1817,30929105,10505810,0.028533,2.43,299.84
1758300000000000005,1758290000000000004,1758280000000000003,2025-06-30,4207,42,2745,44177909,10501048,0.009983,0.41,37.86
1758300000000000006,1758290000000000005,1758280000000000004,2025-06-30,4912,122,2985,44007666,8959215,0.024837,3.12,398.61
1758300000000000007,1758290000000000005,1758280000000000004,2025-06-30,4510,77,2569,44348151,9833293,0.017073,2.12,295.14
1758300000000000001,1758290000000000001,1758280000000000001,2025-07-01,7096,68,4020,41124681,5795474,0.009583,0.19,8.92
1758300000000000002,1758290000000000001,1758280000000000001,2025-07-01,9557,62,7045,57892854,6057639,0.006487,0.25,23.03
1758300000000000003,1758290000000000002,1758280000000000002,2025-07-01,4205,69,2314,32180854,7652997,0.016409,2.24,179.84
1758300000000000004,1758290000000000003,1758280000000000002,2025-07-01,2064,53,1167,24400594,11821993,0.025678,2.01,100.73
1758300000000000005,1758290000000000004,1758280000000000003,2025-07-01,5488,92,4388,42436087,7732523,0.016764,0.81,63.27
1758300000000000006,1758290000000000005,1758280000000000004,2025-07-01,4086,71,2924,43063853,10539367,0.017376,1.44,83.39
1758300000000000007,1758290000000000005,1758280000000000004,2025-07-01,3791,52,2322,41808320,11028309,0.013717,1.16,62.01
1758300000000000001,1758290000000000001,1758280000000000001,2025-07-02,9912,51,7643,61082544,6162484,0.005145,0.26,31.82
1758300000000000002,1758290000000000001,1758280000000000001,2025-07-02,6966,37,4016,50244992,7212890,0.005312,0.13,17.81
1758300000000000003,1758290000000000002,1758280000000000002,2025-07-02,5088,124,3921,35798195,7035809,0.024371,4.22,299.23
1758300000000000004,1758290000000000003,1758280000000000002,2025-07-02,3130,61,1761,27817540,8887393,0.019489,1.47,100.51
1758300000000000005,1758290000000000004,1758280000000000003,2025-07-02,4576,54,3221,47711801,10426530,0.011801,0.41,38.27
1758300000000000006,1758290000000000005,1758280000000000004,2025-07-02,5512,79,3798,49109711,8909599,0.014332,1.69,230.06
1758300000000000007,1758290000000000005,1758280000000000004,2025-07-02,3975,99,2808,46313892,11651294,0.024906,2.72,150.26
1758300000000000001,1758290000000000001,1758280000000000001,2025-07-03,7667,40,4971,46637330,6082866,0.005217,0.12,16.18
1758300000000000002,1758290000000000001,1758280000000000001,2025-07-03,5408,54,3445,38257060,7074161,0.009985,0.17,18.33
1758300000000000003,1758290000000000002,1758280000000000002,2025-07-03,2144,56,1315,25712758,11992891,0.026119,2.18,187.67
1758300000000000004,1758290000000000003,1758280000000000002,2025-07-03,2058,33,1298,22798322,11077902,0.016035,1.23,91.32
1758300000000000005,1758290000000000004,1758280000000000003,2025-07-03,3408,48,2514,36383310,10675854,0.014085,0.49,40.38
1758300000000000006,1758290000000000005,1758280000000000004,2025-07-03,3970,81,2368,31413439,7912705,0.020403,1.87,127.49
1758300000000000007,1758290000000000005,1758280000000000004,2025-07-03,4995,90,3465,41353181,8278915,0.018018,1.46,122.94
1758300000000000001,1758290000000000001,1758280000000000001,2025-07-04,7798,53,4936,43313651,5554456,0.006797,0.27,11.27
1758300000000000002,1758290000000000001,1758280000000000001,2025-07-04,9243,88,6460,54319267,5876800,0.009521,0.35,46.73
1758300000000000003,1758290000000000002,1758280000000000002,2025-07-04,2462,61,1511,26349909,10702644,0.024777,1.96,97.37
1758300000000000004,1758290000000000003,1758280000000000002,2025-07-04,3644,58,2737,29440330,8079125,0.015917,1.43,183.95
1758300000000000005,1758290000000000004,1758280000000000003,2025-07-04,5164,66,3899,41842679,8102765,0.012781,0.86,76.68
1758300000000000006,1758290000000000005,1758280000000000004,2025-07-04,3418,54,2138,41257603,12070685,0.015799,1.44,114.17
1758300000000000007,1758290000000000005,1758280000000000004,2025-07-04,3533,67,2649,42427756,12008988,0.018964,1.07,129.61
1758300000000000001,1758290000000000001,1758280000000000001,2025-07-05,6759,54,3751,41056910,6074406,0.007989,0.18,9.88
1758300000000000002,1758290000000000001,1758280000000000001,2025-07-05,4227,32,2853,34403160,8138907,0.00757,0.13,10.48
1758300000000000003,1758290000000000002,1758280000000000002,2025-07-05,2332,57,1864,23699113,10162570,0.024443,2.02,101.56
1758300000000000004,1758290000000000003,1758280000000000002,2025-07-05,2055,39,1320,19420928,9450573,0.018978,1.17,112.43
1758300000000000005,1758290000000000004,1758280000000000003,2025-07-05,3462,38,2060,32340030,9341430,0.010976,0.35,15.84
1758300000000000006,1758290000000000005,1758280000000000004,2025-07-05,2416,43,1354,30701929,12707752,0.017798,1.15,97.1
1758300000000000007,1758290000000000005,1758280000000000004,2025-07-05,3490,77,2311,33978132,9735854,0.022063,2.09,191.83
1758300000000000001,1758290000000000001,1758280000000000001,2025-07-06,7061,76,5086,33180706,4699151,0.010763,0.32,21.97
1758300000000000002,1758290000000000001,1758280000000000001,2025-07-06,5961,43,4605,36209030,6074321,0.007214,0.14,10.24
1758300000000000003,1758290000000000002,1758280000000000002,2025-07-06,2217,46,1713,18309823,8258829,0.020749,1.0,132.62
1758300000000000004,1758290000000000003,1758280000000000002,2025-07-06,2215,65,1660,21341454,9634968,0.029345,1.92,265.61
1758300000000000005,1758290000000000004,1758280000000000003,2025-07-06,2989,31,2281,29738458,9949300,0.010371,0.27,24.91
1758300000000000007,1758290000000000005,1758280000000000004,2025-07-06,3515,72,2369,25666393,7301961,0.020484,1.52,99.42
1758300000000000001,1758290000000000001,1758280000000000001,2025-07-07,11758,90,8223,53029614,4510088,0.007654,0.35,44.76
1758300000000000002,1758290000000000001,1758280000000000001,2025-07-07,6147,45,4206,47091001,7660810,0.007321,0.19,25.32
1758300000000000003,1758290000000000002,1758280000000000002,2025-07-07,3083,50,2156,25485267,8266386,0.016218,1.82,100.59
1758300000000000004,1758290000000000003,1758280000000000002,2025-07-07,3798,109,2511,31726513,8353479,0.028699,4.17,578.69
1758300000000000005,1758290000000000004,1758280000000000003,2025-07-07,7583,107,4491,42908835,5658557,0.014111,0.8,106.17
1758300000000000006,1758290000000000005,1758280000000000004,2025-07-07,4609,78,3158,37637328,8166051,0.016923,2.0,270.33
1758300000000000007,1758290000000000005,1758280000000000004,2025-07-07,4008,96,2302,48180342,12021043,0.023952,1.55,71.66
1758300000000000001,1758290000000000001,1758280000000000001,2025-07-08,14876,127,10048,60061313,4037464,0.008537,0.55,59.41
1758300000000000003,1758290000000000002,1758280000000000002,2025-07-08,5017,142,3834,33639211,6705045,0.028304,5.28,645.64
1758300000000000004,1758290000000000003,1758280000000000002,2025-07-08,2528,65,1892,26024509,10294505,0.025712,1.4,155.12
1758300000000000005,1758290000000000004,1758280000000000003,2025-07-08,6120,76,4106,44747790,7311730,0.012418,0.95,131.81
1758300000000000006,1758290000000000005,1758280000000000004,2025-07-08,3274,56,2385,46201820,14111735,0.017104,1.08,115.88
1758300000000000007,1758290000000000005,1758280000000000004,2025-07-08,5154,68,3383,43293760,8400031,0.013194,1.62,206.7
1758300000000000001,1758290000000000001,1758280000000000001,2025-07-09,12764,148,10149,69004254,5406162,0.011595,0.57,26.83
1758300000000000002,1758290000000000001,1758280000000000001,2025-07-09,11884,89,8232,53943276,4539151,0.007489,0.38,28.62
1758300000000000003,1758290000000000002,1758280000000000002,2025-07-09,2826,47,1680,33126076,11721895,0.016631,1.78,246.05
1758300000000000004,1758290000000000003,1758280000000000002,2025-07-09,6051,96,4395,37129655,6136119,0.015865,2.39,121.16
1758300000000000005,1758290000000000004,1758280000000000003,2025-07-09,9135,94,5812,52691799,5768122,0.01029,1.16,133.92
1758300000000000006,1758290000000000005,1758280000000000004,2025-07-09,5195,69,2964,49247249,9479740,0.013282,1.87,178.94
1758300000000000007,1758290000000000005,1758280000000000004,2025-07-09,5912,103,4079,56136348,9495323,0.017422,2.19,243.65
1758300000000000001,1758290000000000001,1758280000000000001,2025-07-10,7649,67,6105,42843122,5601140,0.008759,0.19,11.11
1758300000000000002,1758290000000000001,1758280000000000001,2025-07-10,6883,48,4844,29937596,4349498,0.006974,0.14,6.7
1758300000000000003,1758290000000000002,1758280000000000002,2025-07-10,1742,45,1290,20784215,11931237,0.025832,1.56,154.05
1758300000000000004,1758290000000000003,1758280000000000002,2025-07-10,2378,59,1653,20804767,8748851,0.024811,1.67,220.08
1758300000000000005,1758290000000000004,1758280000000000003,2025-07-10,3108,26,1900,31191736,10035951,0.008366,0.21,27.66
1758300000000000006,1758290000000000005,1758280000000000004,2025-07-10,3917,90,2394,31127532,7946779,0.022977,1.61,138.72
1758300000000000007,1758290000000000005,1758280000000000004,2025-07-10,2833,41,2220,31255940,11032806,0.014472,0.89,45.41
1758300000000000002,1758290000000000001,1758280000000000001,2025-07-11,4776,53,3432,33306212,6973662,0.011097,0.27,28.93
1758300000000000003,1758290000000000002,1758280000000000002,2025-07-11,1997,39,1507,22916174,11475300,0.019529,0.93,60.04
1758300000000000004,1758290000000000003,1758280000000000002,2025-07-11,2238,38,1643,22199403,9919304,0.016979,0.81,65.26
1758300000000000005,1758290000000000004,1758280000000000003,2025-07-11,3137,30,2171,33836683,10786319,0.009563,0.37,43.77
1758300000000000006,1758290000000000005,1758280000000000004,2025-07-11,2119,30,1331,29742642,14036169,0.014158,0.75,45.32
1758300000000000007,1758290000000000005,1758280000000000004,2025-07-11,4280,65,3175,37930724,8862319,0.015187,1.71,119.56
1758300000000000001,1758290000000000001,1758280000000000001,2025-07-12,8517,86,6445,48115474,5649345,0.010097,0.43,23.43
1758300000000000002,1758290000000000001,1758280000000000001,2025-07-12,4048,42,2683,34803691,8597750,0.010375,0.12,15.12
1758300000000000003,1758290000000000002,1758280000000000002,2025-07-12,2037,45,1236,23409413,11492103,0.022091,1.69,221.05
1758300000000000004,1758290000000000003,1758280000000000002,2025-07-12,3888,89,3039,23972967,6165887,0.022891,3.0,303.2
1758300000000000005,1758290000000000004,1758280000000000003,2025-07-12,4215,66,2564,35536785,8431028,0.015658,0.76,56.02
1758300000000000006,1758290000000000005,1758280000000000004,2025-07-12,3721,78,2846,33863414,9100622,0.020962,1.39,191.42
1758300000000000007,1758290000000000005,1758280000000000004,2025-07-12,3435,57,2726,37210156,10832651,0.016594,1.58,147.17
1758300000000000001,1758290000000000001,1758280000000000001,2025-07-13,5289,60,3057,39011530,7375975,0.011344,0.28,16.99
1758300000000000002,1758290000000000001,1758280000000000001,2025-07-13,7575,69,5906,47832334,6314500,0.009109,0.33,22.9
1758300000000000003,1758290000000000002,1758280000000000002,2025-07-13,3391,86,2598,26486718,7810887,0.025361,2.39,208.28
1758300000000000004,1758290000000000003,1758280000000000002,2025-07-13,2016,50,1253,23138347,11477355,0.024802,1.52,138.05
1758300000000000005,1758290000000000004,1758280000000000003,2025-07-13,7185,73,5034,37218799,5180069,0.01016,0.84,48.46
1758300000000000006,1758290000000000005,1758280000000000004,2025-07-13,2609,36,1487,33197720,12724308,0.013798,0.67,33.73
1758300000000000007,1758290000000000005,1758280000000000004,2025-07-13,5418,98,3671,41239877,7611642,0.018088,1.74,171.7
1758300000000000001,1758290000000000001,1758280000000000001,2025-07-14,13680,119,10510,62744359,4586576,0.008699,0.51,68.77
1758300000000000002,1758290000000000001,1758280000000000001,2025-07-14,7472,70,5314,49246841,6590851,0.009368,0.29,28.34
1758300000000000003,1758290000000000002,1758280000000000002,2025-07-14,2787,81,1997,32454954,11645122,0.029064,2.68,345.54
1758300000000000004,1758290000000000003,1758280000000000002,2025-07-14,3807,61,2973,31540018,8284743,0.016023,2.28,130.79
1758300000000000005,1758290000000000004,1758280000000000003,2025-07-14,5970,56,3333,47996229,8039569,0.00938,0.62,57.81
1758300000000000006,1758290000000000005,1758280000000000004,2025-07-14,4045,80,2797,41778618,10328459,0.019778,1.91,141.16
1758300000000000007,1758290000000000005,1758280000000000004,2025-07-14,4782,110,2883,54213839,11337064,0.023003,2.57,307.38
1758300000000000001,1758290000000000001,1758280000000000001,2025-07-15,8551,85,6212,42779338,5002846,0.00994,0.26,21.55
1758300000000000002,1758290000000000001,1758280000000000001,2025-07-15,11218,80,7506,53832434,4798755,0.007131,0.32,18.98
1758300000000000003,1758290000000000002,1758280000000000002,2025-07-15,2112,59,1544,25957968,12290705,0.027936,1.4,173.22
1758300000000000004,1758290000000000003,1758280000000000002,2025-07-15,3469,89,2065,29248759,8431467,0.025656,3.03,410.81
1758300000000000005,1758290000000000004,1758280000000000003,2025-07-15,4014,44,2836,41405045,10315158,0.010962,0.34,18.7
1758300000000000006,1758290000000000005,1758280000000000004,2025-07-15,3800,96,2955,43422327,11426928,0.025263,2.51,227.17
1758300000000000007,1758290000000000005,1758280000000000004,2025-07-15,4591,102,3056,39387763,8579343,0.022217,2.33,130.43
1758300000000000001,1758290000000000001,1758280000000000001,2025-07-16,6166,67,4326,45098378,7314041,0.010866,0.21,15.4
1758300000000000003,1758290000000000002,1758280000000000002,2025-07-16,3463,76,2022,33823678,9767161,0.021946,2.2,262.32
1758300000000000004,1758290000000000003,1758280000000000002,2025-07-16,2882,67,1812,27114742,9408307,0.023248,1.58,176.08
1758300000000000005,1758290000000000004,1758280000000000003,2025-07-16,8776,123,5942,45703815,5207818,0.014015,1.42,193.25
1758300000000000006,1758290000000000005,1758280000000000004,2025-07-16,6566,114,4399,47834285,7285148,0.017362,3.11,249.61
1758300000000000007,1758290000000000005,1758280000000000004,2025-07-16,5551,128,3357,43573344,7849639,0.023059,2.18,233.74
1758300000000000001,1758290000000000001,1758280000000000001,2025-07-17,6919,38,4937,39690478,5736447,0.005492,0.16,11.35
1758300000000000002,1758290000000000001,1758280000000000001,2025-07-17,7031,79,4487,48028271,6830930,0.011236,0.33,26.55
1758300000000000004,1758290000000000003,1758280000000000002,2025-07-17,2156,33,1380,22757592,10555469,0.015306,0.85,65.93
1758300000000000005,1758290000000000004,1758280000000000003,2025-07-17,4299,51,2839,37593750,8744766,0.011863,0.41,38.3
1758300000000000006,1758290000000000005,1758280000000000004,2025-07-17,2581,50,1600,38423792,14887172,0.019372,0.91,97.28
1758300000000000007,1758290000000000005,1758280000000000004,2025-07-17,3875,63,2826,36763707,9487408,0.016258,1.1,86.82
1758300000000000001,1758290000000000001,1758280000000000001,2025-07-18,8266,57,4812,37590458,4547600,0.006896,0.22,15.65
1758300000000000002,1758290000000000001,1758280000000000001,2025-07-18,8957,67,6793,53122821,5930872,0.00748,0.21,10.12
1758300000000000003,1758290000000000002,1758280000000000002,2025-07-18,2126,49,1248,26579635,12502180,0.023048,1.42,167.46
1758300000000000004,1758290000000000003,1758280000000000002,2025-07-18,3816,109,2213,25256524,6618586,0.028564,3.44,155.26
1758300000000000005,1758290000000000004,1758280000000000003,2025-07-18,4676,61,3152,38877120,8314183,0.013045,0.55,28.98
1758300000000000006,1758290000000000005,1758280000000000004,2025-07-18,3275,80,2519,43200436,13190973,0.024427,2.11,140.03
1758300000000000007,1758290000000000005,1758280000000000004,2025-07-18,4283,78,2873,34553803,8067664,0.018212,1.61,213.46
1758300000000000002,1758290000000000001,1758280000000000001,2025-07-19,7723,76,5414,44886902,5812107,0.009841,0.35,39.54
1758300000000000003,1758290000000000002,1758280000000000002,2025-07-19,2345,58,1494,25336498,10804477,0.024733,1.89,235.83
1758300000000000004,1758290000000000003,1758280000000000002,2025-07-19,3296,63,2175,34959206,10606555,0.019114,1.87,198.49
1758300000000000005,1758290000000000004,1758280000000000003,2025-07-19,4325,45,3242,45221778,10455902,0.010405,0.4,32.47
1758300000000000006,1758290000000000005,1758280000000000004,2025-07-19,3544,53,2309,48908354,13800326,0.014955,1.3,127.14
1758300000000000007,1758290000000000005,1758280000000000004,2025-07-19,3416,56,2360,41535202,12159017,0.016393,1.43,91.74
1758300000000000001,1758290000000000001,1758280000000000001,2025-07-20,5273,42,3802,35775892,6784732,0.007965,0.12,6.57
1758300000000000002,1758290000000000001,1758280000000000001,2025-07-20,11059,105,7895,46243004,4181482,0.009495,0.41,24.03
1758300000000000003,1758290000000000002,1758280000000000002,2025-07-20,1987,41,1517,25049908,12606899,0.020634,1.03,86.96
1758300000000000004,1758290000000000003,1758280000000000002,2025-07-20,2125,53,1596,21818033,10267310,0.024941,1.49,133.8
1758300000000000005,1758290000000000004,1758280000000000003,2025-07-20,5769,100,4108,35150956,6093076,0.017334,0.88,100.84
1758300000000000006,1758290000000000005,1758280000000000004,2025-07-20,4564,113,3336,36722988,8046229,0.024759,2.41,285.91
1758300000000000007,1758290000000000005,1758280000000000004,2025-07-20,2657,35,1846,33578923,12637909,0.013173,0.98,136.51
1758300000000000001,1758290000000000001,1758280000000000001,2025-07-21,7728,71,4345,53673865,6945376,0.009187,0.31,21.11
1758300000000000002,1758290000000000001,1758280000000000001,2025-07-21,10125,57,6998,57769471,5705627,0.00563,0.28,14.81
1758300000000000003,1758290000000000002,1758280000000000002,2025-07-21,4087,63,2642,31117755,7613838,0.015415,1.9,233.7
1758300000000000004,1758290000000000003,1758280000000000002,2025-07-21,2514,38,1568,32564151,12953123,0.015115,1.29,88.84
1758300000000000005,1758290000000000004,1758280000000000003,2025-07-21,4345,35,2640,47761430,10992274,0.008055,0.25,17.16
1758300000000000006,1758290000000000005,1758280000000000004,2025-07-21,6024,153,4592,51429923,8537504,0.025398,3.28,212.64
1758300000000000007,1758290000000000005,1758280000000000004,2025-07-21,4538,65,2747,44092936,9716381,0.014323,1.75,144.71
1758300000000000001,1758290000000000001,1758280000000000001,2025-07-22,7917,53,4505,35540333,4489116,0.006694,0.17,23.56
1758300000000000002,1758290000000000001,1758280000000000001,2025-07-22,6909,39,4737,41730252,6039984,0.005645,0.12,16.15
1758300000000000003,1758290000000000002,1758280000000000002,2025-07-22,2807,50,1791,21256446,7572656,0.017813,1.54,100.93
1758300000000000004,1758290000000000003,1758280000000000002,2025-07-22,3598,76,2554,22898175,6364140,0.021123,1.78,150.62
1758300000000000005,1758290000000000004,1758280000000000003,2025-07-22,6510,78,5156,33115965,5086938,0.011982,0.67,58.42
1758300000000000006,1758290000000000005,1758280000000000004,2025-07-22,1987,34,1454,28632981,14410157,0.017111,0.72,49.97
1758300000000000007,1758290000000000005,1758280000000000004,2025-07-22,3933,74,3104,37598950,9559865,0.018815,1.98,106.32
1758300000000000001,1758290000000000001,1758280000000000001,2025-07-23,7754,57,4791,53756546,6932750,0.007351,0.16,15.57
1758300000000000002,1758290000000000001,1758280000000000001,2025-07-23,5677,51,4291,50108153,8826520,0.008984,0.15,19.63
1758300000000000003,1758290000000000002,1758280000000000002,2025-07-23,4480,79,3483,29280811,6535895,0.017634,2.5,276.22
1758300000000000004,1758290000000000003,1758280000000000002,2025-07-23,3424,73,2098,30070445,8782256,0.02132,2.84,124.32
1758300000000000005,1758290000000000004,1758280000000000003,2025-07-23,6484,87,4561,44513442,6865121,0.013418,1.01,88.46
1758300000000000006,1758290000000000005,1758280000000000004,2025-07-23,5202,112,3894,47288148,9090378,0.02153,1.75,130.09
1758300000000000007,1758290000000000005,1758280000000000004,2025-07-23,5713,144,4539,41738737,7305923,0.025206,3.14,411.17
1758300000000000001,1758290000000000001,1758280000000000001,2025-07-24,6271,57,4072,41352818,6594294,0.009089,0.29,26.22
1758300000000000002,1758290000000000001,1758280000000000001,2025-07-24,5455,28,3955,46188338,8467156,0.005133,0.13,12.76
1758300000000000003,1758290000000000002,1758280000000000002,2025-07-24,3134,61,1842,21809539,6959011,0.019464,1.69,227.31
1758300000000000004,1758290000000000003,1758280000000000002,2025-07-24,2915,69,2325,28213978,9678895,0.023671,1.86,133.27
1758300000000000005,1758290000000000004,1758280000000000003,2025-07-24,4168,53,2791,37517638,9001353,0.012716,0.64,69.19
1758300000000000006,1758290000000000005,1758280000000000004,2025-07-24,3631,72,2294,32867379,9051881,0.019829,1.92,137.89
1758300000000000007,1758290000000000005,1758280000000000004,2025-07-24,5001,85,3651,42167897,8431893,0.016997,1.9,100.43
1758300000000000001,1758290000000000001,1758280000000000001,2025-07-25,8991,47,6432,62879147,6993565,0.005227,0.14,17.32
1758300000000000002,1758290000000000001,1758280000000000001,2025-07-25,11745,89,9144,51023857,4344305,0.007578,0.29,38.01
1758300000000000003,1758290000000000002,1758280000000000002,2025-07-25,2920,65,1688,28266063,9680159,0.02226,1.67,220.51
1758300000000000004,1758290000000000003,1758280000000000002,2025-07-25,5990,136,3845,36821368,6147140,0.022705,2.99,411.3
1758300000000000005,1758290000000000004,1758280000000000003,2025-07-25,9591,109,6620,48815573,5089727,0.011365,1.17,125.19
1758300000000000006,1758290000000000005,1758280000000000004,2025-07-25,4617,112,2698,50701426,10981465,0.024258,1.91,180.35
1758300000000000007,1758290000000000005,1758280000000000004,2025-07-25,4089,77,3098,46929720,11477065,0.018831,1.82,73.33
1758300000000000001,1758290000000000001,1758280000000000001,2025-07-26,8412,51,5888,60276640,7165554,0.006063,0.18,23.37
1758300000000000002,1758290000000000001,1758280000000000001,2025-07-26,9269,82,6838,47295878,5102587,0.008847,0.26,17.84
1758300000000000003,1758290000000000002,1758280000000000002,2025-07-26,2501,44,1630,32238505,12890246,0.017593,1.08,102.61
1758300000000000004,1758290000000000003,1758280000000000002,2025-07-26,3423,59,2452,29231505,8539733,0.017236,1.72,80.07
1758300000000000005,1758290000000000004,1758280000000000003,2025-07-26,4344,48,3103,46102508,10612916,0.01105,0.45,47.17
1758300000000000006,1758290000000000005,1758280000000000004,2025-07-26,3744,70,2080,50106472,13383139,0.018697,1.71,211.19
1758300000000000007,1758290000000000005,1758280000000000004,2025-07-26,5419,94,3525,42098544,7768692,0.017346,1.87,240.53
1758300000000000001,1758290000000000001,1758280000000000001,2025-07-27,9689,113,7340,45331727,4678680,0.011663,0.34,18.98
1758300000000000002,1758290000000000001,1758280000000000001,2025-07-27,4593,30,3074,40590382,8837444,0.006532,0.12,8.17
1758300000000000003,1758290000000000002,1758280000000000002,2025-07-27,3308,62,1921,23322841,7050436,0.018742,1.98,119.6
1758300000000000004,1758290000000000003,1758280000000000002,2025-07-27,2276,57,1270,25775507,11324915,0.025044,2.11,131.5
1758300000000000005,1758290000000000004,1758280000000000003,2025-07-27,6754,71,4495,36823761,5452141,0.010512,0.91,95.71
1758300000000000006,1758290000000000005,1758280000000000004,2025-07-27,4807,81,3055,37909757,7886365,0.01685,1.76,177.27
1758300000000000007,1758290000000000005,1758280000000000004,2025-07-27,3206,53,1788,35737765,11147151,0.016532,0.89,82.24
1758300000000000001,1758290000000000001,1758280000000000001,2025-07-28,9057,64,7162,48859502,5394667,0.007066,0.32,31.32
1758300000000000002,1758290000000000001,1758280000000000001,2025-07-28,6667,66,4431,45495178,6823936,0.0099,0.21,15.44
1758300000000000003,1758290000000000002,1758280000000000002,2025-07-28,3421,98,2646,27158033,7938624,0.028647,3.51,390.27
1758300000000000004,1758290000000000003,1758280000000000002,2025-07-28,2268,41,1273,26758926,11798468,0.018078,1.22,93.37
1758300000000000005,1758290000000000004,1758280000000000003,2025-07-28,6630,76,4236,40437720,6099204,0.011463,0.93,84.97
1758300000000000006,1758290000000000005,1758280000000000004,2025-07-28,4128,72,2395,43011656,10419490,0.017442,1.62,197.89
1758300000000000007,1758290000000000005,1758280000000000004,2025-07-28,4349,74,3448,37863784,8706320,0.017015,1.34,155.38
1758300000000000001,1758290000000000001,1758280000000000001,2025-07-29,11636,81,6973,50046465,4301002,0.006961,0.26,32.42
1758300000000000002,1758290000000000001,1758280000000000001,2025-07-29,10598,87,8129,44991869,4245317,0.008209,0.29,33.37
1758300000000000003,1758290000000000002,1758280000000000002,2025-07-29,2698,77,1809,27947247,10358505,0.02854,2.74,217.82
1758300000000000005,1758290000000000004,1758280000000000003,2025-07-29,6862,101,3996,40730715,5935691,0.014719,0.75,96.15
1758300000000000006,1758290000000000005,1758280000000000004,2025-07-29,3356,68,2317,42461830,12652512,0.020262,1.73,98.29
1758300000000000007,1758290000000000005,1758280000000000004,2025-07-29,3034,70,1760,38999599,12854186,0.023072,1.45,95.8
1758300000000000001,1758290000000000001,1758280000000000001,2025-07-30,8794,100,6025,49512818,5630295,0.011371,0.47,49.34
1758300000000000002,1758290000000000001,1758280000000000001,2025-07-30,7268,74,5761,64696671,8901578,0.010182,0.26,20.39
1758300000000000003,1758290000000000002,1758280000000000002,2025-07-30,3535,61,2783,37254158,10538659,0.017256,2.18,105.18
1758300000000000004,1758290000000000003,1758280000000000002,2025-07-30,2420,70,1766,28008407,11573722,0.028926,2.17,267.33
1758300000000000005,1758290000000000004,1758280000000000003,2025-07-30,6806,95,5071,48946924,7191731,0.013958,1.18,77.68
1758300000000000006,1758290000000000005,1758280000000000004,2025-07-30,4132,98,2322,47828459,11575135,0.023717,2.11,283.79
1758300000000000007,1758290000000000005,1758280000000000004,2025-07-30,4505,115,3418,50065389,11113294,0.025527,2.27,106.04
1758300000000000001,1758290000000000001,1758280000000000001,2025-07-31,5558,63,3499,39218215,7056174,0.011335,0.27,29.88
1758300000000000002,1758290000000000001,1758280000000000001,2025-07-31,6728,77,4250,45445620,6754700,0.011445,0.38,18.84
1758300000000000003,1758290000000000002,1758280000000000002,2025-07-31,2456,49,1394,23636541,9623999,0.019951,1.59,143.15
1758300000000000004,1758290000000000003,1758280000000000002,2025-07-31,2867,46,1707,24742793,8630203,0.016045,1.52,102.75
1758300000000000005,1758290000000000004,1758280000000000003,2025-07-31,5349,74,3518,36284501,6783418,0.013834,0.54,25.65
1758300000000000006,1758290000000000005,1758280000000000004,2025-07-31,4008,65,2288,32923182,8214367,0.016218,1.63,68.58
1758300000000000007,1758290000000000005,1758280000000000004,2025-07-31,4215,105,2701,39645820,9405888,0.024911,2.77,245.08
1758300000000000001,1758290000000000001,1758280000000000001,2025-08-01,7480,73,4299,59151540,7907960,0.009759,0.38,18.73
1758300000000000002,1758290000000000001,1758280000000000001,2025-08-01,6589,60,4452,54816012,8319322,0.009106,0.22,28.71
1758300000000000003,1758290000000000002,1758280000000000002,2025-08-01,2752,50,1871,27939165,10152313,0.018169,1.95,267.99
1758300000000000004,1758290000000000003,1758280000000000002,2025-08-01,3431,55,2194,37185150,10837992,0.01603,1.99,180.15
1758300000000000005,1758290000000000004,1758280000000000003,2025-08-01,4697,80,3552,48843237,10398816,0.017032,0.58,43.12
1758300000000000006,1758290000000000005,1758280000000000004,2025-08-01,4580,61,3161,39540718,8633345,0.013319,0.98,73.94
1758300000000000007,1758290000000000005,1758280000000000004,2025-08-01,6381,153,3642,58145755,9112326,0.023977,4.3,342.13
1758300000000000001,1758290000000000001,1758280000000000001,2025-08-02,6540,55,4586,50430781,7711129,0.00841,0.28,23.45
1758300000000000002,1758290000000000001,1758280000000000001,2025-08-02,8230,61,5920,56932845,6917721,0.007412,0.22,22.55
1758300000000000003,1758290000000000002,1758280000000000002,2025-08-02,5086,88,3760,31074746,6109860,0.017302,2.5,331.29
1758300000000000004,1758290000000000003,1758280000000000002,2025-08-02,3638,60,2215,30275897,8322127,0.016493,2.25,149.0
1758300000000000005,1758290000000000004,1758280000000000003,2025-08-02,8876,107,6810,46012982,5183977,0.012055,0.99,104.05
1758300000000000007,1758290000000000005,1758280000000000004,2025-08-02,3197,79,2396,40648372,12714536,0.024711,1.66,115.21
1758300000000000001,1758290000000000001,1758280000000000001,2025-08-03,9536,108,5573,48805966,5118075,0.011326,0.51,65.43
1758300000000000002,1758290000000000001,1758280000000000001,2025-08-03,6561,34,4807,52758950,8041297,0.005182,0.13,15.86
1758300000000000003,1758290000000000002,1758280000000000002,2025-08-03,2519,53,1462,30895309,12264910,0.02104,1.97,93.67
1758300000000000004,1758290000000000003,1758280000000000002,2025-08-03,2501,58,1649,27141786,10852373,0.023191,1.37,191.21
1758300000000000006,1758290000000000005,1758280000000000004,2025-08-03,3538,85,2105,47346390,13382247,0.024025,1.41,90.47
1758300000000000007,1758290000000000005,1758280000000000004,2025-08-03,3383,86,1919,39709252,11737881,0.025421,1.33,95.59
1758300000000000001,1758290000000000001,1758280000000000001,2025-08-04,4648,27,3405,40580450,8730734,0.005809,0.12,14.55
1758300000000000002,1758290000000000001,1758280000000000001,2025-08-04,7186,71,5479,36270634,5047402,0.00988,0.27,27.9
1758300000000000003,1758290000000000002,1758280000000000002,2025-08-04,2074,44,1241,19467208,9386311,0.021215,1.67,191.16
1758300000000000004,1758290000000000003,1758280000000000002,2025-08-04,2033,36,1388,24447697,12025429,0.017708,1.39,95.82
1758300000000000005,1758290000000000004,1758280000000000003,2025-08-04,4331,74,3288,32936179,7604752,0.017086,0.53,31.54
1758300000000000006,1758290000000000005,1758280000000000004,2025-08-04,4096,64,2627,34730782,8479195,0.015625,1.36,91.54
1758300000000000007,1758290000000000005,1758280000000000004,2025-08-04,2639,40,1869,31141575,11800521,0.015157,1.14,62.7
1758300000000000001,1758290000000000001,1758280000000000001,2025-08-05,5682,58,4490,39017935,6866937,0.010208,0.17,7.38
1758300000000000002,1758290000000000001,1758280000000000001,2025-08-05,6670,72,5145,52768106,7911260,0.010795,0.31,21.74
1758300000000000003,1758290000000000002,1758280000000000002,2025-08-05,2967,79,2250,24028113,8098454,0.026626,2.71,266.99
1758300000000000004,1758290000000000003,1758280000000000002,2025-08-05,2391,63,1445,28421053,11886680,0.026349,1.73,147.39
1758300000000000005,1758290000000000004,1758280000000000003,2025-08-05,3926,32,2260,39336874,10019581,0.008151,0.36,31.97
1758300000000000006,1758290000000000005,1758280000000000004,2025-08-05,4780,122,3801,36037620,7539251,0.025523,2.29,214.73
1758300000000000007,1758290000000000005,1758280000000000004,2025-08-05,4199,61,3023,42636128,10153877,0.014527,0.96,111.3
1758300000000000001,1758290000000000001,1758280000000000001,2025-08-06,5412,38,4108,47502766,8777303,0.007021,0.12,6.53
1758300000000000002,1758290000000000001,1758280000000000001,2025-08-06,4946,27,3436,43842242,8864182,0.005459,0.09,5.55
1758300000000000003,1758290000000000002,1758280000000000002,2025-08-06,3311,69,2406,25426715,7679467,0.02084,1.7,142.81
1758300000000000004,1758290000000000003,1758280000000000002,2025-08-06,2360,55,1742,26770433,11343404,0.023305,1.43,89.54
1758300000000000005,1758290000000000004,1758280000000000003,2025-08-06,4772,58,3670,39147861,8203659,0.012154,0.41,54.24
1758300000000000006,1758290000000000005,1758280000000000004,2025-08-06,3450,63,2171,43595154,12636277,0.018261,1.38,141.32
1758300000000000007,1758290000000000005,1758280000000000004,2025-08-06,3581,86,2611,34700567,9690189,0.024016,2.02,232.35
1758300000000000001,1758290000000000001,1758280000000000001,2025-08-07,6500,75,4704,52857886,8131982,0.011538,0.34,25.85
1758300000000000002,1758290000000000001,1758280000000000001,2025-08-07,11693,70,7599,70547468,6033308,0.005986,0.26,27.46
1758300000000000003,1758290000000000002,1758280000000000002,2025-08-07,4373,125,2709,37549375,8586640,0.028584,4.69,461.87
1758300000000000004,1758290000000000003,1758280000000000002,2025-08-07,2762,63,2027,32967970,11936267,0.02281,1.45,158.96
1758300000000000005,1758290000000000004,1758280000000000003,2025-08-07,8714,117,4796,52888009,6069315,0.013427,0.97,50.42
1758300000000000006,1758290000000000005,1758280000000000004,2025-08-07,6992,147,5135,49921012,7139733,0.021024,3.97,279.61
1758300000000000007,1758290000000000005,1758280000000000004,2025-08-07,5962,139,4097,55855005,9368501,0.023314,3.67,313.5
1758300000000000001,1758290000000000001,1758280000000000001,2025-08-08,5151,49,3283,43547316,8454148,0.009513,0.23,9.91
1758300000000000002,1758290000000000001,1758280000000000001,2025-08-08,5550,51,4213,41855393,7541512,0.009189,0.18,7.34
1758300000000000003,1758290000000000002,1758280000000000002,2025-08-08,2185,50,1591,21553207,9864168,0.022883,1.56,151.68
1758300000000000004,1758290000000000003,1758280000000000002,2025-08-08,2849,78,1894,27248341,9564177,0.027378,2.04,137.05
1758300000000000005,1758290000000000004,1758280000000000003,2025-08-08,5625,93,4232,36601161,6506873,0.016533,0.77,82.06
1758300000000000006,1758290000000000005,1758280000000000004,2025-08-08,4291,76,2948,37248973,8680721,0.017711,1.85,96.76
1758300000000000007,1758290000000000005,1758280000000000004,2025-08-08,4521,92,2761,35953349,7952521,0.020349,1.87,75.61
1758300000000000001,1758290000000000001,1758280000000000001,2025-08-09,10213,55,6879,51731178,5065228,0.005385,0.21,12.84
1758300000000000002,1758290000000000001,1758280000000000001,2025-08-09,4931,43,3590,43658049,8853792,0.00872,0.14,13.74
1758300000000000003,1758290000000000002,1758280000000000002,2025-08-09,4246,105,2673,30226596,7118840,0.024729,2.76,256.85
1758300000000000004,1758290000000000003,1758280000000000002,2025-08-09,4016,96,2912,24281534,6046199,0.023904,2.62,305.61
1758300000000000005,1758290000000000004,1758280000000000003,2025-08-09,5071,58,3192,40881097,8061743,0.011438,0.41,35.8
1758300000000000006,1758290000000000005,1758280000000000004,2025-08-09,5767,86,3597,43560543,7553415,0.014912,2.44,233.04
1758300000000000007,1758290000000000005,1758280000000000004,2025-08-09,3844,90,2860,38201651,9937995,0.023413,2.3,229.69
1758300000000000001,1758290000000000001,1758280000000000001,2025-08-10,6160,51,3790,50526982,8202432,0.008279,0.2,12.21
1758300000000000002,1758290000000000001,1758280000000000001,2025-08-10,6080,46,4142,45978513,7562255,0.007566,0.13,8.12
1758300000000000003,1758290000000000002,1758280000000000002,2025-08-10,4251,68,2361,26669338,6273662,0.015996,2.36,240.56
1758300000000000004,1758290000000000003,1758280000000000002,2025-08-10,2725,68,1714,28476659,10450150,0.024954,2.04,266.55
1758300000000000005,1758290000000000004,1758280000000000003,2025-08-10,3804,47,2148,41359498,10872634,0.012355,0.46,48.71
1758300000000000006,1758290000000000005,1758280000000000004,2025-08-10,3994,66,2678,48557620,12157641,0.016525,1.04,92.06
1758300000000000007,1758290000000000005,1758280000000000004,2025-08-10,3990,80,3176,34161375,8561748,0.02005,1.83,199.66
1758300000000000001,1758290000000000001,1758280000000000001,2025-08-11,4605,33,3390,35875953,7790652,0.007166,0.16,10.62
1758300000000000002,1758290000000000001,1758280000000000001,2025-08-11,5617,41,4235,38055186,6775002,0.007299,0.18,9.04
1758300000000000003,1758290000000000002,1758280000000000002,2025-08-11,3111,84,2363,22772059,7319852,0.027001,1.98,191.52
1758300000000000004,1758290000000000003,1758280000000000002,2025-08-11,1507,34,1079,19474307,12922566,0.022561,1.2,59.9
1758300000000000005,1758290000000000004,1758280000000000003,2025-08-11,3726,46,2238,31684774,8503697,0.012346,0.45,27.17
1758300000000000006,1758290000000000005,1758280000000000004,2025-08-11,4390,59,3060,32352537,7369598,0.01344,1.58,190.1
1758300000000000007,1758290000000000005,1758280000000000004,2025-08-11,2191,42,1512,31017011,14156555,0.019169,0.87,112.97
1758300000000000001,1758290000000000001,1758280000000000001,2025-08-12,12032,99,9281,56874384,4726927,0.008228,0.51,23.84
1758300000000000002,1758290000000000001,1758280000000000001,2025-08-12,14143,126,10595,58965401,4169229,0.008909,0.63,28.88
1758300000000000003,1758290000000000002,1758280000000000002,2025-08-12,3210,88,1939,32642723,10169073,0.027414,2.43,242.59
1758300000000000004,1758290000000000003,1758280000000000002,2025-08-12,4203,72,3236,33551440,7982736,0.017131,2.12,192.5
1758300000000000005,1758290000000000004,1758280000000000003,2025-08-12,9642,80,6389,49645622,5148893,0.008297,0.84,69.37
1758300000000000006,1758290000000000005,1758280000000000004,2025-08-12,4383,79,3050,44857312,10234386,0.018024,2.2,166.35
1758300000000000007,1758290000000000005,1758280000000000004,2025-08-12,4147,75,2709,54433933,13126099,0.018085,1.17,87.61
1758300000000000001,1758290000000000001,1758280000000000001,2025-08-13,8050,67,4510,54424938,6760862,0.008323,0.23,28.55
1758300000000000002,1758290000000000001,1758280000000000001,2025-08-13,8854,78,6522,51794492,5849841,0.00881,0.35,16.75
1758300000000000003,1758290000000000002,1758280000000000002,2025-08-13,3728,67,2614,33375960,8952779,0.017972,2.4,222.02
1758300000000000004,1758290000000000003,1758280000000000002,2025-08-13,2656,46,1817,27320857,10286467,0.017319,1.1,92.03
1758300000000000005,1758290000000000004,1758280000000000003,2025-08-13,5216,93,3802,45522613,8727495,0.01783,1.05,103.09
1758300000000000006,1758290000000000005,1758280000000000004,2025-08-13,6003,95,4137,53576389,8924936,0.015825,2.47,251.05
1758300000000000007,1758290000000000005,1758280000000000004,2025-08-13,3393,78,2209,37468836,11042981,0.022989,1.9,101.15
1758300000000000001,1758290000000000001,1758280000000000001,2025-08-14,6238,70,4425,49293133,7902073,0.011222,0.3,40.57
1758300000000000002,1758290000000000001,1758280000000000001,2025-08-14,12632,126,8541,51472082,4074737,0.009975,0.52,47.38
1758300000000000003,1758290000000000002,1758280000000000002,2025-08-14,3097,50,1795,27202579,8783526,0.016145,1.55,196.16
1758300000000000004,1758290000000000003,1758280000000000002,2025-08-14,3194,94,2322,30377544,9510815,0.02943,3.64,456.36
1758300000000000005,1758290000000000004,1758280000000000003,2025-08-14,5860,79,3370,43185092,7369470,0.013481,0.92,96.74
1758300000000000006,1758290000000000005,1758280000000000004,2025-08-14,3685,64,2267,40481223,10985407,0.017368,1.16,95.04
1758300000000000007,1758290000000000005,1758280000000000004,2025-08-14,4576,63,2837,45888961,10028182,0.013767,1.42,173.06
1758300000000000001,1758290000000000001,1758280000000000001,2025-08-15,5636,39,3607,48961081,8687204,0.00692,0.19,18.19
1758300000000000002,1758290000000000001,1758280000000000001,2025-08-15,6812,56,4103,46358492,6805416,0.008221,0.24,20.78
1758300000000000003,1758290000000000002,1758280000000000002,2025-08-15,4965,110,3420,30031022,6048544,0.022155,3.5,426.74
1758300000000000004,1758290000000000003,1758280000000000002,2025-08-15,3276,78,2599,24437306,7459495,0.02381,1.78,191.04
1758300000000000005,1758290000000000004,1758280000000000003,2025-08-15,4599,66,2927,40851246,8882637,0.014351,0.53,34.78
1758300000000000006,1758290000000000005,1758280000000000004,2025-08-15,3231,46,2224,40240989,12454655,0.014237,1.24,83.48
1758300000000000007,1758290000000000005,1758280000000000004,2025-08-15,5318,70,3474,41461502,7796446,0.013163,1.35,140.79
1758300000000000001,1758290000000000001,1758280000000000001,2025-08-16,7691,80,5715,49468782,6432035,0.010402,0.35,27.74
1758300000000000002,1758290000000000001,1758280000000000001,2025-08-16,8835,95,5846,42865744,4851810,0.010753,0.3,37.47
1758300000000000003,1758290000000000002,1758280000000000002,2025-08-16,3240,72,2098,26226240,8094519,0.022222,2.71,176.29
1758300000000000005,1758290000000000004,1758280000000000003,2025-08-16,6407,95,5032,39571940,6176360,0.014828,0.7,49.92
1758300000000000006,1758290000000000005,1758280000000000004,2025-08-16,2735,44,2162,40584490,14838936,0.016088,0.82,37.96
1758300000000000007,1758290000000000005,1758280000000000004,2025-08-16,3063,59,2169,38559389,12588766,0.019262,1.12,145.36
1758300000000000001,1758290000000000001,1758280000000000001,2025-08-17,5098,51,3673,41598216,8159713,0.010004,0.2,11.91
1758300000000000002,1758290000000000001,1758280000000000001,2025-08-17,7758,72,4420,49880610,6429571,0.009281,0.2,18.89
1758300000000000003,1758290000000000002,1758280000000000002,2025-08-17,3111,68,2412,27044297,8693120,0.021858,1.53,204.85
1758300000000000004,1758290000000000003,1758280000000000002,2025-08-17,2642,57,1728,25229319,9549326,0.021575,1.44,127.88
1758300000000000006,1758290000000000005,1758280000000000004,2025-08-17,3398,80,2588,42160351,12407402,0.023543,1.27,134.29
1758300000000000007,1758290000000000005,1758280000000000004,2025-08-17,3682,92,2476,36250072,9845212,0.024986,2.24,179.11
1758300000000000001,1758290000000000001,1758280000000000001,2025-08-18,7464,54,4884,31271762,4189679,0.007235,0.22,25.34
1758300000000000002,1758290000000000001,1758280000000000001,2025-08-18,5662,65,4259,39864038,7040628,0.01148,0.28,35.36
1758300000000000003,1758290000000000002,1758280000000000002,2025-08-18,3441,85,2236,22878983,6648934,0.024702,2.17,247.21
1758300000000000004,1758290000000000003,1758280000000000002,2025-08-18,1750,29,1057,17770045,10154311,0.016571,0.65,36.7
1758300000000000005,1758290000000000004,1758280000000000003,2025-08-18,4843,77,2952,30486772,6295018,0.015899,0.92,63.17
1758300000000000006,1758290000000000005,1758280000000000004,2025-08-18,1933,34,1408,24869316,12865658,0.017589,0.78,42.6
1758300000000000007,1758290000000000005,1758280000000000004,2025-08-18,3682,59,2883,36104227,9805602,0.016024,1.1,153.7
1758300000000000001,1758290000000000001,1758280000000000001,2025-08-19,15493,176,10121,68108097,4396056,0.01136,0.58,26.99
1758300000000000002,1758290000000000001,1758280000000000001,2025-08-19,9046,78,5846,56635113,6260791,0.008623,0.29,26.19
1758300000000000003,1758290000000000002,1758280000000000002,2025-08-19,5720,129,3499,38133424,6666683,0.022552,3.96,451.04
1758300000000000004,1758290000000000003,1758280000000000002,2025-08-19,2762,75,1818,33148410,12001597,0.027154,2.6,281.77
1758300000000000005,1758290000000000004,1758280000000000003,2025-08-19,6619,100,4207,53461376,8076957,0.015108,1.12,65.46
1758300000000000006,1758290000000000005,1758280000000000004,2025-08-19,7274,97,5358,56852474,7815847,0.013335,2.24,110.45
1758300000000000007,1758290000000000005,1758280000000000004,2025-08-19,3814,81,2629,50070278,13128023,0.021238,2.18,114.97
1758300000000000001,1758290000000000001,1758280000000000001,2025-08-20,6129,58,4852,41661205,6797390,0.009463,0.2,8.48
1758300000000000003,1758290000000000002,1758280000000000002,2025-08-20,3077,73,2060,23867135,7756625,0.023724,2.67,329.16
1758300000000000004,1758290000000000003,1758280000000000002,2025-08-20,3727,57,2967,25389352,6812276,0.015294,2.14,219.1
1758300000000000005,1758290000000000004,1758280000000000003,2025-08-20,6485,97,4756,36942365,5696587,0.014958,0.84,72.23
1758300000000000006,1758290000000000005,1758280000000000004,2025-08-20,3982,77,2914,37088386,9314010,0.019337,1.86,128.88
1758300000000000007,1758290000000000005,1758280000000000004,2025-08-20,2523,49,1519,36796345,14584362,0.019421,1.16,59.55
1758300000000000001,1758290000000000001,1758280000000000001,2025-08-21,7970,74,5191,45522974,5711791,0.009285,0.31,42.67
1758300000000000002,1758290000000000001,1758280000000000001,2025-08-21,9625,82,6178,39742502,4129091,0.008519,0.42,50.63
1758300000000000003,1758290000000000002,1758280000000000002,2025-08-21,2204,48,1643,24625424,11173060,0.021779,1.46,191.74
1758300000000000004,1758290000000000003,1758280000000000002,2025-08-21,2513,41,1634,24097705,9589218,0.016315,1.1,49.67
1758300000000000005,1758290000000000004,1758280000000000003,2025-08-21,4035,57,2715,36542347,9056344,0.014126,0.71,76.81
1758300000000000006,1758290000000000005,1758280000000000004,2025-08-21,2772,51,1792,36889730,13307983,0.018398,1.17,91.93
1758300000000000007,1758290000000000005,1758280000000000004,2025-08-21,4543,96,3224,36194965,7967195,0.021131,2.26,234.4
1758300000000000001,1758290000000000001,1758280000000000001,2025-08-22,12951,72,10078,58359312,4506163,0.005559,0.23,23.56
1758300000000000002,1758290000000000001,1758280000000000001,2025-08-22,10711,111,8555,43564507,4067268,0.010363,0.38,15.8
1758300000000000003,1758290000000000002,1758280000000000002,2025-08-22,3137,75,1799,30990824,9879128,0.023908,2.07,207.89
1758300000000000004,1758290000000000003,1758280000000000002,2025-08-22,2849,57,2131,27251358,9565236,0.020007,1.28,112.17
1758300000000000005,1758290000000000004,1758280000000000003,2025-08-22,6898,86,4714,43681636,6332507,0.012467,1.09,151.73
1758300000000000006,1758290000000000005,1758280000000000004,2025-08-22,3452,82,2390,49900313,14455479,0.023754,2.25,214.82
1758300000000000007,1758290000000000005,1758280000000000004,2025-08-22,2786,47,1643,37462960,13446863,0.01687,1.16,51.33
1758300000000000001,1758290000000000001,1758280000000000001,2025-08-23,9634,69,6823,51011276,5294922,0.007162,0.21,15.2
1758300000000000002,1758290000000000001,1758280000000000001,2025-08-23,7284,69,5772,43329837,5948632,0.009473,0.24,32.24
1758300000000000003,1758290000000000002,1758280000000000002,2025-08-23,2429,68,1463,25884932,10656621,0.027995,2.48,134.28
1758300000000000004,1758290000000000003,1758280000000000002,2025-08-23,2237,51,1292,28024275,12527615,0.022798,1.5,147.54
1758300000000000007,1758290000000000005,1758280000000000004,2025-08-23,3843,73,2378,38114246,9917837,0.018996,1.33,102.47
1758300000000000001,1758290000000000001,1758280000000000001,2025-08-24,5785,31,4388,51360027,8878138,0.005359,0.11,9.16
1758300000000000002,1758290000000000001,1758280000000000001,2025-08-24,6088,41,3503,54505383,8952921,0.006735,0.16,14.86
1758300000000000003,1758290000000000002,1758280000000000002,2025-08-24,2676,58,1712,34644237,12946277,0.021674,2.09,112.46
1758300000000000004,1758290000000000003,1758280000000000002,2025-08-24,2220,49,1655,25850283,11644272,0.022072,1.8,78.0
1758300000000000006,1758290000000000005,1758280000000000004,2025-08-24,5122,129,3273,43929561,8576642,0.025185,2.25,305.94
1758300000000000007,1758290000000000005,1758280000000000004,2025-08-24,3359,63,2597,46812219,13936356,0.018756,1.1,119.73
1758300000000000001,1758290000000000001,1758280000000000001,2025-08-25,9519,73,6506,66796800,7017208,0.007669,0.26,23.22
1758300000000000002,1758290000000000001,1758280000000000001,2025-08-25,7717,79,5844,50555764,6551220,0.010237,0.3,12.18
1758300000000000003,1758290000000000002,1758280000000000002,2025-08-25,3378,98,2227,33652757,9962332,0.029011,3.79,431.59
1758300000000000004,1758290000000000003,1758280000000000002,2025-08-25,3938,70,2584,33405851,8482948,0.017776,2.51,257.88
1758300000000000005,1758290000000000004,1758280000000000003,2025-08-25,5980,69,3965,50293956,8410361,0.011538,0.59,76.44
1758300000000000006,1758290000000000005,1758280000000000004,2025-08-25,5654,77,4221,58496710,10346075,0.013619,1.73,127.22
1758300000000000001,1758290000000000001,1758280000000000001,2025-08-26,11248,82,7195,52606382,4676954,0.00729,0.32,18.97
1758300000000000002,1758290000000000001,1758280000000000001,2025-08-26,9384,55,7095,54480818,5805714,0.005861,0.23,22.01
1758300000000000003,1758290000000000002,1758280000000000002,2025-08-26,4986,146,3522,34874604,6994505,0.029282,5.42,229.4
1758300000000000004,1758290000000000003,1758280000000000002,2025-08-26,2158,49,1477,26318082,12195589,0.022706,1.34,55.51
1758300000000000005,1758290000000000004,1758280000000000003,2025-08-26,5830,87,3527,45894515,7872130,0.014923,0.72,98.77
1758300000000000006,1758290000000000005,1758280000000000004,2025-08-26,4469,103,2551,47714667,10676811,0.023048,2.46,210.64
1758300000000000007,1758290000000000005,1758280000000000004,2025-08-26,5083,115,2965,44074362,8670935,0.022624,2.64,292.92
1758300000000000001,1758290000000000001,1758280000000000001,2025-08-27,12177,88,9471,51081876,4194948,0.007227,0.27,35.79
1758300000000000002,1758290000000000001,1758280000000000001,2025-08-27,8339,43,5797,57056426,6842118,0.005156,0.19,10.94
1758300000000000003,1758290000000000002,1758280000000000002,2025-08-27,3305,61,2274,32242133,9755562,0.018457,1.96,199.38
1758300000000000004,1758290000000000003,1758280000000000002,2025-08-27,2973,58,1846,29551182,9939853,0.019509,1.42,119.66
1758300000000000005,1758290000000000004,1758280000000000003,2025-08-27,7835,127,5726,46344987,5915123,0.016209,1.06,146.02
1758300000000000006,1758290000000000005,1758280000000000004,2025-08-27,3140,41,2250,44209512,14079462,0.013057,0.98,124.07
1758300000000000007,1758290000000000005,1758280000000000004,2025-08-27,6316,121,3729,48480461,7675817,0.019158,3.26,260.59
1758300000000000001,1758290000000000001,1758280000000000001,2025-08-28,7880,52,5164,62006787,7868882,0.006599,0.21,20.67
1758300000000000002,1758290000000000001,1758280000000000001,2025-08-28,11360,91,7133,54309217,4780741,0.008011,0.26,24.62
1758300000000000003,1758290000000000002,1758280000000000002,2025-08-28,3602,76,2398,32043728,8896093,0.021099,2.49,120.68
1758300000000000004,1758290000000000003,1758280000000000002,2025-08-28,3512,97,2228,34422560,9801412,0.02762,2.18,187.79
1758300000000000005,1758290000000000004,1758280000000000003,2025-08-28,4934,63,3204,49849716,10103307,0.012769,0.67,80.77
1758300000000000006,1758290000000000005,1758280000000000004,2025-08-28,4994,114,3722,55088821,11031001,0.022827,2.57,117.45
1758300000000000007,1758290000000000005,1758280000000000004,2025-08-28,5764,149,3380,44610611,7739523,0.02585,3.8,469.97
1758300000000000001,1758290000000000001,1758280000000000001,2025-08-29,7512,77,5562,47704464,6350435,0.01025,0.27,15.78
1758300000000000002,1758290000000000001,1758280000000000001,2025-08-29,10582,117,6999,62998102,5953327,0.011057,0.45,29.78
1758300000000000003,1758290000000000002,1758280000000000002,2025-08-29,3809,112,3007,31850459,8361895,0.029404,3.39,304.15
1758300000000000004,1758290000000000003,1758280000000000002,2025-08-29,2882,66,1930,31408150,10898040,0.022901,2.05,99.93
1758300000000000005,1758290000000000004,1758280000000000003,2025-08-29,5115,70,3369,47443957,9275456,0.013685,0.75,67.42
1758300000000000006,1758290000000000005,1758280000000000004,2025-08-29,4835,126,3741,50968288,10541528,0.02606,3.28,425.41
1758300000000000007,1758290000000000005,1758280000000000004,2025-08-29,2981,50,2046,43919626,14733186,0.016773,1.21,48.88
1758300000000000001,1758290000000000001,1758280000000000001,2025-08-30,7781,64,5322,55363760,7115250,0.008225,0.29,38.62
1758300000000000002,1758290000000000001,1758280000000000001,2025-08-30,6341,57,4975,43979426,6935724,0.008989,0.22,12.92
1758300000000000003,1758290000000000002,1758280000000000002,2025-08-30,2886,47,1645,30955458,10726077,0.016286,1.62,118.7
1758300000000000004,1758290000000000003,1758280000000000002,2025-08-30,4240,89,2727,25812077,6087754,0.020991,2.67,133.8
1758300000000000005,1758290000000000004,1758280000000000003,2025-08-30,4030,39,2430,42575651,10564678,0.009677,0.3,17.93
1758300000000000006,1758290000000000005,1758280000000000004,2025-08-30,5681,83,4020,44990598,7919486,0.01461,1.35,64.82
1758300000000000007,1758290000000000005,1758280000000000004,2025-08-30,2785,56,1704,40160705,14420361,0.020108,1.18,154.82
1758300000000000001,1758290000000000001,1758280000000000001,2025-08-31,5625,41,3353,46612565,8286678,0.007289,0.21,21.97
1758300000000000003,1758290000000000002,1758280000000000002,2025-08-31,4016,108,3151,24235217,6034666,0.026892,2.9,393.06
1758300000000000004,1758290000000000003,1758280000000000002,2025-08-31,3920,72,2268,27528266,7022517,0.018367,2.62,269.25
1758300000000000005,1758290000000000004,1758280000000000003,2025-08-31,3931,65,2854,38822612,9876014,0.016535,0.53,59.9
1758300000000000006,1758290000000000005,1758280000000000004,2025-08-31,4989,120,2785,39356056,7888566,0.024053,2.08,159.78
1758300000000000007,1758290000000000005,1758280000000000004,2025-08-31,3563,73,2099,38289169,10746329,0.020488,2.05,248.65
1758300000000000001,1758290000000000001,1758280000000000001,2025-09-01,13051,102,7740,84498570,6474490,0.007815,0.44,32.57
1758300000000000002,1758290000000000001,1758280000000000001,2025-09-01,16938,140,10297,93461049,5517833,0.008265,0.48,34.26
1758300000000000003,1758290000000000002,1758280000000000002,2025-09-01,4873,105,3615,51996747,10670377,0.021547,2.51,159.58
1758300000000000004,1758290000000000003,1758280000000000002,2025-09-01,6985,158,5551,49694463,7114454,0.02262,5.28,436.67
1758300000000000005,1758290000000000004,1758280000000000003,2025-09-01,13538,177,7651,76268408,5633654,0.013074,1.34,87.34
1758300000000000006,1758290000000000005,1758280000000000004,2025-09-01,7176,130,4194,71121356,9911003,0.018116,2.05,265.16
1758300000000000007,1758290000000000005,1758280000000000004,2025-09-01,5646,115,3893,81415460,14420025,0.020368,2.01,127.49
1758300000000000001,1758290000000000001,1758280000000000001,2025-09-02,11373,86,8002,87893377,7728249,0.007562,0.29,16.79
1758300000000000002,1758290000000000001,1758280000000000001,2025-09-02,9181,74,5459,74032275,8063640,0.00806,0.26,28.56
1758300000000000003,1758290000000000002,1758280000000000002,2025-09-02,5846,122,3591,45532195,7788607,0.020869,3.45,276.95
1758300000000000004,1758290000000000003,1758280000000000002,2025-09-02,4638,106,3630,46996750,10132978,0.022855,2.84,230.69
1758300000000000005,1758290000000000004,1758280000000000003,2025-09-02,7094,122,5142,69396708,9782451,0.017198,1.18,53.16
1758300000000000006,1758290000000000005,1758280000000000004,2025-09-02,6181,124,4549,74506391,12054100,0.020061,2.48,219.42
1758300000000000007,1758290000000000005,1758280000000000004,2025-09-02,5033,129,3024,64287026,12773103,0.025631,3.24,313.13
1758300000000000001,1758290000000000001,1758280000000000001,2025-09-03,21754,223,13554,89450189,4111896,0.010251,0.97,52.58
1758300000000000002,1758290000000000001,1758280000000000001,2025-09-03,14782,100,8895,94512297,6393742,0.006765,0.31,24.67
1758300000000000003,1758290000000000002,1758280000000000002,2025-09-03,3937,93,2297,51136145,12988607,0.023622,2.31,114.45
1758300000000000004,1758290000000000003,1758280000000000002,2025-09-03,5676,143,4369,53985275,9511148,0.025194,3.11,162.3
1758300000000000005,1758290000000000004,1758280000000000003,2025-09-03,10182,140,7269,78841066,7743181,0.01375,1.21,158.48
1758300000000000006,1758290000000000005,1758280000000000004,2025-09-03,6064,143,3996,71642685,11814427,0.023582,2.92,172.82
1758300000000000007,1758290000000000005,1758280000000000004,2025-09-03,7822,175,4472,86039446,10999673,0.022373,3.48,176.17
1758300000000000001,1758290000000000001,1758280000000000001,2025-09-04,10351,55,8145,70104228,6772701,0.005313,0.23,19.53
1758300000000000002,1758290000000000001,1758280000000000001,2025-09-04,12920,155,10249,83645706,6474126,0.011997,0.79,38.44
1758300000000000003,1758290000000000002,1758280000000000002,2025-09-04,6823,154,3839,49571676,7265378,0.022571,4.0,282.96
1758300000000000004,1758290000000000003,1758280000000000002,2025-09-04,3040,74,2272,38285429,12593891,0.024342,1.62,77.2
1758300000000000005,1758290000000000004,1758280000000000003,2025-09-04,10655,149,6454,65892829,6184217,0.013984,1.66,203.47
1758300000000000006,1758290000000000005,1758280000000000004,2025-09-04,6941,177,5171,71568863,10311031,0.025501,3.26,278.61
1758300000000000007,1758290000000000005,1758280000000000004,2025-09-04,6301,108,4984,60216795,9556704,0.01714,2.37,99.63
1758300000000000001,1758290000000000001,1758280000000000001,2025-09-05,11294,111,8498,94586012,8374890,0.009828,0.38,39.51
1758300000000000003,1758290000000000002,1758280000000000002,2025-09-05,6979,205,4849,67812984,9716719,0.029374,6.43,684.71
1758300000000000004,1758290000000000003,1758280000000000002,2025-09-05,9605,160,7038,59105678,6153636,0.016658,4.18,230.06
1758300000000000005,1758290000000000004,1758280000000000003,2025-09-05,12800,204,7114,95188996,7436640,0.015938,1.9,255.76
1758300000000000006,1758290000000000005,1758280000000000004,2025-09-05,7345,182,5241,106846102,14546780,0.024779,3.95,238.9
1758300000000000007,1758290000000000005,1758280000000000004,2025-09-05,9566,201,6117,83531891,8732165,0.021012,4.09,167.33
1758300000000000002,1758290000000000001,1758280000000000001,2025-09-06,9164,90,6750,82454569,8997661,0.009821,0.44,42.7
1758300000000000003,1758290000000000002,1758280000000000002,2025-09-06,3632,107,2520,46824363,12892170,0.02946,3.06,276.46
1758300000000000004,1758290000000000003,1758280000000000002,2025-09-06,4705,84,2810,52185047,11091402,0.017853,1.89,87.86
1758300000000000005,1758290000000000004,1758280000000000003,2025-09-06,13098,213,7368,74257057,5669343,0.016262,2.18,187.29
1758300000000000006,1758290000000000005,1758280000000000004,2025-09-06,6024,128,3650,72942404,12108633,0.021248,3.28,298.26
1758300000000000007,1758290000000000005,1758280000000000004,2025-09-06,5803,92,4533,75571711,13022869,0.015854,1.53,146.09
1758300000000000001,1758290000000000001,1758280000000000001,2025-09-07,9543,74,6353,72710352,7619234,0.007754,0.34,32.86
1758300000000000002,1758290000000000001,1758280000000000001,2025-09-07,8874,90,5841,54254039,6113820,0.010142,0.3,16.81
1758300000000000003,1758290000000000002,1758280000000000002,2025-09-07,3387,63,2182,30659364,9052071,0.018601,2.43,254.49
1758300000000000004,1758290000000000003,1758280000000000002,2025-09-07,3977,81,2662,41891717,10533497,0.020367,2.88,209.93
1758300000000000005,1758290000000000004,1758280000000000003,2025-09-07,6174,106,4595,54413311,8813299,0.017169,1.28,158.61
1758300000000000006,1758290000000000005,1758280000000000004,2025-09-07,5575,120,3718,49479339,8875218,0.021525,2.81,204.35
1758300000000000007,1758290000000000005,1758280000000000004,2025-09-07,4456,106,3075,59347283,13318511,0.023788,2.39,145.53
1758300000000000001,1758290000000000001,1758280000000000001,2025-09-08,15773,124,11985,63236140,4009138,0.007862,0.61,76.24
1758300000000000002,1758290000000000001,1758280000000000001,2025-09-08,11596,84,7473,56766061,4895314,0.007244,0.3,15.94
1758300000000000003,1758290000000000002,1758280000000000002,2025-09-08,3076,57,1803,33577950,10916109,0.018531,1.42,125.66
1758300000000000004,1758290000000000003,1758280000000000002,2025-09-08,4211,115,3192,34994736,8310315,0.027309,3.45,459.13
1758300000000000005,1758290000000000004,1758280000000000003,2025-09-08,6545,97,4832,51429515,7857833,0.01482,0.99,125.12
1758300000000000006,1758290000000000005,1758280000000000004,2025-09-08,6970,120,5236,55227576,7923612,0.017217,3.07,167.53
1758300000000000007,1758290000000000005,1758280000000000004,2025-09-08,3407,57,2478,47631454,13980468,0.01673,1.34,104.62
1758300000000000001,1758290000000000001,1758280000000000001,2025-09-09,15379,149,9439,72484962,4713243,0.009689,0.77,82.33
1758300000000000002,1758290000000000001,1758280000000000001,2025-09-09,12068,126,9613,57563354,4769917,0.010441,0.41,28.8
1758300000000000003,1758290000000000002,1758280000000000002,2025-09-09,4226,109,3244,34471152,8156922,0.025793,3.16,370.56
1758300000000000004,1758290000000000003,1758280000000000002,2025-09-09,3285,60,2126,39842171,12128515,0.018265,1.64,152.94
1758300000000000005,1758290000000000004,1758280000000000003,2025-09-09,7968,94,6291,55734992,6994853,0.011797,1.04,105.52
1758300000000000006,1758290000000000005,1758280000000000004,2025-09-09,5011,83,3490,59715202,11916823,0.016564,1.62,153.92
1758300000000000007,1758290000000000005,1758280000000000004,2025-09-09,4466,77,3139,51754783,11588621,0.017241,1.79,81.8
1758300000000000001,1758290000000000001,1758280000000000001,2025-09-10,6778,56,4792,59542303,8784642,0.008262,0.25,32.35
1758300000000000002,1758290000000000001,1758280000000000001,2025-09-10,10996,81,6452,61505551,5593448,0.007366,0.23,15.97
1758300000000000003,1758290000000000002,1758280000000000002,2025-09-10,5038,86,3459,33759622,6700997,0.01707,2.79,234.79
1758300000000000004,1758290000000000003,1758280000000000002,2025-09-10,3758,65,2909,35410581,9422720,0.017296,2.46,110.91
1758300000000000005,1758290000000000004,1758280000000000003,2025-09-10,4875,60,2720,51877652,10641570,0.012308,0.57,77.34
1758300000000000006,1758290000000000005,1758280000000000004,2025-09-10,3949,78,2206,46231289,11707088,0.019752,1.66,157.89
1758300000000000007,1758290000000000005,1758280000000000004,2025-09-10,5615,123,4312,57524015,10244704,0.021906,1.9,110.23
1758300000000000001,1758290000000000001,1758280000000000001,2025-09-11,7732,74,5175,59151928,7650275,0.009571,0.24,25.21
1758300000000000002,1758290000000000001,1758280000000000001,2025-09-11,10504,124,6775,54738948,5211248,0.011805,0.38,40.04
1758300000000000003,1758290000000000002,1758280000000000002,2025-09-11,2182,59,1296,27122163,12429956,0.027039,1.96,115.7
1758300000000000004,1758290000000000003,1758280000000000002,2025-09-11,3478,85,2582,37958337,10913840,0.024439,1.8,187.53
1758300000000000005,1758290000000000004,1758280000000000003,2025-09-11,4483,46,3185,48810375,10887882,0.010261,0.54,71.73
1758300000000000006,1758290000000000005,1758280000000000004,2025-09-11,5864,114,3447,49310719,8409058,0.019441,1.81,205.79
1758300000000000001,1758290000000000001,1758280000000000001,2025-09-12,6997,65,4640,56130165,8022033,0.00929,0.2,8.45
1758300000000000002,1758290000000000001,1758280000000000001,2025-09-12,8204,84,4648,57650664,7027141,0.010239,0.25,16.61
1758300000000000003,1758290000000000002,1758280000000000002,2025-09-12,2883,54,1718,34989695,12136557,0.01873,1.46,150.32
1758300000000000004,1758290000000000003,1758280000000000002,2025-09-12,3451,56,1966,30027922,8701223,0.016227,1.53,200.57
1758300000000000005,1758290000000000004,1758280000000000003,2025-09-12,4552,46,2821,48763213,10712481,0.010105,0.59,64.66
1758300000000000006,1758290000000000005,1758280000000000004,2025-09-12,7262,137,5008,52152373,7181544,0.018865,3.35,407.78
1758300000000000007,1758290000000000005,1758280000000000004,2025-09-12,4069,70,2450,45374053,11151156,0.017203,1.46,90.06
1758300000000000001,1758290000000000001,1758280000000000001,2025-09-13,21615,222,14716,92803446,4293474,0.010271,0.87,117.92
1758300000000000002,1758290000000000001,1758280000000000001,2025-09-13,9379,99,5530,82201828,8764455,0.010555,0.38,46.55
1758300000000000003,1758290000000000002,1758280000000000002,2025-09-13,7557,137,4657,52457637,6941595,0.018129,4.4,214.49
1758300000000000004,1758290000000000003,1758280000000000002,2025-09-13,4703,130,3060,47545376,10109585,0.027642,3.44,182.94
1758300000000000005,1758290000000000004,1758280000000000003,2025-09-13,8216,122,6005,75002260,9128805,0.014849,1.23,110.46
1758300000000000006,1758290000000000005,1758280000000000004,2025-09-13,5876,96,3476,75156738,12790459,0.016338,1.6,208.37
1758300000000000007,1758290000000000005,1758280000000000004,2025-09-13,6382,98,4757,74847782,11727951,0.015356,1.78,233.35
1758300000000000001,1758290000000000001,1758280000000000001,2025-09-14,11704,69,6733,67362301,5755494,0.005895,0.28,14.54
1758300000000000002,1758290000000000001,1758280000000000001,2025-09-14,7256,37,4129,50620748,6976399,0.005099,0.18,14.97
1758300000000000003,1758290000000000002,1758280000000000002,2025-09-14,2401,63,1516,28252228,11766859,0.026239,2.23,274.19
1758300000000000005,1758290000000000004,1758280000000000003,2025-09-14,4849,71,3609,50564164,10427751,0.014642,0.62,75.5
1758300000000000006,1758290000000000005,1758280000000000004,2025-09-14,7274,98,5658,58375001,8025158,0.013473,2.6,192.19
1758300000000000007,1758290000000000005,1758280000000000004,2025-09-14,5112,120,4053,42753326,8363327,0.023474,2.52,221.4
1758300000000000001,1758290000000000001,1758280000000000001,2025-09-15,12632,102,8162,100546303,7959650,0.008075,0.48,28.7
1758300000000000002,1758290000000000001,1758280000000000001,2025-09-15,11840,100,8103,89731494,7578673,0.008446,0.47,61.16
1758300000000000003,1758290000000000002,1758280000000000002,2025-09-15,5029,138,3466,55905120,11116548,0.027441,3.19,352.33
1758300000000000004,1758290000000000003,1758280000000000002,2025-09-15,7962,195,5437,52825049,6634646,0.024491,6.71,652.67
1758300000000000005,1758290000000000004,1758280000000000003,2025-09-15,10069,133,7020,81547627,8098880,0.013209,1.39,194.32
1758300000000000006,1758290000000000005,1758280000000000004,2025-09-15,7169,135,5273,83984028,11714887,0.018831,3.25,361.85
1758300000000000007,1758290000000000005,1758280000000000004,2025-09-15,7238,152,4116,79111226,10929984,0.021,3.19,161.54
1758300000000000001,1758290000000000001,1758280000000000001,2025-09-16,13179,110,7648,65469874,4967742,0.008347,0.56,75.23
1758300000000000002,1758290000000000001,1758280000000000001,2025-09-16,10469,93,6891,61259203,5851486,0.008883,0.36,33.46
1758300000000000003,1758290000000000002,1758280000000000002,2025-09-16,4838,121,3287,39257414,8114389,0.02501,3.68,329.65
1758300000000000004,1758290000000000003,1758280000000000002,2025-09-16,5311,141,3703,33159201,6243495,0.026549,3.1,239.87
1758300000000000005,1758290000000000004,1758280000000000003,2025-09-16,5240,75,3549,54312462,10364974,0.014313,0.67,58.98
1758300000000000006,1758290000000000005,1758280000000000004,2025-09-16,5783,142,4502,59274777,10249832,0.024555,3.28,364.07
1758300000000000007,1758290000000000005,1758280000000000004,2025-09-16,3513,88,2030,49350147,14047864,0.02505,1.58,220.85
1758300000000000001,1758290000000000001,1758280000000000001,2025-09-17,9703,99,6517,68042478,7012520,0.010203,0.43,27.55
1758300000000000002,1758290000000000001,1758280000000000001,2025-09-17,9730,60,6730,79577901,8178613,0.006166,0.26,34.74
1758300000000000003,1758290000000000002,1758280000000000002,2025-09-17,4821,89,2659,39327974,8157638,0.018461,3.39,328.2
1758300000000000004,1758290000000000003,1758280000000000002,2025-09-17,6923,122,5276,45026528,6503904,0.017622,3.33,266.9
1758300000000000005,1758290000000000004,1758280000000000003,2025-09-17,5766,69,4033,63265877,10972230,0.011967,0.77,45.29
1758300000000000007,1758290000000000005,1758280000000000004,2025-09-17,5199,125,3556,71689519,13789098,0.024043,2.37,182.72
1758300000000000001,1758290000000000001,1758280000000000001,2025-09-18,5504,51,4065,44156112,8022549,0.009266,0.21,27.34
1758300000000000002,1758290000000000001,1758280000000000001,2025-09-18,8768,100,6303,50568320,5767372,0.011405,0.3,17.64
1758300000000000003,1758290000000000002,1758280000000000002,2025-09-18,3959,89,2543,28651424,7237036,0.02248,2.27,165.53
1758300000000000004,1758290000000000003,1758280000000000002,2025-09-18,4071,66,3091,25476823,6258124,0.016212,1.41,56.83
1758300000000000005,1758290000000000004,1758280000000000003,2025-09-18,4089,46,2367,40596185,9928145,0.01125,0.35,35.4
1758300000000000006,1758290000000000005,1758280000000000004,2025-09-18,2363,35,1806,33682368,14254070,0.014812,0.82,46.76
1758300000000000007,1758290000000000005,1758280000000000004,2025-09-18,3752,67,2413,47510003,12662581,0.017857,1.83,176.83
1758300000000000001,1758290000000000001,1758280000000000001,2025-09-19,9771,53,7122,71136358,7280356,0.005424,0.27,12.35
1758300000000000002,1758290000000000001,1758280000000000001,2025-09-19,13854,131,9977,77939757,5625794,0.009456,0.61,27.95
1758300000000000003,1758290000000000002,1758280000000000002,2025-09-19,4984,78,3511,35471362,7117047,0.01565,2.84,258.02
1758300000000000004,1758290000000000003,1758280000000000002,2025-09-19,4765,87,3416,49714989,10433366,0.018258,3.04,163.63
1758300000000000005,1758290000000000004,1758280000000000003,2025-09-19,9672,99,7457,63889764,6605641,0.010236,0.76,54.2
1758300000000000006,1758290000000000005,1758280000000000004,2025-09-19,5811,123,4062,63032697,10847134,0.021167,3.08,426.51
1758300000000000007,1758290000000000005,1758280000000000004,2025-09-19,6422,123,4868,64746830,10082035,0.019153,2.91,301.58
1758300000000000001,1758290000000000001,1758280000000000001,2025-09-20,10653,101,6571,61973321,5817452,0.009481,0.29,27.45
1758300000000000002,1758290000000000001,1758280000000000001,2025-09-20,10328,72,7999,81416601,7883095,0.006971,0.33,16.01
1758300000000000004,1758290000000000003,1758280000000000002,2025-09-20,3462,85,2005,35926143,10377280,0.024552,2.63,241.7
1758300000000000005,1758290000000000004,1758280000000000003,2025-09-20,7041,79,4345,61452824,8727855,0.01122,0.57,78.73
1758300000000000006,1758290000000000005,1758280000000000004,2025-09-20,4478,64,3460,59392854,13263255,0.014292,1.08,94.92
1758300000000000007,1758290000000000005,1758280000000000004,2025-09-20,5010,101,3154,63512793,12677204,0.02016,1.71,211.24
1758300000000000001,1758290000000000001,1758280000000000001,2025-09-21,11795,127,8947,54529258,4623082,0.010767,0.59,57.99
1758300000000000002,1758290000000000001,1758280000000000001,2025-09-21,12406,111,9332,67854651,5469503,0.008947,0.35,35.2
1758300000000000004,1758290000000000003,1758280000000000002,2025-09-21,2721,68,2168,31070086,11418628,0.024991,1.75,206.99
1758300000000000005,1758290000000000004,1758280000000000003,2025-09-21,4789,57,3586,52450247,10952234,0.011902,0.59,66.05
1758300000000000007,1758290000000000005,1758280000000000004,2025-09-21,4147,96,2281,46777055,11279734,0.023149,2.43,291.56
1758300000000000001,1758290000000000001,1758280000000000001,2025-09-22,14338,99,8914,63839308,4452456,0.006905,0.36,27.12
1758300000000000002,1758290000000000001,1758280000000000001,2025-09-22,7066,62,3986,61231642,8665673,0.008774,0.18,15.48
1758300000000000003,1758290000000000002,1758280000000000002,2025-09-22,2675,46,1793,33283556,12442451,0.017196,1.21,122.47
1758300000000000004,1758290000000000003,1758280000000000002,2025-09-22,3347,75,2060,38185558,11408891,0.022408,2.76,206.14
1758300000000000005,1758290000000000004,1758280000000000003,2025-09-22,9074,98,5149,53601836,5907189,0.0108,1.15,139.45
1758300000000000006,1758290000000000005,1758280000000000004,2025-09-22,3467,47,2158,46848644,13512733,0.013556,1.12,99.54
1758300000000000007,1758290000000000005,1758280000000000004,2025-09-22,6441,97,4319,60355028,9370444,0.01506,1.94,209.65
1758300000000000001,1758290000000000001,1758280000000000001,2025-09-23,19976,221,14893,82441624,4127034,0.011063,0.67,43.66
1758300000000000002,1758290000000000001,1758280000000000001,2025-09-23,10912,79,7031,57611788,5279673,0.00724,0.23,17.64
1758300000000000003,1758290000000000002,1758280000000000002,2025-09-23,4680,89,3440,38634282,8255188,0.019017,3.14,169.41
1758300000000000004,1758290000000000003,1758280000000000002,2025-09-23,6441,122,4750,41396239,6426989,0.018941,3.66,351.08
1758300000000000005,1758290000000000004,1758280000000000003,2025-09-23,6150,75,3452,60022891,9759820,0.012195,0.88,109.57
1758300000000000006,1758290000000000005,1758280000000000004,2025-09-23,6730,119,3952,65639457,9753263,0.017682,1.92,179.73
1758300000000000007,1758290000000000005,1758280000000000004,2025-09-23,4909,112,3045,54406325,11082975,0.022815,2.18,227.01
1758300000000000001,1758290000000000001,1758280000000000001,2025-09-24,10136,104,6946,80421457,7934240,0.01026,0.5,25.2
1758300000000000002,1758290000000000001,1758280000000000001,2025-09-24,12324,140,8809,72590783,5890197,0.01136,0.42,42.86
1758300000000000003,1758290000000000002,1758280000000000002,2025-09-24,4094,121,3242,43434878,10609399,0.029555,2.75,159.29
1758300000000000004,1758290000000000003,1758280000000000002,2025-09-24,3909,85,2577,44000687,11256251,0.021745,2.98,403.39
1758300000000000005,1758290000000000004,1758280000000000003,2025-09-24,7139,110,4180,65576674,9185695,0.015408,1.42,76.34
1758300000000000006,1758290000000000005,1758280000000000004,2025-09-24,4894,74,3047,69014784,14101917,0.015121,1.31,167.78
1758300000000000007,1758290000000000005,1758280000000000004,2025-09-24,8094,209,6441,62138565,7677115,0.025822,3.84,387.24
1758300000000000001,1758290000000000001,1758280000000000001,2025-09-25,8264,68,5226,48200656,5832606,0.008228,0.34,31.3
1758300000000000002,1758290000000000001,1758280000000000001,2025-09-25,8110,55,4534,65779517,8110915,0.006782,0.23,25.25
1758300000000000003,1758290000000000002,1758280000000000002,2025-09-25,5066,148,3151,31415400,6201224,0.029214,3.88,423.53
1758300000000000004,1758290000000000003,1758280000000000002,2025-09-25,4130,75,3117,33716127,8163711,0.01816,2.59,274.28
1758300000000000005,1758290000000000004,1758280000000000003,2025-09-25,8824,106,6661,48848646,5535885,0.012013,1.22,141.03
1758300000000000006,1758290000000000005,1758280000000000004,2025-09-25,4966,123,2824,54943198,11063874,0.024768,2.16,204.95
1758300000000000007,1758290000000000005,1758280000000000004,2025-09-25,3044,44,2222,42754094,14045366,0.014455,0.79,50.28
1758300000000000001,1758290000000000001,1758280000000000001,2025-09-26,11718,116,9083,71717844,6120314,0.009899,0.59,43.86
1758300000000000003,1758290000000000002,1758280000000000002,2025-09-26,4503,118,2912,48055061,10671788,0.026205,3.05,397.37
1758300000000000004,1758290000000000003,1758280000000000002,2025-09-26,3407,99,2683,43294760,12707590,0.029058,3.72,197.79
1758300000000000005,1758290000000000004,1758280000000000003,2025-09-26,9410,83,6948,68512366,7280804,0.00882,1.01,74.54
1758300000000000006,1758290000000000005,1758280000000000004,2025-09-26,7174,177,5473,62161570,8664841,0.024672,3.55,472.9
1758300000000000007,1758290000000000005,1758280000000000004,2025-09-26,6187,98,4078,74863162,12100075,0.01584,2.47,272.94
1758300000000000001,1758290000000000001,1758280000000000001,2025-09-27,8024,56,5510,68568574,8545435,0.006979,0.18,22.38
1758300000000000002,1758290000000000001,1758280000000000001,2025-09-27,19947,183,14990,87465893,4384915,0.009174,0.79,94.81
1758300000000000003,1758290000000000002,1758280000000000002,2025-09-27,7534,149,5606,47879263,6355092,0.019777,4.38,395.08
1758300000000000004,1758290000000000003,1758280000000000002,2025-09-27,5043,85,3543,41283289,8186256,0.016855,2.47,271.24
1758300000000000005,1758290000000000004,1758280000000000003,2025-09-27,6386,72,4842,66871914,10471643,0.011275,0.78,90.32
1758300000000000006,1758290000000000005,1758280000000000004,2025-09-27,9294,202,6677,67953586,7311554,0.021734,3.51,310.97
1758300000000000007,1758290000000000005,1758280000000000004,2025-09-27,4504,62,2985,65790243,14607070,0.013766,1.69,234.16
1758300000000000001,1758290000000000001,1758280000000000001,2025-09-28,10612,102,7802,62618655,5900740,0.009612,0.49,64.32
1758300000000000002,1758290000000000001,1758280000000000001,2025-09-28,13189,86,9570,84511445,6407722,0.006521,0.31,39.16
1758300000000000003,1758290000000000002,1758280000000000002,2025-09-28,5930,158,3590,44824461,7558931,0.026644,4.7,619.8
1758300000000000005,1758290000000000004,1758280000000000003,2025-09-28,5785,89,4389,63055757,10899872,0.015385,1.15,92.53
1758300000000000006,1758290000000000005,1758280000000000004,2025-09-28,4665,75,3282,67150907,14394621,0.016077,2.11,263.55
1758300000000000007,1758290000000000005,1758280000000000004,2025-09-28,4216,82,2622,58960606,13984963,0.01945,1.62,119.5
1758300000000000001,1758290000000000001,1758280000000000001,2025-09-29,18143,145,11107,91159899,5024522,0.007992,0.56,75.81
1758300000000000002,1758290000000000001,1758280000000000001,2025-09-29,16825,159,10529,75923259,4512527,0.00945,0.56,71.44
1758300000000000003,1758290000000000002,1758280000000000002,2025-09-29,6640,122,4359,52858754,7960656,0.018373,3.73,254.41
1758300000000000004,1758290000000000003,1758280000000000002,2025-09-29,3628,100,2085,42617336,11746785,0.027563,3.29,316.11
1758300000000000005,1758290000000000004,1758280000000000003,2025-09-29,8920,119,6942,71607068,8027698,0.013341,1.12,112.28
1758300000000000006,1758290000000000005,1758280000000000004,2025-09-29,5642,109,3753,72440562,12839518,0.019319,1.92,171.81
1758300000000000007,1758290000000000005,1758280000000000004,2025-09-29,4964,105,2921,70773573,14257368,0.021152,2.11,200.27
1758300000000000001,1758290000000000001,1758280000000000001,2025-09-30,8310,72,4648,70776796,8517063,0.008664,0.37,17.49
1758300000000000002,1758290000000000001,1758280000000000001,2025-09-30,8092,84,4493,61239205,7567870,0.010381,0.29,17.87
1758300000000000003,1758290000000000002,1758280000000000002,2025-09-30,5642,151,4508,37647879,6672790,0.026764,3.4,275.44
1758300000000000004,1758290000000000003,1758280000000000002,2025-09-30,2928,71,1853,37789836,12906365,0.024249,2.66,182.72
1758300000000000005,1758290000000000004,1758280000000000003,2025-09-30,8463,94,5215,56578286,6685370,0.011107,0.72,89.76
1758300000000000006,1758290000000000005,1758280000000000004,2025-09-30,5525,94,3931,59267624,10727172,0.017014,1.69,72.36
1758300000000000007,1758290000000000005,1758280000000000004,2025-09-30,4386,72,3161,53888949,12286582,0.016416,1.24,119.42
1758300000000000001,1758290000000000001,1758280000000000001,2025-10-01,6613,39,4282,59474752,8993611,0.005897,0.2,11.96
1758300000000000002,1758290000000000001,1758280000000000001,2025-10-01,10990,59,6785,70626620,6426444,0.005369,0.3,14.59
1758300000000000003,1758290000000000002,1758280000000000002,2025-10-01,4479,116,3197,39855894,8898391,0.025899,3.48,378.17
1758300000000000004,1758290000000000003,1758280000000000002,2025-10-01,2788,83,2180,34487748,12370067,0.02977,2.11,171.43
1758300000000000005,1758290000000000004,1758280000000000003,2025-10-01,8239,117,6165,55757731,6767536,0.014201,0.94,72.45
1758300000000000006,1758290000000000005,1758280000000000004,2025-10-01,3373,58,2468,50539904,14983666,0.017195,1.2,112.6
1758300000000000007,1758290000000000005,1758280000000000004,2025-10-01,4579,107,3003,60975558,13316348,0.023368,2.99,145.24
1758300000000000001,1758290000000000001,1758280000000000001,2025-10-02,7763,44,5665,66361512,8548436,0.005668,0.18,23.97
1758300000000000002,1758290000000000001,1758280000000000001,2025-10-02,9695,74,6037,66700051,6879840,0.007633,0.23,21.42
1758300000000000003,1758290000000000002,1758280000000000002,2025-10-02,3608,85,2166,32249307,8938278,0.023559,1.82,127.63
1758300000000000004,1758290000000000003,1758280000000000002,2025-10-02,4603,137,2629,43785872,9512464,0.029763,3.54,387.78
1758300000000000005,1758290000000000004,1758280000000000003,2025-10-02,5313,45,3394,57026384,10733368,0.00847,0.53,30.95
1758300000000000006,1758290000000000005,1758280000000000004,2025-10-02,5652,76,3260,62922491,11132783,0.013447,1.83,148.35
1758300000000000007,1758290000000000005,1758280000000000004,2025-10-02,3568,71,2581,51130277,14330235,0.019899,1.92,126.38
1758300000000000001,1758290000000000001,1758280000000000001,2025-10-03,8732,73,5432,74573840,8540293,0.00836,0.37,40.47
1758300000000000002,1758290000000000001,1758280000000000001,2025-10-03,8210,57,5647,69167044,8424731,0.006943,0.18,22.08
1758300000000000003,1758290000000000002,1758280000000000002,2025-10-03,3387,81,2617,35886215,10595280,0.023915,3.01,266.92
1758300000000000004,1758290000000000003,1758280000000000002,2025-10-03,7436,145,5712,46251433,6219935,0.0195,3.15,435.82
1758300000000000005,1758290000000000004,1758280000000000003,2025-10-03,6088,64,4092,61603236,10118797,0.010512,0.83,108.62
1758300000000000006,1758290000000000005,1758280000000000004,2025-10-03,8721,134,5352,64092301,7349192,0.015365,3.61,243.5
1758300000000000007,1758290000000000005,1758280000000000004,2025-10-03,4034,84,2345,59114172,14653984,0.020823,1.34,96.04
1758300000000000001,1758290000000000001,1758280000000000001,2025-10-04,8098,75,4707,57704988,7125832,0.009262,0.26,10.95
1758300000000000002,1758290000000000001,1758280000000000001,2025-10-04,7699,62,5015,57442976,7461096,0.008053,0.17,11.46
1758300000000000003,1758290000000000002,1758280000000000002,2025-10-04,2892,50,1789,34582879,11958119,0.017289,1.82,192.5
1758300000000000004,1758290000000000003,1758280000000000002,2025-10-04,3842,78,2790,31215958,8124924,0.020302,2.2,180.21
1758300000000000005,1758290000000000004,1758280000000000003,2025-10-04,4573,79,3451,49349128,10791412,0.017275,0.93,53.24
1758300000000000006,1758290000000000005,1758280000000000004,2025-10-04,6094,108,4193,55921812,9176536,0.017722,1.73,241.46
1758300000000000007,1758290000000000005,1758280000000000004,2025-10-04,5271,133,3837,42776443,8115432,0.025232,3.51,308.34
1758300000000000001,1758290000000000001,1758280000000000001,2025-10-05,11084,69,6350,68836545,6210443,0.006225,0.3,12.46
1758300000000000002,1758290000000000001,1758280000000000001,2025-10-05,11031,78,8354,82861806,7511722,0.007071,0.3,25.52
1758300000000000003,1758290000000000002,1758280000000000002,2025-10-05,6081,154,4824,39530404,6500642,0.025325,5.7,394.15
1758300000000000004,1758290000000000003,1758280000000000002,2025-10-05,5488,146,3334,47154368,8592268,0.026603,4.72,202.84
1758300000000000005,1758290000000000004,1758280000000000003,2025-10-05,7687,127,4231,65013579,8457601,0.016521,1.15,72.35
1758300000000000006,1758290000000000005,1758280000000000004,2025-10-05,7458,175,5016,77335169,10369425,0.023465,4.64,634.51
1758300000000000007,1758290000000000005,1758280000000000004,2025-10-05,4802,107,3478,52691989,10972926,0.022282,3.01,122.36
1758300000000000001,1758290000000000001,1758280000000000001,2025-10-06,10659,81,7920,63554057,5962478,0.007599,0.26,28.55
1758300000000000002,1758290000000000001,1758280000000000001,2025-10-06,13471,87,10408,65757930,4881444,0.006458,0.28,32.68
1758300000000000003,1758290000000000002,1758280000000000002,2025-10-06,5239,101,4022,34455599,6576751,0.019278,2.31,253.7
1758300000000000004,1758290000000000003,1758280000000000002,2025-10-06,3960,104,3153,39436965,9958830,0.026263,3.95,233.62
1758300000000000005,1758290000000000004,1758280000000000003,2025-10-06,5105,54,2851,55419423,10855910,0.010578,0.38,19.65
1758300000000000006,1758290000000000005,1758280000000000004,2025-10-06,7449,180,5894,54753684,7350474,0.024164,4.48,397.8
1758300000000000007,1758290000000000005,1758280000000000004,2025-10-06,6876,90,3850,56085161,8156655,0.013089,2.5,233.12
1758300000000000001,1758290000000000001,1758280000000000001,2025-10-07,6919,57,5529,54464489,7871728,0.008238,0.17,17.08
1758300000000000002,1758290000000000001,1758280000000000001,2025-10-07,13938,166,8743,64523827,4629346,0.01191,0.79,40.64
1758300000000000003,1758290000000000002,1758280000000000002,2025-10-07,3423,100,2684,30915905,9031816,0.029214,2.44,292.53
1758300000000000004,1758290000000000003,1758280000000000002,2025-10-07,3198,51,1918,37077418,11593939,0.015947,1.98,102.03
1758300000000000005,1758290000000000004,1758280000000000003,2025-10-07,6401,81,3638,50994992,7966723,0.012654,0.65,53.87
1758300000000000006,1758290000000000005,1758280000000000004,2025-10-07,3820,57,2234,51364557,13446219,0.014921,1.42,79.01
1758300000000000007,1758290000000000005,1758280000000000004,2025-10-07,5264,134,3351,50625428,9617293,0.025456,3.49,413.07
1758300000000000001,1758290000000000001,1758280000000000001,2025-10-08,9385,84,5559,83725007,8921152,0.00895,0.28,14.92
1758300000000000003,1758290000000000002,1758280000000000002,2025-10-08,4502,88,3183,44203298,9818591,0.019547,3.01,144.44
1758300000000000004,1758290000000000003,1758280000000000002,2025-10-08,3391,92,2662,43961682,12964224,0.027131,3.28,343.23
1758300000000000005,1758290000000000004,1758280000000000003,2025-10-08,11088,158,8001,66123735,5963540,0.01425,1.15,125.57
1758300000000000006,1758290000000000005,1758280000000000004,2025-10-08,5079,71,2957,58013847,11422297,0.013979,1.13,104.18
1758300000000000007,1758290000000000005,1758280000000000004,2025-10-08,9223,185,7105,74233623,8048750,0.020059,5.21,534.08
1758300000000000001,1758290000000000001,1758280000000000001,2025-10-09,5301,40,3332,47072538,8879935,0.007546,0.18,21.02
1758300000000000002,1758290000000000001,1758280000000000001,2025-10-09,7820,63,4640,53555632,6848546,0.008056,0.32,38.21
1758300000000000003,1758290000000000002,1758280000000000002,2025-10-09,3544,71,2519,27869641,7863894,0.020034,2.17,138.73
1758300000000000004,1758290000000000003,1758280000000000002,2025-10-09,2516,75,1489,29632171,11777492,0.029809,2.4,258.72
1758300000000000005,1758290000000000004,1758280000000000003,2025-10-09,4133,49,2551,43126359,10434638,0.011856,0.42,43.18
1758300000000000006,1758290000000000005,1758280000000000004,2025-10-09,4827,68,2985,43846671,9083628,0.014087,1.41,130.84
1758300000000000007,1758290000000000005,1758280000000000004,2025-10-09,3562,83,2583,42406047,11905123,0.023302,2.16,272.38
1758300000000000001,1758290000000000001,1758280000000000001,2025-10-10,15467,92,8933,65621804,4242698,0.005948,0.36,43.45
1758300000000000002,1758290000000000001,1758280000000000001,2025-10-10,7742,73,4864,61113648,7893780,0.009429,0.36,43.48
1758300000000000003,1758290000000000002,1758280000000000002,2025-10-10,5947,90,3613,39557134,6651612,0.015134,2.78,181.43
1758300000000000004,1758290000000000003,1758280000000000002,2025-10-10,3064,88,2257,32863124,10725563,0.028721,3.1,227.18
1758300000000000005,1758290000000000004,1758280000000000003,2025-10-10,7203,63,4915,54315194,7540635,0.008746,0.58,26.42
1758300000000000006,1758290000000000005,1758280000000000004,2025-10-10,5169,96,3313,47626144,9213802,0.018572,2.4,108.73
1758300000000000007,1758290000000000005,1758280000000000004,2025-10-10,6338,118,4512,61004244,9625157,0.018618,2.9,225.79
1758300000000000001,1758290000000000001,1758280000000000001,2025-10-11,13442,76,8259,81406950,6056164,0.005654,0.31,35.03
1758300000000000002,1758290000000000001,1758280000000000001,2025-10-11,10001,103,7255,65044464,6503796,0.010299,0.33,30.48
1758300000000000003,1758290000000000002,1758280000000000002,2025-10-11,6867,142,5038,45629150,6644699,0.020679,4.45,552.45
1758300000000000004,1758290000000000003,1758280000000000002,2025-10-11,4355,74,3113,38057373,8738777,0.016992,2.83,149.48
1758300000000000005,1758290000000000004,1758280000000000003,2025-10-11,8777,73,6292,62764892,7151064,0.008317,0.63,60.78
1758300000000000006,1758290000000000005,1758280000000000004,2025-10-11,4800,101,3793,56472508,11765106,0.021042,2.23,189.55
1758300000000000007,1758290000000000005,1758280000000000004,2025-10-11,7063,133,4763,69057275,9777329,0.018831,2.93,260.17
1758300000000000001,1758290000000000001,1758280000000000001,2025-10-12,6306,32,4730,55837374,8854642,0.005075,0.1,12.94
1758300000000000002,1758290000000000001,1758280000000000001,2025-10-12,7604,44,4262,57881223,7611944,0.005786,0.21,27.04
1758300000000000003,1758290000000000002,1758280000000000002,2025-10-12,4585,122,3664,30415238,6633640,0.026609,4.45,257.26
1758300000000000004,1758290000000000003,1758280000000000002,2025-10-12,2941,83,1982,34566818,11753423,0.028222,2.91,268.85
1758300000000000005,1758290000000000004,1758280000000000003,2025-10-12,6185,83,4921,48736542,7879797,0.01342,1.0,44.17
1758300000000000006,1758290000000000005,1758280000000000004,2025-10-12,4779,74,3487,51772224,10833276,0.015484,1.91,215.15
1758300000000000007,1758290000000000005,1758280000000000004,2025-10-12,4178,104,2421,45700859,10938454,0.024892,1.9,101.92
1758300000000000001,1758290000000000001,1758280000000000001,2025-10-13,10705,124,7625,83522072,7802155,0.011583,0.52,40.28
1758300000000000002,1758290000000000001,1758280000000000001,2025-10-13,13194,148,7968,59251735,4490809,0.011217,0.66,89.67
1758300000000000003,1758290000000000002,1758280000000000002,2025-10-13,3791,79,2865,44007588,11608438,0.020839,2.93,339.09
1758300000000000004,1758290000000000003,1758280000000000002,2025-10-13,3730,78,2256,37577444,10074382,0.020912,1.9,217.64
1758300000000000005,1758290000000000004,1758280000000000003,2025-10-13,7529,118,4530,61188774,8127078,0.015673,1.21,140.37
1758300000000000006,1758290000000000005,1758280000000000004,2025-10-13,5721,128,3541,58433355,10213836,0.022374,3.5,142.59
1758300000000000007,1758290000000000005,1758280000000000004,2025-10-13,8311,193,5005,63944193,7693923,0.023222,4.02,358.0
1758300000000000001,1758290000000000001,1758280000000000001,2025-10-14,15113,122,8464,64435760,4263598,0.008073,0.46,53.67
1758300000000000002,1758290000000000001,1758280000000000001,2025-10-14,14773,145,8187,67338657,4558225,0.009815,0.58,38.73
1758300000000000003,1758290000000000002,1758280000000000002,2025-10-14,4484,114,2503,37795765,8429029,0.025424,4.44,392.59
1758300000000000004,1758290000000000003,1758280000000000002,2025-10-14,5894,156,3367,37503903,6363065,0.026468,3.93,379.72
1758300000000000005,1758290000000000004,1758280000000000003,2025-10-14,5436,71,3907,56474750,10389027,0.013061,0.76,70.08
1758300000000000006,1758290000000000005,1758280000000000004,2025-10-14,7684,174,5606,56960232,7412836,0.022644,3.74,398.65
1758300000000000007,1758290000000000005,1758280000000000004,2025-10-14,4172,107,3202,55989269,13420247,0.025647,1.7,113.73
1758300000000000001,1758290000000000001,1758280000000000001,2025-10-15,13273,155,7622,71678697,5400339,0.011678,0.57,54.64
1758300000000000002,1758290000000000001,1758280000000000001,2025-10-15,13409,111,7405,63904254,4765773,0.008278,0.34,34.21
1758300000000000003,1758290000000000002,1758280000000000002,2025-10-15,3369,68,1896,38777857,11510198,0.020184,1.55,132.71
1758300000000000004,1758290000000000003,1758280000000000002,2025-10-15,4115,63,2540,38698115,9404159,0.01531,2.46,272.18
1758300000000000005,1758290000000000004,1758280000000000003,2025-10-15,11234,126,8986,58106979,5172421,0.011216,1.29,175.5
1758300000000000007,1758290000000000005,1758280000000000004,2025-10-15,6167,128,4436,59550401,9656300,0.020756,3.39,308.61
1758300000000000001,1758290000000000001,1758280000000000001,2025-10-16,21338,193,14573,92883354,4352955,0.009045,0.58,73.99
1758300000000000002,1758290000000000001,1758280000000000001,2025-10-16,11052,79,8522,91030653,8236577,0.007148,0.37,43.83
1758300000000000004,1758290000000000003,1758280000000000002,2025-10-16,8187,190,5028,51905006,6339930,0.023208,7.15,469.81
1758300000000000005,1758290000000000004,1758280000000000003,2025-10-16,7318,114,5718,78820289,10770742,0.015578,0.88,85.61
1758300000000000006,1758290000000000005,1758280000000000004,2025-10-16,8077,133,5908,80543226,9971923,0.016467,3.48,459.33
1758300000000000007,1758290000000000005,1758280000000000004,2025-10-16,9211,142,6969,77097352,8370139,0.015416,2.29,309.9
1758300000000000001,1758290000000000001,1758280000000000001,2025-10-17,9668,103,5493,86045026,8899982,0.010654,0.29,12.38
1758300000000000002,1758290000000000001,1758280000000000001,2025-10-17,9317,70,6065,66348293,7121208,0.007513,0.28,29.07
1758300000000000003,1758290000000000002,1758280000000000002,2025-10-17,5636,167,4070,49784927,8833380,0.029631,5.12,531.82
1758300000000000004,1758290000000000003,1758280000000000002,2025-10-17,3066,47,2006,37296970,12164700,0.015329,1.08,118.23
1758300000000000005,1758290000000000004,1758280000000000003,2025-10-17,7189,86,4532,65311423,9084911,0.011963,0.74,58.55
1758300000000000006,1758290000000000005,1758280000000000004,2025-10-17,5513,126,4106,68824989,12484126,0.022855,3.52,210.94
1758300000000000001,1758290000000000001,1758280000000000001,2025-10-18,12102,100,6812,81879586,6765790,0.008263,0.5,30.73
1758300000000000002,1758290000000000001,1758280000000000001,2025-10-18,13933,104,9687,72637868,5213369,0.007464,0.33,24.87
1758300000000000003,1758290000000000002,1758280000000000002,2025-10-18,5238,153,3838,44113523,8421826,0.02921,4.63,627.84
1758300000000000004,1758290000000000003,1758280000000000002,2025-10-18,6597,140,4679,44182165,6697312,0.021222,3.61,287.77
1758300000000000005,1758290000000000004,1758280000000000003,2025-10-18,9895,85,6281,66221766,6692447,0.00859,0.91,92.32
1758300000000000006,1758290000000000005,1758280000000000004,2025-10-18,5173,91,4126,70474035,13623436,0.017591,2.38,197.84
1758300000000000007,1758290000000000005,1758280000000000004,2025-10-18,7194,156,4674,61969497,8614053,0.021685,4.32,365.73
1758300000000000001,1758290000000000001,1758280000000000001,2025-10-19,8700,91,5777,69187456,7952581,0.01046,0.47,40.56
1758300000000000003,1758290000000000002,1758280000000000002,2025-10-19,3539,95,2601,39019063,11025449,0.026844,3.59,166.19
1758300000000000004,1758290000000000003,1758280000000000002,2025-10-19,4477,101,2619,38783547,8662843,0.02256,3.08,186.59
1758300000000000005,1758290000000000004,1758280000000000003,2025-10-19,6899,57,5080,58351958,8458031,0.008262,0.58,48.33
1758300000000000006,1758290000000000005,1758280000000000004,2025-10-19,5603,94,3431,63927005,11409424,0.016777,1.85,79.71
1758300000000000007,1758290000000000005,1758280000000000004,2025-10-19,3686,53,2784,52776911,14318207,0.014379,0.88,57.63
1758300000000000001,1758290000000000001,1758280000000000001,2025-10-20,7842,61,5861,56814681,7244922,0.007779,0.26,14.67
1758300000000000002,1758290000000000001,1758280000000000001,2025-10-20,9829,59,6445,58273654,5928747,0.006003,0.25,23.81
1758300000000000003,1758290000000000002,1758280000000000002,2025-10-20,2706,74,1529,30858093,11403582,0.027347,2.78,204.76
1758300000000000004,1758290000000000003,1758280000000000002,2025-10-20,4612,106,3352,34906670,7568662,0.022984,3.48,245.06
1758300000000000005,1758290000000000004,1758280000000000003,2025-10-20,7800,120,4764,49323572,6323535,0.015385,1.35,55.95
1758300000000000006,1758290000000000005,1758280000000000004,2025-10-20,4556,115,2571,45578498,10004060,0.025241,2.66,249.53
1758300000000000007,1758290000000000005,1758280000000000004,2025-10-20,3885,79,3067,53068647,13659883,0.020335,1.75,237.6
1758300000000000001,1758290000000000001,1758280000000000001,2025-10-21,12010,75,9292,69802338,5812018,0.006245,0.28,35.86
1758300000000000002,1758290000000000001,1758280000000000001,2025-10-21,8758,94,5502,56533584,6455079,0.010733,0.44,38.15
1758300000000000003,1758290000000000002,1758280000000000002,2025-10-21,2938,51,2124,31911326,10861581,0.017359,1.52,101.85
1758300000000000004,1758290000000000003,1758280000000000002,2025-10-21,3309,92,1970,40280630,12173052,0.027803,3.21,238.62
1758300000000000005,1758290000000000004,1758280000000000003,2025-10-21,4932,74,2808,54143966,10978095,0.015004,0.76,39.85
1758300000000000006,1758290000000000005,1758280000000000004,2025-10-21,7555,138,4733,53354541,7062150,0.018266,3.5,341.15
1758300000000000007,1758290000000000005,1758280000000000004,2025-10-21,4896,73,3064,54933392,11220056,0.01491,1.39,146.49
1758300000000000001,1758290000000000001,1758280000000000001,2025-10-22,21189,203,15268,86082256,4062592,0.00958,0.69,50.59
1758300000000000002,1758290000000000001,1758280000000000001,2025-10-22,8777,58,5678,66196846,7542081,0.006608,0.18,12.58
1758300000000000003,1758290000000000002,1758280000000000002,2025-10-22,4264,127,2935,41631926,9763585,0.029784,4.41,373.08
1758300000000000004,1758290000000000003,1758280000000000002,2025-10-22,5703,167,3625,45384703,7958040,0.029283,4.49,187.6
1758300000000000005,1758290000000000004,1758280000000000003,2025-10-22,6452,63,4612,65262472,10115076,0.009764,0.8,96.88
1758300000000000006,1758290000000000005,1758280000000000004,2025-10-22,6321,123,4149,64620911,10223210,0.019459,2.03,105.11
1758300000000000007,1758290000000000005,1758280000000000004,2025-10-22,5990,122,4631,65904034,11002343,0.020367,2.96,285.96
1758300000000000001,1758290000000000001,1758280000000000001,2025-10-23,10512,103,6362,60205268,5727290,0.009798,0.38,48.31
1758300000000000002,1758290000000000001,1758280000000000001,2025-10-23,15467,137,10941,74709293,4830238,0.008858,0.47,23.24
1758300000000000003,1758290000000000002,1758280000000000002,2025-10-23,4132,92,2387,41149293,9958687,0.022265,2.04,114.34
1758300000000000004,1758290000000000003,1758280000000000002,2025-10-23,3327,86,2636,35944741,10803950,0.025849,2.14,256.2
1758300000000000005,1758290000000000004,1758280000000000003,2025-10-23,8211,120,5736,57820526,7041837,0.014615,1.21,107.22
1758300000000000006,1758290000000000005,1758280000000000004,2025-10-23,8058,158,4812,57555301,7142629,0.019608,4.06,315.56
1758300000000000007,1758290000000000005,1758280000000000004,2025-10-23,4214,94,2662,58085751,13783994,0.022307,1.83,251.38
1758300000000000001,1758290000000000001,1758280000000000001,2025-10-24,11417,103,7840,63316989,5545852,0.009022,0.38,52.66
1758300000000000002,1758290000000000001,1758280000000000001,2025-10-24,9112,78,7289,51052670,5602795,0.00856,0.34,23.25
1758300000000000003,1758290000000000002,1758280000000000002,2025-10-24,3513,75,2677,36776512,10468691,0.021349,2.66,225.13
1758300000000000004,1758290000000000003,1758280000000000002,2025-10-24,2673,66,1835,28577578,10691200,0.024691,1.86,251.27
1758300000000000005,1758290000000000004,1758280000000000003,2025-10-24,6509,56,3651,49015568,7530430,0.008603,0.71,81.24
1758300000000000006,1758290000000000005,1758280000000000004,2025-10-24,6218,154,3671,44859832,7214511,0.024767,3.36,293.19
1758300000000000007,1758290000000000005,1758280000000000004,2025-10-24,6163,92,3804,53171304,8627503,0.014928,1.56,189.37
1758300000000000001,1758290000000000001,1758280000000000001,2025-10-25,10415,120,5902,67321271,6463876,0.011522,0.56,66.42
1758300000000000002,1758290000000000001,1758280000000000001,2025-10-25,11101,90,6116,76092636,6854575,0.008107,0.46,26.21
1758300000000000003,1758290000000000002,1758280000000000002,2025-10-25,7299,186,5483,44402117,6083315,0.025483,4.86,406.75
1758300000000000004,1758290000000000003,1758280000000000002,2025-10-25,3150,91,2440,37548687,11920218,0.028889,2.67,195.96
1758300000000000005,1758290000000000004,1758280000000000003,2025-10-25,11117,146,7247,61463103,5528749,0.013133,1.18,143.37
1758300000000000006,1758290000000000005,1758280000000000004,2025-10-25,4570,71,3479,66900425,14639043,0.015536,1.77,178.38
1758300000000000007,1758290000000000005,1758280000000000004,2025-10-25,4144,60,2377,56025781,13519735,0.014479,1.08,109.92
1758300000000000001,1758290000000000001,1758280000000000001,2025-10-26,13212,126,9100,53049761,4015271,0.009537,0.5,44.7
1758300000000000002,1758290000000000001,1758280000000000001,2025-10-26,5993,35,4730,49446687,8250740,0.00584,0.13,17.24
1758300000000000003,1758290000000000002,1758280000000000002,2025-10-26,2954,61,2146,26825847,9081194,0.02065,2.17,124.27
1758300000000000004,1758290000000000003,1758280000000000002,2025-10-26,2645,61,2053,31743552,12001343,0.023062,1.56,75.73
1758300000000000005,1758290000000000004,1758280000000000003,2025-10-26,6389,70,3582,43927049,6875419,0.010956,0.57,66.06
1758300000000000006,1758290000000000005,1758280000000000004,2025-10-26,4683,111,3045,45996610,9822039,0.023703,2.21,216.61
1758300000000000007,1758290000000000005,1758280000000000004,2025-10-26,3711,58,2444,41857488,11279302,0.015629,1.18,106.69
1758300000000000001,1758290000000000001,1758280000000000001,2025-10-27,7924,50,4549,66088823,8340336,0.00631,0.17,10.56
1758300000000000002,1758290000000000001,1758280000000000001,2025-10-27,8061,65,4584,70063819,8691703,0.008064,0.26,22.83
1758300000000000003,1758290000000000002,1758280000000000002,2025-10-27,3649,97,2297,35153968,9633864,0.026583,2.43,254.77
1758300000000000004,1758290000000000003,1758280000000000002,2025-10-27,5938,117,4353,42647542,7182139,0.019704,2.77,117.74
1758300000000000005,1758290000000000004,1758280000000000003,2025-10-27,6738,59,4200,58351132,8660008,0.008756,0.41,57.38
1758300000000000006,1758290000000000005,1758280000000000004,2025-10-27,4620,65,3532,58632326,12690980,0.014069,1.62,115.14
1758300000000000007,1758290000000000005,1758280000000000004,2025-10-27,4649,117,2879,58069939,12490845,0.025167,2.35,328.98
1758300000000000001,1758290000000000001,1758280000000000001,2025-10-28,8531,43,6366,76504607,8967836,0.00504,0.19,9.86
1758300000000000002,1758290000000000001,1758280000000000001,2025-10-28,7005,45,5041,59784772,8534586,0.006424,0.23,20.23
1758300000000000004,1758290000000000003,1758280000000000002,2025-10-28,5336,103,3419,37750924,7074761,0.019303,3.44,474.44
1758300000000000005,1758290000000000004,1758280000000000003,2025-10-28,9201,136,7275,58409733,6348194,0.014781,1.47,163.42
1758300000000000006,1758290000000000005,1758280000000000004,2025-10-28,6082,154,3937,57021819,9375505,0.025321,2.92,352.78
1758300000000000007,1758290000000000005,1758280000000000004,2025-10-28,5092,93,3121,59797648,11743450,0.018264,2.16,191.36
1758300000000000001,1758290000000000001,1758280000000000001,2025-10-29,8275,60,4706,73923677,8933375,0.007251,0.26,21.64
1758300000000000002,1758290000000000001,1758280000000000001,2025-10-29,11039,77,7786,77465051,7017397,0.006975,0.29,33.39
1758300000000000003,1758290000000000002,1758280000000000002,2025-10-29,6329,166,4692,39770158,6283798,0.026228,5.02,571.89
1758300000000000004,1758290000000000003,1758280000000000002,2025-10-29,3746,80,2718,46737686,12476691,0.021356,3.08,291.08
1758300000000000005,1758290000000000004,1758280000000000003,2025-10-29,7414,94,4739,64880883,8751131,0.012679,1.01,54.17
1758300000000000006,1758290000000000005,1758280000000000004,2025-10-29,4780,91,3665,59671062,12483486,0.019038,1.84,122.5
1758300000000000007,1758290000000000005,1758280000000000004,2025-10-29,6455,94,4919,70090705,10858359,0.014562,2.08,290.51
1758300000000000001,1758290000000000001,1758280000000000001,2025-10-30,13122,99,7773,93672839,7138610,0.007545,0.3,33.8
1758300000000000002,1758290000000000001,1758280000000000001,2025-10-30,10486,65,7863,86525998,8251573,0.006199,0.28,18.25
1758300000000000003,1758290000000000002,1758280000000000002,2025-10-30,5969,164,3538,54501867,9130820,0.027475,3.81,525.59
1758300000000000004,1758290000000000003,1758280000000000002,2025-10-30,4613,130,3029,48468897,10507023,0.028181,4.07,268.62
1758300000000000005,1758290000000000004,1758280000000000003,2025-10-30,13342,202,8881,77228073,5788343,0.01514,2.52,328.46
1758300000000000006,1758290000000000005,1758280000000000004,2025-10-30,7341,111,4625,77796006,10597467,0.015121,2.35,139.96
1758300000000000007,1758290000000000005,1758280000000000004,2025-10-30,5271,112,3096,76660140,14543756,0.021248,2.52,205.94
1758300000000000001,1758290000000000001,1758280000000000001,2025-10-31,9832,51,5801,57552026,5853542,0.005187,0.19,19.32
1758300000000000002,1758290000000000001,1758280000000000001,2025-10-31,16646,195,9425,75648249,4544530,0.011715,0.72,65.08
1758300000000000003,1758290000000000002,1758280000000000002,2025-10-31,4854,100,2903,37300850,7684559,0.020602,3.27,379.49
1758300000000000004,1758290000000000003,1758280000000000002,2025-10-31,3244,79,1797,38813593,11964733,0.024353,2.51,120.88
1758300000000000005,1758290000000000004,1758280000000000003,2025-10-31,5572,94,4182,57085832,10245124,0.01687,0.66,37.8
1758300000000000006,1758290000000000005,1758280000000000004,2025-10-31,5725,122,3205,56456072,9861323,0.02131,2.03,115.52
1758300000000000007,1758290000000000005,1758280000000000004,2025-10-31,4190,91,3334,57715592,13774604,0.021718,2.09,143.94
1758300000000000001,1758290000000000001,1758280000000000001,2025-11-01,10448,120,6701,86445632,8273893,0.011485,0.38,27.7
1758300000000000002,1758290000000000001,1758280000000000001,2025-11-01,11889,84,8094,90287413,7594197,0.007065,0.25,33.08
1758300000000000003,1758290000000000002,1758280000000000002,2025-11-01,6073,146,4433,56423004,9290796,0.024041,4.56,183.05
1758300000000000004,1758290000000000003,1758280000000000002,2025-11-01,5234,93,3152,44567307,8514961,0.017768,2.84,297.34
1758300000000000005,1758290000000000004,1758280000000000003,2025-11-01,8664,132,5849,75742734,8742236,0.015235,1.03,47.31
1758300000000000006,1758290000000000005,1758280000000000004,2025-11-01,7734,179,4956,73549445,9509884,0.023145,4.84,267.59
1758300000000000007,1758290000000000005,1758280000000000004,2025-11-01,6176,100,3721,77936022,12619175,0.016192,1.91,135.14
1758300000000000001,1758290000000000001,1758280000000000001,2025-11-02,14044,163,7928,86347139,6148329,0.011606,0.81,43.79
1758300000000000002,1758290000000000001,1758280000000000001,2025-11-02,17965,159,13072,77557054,4317120,0.008851,0.52,35.05
1758300000000000003,1758290000000000002,1758280000000000002,2025-11-02,6762,120,5404,46709647,6907667,0.017746,4.18,269.99
1758300000000000004,1758290000000000003,1758280000000000002,2025-11-02,4024,106,2965,46949891,11667468,0.026342,3.49,260.11
1758300000000000005,1758290000000000004,1758280000000000003,2025-11-02,8924,128,7019,70244654,7871431,0.014343,0.97,52.17
1758300000000000006,1758290000000000005,1758280000000000004,2025-11-02,4576,90,3231,64638664,14125582,0.019668,2.38,235.46
1758300000000000007,1758290000000000005,1758280000000000004,2025-11-02,6175,145,3870,75850644,12283505,0.023482,3.39,319.56
1758300000000000001,1758290000000000001,1758280000000000001,2025-11-03,23712,244,17471,99350740,4189893,0.01029,0.99,85.46
1758300000000000002,1758290000000000001,1758280000000000001,2025-11-03,12555,145,9557,96547689,7689979,0.011549,0.41,29.42
1758300000000000003,1758290000000000002,1758280000000000002,2025-11-03,4616,137,3009,47244991,10235050,0.029679,3.0,150.34
1758300000000000004,1758290000000000003,1758280000000000002,2025-11-03,9108,239,6072,64696968,7103312,0.026241,5.71,623.39
1758300000000000005,1758290000000000004,1758280000000000003,2025-11-03,9133,131,7172,83956470,9192650,0.014344,1.57,125.18
1758300000000000006,1758290000000000005,1758280000000000004,2025-11-03,5162,74,3558,72612605,14066758,0.014336,1.14,116.2
1758300000000000007,1758290000000000005,1758280000000000004,2025-11-03,8692,116,5973,95300335,10964143,0.013346,2.16,196.46
1758300000000000001,1758290000000000001,1758280000000000001,2025-11-04,19968,136,14875,120326656,6025974,0.006811,0.57,33.7
1758300000000000002,1758290000000000001,1758280000000000001,2025-11-04,14881,169,9801,104986753,7055087,0.011357,0.47,39.41
1758300000000000003,1758290000000000002,1758280000000000002,2025-11-04,8014,150,6006,74279529,9268721,0.018717,4.45,512.28
1758300000000000004,1758290000000000003,1758280000000000002,2025-11-04,7102,175,5153,54470990,7669810,0.024641,6.62,587.44
1758300000000000005,1758290000000000004,1758280000000000003,2025-11-04,17206,226,13227,96562890,5612164,0.013135,1.79,248.59
1758300000000000006,1758290000000000005,1758280000000000004,2025-11-04,15344,264,9751,108285860,7057212,0.017205,7.51,687.24
1758300000000000007,1758290000000000005,1758280000000000004,2025-11-04,6866,151,4289,84839919,12356528,0.021992,3.15,429.57
1758300000000000001,1758290000000000001,1758280000000000001,2025-11-05,13343,114,10042,105121338,7878389,0.008544,0.54,69.84
1758300000000000002,1758290000000000001,1758280000000000001,2025-11-05,9682,110,7040,78896502,8148781,0.011361,0.33,17.42
1758300000000000003,1758290000000000002,1758280000000000002,2025-11-05,7573,118,4855,48918253,6459561,0.015582,3.4,233.1
1758300000000000004,1758290000000000003,1758280000000000002,2025-11-05,7609,224,5317,56234798,7390564,0.029439,5.56,253.85
1758300000000000005,1758290000000000004,1758280000000000003,2025-11-05,7749,81,4890,78864788,10177415,0.010453,0.7,54.69
1758300000000000006,1758290000000000005,1758280000000000004,2025-11-05,4548,102,3345,66470304,14615282,0.022427,1.92,242.8
1758300000000000007,1758290000000000005,1758280000000000004,2025-11-05,9550,159,6373,91259273,9555945,0.016649,4.0,168.23
1758300000000000001,1758290000000000001,1758280000000000001,2025-11-06,19024,206,11246,92938519,4885330,0.010828,0.61,47.36
1758300000000000002,1758290000000000001,1758280000000000001,2025-11-06,25023,147,14821,101000765,4036317,0.005875,0.54,28.4
1758300000000000003,1758290000000000002,1758280000000000002,2025-11-06,5287,116,3105,56943320,10770441,0.021941,3.24,286.44
1758300000000000004,1758290000000000003,1758280000000000002,2025-11-06,4865,128,3492,53879128,11074846,0.02631,2.99,130.35
1758300000000000005,1758290000000000004,1758280000000000003,2025-11-06,8373,92,6642,83116836,9926769,0.010988,1.01,64.91
1758300000000000006,1758290000000000005,1758280000000000004,2025-11-06,4757,101,3065,70059158,14727593,0.021232,1.8,132.01
1758300000000000007,1758290000000000005,1758280000000000004,2025-11-06,9000,124,5660,96174514,10686057,0.013778,1.96,96.13
1758300000000000001,1758290000000000001,1758280000000000001,2025-11-07,16347,141,9771,100280040,6134461,0.008625,0.63,72.52
1758300000000000002,1758290000000000001,1758280000000000001,2025-11-07,20017,148,11395,96133933,4802614,0.007394,0.68,47.08
1758300000000000003,1758290000000000002,1758280000000000002,2025-11-07,5845,122,4125,55834027,9552443,0.020873,4.47,201.71
1758300000000000004,1758290000000000003,1758280000000000002,2025-11-07,8623,181,5212,56402529,6540940,0.02099,3.85,453.42
1758300000000000005,1758290000000000004,1758280000000000003,2025-11-07,8642,124,5017,84177417,9740502,0.014349,1.11,55.26
1758300000000000006,1758290000000000005,1758280000000000004,2025-11-07,6073,80,3453,82182272,13532401,0.013173,1.41,78.52
1758300000000000007,1758290000000000005,1758280000000000004,2025-11-07,7498,127,4338,86172562,11492740,0.016938,3.49,434.9
1758300000000000001,1758290000000000001,1758280000000000001,2025-11-08,13591,70,7659,83247550,6125197,0.00515,0.23,11.59
1758300000000000002,1758290000000000001,1758280000000000001,2025-11-08,10029,114,5550,82055878,8181860,0.011367,0.53,66.63
1758300000000000003,1758290000000000002,1758280000000000002,2025-11-08,6313,164,4903,54483179,8630315,0.025978,3.9,387.77
1758300000000000004,1758290000000000003,1758280000000000002,2025-11-08,6088,145,3934,39975923,6566347,0.023817,3.35,428.67
1758300000000000005,1758290000000000004,1758280000000000003,2025-11-08,9665,90,5917,70844326,7329987,0.009312,1.0,107.82
1758300000000000006,1758290000000000005,1758280000000000004,2025-11-08,5562,116,4159,68119120,12247235,0.020856,2.91,274.5
1758300000000000007,1758290000000000005,1758280000000000004,2025-11-08,6177,101,4001,73569533,11910237,0.016351,2.08,289.44
1758300000000000001,1758290000000000001,1758280000000000001,2025-11-09,12930,137,9719,108888771,8421405,0.010596,0.4,36.93
1758300000000000002,1758290000000000001,1758280000000000001,2025-11-09,13496,83,7642,76839604,5693509,0.00615,0.33,26.44
1758300000000000003,1758290000000000002,1758280000000000002,2025-11-09,8839,229,6597,53469768,6049301,0.025908,8.05,558.77
1758300000000000004,1758290000000000003,1758280000000000002,2025-11-09,5455,90,4190,52660732,9653663,0.016499,2.01,94.43
1758300000000000005,1758290000000000004,1758280000000000003,2025-11-09,9097,130,5663,79597875,8749904,0.01429,0.96,85.83
1758300000000000006,1758290000000000005,1758280000000000004,2025-11-09,5826,114,3542,73256373,12574043,0.019567,2.92,157.0
1758300000000000007,1758290000000000005,1758280000000000004,2025-11-09,6500,134,5108,85939378,13221443,0.020615,2.7,221.0
1758300000000000001,1758290000000000001,1758280000000000001,2025-11-10,19122,213,12485,143443998,7501516,0.011139,0.73,98.68
1758300000000000002,1758290000000000001,1758280000000000001,2025-11-10,15384,137,9703,126011962,8191105,0.008905,0.57,60.33
1758300000000000003,1758290000000000002,1758280000000000002,2025-11-10,7988,218,5265,77611768,9716045,0.027291,6.3,825.67
1758300000000000004,1758290000000000003,1758280000000000002,2025-11-10,9543,165,7190,76363066,8001998,0.01729,4.08,240.78
1758300000000000005,1758290000000000004,1758280000000000003,2025-11-10,14477,188,8832,115481125,7976868,0.012986,1.76,228.36
1758300000000000006,1758290000000000005,1758280000000000004,2025-11-10,8716,144,6625,109767899,12593839,0.016521,2.93,139.64
1758300000000000007,1758290000000000005,1758280000000000004,2025-11-10,14195,300,7908,121194352,8537820,0.021134,7.03,713.89
1758300000000000010,1758290000000000008,1758280000000000007,2025-11-10,38838,143,29989,166390107,4284209,0.003682,0.19,13.44
1758300000000000001,1758290000000000001,1758280000000000001,2025-11-11,13181,103,9291,116568167,8843651,0.007814,0.39,20.54
1758300000000000002,1758290000000000001,1758280000000000001,2025-11-11,21181,181,12727,139856485,6602922,0.008545,0.8,55.22
1758300000000000003,1758290000000000002,1758280000000000002,2025-11-11,8051,134,4985,79352899,9856279,0.016644,4.74,545.92
1758300000000000005,1758290000000000004,1758280000000000003,2025-11-11,20631,287,15076,109896280,5326755,0.013911,2.74,166.72
1758300000000000006,1758290000000000005,1758280000000000004,2025-11-11,8675,144,4903,112106434,12922932,0.016599,3.23,378.1
1758300000000000007,1758290000000000005,1758280000000000004,2025-11-11,8558,127,5779,107686126,12583095,0.01484,2.27,288.48
1758300000000000010,1758290000000000008,1758280000000000007,2025-11-11,25074,107,17282,126031802,5026394,0.004267,0.21,11.19
1758300000000000001,1758290000000000001,1758280000000000001,2025-11-12,23349,262,15241,136306185,5837774,0.011221,0.89,62.88
1758300000000000002,1758290000000000001,1758280000000000001,2025-11-12,14885,95,9080,119962813,8059309,0.006382,0.44,59.9
1758300000000000003,1758290000000000002,1758280000000000002,2025-11-12,6488,134,4391,73788707,11373105,0.020654,4.12,249.79
1758300000000000004,1758290000000000003,1758280000000000002,2025-11-12,6121,159,4565,72650720,11869093,0.025976,6.1,261.98
1758300000000000005,1758290000000000004,1758280000000000003,2025-11-12,17043,198,11709,109829571,6444263,0.011618,2.46,321.42
1758300000000000006,1758290000000000005,1758280000000000004,2025-11-12,8320,150,6255,109556742,13167878,0.018029,3.65,400.36
1758300000000000007,1758290000000000005,1758280000000000004,2025-11-12,14846,298,8629,110102400,7416301,0.020073,5.23,370.82
1758300000000000010,1758290000000000008,1758280000000000007,2025-11-12,58270,299,42862,205580473,3528067,0.005131,0.39,17.01
1758300000000000001,1758290000000000001,1758280000000000001,2025-11-13,14428,92,11520,119081092,8253472,0.006376,0.41,55.34
1758300000000000002,1758290000000000001,1758280000000000001,2025-11-13,15486,128,11283,115157852,7436255,0.008266,0.37,20.32
1758300000000000003,1758290000000000002,1758280000000000002,2025-11-13,9609,247,5473,66772253,6948928,0.025705,6.45,731.66
1758300000000000004,1758290000000000003,1758280000000000002,2025-11-13,10673,189,7349,67078572,6284884,0.017708,6.51,804.85
1758300000000000005,1758290000000000004,1758280000000000003,2025-11-13,15889,276,12697,100388119,6318089,0.017371,2.72,109.66
1758300000000000006,1758290000000000005,1758280000000000004,2025-11-13,8634,216,6609,98127691,11365264,0.025017,3.52,156.65
1758300000000000007,1758290000000000005,1758280000000000004,2025-11-13,7322,189,5642,102648547,14019195,0.025813,3.51,153.02
1758300000000000010,1758290000000000008,1758280000000000007,2025-11-13,54794,187,36078,194659826,3552576,0.003413,0.2,8.61
1758300000000000001,1758290000000000001,1758280000000000001,2025-11-14,31004,308,23321,165027082,5322767,0.009934,1.06,104.95
1758300000000000002,1758290000000000001,1758280000000000001,2025-11-14,15797,91,12229,129030207,8168020,0.005761,0.46,46.81
1758300000000000003,1758290000000000002,1758280000000000002,2025-11-14,7831,129,4472,78973104,10084677,0.016473,2.98,288.45
1758300000000000004,1758290000000000003,1758280000000000002,2025-11-14,7591,136,5475,89059633,11732266,0.017916,4.31,563.24
1758300000000000005,1758290000000000004,1758280000000000003,2025-11-14,12308,168,9028,126024553,10239239,0.01365,1.69,72.88
1758300000000000006,1758290000000000005,1758280000000000004,2025-11-14,10119,193,6808,115728641,11436767,0.019073,3.5,476.26
1758300000000000007,1758290000000000005,1758280000000000004,2025-11-14,16860,417,13307,136320465,8085437,0.024733,10.18,580.84
1758300000000000010,1758290000000000008,1758280000000000007,2025-11-14,31347,165,23112,148188092,4727345,0.005264,0.29,39.05
1758300000000000001,1758290000000000001,1758280000000000001,2025-11-15,13054,137,9853,103121136,7899581,0.010495,0.5,60.01
1758300000000000002,1758290000000000001,1758280000000000001,2025-11-15,17487,89,9845,108538336,6206801,0.005089,0.39,32.53
1758300000000000003,1758290000000000002,1758280000000000002,2025-11-15,8488,214,6113,65594402,7727898,0.025212,7.57,600.78
1758300000000000004,1758290000000000003,1758280000000000002,2025-11-15,7387,210,5028,55353868,7493417,0.028428,7.59,873.77
1758300000000000005,1758290000000000004,1758280000000000003,2025-11-15,15509,222,9416,90711202,5848939,0.014314,2.62,259.42
1758300000000000006,1758290000000000005,1758280000000000004,2025-11-15,13194,296,8729,97128958,7361601,0.022434,5.68,773.67
1758300000000000007,1758290000000000005,1758280000000000004,2025-11-15,9065,135,5895,84293447,9298781,0.014892,2.29,160.71
1758300000000000010,1758290000000000008,1758280000000000007,2025-11-15,23636,104,14201,101152659,4279601,0.0044,0.14,18.8
1758300000000000001,1758290000000000001,1758280000000000001,2025-11-16,26676,291,16494,130898080,4906961,0.010909,1.23,126.28
1758300000000000002,1758290000000000001,1758280000000000001,2025-11-16,19936,194,15567,135926359,6818136,0.009731,0.58,40.92
1758300000000000003,1758290000000000002,1758280000000000002,2025-11-16,6780,104,3885,79040053,11657825,0.015339,3.37,160.38
1758300000000000004,1758290000000000003,1758280000000000002,2025-11-16,7180,152,4158,73431055,10227166,0.02117,3.87,341.04
1758300000000000005,1758290000000000004,1758280000000000003,2025-11-16,12438,158,8149,114353331,9193868,0.012703,1.51,176.47
1758300000000000006,1758290000000000005,1758280000000000004,2025-11-16,10887,170,6873,94706930,8699084,0.015615,3.42,186.54
1758300000000000007,1758290000000000005,1758280000000000004,2025-11-16,17293,418,13188,133999733,7748785,0.024172,8.24,985.02
1758300000000000010,1758290000000000008,1758280000000000007,2025-11-16,34056,235,19219,132404915,3887859,0.0069,0.41,45.28
1758300000000000001,1758290000000000001,1758280000000000001,2025-11-17,18298,127,10567,105680803,5775538,0.006941,0.51,55.91
1758300000000000002,1758290000000000001,1758280000000000001,2025-11-17,19380,113,11432,93326287,4815598,0.005831,0.56,28.84
1758300000000000003,1758290000000000002,1758280000000000002,2025-11-17,4505,122,3421,47953089,10644415,0.027081,4.48,522.6
1758300000000000004,1758290000000000003,1758280000000000002,2025-11-17,6888,127,3926,65765249,9547800,0.018438,3.31,401.3
1758300000000000005,1758290000000000004,1758280000000000003,2025-11-17,10034,129,7451,85288753,8499975,0.012856,1.53,121.3
1758300000000000006,1758290000000000005,1758280000000000004,2025-11-17,5015,123,3672,71565198,14270229,0.024526,2.92,284.46
1758300000000000007,1758290000000000005,1758280000000000004,2025-11-17,6724,148,5112,99012309,14725210,0.022011,3.89,306.41
1758300000000000001,1758290000000000001,1758280000000000001,2025-11-18,21226,147,13846,109910798,5178121,0.006925,0.76,34.41
1758300000000000002,1758290000000000001,1758280000000000001,2025-11-18,13925,129,9941,113833339,8174746,0.009264,0.4,52.37
1758300000000000003,1758290000000000002,1758280000000000002,2025-11-18,7037,159,4146,64990822,9235586,0.022595,5.47,228.1
1758300000000000004,1758290000000000003,1758280000000000002,2025-11-18,7819,205,5768,62862971,8039771,0.026218,5.22,219.39
1758300000000000005,1758290000000000004,1758280000000000003,2025-11-18,10313,145,6797,95890345,9298007,0.01406,1.47,142.45
1758300000000000006,1758290000000000005,1758280000000000004,2025-11-18,7799,154,4844,95159218,12201464,0.019746,3.66,379.84
1758300000000000007,1758290000000000005,1758280000000000004,2025-11-18,8678,157,6392,96621471,11134071,0.018092,3.89,369.75
1758300000000000010,1758290000000000008,1758280000000000007,2025-11-18,31219,143,20742,160565731,5143205,0.004581,0.16,12.79
1758300000000000001,1758290000000000001,1758280000000000001,2025-11-19,9422,55,6146,71213491,7558214,0.005837,0.2,14.94
1758300000000000002,1758290000000000001,1758280000000000001,2025-11-19,18623,196,12849,78111153,4194338,0.010525,0.97,113.23
1758300000000000003,1758290000000000002,1758280000000000002,2025-11-19,4842,141,3689,43368248,8956681,0.02912,4.05,491.56
1758300000000000004,1758290000000000003,1758280000000000002,2025-11-19,3864,86,2846,41960120,10859244,0.022257,2.81,378.95
1758300000000000005,1758290000000000004,1758280000000000003,2025-11-19,7541,97,4275,63996276,8486444,0.012863,1.17,82.95
1758300000000000006,1758290000000000005,1758280000000000004,2025-11-19,5759,137,3899,67807787,11774229,0.023789,3.26,322.0
1758300000000000007,1758290000000000005,1758280000000000004,2025-11-19,7457,120,5689,60184765,8070909,0.016092,2.76,291.8
1758300000000000010,1758290000000000008,1758280000000000007,2025-11-19,29794,126,19305,138976186,4664570,0.004229,0.2,25.0
1758300000000000001,1758290000000000001,1758280000000000001,2025-11-20,8076,42,5053,58169875,7202808,0.005201,0.2,26.19
1758300000000000002,1758290000000000001,1758280000000000001,2025-11-20,12514,142,7701,85640181,6843550,0.011347,0.7,30.95
1758300000000000003,1758290000000000002,1758280000000000002,2025-11-20,2981,74,2257,35056615,11760018,0.024824,2.38,167.76
1758300000000000004,1758290000000000003,1758280000000000002,2025-11-20,4952,82,3805,47120560,9515460,0.016559,2.51,216.59
1758300000000000005,1758290000000000004,1758280000000000003,2025-11-20,7578,133,5036,61632881,8133133,0.017551,1.14,125.56
1758300000000000006,1758290000000000005,1758280000000000004,2025-11-20,9768,158,7054,69626484,7128018,0.016175,2.96,390.17
1758300000000000007,1758290000000000005,1758280000000000004,2025-11-20,4240,65,3082,53639278,12650773,0.01533,1.31,68.51
1758300000000000010,1758290000000000008,1758280000000000007,2025-11-20,40005,190,31256,132597773,3314530,0.004749,0.35,32.27
1758300000000000001,1758290000000000001,1758280000000000001,2025-11-21,9219,95,6571,71116818,7714158,0.010305,0.44,44.61
1758300000000000002,1758290000000000001,1758280000000000001,2025-11-21,14801,121,8518,81470245,5504374,0.008175,0.36,30.46
1758300000000000003,1758290000000000002,1758280000000000002,2025-11-21,4921,130,3329,50776889,10318409,0.026417,3.1,247.51
1758300000000000004,1758290000000000003,1758280000000000002,2025-11-21,3459,85,2355,36415719,10527817,0.024574,2.34,146.18
1758300000000000005,1758290000000000004,1758280000000000003,2025-11-21,6946,124,4968,65394456,9414693,0.017852,1.3,108.41
1758300000000000006,1758290000000000005,1758280000000000004,2025-11-21,4517,78,3365,62266179,13784853,0.017268,1.88,75.56
1758300000000000007,1758290000000000005,1758280000000000004,2025-11-21,4961,108,3287,68522733,13812282,0.02177,1.79,132.32
1758300000000000010,1758290000000000008,1758280000000000007,2025-11-21,25447,91,19259,144970838,5696972,0.003576,0.15,9.23
1758300000000000001,1758290000000000001,1758280000000000001,2025-11-22,18926,180,10625,77422939,4090824,0.009511,0.85,69.32
1758300000000000002,1758290000000000001,1758280000000000001,2025-11-22,8271,75,5601,70918022,8574298,0.009068,0.3,22.19
1758300000000000003,1758290000000000002,1758280000000000002,2025-11-22,5141,109,4084,36560250,7111506,0.021202,3.79,256.98
1758300000000000004,1758290000000000003,1758280000000000002,2025-11-22,4101,63,3015,48206013,11754697,0.015362,1.42,95.44
1758300000000000005,1758290000000000004,1758280000000000003,2025-11-22,9540,109,6692,63574698,6664014,0.011426,1.02,133.41
1758300000000000006,1758290000000000005,1758280000000000004,2025-11-22,8291,130,6087,67834300,8181679,0.01568,3.64,328.65
1758300000000000007,1758290000000000005,1758280000000000004,2025-11-22,7483,119,5815,59315095,7926646,0.015903,3.2,314.06
1758300000000000010,1758290000000000008,1758280000000000007,2025-11-22,25350,102,15956,141140882,5567688,0.004024,0.13,6.65
1758300000000000001,1758290000000000001,1758280000000000001,2025-11-23,16083,109,10192,84077459,5227722,0.006777,0.47,33.76
1758300000000000002,1758290000000000001,1758280000000000001,2025-11-23,11245,118,7676,84897562,7549805,0.010494,0.43,30.64
1758300000000000003,1758290000000000002,1758280000000000002,2025-11-23,6926,128,5083,47082478,6797932,0.018481,4.86,355.85
1758300000000000004,1758290000000000003,1758280000000000002,2025-11-23,4747,113,3483,49474676,10422304,0.023805,3.96,394.47
1758300000000000005,1758290000000000004,1758280000000000003,2025-11-23,7522,77,5355,72417866,9627475,0.010237,0.54,52.81
1758300000000000006,1758290000000000005,1758280000000000004,2025-11-23,5654,135,3526,79215042,14010443,0.023877,2.6,229.03
1758300000000000007,1758290000000000005,1758280000000000004,2025-11-23,7484,154,4272,65620690,8768131,0.020577,3.19,414.09
1758300000000000010,1758290000000000008,1758280000000000007,2025-11-23,40029,186,28451,156873391,3918994,0.004647,0.35,38.02
1758300000000000001,1758290000000000001,1758280000000000001,2025-11-24,17491,145,10848,90821097,5192447,0.00829,0.62,81.49
1758300000000000002,1758290000000000001,1758280000000000001,2025-11-24,17454,135,13444,85233005,4883294,0.007735,0.68,79.06
1758300000000000003,1758290000000000002,1758280000000000002,2025-11-24,5404,123,4246,47687229,8824432,0.022761,3.95,415.31
1758300000000000004,1758290000000000003,1758280000000000002,2025-11-24,5680,93,3967,52915116,9316042,0.016373,2.6,132.3
1758300000000000005,1758290000000000004,1758280000000000003,2025-11-24,8374,100,5844,75451758,9010241,0.011942,0.87,79.33
1758300000000000006,1758290000000000005,1758280000000000004,2025-11-24,10224,173,7866,81440178,7965589,0.016921,4.79,443.14
1758300000000000007,1758290000000000005,1758280000000000004,2025-11-24,7210,127,3968,69463339,9634305,0.017614,3.55,418.48
1758300000000000010,1758290000000000008,1758280000000000007,2025-11-24,31951,162,23027,156459945,4896872,0.00507,0.19,21.26
1758300000000000001,1758290000000000001,1758280000000000001,2025-11-25,16238,149,9296,96991943,5973146,0.009176,0.43,43.16
1758300000000000002,1758290000000000001,1758280000000000001,2025-11-25,11000,122,8380,91872961,8352087,0.011091,0.59,40.3
1758300000000000003,1758290000000000002,1758280000000000002,2025-11-25,8100,214,6325,54583460,6738699,0.02642,4.75,526.51
1758300000000000004,1758290000000000003,1758280000000000002,2025-11-25,4689,121,2874,53339342,11375419,0.025805,3.59,227.03
1758300000000000005,1758290000000000004,1758280000000000003,2025-11-25,12708,111,9844,80942102,6369382,0.008735,1.15,84.33
1758300000000000006,1758290000000000005,1758280000000000004,2025-11-25,7591,142,4700,76628229,10094616,0.018706,3.84,468.97
1758300000000000007,1758290000000000005,1758280000000000004,2025-11-25,11805,255,9020,85255975,7222022,0.021601,5.63,298.8
1758300000000000010,1758290000000000008,1758280000000000007,2025-11-25,44547,210,33186,145494114,3266081,0.004714,0.3,34.92
1758300000000000001,1758290000000000001,1758280000000000001,2025-11-26,11060,125,7821,79963122,7229939,0.011302,0.38,32.15
1758300000000000002,1758290000000000001,1758280000000000001,2025-11-26,11767,61,8016,77781206,6610114,0.005184,0.22,13.91
1758300000000000003,1758290000000000002,1758280000000000002,2025-11-26,4030,114,2956,45770834,11357527,0.028288,3.49,149.87
1758300000000000004,1758290000000000003,1758280000000000002,2025-11-26,3945,69,2331,44368782,11246840,0.01749,1.85,253.99
1758300000000000005,1758290000000000004,1758280000000000003,2025-11-26,7347,77,4626,67604712,9201676,0.01048,0.88,102.1
1758300000000000006,1758290000000000005,1758280000000000004,2025-11-26,7167,118,4232,65920919,9197840,0.016464,2.66,279.3
1758300000000000007,1758290000000000005,1758280000000000004,2025-11-26,4974,118,3169,69288505,13930138,0.023723,3.09,428.4
1758300000000000010,1758290000000000008,1758280000000000007,2025-11-26,32898,229,23365,137467395,4178594,0.006961,0.26,22.48
1758300000000000001,1758290000000000001,1758280000000000001,2025-11-27,16862,101,9627,106445082,6312720,0.00599,0.34,20.3
1758300000000000002,1758290000000000001,1758280000000000001,2025-11-27,31505,302,23581,135471845,4300011,0.009586,1.05,133.22
1758300000000000003,1758290000000000002,1758280000000000002,2025-11-27,5786,140,4206,74714141,12912918,0.024196,3.35,217.12
1758300000000000004,1758290000000000003,1758280000000000002,2025-11-27,5008,148,3539,63524103,12684525,0.029553,4.91,534.9
1758300000000000005,1758290000000000004,1758280000000000003,2025-11-27,10413,134,6437,103678683,9956658,0.012869,1.44,82.51
1758300000000000006,1758290000000000005,1758280000000000004,2025-11-27,10288,189,6972,109381128,10631914,0.018371,3.52,149.02
1758300000000000007,1758290000000000005,1758280000000000004,2025-11-27,11539,179,7624,97976237,8490878,0.015513,4.5,369.29
1758300000000000010,1758290000000000008,1758280000000000007,2025-11-27,47390,284,26800,149170095,3147712,0.005993,0.4,50.35
1758300000000000001,1758290000000000001,1758280000000000001,2025-11-28,12458,119,9673,81071070,6507551,0.009552,0.61,77.14
1758300000000000002,1758290000000000001,1758280000000000001,2025-11-28,12283,64,7815,90243610,7347033,0.00521,0.18,24.01
1758300000000000003,1758290000000000002,1758280000000000002,2025-11-28,5674,119,4120,48058649,8469977,0.020973,3.32,182.33
1758300000000000005,1758290000000000004,1758280000000000003,2025-11-28,7352,68,4672,73420577,9986477,0.009249,0.49,31.3
1758300000000000006,1758290000000000005,1758280000000000004,2025-11-28,10996,165,8677,81644729,7424948,0.015005,4.05,324.72
1758300000000000007,1758290000000000005,1758280000000000004,2025-11-28,8826,193,6243,65196425,7386860,0.021867,3.45,472.8
1758300000000000010,1758290000000000008,1758280000000000007,2025-11-28,27096,130,17515,161875776,5974158,0.004798,0.17,17.32
1758300000000000001,1758290000000000001,1758280000000000001,2025-11-29,12851,87,9641,65588982,5103804,0.00677,0.29,40.32
1758300000000000002,1758290000000000001,1758280000000000001,2025-11-29,7818,56,4989,67986526,8696153,0.007163,0.29,18.64
1758300000000000003,1758290000000000002,1758280000000000002,2025-11-29,5747,137,3857,39833492,6931180,0.023839,4.89,424.07
1758300000000000004,1758290000000000003,1758280000000000002,2025-11-29,3022,89,1985,36495370,12076562,0.029451,2.59,185.45
1758300000000000005,1758290000000000004,1758280000000000003,2025-11-29,6254,100,3851,57246646,9153605,0.01599,0.97,116.48
1758300000000000006,1758290000000000005,1758280000000000004,2025-11-29,5420,128,4336,49707460,9171118,0.023616,3.46,319.21
1758300000000000007,1758290000000000005,1758280000000000004,2025-11-29,4902,116,3107,64785833,13216204,0.023664,2.48,164.52
1758300000000000001,1758290000000000001,1758280000000000001,2025-11-30,18740,123,12247,87119756,4648866,0.006564,0.49,23.23
1758300000000000002,1758290000000000001,1758280000000000001,2025-11-30,13162,69,10024,115565478,8780237,0.005242,0.23,13.21
1758300000000000003,1758290000000000002,1758280000000000002,2025-11-30,7234,152,4327,55484992,7670029,0.021012,3.42,443.34
1758300000000000004,1758290000000000003,1758280000000000002,2025-11-30,5105,90,3921,60335141,11818833,0.01763,2.82,235.58
1758300000000000005,1758290000000000004,1758280000000000003,2025-11-30,14484,182,8447,86865100,5997314,0.012566,1.28,171.97
1758300000000000006,1758290000000000005,1758280000000000004,2025-11-30,7731,122,4598,86575149,11198441,0.015781,2.8,335.03
1758300000000000007,1758290000000000005,1758280000000000004,2025-11-30,9933,219,7337,87155052,8774293,0.022048,5.07,685.29
1758300000000000001,1758290000000000001,1758280000000000001,2025-12-01,16062,174,9928,92745629,5774227,0.010833,0.65,48.04
1758300000000000002,1758290000000000001,1758280000000000001,2025-12-01,11112,100,8664,88996400,8009035,0.008999,0.49,29.7
1758300000000000003,1758290000000000002,1758280000000000002,2025-12-01,7476,204,4267,50695754,6781133,0.027287,4.99,219.6
1758300000000000004,1758290000000000003,1758280000000000002,2025-12-01,4321,96,3291,53156834,12301975,0.022217,2.64,143.13
1758300000000000005,1758290000000000004,1758280000000000003,2025-12-01,10008,148,7617,77889441,7782718,0.014788,1.85,125.74
1758300000000000006,1758290000000000005,1758280000000000004,2025-12-01,6321,91,4807,76705101,12134963,0.014396,2.42,126.26
1758300000000000001,1758290000000000001,1758280000000000001,2025-12-02,11493,133,6753,64753940,5634207,0.011572,0.61,54.21
1758300000000000002,1758290000000000001,1758280000000000001,2025-12-02,7128,76,5494,60272901,8455794,0.010662,0.3,25.21
1758300000000000003,1758290000000000002,1758280000000000002,2025-12-02,2998,51,1870,34996899,11673415,0.017011,1.38,148.91
1758300000000000004,1758290000000000003,1758280000000000002,2025-12-02,4702,98,2987,36447010,7751385,0.020842,2.98,161.66
1758300000000000005,1758290000000000004,1758280000000000003,2025-12-02,8870,114,5965,53582932,6040917,0.012852,1.14,82.22
1758300000000000006,1758290000000000005,1758280000000000004,2025-12-02,3380,47,1918,50281514,14876188,0.013905,0.98,75.74
1758300000000000007,1758290000000000005,1758280000000000004,2025-12-02,7558,154,4424,56884351,7526376,0.020376,3.99,339.15
1758300000000000001,1758290000000000001,1758280000000000001,2025-12-03,17529,152,12252,86458625,4932319,0.008671,0.63,77.96
1758300000000000002,1758290000000000001,1758280000000000001,2025-12-03,14011,76,11143,87325251,6232621,0.005424,0.27,31.08
1758300000000000003,1758290000000000002,1758280000000000002,2025-12-03,4471,91,3019,54211155,12125063,0.020353,1.97,259.32
1758300000000000004,1758290000000000003,1758280000000000002,2025-12-03,3671,67,2928,45093917,12283824,0.018251,2.32,279.65
1758300000000000005,1758290000000000004,1758280000000000003,2025-12-03,13063,218,10150,74478804,5701508,0.016688,1.69,141.79
1758300000000000006,1758290000000000005,1758280000000000004,2025-12-03,9794,130,7806,74534796,7610251,0.013273,2.83,325.05
1758300000000000007,1758290000000000005,1758280000000000004,2025-12-03,6043,144,3846,74422812,12315541,0.023829,2.29,238.41
1758300000000000001,1758290000000000001,1758280000000000001,2025-12-04,10776,59,7723,78959194,7327319,0.005475,0.27,20.44
1758300000000000002,1758290000000000001,1758280000000000001,2025-12-04,7826,79,5156,67816724,8665567,0.010095,0.29,14.61
1758300000000000003,1758290000000000002,1758280000000000002,2025-12-04,7088,128,4596,45528845,6423370,0.018059,3.72,217.86
1758300000000000004,1758290000000000003,1758280000000000002,2025-12-04,5929,115,3467,38343108,6467045,0.019396,4.44,613.49
1758300000000000005,1758290000000000004,1758280000000000003,2025-12-04,6398,102,4682,62903965,9831817,0.015942,1.1,91.34
1758300000000000006,1758290000000000005,1758280000000000004,2025-12-04,4775,94,3119,70051553,14670482,0.019686,2.43,314.15
1758300000000000007,1758290000000000005,1758280000000000004,2025-12-04,4924,81,2762,55756377,11323391,0.01645,1.35,184.02
1758300000000000001,1758290000000000001,1758280000000000001,2025-12-05,17186,142,13524,70019808,4074235,0.008263,0.68,88.1
1758300000000000002,1758290000000000001,1758280000000000001,2025-12-05,13943,73,8109,66376302,4760547,0.005236,0.23,13.44
1758300000000000003,1758290000000000002,1758280000000000002,2025-12-05,3523,66,2709,39052039,11084882,0.018734,1.99,142.28
1758300000000000004,1758290000000000003,1758280000000000002,2025-12-05,5650,151,4187,38888595,6882937,0.026726,5.01,554.98
1758300000000000005,1758290000000000004,1758280000000000003,2025-12-05,11655,144,8609,58455476,5015485,0.012355,1.72,102.91
1758300000000000006,1758290000000000005,1758280000000000004,2025-12-05,7018,111,4289,52690828,7507955,0.015816,2.42,208.08
1758300000000000007,1758290000000000005,1758280000000000004,2025-12-05,4887,84,3565,64220123,13141011,0.017188,1.3,86.44
1758300000000000001,1758290000000000001,1758280000000000001,2025-12-06,16619,196,10162,72519450,4363647,0.011794,0.64,72.19
1758300000000000002,1758290000000000001,1758280000000000001,2025-12-06,11460,109,7404,69972766,6105826,0.009511,0.54,64.4
1758300000000000003,1758290000000000002,1758280000000000002,2025-12-06,3133,66,2312,39604401,12641047,0.021066,1.51,70.96
1758300000000000004,1758290000000000003,1758280000000000002,2025-12-06,3840,113,2882,41819722,10890553,0.029427,2.67,191.49
1758300000000000005,1758290000000000004,1758280000000000003,2025-12-06,8084,138,4810,61068092,7554192,0.017071,1.37,143.03
1758300000000000006,1758290000000000005,1758280000000000004,2025-12-06,5130,123,3055,72481846,14129015,0.023977,3.46,372.53
1758300000000000007,1758290000000000005,1758280000000000004,2025-12-06,5701,132,4055,49654339,8709760,0.023154,2.3,137.39
1758300000000000001,1758290000000000001,1758280000000000001,2025-12-07,7753,67,5552,63277081,8161625,0.008642,0.2,16.58
1758300000000000002,1758290000000000001,1758280000000000001,2025-12-07,15247,110,11805,80601229,5286366,0.007215,0.36,45.1
1758300000000000003,1758290000000000002,1758280000000000002,2025-12-07,4789,92,3096,40068359,8366749,0.019211,3.08,325.44
1758300000000000004,1758290000000000003,1758280000000000002,2025-12-07,3790,100,2092,42147818,11120796,0.026385,3.08,387.68
1758300000000000005,1758290000000000004,1758280000000000003,2025-12-07,6728,77,4609,61662133,9165002,0.011445,0.68,52.58
1758300000000000006,1758290000000000005,1758280000000000004,2025-12-07,8559,201,6734,64593465,7546847,0.023484,3.49,308.1
1758300000000000007,1758290000000000005,1758280000000000004,2025-12-07,4007,56,2612,58730801,14657050,0.013976,1.35,157.03
1758300000000000001,1758290000000000001,1758280000000000001,2025-12-08,14442,115,10611,98244222,6802674,0.007963,0.32,18.9
1758300000000000002,1758290000000000001,1758280000000000001,2025-12-08,23549,278,12958,123288689,5235411,0.011805,0.88,85.5
1758300000000000003,1758290000000000002,1758280000000000002,2025-12-08,4458,129,3088,57723124,12948211,0.028937,3.19,287.76
1758300000000000004,1758290000000000003,1758280000000000002,2025-12-08,5845,158,3992,68867111,11782226,0.027032,5.33,219.49
1758300000000000005,1758290000000000004,1758280000000000003,2025-12-08,10865,129,8534,94942676,8738396,0.011873,1.36,157.62
1758300000000000006,1758290000000000005,1758280000000000004,2025-12-08,8834,137,5332,97912423,11083589,0.015508,3.1,359.06
1758300000000000007,1758290000000000005,1758280000000000004,2025-12-08,11051,211,7665,91972929,8322589,0.019093,3.46,197.75
1758300000000000001,1758290000000000001,1758280000000000001,2025-12-09,12395,134,8558,87676324,7073524,0.010811,0.49,65.37
1758300000000000002,1758290000000000001,1758280000000000001,2025-12-09,27757,265,17392,112809123,4064168,0.009547,1.14,116.34
1758300000000000003,1758290000000000002,1758280000000000002,2025-12-09,9867,273,6039,61606972,6243739,0.027668,10.14,1159.95
1758300000000000004,1758290000000000003,1758280000000000002,2025-12-09,5296,92,4085,52956141,9999271,0.017372,3.29,228.92
1758300000000000005,1758290000000000004,1758280000000000003,2025-12-09,9503,154,5868,85922334,9041601,0.016205,1.7,232.88
1758300000000000006,1758290000000000005,1758280000000000004,2025-12-09,7185,97,4243,88961155,12381511,0.0135,1.65,201.97
1758300000000000001,1758290000000000001,1758280000000000001,2025-12-10,15193,135,11694,70220588,4621904,0.008886,0.67,81.7
1758300000000000002,1758290000000000001,1758280000000000001,2025-12-10,15422,148,12010,67553761,4380350,0.009597,0.77,31.24
1758300000000000003,1758290000000000002,1758280000000000002,2025-12-10,3145,74,2095,38730989,12315100,0.023529,2.8,188.07
1758300000000000004,1758290000000000003,1758280000000000002,2025-12-10,3986,60,3091,39997211,10034423,0.015053,1.77,83.23
1758300000000000005,1758290000000000004,1758280000000000003,2025-12-10,5958,81,4330,59046150,9910398,0.013595,0.98,105.24
1758300000000000006,1758290000000000005,1758280000000000004,2025-12-10,3934,70,2684,52346333,13306134,0.017794,1.96,93.04
1758300000000000007,1758290000000000005,1758280000000000004,2025-12-10,5328,120,3221,65745967,12339709,0.022523,3.35,173.15
1758300000000000001,1758290000000000001,1758280000000000001,2025-12-11,19890,105,14560,108052074,5432482,0.005279,0.38,29.2
1758300000000000002,1758290000000000001,1758280000000000001,2025-12-11,10909,112,7968,88921059,8151165,0.010267,0.54,24.92
1758300000000000003,1758290000000000002,1758280000000000002,2025-12-11,4502,107,2600,54047111,12005133,0.023767,3.98,228.3
1758300000000000004,1758290000000000003,1758280000000000002,2025-12-11,7476,124,4277,58508965,7826239,0.016586,4.06,252.77
1758300000000000005,1758290000000000004,1758280000000000003,2025-12-11,10564,139,7014,84417057,7991013,0.013158,1.02,52.04
1758300000000000006,1758290000000000005,1758280000000000004,2025-12-11,7217,176,4270,89180458,12356998,0.024387,5.0,425.76
1758300000000000007,1758290000000000005,1758280000000000004,2025-12-11,8719,206,6392,79653655,9135641,0.023627,3.53,241.93
1758300000000000001,1758290000000000001,1758280000000000001,2025-12-12,17973,169,13297,105960019,5895511,0.009403,0.61,74.64
1758300000000000002,1758290000000000001,1758280000000000001,2025-12-12,14689,78,8304,85131389,5795588,0.00531,0.23,30.98
1758300000000000003,1758290000000000002,1758280000000000002,2025-12-12,4737,100,3656,46676570,9853614,0.02111,2.4,314.35
1758300000000000004,1758290000000000003,1758280000000000002,2025-12-12,7905,128,6122,62518520,7908731,0.016192,3.74,458.48
1758300000000000005,1758290000000000004,1758280000000000003,2025-12-12,15766,199,10779,81896318,5194489,0.012622,1.78,104.88
1758300000000000006,1758290000000000005,1758280000000000004,2025-12-12,10983,259,7576,80029139,7286637,0.023582,6.08,579.44
1758300000000000007,1758290000000000005,1758280000000000004,2025-12-12,6756,117,5330,83763496,12398386,0.017318,2.94,370.18
1758300000000000001,1758290000000000001,1758280000000000001,2025-12-13,13584,141,7619,119257937,8779295,0.01038,0.57,33.27
1758300000000000002,1758290000000000001,1758280000000000001,2025-12-13,21229,125,15648,135452421,6380537,0.005888,0.35,17.17
1758300000000000003,1758290000000000002,1758280000000000002,2025-12-13,8009,156,5213,70863648,8848002,0.019478,4.19,403.36
1758300000000000005,1758290000000000004,1758280000000000003,2025-12-13,15084,160,8988,109161582,7236912,0.010607,1.65,107.67
1758300000000000006,1758290000000000005,1758280000000000004,2025-12-13,7420,142,4543,102089164,13758647,0.019137,2.9,226.94
1758300000000000007,1758290000000000005,1758280000000000004,2025-12-13,10461,178,6468,116234000,11111175,0.017016,4.2,199.53
1758300000000000001,1758290000000000001,1758280000000000001,2025-12-14,19624,121,15660,84991477,4330997,0.006166,0.45,62.6
1758300000000000002,1758290000000000001,1758280000000000001,2025-12-14,8150,42,5137,63459548,7786448,0.005153,0.18,11.73
1758300000000000003,1758290000000000002,1758280000000000002,2025-12-14,4159,94,2492,38601251,9281378,0.022602,3.24,150.55
1758300000000000004,1758290000000000003,1758280000000000002,2025-12-14,3862,76,2264,46227906,11969939,0.019679,2.33,106.12
1758300000000000005,1758290000000000004,1758280000000000003,2025-12-14,11027,130,6649,63621868,5769644,0.011789,1.38,78.88
1758300000000000006,1758290000000000005,1758280000000000004,2025-12-14,7733,173,4311,65834509,8513450,0.022372,4.11,188.62
1758300000000000007,1758290000000000005,1758280000000000004,2025-12-14,5319,109,3464,61409227,11545258,0.020493,1.76,143.22
1758300000000000001,1758290000000000001,1758280000000000001,2025-12-15,13867,80,10526,118586226,8551686,0.005769,0.37,38.15
1758300000000000002,1758290000000000001,1758280000000000001,2025-12-15,18614,213,12284,133313766,7162016,0.011443,0.99,41.83
1758300000000000003,1758290000000000002,1758280000000000002,2025-12-15,5393,89,3855,64763337,12008777,0.016503,2.22,167.31
1758300000000000004,1758290000000000003,1758280000000000002,2025-12-15,8317,160,6585,79179516,9520202,0.019238,6.03,261.03
1758300000000000005,1758290000000000004,1758280000000000003,2025-12-15,19710,186,14365,107957140,5477278,0.009437,2.07,274.43
1758300000000000006,1758290000000000005,1758280000000000004,2025-12-15,7711,127,5037,97130151,12596311,0.01647,1.96,193.19
1758300000000000007,1758290000000000005,1758280000000000004,2025-12-15,10572,218,7601,118784128,11235729,0.020621,4.1,258.62
1758300000000000001,1758290000000000001,1758280000000000001,2025-12-16,17694,113,10375,90699723,5126016,0.006386,0.33,30.77
1758300000000000002,1758290000000000001,1758280000000000001,2025-12-16,15411,115,8675,78343054,5083580,0.007462,0.36,19.67
1758300000000000003,1758290000000000002,1758280000000000002,2025-12-16,4783,132,3024,52515533,10979622,0.027598,5.14,259.04
1758300000000000004,1758290000000000003,1758280000000000002,2025-12-16,4807,77,2903,44080340,9170031,0.016018,1.84,95.9
1758300000000000005,1758290000000000004,1758280000000000003,2025-12-16,8295,131,5307,72446905,8733804,0.015793,1.6,124.35
1758300000000000006,1758290000000000005,1758280000000000004,2025-12-16,5726,98,3697,64492039,11263018,0.017115,1.8,111.41
1758300000000000007,1758290000000000005,1758280000000000004,2025-12-16,10355,250,6454,80401770,7764536,0.024143,4.7,489.89
1758300000000000001,1758290000000000001,1758280000000000001,2025-12-17,16722,126,12750,112848732,6748519,0.007535,0.58,61.98
1758300000000000002,1758290000000000001,1758280000000000001,2025-12-17,16059,92,9355,84594078,5267705,0.005729,0.32,24.83
1758300000000000003,1758290000000000002,1758280000000000002,2025-12-17,6979,138,4312,61981219,8881103,0.019774,5.15,417.1
1758300000000000004,1758290000000000003,1758280000000000002,2025-12-17,6486,151,4194,50843244,7838921,0.023281,3.21,370.04
1758300000000000005,1758290000000000004,1758280000000000003,2025-12-17,11893,166,6977,84618347,7114971,0.013958,1.56,96.53
1758300000000000006,1758290000000000005,1758280000000000004,2025-12-17,7995,189,5230,79915056,9995629,0.02364,4.42,574.78
1758300000000000007,1758290000000000005,1758280000000000004,2025-12-17,6803,155,4491,89321639,13129743,0.022784,4.32,596.88
1758300000000000001,1758290000000000001,1758280000000000001,2025-12-18,13999,119,9193,88920148,6351893,0.008501,0.34,25.39
1758300000000000002,1758290000000000001,1758280000000000001,2025-12-18,19169,106,12880,109656634,5720519,0.00553,0.53,50.55
1758300000000000003,1758290000000000002,1758280000000000002,2025-12-18,6071,180,3581,61681051,10159949,0.029649,6.68,612.27
1758300000000000004,1758290000000000003,1758280000000000002,2025-12-18,4497,129,2715,51791396,11516877,0.028686,4.68,349.81
1758300000000000005,1758290000000000004,1758280000000000003,2025-12-18,13218,204,8282,85104335,6438518,0.015433,2.45,237.94
1758300000000000006,1758290000000000005,1758280000000000004,2025-12-18,6267,162,3613,89936554,14350814,0.02585,3.9,212.44
1758300000000000007,1758290000000000005,1758280000000000004,2025-12-18,6252,135,3957,80272116,12839430,0.021593,2.3,136.61
1758300000000000001,1758290000000000001,1758280000000000001,2025-12-19,15989,116,10698,123808206,7743336,0.007255,0.51,31.28
1758300000000000002,1758290000000000001,1758280000000000001,2025-12-19,23283,147,12986,120639214,5181429,0.006314,0.48,66.53
1758300000000000003,1758290000000000002,1758280000000000002,2025-12-19,10913,240,6305,73535931,6738379,0.021992,7.64,897.12
1758300000000000004,1758290000000000003,1758280000000000002,2025-12-19,5790,168,3587,66148309,11424578,0.029016,4.37,182.56
1758300000000000005,1758290000000000004,1758280000000000003,2025-12-19,10408,170,6994,104763180,10065640,0.016334,1.8,177.29
1758300000000000006,1758290000000000005,1758280000000000004,2025-12-19,9701,164,6738,96668114,9964758,0.016905,4.63,342.15
1758300000000000007,1758290000000000005,1758280000000000004,2025-12-19,8175,142,4892,112858246,13805290,0.01737,2.47,245.37
1758300000000000001,1758290000000000001,1758280000000000001,2025-12-20,14430,90,9906,95449073,6614627,0.006237,0.45,19.53
1758300000000000003,1758290000000000002,1758280000000000002,2025-12-20,6136,163,4363,53395309,8701973,0.026565,6.28,600.33
1758300000000000004,1758290000000000003,1758280000000000002,2025-12-20,7053,114,4362,63934178,9064820,0.016163,3.53,275.39
1758300000000000005,1758290000000000004,1758280000000000003,2025-12-20,8433,121,4811,87997115,10434853,0.014348,1.08,122.64
1758300000000000007,1758290000000000005,1758280000000000004,2025-12-20,7430,193,5505,76096757,10241825,0.025976,5.2,312.08
1758300000000000001,1758290000000000001,1758280000000000001,2025-12-21,10684,87,6115,95153226,8906142,0.008143,0.25,16.42
1758300000000000002,1758290000000000001,1758280000000000001,2025-12-21,9618,51,6824,73915595,7685132,0.005303,0.15,9.25
1758300000000000004,1758290000000000003,1758280000000000002,2025-12-21,4265,86,3235,46816075,10976805,0.020164,2.75,384.51
1758300000000000005,1758290000000000004,1758280000000000003,2025-12-21,9694,98,7378,72458066,7474527,0.010109,0.87,50.74
1758300000000000007,1758290000000000005,1758280000000000004,2025-12-21,6804,150,3879,75366315,11076766,0.022046,3.69,280.75
1758300000000000001,1758290000000000001,1758280000000000001,2025-12-22,14439,135,10234,82191231,5692308,0.00935,0.62,43.31
1758300000000000002,1758290000000000001,1758280000000000001,2025-12-22,16731,128,10705,98626839,5894856,0.00765,0.5,64.67
1758300000000000003,1758290000000000002,1758280000000000002,2025-12-22,4482,105,3165,49710477,11091137,0.023427,3.13,338.56
1758300000000000004,1758290000000000003,1758280000000000002,2025-12-22,5325,114,3546,53614135,10068382,0.021408,4.11,244.13
1758300000000000005,1758290000000000004,1758280000000000003,2025-12-22,8422,128,6118,77493459,9201313,0.015198,1.57,107.61
1758300000000000006,1758290000000000005,1758280000000000004,2025-12-22,8537,199,6174,79589311,9322866,0.02331,4.81,625.68
1758300000000000007,1758290000000000005,1758280000000000004,2025-12-22,5258,91,4038,75397607,14339598,0.017307,1.48,178.88
1758300000000000001,1758290000000000001,1758280000000000001,2025-12-23,23980,231,14180,100201790,4178557,0.009633,1.07,105.69
1758300000000000002,1758290000000000001,1758280000000000001,2025-12-23,9741,59,7463,80107952,8223791,0.006057,0.23,11.34
1758300000000000003,1758290000000000002,1758280000000000002,2025-12-23,5322,120,4224,52252901,9818283,0.022548,3.39,192.94
1758300000000000004,1758290000000000003,1758280000000000002,2025-12-23,5858,91,4601,50781237,8668699,0.015534,2.84,155.64
1758300000000000005,1758290000000000004,1758280000000000003,2025-12-23,9714,143,5680,77275603,7955075,0.014721,1.13,145.79
1758300000000000006,1758290000000000005,1758280000000000004,2025-12-23,6485,160,3716,75146114,11587681,0.024672,2.59,147.45
1758300000000000007,1758290000000000005,1758280000000000004,2025-12-23,10134,142,8105,79405093,7835513,0.014012,2.69,351.42
1758300000000000001,1758290000000000001,1758280000000000001,2025-12-24,21051,136,15365,117399619,5576914,0.006461,0.56,70.85
1758300000000000002,1758290000000000001,1758280000000000001,2025-12-24,12568,84,7479,92877076,7389965,0.006684,0.27,36.69
1758300000000000003,1758290000000000002,1758280000000000002,2025-12-24,5817,109,4625,59804116,10280921,0.018738,4.11,318.1
1758300000000000004,1758290000000000003,1758280000000000002,2025-12-24,6683,170,5210,60353995,9030973,0.025438,6.51,666.83
1758300000000000005,1758290000000000004,1758280000000000003,2025-12-24,10261,113,7730,90118583,8782632,0.011013,1.33,74.86
1758300000000000006,1758290000000000005,1758280000000000004,2025-12-24,9032,214,5062,85019170,9413106,0.023694,5.5,353.09
1758300000000000007,1758290000000000005,1758280000000000004,2025-12-24,7158,178,5170,95217997,13302319,0.024867,3.47,145.79
1758300000000000001,1758290000000000001,1758280000000000001,2025-12-25,8866,63,5527,60916604,6870810,0.007106,0.23,12.69
1758300000000000003,1758290000000000002,1758280000000000002,2025-12-25,3686,80,2797,41253674,11191990,0.021704,1.86,237.17
1758300000000000004,1758290000000000003,1758280000000000002,2025-12-25,3603,103,2019,36779406,10207995,0.028587,3.66,330.99
1758300000000000005,1758290000000000004,1758280000000000003,2025-12-25,10726,159,7257,58524810,5456350,0.014824,1.21,73.32
1758300000000000006,1758290000000000005,1758280000000000004,2025-12-25,6369,145,4117,54010417,8480204,0.022767,2.42,193.72
1758300000000000007,1758290000000000005,1758280000000000004,2025-12-25,5866,77,4427,63039204,10746540,0.013126,2.1,113.14
1758300000000000001,1758290000000000001,1758280000000000001,2025-12-26,14824,168,11431,79608903,5370271,0.011333,0.71,35.95
1758300000000000002,1758290000000000001,1758280000000000001,2025-12-26,10934,61,6582,76230376,6971865,0.005579,0.27,35.9
1758300000000000003,1758290000000000002,1758280000000000002,2025-12-26,3066,68,1874,39622603,12923223,0.022179,1.82,253.9
1758300000000000004,1758290000000000003,1758280000000000002,2025-12-26,7646,204,4818,49428413,6464611,0.026681,5.2,718.96
1758300000000000005,1758290000000000004,1758280000000000003,2025-12-26,8229,122,5165,66788262,8116206,0.014826,1.1,139.07
1758300000000000006,1758290000000000005,1758280000000000004,2025-12-26,4807,106,3669,60525268,12591069,0.022051,1.74,146.38
1758300000000000007,1758290000000000005,1758280000000000004,2025-12-26,6899,163,3811,73051256,10588673,0.023627,4.42,502.05
1758300000000000001,1758290000000000001,1758280000000000001,2025-12-27,18234,159,11685,138706936,7607049,0.00872,0.57,28.02
1758300000000000002,1758290000000000001,1758280000000000001,2025-12-27,26253,134,18672,138513834,5276115,0.005104,0.63,29.41
1758300000000000003,1758290000000000002,1758280000000000002,2025-12-27,5724,163,3916,67270584,11752373,0.028477,5.09,532.8
1758300000000000004,1758290000000000003,1758280000000000002,2025-12-27,14097,367,9899,91141285,6465297,0.026034,9.1,536.52
1758300000000000005,1758290000000000004,1758280000000000003,2025-12-27,16158,157,9436,118808902,7352946,0.009717,1.63,152.02
1758300000000000006,1758290000000000005,1758280000000000004,2025-12-27,8656,161,4977,124186196,14346834,0.0186,4.0,263.19
1758300000000000007,1758290000000000005,1758280000000000004,2025-12-27,12994,239,10358,113431607,8729537,0.018393,5.16,248.05
1758300000000000001,1758290000000000001,1758280000000000001,2025-12-28,18321,164,14553,106802370,5829505,0.008951,0.5,30.03
1758300000000000002,1758290000000000001,1758280000000000001,2025-12-28,16777,101,9681,105441798,6284902,0.00602,0.36,22.45
1758300000000000003,1758290000000000002,1758280000000000002,2025-12-28,5056,97,3490,56718756,11218108,0.019185,2.72,110.97
1758300000000000004,1758290000000000003,1758280000000000002,2025-12-28,5964,150,4194,64563625,10825558,0.025151,3.25,174.33
1758300000000000005,1758290000000000004,1758280000000000003,2025-12-28,10314,100,7351,90961786,8819254,0.009696,0.84,43.39
1758300000000000006,1758290000000000005,1758280000000000004,2025-12-28,11284,262,8398,96924640,8589564,0.023219,5.92,795.49
1758300000000000007,1758290000000000005,1758280000000000004,2025-12-28,5784,99,4309,84998933,14695528,0.017116,1.87,242.8
1758300000000000001,1758290000000000001,1758280000000000001,2025-12-29,12730,146,9994,104730853,8227090,0.011469,0.43,17.53
1758300000000000002,1758290000000000001,1758280000000000001,2025-12-29,23993,257,17291,99141512,4132102,0.010711,1.19,126.96
1758300000000000003,1758290000000000002,1758280000000000002,2025-12-29,6579,164,4295,54224763,8242098,0.024928,5.05,614.58
1758300000000000004,1758290000000000003,1758280000000000002,2025-12-29,8751,249,5431,62273731,7116185,0.028454,5.79,278.92
1758300000000000006,1758290000000000005,1758280000000000004,2025-12-29,5875,150,3275,76237358,12976572,0.025532,3.66,156.07
1758300000000000007,1758290000000000005,1758280000000000004,2025-12-29,7506,151,4491,98510383,13124218,0.020117,4.22,465.27
1758300000000000001,1758290000000000001,1758280000000000001,2025-12-30,15149,98,10788,72543738,4788682,0.006469,0.45,34.81
1758300000000000002,1758290000000000001,1758280000000000001,2025-12-30,10572,55,7270,61050703,5774754,0.005202,0.28,29.02
1758300000000000003,1758290000000000002,1758280000000000002,2025-12-30,6718,182,4373,42641323,6347324,0.027091,6.84,576.52
1758300000000000004,1758290000000000003,1758280000000000002,2025-12-30,4197,103,3244,33698357,8029153,0.024541,3.12,200.38
1758300000000000005,1758290000000000004,1758280000000000003,2025-12-30,8515,114,5559,57254760,6723988,0.013388,1.1,90.62
1758300000000000006,1758290000000000005,1758280000000000004,2025-12-30,5893,111,3265,54847610,9307248,0.018836,2.59,106.43
1758300000000000007,1758290000000000005,1758280000000000004,2025-12-30,6319,115,4904,59661910,9441670,0.018199,2.57,154.96
1758300000000000001,1758290000000000001,1758280000000000001,2025-12-31,14932,94,8838,78433979,5252744,0.006295,0.4,50.66
1758300000000000002,1758290000000000001,1758280000000000001,2025-12-31,7204,83,4839,62359891,8656287,0.011521,0.39,28.81
1758300000000000003,1758290000000000002,1758280000000000002,2025-12-31,4405,101,3019,40137877,9111890,0.022928,3.63,316.39
1758300000000000004,1758290000000000003,1758280000000000002,2025-12-31,3795,61,2217,40315763,10623389,0.016074,1.4,174.63
1758300000000000005,1758290000000000004,1758280000000000003,2025-12-31,9495,148,7522,60340230,6354948,0.015587,1.56,177.91
1758300000000000006,1758290000000000005,1758280000000000004,2025-12-31,4613,111,2927,67544197,14642141,0.024062,2.09,169.18
1758300000000000007,1758290000000000005,1758280000000000004,2025-12-31,3847,91,2169,53136263,13812390,0.023655,1.81,229.11
1758300000000000001,1758290000000000001,1758280000000000001,2026-01-01,8495,66,5733,72968530,8589586,0.007769,0.31,28.45
1758300000000000002,1758290000000000001,1758280000000000001,2026-01-01,18071,168,12812,83304859,4609864,0.009297,0.71,92.35
1758300000000000003,1758290000000000002,1758280000000000002,2026-01-01,3507,54,2048,44061518,12563877,0.015398,1.16,87.34
1758300000000000004,1758290000000000003,1758280000000000002,2026-01-01,7290,208,4234,45237561,6205427,0.028532,5.82,482.13
1758300000000000005,1758290000000000004,1758280000000000003,2026-01-01,6896,67,4303,66974310,9712052,0.009716,0.87,88.64
1758300000000000006,1758290000000000005,1758280000000000004,2026-01-01,7909,196,5851,70764220,8947303,0.024782,5.19,560.41
1758300000000000007,1758290000000000005,1758280000000000004,2026-01-01,6841,165,4966,63184400,9236135,0.024119,3.08,219.62
1758300000000000001,1758290000000000001,1758280000000000001,2026-01-02,23749,227,16344,101243702,4263072,0.009558,1.06,138.6
1758300000000000002,1758290000000000001,1758280000000000001,2026-01-02,13770,163,8785,97294080,7065656,0.011837,0.58,27.68
1758300000000000003,1758290000000000002,1758280000000000002,2026-01-02,6500,107,5155,54741129,8421712,0.016462,3.0,266.08
1758300000000000004,1758290000000000003,1758280000000000002,2026-01-02,8902,254,6753,58709032,6595038,0.028533,5.58,537.78
1758300000000000005,1758290000000000004,1758280000000000003,2026-01-02,16253,250,9470,85087621,5235195,0.015382,2.16,293.64
1758300000000000006,1758290000000000005,1758280000000000004,2026-01-02,8803,119,6817,85353154,9695917,0.013518,3.25,431.9
1758300000000000007,1758290000000000005,1758280000000000004,2026-01-02,5658,79,3705,84822087,14991532,0.013963,1.75,102.94
1758300000000000001,1758290000000000001,1758280000000000001,2026-01-03,18142,161,11605,112550218,6203848,0.008874,0.77,51.64
1758300000000000002,1758290000000000001,1758280000000000001,2026-01-03,16901,166,10645,80097052,4739190,0.009822,0.54,24.85
1758300000000000003,1758290000000000002,1758280000000000002,2026-01-03,4410,68,3356,48951773,11100175,0.01542,2.19,137.15
1758300000000000004,1758290000000000003,1758280000000000002,2026-01-03,4792,102,3386,61132381,12757175,0.021285,3.89,498.62
1758300000000000005,1758290000000000004,1758280000000000003,2026-01-03,10786,166,7274,82563116,7654656,0.01539,1.41,65.4
1758300000000000006,1758290000000000005,1758280000000000004,2026-01-03,5322,79,2981,78214579,14696464,0.014844,2.21,163.9
1758300000000000007,1758290000000000005,1758280000000000004,2026-01-03,6353,86,4813,86911653,13680411,0.013537,1.51,114.03
1758300000000000001,1758290000000000001,1758280000000000001,2026-01-04,14106,114,8836,86776405,6151737,0.008082,0.5,33.36
1758300000000000002,1758290000000000001,1758280000000000001,2026-01-04,15216,171,8585,92147234,6055943,0.011238,0.6,69.64
1758300000000000003,1758290000000000002,1758280000000000002,2026-01-04,4300,108,2880,50906022,11838610,0.025116,3.0,164.86
1758300000000000004,1758290000000000003,1758280000000000002,2026-01-04,4657,135,3544,51336057,11023418,0.028989,5.21,590.15
1758300000000000005,1758290000000000004,1758280000000000003,2026-01-04,7075,79,4369,76681559,10838383,0.011166,0.97,95.38
1758300000000000006,1758290000000000005,1758280000000000004,2026-01-04,7424,183,4728,81494618,10977185,0.02465,5.23,613.13
1758300000000000007,1758290000000000005,1758280000000000004,2026-01-04,8883,150,4992,71868501,8090566,0.016886,4.06,304.97
1758300000000000001,1758290000000000001,1758280000000000001,2026-01-05,27852,210,19672,208775695,7495896,0.00754,0.93,120.63
1758300000000000002,1758290000000000001,1758280000000000001,2026-01-05,25769,221,14865,152123117,5903338,0.008576,0.69,41.7
1758300000000000003,1758290000000000002,1758280000000000002,2026-01-05,16800,503,9837,116577800,6939155,0.02994,11.84,1237.66
1758300000000000004,1758290000000000003,1758280000000000002,2026-01-05,11624,338,8310,89650093,7712499,0.029078,11.13,1336.24
1758300000000000005,1758290000000000004,1758280000000000003,2026-01-05,16481,160,10192,154670920,9384802,0.009708,1.95,89.69
1758300000000000006,1758290000000000005,1758280000000000004,2026-01-05,17501,449,13606,150150658,8579547,0.025656,10.61,798.57
1758300000000000007,1758290000000000005,1758280000000000004,2026-01-05,17006,335,9486,159191181,9360883,0.019699,9.26,1128.2
1758300000000000001,1758290000000000001,1758280000000000001,2026-01-06,33860,337,25493,190607234,5629274,0.009953,1.14,95.9
1758300000000000002,1758290000000000001,1758280000000000001,2026-01-06,20576,210,11766,134138032,6519150,0.010206,0.69,28.84
1758300000000000003,1758290000000000002,1758280000000000002,2026-01-06,12206,315,9327,92968303,7616607,0.025807,9.81,1358.76
1758300000000000004,1758290000000000003,1758280000000000002,2026-01-06,7379,127,5660,92600420,12549183,0.017211,3.31,351.71
1758300000000000005,1758290000000000004,1758280000000000003,2026-01-06,21892,352,17315,139176543,6357416,0.016079,4.19,504.17
1758300000000000006,1758290000000000005,1758280000000000004,2026-01-06,11213,281,7208,133638302,11918158,0.02506,4.82,303.1
1758300000000000007,1758290000000000005,1758280000000000004,2026-01-06,10405,155,5806,144714784,13908196,0.014897,3.89,221.82
1758300000000000001,1758290000000000001,1758280000000000001,2026-01-07,19388,161,15362,144430331,7449470,0.008304,0.59,66.05
1758300000000000002,1758290000000000001,1758280000000000001,2026-01-07,30194,167,20178,166189962,5504072,0.005531,0.74,37.95
1758300000000000003,1758290000000000002,1758280000000000002,2026-01-07,10105,206,7229,86482150,8558352,0.020386,5.41,625.77
1758300000000000004,1758290000000000003,1758280000000000002,2026-01-07,8039,183,6234,91015161,11321702,0.022764,6.8,304.88
1758300000000000005,1758290000000000004,1758280000000000003,2026-01-07,18763,314,13331,133122983,7094973,0.016735,3.46,313.85
1758300000000000006,1758290000000000005,1758280000000000004,2026-01-07,10902,200,8190,130582552,11977853,0.018345,5.07,572.15
1758300000000000007,1758290000000000005,1758280000000000004,2026-01-07,9730,192,6974,135663414,13942797,0.019733,3.51,237.85
1758300000000000001,1758290000000000001,1758280000000000001,2026-01-08,32883,198,19388,187059585,5688641,0.006021,0.61,52.15
1758300000000000002,1758290000000000001,1758280000000000001,2026-01-08,18229,167,12449,159665949,8758898,0.009161,0.85,74.95
1758300000000000003,1758290000000000002,1758280000000000002,2026-01-08,10697,294,8034,98786422,9234965,0.027484,8.73,687.65
1758300000000000004,1758290000000000003,1758280000000000002,2026-01-08,7974,209,4485,99342454,12458296,0.02621,5.03,647.16
1758300000000000005,1758290000000000004,1758280000000000003,2026-01-08,17267,228,10593,148596658,8605818,0.013204,1.98,84.2
1758300000000000006,1758290000000000005,1758280000000000004,2026-01-08,17470,419,13356,146895034,8408416,0.023984,6.53,613.01
1758300000000000007,1758290000000000005,1758280000000000004,2026-01-08,13746,185,9673,150298281,10933965,0.013458,4.18,318.06
1758300000000000001,1758290000000000001,1758280000000000001,2026-01-09,17165,158,10560,151955820,8852655,0.009205,0.7,76.33
1758300000000000002,1758290000000000001,1758280000000000001,2026-01-09,19864,125,10968,167996352,8457327,0.006293,0.36,38.01
1758300000000000003,1758290000000000002,1758280000000000002,2026-01-09,7962,183,5370,92825780,11658601,0.022984,6.12,344.7
1758300000000000004,1758290000000000003,1758280000000000002,2026-01-09,8099,153,5135,90004033,11112981,0.018891,3.58,341.47
1758300000000000006,1758290000000000005,1758280000000000004,2026-01-09,12592,275,6979,149229753,11851156,0.021839,7.54,491.26
1758300000000000007,1758290000000000005,1758280000000000004,2026-01-09,17534,274,10961,125014966,7129860,0.015627,6.68,719.53
1758300000000000002,1758290000000000001,1758280000000000001,2026-01-10,18478,169,10596,165174306,8938971,0.009146,0.66,42.97
1758300000000000003,1758290000000000002,1758280000000000002,2026-01-10,8377,155,5261,101004625,12057374,0.018503,3.27,384.22
1758300000000000005,1758290000000000004,1758280000000000003,2026-01-10,16093,141,10786,151748563,9429476,0.008762,1.67,166.16
1758300000000000006,1758290000000000005,1758280000000000004,2026-01-10,15062,258,11138,141162276,9372080,0.017129,6.97,819.75
1758300000000000001,1758290000000000001,1758280000000000001,2026-01-11,23175,210,18273,169061594,7294999,0.009061,1.04,120.87
1758300000000000002,1758290000000000001,1758280000000000001,2026-01-11,39828,218,23170,168611160,4233483,0.005474,0.83,96.67
1758300000000000004,1758290000000000003,1758280000000000002,2026-01-11,8957,168,5666,99030846,11056252,0.018756,4.98,214.06
1758300000000000005,1758290000000000004,1758280000000000003,2026-01-11,16842,281,13052,144716895,8592619,0.016684,3.21,307.01
1758300000000000006,1758290000000000005,1758280000000000004,2026-01-11,12905,290,10107,153027821,11858026,0.022472,7.79,676.12
1758300000000000007,1758290000000000005,1758280000000000004,2026-01-11,12772,216,9522,136405968,10680079,0.016912,6.13,254.14
1758300000000000001,1758290000000000001,1758280000000000001,2026-01-12,29221,312,17463,135883093,4650186,0.010677,1.21,145.57
1758300000000000002,1758290000000000001,1758280000000000001,2026-01-12,13150,145,10484,107762475,8194865,0.011027,0.52,27.6
1758300000000000003,1758290000000000002,1758280000000000002,2026-01-12,7566,133,5991,68256341,9021457,0.017579,4.42,448.16
1758300000000000004,1758290000000000003,1758280000000000002,2026-01-12,6595,175,3866,70969698,10761137,0.026535,5.26,297.36
1758300000000000005,1758290000000000004,1758280000000000003,2026-01-12,19638,337,13796,104419529,5317218,0.017161,2.51,181.48
1758300000000000006,1758290000000000005,1758280000000000004,2026-01-12,12632,308,9425,108575635,8595285,0.024383,5.49,347.35
1758300000000000007,1758290000000000005,1758280000000000004,2026-01-12,10060,154,6506,100263424,9966543,0.015308,2.68,190.6
1758300000000000001,1758290000000000001,1758280000000000001,2026-01-13,14892,118,11720,107788338,7238003,0.007924,0.45,37.68
1758300000000000002,1758290000000000001,1758280000000000001,2026-01-13,21756,174,13011,116968093,5376360,0.007998,0.71,70.9
1758300000000000003,1758290000000000002,1758280000000000002,2026-01-13,7655,128,4357,62633326,8182015,0.016721,4.35,577.78
1758300000000000004,1758290000000000003,1758280000000000002,2026-01-13,6660,123,4294,65798921,9879718,0.018468,3.83,358.67
1758300000000000005,1758290000000000004,1758280000000000003,2026-01-13,10046,121,7367,96324185,9588312,0.012045,0.86,57.26
1758300000000000006,1758290000000000005,1758280000000000004,2026-01-13,9471,149,6601,108373410,11442658,0.015732,3.21,336.09
1758300000000000007,1758290000000000005,1758280000000000004,2026-01-13,8561,119,6142,84274960,9844056,0.0139,2.44,320.03
1758300000000000001,1758290000000000001,1758280000000000001,2026-01-14,16416,167,10230,134957766,8221111,0.010173,0.86,76.78
1758300000000000002,1758290000000000001,1758280000000000001,2026-01-14,27190,179,16038,143535725,5278990,0.006583,0.78,96.95
1758300000000000003,1758290000000000002,1758280000000000002,2026-01-14,6670,124,4252,82414772,12356038,0.018591,3.9,363.05
1758300000000000004,1758290000000000003,1758280000000000002,2026-01-14,5943,107,4091,76724366,12910040,0.018004,3.71,247.95
1758300000000000005,1758290000000000004,1758280000000000003,2026-01-14,12680,132,7122,119354353,9412804,0.01041,1.56,106.84
1758300000000000006,1758290000000000005,1758280000000000004,2026-01-14,12403,260,7123,122536017,9879547,0.020963,4.93,292.15
1758300000000000007,1758290000000000005,1758280000000000004,2026-01-14,9208,189,7109,116172690,12616495,0.020526,3.92,301.55
1758300000000000001,1758290000000000001,1758280000000000001,2026-01-15,10349,121,6563,92932428,8979846,0.011692,0.47,62.82
1758300000000000002,1758290000000000001,1758280000000000001,2026-01-15,14758,168,10958,119173436,8075175,0.011384,0.79,91.0
1758300000000000003,1758290000000000002,1758280000000000002,2026-01-15,8866,247,5593,66923542,7548335,0.027859,8.84,1065.77
1758300000000000004,1758290000000000003,1758280000000000002,2026-01-15,5288,155,4009,54279809,10264714,0.029312,3.98,341.81
1758300000000000005,1758290000000000004,1758280000000000003,2026-01-15,10253,159,6640,90902513,8865943,0.015508,1.33,79.31
1758300000000000006,1758290000000000005,1758280000000000004,2026-01-15,11085,214,7091,79849768,7203407,0.019305,3.37,143.79
1758300000000000007,1758290000000000005,1758280000000000004,2026-01-15,8426,118,5609,101955258,12100078,0.014004,2.7,225.46
1758300000000000001,1758290000000000001,1758280000000000001,2026-01-16,31375,261,19875,130801661,4168977,0.008319,1.08,54.69
1758300000000000002,1758290000000000001,1758280000000000001,2026-01-16,19991,228,12097,126988869,6352302,0.011405,1.15,87.15
1758300000000000003,1758290000000000002,1758280000000000002,2026-01-16,10514,268,6629,81256450,7728405,0.02549,6.47,779.66
1758300000000000004,1758290000000000003,1758280000000000002,2026-01-16,6488,151,3788,66052424,10180707,0.023274,3.6,209.48
1758300000000000005,1758290000000000004,1758280000000000003,2026-01-16,10911,180,6876,110481656,10125713,0.016497,2.19,178.64
1758300000000000006,1758290000000000005,1758280000000000004,2026-01-16,9482,163,7297,111027211,11709261,0.01719,3.14,325.2
1758300000000000007,1758290000000000005,1758280000000000004,2026-01-16,8958,217,5816,109936101,12272394,0.024224,4.9,449.22
1758300000000000001,1758290000000000001,1758280000000000001,2026-01-17,20573,162,14700,155631311,7564833,0.007874,0.61,55.59
1758300000000000002,1758290000000000001,1758280000000000001,2026-01-17,31509,318,21274,130245316,4133591,0.010092,0.92,105.81
1758300000000000003,1758290000000000002,1758280000000000002,2026-01-17,10130,251,6777,76250200,7527167,0.024778,8.74,832.23
1758300000000000004,1758290000000000003,1758280000000000002,2026-01-17,10743,286,6695,87107872,8108338,0.026622,9.01,559.62
1758300000000000005,1758290000000000004,1758280000000000003,2026-01-17,12681,181,9840,122518554,9661585,0.014273,2.25,151.75
1758300000000000006,1758290000000000005,1758280000000000004,2026-01-17,16727,285,11147,135905839,8124938,0.017038,7.16,358.95
1758300000000000007,1758290000000000005,1758280000000000004,2026-01-17,10835,274,6868,109131270,10072106,0.025288,5.53,408.99
1758300000000000001,1758290000000000001,1758280000000000001,2026-01-18,13795,79,9216,116780186,8465399,0.005727,0.35,27.95
1758300000000000002,1758290000000000001,1758280000000000001,2026-01-18,17752,159,12044,130365865,7343728,0.008957,0.63,36.86
1758300000000000003,1758290000000000002,1758280000000000002,2026-01-18,8917,259,5447,77165219,8653720,0.029046,7.93,704.28
1758300000000000004,1758290000000000003,1758280000000000002,2026-01-18,6559,194,5147,64061096,9766900,0.029578,6.28,261.73
1758300000000000005,1758290000000000004,1758280000000000003,2026-01-18,11576,155,7354,105919736,9149943,0.01339,1.39,150.36
1758300000000000006,1758290000000000005,1758280000000000004,2026-01-18,7587,133,5279,98531344,12986865,0.01753,3.66,337.55
1758300000000000007,1758290000000000005,1758280000000000004,2026-01-18,7680,166,5414,113308129,14753663,0.021615,3.64,385.4
1758300000000000001,1758290000000000001,1758280000000000001,2026-01-19,14005,110,8156,114979050,8209857,0.007854,0.56,59.02
1758300000000000002,1758290000000000001,1758280000000000001,2026-01-19,36257,239,28647,157207566,4335923,0.006592,0.84,102.93
1758300000000000003,1758290000000000002,1758280000000000002,2026-01-19,7902,213,5145,69349812,8776235,0.026955,8.0,960.0
1758300000000000004,1758290000000000003,1758280000000000002,2026-01-19,10448,295,6593,86185398,8248985,0.028235,9.47,463.63
1758300000000000005,1758290000000000004,1758280000000000003,2026-01-19,15268,173,9559,116651407,7640255,0.011331,2.14,96.31
1758300000000000007,1758290000000000005,1758280000000000004,2026-01-19,14143,220,8008,120964221,8552939,0.015555,3.88,374.2
1758300000000000001,1758290000000000001,1758280000000000001,2026-01-20,23280,149,16846,126854655,5449083,0.0064,0.65,44.35
1758300000000000002,1758290000000000001,1758280000000000001,2026-01-20,23088,253,17702,138543962,6000691,0.010958,1.09,102.16
1758300000000000003,1758290000000000002,1758280000000000002,2026-01-20,6842,138,5383,68513870,10013720,0.02017,4.36,189.79
1758300000000000004,1758290000000000003,1758280000000000002,2026-01-20,6928,152,4066,83142482,12000936,0.02194,4.06,554.36
1758300000000000005,1758290000000000004,1758280000000000003,2026-01-20,16720,276,12920,113742264,6802767,0.016507,2.66,129.84
1758300000000000006,1758290000000000005,1758280000000000004,2026-01-20,8610,209,6152,128156779,14884643,0.024274,4.8,378.08
1758300000000000007,1758290000000000005,1758280000000000004,2026-01-20,8842,149,6596,99327749,11233629,0.016851,3.14,355.72
1758300000000000002,1758290000000000001,1758280000000000001,2026-01-21,21166,176,14966,143288216,6769735,0.008315,0.59,28.84
1758300000000000003,1758290000000000002,1758280000000000002,2026-01-21,11177,213,8619,83896757,7506196,0.019057,7.47,593.75
1758300000000000004,1758290000000000003,1758280000000000002,2026-01-21,6552,179,4531,75847540,11576242,0.02732,6.59,687.6
1758300000000000005,1758290000000000004,1758280000000000003,2026-01-21,11849,107,8184,119808222,10111252,0.00903,0.82,50.13
1758300000000000006,1758290000000000005,1758280000000000004,2026-01-21,13713,199,8552,123595665,9013029,0.014512,4.51,424.96
1758300000000000007,1758290000000000005,1758280000000000004,2026-01-21,9414,222,5375,116020779,12324281,0.023582,5.31,463.86
1758300000000000001,1758290000000000001,1758280000000000001,2026-01-22,15366,176,11634,137324253,8936890,0.011454,0.89,96.4
1758300000000000002,1758290000000000001,1758280000000000001,2026-01-22,20586,192,12359,164355457,7983846,0.009327,0.73,90.46
1758300000000000003,1758290000000000002,1758280000000000002,2026-01-22,7853,167,4546,96942072,12344591,0.021266,3.53,219.89
1758300000000000004,1758290000000000003,1758280000000000002,2026-01-22,6318,153,4873,75446334,11941490,0.024217,5.5,392.71
1758300000000000005,1758290000000000004,1758280000000000003,2026-01-22,13841,229,10095,129291304,9341182,0.016545,2.76,192.09
1758300000000000006,1758290000000000005,1758280000000000004,2026-01-22,10703,264,8316,135060740,12618961,0.024666,6.13,251.13
1758300000000000007,1758290000000000005,1758280000000000004,2026-01-22,10724,212,6275,123521868,11518264,0.019769,4.74,488.13
1758300000000000001,1758290000000000001,1758280000000000001,2026-01-23,21372,243,15449,144213148,6747761,0.01137,0.98,113.95
1758300000000000002,1758290000000000001,1758280000000000001,2026-01-23,25545,188,16974,135396400,5300309,0.00736,0.86,88.12
1758300000000000003,1758290000000000002,1758280000000000002,2026-01-23,6939,184,5438,82554189,11897131,0.026517,5.25,556.03
1758300000000000004,1758290000000000003,1758280000000000002,2026-01-23,8219,186,4918,77222695,9395631,0.02263,6.05,549.76
1758300000000000005,1758290000000000004,1758280000000000003,2026-01-23,12518,119,9062,119832663,9572828,0.009506,1.51,171.68
1758300000000000006,1758290000000000005,1758280000000000004,2026-01-23,7852,187,5369,105945367,13492787,0.023816,5.07,334.73
1758300000000000007,1758290000000000005,1758280000000000004,2026-01-23,9483,126,6477,133719960,14101019,0.013287,2.18,171.47
1758300000000000001,1758290000000000001,1758280000000000001,2026-01-24,15560,186,12138,117599517,7557810,0.011954,0.77,60.45
1758300000000000002,1758290000000000001,1758280000000000001,2026-01-24,18548,209,13540,123273330,6646179,0.011268,0.63,32.87
1758300000000000003,1758290000000000002,1758280000000000002,2026-01-24,5915,121,3425,66728501,11281234,0.020456,3.46,271.04
1758300000000000004,1758290000000000003,1758280000000000002,2026-01-24,9041,161,5019,70913125,7843505,0.017808,4.5,346.89
1758300000000000005,1758290000000000004,1758280000000000003,2026-01-24,10076,146,7555,103231220,10245258,0.01449,1.56,177.64
1758300000000000006,1758290000000000005,1758280000000000004,2026-01-24,6560,115,5228,85632919,13053799,0.01753,2.12,212.74
1758300000000000007,1758290000000000005,1758280000000000004,2026-01-24,11846,234,6667,120829521,10200027,0.019754,5.3,381.74
1758300000000000001,1758290000000000001,1758280000000000001,2026-01-25,30950,268,24045,141358317,4567312,0.008659,1.05,123.49
1758300000000000002,1758290000000000001,1758280000000000001,2026-01-25,24144,253,18236,132578910,5491174,0.010479,0.72,44.02
1758300000000000003,1758290000000000002,1758280000000000002,2026-01-25,12130,285,7624,81329081,6704788,0.023495,6.69,409.01
1758300000000000004,1758290000000000003,1758280000000000002,2026-01-25,8689,183,4785,75206477,8655366,0.021061,4.49,469.6
1758300000000000005,1758290000000000004,1758280000000000003,2026-01-25,15068,248,11896,117401669,7791457,0.016459,1.83,85.05
1758300000000000006,1758290000000000005,1758280000000000004,2026-01-25,9138,188,5922,119178651,13042094,0.020573,4.45,493.34
1758300000000000007,1758290000000000005,1758280000000000004,2026-01-25,16217,217,10636,115624686,7129844,0.013381,4.99,597.63
1758300000000000001,1758290000000000001,1758280000000000001,2026-01-26,17413,110,12600,112499074,6460637,0.006317,0.4,29.39
1758300000000000002,1758290000000000001,1758280000000000001,2026-01-26,26316,193,19327,135901512,5164216,0.007334,0.9,115.31
1758300000000000004,1758290000000000003,1758280000000000002,2026-01-26,8272,149,4622,60332104,7293533,0.018013,3.42,288.02
1758300000000000005,1758290000000000004,1758280000000000003,2026-01-26,12128,210,9310,106457394,8777819,0.017315,2.04,131.83
1758300000000000007,1758290000000000005,1758280000000000004,2026-01-26,8483,130,6417,109688085,12930341,0.015325,2.28,103.2
1758300000000000001,1758290000000000001,1758280000000000001,2026-01-27,26158,248,15077,172763049,6604597,0.009481,1.21,115.26
1758300000000000002,1758290000000000001,1758280000000000001,2026-01-27,37962,229,28009,180643267,4758529,0.006032,0.8,91.09
1758300000000000003,1758290000000000002,1758280000000000002,2026-01-27,7563,174,5950,91759670,12132708,0.023007,6.46,685.01
1758300000000000004,1758290000000000003,1758280000000000002,2026-01-27,9116,249,5409,110186796,12087187,0.027315,6.04,313.02
1758300000000000005,1758290000000000004,1758280000000000003,2026-01-27,17581,293,11859,151459849,8614973,0.016666,2.31,163.41
1758300000000000006,1758290000000000005,1758280000000000004,2026-01-27,10592,253,5857,148820468,14050271,0.023886,6.23,824.98
1758300000000000007,1758290000000000005,1758280000000000004,2026-01-27,14580,291,10437,154099231,10569220,0.019959,4.75,225.77
1758300000000000001,1758290000000000001,1758280000000000001,2026-01-28,14957,164,8337,124350424,8313861,0.010965,0.82,59.45
1758300000000000002,1758290000000000001,1758280000000000001,2026-01-28,14526,111,11193,128025580,8813547,0.007641,0.47,43.59
1758300000000000003,1758290000000000002,1758280000000000002,2026-01-28,6307,111,4280,77809646,12337030,0.017599,3.32,148.54
1758300000000000004,1758290000000000003,1758280000000000002,2026-01-28,5227,132,3277,66405213,12704269,0.025253,5.01,486.62
1758300000000000005,1758290000000000004,1758280000000000003,2026-01-28,18184,255,11049,108161144,5948149,0.014023,3.02,377.88
1758300000000000006,1758290000000000005,1758280000000000004,2026-01-28,13709,285,8406,98803461,7207197,0.020789,5.6,608.26
1758300000000000007,1758290000000000005,1758280000000000004,2026-01-28,8035,136,4532,117518828,14625865,0.016926,2.89,287.73
1758300000000000001,1758290000000000001,1758280000000000001,2026-01-29,20351,229,13912,116625433,5730698,0.011253,0.65,32.28
1758300000000000002,1758290000000000001,1758280000000000001,2026-01-29,35444,249,27962,146165616,4123847,0.007025,1.16,102.03
1758300000000000003,1758290000000000002,1758280000000000002,2026-01-29,7412,200,5667,68178684,9198419,0.026983,7.42,821.89
1758300000000000004,1758290000000000003,1758280000000000002,2026-01-29,6403,185,4766,81987629,12804565,0.028893,4.05,368.25
1758300000000000005,1758290000000000004,1758280000000000003,2026-01-29,12301,212,9650,112624735,9155738,0.017234,1.84,74.42
1758300000000000006,1758290000000000005,1758280000000000004,2026-01-29,9286,121,5893,103254817,11119407,0.01303,2.91,152.68
1758300000000000007,1758290000000000005,1758280000000000004,2026-01-29,8702,126,5761,121994653,14019151,0.014479,3.35,438.93
1758300000000000001,1758290000000000001,1758280000000000001,2026-01-30,25929,136,16589,114600635,4419786,0.005245,0.57,50.71
1758300000000000002,1758290000000000001,1758280000000000001,2026-01-30,14503,156,11507,114303868,7881395,0.010756,0.63,86.09
1758300000000000003,1758290000000000002,1758280000000000002,2026-01-30,10066,254,6150,69755599,6929823,0.025233,7.94,488.2
1758300000000000004,1758290000000000003,1758280000000000002,2026-01-30,7716,198,5093,61046974,7911738,0.025661,6.87,279.72
1758300000000000005,1758290000000000004,1758280000000000003,2026-01-30,10953,93,7827,98101930,8956626,0.008491,0.91,101.4
1758300000000000006,1758290000000000005,1758280000000000004,2026-01-30,12759,306,9229,107481580,8423982,0.023983,8.02,1087.64
1758300000000000007,1758290000000000005,1758280000000000004,2026-01-30,10523,167,6219,88722280,8431272,0.01587,2.89,201.11
1758300000000000001,1758290000000000001,1758280000000000001,2026-01-31,19309,188,12300,152882274,7917669,0.009736,0.91,63.86
1758300000000000002,1758290000000000001,1758280000000000001,2026-01-31,22862,169,15825,139226631,6089871,0.007392,0.64,79.33
1758300000000000003,1758290000000000002,1758280000000000002,2026-01-31,10788,252,6172,79346182,7355041,0.023359,5.87,391.52
1758300000000000004,1758290000000000003,1758280000000000002,2026-01-31,9742,256,6775,87573192,8989242,0.026278,9.66,1278.75
1758300000000000005,1758290000000000004,1758280000000000003,2026-01-31,15792,266,12598,125189531,7927402,0.016844,3.14,238.47
1758300000000000006,1758290000000000005,1758280000000000004,2026-01-31,7693,140,5472,115096733,14961229,0.018198,3.32,449.29
1758300000000000007,1758290000000000005,1758280000000000004,2026-01-31,14649,343,8383,135282328,9234919,0.023415,6.56,721.23
1758300000000000001,1758290000000000001,1758280000000000001,2026-02-01,13920,78,7716,112411500,8075539,0.005603,0.23,30.83
1758300000000000002,1758290000000000001,1758280000000000001,2026-02-01,34191,329,20239,138131985,4040010,0.009622,1.31,122.46
1758300000000000003,1758290000000000002,1758280000000000002,2026-02-01,5708,158,3248,71170481,12468550,0.02768,3.59,250.11
1758300000000000004,1758290000000000003,1758280000000000002,2026-02-01,11299,223,8069,71997224,6372000,0.019736,7.45,946.79
1758300000000000005,1758290000000000004,1758280000000000003,2026-02-01,18810,332,10628,107375779,5708441,0.01765,3.34,197.24
1758300000000000006,1758290000000000005,1758280000000000004,2026-02-01,12992,273,7331,100968353,7771579,0.021013,7.21,398.86
1758300000000000007,1758290000000000005,1758280000000000004,2026-02-01,9845,197,6536,113783205,11557461,0.02001,4.45,430.6
1758300000000000001,1758290000000000001,1758280000000000001,2026-02-02,22804,188,17302,135060168,5922653,0.008244,0.71,98.71
1758300000000000002,1758290000000000001,1758280000000000001,2026-02-02,23171,224,12974,104001837,4488448,0.009667,0.86,46.49
1758300000000000003,1758290000000000002,1758280000000000002,2026-02-02,5752,105,4335,65379482,11366391,0.018255,3.41,244.34
1758300000000000005,1758290000000000004,1758280000000000003,2026-02-02,13705,128,9335,102455145,7475749,0.00934,1.54,212.79
1758300000000000006,1758290000000000005,1758280000000000004,2026-02-02,8725,213,4920,116280928,13327327,0.024413,4.36,390.38
1758300000000000007,1758290000000000005,1758280000000000004,2026-02-02,6292,147,4939,88629362,14086040,0.023363,4.05,293.58
1758300000000000001,1758290000000000001,1758280000000000001,2026-02-03,9873,75,7613,79791953,8081835,0.007596,0.31,29.28
1758300000000000002,1758290000000000001,1758280000000000001,2026-02-03,14596,122,10454,64114557,4392611,0.008358,0.63,28.09
1758300000000000003,1758290000000000002,1758280000000000002,2026-02-03,5941,148,4591,39475406,6644573,0.024912,3.93,196.88
1758300000000000004,1758290000000000003,1758280000000000002,2026-02-03,4188,90,2913,42756886,10209381,0.02149,2.44,246.63
1758300000000000005,1758290000000000004,1758280000000000003,2026-02-03,7732,72,4284,61674219,7976490,0.009312,0.63,55.28
1758300000000000006,1758290000000000005,1758280000000000004,2026-02-03,4354,58,3136,53977689,12397264,0.013321,1.19,69.05
1758300000000000007,1758290000000000005,1758280000000000004,2026-02-03,4653,101,2885,69370748,14908822,0.021706,2.74,352.55
1758300000000000001,1758290000000000001,1758280000000000001,2026-02-04,12764,124,10119,111099912,8704161,0.009715,0.44,36.26
1758300000000000002,1758290000000000001,1758280000000000001,2026-02-04,21592,236,16646,140654276,6514185,0.01093,0.99,67.6
1758300000000000004,1758290000000000003,1758280000000000002,2026-02-04,7552,127,5234,67702232,8964808,0.016817,3.26,418.48
1758300000000000006,1758290000000000005,1758280000000000004,2026-02-04,7083,93,4074,105973488,14961667,0.01313,2.2,99.46
1758300000000000007,1758290000000000005,1758280000000000004,2026-02-04,14990,265,8406,109815816,7325938,0.017678,4.89,345.36
1758300000000000001,1758290000000000001,1758280000000000001,2026-02-05,19915,184,15449,114743647,5761669,0.009239,0.73,36.35
1758300000000000002,1758290000000000001,1758280000000000001,2026-02-05,14378,106,9061,105226675,7318589,0.007372,0.47,31.46
1758300000000000003,1758290000000000002,1758280000000000002,2026-02-05,10209,247,5934,72247704,7076864,0.024194,8.26,383.12
1758300000000000004,1758290000000000003,1758280000000000002,2026-02-05,6270,104,4503,53449623,8524661,0.016587,2.89,314.21
1758300000000000005,1758290000000000004,1758280000000000003,2026-02-05,15315,159,8713,94272995,6155599,0.010382,1.85,244.46
1758300000000000006,1758290000000000005,1758280000000000004,2026-02-05,8617,180,5106,105684424,12264642,0.020889,4.31,179.89
1758300000000000007,1758290000000000005,1758280000000000004,2026-02-05,7779,191,5332,82861566,10651956,0.024553,3.24,321.97
1758300000000000001,1758290000000000001,1758280000000000001,2026-02-06,17912,146,10254,85697534,4784364,0.008151,0.74,80.62
1758300000000000002,1758290000000000001,1758280000000000001,2026-02-06,13447,111,10472,84616833,6292618,0.008255,0.34,32.02
1758300000000000003,1758290000000000002,1758280000000000002,2026-02-06,6568,134,5107,48511485,7386036,0.020402,3.58,177.55
1758300000000000004,1758290000000000003,1758280000000000002,2026-02-06,7485,115,5758,48811010,6521177,0.015364,3.24,403.91
1758300000000000005,1758290000000000004,1758280000000000003,2026-02-06,6980,95,3932,72991872,10457288,0.01361,0.67,42.79
1758300000000000006,1758290000000000005,1758280000000000004,2026-02-06,4921,99,3466,64352823,13077184,0.020118,2.11,104.38
1758300000000000007,1758290000000000005,1758280000000000004,2026-02-06,10222,167,7160,81630920,7985807,0.016337,3.94,348.52
1758300000000000001,1758290000000000001,1758280000000000001,2026-02-07,9560,109,5903,82491699,8628839,0.011402,0.35,22.88
1758300000000000002,1758290000000000001,1758280000000000001,2026-02-07,9133,84,7274,77156362,8448085,0.009197,0.42,40.27
1758300000000000003,1758290000000000002,1758280000000000002,2026-02-07,3786,82,2987,46873706,12380799,0.021659,2.99,132.98
1758300000000000004,1758290000000000003,1758280000000000002,2026-02-07,6209,148,4208,44353758,7143462,0.023836,5.63,698.23
1758300000000000005,1758290000000000004,1758280000000000003,2026-02-07,12041,167,8907,68420598,5682302,0.013869,2.04,252.35
1758300000000000006,1758290000000000005,1758280000000000004,2026-02-07,5384,136,4017,65796551,12220756,0.02526,2.32,115.33
1758300000000000007,1758290000000000005,1758280000000000004,2026-02-07,5983,154,4362,71044645,11874418,0.02574,2.91,309.39
1758300000000000001,1758290000000000001,1758280000000000001,2026-02-08,11413,67,8067,88186256,7726825,0.00587,0.25,20.99
1758300000000000002,1758290000000000001,1758280000000000001,2026-02-08,18721,138,12064,122114299,6522851,0.007371,0.49,42.83
1758300000000000003,1758290000000000002,1758280000000000002,2026-02-08,5701,167,3303,56527610,9915385,0.029293,4.29,515.22
1758300000000000005,1758290000000000004,1758280000000000003,2026-02-08,8933,77,5962,90128809,10089422,0.00862,0.89,52.38
1758300000000000006,1758290000000000005,1758280000000000004,2026-02-08,9865,211,6836,91440943,9269229,0.021389,4.81,295.49
1758300000000000007,1758290000000000005,1758280000000000004,2026-02-08,9297,184,6330,88816676,9553262,0.019791,3.26,316.62
1758300000000000001,1758290000000000001,1758280000000000001,2026-02-09,8372,66,6411,70028755,8364639,0.007883,0.26,17.56
1758300000000000002,1758290000000000001,1758280000000000001,2026-02-09,9796,89,7519,56555268,5773302,0.009085,0.44,57.36
1758300000000000003,1758290000000000002,1758280000000000002,2026-02-09,3491,76,2669,37639044,10781737,0.02177,2.28,243.13
1758300000000000004,1758290000000000003,1758280000000000002,2026-02-09,5464,86,4361,34694684,6349686,0.015739,2.6,226.91
1758300000000000005,1758290000000000004,1758280000000000003,2026-02-09,7289,110,5379,54250296,7442763,0.015091,1.08,53.35
1758300000000000006,1758290000000000005,1758280000000000004,2026-02-09,3804,80,3025,47862130,12582053,0.02103,1.24,151.82
1758300000000000007,1758290000000000005,1758280000000000004,2026-02-09,6717,127,4948,60638461,9027611,0.018907,3.44,370.37
1758300000000000001,1758290000000000001,1758280000000000001,2026-02-10,10849,94,7122,78798132,7263170,0.008664,0.43,30.96
1758300000000000002,1758290000000000001,1758280000000000001,2026-02-10,20713,166,13994,83276627,4020501,0.008014,0.66,89.5
1758300000000000003,1758290000000000002,1758280000000000002,2026-02-10,5324,111,3038,48873358,9179819,0.020849,3.73,274.62
1758300000000000004,1758290000000000003,1758280000000000002,2026-02-10,3461,84,2756,43740789,12638194,0.02427,2.8,329.21
1758300000000000005,1758290000000000004,1758280000000000003,2026-02-10,7023,82,4856,69460611,9890447,0.011676,0.63,79.6
1758300000000000006,1758290000000000005,1758280000000000004,2026-02-10,4684,104,3453,64407521,13750538,0.022203,2.17,105.63
1758300000000000007,1758290000000000005,1758280000000000004,2026-02-10,6807,95,5285,74513701,10946629,0.013956,2.59,317.43
1758300000000000001,1758290000000000001,1758280000000000001,2026-02-11,19138,188,13725,96614622,5048313,0.009823,0.79,108.18
1758300000000000002,1758290000000000001,1758280000000000001,2026-02-11,9964,108,5588,87294590,8760999,0.010839,0.32,16.38
1758300000000000003,1758290000000000002,1758280000000000002,2026-02-11,5295,87,3250,59253491,11190461,0.016431,2.61,322.33
1758300000000000004,1758290000000000003,1758280000000000002,2026-02-11,5287,113,3397,45837487,8669848,0.021373,4.16,361.08
1758300000000000005,1758290000000000004,1758280000000000003,2026-02-11,14768,260,11463,78818234,5337096,0.017606,2.84,311.63
1758300000000000006,1758290000000000005,1758280000000000004,2026-02-11,8842,193,6503,70783410,8005362,0.021828,2.98,298.56
1758300000000000007,1758290000000000005,1758280000000000004,2026-02-11,12143,286,9245,86853058,7152521,0.023553,5.15,257.23
1758300000000000001,1758290000000000001,1758280000000000001,2026-02-12,14922,86,9509,71804221,4811970,0.005763,0.42,46.24
1758300000000000002,1758290000000000001,1758280000000000001,2026-02-12,11293,85,6521,80284647,7109240,0.007527,0.35,30.87
1758300000000000003,1758290000000000002,1758280000000000002,2026-02-12,6752,113,5360,44493735,6589712,0.016736,2.97,135.51
1758300000000000004,1758290000000000003,1758280000000000002,2026-02-12,3702,78,2438,42414189,11457101,0.02107,2.05,271.5
1758300000000000005,1758290000000000004,1758280000000000003,2026-02-12,9271,119,6467,65180943,7030627,0.012836,1.02,98.4
1758300000000000006,1758290000000000005,1758280000000000004,2026-02-12,6808,127,4339,66081105,9706390,0.018655,3.38,249.01
1758300000000000007,1758290000000000005,1758280000000000004,2026-02-12,5958,122,3725,64280781,10788986,0.020477,2.0,215.47
1758300000000000001,1758290000000000001,1758280000000000001,2026-02-13,24323,256,15582,115910806,4765481,0.010525,1.26,162.0
1758300000000000002,1758290000000000001,1758280000000000001,2026-02-13,14973,135,10795,111022144,7414823,0.009016,0.48,58.25
1758300000000000003,1758290000000000002,1758280000000000002,2026-02-13,5361,121,2950,65568282,12230607,0.02257,4.63,536.21
1758300000000000004,1758290000000000003,1758280000000000002,2026-02-13,5133,150,3673,64107690,12489322,0.029223,4.79,642.14
1758300000000000005,1758290000000000004,1758280000000000003,2026-02-13,9507,110,7372,97256979,10230039,0.01157,1.1,111.52
1758300000000000006,1758290000000000005,1758280000000000004,2026-02-13,8190,204,6467,102519402,12517632,0.024908,3.21,274.4
1758300000000000007,1758290000000000005,1758280000000000004,2026-02-13,6369,145,4964,91994555,14444113,0.022767,2.62,332.54
1758300000000000001,1758290000000000001,1758280000000000001,2026-02-14,9499,91,7017,74072368,7797912,0.00958,0.31,21.64
1758300000000000002,1758290000000000001,1758280000000000001,2026-02-14,13734,111,7953,81744791,5952002,0.008082,0.38,19.43
1758300000000000003,1758290000000000002,1758280000000000002,2026-02-14,6993,170,5084,42336482,6054123,0.02431,4.25,444.55
1758300000000000004,1758290000000000003,1758280000000000002,2026-02-14,3803,66,2491,46701894,12280277,0.017355,1.46,58.8
1758300000000000005,1758290000000000004,1758280000000000003,2026-02-14,10826,127,8493,66778782,6168371,0.011731,1.19,79.75
1758300000000000006,1758290000000000005,1758280000000000004,2026-02-14,6275,146,4862,74229462,11829396,0.023267,3.83,534.01
1758300000000000007,1758290000000000005,1758280000000000004,2026-02-14,6277,149,4172,59328103,9451665,0.023737,3.51,160.31
1758300000000000001,1758290000000000001,1758280000000000001,2026-02-15,11298,81,6909,82062013,7263411,0.007169,0.37,45.53
1758300000000000002,1758290000000000001,1758280000000000001,2026-02-15,13232,81,7855,82567454,6239983,0.006122,0.37,49.09
1758300000000000003,1758290000000000002,1758280000000000002,2026-02-15,4602,121,3508,49758196,10812298,0.026293,2.99,258.91
1758300000000000004,1758290000000000003,1758280000000000002,2026-02-15,3916,90,2470,44315785,11316595,0.022983,2.17,235.8
1758300000000000005,1758290000000000004,1758280000000000003,2026-02-15,10296,127,7283,70555486,6852708,0.012335,1.03,100.34
1758300000000000006,1758290000000000005,1758280000000000004,2026-02-15,5641,106,4065,68466373,12137276,0.018791,2.27,136.37
1758300000000000007,1758290000000000005,1758280000000000004,2026-02-15,10266,193,6114,72644598,7076232,0.0188,5.03,488.47
1758300000000000001,1758290000000000001,1758280000000000001,2026-02-16,13745,148,9831,90503249,6584449,0.010768,0.62,49.86
1758300000000000002,1758290000000000001,1758280000000000001,2026-02-16,19023,220,15085,80815372,4248298,0.011565,0.63,57.93
1758300000000000003,1758290000000000002,1758280000000000002,2026-02-16,7402,160,5083,47205157,6377352,0.021616,4.36,430.01
1758300000000000004,1758290000000000003,1758280000000000002,2026-02-16,4777,133,3455,50691197,10611513,0.027842,3.77,277.05
1758300000000000005,1758290000000000004,1758280000000000003,2026-02-16,6905,69,4296,73422266,10633203,0.009993,0.68,65.76
1758300000000000006,1758290000000000005,1758280000000000004,2026-02-16,9376,197,5833,74314962,7926084,0.021011,5.1,572.94
1758300000000000007,1758290000000000005,1758280000000000004,2026-02-16,5290,118,3595,72529569,13710694,0.022306,2.64,227.88
1758300000000000001,1758290000000000001,1758280000000000001,2026-02-17,13077,116,9158,101845702,7788155,0.008871,0.56,36.69
1758300000000000002,1758290000000000001,1758280000000000001,2026-02-17,16881,185,12244,113027270,6695532,0.010959,0.7,33.88
1758300000000000003,1758290000000000002,1758280000000000002,2026-02-17,5570,110,4375,59584139,10697332,0.019749,4.15,177.03
1758300000000000004,1758290000000000003,1758280000000000002,2026-02-17,5732,143,3938,63200416,11025893,0.024948,3.53,310.49
1758300000000000005,1758290000000000004,1758280000000000003,2026-02-17,9914,115,6841,92088416,9288725,0.0116,0.92,65.4
1758300000000000006,1758290000000000005,1758280000000000004,2026-02-17,8656,213,6292,88158820,10184707,0.024607,4.89,599.15
1758300000000000007,1758290000000000005,1758280000000000004,2026-02-17,7721,184,4740,96018013,12435956,0.023831,3.02,163.77
1758300000000000001,1758290000000000001,1758280000000000001,2026-02-18,17119,179,12932,112805915,6589515,0.010456,0.5,22.24
1758300000000000002,1758290000000000001,1758280000000000001,2026-02-18,13142,104,10471,97513319,7419976,0.007914,0.44,59.75
1758300000000000003,1758290000000000002,1758280000000000002,2026-02-18,5245,82,3524,60659198,11565147,0.015634,2.3,253.57
1758300000000000004,1758290000000000003,1758280000000000002,2026-02-18,6786,124,4822,59523222,8771474,0.018273,3.06,164.11
1758300000000000005,1758290000000000004,1758280000000000003,2026-02-18,15958,228,11310,90136815,5648378,0.014288,2.24,129.22
1758300000000000006,1758290000000000005,1758280000000000004,2026-02-18,9495,161,5450,98027146,10324081,0.016956,3.29,292.91
1758300000000000007,1758290000000000005,1758280000000000004,2026-02-18,7389,120,5314,82246484,11130936,0.01624,2.59,131.28
1758300000000000001,1758290000000000001,1758280000000000001,2026-02-19,18472,134,12219,116727650,6319167,0.007254,0.4,30.75
1758300000000000002,1758290000000000001,1758280000000000001,2026-02-19,12133,133,7954,107232036,8838048,0.010962,0.68,67.8
1758300000000000003,1758290000000000002,1758280000000000002,2026-02-19,9736,234,5965,70128077,7202966,0.024035,6.01,618.6
1758300000000000004,1758290000000000003,1758280000000000002,2026-02-19,5473,148,4266,57848887,10569868,0.027042,4.26,465.26
1758300000000000006,1758290000000000005,1758280000000000004,2026-02-19,7245,157,4289,86914657,11996502,0.02167,4.46,559.86
1758300000000000001,1758290000000000001,1758280000000000001,2026-02-20,11887,127,8139,86906183,7311027,0.010684,0.49,35.49
1758300000000000002,1758290000000000001,1758280000000000001,2026-02-20,21811,219,16580,93650493,4293728,0.010041,0.93,57.22
1758300000000000003,1758290000000000002,1758280000000000002,2026-02-20,5038,138,3125,47599224,9448040,0.027392,2.97,119.5
1758300000000000004,1758290000000000003,1758280000000000002,2026-02-20,6647,106,3779,55576020,8361068,0.015947,2.97,226.1
1758300000000000005,1758290000000000004,1758280000000000003,2026-02-20,15076,249,10211,77381433,5132756,0.016516,1.93,127.04
1758300000000000006,1758290000000000005,1758280000000000004,2026-02-20,6257,120,4376,74673384,11934375,0.019179,3.21,339.13
1758300000000000007,1758290000000000005,1758280000000000004,2026-02-20,5527,104,3047,80089481,14490588,0.018817,1.73,137.17
1758300000000000002,1758290000000000001,1758280000000000001,2026-02-21,19058,166,14556,85377839,4479895,0.00871,0.86,109.55
1758300000000000003,1758290000000000002,1758280000000000002,2026-02-21,5227,83,3696,46789013,8951409,0.015879,2.28,285.16
1758300000000000004,1758290000000000003,1758280000000000002,2026-02-21,4977,123,3122,57687399,11590797,0.024714,3.58,204.07
1758300000000000005,1758290000000000004,1758280000000000003,2026-02-21,10184,164,7583,78357309,7694158,0.016104,1.44,163.21
1758300000000000006,1758290000000000005,1758280000000000004,2026-02-21,5584,80,3248,74879768,13409701,0.014327,2.15,214.88
1758300000000000007,1758290000000000005,1758280000000000004,2026-02-21,6007,131,4305,81834849,13623248,0.021808,2.81,353.0
1758300000000000001,1758290000000000001,1758280000000000001,2026-02-22,11936,121,8571,98330280,8238127,0.010137,0.57,64.28
1758300000000000002,1758290000000000001,1758280000000000001,2026-02-22,21380,181,13535,104824095,4902904,0.008466,0.76,53.37
1758300000000000003,1758290000000000002,1758280000000000002,2026-02-22,5404,124,3426,58515662,10828213,0.022946,4.51,564.77
1758300000000000004,1758290000000000003,1758280000000000002,2026-02-22,7240,186,4966,57572552,7952010,0.025691,4.14,570.46
1758300000000000005,1758290000000000004,1758280000000000003,2026-02-22,15842,196,11651,87066161,5495907,0.012372,2.24,275.31
1758300000000000006,1758290000000000005,1758280000000000004,2026-02-22,11426,246,7632,88941475,7784130,0.02153,6.82,553.56
1758300000000000007,1758290000000000005,1758280000000000004,2026-02-22,6669,158,4090,85190847,12774156,0.023692,4.13,212.18
1758300000000000001,1758290000000000001,1758280000000000001,2026-02-23,11508,74,6690,70043627,6086516,0.00643,0.33,45.11
1758300000000000002,1758290000000000001,1758280000000000001,2026-02-23,15069,108,11609,84249937,5590944,0.007167,0.31,25.08
1758300000000000003,1758290000000000002,1758280000000000002,2026-02-23,5703,135,3288,48927522,8579260,0.023672,4.94,349.97
1758300000000000005,1758290000000000004,1758280000000000003,2026-02-23,6111,64,4357,66125813,10820784,0.010473,0.74,33.87
1758300000000000006,1758290000000000005,1758280000000000004,2026-02-23,8923,174,5497,71103271,7968539,0.0195,3.83,305.65
1758300000000000007,1758290000000000005,1758280000000000004,2026-02-23,7245,187,4993,61148355,8440077,0.025811,3.4,143.32
1758300000000000001,1758290000000000001,1758280000000000001,2026-02-24,16080,166,10547,78214361,4864077,0.010323,0.54,28.31
1758300000000000002,1758290000000000001,1758280000000000001,2026-02-24,10664,110,6502,89367391,8380288,0.010315,0.53,59.03
1758300000000000003,1758290000000000002,1758280000000000002,2026-02-24,5738,153,4426,45180175,7873854,0.026664,5.69,699.88
1758300000000000004,1758290000000000003,1758280000000000002,2026-02-24,5239,117,3207,50580826,9654672,0.022333,4.05,188.96
1758300000000000006,1758290000000000005,1758280000000000004,2026-02-24,9130,129,7287,67832744,7429654,0.014129,3.1,124.44
1758300000000000007,1758290000000000005,1758280000000000004,2026-02-24,9301,168,5228,75808757,8150603,0.018063,3.27,328.14
1758300000000000001,1758290000000000001,1758280000000000001,2026-02-25,13461,76,10412,118626460,8812604,0.005646,0.38,46.81
1758300000000000002,1758290000000000001,1758280000000000001,2026-02-25,23678,258,14787,104112603,4397018,0.010896,1.05,87.13
1758300000000000003,1758290000000000002,1758280000000000002,2026-02-25,7026,122,3994,56682165,8067487,0.017364,3.75,500.85
1758300000000000004,1758290000000000003,1758280000000000002,2026-02-25,10499,219,8199,70597299,6724193,0.020859,8.5,365.13
1758300000000000005,1758290000000000004,1758280000000000003,2026-02-25,13179,125,9031,95459598,7243311,0.009485,1.3,53.3
1758300000000000006,1758290000000000005,1758280000000000004,2026-02-25,7002,93,4145,104983838,14993407,0.013282,2.42,137.86
1758300000000000007,1758290000000000005,1758280000000000004,2026-02-25,9756,179,5646,85935359,8808462,0.018348,3.17,228.13
1758300000000000001,1758290000000000001,1758280000000000001,2026-02-26,10130,109,6974,90783796,8961875,0.01076,0.34,35.24
1758300000000000002,1758290000000000001,1758280000000000001,2026-02-26,11501,125,8678,103375730,8988412,0.010869,0.41,21.75
1758300000000000003,1758290000000000002,1758280000000000002,2026-02-26,5546,137,4399,55923257,10083530,0.024702,4.48,590.35
1758300000000000004,1758290000000000003,1758280000000000002,2026-02-26,5099,91,3222,55025043,10791340,0.017847,3.26,263.98
1758300000000000005,1758290000000000004,1758280000000000003,2026-02-26,14474,227,8992,83211226,5749014,0.015683,2.43,257.89
1758300000000000006,1758290000000000005,1758280000000000004,2026-02-26,7375,182,5112,88754202,12034468,0.024678,5.14,583.98
1758300000000000007,1758290000000000005,1758280000000000004,2026-02-26,7659,127,5271,77668250,10140782,0.016582,3.18,298.32
1758300000000000001,1758290000000000001,1758280000000000001,2026-02-27,21823,145,12653,90299185,4137799,0.006644,0.47,46.5
1758300000000000002,1758290000000000001,1758280000000000001,2026-02-27,11082,129,6235,97933200,8837141,0.01164,0.56,71.35
1758300000000000003,1758290000000000002,1758280000000000002,2026-02-27,8733,248,5355,56396666,6457880,0.028398,6.16,468.8
1758300000000000005,1758290000000000004,1758280000000000003,2026-02-27,11170,100,6509,80671022,7222115,0.008953,0.87,88.88
1758300000000000006,1758290000000000005,1758280000000000004,2026-02-27,5943,102,3793,74902900,12603550,0.017163,2.34,151.25
1758300000000000007,1758290000000000005,1758280000000000004,2026-02-27,7882,170,5985,86439145,10966651,0.021568,4.66,509.08
1758300000000000001,1758290000000000001,1758280000000000001,2026-02-28,8189,51,5625,69443437,8480088,0.006228,0.17,17.01
1758300000000000002,1758290000000000001,1758280000000000001,2026-02-28,14196,76,9888,96351232,6787210,0.005354,0.31,32.84
1758300000000000003,1758290000000000002,1758280000000000002,2026-02-28,4722,90,3213,50521291,10699130,0.01906,3.45,462.87
1758300000000000004,1758290000000000003,1758280000000000002,2026-02-28,4368,67,2822,44218520,10123288,0.015339,2.52,184.43
1758300000000000005,1758290000000000004,1758280000000000003,2026-02-28,7075,70,4145,71054858,10043089,0.009894,0.72,37.56
1758300000000000006,1758290000000000005,1758280000000000004,2026-02-28,5795,139,4556,73029876,12602222,0.023986,3.84,425.31
1758300000000000007,1758290000000000005,1758280000000000004,2026-02-28,5307,112,3428,69079840,13016740,0.021104,3.0,177.56
1758300000000000002,1758290000000000001,1758280000000000001,2026-03-01,16563,145,12175,147190813,8886724,0.008754,0.71,56.72
1758300000000000003,1758290000000000002,1758280000000000002,2026-03-01,7352,151,4186,79138176,10764170,0.020539,4.98,686.25
1758300000000000004,1758290000000000003,1758280000000000002,2026-03-01,10590,184,6202,88026775,8312254,0.017375,5.53,233.34
1758300000000000005,1758290000000000004,1758280000000000003,2026-03-01,23236,380,15438,125373714,5395667,0.016354,2.85,158.06
1758300000000000006,1758290000000000005,1758280000000000004,2026-03-01,13932,233,8141,127834957,9175636,0.016724,3.98,350.14
1758300000000000007,1758290000000000005,1758280000000000004,2026-03-01,15133,293,10147,122912470,8122148,0.019362,5.74,328.25
1758300000000000001,1758290000000000001,1758280000000000001,2026-03-02,13333,113,10537,72023956,5401932,0.008475,0.45,61.96
1758300000000000002,1758290000000000001,1758280000000000001,2026-03-02,6766,72,4484,60224686,8901077,0.010641,0.28,18.3
1758300000000000003,1758290000000000002,1758280000000000002,2026-03-02,3845,110,3076,40467586,10524730,0.028609,2.38,275.22
1758300000000000004,1758290000000000003,1758280000000000002,2026-03-02,2775,76,1957,35103067,12649754,0.027387,2.58,325.92
1758300000000000005,1758290000000000004,1758280000000000003,2026-03-02,6049,51,4408,56677989,9369811,0.008431,0.38,15.52
1758300000000000006,1758290000000000005,1758280000000000004,2026-03-02,7279,111,4869,53176023,7305402,0.015249,2.52,298.89
1758300000000000007,1758290000000000005,1758280000000000004,2026-03-02,6704,151,4033,60179956,8976724,0.022524,3.52,453.01
1758300000000000001,1758290000000000001,1758280000000000001,2026-03-03,9546,69,6983,67103134,7029450,0.007228,0.3,22.64
1758300000000000002,1758290000000000001,1758280000000000001,2026-03-03,12534,117,9861,57381525,4578070,0.009335,0.57,65.62
1758300000000000003,1758290000000000002,1758280000000000002,2026-03-03,3497,103,1998,33465335,9569727,0.029454,3.43,182.73
1758300000000000004,1758290000000000003,1758280000000000002,2026-03-03,3320,52,1925,37668756,11346011,0.015663,1.76,227.22
1758300000000000005,1758290000000000004,1758280000000000003,2026-03-03,9703,88,5369,53350568,5498358,0.009069,1.09,79.77
1758300000000000006,1758290000000000005,1758280000000000004,2026-03-03,4043,66,2362,54318892,13435294,0.016325,1.79,73.29
1758300000000000007,1758290000000000005,1758280000000000004,2026-03-03,6046,154,3983,52382245,8663951,0.025471,4.2,279.34
1758300000000000001,1758290000000000001,1758280000000000001,2026-03-04,8632,78,6197,73306466,8492408,0.009036,0.4,16.76
1758300000000000002,1758290000000000001,1758280000000000001,2026-03-04,11236,89,6571,60568084,5390538,0.007921,0.28,24.5
1758300000000000003,1758290000000000002,1758280000000000002,2026-03-04,4352,97,3335,38775528,8909818,0.022289,2.12,176.32
1758300000000000004,1758290000000000003,1758280000000000002,2026-03-04,3266,97,1932,37724214,11550586,0.0297,2.29,267.86
1758300000000000005,1758290000000000004,1758280000000000003,2026-03-04,9188,110,7182,57374807,6244537,0.011972,0.95,89.09
1758300000000000006,1758290000000000005,1758280000000000004,2026-03-04,7874,103,5156,57087360,7250109,0.013081,1.86,189.55
1758300000000000007,1758290000000000005,1758280000000000004,2026-03-04,4694,81,2724,57662253,12284246,0.017256,2.29,114.45
1758300000000000001,1758290000000000001,1758280000000000001,2026-03-05,6695,69,4526,60083584,8974396,0.010306,0.33,22.41
1758300000000000002,1758290000000000001,1758280000000000001,2026-03-05,15063,94,12027,77272799,5129974,0.00624,0.37,23.44
1758300000000000003,1758290000000000002,1758280000000000002,2026-03-05,3211,69,2369,38946033,12128942,0.021489,2.48,191.42
1758300000000000004,1758290000000000003,1758280000000000002,2026-03-05,5260,91,3453,39543329,7517743,0.0173,2.04,86.89
1758300000000000005,1758290000000000004,1758280000000000003,2026-03-05,7854,115,5163,58867022,7495165,0.014642,1.33,141.65
1758300000000000006,1758290000000000005,1758280000000000004,2026-03-05,6511,120,4055,59013460,9063655,0.01843,3.4,416.7
1758300000000000007,1758290000000000005,1758280000000000004,2026-03-05,4401,88,3482,58720583,13342555,0.019995,1.9,149.68
1758300000000000001,1758290000000000001,1758280000000000001,2026-03-06,9254,56,6442,74707999,8073049,0.006051,0.2,20.79
1758300000000000002,1758290000000000001,1758280000000000001,2026-03-06,8262,52,4615,74210406,8982136,0.006294,0.25,26.87
1758300000000000003,1758290000000000002,1758280000000000002,2026-03-06,6301,115,3715,43464212,6897986,0.018251,2.42,207.96
1758300000000000004,1758290000000000003,1758280000000000002,2026-03-06,6923,139,4871,41632019,6013581,0.020078,4.6,500.09
1758300000000000005,1758290000000000004,1758280000000000003,2026-03-06,9120,145,6324,63822174,6998045,0.015899,1.7,197.92
1758300000000000006,1758290000000000005,1758280000000000004,2026-03-06,6434,160,4421,58713476,9125501,0.024868,2.94,289.26
1758300000000000007,1758290000000000005,1758280000000000004,2026-03-06,6266,153,4781,68930872,11000778,0.024417,3.81,173.77
1758300000000000001,1758290000000000001,1758280000000000001,2026-03-07,10763,106,7997,66992573,6224340,0.009849,0.54,48.65
1758300000000000002,1758290000000000001,1758280000000000001,2026-03-07,20372,112,15408,85562579,4200009,0.005498,0.32,22.35
1758300000000000003,1758290000000000002,1758280000000000002,2026-03-07,4557,90,3600,44611674,9789702,0.01975,2.26,315.03
1758300000000000004,1758290000000000003,1758280000000000002,2026-03-07,6994,199,4193,42562699,6085602,0.028453,7.57,872.46
1758300000000000005,1758290000000000004,1758280000000000003,2026-03-07,11847,203,9389,65380779,5518762,0.017135,2.3,113.57
1758300000000000006,1758290000000000005,1758280000000000004,2026-03-07,4687,66,2878,64911344,13849231,0.014082,1.2,57.56
1758300000000000007,1758290000000000005,1758280000000000004,2026-03-07,5739,100,4286,65850214,11474162,0.017425,1.65,74.82
1758300000000000001,1758290000000000001,1758280000000000001,2026-03-08,15152,138,9430,79183195,5225924,0.009108,0.68,64.01
1758300000000000002,1758290000000000001,1758280000000000001,2026-03-08,14108,115,7819,66760082,4732073,0.008151,0.35,20.31
1758300000000000003,1758290000000000002,1758280000000000002,2026-03-08,6640,162,4546,41291468,6218595,0.024398,3.57,415.12
1758300000000000004,1758290000000000003,1758280000000000002,2026-03-08,6387,122,4279,42104690,6592248,0.019101,2.91,257.38
1758300000000000005,1758290000000000004,1758280000000000003,2026-03-08,6015,64,3492,62547119,10398524,0.01064,0.82,80.39
1758300000000000006,1758290000000000005,1758280000000000004,2026-03-08,5148,71,2893,63303988,12296812,0.013792,1.16,158.65
1758300000000000007,1758290000000000005,1758280000000000004,2026-03-08,4235,58,2525,61790249,14590378,0.013695,1.52,82.86
1758300000000000001,1758290000000000001,1758280000000000001,2026-03-09,8633,86,6871,69618515,8064232,0.009962,0.27,25.62
1758300000000000003,1758290000000000002,1758280000000000002,2026-03-09,3992,116,2453,43744653,10958079,0.029058,3.12,326.13
1758300000000000004,1758290000000000003,1758280000000000002,2026-03-09,4826,124,3581,47963905,9938646,0.025694,3.0,193.95
1758300000000000005,1758290000000000004,1758280000000000003,2026-03-09,7723,139,5595,68781419,8906049,0.017998,0.98,76.04
1758300000000000007,1758290000000000005,1758280000000000004,2026-03-09,8959,170,5014,67646019,7550622,0.018975,3.35,247.64
1758300000000000001,1758290000000000001,1758280000000000001,2026-03-10,13355,103,9955,77819515,5826995,0.007712,0.53,40.22
1758300000000000003,1758290000000000002,1758280000000000002,2026-03-10,5991,90,4216,47049435,7853353,0.015023,2.76,252.65
1758300000000000004,1758290000000000003,1758280000000000002,2026-03-10,3505,92,2563,44729348,12761583,0.026248,2.15,281.07
1758300000000000005,1758290000000000004,1758280000000000003,2026-03-10,6464,53,4169,68834087,10648838,0.008199,0.63,49.67
1758300000000000006,1758290000000000005,1758280000000000004,2026-03-10,9488,230,7229,69291636,7303081,0.024241,4.82,344.83
1758300000000000007,1758290000000000005,1758280000000000004,2026-03-10,5103,88,3312,68376537,13399282,0.017245,2.0,166.05
1758300000000000001,1758290000000000001,1758280000000000001,2026-03-11,16967,172,10914,82192832,4844276,0.010137,0.74,50.29
1758300000000000002,1758290000000000001,1758280000000000001,2026-03-11,14670,149,11284,87374198,5955978,0.010157,0.73,53.07
1758300000000000003,1758290000000000002,1758280000000000002,2026-03-11,6703,181,4800,51489238,7681521,0.027003,4.48,417.13
1758300000000000004,1758290000000000003,1758280000000000002,2026-03-11,6260,143,3499,45406207,7253388,0.022843,4.25,387.98
1758300000000000005,1758290000000000004,1758280000000000003,2026-03-11,6794,105,4772,72671584,10696436,0.015455,0.8,84.19
1758300000000000006,1758290000000000005,1758280000000000004,2026-03-11,5348,70,3389,77829348,14552982,0.013089,1.1,120.39
1758300000000000007,1758290000000000005,1758280000000000004,2026-03-11,5580,109,3709,67513820,12099251,0.019534,1.92,163.28
1758300000000000001,1758290000000000001,1758280000000000001,2026-03-12,17255,98,11437,76283979,4420978,0.00568,0.33,31.49
1758300000000000002,1758290000000000001,1758280000000000001,2026-03-12,15590,140,9846,64541918,4139956,0.00898,0.42,28.27
1758300000000000003,1758290000000000002,1758280000000000002,2026-03-12,4248,68,2978,42543430,10014932,0.016008,1.6,167.07
1758300000000000004,1758290000000000003,1758280000000000002,2026-03-12,3554,66,2162,37928512,10672063,0.018571,1.63,190.54
1758300000000000005,1758290000000000004,1758280000000000003,2026-03-12,10263,135,6383,60353956,5880732,0.013154,1.24,170.11
1758300000000000006,1758290000000000005,1758280000000000004,2026-03-12,5253,92,3074,61040481,11620118,0.017514,1.94,120.1
1758300000000000007,1758290000000000005,1758280000000000004,2026-03-12,4462,68,3181,59667431,13372351,0.01524,1.55,171.34
1758300000000000001,1758290000000000001,1758280000000000001,2026-03-13,13751,76,9757,58903444,4283575,0.005527,0.31,29.07
1758300000000000002,1758290000000000001,1758280000000000001,2026-03-13,7253,76,4580,60650858,8362175,0.010478,0.36,23.01
1758300000000000003,1758290000000000002,1758280000000000002,2026-03-13,4475,121,3307,29911753,6684191,0.027039,2.95,194.42
1758300000000000004,1758290000000000003,1758280000000000002,2026-03-13,6169,104,3611,38404991,6225481,0.016858,3.29,365.25
1758300000000000005,1758290000000000004,1758280000000000003,2026-03-13,7399,98,4449,51237558,6924930,0.013245,1.21,69.75
1758300000000000006,1758290000000000005,1758280000000000004,2026-03-13,6544,126,4882,58016675,8865629,0.019254,3.17,416.75
1758300000000000007,1758290000000000005,1758280000000000004,2026-03-13,4462,107,2811,44458441,9963792,0.02398,2.36,110.14
1758300000000000001,1758290000000000001,1758280000000000001,2026-03-14,7802,93,4979,55814247,7153838,0.01192,0.45,23.42
1758300000000000002,1758290000000000001,1758280000000000001,2026-03-14,12168,111,7213,57195468,4700482,0.009122,0.52,38.66
1758300000000000003,1758290000000000002,1758280000000000002,2026-03-14,4966,131,3523,32611786,6567013,0.026379,4.21,328.9
1758300000000000004,1758290000000000003,1758280000000000002,2026-03-14,2569,45,1434,31965194,12442660,0.017517,1.38,74.79
1758300000000000005,1758290000000000004,1758280000000000003,2026-03-14,5216,47,3901,48432735,9285417,0.009011,0.58,72.84
1758300000000000006,1758290000000000005,1758280000000000004,2026-03-14,5499,115,3505,45046569,8191775,0.020913,2.57,202.81
1758300000000000007,1758290000000000005,1758280000000000004,2026-03-14,7291,102,4851,51818902,7107242,0.01399,1.67,198.29
1758300000000000001,1758290000000000001,1758280000000000001,2026-03-15,17932,98,11331,78490454,4377117,0.005465,0.28,34.98
1758300000000000002,1758290000000000001,1758280000000000001,2026-03-15,9771,112,6683,82311536,8424065,0.011462,0.36,32.89
1758300000000000003,1758290000000000002,1758280000000000002,2026-03-15,5631,94,3286,39788084,7065900,0.016693,3.12,405.53
1758300000000000004,1758290000000000003,1758280000000000002,2026-03-15,6746,121,4856,52098767,7722912,0.017937,4.62,621.05
1758300000000000005,1758290000000000004,1758280000000000003,2026-03-15,9013,105,5753,68915139,7646193,0.01165,0.83,66.15
1758300000000000006,1758290000000000005,1758280000000000004,2026-03-15,7732,115,5697,71583457,9258078,0.014873,2.64,304.86
1758300000000000007,1758290000000000005,1758280000000000004,2026-03-15,5073,81,2801,66246820,13058707,0.015967,2.17,263.13
1758300000000000001,1758290000000000001,1758280000000000001,2026-03-16,26805,293,19803,108259012,4038762,0.010931,1.31,153.33
1758300000000000002,1758290000000000001,1758280000000000001,2026-03-16,21150,121,12061,127913233,6047907,0.005721,0.49,51.0
1758300000000000003,1758290000000000002,1758280000000000002,2026-03-16,11075,264,8790,75444014,6812101,0.023837,6.7,363.36
1758300000000000004,1758290000000000003,1758280000000000002,2026-03-16,7949,124,4570,59511554,7486672,0.015599,3.82,468.37
1758300000000000005,1758290000000000004,1758280000000000003,2026-03-16,11696,120,8920,101216676,8653957,0.01026,1.32,85.77
1758300000000000006,1758290000000000005,1758280000000000004,2026-03-16,15853,351,11378,119784034,7555922,0.022141,6.98,443.21
1758300000000000007,1758290000000000005,1758280000000000004,2026-03-16,6711,148,5121,82649318,12315500,0.022053,3.56,270.99
1758300000000000002,1758290000000000001,1758280000000000001,2026-03-17,11812,120,7208,88665736,7506412,0.010159,0.58,37.24
1758300000000000003,1758290000000000002,1758280000000000002,2026-03-17,6222,137,4595,64313960,10336541,0.022019,3.55,331.31
1758300000000000004,1758290000000000003,1758280000000000002,2026-03-17,4535,135,2810,55299651,12193969,0.029768,4.04,496.11
1758300000000000006,1758290000000000005,1758280000000000004,2026-03-17,11706,203,6909,98418557,8407531,0.017342,4.13,327.21
1758300000000000007,1758290000000000005,1758280000000000004,2026-03-17,8537,142,6427,81001859,9488328,0.016633,2.59,318.6
1758300000000000001,1758290000000000001,1758280000000000001,2026-03-18,15542,109,11067,82701966,5321192,0.007013,0.53,36.89
1758300000000000003,1758290000000000002,1758280000000000002,2026-03-18,4373,92,3384,51488139,11774100,0.021038,2.35,216.25
1758300000000000004,1758290000000000003,1758280000000000002,2026-03-18,4667,106,3160,57561815,12333794,0.022713,3.5,197.4
1758300000000000005,1758290000000000004,1758280000000000003,2026-03-18,16187,261,9124,81787465,5052664,0.016124,2.27,247.51
1758300000000000006,1758290000000000005,1758280000000000004,2026-03-18,5665,98,4025,82931171,14639218,0.017299,2.01,98.81
1758300000000000007,1758290000000000005,1758280000000000004,2026-03-18,5433,91,3695,80643760,14843320,0.016749,2.17,121.51
1758300000000000001,1758290000000000001,1758280000000000001,2026-03-19,12413,80,8218,92523105,7453726,0.006445,0.32,15.01
1758300000000000002,1758290000000000001,1758280000000000001,2026-03-19,17533,146,13860,90642821,5169841,0.008327,0.74,55.57
1758300000000000003,1758290000000000002,1758280000000000002,2026-03-19,4726,72,3638,54305850,11490870,0.015235,2.71,281.22
1758300000000000004,1758290000000000003,1758280000000000002,2026-03-19,6245,113,3935,50360393,8064114,0.018094,3.8,423.01
1758300000000000005,1758290000000000004,1758280000000000003,2026-03-19,15118,231,9913,78499683,5192465,0.01528,2.23,278.07
1758300000000000006,1758290000000000005,1758280000000000004,2026-03-19,5939,94,4487,83249577,14017440,0.015828,1.82,224.72
1758300000000000007,1758290000000000005,1758280000000000004,2026-03-19,5247,129,3086,73749788,14055610,0.024585,3.1,339.11
1758300000000000001,1758290000000000001,1758280000000000001,2026-03-20,12424,132,9363,92553969,7449611,0.010625,0.63,85.83
1758300000000000002,1758290000000000001,1758280000000000001,2026-03-20,20271,185,11609,92951118,4585423,0.009126,0.66,58.17
1758300000000000003,1758290000000000002,1758280000000000002,2026-03-20,4184,85,2980,53256033,12728497,0.020315,3.23,219.65
1758300000000000004,1758290000000000003,1758280000000000002,2026-03-20,6154,98,4747,52746874,8571153,0.015925,3.25,167.56
1758300000000000005,1758290000000000004,1758280000000000003,2026-03-20,10821,122,6079,79502180,7347027,0.011274,1.52,161.43
1758300000000000006,1758290000000000005,1758280000000000004,2026-03-20,6305,163,4498,73013906,11580318,0.025852,2.62,192.69
1758300000000000001,1758290000000000001,1758280000000000001,2026-03-21,12839,111,10094,81539910,6350955,0.008646,0.43,29.31
1758300000000000002,1758290000000000001,1758280000000000001,2026-03-21,14506,116,8936,78643575,5421451,0.007997,0.55,35.0
1758300000000000003,1758290000000000002,1758280000000000002,2026-03-21,4303,124,3204,42465913,9868908,0.028817,4.47,184.6
1758300000000000004,1758290000000000003,1758280000000000002,2026-03-21,8039,198,4585,49067506,6103683,0.02463,4.85,401.49
1758300000000000005,1758290000000000004,1758280000000000003,2026-03-21,8606,110,5523,68650065,7977000,0.012782,1.0,106.56
1758300000000000006,1758290000000000005,1758280000000000004,2026-03-21,5079,102,3488,69082591,13601613,0.020083,1.98,137.83
1758300000000000007,1758290000000000005,1758280000000000004,2026-03-21,9018,172,6269,68217539,7564597,0.019073,3.25,238.19
1758300000000000001,1758290000000000001,1758280000000000001,2026-03-22,21086,238,13592,100857073,4783130,0.011287,0.91,67.94
1758300000000000002,1758290000000000001,1758280000000000001,2026-03-22,26132,236,19431,127813967,4891090,0.009031,0.82,49.77
1758300000000000003,1758290000000000002,1758280000000000002,2026-03-22,10886,199,7544,70677303,6492495,0.01828,4.35,574.72
1758300000000000004,1758290000000000003,1758280000000000002,2026-03-22,5878,166,4430,59991862,10206169,0.028241,3.53,175.52
1758300000000000005,1758290000000000004,1758280000000000003,2026-03-22,9296,111,6355,98001874,10542370,0.011941,1.14,103.71
1758300000000000006,1758290000000000005,1758280000000000004,2026-03-22,7890,121,6306,93234361,11816776,0.015336,2.89,271.08
1758300000000000007,1758290000000000005,1758280000000000004,2026-03-22,8858,187,4894,102769387,11601873,0.021111,3.9,431.59
1758300000000000001,1758290000000000001,1758280000000000001,2026-03-23,17986,148,10890,116787692,6493255,0.008229,0.42,51.93
1758300000000000002,1758290000000000001,1758280000000000001,2026-03-23,11106,84,7060,87811868,7906705,0.007563,0.25,26.75
1758300000000000003,1758290000000000002,1758280000000000002,2026-03-23,4208,119,2362,52694740,12522514,0.028279,4.07,303.34
1758300000000000004,1758290000000000003,1758280000000000002,2026-03-23,6799,168,4730,64219294,9445403,0.02471,4.37,328.56
1758300000000000005,1758290000000000004,1758280000000000003,2026-03-23,11838,184,7103,87685526,7407123,0.015543,1.29,85.29
1758300000000000006,1758290000000000005,1758280000000000004,2026-03-23,7846,178,4408,82115294,10465880,0.022687,4.36,233.24
1758300000000000007,1758290000000000005,1758280000000000004,2026-03-23,10935,158,8109,93255757,8528190,0.014449,3.39,371.54
1758300000000000001,1758290000000000001,1758280000000000001,2026-03-24,10532,125,6440,93209805,8850152,0.011869,0.42,49.97
1758300000000000002,1758290000000000001,1758280000000000001,2026-03-24,9421,68,5604,79598998,8449103,0.007218,0.22,19.09
1758300000000000003,1758290000000000002,1758280000000000002,2026-03-24,4419,126,3203,51724526,11705030,0.028513,4.83,482.47
1758300000000000005,1758290000000000004,1758280000000000003,2026-03-24,7166,114,4043,74060915,10335043,0.015908,0.91,105.11
1758300000000000006,1758290000000000005,1758280000000000004,2026-03-24,4711,88,3498,65942765,13997615,0.01868,1.63,176.59
1758300000000000007,1758290000000000005,1758280000000000004,2026-03-24,10148,154,7484,82179066,8098055,0.015175,4.38,465.47
1758300000000000001,1758290000000000001,1758280000000000001,2026-03-25,14860,176,10197,83919979,5647374,0.011844,0.66,68.5
1758300000000000002,1758290000000000001,1758280000000000001,2026-03-25,12703,145,9532,80315767,6322583,0.011415,0.72,93.25
1758300000000000003,1758290000000000002,1758280000000000002,2026-03-25,8401,166,4666,53857694,6410867,0.01976,4.78,377.11
1758300000000000004,1758290000000000003,1758280000000000002,2026-03-25,5309,149,3095,39991304,7532738,0.028066,4.31,568.15
1758300000000000005,1758290000000000004,1758280000000000003,2026-03-25,10483,108,6451,70386748,6714371,0.010302,1.1,65.26
1758300000000000006,1758290000000000005,1758280000000000004,2026-03-25,5585,136,3577,76543613,13705213,0.024351,2.94,205.98
1758300000000000007,1758290000000000005,1758280000000000004,2026-03-25,5458,109,3614,64229883,11768025,0.019971,2.08,118.09
1758300000000000001,1758290000000000001,1758280000000000001,2026-03-26,9109,64,6344,75637009,8303547,0.007026,0.26,25.52
1758300000000000002,1758290000000000001,1758280000000000001,2026-03-26,13720,164,10707,105838218,7714156,0.011953,0.69,74.91
1758300000000000003,1758290000000000002,1758280000000000002,2026-03-26,7427,191,5166,52497884,7068518,0.025717,4.2,508.45
1758300000000000004,1758290000000000003,1758280000000000002,2026-03-26,5606,140,4121,51202246,9133472,0.024973,4.35,440.27
1758300000000000005,1758290000000000004,1758280000000000003,2026-03-26,10822,131,8225,77775097,7186758,0.012105,1.13,133.08
1758300000000000006,1758290000000000005,1758280000000000004,2026-03-26,5753,81,4180,70670367,12284090,0.01408,2.3,211.34
1758300000000000007,1758290000000000005,1758280000000000004,2026-03-26,6585,129,3894,84879828,12889875,0.01959,2.82,269.89
1758300000000000001,1758290000000000001,1758280000000000001,2026-03-27,21634,109,14997,95665275,4421987,0.005038,0.49,46.44
1758300000000000002,1758290000000000001,1758280000000000001,2026-03-27,16589,115,10995,95984740,5786047,0.006932,0.54,37.01
1758300000000000003,1758290000000000002,1758280000000000002,2026-03-27,6598,151,4351,53078664,8044660,0.022886,3.67,201.32
1758300000000000004,1758290000000000003,1758280000000000002,2026-03-27,7318,201,5529,56435631,7711893,0.027467,5.11,504.27
1758300000000000005,1758290000000000004,1758280000000000003,2026-03-27,15821,252,10130,82135721,5191563,0.015928,2.65,269.55
1758300000000000006,1758290000000000005,1758280000000000004,2026-03-27,9289,158,6030,81601321,8784726,0.017009,3.44,408.06
1758300000000000007,1758290000000000005,1758280000000000004,2026-03-27,9169,158,6366,82670121,9016264,0.017232,3.13,347.54
1758300000000000001,1758290000000000001,1758280000000000001,2026-03-28,14220,115,8710,79287599,5575781,0.008087,0.53,71.05
1758300000000000002,1758290000000000001,1758280000000000001,2026-03-28,10552,90,6126,83545929,7917544,0.008529,0.41,49.12
1758300000000000003,1758290000000000002,1758280000000000002,2026-03-28,4645,75,2555,48868564,10520681,0.016146,1.8,154.79
1758300000000000005,1758290000000000004,1758280000000000003,2026-03-28,8736,140,5322,69785798,7988301,0.016026,0.99,47.28
1758300000000000006,1758290000000000005,1758280000000000004,2026-03-28,7775,137,5115,77907787,10020294,0.017621,3.63,364.36
1758300000000000007,1758290000000000005,1758280000000000004,2026-03-28,6490,135,4641,61663809,9501357,0.020801,3.23,133.49
1758300000000000001,1758290000000000001,1758280000000000001,2026-03-29,15144,179,9392,100140116,6612527,0.01182,0.72,72.31
1758300000000000002,1758290000000000001,1758280000000000001,2026-03-29,9685,92,5514,78794047,8135679,0.009499,0.42,57.69
1758300000000000003,1758290000000000002,1758280000000000002,2026-03-29,6099,112,3937,46658586,7650203,0.018364,3.37,337.63
1758300000000000004,1758290000000000003,1758280000000000002,2026-03-29,7418,215,4487,55589507,7493867,0.028984,5.24,664.25
1758300000000000005,1758290000000000004,1758280000000000003,2026-03-29,13358,233,10627,76686070,5740835,0.017443,1.83,193.49
1758300000000000006,1758290000000000005,1758280000000000004,2026-03-29,5734,126,4099,74330543,12963122,0.021974,2.66,178.36
1758300000000000007,1758290000000000005,1758280000000000004,2026-03-29,6024,151,4398,79041597,13121115,0.025066,3.07,325.56
1758300000000000001,1758290000000000001,1758280000000000001,2026-03-30,17830,204,12708,96594880,5417548,0.011441,0.77,88.19
1758300000000000002,1758290000000000001,1758280000000000001,2026-03-30,20759,211,16189,104288639,5023780,0.010164,0.79,52.66
1758300000000000003,1758290000000000002,1758280000000000002,2026-03-30,8726,156,5767,65637869,7522103,0.017878,3.74,212.33
1758300000000000004,1758290000000000003,1758280000000000002,2026-03-30,6348,132,4765,49152714,7743024,0.020794,4.37,393.75
1758300000000000005,1758290000000000004,1758280000000000003,2026-03-30,17059,246,9972,86092937,5046775,0.014421,1.73,133.84
1758300000000000006,1758290000000000005,1758280000000000004,2026-03-30,8233,208,5239,75092984,9120975,0.025264,5.15,338.03
1758300000000000007,1758290000000000005,1758280000000000004,2026-03-30,13271,316,7782,97092890,7316170,0.023811,6.47,335.21
1758300000000000001,1758290000000000001,1758280000000000001,2026-03-31,19464,123,13196,98696091,5070699,0.006319,0.38,20.39
1758300000000000002,1758290000000000001,1758280000000000001,2026-03-31,20673,192,12062,103090605,4986727,0.009287,0.6,62.18
1758300000000000003,1758290000000000002,1758280000000000002,2026-03-31,8222,131,4982,67430933,8201281,0.015933,4.46,471.59
1758300000000000004,1758290000000000003,1758280000000000002,2026-03-31,5142,119,3029,47875750,9310725,0.023143,3.26,454.03
1758300000000000005,1758290000000000004,1758280000000000003,2026-03-31,14222,156,8456,86480013,6080721,0.010969,1.3,170.23
1758300000000000006,1758290000000000005,1758280000000000004,2026-03-31,7876,106,5447,82870874,10521949,0.013459,2.58,266.06
1758300000000000007,1758290000000000005,1758280000000000004,2026-03-31,9972,191,6816,90089151,9034211,0.019154,4.8,251.01
1758300000000000001,1758290000000000001,1758280000000000001,2026-04-01,15224,166,8609,123747546,8128452,0.010904,0.48,39.18
1758300000000000002,1758290000000000001,1758280000000000001,2026-04-01,21611,234,12324,153943748,7123398,0.010828,1.15,106.57
1758300000000000003,1758290000000000002,1758280000000000002,2026-04-01,9974,241,7416,80472337,8068211,0.024163,7.08,386.29
1758300000000000004,1758290000000000003,1758280000000000002,2026-04-01,6452,168,3842,78208402,12121575,0.026038,3.61,495.11
1758300000000000005,1758290000000000004,1758280000000000003,2026-04-01,12679,191,10075,119010555,9386431,0.015064,1.78,197.61
1758300000000000006,1758290000000000005,1758280000000000004,2026-04-01,8248,119,6459,118257572,14337727,0.014428,2.4,262.41
1758300000000000007,1758290000000000005,1758280000000000004,2026-04-01,8066,157,5739,119763537,14847947,0.019464,2.96,290.44
1758300000000000001,1758290000000000001,1758280000000000001,2026-04-02,20012,233,11369,100381599,5016070,0.011643,1.06,83.42
1758300000000000002,1758290000000000001,1758280000000000001,2026-04-02,14245,162,11377,72524116,5091198,0.011372,0.64,82.58
1758300000000000003,1758290000000000002,1758280000000000002,2026-04-02,4396,130,3494,50328310,11448660,0.029572,4.57,405.15
1758300000000000004,1758290000000000003,1758280000000000002,2026-04-02,3928,88,3030,48474956,12340875,0.022403,2.58,120.37
1758300000000000005,1758290000000000004,1758280000000000003,2026-04-02,14797,223,9323,74102449,5007937,0.015071,2.12,141.08
1758300000000000006,1758290000000000005,1758280000000000004,2026-04-02,8443,112,6697,64865539,7682760,0.013265,2.08,194.8
1758300000000000001,1758290000000000001,1758280000000000001,2026-04-03,22934,273,17270,122669817,5348819,0.011904,0.9,98.56
1758300000000000002,1758290000000000001,1758280000000000001,2026-04-03,33840,394,23348,138445489,4091179,0.011643,1.61,212.08
1758300000000000003,1758290000000000002,1758280000000000002,2026-04-03,5293,109,3490,62072223,11727229,0.020593,3.24,230.34
1758300000000000004,1758290000000000003,1758280000000000002,2026-04-03,12586,280,6946,87136523,6923290,0.022247,9.18,911.17
1758300000000000005,1758290000000000004,1758280000000000003,2026-04-03,11347,158,8330,111906560,9862216,0.013924,1.7,228.71
1758300000000000006,1758290000000000005,1758280000000000004,2026-04-03,8556,168,6780,117045873,13679976,0.019635,2.92,276.78
1758300000000000007,1758290000000000005,1758280000000000004,2026-04-03,9314,153,5239,106767246,11463093,0.016427,2.59,160.15
1758300000000000001,1758290000000000001,1758280000000000001,2026-04-04,20572,160,15220,152211145,7398947,0.007778,0.75,91.47
1758300000000000002,1758290000000000001,1758280000000000001,2026-04-04,16644,104,11997,115175494,6919941,0.006248,0.38,51.89
1758300000000000003,1758290000000000002,1758280000000000002,2026-04-04,8052,236,5577,78614837,9763393,0.029309,6.7,652.15
1758300000000000004,1758290000000000003,1758280000000000002,2026-04-04,8305,182,6575,74177528,8931671,0.021915,4.69,328.65
1758300000000000005,1758290000000000004,1758280000000000003,2026-04-04,19940,245,11112,114594274,5746955,0.012287,3.05,170.19
1758300000000000006,1758290000000000005,1758280000000000004,2026-04-04,8268,198,5588,120113441,14527509,0.023948,3.38,424.71
1758300000000000007,1758290000000000005,1758280000000000004,2026-04-04,8146,123,4625,109075107,13390021,0.015099,2.47,332.3
1758300000000000001,1758290000000000001,1758280000000000001,2026-04-05,17113,152,10191,112870836,6595619,0.008882,0.58,72.89
1758300000000000002,1758290000000000001,1758280000000000001,2026-04-05,14736,75,9862,95032355,6448993,0.00509,0.36,29.95
1758300000000000003,1758290000000000002,1758280000000000002,2026-04-05,4179,122,3094,54186029,12966267,0.029194,2.87,313.32
1758300000000000004,1758290000000000003,1758280000000000002,2026-04-05,5130,94,3338,64615795,12595672,0.018324,2.49,197.88
1758300000000000005,1758290000000000004,1758280000000000003,2026-04-05,10395,129,5995,89101368,8571560,0.01241,1.19,124.7
1758300000000000006,1758290000000000005,1758280000000000004,2026-04-05,6565,165,4770,81685879,12442632,0.025133,2.99,210.47
1758300000000000007,1758290000000000005,1758280000000000004,2026-04-05,6858,118,4971,96516857,14073616,0.017206,2.2,278.69
1758300000000000001,1758290000000000001,1758280000000000001,2026-04-06,18751,109,12510,75861184,4045714,0.005813,0.53,40.21
1758300000000000002,1758290000000000001,1758280000000000001,2026-04-06,17350,158,13602,100415295,5787625,0.009107,0.52,70.96
1758300000000000003,1758290000000000002,1758280000000000002,2026-04-06,6617,129,4815,47204028,7133751,0.019495,3.1,180.28
1758300000000000004,1758290000000000003,1758280000000000002,2026-04-06,8843,156,5732,53525388,6052854,0.017641,4.64,405.13
1758300000000000005,1758290000000000004,1758280000000000003,2026-04-06,7678,87,4603,75547062,9839419,0.011331,0.75,51.74
1758300000000000006,1758290000000000005,1758280000000000004,2026-04-06,6372,135,4701,71969458,11294642,0.021186,3.72,424.0
1758300000000000007,1758290000000000005,1758280000000000004,2026-04-06,5280,128,3333,79124667,14985732,0.024242,3.37,184.45
1758300000000000001,1758290000000000001,1758280000000000001,2026-04-07,32583,188,22047,135896675,4170785,0.00577,0.56,28.99
1758300000000000002,1758290000000000001,1758280000000000001,2026-04-07,27390,265,15370,171306858,6254358,0.009675,1.21,144.47
1758300000000000003,1758290000000000002,1758280000000000002,2026-04-07,13102,297,9215,83518312,6374470,0.022668,6.85,628.56
1758300000000000004,1758290000000000003,1758280000000000002,2026-04-07,10163,230,7864,92026564,9055059,0.022631,5.43,369.99
1758300000000000005,1758290000000000004,1758280000000000003,2026-04-07,16400,282,9140,131658657,8027967,0.017195,3.19,337.66
1758300000000000006,1758290000000000005,1758280000000000004,2026-04-07,10807,232,7279,132257502,12238133,0.021468,5.76,573.57
1758300000000000007,1758290000000000005,1758280000000000004,2026-04-07,11635,283,8937,131059812,11264273,0.024323,7.41,899.15
1758300000000000001,1758290000000000001,1758280000000000001,2026-04-08,22031,118,13933,96351754,4373463,0.005356,0.51,28.98
1758300000000000002,1758290000000000001,1758280000000000001,2026-04-08,21086,134,12235,87036549,4127694,0.006355,0.59,64.24
1758300000000000003,1758290000000000002,1758280000000000002,2026-04-08,5106,130,3153,56756402,11115629,0.02546,2.76,189.98
1758300000000000004,1758290000000000003,1758280000000000002,2026-04-08,5491,143,4054,48036914,8748300,0.026043,4.04,431.28
1758300000000000006,1758290000000000005,1758280000000000004,2026-04-08,5057,129,3918,69966328,13835540,0.025509,3.52,367.87
1758300000000000007,1758290000000000005,1758280000000000004,2026-04-08,6271,98,3663,87223646,13909049,0.015627,2.43,98.63
1758300000000000001,1758290000000000001,1758280000000000001,2026-04-09,15016,129,9685,102384429,6818356,0.008591,0.64,76.33
1758300000000000002,1758290000000000001,1758280000000000001,2026-04-09,19838,125,14411,129564845,6531145,0.006301,0.56,36.96
1758300000000000003,1758290000000000002,1758280000000000002,2026-04-09,8096,191,6028,59432474,7340968,0.023592,6.17,729.17
1758300000000000004,1758290000000000003,1758280000000000002,2026-04-09,10870,311,8267,73109969,6725848,0.028611,11.4,1560.7
1758300000000000005,1758290000000000004,1758280000000000003,2026-04-09,14714,220,9840,99406832,6755935,0.014952,2.28,318.84
1758300000000000006,1758290000000000005,1758280000000000004,2026-04-09,8291,119,4779,103145216,12440624,0.014353,2.06,204.25
1758300000000000007,1758290000000000005,1758280000000000004,2026-04-09,7697,126,5921,95668447,12429316,0.01637,3.54,454.41
1758300000000000002,1758290000000000001,1758280000000000001,2026-04-10,15173,122,9490,115703330,7625607,0.008041,0.58,47.15
1758300000000000003,1758290000000000002,1758280000000000002,2026-04-10,8559,185,4862,61660322,7204150,0.021615,5.07,394.06
1758300000000000004,1758290000000000003,1758280000000000002,2026-04-10,9025,222,6890,65342753,7240194,0.024598,5.0,405.43
1758300000000000005,1758290000000000004,1758280000000000003,2026-04-10,9704,86,6008,95252306,9815778,0.008862,0.74,53.08
1758300000000000007,1758290000000000005,1758280000000000004,2026-04-10,6628,138,4043,85481972,12897099,0.020821,2.54,215.32
1758300000000000001,1758290000000000001,1758280000000000001,2026-04-11,11940,135,8262,92693283,7763257,0.011307,0.52,31.67
1758300000000000002,1758290000000000001,1758280000000000001,2026-04-11,12433,81,7971,92463957,7436979,0.006515,0.33,15.89
1758300000000000003,1758290000000000002,1758280000000000002,2026-04-11,5328,116,3725,47201450,8859131,0.021772,4.19,487.29
1758300000000000004,1758290000000000003,1758280000000000002,2026-04-11,7855,212,5608,58602687,7460558,0.026989,5.58,778.99
1758300000000000006,1758290000000000005,1758280000000000004,2026-04-11,9748,190,7567,77318009,7931679,0.019491,4.66,601.6
1758300000000000007,1758290000000000005,1758280000000000004,2026-04-11,6704,99,4415,81388196,12140244,0.014767,1.76,213.24
1758300000000000001,1758290000000000001,1758280000000000001,2026-04-12,16374,141,12215,109136620,6665239,0.008611,0.65,56.05
1758300000000000002,1758290000000000001,1758280000000000001,2026-04-12,11979,75,8322,86289363,7203386,0.006261,0.25,15.78
1758300000000000003,1758290000000000002,1758280000000000002,2026-04-12,8495,169,6320,59450282,6998267,0.019894,4.78,644.44
1758300000000000004,1758290000000000003,1758280000000000002,2026-04-12,5391,102,3289,52221709,9686832,0.01892,3.69,176.37
1758300000000000005,1758290000000000004,1758280000000000003,2026-04-12,10331,116,7749,83753993,8107056,0.011228,1.23,113.35
1758300000000000006,1758290000000000005,1758280000000000004,2026-04-12,8500,214,6344,89182783,10492092,0.025176,6.09,301.46
1758300000000000007,1758290000000000005,1758280000000000004,2026-04-12,8226,185,6543,78325202,9521663,0.02249,2.88,262.45
1758300000000000001,1758290000000000001,1758280000000000001,2026-04-13,21182,174,15498,96339176,4548162,0.008215,0.87,57.77
1758300000000000002,1758290000000000001,1758280000000000001,2026-04-13,19514,154,15213,84990001,4355335,0.007892,0.76,103.82
1758300000000000003,1758290000000000002,1758280000000000002,2026-04-13,3762,96,2849,45281398,12036523,0.025518,3.48,167.81
1758300000000000004,1758290000000000003,1758280000000000002,2026-04-13,6188,131,4308,58335274,9427161,0.02117,3.74,376.94
1758300000000000005,1758290000000000004,1758280000000000003,2026-04-13,11935,177,8328,77712504,6511312,0.01483,2.18,118.84
1758300000000000006,1758290000000000005,1758280000000000004,2026-04-13,5770,119,4507,85098065,14748365,0.020624,3.37,283.36
1758300000000000007,1758290000000000005,1758280000000000004,2026-04-13,5091,115,3562,70326944,13813974,0.022589,2.56,192.73
1758300000000000001,1758290000000000001,1758280000000000001,2026-04-14,10660,67,6311,77119772,7234500,0.006285,0.22,22.28
1758300000000000002,1758290000000000001,1758280000000000001,2026-04-14,17515,179,13188,79674798,4548947,0.01022,0.56,31.6
1758300000000000003,1758290000000000002,1758280000000000002,2026-04-14,5651,159,3485,41800917,7397083,0.028137,3.54,385.33
1758300000000000004,1758290000000000003,1758280000000000002,2026-04-14,7667,160,5626,47795981,6233987,0.020869,6.05,438.38
1758300000000000005,1758290000000000004,1758280000000000003,2026-04-14,9593,164,6191,67197673,7004865,0.017096,1.24,169.99
1758300000000000006,1758290000000000005,1758280000000000004,2026-04-14,7252,142,4902,76277388,10518117,0.019581,2.66,321.8
1758300000000000007,1758290000000000005,1758280000000000004,2026-04-14,4355,80,2928,58117958,13345111,0.01837,1.86,207.41
1758300000000000001,1758290000000000001,1758280000000000001,2026-04-15,9730,112,6615,80469308,8270227,0.011511,0.42,32.86
1758300000000000002,1758290000000000001,1758280000000000001,2026-04-15,14203,149,7812,78440047,5522780,0.010491,0.46,18.7
1758300000000000003,1758290000000000002,1758280000000000002,2026-04-15,3666,75,2825,42629433,11628323,0.020458,1.92,96.85
1758300000000000004,1758290000000000003,1758280000000000002,2026-04-15,6558,164,5176,48175912,7346129,0.025008,6.38,679.56
1758300000000000005,1758290000000000004,1758280000000000003,2026-04-15,10320,107,6363,68104009,6599226,0.010368,1.27,60.5
1758300000000000006,1758290000000000005,1758280000000000004,2026-04-15,9716,142,5669,73940499,7610179,0.014615,3.76,478.41
1758300000000000007,1758290000000000005,1758280000000000004,2026-04-15,5378,97,4218,62267519,11578192,0.018036,2.51,142.72
1758300000000000001,1758290000000000001,1758280000000000001,2026-04-16,15135,95,10263,89001886,5880534,0.006277,0.36,34.22
1758300000000000002,1758290000000000001,1758280000000000001,2026-04-16,19281,170,11804,129121070,6696804,0.008817,0.58,49.52
1758300000000000003,1758290000000000002,1758280000000000002,2026-04-16,5972,136,4729,63894951,10699088,0.022773,4.91,498.75
1758300000000000004,1758290000000000003,1758280000000000002,2026-04-16,5685,107,4514,60746738,10685442,0.018821,3.15,361.71
1758300000000000005,1758290000000000004,1758280000000000003,2026-04-16,9632,153,6465,93481267,9705281,0.015885,1.57,188.74
1758300000000000006,1758290000000000005,1758280000000000004,2026-04-16,5651,83,4108,84508886,14954678,0.014688,1.93,102.32
1758300000000000007,1758290000000000005,1758280000000000004,2026-04-16,9752,196,6277,102453648,10505911,0.020098,4.67,252.62
1758300000000000001,1758290000000000001,1758280000000000001,2026-04-17,17841,118,11543,80566825,4515825,0.006614,0.5,69.71
1758300000000000002,1758290000000000001,1758280000000000001,2026-04-17,8158,45,5934,66809510,8189447,0.005516,0.19,17.91
1758300000000000003,1758290000000000002,1758280000000000002,2026-04-17,4222,88,3150,37839863,8962545,0.020843,3.13,417.09
1758300000000000004,1758290000000000003,1758280000000000002,2026-04-17,5689,160,3884,46375185,8151729,0.028124,3.57,181.96
1758300000000000005,1758290000000000004,1758280000000000003,2026-04-17,6624,109,4442,63161286,9535218,0.016455,0.85,93.73
1758300000000000006,1758290000000000005,1758280000000000004,2026-04-17,5230,91,3642,64034297,12243651,0.0174,2.15,227.22
1758300000000000007,1758290000000000005,1758280000000000004,2026-04-17,5218,111,3837,62288276,11937194,0.021273,2.17,136.9
1758300000000000001,1758290000000000001,1758280000000000001,2026-04-18,13507,123,10230,100571112,7445851,0.009106,0.63,37.65
1758300000000000002,1758290000000000001,1758280000000000001,2026-04-18,20362,241,12328,93015438,4568089,0.011836,0.72,74.53
1758300000000000003,1758290000000000002,1758280000000000002,2026-04-18,5399,88,2993,45030804,8340582,0.016299,2.49,152.73
1758300000000000004,1758290000000000003,1758280000000000002,2026-04-18,5709,145,3334,65590081,11488891,0.025398,3.85,393.17
1758300000000000005,1758290000000000004,1758280000000000003,2026-04-18,7974,121,5522,82965664,10404523,0.015174,0.89,92.53
1758300000000000006,1758290000000000005,1758280000000000004,2026-04-18,12641,243,7367,89879264,7110139,0.019223,6.4,416.4
1758300000000000007,1758290000000000005,1758280000000000004,2026-04-18,5484,98,3020,76052064,13867991,0.01787,2.39,191.22
1758300000000000001,1758290000000000001,1758280000000000001,2026-04-19,12043,103,8267,85477691,7097707,0.008553,0.51,57.68
1758300000000000002,1758290000000000001,1758280000000000001,2026-04-19,10093,57,7256,90013832,8918442,0.005647,0.3,27.86
1758300000000000003,1758290000000000002,1758280000000000002,2026-04-19,7793,199,5295,49021147,6290408,0.025536,5.12,331.59
1758300000000000004,1758290000000000003,1758280000000000002,2026-04-19,4407,120,2982,51259723,11631432,0.027229,2.94,358.57
1758300000000000005,1758290000000000004,1758280000000000003,2026-04-19,7338,111,4140,75210653,10249476,0.015127,1.25,54.67
1758300000000000006,1758290000000000005,1758280000000000004,2026-04-19,8340,145,6619,70429073,8444733,0.017386,3.06,360.63
1758300000000000007,1758290000000000005,1758280000000000004,2026-04-19,6858,122,4815,79992233,11664076,0.017789,2.91,311.8
1758300000000000001,1758290000000000001,1758280000000000001,2026-04-20,11622,128,7650,79531647,6843198,0.011014,0.5,31.58
1758300000000000002,1758290000000000001,1758280000000000001,2026-04-20,14307,98,8250,94557176,6609155,0.00685,0.29,31.83
1758300000000000003,1758290000000000002,1758280000000000002,2026-04-20,7912,168,4531,48916206,6182534,0.021234,6.03,841.75
1758300000000000004,1758290000000000003,1758280000000000002,2026-04-20,3940,89,2571,50563121,12833279,0.022589,2.74,229.26
1758300000000000005,1758290000000000004,1758280000000000003,2026-04-20,8628,105,5755,74609495,8647368,0.01217,0.87,111.02
1758300000000000006,1758290000000000005,1758280000000000004,2026-04-20,4221,56,2818,63001688,14925773,0.013267,0.95,77.38
1758300000000000007,1758290000000000005,1758280000000000004,2026-04-20,7236,161,4308,86217303,11915050,0.02225,4.46,191.77
1758300000000000001,1758290000000000001,1758280000000000001,2026-04-21,12432,139,8397,68815829,5535379,0.011181,0.41,39.6
1758300000000000002,1758290000000000001,1758280000000000001,2026-04-21,12514,92,7174,74405069,5945746,0.007352,0.32,42.43
1758300000000000003,1758290000000000002,1758280000000000002,2026-04-21,3905,66,2468,34775804,8905456,0.016901,1.83,155.87
1758300000000000004,1758290000000000003,1758280000000000002,2026-04-21,4298,69,2547,47064709,10950374,0.016054,1.5,171.19
1758300000000000005,1758290000000000004,1758280000000000003,2026-04-21,9250,134,7245,61380385,6635717,0.014486,1.24,171.47
1758300000000000006,1758290000000000005,1758280000000000004,2026-04-21,5228,80,3005,51958096,9938427,0.015302,1.96,255.93
1758300000000000007,1758290000000000005,1758280000000000004,2026-04-21,7214,177,5169,70802674,9814621,0.024536,3.42,321.79
1758300000000000001,1758290000000000001,1758280000000000001,2026-04-22,7253,44,4509,60028415,8276357,0.006066,0.21,15.17
1758300000000000002,1758290000000000001,1758280000000000001,2026-04-22,10194,72,5665,59820191,5868176,0.007063,0.2,15.22
1758300000000000003,1758290000000000002,1758280000000000002,2026-04-22,5498,115,4327,36355449,6612486,0.020917,4.17,328.22
1758300000000000005,1758290000000000004,1758280000000000003,2026-04-22,7024,68,4251,51363688,7312598,0.009681,0.71,67.58
1758300000000000006,1758290000000000005,1758280000000000004,2026-04-22,4401,95,2981,54670301,12422245,0.021586,2.33,206.08
1758300000000000007,1758290000000000005,1758280000000000004,2026-04-22,3969,92,2745,48057075,12108107,0.02318,1.75,191.18
1758300000000000001,1758290000000000001,1758280000000000001,2026-04-23,10410,94,8296,71076271,6827692,0.00903,0.49,56.15
1758300000000000002,1758290000000000001,1758280000000000001,2026-04-23,7208,52,5570,62880116,8723656,0.007214,0.26,19.96
1758300000000000003,1758290000000000002,1758280000000000002,2026-04-23,4973,107,3815,39370809,7916913,0.021516,3.01,301.32
1758300000000000004,1758290000000000003,1758280000000000002,2026-04-23,4315,97,2497,37175698,8615457,0.02248,3.65,185.53
1758300000000000005,1758290000000000004,1758280000000000003,2026-04-23,8563,89,4967,57409880,6704412,0.010394,1.15,142.7
1758300000000000006,1758290000000000005,1758280000000000004,2026-04-23,3781,71,2343,50833567,13444477,0.018778,1.32,99.0
1758300000000000007,1758290000000000005,1758280000000000004,2026-04-23,7349,177,5450,63986193,8706789,0.024085,5.06,609.09
1758300000000000001,1758290000000000001,1758280000000000001,2026-04-24,15593,137,8838,80401814,5156276,0.008786,0.65,55.57
1758300000000000002,1758290000000000001,1758280000000000001,2026-04-24,16600,110,11980,80244778,4834023,0.006627,0.52,31.4
1758300000000000004,1758290000000000003,1758280000000000002,2026-04-24,3454,83,2050,43652668,12638294,0.02403,2.77,314.66
1758300000000000005,1758290000000000004,1758280000000000003,2026-04-24,10108,111,5969,68848539,6811292,0.010981,1.11,66.39
1758300000000000006,1758290000000000005,1758280000000000004,2026-04-24,6900,176,5162,65042646,9426470,0.025507,2.86,186.05
1758300000000000007,1758290000000000005,1758280000000000004,2026-04-24,6079,144,4346,72654432,11951708,0.023688,3.8,254.51
1758300000000000001,1758290000000000001,1758280000000000001,2026-04-25,11678,102,7674,91350667,7822458,0.008734,0.48,55.81
1758300000000000002,1758290000000000001,1758280000000000001,2026-04-25,9052,87,5445,69745368,7704968,0.009611,0.31,24.37
1758300000000000003,1758290000000000002,1758280000000000002,2026-04-25,5649,159,3627,43109998,7631439,0.028147,4.84,651.97
1758300000000000004,1758290000000000003,1758280000000000002,2026-04-25,7013,118,5036,48944879,6979164,0.016826,3.17,270.42
1758300000000000005,1758290000000000004,1758280000000000003,2026-04-25,7618,105,5870,69041158,9062898,0.013783,1.12,105.95
1758300000000000006,1758290000000000005,1758280000000000004,2026-04-25,4679,83,2821,63315981,13531947,0.017739,1.72,107.25
1758300000000000007,1758290000000000005,1758280000000000004,2026-04-25,5295,133,4135,74766335,14120177,0.025118,2.82,386.67
1758300000000000001,1758290000000000001,1758280000000000001,2026-04-26,7992,87,5820,69033245,8637793,0.010886,0.28,20.25
1758300000000000002,1758290000000000001,1758280000000000001,2026-04-26,10566,57,8393,81588458,7721792,0.005395,0.21,18.26
1758300000000000003,1758290000000000002,1758280000000000002,2026-04-26,6360,142,4750,38232995,6011477,0.022327,3.14,397.11
1758300000000000004,1758290000000000003,1758280000000000002,2026-04-26,6905,189,5143,47836549,6927813,0.027371,6.77,323.92
1758300000000000005,1758290000000000004,1758280000000000003,2026-04-26,6122,74,3398,64552158,10544292,0.012088,0.85,88.88
1758300000000000006,1758290000000000005,1758280000000000004,2026-04-26,5178,89,3833,73112336,14119802,0.017188,1.58,84.26
1758300000000000007,1758290000000000005,1758280000000000004,2026-04-26,3970,77,2978,55991980,14103773,0.019395,2.04,150.19
1758300000000000001,1758290000000000001,1758280000000000001,2026-04-27,12222,99,7930,70226452,5745905,0.0081,0.49,68.29
1758300000000000002,1758290000000000001,1758280000000000001,2026-04-27,7780,58,5762,57642805,7409101,0.007455,0.29,22.47
1758300000000000003,1758290000000000002,1758280000000000002,2026-04-27,4591,102,2828,39454128,8593798,0.022217,2.4,161.5
1758300000000000004,1758290000000000003,1758280000000000002,2026-04-27,4016,73,3181,33614019,8370025,0.018177,2.69,273.45
1758300000000000005,1758290000000000004,1758280000000000003,2026-04-27,5200,82,3664,54801110,10538675,0.015769,1.01,82.31
1758300000000000006,1758290000000000005,1758280000000000004,2026-04-27,4928,125,2732,50525215,10252682,0.025365,2.32,122.01
1758300000000000007,1758290000000000005,1758280000000000004,2026-04-27,4985,91,3554,59077006,11850954,0.018255,1.49,160.99
1758300000000000001,1758290000000000001,1758280000000000001,2026-04-28,9447,69,5455,63365790,6707504,0.007304,0.29,13.66
1758300000000000002,1758290000000000001,1758280000000000001,2026-04-28,10955,89,8159,64889010,5923232,0.008124,0.32,27.99
1758300000000000003,1758290000000000002,1758280000000000002,2026-04-28,4742,136,3714,29582725,6238449,0.02868,3.8,314.05
1758300000000000004,1758290000000000003,1758280000000000002,2026-04-28,3395,64,2222,43705732,12873559,0.018851,1.88,81.58
1758300000000000005,1758290000000000004,1758280000000000003,2026-04-28,6683,86,3814,54966343,8224801,0.012868,0.73,57.49
1758300000000000006,1758290000000000005,1758280000000000004,2026-04-28,3759,64,2569,54703342,14552632,0.017026,1.82,75.7
1758300000000000007,1758290000000000005,1758280000000000004,2026-04-28,5732,104,3403,55229343,9635266,0.018144,2.18,268.41
1758300000000000001,1758290000000000001,1758280000000000001,2026-04-29,6653,74,4045,52013455,7818045,0.011123,0.27,22.7
1758300000000000002,1758290000000000001,1758280000000000001,2026-04-29,11569,109,6775,64732838,5595370,0.009422,0.5,50.67
1758300000000000003,1758290000000000002,1758280000000000002,2026-04-29,3064,58,1835,34663508,11313155,0.01893,2.11,162.07
1758300000000000004,1758290000000000003,1758280000000000002,2026-04-29,2978,69,2217,32048659,10761806,0.02317,2.42,115.3
1758300000000000005,1758290000000000004,1758280000000000003,2026-04-29,6379,76,5065,50034126,7843569,0.011914,0.67,28.01
1758300000000000006,1758290000000000005,1758280000000000004,2026-04-29,3245,52,2090,48207187,14855836,0.016025,1.1,101.4
1758300000000000007,1758290000000000005,1758280000000000004,2026-04-29,6405,93,3988,51861064,8096965,0.01452,2.04,162.03
1758300000000000001,1758290000000000001,1758280000000000001,2026-04-30,19121,104,11391,89681196,4690194,0.005439,0.54,49.61
1758300000000000002,1758290000000000001,1758280000000000001,2026-04-30,10629,60,7832,79104090,7442289,0.005645,0.29,24.17
1758300000000000003,1758290000000000002,1758280000000000002,2026-04-30,8132,165,5508,50394228,6197028,0.02029,6.15,762.63
1758300000000000004,1758290000000000003,1758280000000000002,2026-04-30,6912,194,4818,46054507,6662978,0.028067,7.53,593.15
1758300000000000005,1758290000000000004,1758280000000000003,2026-04-30,14265,194,9377,72336551,5070911,0.0136,1.55,109.49
1758300000000000006,1758290000000000005,1758280000000000004,2026-04-30,8290,170,6409,65315733,7878858,0.020507,2.94,167.27
1758300000000000007,1758290000000000005,1758280000000000004,2026-04-30,10356,182,7136,79357369,7662936,0.017574,3.46,141.6
1758300000000000001,1758290000000000001,1758280000000000001,2026-05-01,13607,131,9470,65014341,4778007,0.009627,0.45,61.54
1758300000000000002,1758290000000000001,1758280000000000001,2026-05-01,9238,47,6857,66340305,7181241,0.005088,0.18,15.07
1758300000000000003,1758290000000000002,1758280000000000002,2026-05-01,3748,58,2318,43889197,11710031,0.015475,1.92,222.99
1758300000000000004,1758290000000000003,1758280000000000002,2026-05-01,3812,68,2645,31170601,8176968,0.017838,1.53,183.95
1758300000000000005,1758290000000000004,1758280000000000003,2026-05-01,9240,147,7341,56294849,6092516,0.015909,1.25,148.1
1758300000000000006,1758290000000000005,1758280000000000004,2026-05-01,7698,131,5310,58404876,7587019,0.017017,2.66,272.83
1758300000000000007,1758290000000000005,1758280000000000004,2026-05-01,4115,61,2892,54184821,13167636,0.014824,1.03,70.94
1758300000000000001,1758290000000000001,1758280000000000001,2026-05-02,6257,39,3892,52415563,8377108,0.006233,0.18,20.05
1758300000000000002,1758290000000000001,1758280000000000001,2026-05-02,11841,134,9105,68888455,5817790,0.011317,0.38,44.36
1758300000000000003,1758290000000000002,1758280000000000002,2026-05-02,3074,78,1933,31285659,10177508,0.025374,2.46,225.09
1758300000000000004,1758290000000000003,1758280000000000002,2026-05-02,3903,65,2559,38030923,9744023,0.016654,1.78,94.83
1758300000000000005,1758290000000000004,1758280000000000003,2026-05-02,6278,111,3857,51987436,8280891,0.017681,1.01,118.71
1758300000000000006,1758290000000000005,1758280000000000004,2026-05-02,4337,72,2991,50377171,11615672,0.016601,2.04,278.04
1758300000000000007,1758290000000000005,1758280000000000004,2026-05-02,4848,114,2671,53597702,11055632,0.023515,2.11,249.52
1758300000000000001,1758290000000000001,1758280000000000001,2026-05-03,10049,105,5982,56915152,5663763,0.010449,0.44,43.03
1758300000000000002,1758290000000000001,1758280000000000001,2026-05-03,6703,34,5081,56733899,8463956,0.005072,0.18,13.53
1758300000000000003,1758290000000000002,1758280000000000002,2026-05-03,2475,57,1639,27275316,11020330,0.02303,1.36,186.1
1758300000000000004,1758290000000000003,1758280000000000002,2026-05-03,3416,90,2067,37666999,11026639,0.026347,2.54,211.55
1758300000000000006,1758290000000000005,1758280000000000004,2026-05-03,3930,62,2358,51506206,13105905,0.015776,1.64,152.18
1758300000000000007,1758290000000000005,1758280000000000004,2026-05-03,3737,69,2870,45907266,12284524,0.018464,1.13,144.64
1758300000000000001,1758290000000000001,1758280000000000001,2026-05-04,11037,126,7761,97997636,8879010,0.011416,0.46,53.39
1758300000000000002,1758290000000000001,1758280000000000001,2026-05-04,24552,174,16908,103519978,4216356,0.007087,0.53,66.11
1758300000000000003,1758290000000000002,1758280000000000002,2026-05-04,6921,129,4439,50818482,7342650,0.018639,4.75,602.54
1758300000000000004,1758290000000000003,1758280000000000002,2026-05-04,9602,253,6268,64334441,6700108,0.026349,7.72,772.48
1758300000000000005,1758290000000000004,1758280000000000003,2026-05-04,9812,92,7319,86364692,8801946,0.009376,0.73,88.27
1758300000000000006,1758290000000000005,1758280000000000004,2026-05-04,8390,141,6693,76481211,9115758,0.016806,2.61,237.91
1758300000000000007,1758290000000000005,1758280000000000004,2026-05-04,12709,280,8962,96248173,7573229,0.022032,6.66,366.57
1758300000000000001,1758290000000000001,1758280000000000001,2026-05-05,19693,118,15693,90989442,4620395,0.005992,0.42,17.3
1758300000000000002,1758290000000000001,1758280000000000001,2026-05-05,13809,126,9684,80560698,5833927,0.009124,0.52,57.14
1758300000000000003,1758290000000000002,1758280000000000002,2026-05-05,5694,134,3722,49696885,8727939,0.023534,3.41,392.33
1758300000000000004,1758290000000000003,1758280000000000002,2026-05-05,6519,195,4631,48331766,7413985,0.029913,4.1,568.28
1758300000000000005,1758290000000000004,1758280000000000003,2026-05-05,11303,163,8534,73521489,6504600,0.014421,2.05,219.04
1758300000000000006,1758290000000000005,1758280000000000004,2026-05-05,7505,134,4148,75261174,10028138,0.017855,3.82,479.46
1758300000000000007,1758290000000000005,1758280000000000004,2026-05-05,5450,79,3082,71781803,13170973,0.014495,1.81,180.58
1758300000000000001,1758290000000000001,1758280000000000001,2026-05-06,15539,79,11993,87004737,5599121,0.005084,0.39,43.98
1758300000000000002,1758290000000000001,1758280000000000001,2026-05-06,11908,120,8430,84123290,7064435,0.010077,0.49,31.36
1758300000000000003,1758290000000000002,1758280000000000002,2026-05-06,3929,111,2433,47292229,12036709,0.028251,3.49,332.1
1758300000000000004,1758290000000000003,1758280000000000002,2026-05-06,6270,121,4978,50495216,8053463,0.019298,3.8,296.17
1758300000000000005,1758290000000000004,1758280000000000003,2026-05-06,10009,110,7477,73340583,7327464,0.01099,1.02,63.63
1758300000000000006,1758290000000000005,1758280000000000004,2026-05-06,4758,87,2694,70168673,14747514,0.018285,1.82,223.04
1758300000000000007,1758290000000000005,1758280000000000004,2026-05-06,5378,115,3238,76512494,14226942,0.021383,2.09,225.17
1758300000000000001,1758290000000000001,1758280000000000001,2026-05-07,14307,83,10101,108010727,7549502,0.005801,0.31,17.07
1758300000000000002,1758290000000000001,1758280000000000001,2026-05-07,14396,98,8154,110015704,7642102,0.006807,0.5,38.85
1758300000000000003,1758290000000000002,1758280000000000002,2026-05-07,5044,115,3584,59294047,11755362,0.022799,4.46,576.16
1758300000000000004,1758290000000000003,1758280000000000002,2026-05-07,5441,119,3007,65292485,12000089,0.021871,2.86,191.89
1758300000000000005,1758290000000000004,1758280000000000003,2026-05-07,14872,204,8192,93439899,6282941,0.013717,2.5,110.43
1758300000000000006,1758290000000000005,1758280000000000004,2026-05-07,5853,137,3339,86099491,14710318,0.023407,2.16,264.92
1758300000000000007,1758290000000000005,1758280000000000004,2026-05-07,14049,245,8895,100780307,7173486,0.017439,5.77,315.37
1758300000000000001,1758290000000000001,1758280000000000001,2026-05-08,9545,88,7549,74997638,7857270,0.009219,0.37,39.1
1758300000000000002,1758290000000000001,1758280000000000001,2026-05-08,9780,54,5621,86531615,8847813,0.005521,0.22,30.66
1758300000000000003,1758290000000000002,1758280000000000002,2026-05-08,4806,78,3147,46102977,9592796,0.01623,2.35,291.31
1758300000000000004,1758290000000000003,1758280000000000002,2026-05-08,4687,104,2912,46199453,9856935,0.022189,2.41,107.84
1758300000000000005,1758290000000000004,1758280000000000003,2026-05-08,8761,116,6816,69226822,7901703,0.01324,1.16,134.19
1758300000000000006,1758290000000000005,1758280000000000004,2026-05-08,7851,189,4834,67776659,8632870,0.024073,4.64,457.74
1758300000000000007,1758290000000000005,1758280000000000004,2026-05-08,6496,93,3926,70676986,10880078,0.014317,2.46,314.12
1758300000000000001,1758290000000000001,1758280000000000001,2026-05-09,10950,80,6235,62811655,5736224,0.007306,0.36,22.17
1758300000000000002,1758290000000000001,1758280000000000001,2026-05-09,9656,51,6553,85402707,8844522,0.005282,0.19,9.24
1758300000000000003,1758290000000000002,1758280000000000002,2026-05-09,4716,97,2929,43323036,9186394,0.020568,2.53,349.86
1758300000000000004,1758290000000000003,1758280000000000002,2026-05-09,5377,84,3136,41370886,7694046,0.015622,2.52,195.39
1758300000000000005,1758290000000000004,1758280000000000003,2026-05-09,8668,98,6037,63520441,7328154,0.011306,0.84,80.72
1758300000000000007,1758290000000000005,1758280000000000004,2026-05-09,4475,93,3449,57182331,12778175,0.020782,2.33,188.01
1758300000000000001,1758290000000000001,1758280000000000001,2026-05-10,8093,75,5681,62985280,7782686,0.009267,0.3,22.77
1758300000000000002,1758290000000000001,1758280000000000001,2026-05-10,10361,89,5848,78061334,7534151,0.00859,0.35,40.96
1758300000000000003,1758290000000000002,1758280000000000002,2026-05-10,3552,89,2364,42060458,11841345,0.025056,2.3,222.37
1758300000000000004,1758290000000000003,1758280000000000002,2026-05-10,5234,81,3415,38537607,7362936,0.015476,2.65,230.45
1758300000000000005,1758290000000000004,1758280000000000003,2026-05-10,5675,71,4210,60448549,10651727,0.012511,0.58,79.17
1758300000000000006,1758290000000000005,1758280000000000004,2026-05-10,4673,112,3449,61218312,13100431,0.023967,2.24,268.62
1758300000000000007,1758290000000000005,1758280000000000004,2026-05-10,6035,83,3907,59678786,9888780,0.013753,1.61,120.27
1758300000000000001,1758290000000000001,1758280000000000001,2026-05-11,9377,70,6733,79812039,8511468,0.007465,0.23,28.59
1758300000000000002,1758290000000000001,1758280000000000001,2026-05-11,25261,162,15050,113232494,4482502,0.006413,0.73,48.48
1758300000000000003,1758290000000000002,1758280000000000002,2026-05-11,7121,119,4640,59885040,8409639,0.016711,3.02,198.7
1758300000000000004,1758290000000000003,1758280000000000002,2026-05-11,4118,78,2867,50426122,12245294,0.018941,1.86,103.67
1758300000000000005,1758290000000000004,1758280000000000003,2026-05-11,7596,81,5110,82733371,10891702,0.010664,0.86,67.41
1758300000000000006,1758290000000000005,1758280000000000004,2026-05-11,7660,165,5872,75999532,9921610,0.02154,3.4,348.46
1758300000000000007,1758290000000000005,1758280000000000004,2026-05-11,8876,170,5383,89467210,10079677,0.019153,4.35,432.22
1758300000000000001,1758290000000000001,1758280000000000001,2026-05-12,7684,67,4675,67759341,8818238,0.008719,0.26,10.91
1758300000000000002,1758290000000000001,1758280000000000001,2026-05-12,11258,81,8754,67830728,6025114,0.007195,0.23,13.83
1758300000000000004,1758290000000000003,1758280000000000002,2026-05-12,4492,114,3370,39269492,8742095,0.025378,4.19,194.74
1758300000000000005,1758290000000000004,1758280000000000003,2026-05-12,6477,111,5086,58110029,8971751,0.017138,0.79,85.13
1758300000000000006,1758290000000000005,1758280000000000004,2026-05-12,6765,161,3838,68329270,10100409,0.023799,3.12,234.62
1758300000000000007,1758290000000000005,1758280000000000004,2026-05-12,3842,82,2843,47890789,12465067,0.021343,1.39,181.27
1758300000000000001,1758290000000000001,1758280000000000001,2026-05-13,15890,109,10092,70078334,4410216,0.00686,0.42,32.74
1758300000000000002,1758290000000000001,1758280000000000001,2026-05-13,8378,77,6561,70285434,8389286,0.009191,0.38,49.81
1758300000000000003,1758290000000000002,1758280000000000002,2026-05-13,3057,46,2241,37911839,12401648,0.015047,1.56,68.56
1758300000000000004,1758290000000000003,1758280000000000002,2026-05-13,6062,144,4601,42296029,6977240,0.023755,4.79,576.15
1758300000000000005,1758290000000000004,1758280000000000003,2026-05-13,7353,75,4431,60155901,8181137,0.0102,0.64,70.21
1758300000000000006,1758290000000000005,1758280000000000004,2026-05-13,4449,62,2849,63324551,14233435,0.013936,1.05,73.91
1758300000000000007,1758290000000000005,1758280000000000004,2026-05-13,5223,124,3118,56987251,10910827,0.023741,2.95,316.98
1758300000000000001,1758290000000000001,1758280000000000001,2026-05-14,12796,110,9332,81133499,6340536,0.008596,0.39,26.14
1758300000000000002,1758290000000000001,1758280000000000001,2026-05-14,19263,156,13145,87869660,4561577,0.008098,0.55,36.58
1758300000000000003,1758290000000000002,1758280000000000002,2026-05-14,4212,99,2793,46514415,11043308,0.023504,3.25,292.49
1758300000000000004,1758290000000000003,1758280000000000002,2026-05-14,4741,140,2727,50058819,10558705,0.02953,3.32,333.99
1758300000000000005,1758290000000000004,1758280000000000003,2026-05-14,10374,166,7152,72429925,6981871,0.016002,1.38,79.89
1758300000000000006,1758290000000000005,1758280000000000004,2026-05-14,5215,134,3995,73401825,14075134,0.025695,2.07,282.02
1758300000000000007,1758290000000000005,1758280000000000004,2026-05-14,5025,71,2878,71458026,14220503,0.014129,1.96,162.51
1758300000000000001,1758290000000000001,1758280000000000001,2026-05-15,9341,63,6250,73935234,7915130,0.006744,0.31,22.33
1758300000000000002,1758290000000000001,1758280000000000001,2026-05-15,9008,48,5788,63715375,7073199,0.005329,0.14,18.42
1758300000000000003,1758290000000000002,1758280000000000002,2026-05-15,4523,77,3014,41116679,9090577,0.017024,2.89,192.75
1758300000000000004,1758290000000000003,1758280000000000002,2026-05-15,6176,127,4607,37540812,6078499,0.020563,3.43,188.86
1758300000000000005,1758290000000000004,1758280000000000003,2026-05-15,8204,95,5598,58993118,7190775,0.01158,0.68,70.29
1758300000000000007,1758290000000000005,1758280000000000004,2026-05-15,4440,92,2642,56416912,12706512,0.020721,1.63,83.6
1758300000000000001,1758290000000000001,1758280000000000001,2026-05-16,12485,148,8640,77040242,6170624,0.011854,0.68,30.03
1758300000000000002,1758290000000000001,1758280000000000001,2026-05-16,15462,116,10799,91133362,5894022,0.007502,0.49,50.67
1758300000000000003,1758290000000000002,1758280000000000002,2026-05-16,6489,108,3912,44206048,6812459,0.016644,2.8,193.94
1758300000000000004,1758290000000000003,1758280000000000002,2026-05-16,4028,81,3086,51893154,12883107,0.020109,2.74,286.86
1758300000000000005,1758290000000000004,1758280000000000003,2026-05-16,9755,88,7499,72074401,7388457,0.009021,1.14,145.12
1758300000000000006,1758290000000000005,1758280000000000004,2026-05-16,5473,107,3212,73697201,13465595,0.019551,2.16,127.86
1758300000000000007,1758290000000000005,1758280000000000004,2026-05-16,5512,94,3935,70451602,12781495,0.017054,2.42,237.05
1758300000000000001,1758290000000000001,1758280000000000001,2026-05-17,10838,119,6204,89705977,8276986,0.01098,0.47,48.36
1758300000000000002,1758290000000000001,1758280000000000001,2026-05-17,12077,126,9132,107397478,8892728,0.010433,0.41,39.19
1758300000000000003,1758290000000000002,1758280000000000002,2026-05-17,8351,132,5471,58762470,7036579,0.015806,3.96,463.69
1758300000000000004,1758290000000000003,1758280000000000002,2026-05-17,6209,175,4329,53868076,8675805,0.028185,5.09,347.89
1758300000000000005,1758290000000000004,1758280000000000003,2026-05-17,12635,114,9147,84472909,6685628,0.009023,1.27,83.93
1758300000000000006,1758290000000000005,1758280000000000004,2026-05-17,8304,213,4983,72315805,8708551,0.02565,5.13,339.86
1758300000000000007,1758290000000000005,1758280000000000004,2026-05-17,6751,101,4202,96630013,14313437,0.014961,2.07,200.57
1758300000000000001,1758290000000000001,1758280000000000001,2026-05-18,16359,180,12560,77772238,4754095,0.011003,0.58,58.36
1758300000000000002,1758290000000000001,1758280000000000001,2026-05-18,14020,110,10937,79238964,5651852,0.007846,0.49,62.77
1758300000000000003,1758290000000000002,1758280000000000002,2026-05-18,6437,166,4259,41391112,6430187,0.025788,5.02,517.85
1758300000000000004,1758290000000000003,1758280000000000002,2026-05-18,4920,76,3148,48329575,9823084,0.015447,2.92,184.21
1758300000000000005,1758290000000000004,1758280000000000003,2026-05-18,9923,175,7921,67290515,6781267,0.017636,2.22,146.21
1758300000000000006,1758290000000000005,1758280000000000004,2026-05-18,8962,195,7018,66733482,7446271,0.021759,3.51,155.0
1758300000000000007,1758290000000000005,1758280000000000004,2026-05-18,6026,155,4484,67847548,11259135,0.025722,3.94,484.45
1758300000000000001,1758290000000000001,1758280000000000001,2026-05-19,20384,182,16000,96183529,4718580,0.008929,0.66,38.63
1758300000000000002,1758290000000000001,1758280000000000001,2026-05-19,14906,172,8690,79953806,5363867,0.011539,0.83,108.77
1758300000000000003,1758290000000000002,1758280000000000002,2026-05-19,4624,103,2765,58743596,12704065,0.022275,3.51,141.98
1758300000000000004,1758290000000000003,1758280000000000002,2026-05-19,6682,127,4365,41906310,6271522,0.019006,3.24,414.59
1758300000000000005,1758290000000000004,1758280000000000003,2026-05-19,14542,254,11520,75487429,5190994,0.017467,3.14,208.87
1758300000000000006,1758290000000000005,1758280000000000004,2026-05-19,11339,151,9032,86852292,7659608,0.013317,2.61,222.8
1758300000000000007,1758290000000000005,1758280000000000004,2026-05-19,7538,99,5716,64122566,8506575,0.013133,2.28,157.31
1758300000000000001,1758290000000000001,1758280000000000001,2026-05-20,11413,76,9023,83483206,7314747,0.006659,0.25,28.5
1758300000000000002,1758290000000000001,1758280000000000001,2026-05-20,7626,64,5568,62434833,8187101,0.008392,0.3,32.26
1758300000000000003,1758290000000000002,1758280000000000002,2026-05-20,3690,109,2249,39624646,10738386,0.029539,3.94,457.95
1758300000000000004,1758290000000000003,1758280000000000002,2026-05-20,3469,78,2223,43757090,12613747,0.022485,2.69,286.12
1758300000000000005,1758290000000000004,1758280000000000003,2026-05-20,6647,86,3792,62536302,9408199,0.012938,0.78,60.86
1758300000000000006,1758290000000000005,1758280000000000004,2026-05-20,8491,198,5075,63344815,7460230,0.023319,3.68,307.66
1758300000000000007,1758290000000000005,1758280000000000004,2026-05-20,4472,113,3118,61727790,13803173,0.025268,1.75,142.85
1758300000000000001,1758290000000000001,1758280000000000001,2026-05-21,12671,95,8751,94182684,7432932,0.007497,0.49,46.02
1758300000000000002,1758290000000000001,1758280000000000001,2026-05-21,8883,95,6966,77757112,8753474,0.010695,0.32,39.07
1758300000000000003,1758290000000000002,1758280000000000002,2026-05-21,7225,177,4750,46099898,6380609,0.024498,4.21,405.99
1758300000000000004,1758290000000000003,1758280000000000002,2026-05-21,8643,185,6236,52151413,6033948,0.021405,4.8,518.47
1758300000000000005,1758290000000000004,1758280000000000003,2026-05-21,8631,108,6751,73688484,8537653,0.012513,1.02,98.14
1758300000000000006,1758290000000000005,1758280000000000004,2026-05-21,6948,171,4411,77633956,11173569,0.024611,4.51,188.79
1758300000000000007,1758290000000000005,1758280000000000004,2026-05-21,7577,122,5314,69743012,9204568,0.016101,3.38,148.71
1758300000000000001,1758290000000000001,1758280000000000001,2026-05-22,15113,80,8826,79454582,5257367,0.005293,0.37,40.95
1758300000000000002,1758290000000000001,1758280000000000001,2026-05-22,12720,112,9667,60400111,4748436,0.008805,0.53,61.54
1758300000000000003,1758290000000000002,1758280000000000002,2026-05-22,3303,70,2209,41641484,12607170,0.021193,1.92,209.26
1758300000000000004,1758290000000000003,1758280000000000002,2026-05-22,3656,77,2834,38275483,10469224,0.021061,2.27,218.9
1758300000000000005,1758290000000000004,1758280000000000003,2026-05-22,6577,101,4471,59937726,9113232,0.015357,0.99,94.39
1758300000000000006,1758290000000000005,1758280000000000004,2026-05-22,4822,72,3480,63473992,13163416,0.014932,1.12,68.39
1758300000000000007,1758290000000000005,1758280000000000004,2026-05-22,6415,148,4537,56401459,8792121,0.023071,3.12,198.42
1758300000000000001,1758290000000000001,1758280000000000001,2026-05-23,11075,58,7207,92282989,8332550,0.005237,0.23,21.41
1758300000000000002,1758290000000000001,1758280000000000001,2026-05-23,14752,144,10928,79400260,5382339,0.009761,0.54,34.57
1758300000000000003,1758290000000000002,1758280000000000002,2026-05-23,4323,112,3427,47179044,10913496,0.025908,4.22,370.33
1758300000000000004,1758290000000000003,1758280000000000002,2026-05-23,5757,120,4380,50925669,8845869,0.020844,2.77,245.85
1758300000000000005,1758290000000000004,1758280000000000003,2026-05-23,9391,147,6343,73578535,7835005,0.015653,1.63,73.35
1758300000000000006,1758290000000000005,1758280000000000004,2026-05-23,7024,158,4209,76779467,10931018,0.022494,3.27,318.71
1758300000000000007,1758290000000000005,1758280000000000004,2026-05-23,8916,174,5749,70377603,7893405,0.019515,2.7,227.92
1758300000000000001,1758290000000000001,1758280000000000001,2026-05-24,17124,134,11413,114070728,6661453,0.007825,0.58,38.9
1758300000000000002,1758290000000000001,1758280000000000001,2026-05-24,11362,112,6760,96714538,8512105,0.009857,0.34,33.46
1758300000000000003,1758290000000000002,1758280000000000002,2026-05-24,5728,151,3790,65635502,11458712,0.026362,4.23,233.14
1758300000000000004,1758290000000000003,1758280000000000002,2026-05-24,9083,229,5614,54813221,6034705,0.025212,7.67,548.54
1758300000000000005,1758290000000000004,1758280000000000003,2026-05-24,9453,151,5748,90336542,9556389,0.015974,1.1,98.72
1758300000000000006,1758290000000000005,1758280000000000004,2026-05-24,8356,192,6578,82493558,9872374,0.022978,4.36,519.42
1758300000000000007,1758290000000000005,1758280000000000004,2026-05-24,7049,138,4740,98179527,13928150,0.019577,3.54,275.59
1758300000000000001,1758290000000000001,1758280000000000001,2026-05-25,11740,111,7532,97696574,8321684,0.009455,0.54,51.68
1758300000000000002,1758290000000000001,1758280000000000001,2026-05-25,12321,105,6827,84478348,6856452,0.008522,0.37,18.94
1758300000000000003,1758290000000000002,1758280000000000002,2026-05-25,5920,93,4318,60363109,10196471,0.015709,3.26,359.39
1758300000000000004,1758290000000000003,1758280000000000002,2026-05-25,4298,107,3138,43736846,10176093,0.024895,2.88,155.89
1758300000000000005,1758290000000000004,1758280000000000003,2026-05-25,8538,73,5039,78074966,9144409,0.00855,0.7,32.32
1758300000000000007,1758290000000000005,1758280000000000004,2026-05-25,8683,140,6251,90469651,10419170,0.016123,3.43,291.67
1758300000000000001,1758290000000000001,1758280000000000001,2026-05-26,17441,96,13407,87955596,5043036,0.005504,0.34,43.6
1758300000000000002,1758290000000000001,1758280000000000001,2026-05-26,13043,156,8204,82031209,6289290,0.01196,0.74,85.86
1758300000000000003,1758290000000000002,1758280000000000002,2026-05-26,4006,96,3070,50761312,12671321,0.023964,2.8,265.49
1758300000000000004,1758290000000000003,1758280000000000002,2026-05-26,5352,132,3914,46374006,8664799,0.024664,4.22,238.18
1758300000000000005,1758290000000000004,1758280000000000003,2026-05-26,14018,250,9443,72851488,5196996,0.017834,2.98,296.39
1758300000000000006,1758290000000000005,1758280000000000004,2026-05-26,8380,160,6349,74041436,8835494,0.019093,3.58,168.25
1758300000000000007,1758290000000000005,1758280000000000004,2026-05-26,5164,120,3771,71661539,13877138,0.023238,3.37,292.82
1758300000000000001,1758290000000000001,1758280000000000001,2026-05-27,20445,133,12611,87193329,4264775,0.006505,0.63,43.13
1758300000000000002,1758290000000000001,1758280000000000001,2026-05-27,13894,86,7741,89714950,6457100,0.00619,0.28,38.61
1758300000000000003,1758290000000000002,1758280000000000002,2026-05-27,5159,126,3358,41608385,8065204,0.024423,2.94,409.11
1758300000000000004,1758290000000000003,1758280000000000002,2026-05-27,5557,108,3374,59482061,10703988,0.019435,4.15,574.38
1758300000000000005,1758290000000000004,1758280000000000003,2026-05-27,7914,132,4425,75817834,9580217,0.016679,1.59,150.74
1758300000000000006,1758290000000000005,1758280000000000004,2026-05-27,9222,187,6616,70354718,7629009,0.020278,5.08,318.67
1758300000000000007,1758290000000000005,1758280000000000004,2026-05-27,6392,147,4795,81280949,12716043,0.022997,2.3,140.32
1758300000000000001,1758290000000000001,1758280000000000001,2026-05-28,17480,190,10737,81388809,4656110,0.01087,0.83,35.12
1758300000000000002,1758290000000000001,1758280000000000001,2026-05-28,12387,80,6883,74554387,6018761,0.006458,0.34,47.07
1758300000000000003,1758290000000000002,1758280000000000002,2026-05-28,4829,95,3834,49945814,10342890,0.019673,2.04,235.65
1758300000000000004,1758290000000000003,1758280000000000002,2026-05-28,6470,133,5032,39164583,6053259,0.020556,3.51,453.7
1758300000000000005,1758290000000000004,1758280000000000003,2026-05-28,6298,73,4498,66832798,10611749,0.011591,0.9,125.11
1758300000000000006,1758290000000000005,1758280000000000004,2026-05-28,8768,196,5066,75214851,8578336,0.022354,5.49,433.17
1758300000000000007,1758290000000000005,1758280000000000004,2026-05-28,4090,78,2561,58450746,14291136,0.019071,1.4,121.95
1758300000000000001,1758290000000000001,1758280000000000001,2026-05-29,8039,43,4803,68136023,8475684,0.005349,0.16,13.94
1758300000000000002,1758290000000000001,1758280000000000001,2026-05-29,7474,87,4669,50093728,6702399,0.01164,0.39,50.26
1758300000000000004,1758290000000000003,1758280000000000002,2026-05-29,2680,49,2022,33342968,12441406,0.018284,1.26,171.8
1758300000000000005,1758290000000000004,1758280000000000003,2026-05-29,7128,83,5402,50669893,7108571,0.011644,0.83,78.0
1758300000000000006,1758290000000000005,1758280000000000004,2026-05-29,3059,52,2264,45030838,14720771,0.016999,1.43,110.98
1758300000000000007,1758290000000000005,1758280000000000004,2026-05-29,6195,86,3692,56308949,9089419,0.013882,1.83,158.99
1758300000000000001,1758290000000000001,1758280000000000001,2026-05-30,5729,56,3650,50279008,8776228,0.009775,0.21,21.5
1758300000000000002,1758290000000000001,1758280000000000001,2026-05-30,15096,138,11396,66006793,4372469,0.009141,0.56,22.64
1758300000000000003,1758290000000000002,1758280000000000002,2026-05-30,3048,66,1725,33492423,10988328,0.021654,2.41,182.78
1758300000000000004,1758290000000000003,1758280000000000002,2026-05-30,3277,68,2558,32956607,10056944,0.020751,1.7,135.42
1758300000000000005,1758290000000000004,1758280000000000003,2026-05-30,8998,88,5687,49836772,5538650,0.00978,0.77,93.42
1758300000000000006,1758290000000000005,1758280000000000004,2026-05-30,4712,119,3020,57510241,12205060,0.025255,2.15,273.25
1758300000000000007,1758290000000000005,1758280000000000004,2026-05-30,4580,118,2894,42163303,9205961,0.025764,2.19,175.81
1758300000000000001,1758290000000000001,1758280000000000001,2026-05-31,12249,77,7565,83306139,6801056,0.006286,0.23,22.63
1758300000000000002,1758290000000000001,1758280000000000001,2026-05-31,12392,119,9439,74217907,5989179,0.009603,0.47,28.1
1758300000000000004,1758290000000000003,1758280000000000002,2026-05-31,5248,144,3286,52054903,9918998,0.027439,3.27,269.46
1758300000000000005,1758290000000000004,1758280000000000003,2026-05-31,6346,83,3794,67510305,10638245,0.013079,0.74,101.3
1758300000000000006,1758290000000000005,1758280000000000004,2026-05-31,8366,194,4747,74872263,8949589,0.023189,4.61,512.85
1758300000000000007,1758290000000000005,1758280000000000004,2026-05-31,4230,59,2596,60148347,14219467,0.013948,1.63,155.85
1758300000000000001,1758290000000000001,1758280000000000001,2026-06-01,9492,85,5603,71537138,7536572,0.008955,0.33,39.56
1758300000000000002,1758290000000000001,1758280000000000001,2026-06-01,14376,152,10338,70985544,4937781,0.010573,0.45,19.64
1758300000000000003,1758290000000000002,1758280000000000002,2026-06-01,5782,152,3672,45469376,7863953,0.026288,5.43,648.87
1758300000000000004,1758290000000000003,1758280000000000002,2026-06-01,4526,70,2947,35972157,7947892,0.015466,2.58,284.38
1758300000000000005,1758290000000000004,1758280000000000003,2026-06-01,5756,69,4177,61081149,10611735,0.011987,0.52,21.28
1758300000000000006,1758290000000000005,1758280000000000004,2026-06-01,4718,118,2952,63146088,13384080,0.025011,2.14,159.09
1758300000000000007,1758290000000000005,1758280000000000004,2026-06-01,6410,117,4811,59016211,9206897,0.018253,3.34,200.51
1758300000000000001,1758290000000000001,1758280000000000001,2026-06-02,11811,88,8868,68698398,5816476,0.007451,0.41,56.4
1758300000000000002,1758290000000000001,1758280000000000001,2026-06-02,16067,191,8899,77045319,4795252,0.011888,0.7,35.97
1758300000000000003,1758290000000000002,1758280000000000002,2026-06-02,5650,164,4248,44780869,7925818,0.029027,4.38,442.88
1758300000000000004,1758290000000000003,1758280000000000002,2026-06-02,3275,64,2012,38501255,11756108,0.019542,1.55,207.31
1758300000000000005,1758290000000000004,1758280000000000003,2026-06-02,8612,141,6011,62461593,7252856,0.016373,1.18,68.21
1758300000000000006,1758290000000000005,1758280000000000004,2026-06-02,8616,121,6719,63152658,7329696,0.014044,3.05,265.06
1758300000000000007,1758290000000000005,1758280000000000004,2026-06-02,6582,123,4793,61770528,9384766,0.018687,3.35,385.43
1758300000000000001,1758290000000000001,1758280000000000001,2026-06-03,11321,60,6858,66818501,5902173,0.0053,0.19,23.74
1758300000000000002,1758290000000000001,1758280000000000001,2026-06-03,9645,107,5595,52498608,5443091,0.011094,0.52,33.95
1758300000000000003,1758290000000000002,1758280000000000002,2026-06-03,2889,54,2173,32589851,11280668,0.018692,1.3,103.26
1758300000000000004,1758290000000000003,1758280000000000002,2026-06-03,4491,92,2851,35591354,7925040,0.020485,2.7,332.04
1758300000000000005,1758290000000000004,1758280000000000003,2026-06-03,8400,68,5565,51135904,6087608,0.008095,0.7,55.01
1758300000000000006,1758290000000000005,1758280000000000004,2026-06-03,3154,68,2346,42436717,13454888,0.02156,1.61,213.41
1758300000000000007,1758290000000000005,1758280000000000004,2026-06-03,4653,81,3001,59835091,12859465,0.017408,1.68,201.55
1758300000000000001,1758290000000000001,1758280000000000001,2026-06-04,8332,83,6241,66593572,7992507,0.009962,0.4,19.97
1758300000000000002,1758290000000000001,1758280000000000001,2026-06-04,10298,111,6042,55414076,5381052,0.010779,0.37,27.63
1758300000000000003,1758290000000000002,1758280000000000002,2026-06-04,3642,102,2209,28866798,7926084,0.028007,2.69,165.62
1758300000000000004,1758290000000000003,1758280000000000002,2026-06-04,3683,94,2504,40851858,11092006,0.025523,2.45,121.25
1758300000000000005,1758290000000000004,1758280000000000003,2026-06-04,6118,95,3721,52288992,8546746,0.015528,0.91,123.52
1758300000000000006,1758290000000000005,1758280000000000004,2026-06-04,4697,118,3116,51923839,11054681,0.025122,2.07,276.38
1758300000000000007,1758290000000000005,1758280000000000004,2026-06-04,4898,99,3729,52654145,10750132,0.020212,2.31,204.99
1758300000000000001,1758290000000000001,1758280000000000001,2026-06-05,17065,102,11450,85313784,4999343,0.005977,0.48,61.89
1758300000000000002,1758290000000000001,1758280000000000001,2026-06-05,18632,220,11751,86002994,4615876,0.011808,0.82,97.99
1758300000000000003,1758290000000000002,1758280000000000002,2026-06-05,3886,79,2501,43987726,11319538,0.020329,2.06,151.27
1758300000000000004,1758290000000000003,1758280000000000002,2026-06-05,7666,145,5255,53907576,7032034,0.018915,3.57,160.68
1758300000000000005,1758290000000000004,1758280000000000003,2026-06-05,9128,139,6924,73421476,8043545,0.015228,1.1,147.26
1758300000000000006,1758290000000000005,1758280000000000004,2026-06-05,6079,137,3824,79682158,13107774,0.022537,2.22,183.49
1758300000000000007,1758290000000000005,1758280000000000004,2026-06-05,4631,67,3461,67160794,14502439,0.014468,1.8,191.52
1758300000000000001,1758290000000000001,1758280000000000001,2026-06-06,8306,52,5554,71327264,8587438,0.006261,0.23,15.3
1758300000000000002,1758290000000000001,1758280000000000001,2026-06-06,11253,112,7157,77640642,6899551,0.009953,0.35,29.43
1758300000000000003,1758290000000000002,1758280000000000002,2026-06-06,5066,128,3814,45962674,9072774,0.025266,2.8,199.38
1758300000000000004,1758290000000000003,1758280000000000002,2026-06-06,3103,82,1935,39161844,12620639,0.026426,2.64,305.87
1758300000000000005,1758290000000000004,1758280000000000003,2026-06-06,6774,87,4051,63843388,9424769,0.012843,0.77,61.57
1758300000000000006,1758290000000000005,1758280000000000004,2026-06-06,7185,140,4910,64572241,8987090,0.019485,3.5,377.34
1758300000000000007,1758290000000000005,1758280000000000004,2026-06-06,5301,127,3015,63114535,11906156,0.023958,2.08,241.55
1758300000000000001,1758290000000000001,1758280000000000001,2026-06-07,16985,116,10710,91547996,5389932,0.00683,0.42,27.45
1758300000000000002,1758290000000000001,1758280000000000001,2026-06-07,13714,144,9148,82508940,6016402,0.0105,0.69,39.06
1758300000000000004,1758290000000000003,1758280000000000002,2026-06-07,5272,84,4150,45603893,8650207,0.015933,2.58,186.89
1758300000000000005,1758290000000000004,1758280000000000003,2026-06-07,9296,138,6581,74595830,8024508,0.014845,1.45,92.27
1758300000000000006,1758290000000000005,1758280000000000004,2026-06-07,6009,94,4785,70704908,11766502,0.015643,1.74,153.17
1758300000000000007,1758290000000000005,1758280000000000004,2026-06-07,9578,163,6334,78486751,8194482,0.017018,3.66,442.36
1758300000000000001,1758290000000000001,1758280000000000001,2026-06-08,12420,124,8950,73629370,5928291,0.009984,0.6,57.64
1758300000000000002,1758290000000000001,1758280000000000001,2026-06-08,14375,131,10915,100344806,6980508,0.009113,0.5,63.8
1758300000000000003,1758290000000000002,1758280000000000002,2026-06-08,7291,197,4191,47142893,6465902,0.02702,6.79,806.26
1758300000000000004,1758290000000000003,1758280000000000002,2026-06-08,4653,80,2722,52270922,11233811,0.017193,2.7,132.48
1758300000000000005,1758290000000000004,1758280000000000003,2026-06-08,7148,122,5560,74560361,10430940,0.017068,0.87,73.71
1758300000000000006,1758290000000000005,1758280000000000004,2026-06-08,6807,125,4613,69144373,10157834,0.018363,3.56,166.09
1758300000000000007,1758290000000000005,1758280000000000004,2026-06-08,5454,80,3095,79976350,14663797,0.014668,1.42,64.69
1758300000000000001,1758290000000000001,1758280000000000001,2026-06-09,12332,64,7398,90669093,7352343,0.00519,0.3,32.99
1758300000000000002,1758290000000000001,1758280000000000001,2026-06-09,14305,150,10748,89953705,6288270,0.010486,0.76,72.15
1758300000000000003,1758290000000000002,1758280000000000002,2026-06-09,4107,94,2696,48378937,11779629,0.022888,2.51,148.42
1758300000000000004,1758290000000000003,1758280000000000002,2026-06-09,7611,227,4236,54834091,7204584,0.029825,6.32,362.35
1758300000000000005,1758290000000000004,1758280000000000003,2026-06-09,12072,128,9261,77409771,6412340,0.010603,1.12,154.71
1758300000000000006,1758290000000000005,1758280000000000004,2026-06-09,6509,147,4737,80433023,12357201,0.022584,3.75,173.35
1758300000000000007,1758290000000000005,1758280000000000004,2026-06-09,7781,104,5067,74386518,9560020,0.013366,1.97,166.21
1758300000000000001,1758290000000000001,1758280000000000001,2026-06-10,11241,106,7674,69771250,6206854,0.00943,0.37,23.68
1758300000000000002,1758290000000000001,1758280000000000001,2026-06-10,12132,65,7069,73111636,6026347,0.005358,0.31,42.28
1758300000000000003,1758290000000000002,1758280000000000002,2026-06-10,3194,50,2266,37724272,11810981,0.015654,1.9,120.84
1758300000000000004,1758290000000000003,1758280000000000002,2026-06-10,5279,109,3828,43923091,8320343,0.020648,2.79,327.54
1758300000000000005,1758290000000000004,1758280000000000003,2026-06-10,10540,174,6076,61235522,5809822,0.016509,2.13,106.42
1758300000000000006,1758290000000000005,1758280000000000004,2026-06-10,7271,157,4134,59361560,8164153,0.021593,2.93,295.61
1758300000000000007,1758290000000000005,1758280000000000004,2026-06-10,5477,112,4054,63109485,11522637,0.020449,2.9,139.76
1758300000000000001,1758290000000000001,1758280000000000001,2026-06-11,17408,192,11706,84583396,4858881,0.011029,0.8,99.16
1758300000000000002,1758290000000000001,1758280000000000001,2026-06-11,13007,140,9076,72717640,5590654,0.010763,0.64,29.13
1758300000000000003,1758290000000000002,1758280000000000002,2026-06-11,3812,110,2427,36748004,9640085,0.028856,2.62,111.14
1758300000000000004,1758290000000000003,1758280000000000002,2026-06-11,6480,106,5056,53138302,8200355,0.016358,3.94,358.41
1758300000000000005,1758290000000000004,1758280000000000003,2026-06-11,10852,88,7205,67414730,6212194,0.008109,0.73,38.54
1758300000000000006,1758290000000000005,1758280000000000004,2026-06-11,9831,154,6247,69900553,7110218,0.015665,3.11,338.77
1758300000000000007,1758290000000000005,1758280000000000004,2026-06-11,4406,83,2508,64928906,14736474,0.018838,1.48,162.08
1758300000000000001,1758290000000000001,1758280000000000001,2026-06-12,16192,107,10276,67816690,4188284,0.006608,0.34,39.04
1758300000000000002,1758290000000000001,1758280000000000001,2026-06-12,8500,63,5807,69993988,8234587,0.007412,0.31,37.85
1758300000000000003,1758290000000000002,1758280000000000002,2026-06-12,4489,86,3116,43879494,9774893,0.019158,3.1,244.84
1758300000000000004,1758290000000000003,1758280000000000002,2026-06-12,5644,113,4370,34869466,6178148,0.020021,3.46,156.5
1758300000000000005,1758290000000000004,1758280000000000003,2026-06-12,5533,76,4016,59061719,10674448,0.013736,0.75,103.9
1758300000000000006,1758290000000000005,1758280000000000004,2026-06-12,4291,104,3232,60548634,14110612,0.024237,2.13,137.16
1758300000000000007,1758290000000000005,1758280000000000004,2026-06-12,4339,110,2862,57574804,13269141,0.025351,2.59,335.0
1758300000000000001,1758290000000000001,1758280000000000001,2026-06-13,22208,148,17283,96510290,4345744,0.006664,0.51,50.05
1758300000000000002,1758290000000000001,1758280000000000001,2026-06-13,16198,115,10546,84042153,5188428,0.0071,0.35,44.82
1758300000000000003,1758290000000000002,1758280000000000002,2026-06-13,6596,138,4809,50429940,7645534,0.020922,4.78,562.9
1758300000000000004,1758290000000000003,1758280000000000002,2026-06-13,6371,120,4674,52742885,8278588,0.018835,3.18,194.9
1758300000000000005,1758290000000000004,1758280000000000003,2026-06-13,7753,73,4507,77379618,9980603,0.009416,0.83,72.41
1758300000000000006,1758290000000000005,1758280000000000004,2026-06-13,6134,119,4296,79766845,13004050,0.0194,3.29,325.88
1758300000000000007,1758290000000000005,1758280000000000004,2026-06-13,5025,89,3611,74992392,14923859,0.017711,1.81,182.36
1758300000000000001,1758290000000000001,1758280000000000001,2026-06-14,12374,105,9600,95425926,7711809,0.008486,0.33,30.74
1758300000000000002,1758290000000000001,1758280000000000001,2026-06-14,11643,62,6564,103276516,8870267,0.005325,0.26,33.17
1758300000000000003,1758290000000000002,1758280000000000002,2026-06-14,6089,169,3675,53788716,8833752,0.027755,5.93,825.1
1758300000000000004,1758290000000000003,1758280000000000002,2026-06-14,7290,168,5648,59755537,8196919,0.023045,4.57,304.4
1758300000000000005,1758290000000000004,1758280000000000003,2026-06-14,8956,94,6995,85158190,9508507,0.010496,0.96,101.28
1758300000000000006,1758290000000000005,1758280000000000004,2026-06-14,5662,102,3508,84187121,14868796,0.018015,2.06,243.56
1758300000000000007,1758290000000000005,1758280000000000004,2026-06-14,8857,195,6964,86129259,9724428,0.022016,4.67,307.12
1758300000000000001,1758290000000000001,1758280000000000001,2026-06-15,12401,98,9672,95870469,7730866,0.007903,0.47,40.6
1758300000000000002,1758290000000000001,1758280000000000001,2026-06-15,12337,114,8726,67795231,5495277,0.00924,0.52,24.01
1758300000000000003,1758290000000000002,1758280000000000002,2026-06-15,4926,136,3216,45527424,9242270,0.027609,3.14,215.84
1758300000000000004,1758290000000000003,1758280000000000002,2026-06-15,6949,135,4689,47995833,6906869,0.019427,2.96,257.18
1758300000000000005,1758290000000000004,1758280000000000003,2026-06-15,7629,121,5213,70142443,9194186,0.015861,1.56,62.66
1758300000000000006,1758290000000000005,1758280000000000004,2026-06-15,7209,127,4848,75186179,10429488,0.017617,3.43,472.81
1758300000000000007,1758290000000000005,1758280000000000004,2026-06-15,7000,120,5385,65098706,9299815,0.017143,2.3,120.0
1758300000000000001,1758290000000000001,1758280000000000001,2026-06-16,15788,172,10172,76464201,4843185,0.010894,0.87,78.83
1758300000000000002,1758290000000000001,1758280000000000001,2026-06-16,14533,154,8667,74670874,5138022,0.010597,0.63,52.54
1758300000000000003,1758290000000000002,1758280000000000002,2026-06-16,3917,62,3094,38373654,9796695,0.015828,2.11,232.53
1758300000000000004,1758290000000000003,1758280000000000002,2026-06-16,3840,103,3070,47989246,12497199,0.026823,3.72,249.41
1758300000000000005,1758290000000000004,1758280000000000003,2026-06-16,7324,60,5318,64772175,8843825,0.008192,0.59,43.75
1758300000000000006,1758290000000000005,1758280000000000004,2026-06-16,9227,231,5105,67751054,7342696,0.025035,4.98,572.08
1758300000000000007,1758290000000000005,1758280000000000004,2026-06-16,4977,106,3841,61793297,12415772,0.021298,2.29,97.66
1758300000000000001,1758290000000000001,1758280000000000001,2026-06-17,14527,154,8696,64971370,4472456,0.010601,0.51,54.18
1758300000000000002,1758290000000000001,1758280000000000001,2026-06-17,11328,101,7292,72733103,6420648,0.008916,0.32,44.2
1758300000000000003,1758290000000000002,1758280000000000002,2026-06-17,5596,94,3787,33964395,6069406,0.016798,3.25,267.75
1758300000000000004,1758290000000000003,1758280000000000002,2026-06-17,3644,93,2476,44723875,12273292,0.025521,2.71,376.74
1758300000000000005,1758290000000000004,1758280000000000003,2026-06-17,8205,79,6452,59016203,7192712,0.009628,0.81,49.88
1758300000000000006,1758290000000000005,1758280000000000004,2026-06-17,5946,106,4378,51397842,8644104,0.017827,2.59,108.14
1758300000000000007,1758290000000000005,1758280000000000004,2026-06-17,5688,98,4330,66634563,11714937,0.017229,2.58,285.37
1758300000000000001,1758290000000000001,1758280000000000001,2026-06-18,16350,138,9928,77884370,4763570,0.00844,0.6,32.45
1758300000000000002,1758290000000000001,1758280000000000001,2026-06-18,13712,106,8562,89104614,6498294,0.00773,0.44,37.39
1758300000000000003,1758290000000000002,1758280000000000002,2026-06-18,5745,135,4476,56278143,9796021,0.023499,4.17,412.43
1758300000000000004,1758290000000000003,1758280000000000002,2026-06-18,3017,78,2411,39144133,12974522,0.025853,2.74,298.03
1758300000000000005,1758290000000000004,1758280000000000003,2026-06-18,6537,114,5058,71566707,10947944,0.017439,1.44,90.39
1758300000000000006,1758290000000000005,1758280000000000004,2026-06-18,8947,221,6112,82180532,9185261,0.024701,5.22,344.64
1758300000000000007,1758290000000000005,1758280000000000004,2026-06-18,7084,140,4185,60952883,8604303,0.019763,3.87,212.62
1758300000000000002,1758290000000000001,1758280000000000001,2026-06-19,9469,107,7119,82963747,8761617,0.0113,0.54,56.45
1758300000000000003,1758290000000000002,1758280000000000002,2026-06-19,5362,98,3390,40112799,7480940,0.018277,3.64,349.62
1758300000000000004,1758290000000000003,1758280000000000002,2026-06-19,5232,143,2938,54519622,10420417,0.027332,3.28,270.69
1758300000000000005,1758290000000000004,1758280000000000003,2026-06-19,7594,96,5672,70974316,9346104,0.012642,1.05,78.12
1758300000000000006,1758290000000000005,1758280000000000004,2026-06-19,6334,98,4661,64346563,10158914,0.015472,1.87,209.14
1758300000000000007,1758290000000000005,1758280000000000004,2026-06-19,10177,259,7632,77602069,7625240,0.02545,6.99,301.29
1758300000000000001,1758290000000000001,1758280000000000001,2026-06-20,20554,178,16074,115120228,5600867,0.00866,0.85,35.14
1758300000000000002,1758290000000000001,1758280000000000001,2026-06-20,10830,68,6105,83050935,7668600,0.006279,0.26,22.55
1758300000000000003,1758290000000000002,1758280000000000002,2026-06-20,6902,178,4954,55303258,8012642,0.02579,4.61,376.56
1758300000000000004,1758290000000000003,1758280000000000002,2026-06-20,5481,107,3589,57937406,10570590,0.019522,3.37,360.91
1758300000000000005,1758290000000000004,1758280000000000003,2026-06-20,8740,136,5182,84930498,9717448,0.015561,1.5,186.13
1758300000000000006,1758290000000000005,1758280000000000004,2026-06-20,8624,129,6637,87893022,10191677,0.014958,3.04,367.86
1758300000000000007,1758290000000000005,1758280000000000004,2026-06-20,8447,149,6406,81967975,9703797,0.017639,2.38,251.08
1758300000000000001,1758290000000000001,1758280000000000001,2026-06-21,17972,94,10918,88943602,4949010,0.00523,0.3,16.64
1758300000000000002,1758290000000000001,1758280000000000001,2026-06-21,9777,83,6312,81290216,8314433,0.008489,0.24,23.68
1758300000000000003,1758290000000000002,1758280000000000002,2026-06-21,4409,92,3034,45468105,10312566,0.020866,3.47,244.41
1758300000000000004,1758290000000000003,1758280000000000002,2026-06-21,8514,236,6417,51808362,6085079,0.027719,5.17,526.98
1758300000000000005,1758290000000000004,1758280000000000003,2026-06-21,8824,133,6507,72957350,8268059,0.015073,1.18,76.8
1758300000000000006,1758290000000000005,1758280000000000004,2026-06-21,5345,107,3812,77243456,14451535,0.020019,1.74,75.68
1758300000000000007,1758290000000000005,1758280000000000004,2026-06-21,5846,115,4104,68671245,11746706,0.019672,2.49,135.57
1758300000000000001,1758290000000000001,1758280000000000001,2026-06-22,9631,70,7397,83731901,8693999,0.007268,0.26,28.2
1758300000000000002,1758290000000000001,1758280000000000001,2026-06-22,15525,180,10117,88316139,5688640,0.011594,0.9,66.04
1758300000000000003,1758290000000000002,1758280000000000002,2026-06-22,4487,134,2783,46394306,10339716,0.029864,5.11,564.02
1758300000000000004,1758290000000000003,1758280000000000002,2026-06-22,5685,110,4170,51918859,9132605,0.019349,2.44,291.32
1758300000000000005,1758290000000000004,1758280000000000003,2026-06-22,11168,120,7644,73734874,6602335,0.010745,0.96,87.14
1758300000000000006,1758290000000000005,1758280000000000004,2026-06-22,7131,165,4252,70624158,9903822,0.023138,3.72,491.85
1758300000000000007,1758290000000000005,1758280000000000004,2026-06-22,9208,142,6376,76845590,8345525,0.015421,3.53,380.05
1758300000000000001,1758290000000000001,1758280000000000001,2026-06-23,10828,124,6807,89237034,8241322,0.011452,0.64,39.71
1758300000000000002,1758290000000000001,1758280000000000001,2026-06-23,10459,87,6863,84323369,8062278,0.008318,0.26,23.16
1758300000000000003,1758290000000000002,1758280000000000002,2026-06-23,3834,78,2340,48260355,12587469,0.020344,2.11,191.6
1758300000000000004,1758290000000000003,1758280000000000002,2026-06-23,4576,121,2906,50917018,11126971,0.026442,3.99,476.5
1758300000000000005,1758290000000000004,1758280000000000003,2026-06-23,11312,97,7056,74383030,6575586,0.008575,1.21,68.51
1758300000000000006,1758290000000000005,1758280000000000004,2026-06-23,5366,108,3109,78643299,14655851,0.020127,2.09,261.55
1758300000000000007,1758290000000000005,1758280000000000004,2026-06-23,5301,116,3646,70122760,13228214,0.021883,2.2,102.21
1758300000000000002,1758290000000000001,1758280000000000001,2026-06-24,11234,96,6223,46092103,4102911,0.008545,0.48,45.32
1758300000000000003,1758290000000000002,1758280000000000002,2026-06-24,4209,78,3120,30552993,7258967,0.018532,2.2,127.2
1758300000000000004,1758290000000000003,1758280000000000002,2026-06-24,4136,88,2723,28423438,6872205,0.021277,1.96,204.03
1758300000000000005,1758290000000000004,1758280000000000003,2026-06-24,4846,70,2905,44232324,9127595,0.014445,0.83,98.03
1758300000000000006,1758290000000000005,1758280000000000004,2026-06-24,4562,110,3544,41234382,9038663,0.024112,3.0,231.44
1758300000000000001,1758290000000000001,1758280000000000001,2026-06-25,10173,113,6944,85964272,8450238,0.011108,0.42,23.9
1758300000000000002,1758290000000000001,1758280000000000001,2026-06-25,15956,155,11073,99527994,6237653,0.009714,0.56,36.94
1758300000000000003,1758290000000000002,1758280000000000002,2026-06-25,6766,141,4399,60525329,8945511,0.020839,5.29,427.08
1758300000000000004,1758290000000000003,1758280000000000002,2026-06-25,6048,101,4206,45470251,7518229,0.0167,2.36,124.57
1758300000000000007,1758290000000000005,1758280000000000004,2026-06-25,6053,83,3686,85587154,14139626,0.013712,1.69,114.6
1758300000000000001,1758290000000000001,1758280000000000001,2026-06-26,11846,124,8797,82864653,6995159,0.010468,0.47,30.57
1758300000000000002,1758290000000000001,1758280000000000001,2026-06-26,12408,104,8797,83278546,6711682,0.008382,0.46,20.79
1758300000000000003,1758290000000000002,1758280000000000002,2026-06-26,6938,165,4090,45727218,6590836,0.023782,5.97,654.38
1758300000000000004,1758290000000000003,1758280000000000002,2026-06-26,5351,93,3642,49211753,9196739,0.01738,3.11,184.52
1758300000000000005,1758290000000000004,1758280000000000003,2026-06-26,6725,98,5323,71204228,10587989,0.014572,0.71,70.18
1758300000000000006,1758290000000000005,1758280000000000004,2026-06-26,4739,99,2860,62842695,13260750,0.02089,2.4,240.25
1758300000000000007,1758290000000000005,1758280000000000004,2026-06-26,6589,106,4125,79565762,12075544,0.016087,2.42,236.01
1758300000000000001,1758290000000000001,1758280000000000001,2026-06-27,11911,102,7233,78883495,6622743,0.008564,0.51,67.22
1758300000000000002,1758290000000000001,1758280000000000001,2026-06-27,8344,60,6139,70858146,8492108,0.007191,0.22,23.32
1758300000000000003,1758290000000000002,1758280000000000002,2026-06-27,3581,92,1971,37386888,10440349,0.025691,3.41,338.84
1758300000000000004,1758290000000000003,1758280000000000002,2026-06-27,4569,110,2563,48179764,10544925,0.024075,4.12,225.72
1758300000000000005,1758290000000000004,1758280000000000003,2026-06-27,6154,107,4163,64174989,10428175,0.017387,0.77,87.31
1758300000000000006,1758290000000000005,1758280000000000004,2026-06-27,7364,127,5481,63971678,8687083,0.017246,2.07,153.76
1758300000000000001,1758290000000000001,1758280000000000001,2026-06-28,12944,69,7246,61934731,4784822,0.005331,0.21,17.27
1758300000000000002,1758290000000000001,1758280000000000001,2026-06-28,9224,51,5323,73703399,7990395,0.005529,0.21,27.31
1758300000000000003,1758290000000000002,1758280000000000002,2026-06-28,3999,85,2818,42258102,10567167,0.021255,2.74,211.66
1758300000000000004,1758290000000000003,1758280000000000002,2026-06-28,4860,125,2681,35249400,7252963,0.02572,4.18,227.34
1758300000000000005,1758290000000000004,1758280000000000003,2026-06-28,5686,86,3714,58130627,10223466,0.015125,1.11,95.16
1758300000000000006,1758290000000000005,1758280000000000004,2026-06-28,5606,109,3326,51593950,9203345,0.019443,2.87,304.51
1758300000000000007,1758290000000000005,1758280000000000004,2026-06-28,7254,148,5797,64667304,8914710,0.020403,4.02,204.34
1758300000000000001,1758290000000000001,1758280000000000001,2026-06-29,10684,68,7437,82624957,7733523,0.006365,0.33,19.48
1758300000000000002,1758290000000000001,1758280000000000001,2026-06-29,9990,109,7635,87295052,8738243,0.010911,0.35,31.9
1758300000000000003,1758290000000000002,1758280000000000002,2026-06-29,5927,91,4543,53633754,9049056,0.015353,1.93,257.39
1758300000000000004,1758290000000000003,1758280000000000002,2026-06-29,4179,84,2377,43463394,10400429,0.020101,3.12,204.53
1758300000000000005,1758290000000000004,1758280000000000003,2026-06-29,9725,82,6276,72822861,7488212,0.008432,0.95,87.3
1758300000000000006,1758290000000000005,1758280000000000004,2026-06-29,9856,190,6129,78119087,7926044,0.019278,3.2,417.29
1758300000000000007,1758290000000000005,1758280000000000004,2026-06-29,4638,101,3315,67526635,14559430,0.021777,2.07,117.94
1758300000000000001,1758290000000000001,1758280000000000001,2026-06-30,9893,86,6621,68711909,6945508,0.008693,0.27,31.61
1758300000000000002,1758290000000000001,1758280000000000001,2026-06-30,10185,71,6347,61452914,6033669,0.006971,0.26,22.06
1758300000000000003,1758290000000000002,1758280000000000002,2026-06-30,5373,131,3518,39811662,7409578,0.024381,3.2,376.36
1758300000000000004,1758290000000000003,1758280000000000002,2026-06-30,3697,61,2099,34568236,9350348,0.0165,2.21,177.16
1758300000000000006,1758290000000000005,1758280000000000004,2026-06-30,5818,78,3573,54186598,9313613,0.013407,1.44,191.0
1758300000000000007,1758290000000000005,1758280000000000004,2026-06-30,4563,95,2787,57383250,12575773,0.02082,2.04,192.0
1758300000000000001,1758290000000000001,1758280000000000001,2026-07-01,13148,94,9886,79710453,6062553,0.007149,0.38,29.45
1758300000000000002,1758290000000000001,1758280000000000001,2026-07-01,13060,155,8987,71560965,5479400,0.011868,0.55,27.41
1758300000000000003,1758290000000000002,1758280000000000002,2026-07-01,4264,123,2649,39087709,9166911,0.028846,4.68,280.87
1758300000000000005,1758290000000000004,1758280000000000003,2026-07-01,9933,104,7028,64830608,6526790,0.01047,1.14,45.69
1758300000000000006,1758290000000000005,1758280000000000004,2026-07-01,5625,88,3513,67958293,12081474,0.015644,2.24,167.56
1758300000000000007,1758290000000000005,1758280000000000004,2026-07-01,4242,59,2984,61702923,14545715,0.013909,1.0,69.15
1758300000000000001,1758290000000000001,1758280000000000001,2026-07-02,7496,68,4679,61254231,8171589,0.009072,0.32,16.68
1758300000000000002,1758290000000000001,1758280000000000001,2026-07-02,13425,146,9338,76369995,5688640,0.010875,0.46,61.09
1758300000000000003,1758290000000000002,1758280000000000002,2026-07-02,3655,96,2360,46381103,12689768,0.026265,2.43,255.37
1758300000000000004,1758290000000000003,1758280000000000002,2026-07-02,2502,48,1497,32261313,12894210,0.019185,1.83,113.24
1758300000000000005,1758290000000000004,1758280000000000003,2026-07-02,11061,117,6179,58981811,5332412,0.010578,1.28,137.93
1758300000000000006,1758290000000000005,1758280000000000004,2026-07-02,3941,73,2651,52667264,13363934,0.018523,1.35,129.3
1758300000000000007,1758290000000000005,1758280000000000004,2026-07-02,8297,214,5281,65296359,7869876,0.025792,6.01,712.96
1758300000000000001,1758290000000000001,1758280000000000001,2026-07-03,8406,66,6051,62862455,7478284,0.007852,0.33,32.34
1758300000000000002,1758290000000000001,1758280000000000001,2026-07-03,7897,44,6091,69693055,8825257,0.005572,0.22,18.79
1758300000000000003,1758290000000000002,1758280000000000002,2026-07-03,3603,76,2819,38241468,10613785,0.021094,2.62,325.68
1758300000000000004,1758290000000000003,1758280000000000002,2026-07-03,3676,71,2222,37504537,10202540,0.019314,2.25,306.48
1758300000000000005,1758290000000000004,1758280000000000003,2026-07-03,9377,160,7431,56809504,6058388,0.017063,1.42,173.6
1758300000000000006,1758290000000000005,1758280000000000004,2026-07-03,6463,129,4222,60730329,9396616,0.01996,2.52,276.24
1758300000000000007,1758290000000000005,1758280000000000004,2026-07-03,6042,112,3770,52888679,8753505,0.018537,2.69,240.34
1758300000000000001,1758290000000000001,1758280000000000001,2026-07-04,11940,118,8659,81237931,6803847,0.009883,0.56,60.19
1758300000000000002,1758290000000000001,1758280000000000001,2026-07-04,10131,69,6523,69845764,6894262,0.006811,0.22,9.38
1758300000000000003,1758290000000000002,1758280000000000002,2026-07-04,3683,84,2845,36607414,9939564,0.022807,2.46,148.73
1758300000000000005,1758290000000000004,1758280000000000003,2026-07-04,11322,135,7595,64750155,5718968,0.011924,0.97,84.92
1758300000000000006,1758290000000000005,1758280000000000004,2026-07-04,8674,186,5917,65616717,7564759,0.021443,3.97,455.14
1758300000000000007,1758290000000000005,1758280000000000004,2026-07-04,5427,132,3797,63883593,11771438,0.024323,3.17,211.73
1758300000000000001,1758290000000000001,1758280000000000001,2026-07-05,10847,75,7326,45382477,4183874,0.006914,0.28,16.93
1758300000000000002,1758290000000000001,1758280000000000001,2026-07-05,6386,70,4365,57384953,8986056,0.010961,0.2,24.65
1758300000000000003,1758290000000000002,1758280000000000002,2026-07-05,3771,74,2138,27932523,7407193,0.019623,1.58,87.11
1758300000000000004,1758290000000000003,1758280000000000002,2026-07-05,3026,64,2133,30791722,10175718,0.02115,1.89,96.82
1758300000000000005,1758290000000000004,1758280000000000003,2026-07-05,5723,89,3439,44043184,7695821,0.015551,1.07,112.69
1758300000000000006,1758290000000000005,1758280000000000004,2026-07-05,3139,62,2179,46113767,14690592,0.019752,1.53,139.26
1758300000000000007,1758290000000000005,1758280000000000004,2026-07-05,4119,86,2371,41972601,10189998,0.020879,1.88,228.54
1758300000000000001,1758290000000000001,1758280000000000001,2026-07-06,10665,100,8233,67831362,6360184,0.009376,0.4,31.31
1758300000000000002,1758290000000000001,1758280000000000001,2026-07-06,11243,99,6344,60505939,5381654,0.008805,0.29,33.53
1758300000000000003,1758290000000000002,1758280000000000002,2026-07-06,4248,112,2438,40977041,9646196,0.026365,2.49,272.19
1758300000000000004,1758290000000000003,1758280000000000002,2026-07-06,2901,56,1932,32358560,11154278,0.019304,1.65,95.86
1758300000000000005,1758290000000000004,1758280000000000003,2026-07-06,8458,135,6176,55001700,6502920,0.015961,1.11,87.51
1758300000000000006,1758290000000000005,1758280000000000004,2026-07-06,7566,129,4384,56279069,7438418,0.01705,2.93,386.43
1758300000000000007,1758290000000000005,1758280000000000004,2026-07-06,4725,89,2861,53724332,11370229,0.018836,1.7,101.26
1758300000000000001,1758290000000000001,1758280000000000001,2026-07-07,14299,95,10499,67423107,4715232,0.006644,0.27,22.02
1758300000000000002,1758290000000000001,1758280000000000001,2026-07-07,13083,148,9711,69679826,5325982,0.011312,0.75,79.79
1758300000000000003,1758290000000000002,1758280000000000002,2026-07-07,3610,102,2400,41355518,11455822,0.028255,2.35,143.31
1758300000000000004,1758290000000000003,1758280000000000002,2026-07-07,2938,82,2332,36989015,12589862,0.02791,1.85,178.26
1758300000000000005,1758290000000000004,1758280000000000003,2026-07-07,6863,58,4318,58758400,8561620,0.008451,0.58,63.76
1758300000000000006,1758290000000000005,1758280000000000004,2026-07-07,6162,82,3445,58610467,9511598,0.013307,1.9,166.47
1758300000000000007,1758290000000000005,1758280000000000004,2026-07-07,6691,109,3901,58906333,8803816,0.016291,1.79,204.89
1758300000000000001,1758290000000000001,1758280000000000001,2026-07-08,5774,49,3664,48236007,8354002,0.008486,0.14,16.39
1758300000000000002,1758290000000000001,1758280000000000001,2026-07-08,7993,88,6038,64835259,8111505,0.01101,0.35,17.62
1758300000000000003,1758290000000000002,1758280000000000002,2026-07-08,3492,90,2649,26992873,7729918,0.025773,2.89,252.18
1758300000000000004,1758290000000000003,1758280000000000002,2026-07-08,4291,85,3033,37619279,8767019,0.019809,2.84,287.3
1758300000000000006,1758290000000000005,1758280000000000004,2026-07-08,5041,108,3748,43284954,8586581,0.021424,2.54,117.46
1758300000000000007,1758290000000000005,1758280000000000004,2026-07-08,4665,81,3416,53633274,11496950,0.017363,2.1,106.02
1758300000000000001,1758290000000000001,1758280000000000001,2026-07-09,8270,61,6272,70940176,8578014,0.007376,0.22,18.67
1758300000000000002,1758290000000000001,1758280000000000001,2026-07-09,19419,185,14031,78545151,4044758,0.009527,0.72,52.2
1758300000000000003,1758290000000000002,1758280000000000002,2026-07-09,3885,86,2954,41013762,10556953,0.022136,2.33,222.99
1758300000000000004,1758290000000000003,1758280000000000002,2026-07-09,4474,74,3204,44406425,9925441,0.01654,2.26,185.64
1758300000000000005,1758290000000000004,1758280000000000003,2026-07-09,8710,147,5278,64065140,7355355,0.016877,1.46,68.29
1758300000000000006,1758290000000000005,1758280000000000004,2026-07-09,8520,211,5686,62287425,7310731,0.024765,3.79,328.75
1758300000000000007,1758290000000000005,1758280000000000004,2026-07-09,4638,113,2689,65842856,14196390,0.024364,2.86,191.37
1758300000000000001,1758290000000000001,1758280000000000001,2026-07-10,10221,53,5900,73153076,7157135,0.005185,0.16,18.64
1758300000000000002,1758290000000000001,1758280000000000001,2026-07-10,11821,74,8429,52411459,4433758,0.00626,0.29,30.99
1758300000000000003,1758290000000000002,1758280000000000002,2026-07-10,4294,104,2474,34248396,7975872,0.02422,2.5,255.68
1758300000000000004,1758290000000000003,1758280000000000002,2026-07-10,4035,66,3198,37502767,9294366,0.016357,2.22,183.83
1758300000000000005,1758290000000000004,1758280000000000003,2026-07-10,9005,122,5903,53813372,5975944,0.013548,1.35,101.39
1758300000000000006,1758290000000000005,1758280000000000004,2026-07-10,6841,121,4078,55774106,8152917,0.017687,2.4,136.12
1758300000000000007,1758290000000000005,1758280000000000004,2026-07-10,5106,123,3637,51852638,10155237,0.024089,2.16,124.52
1758300000000000001,1758290000000000001,1758280000000000001,2026-07-11,9187,105,6003,70322945,7654615,0.011429,0.54,54.62
1758300000000000002,1758290000000000001,1758280000000000001,2026-07-11,6356,44,3795,53791502,8463106,0.006923,0.16,9.6
1758300000000000003,1758290000000000002,1758280000000000002,2026-07-11,3076,55,2221,39150566,12727752,0.01788,1.54,149.55
1758300000000000004,1758290000000000003,1758280000000000002,2026-07-11,2865,58,2232,31771976,11089695,0.020244,2.21,125.15
1758300000000000005,1758290000000000004,1758280000000000003,2026-07-11,4881,84,3655,53191906,10897748,0.01721,0.63,39.56
1758300000000000006,1758290000000000005,1758280000000000004,2026-07-11,7426,120,4498,53793446,7243933,0.016159,3.01,183.29
1758300000000000007,1758290000000000005,1758280000000000004,2026-07-11,5530,119,3209,52590366,9510012,0.021519,2.15,293.01
1758300000000000002,1758290000000000001,1758280000000000001,2026-07-12,6618,55,4393,41407418,6256787,0.008311,0.17,18.28
1758300000000000003,1758290000000000002,1758280000000000002,2026-07-12,1939,37,1408,24415402,12591749,0.019082,1.06,92.31
1758300000000000004,1758290000000000003,1758280000000000002,2026-07-12,2233,51,1519,24955497,11175771,0.022839,1.52,196.4
1758300000000000005,1758290000000000004,1758280000000000003,2026-07-12,4495,39,2504,37028174,8237636,0.008676,0.34,40.43
1758300000000000006,1758290000000000005,1758280000000000004,2026-07-12,2583,38,1537,34798987,13472314,0.014712,0.62,31.59
1758300000000000007,1758290000000000005,1758280000000000004,2026-07-12,3689,78,2766,39257360,10641735,0.021144,1.42,185.58
1758300000000000001,1758290000000000001,1758280000000000001,2026-07-13,8443,76,5900,70189541,8313341,0.009002,0.36,19.26
1758300000000000002,1758290000000000001,1758280000000000001,2026-07-13,12377,131,9053,71024528,5738428,0.010584,0.62,71.64
1758300000000000003,1758290000000000002,1758280000000000002,2026-07-13,3512,78,2510,40659445,11577291,0.02221,2.25,180.64
1758300000000000004,1758290000000000003,1758280000000000002,2026-07-13,3216,88,2335,40034309,12448479,0.027363,2.89,243.16
1758300000000000005,1758290000000000004,1758280000000000003,2026-07-13,10371,136,7136,60520315,5835533,0.013113,0.99,82.87
1758300000000000006,1758290000000000005,1758280000000000004,2026-07-13,6911,112,4977,66340279,9599230,0.016206,2.23,244.75
1758300000000000007,1758290000000000005,1758280000000000004,2026-07-13,4798,89,3013,54700351,11400657,0.018549,1.88,182.28
1758300000000000001,1758290000000000001,1758280000000000001,2026-07-14,11433,62,7816,97616085,8538099,0.005423,0.19,18.98
1758300000000000002,1758290000000000001,1758280000000000001,2026-07-14,9907,83,7662,71359981,7202986,0.008378,0.32,36.72
1758300000000000003,1758290000000000002,1758280000000000002,2026-07-14,4137,76,2727,44233325,10692126,0.018371,2.2,162.83
1758300000000000004,1758290000000000003,1758280000000000002,2026-07-14,4047,69,2720,52324426,12929189,0.01705,1.88,205.17
1758300000000000005,1758290000000000004,1758280000000000003,2026-07-14,7371,126,5169,72418314,9824761,0.017094,1.18,116.02
1758300000000000006,1758290000000000005,1758280000000000004,2026-07-14,8281,169,5620,77399667,9346657,0.020408,3.79,216.88
1758300000000000007,1758290000000000005,1758280000000000004,2026-07-14,6478,134,4102,67436961,10410151,0.020685,3.75,425.72
1758300000000000002,1758290000000000001,1758280000000000001,2026-07-15,15463,137,11535,66101577,4274822,0.00886,0.7,57.37
1758300000000000003,1758290000000000002,1758280000000000002,2026-07-15,4866,127,3222,37020607,7608016,0.026099,4.24,306.06
1758300000000000004,1758290000000000003,1758280000000000002,2026-07-15,4014,100,2671,39728503,9897485,0.024913,3.32,303.51
1758300000000000005,1758290000000000004,1758280000000000003,2026-07-15,5947,56,3756,57561833,9679138,0.009417,0.4,35.21
1758300000000000006,1758290000000000005,1758280000000000004,2026-07-15,4304,99,2762,55455527,12884648,0.023002,1.99,258.3
1758300000000000007,1758290000000000005,1758280000000000004,2026-07-15,5937,83,4578,59668138,10050217,0.01398,2.05,181.19
1758300000000000001,1758290000000000001,1758280000000000001,2026-07-16,10052,66,6705,85498239,8505595,0.006566,0.27,17.69
1758300000000000002,1758290000000000001,1758280000000000001,2026-07-16,14977,110,8991,64562937,4310806,0.007345,0.43,52.82
1758300000000000003,1758290000000000002,1758280000000000002,2026-07-16,3757,65,2635,38670697,10292972,0.017301,2.18,104.43
1758300000000000004,1758290000000000003,1758280000000000002,2026-07-16,5279,133,3022,47078547,8918081,0.025194,3.59,408.19
1758300000000000005,1758290000000000004,1758280000000000003,2026-07-16,9574,139,7628,64311933,6717353,0.014518,1.16,47.91
1758300000000000006,1758290000000000005,1758280000000000004,2026-07-16,5852,78,4314,65447857,11183844,0.013329,1.33,96.61
1758300000000000007,1758290000000000005,1758280000000000004,2026-07-16,4811,82,3080,63176009,13131575,0.017044,1.61,125.16
1758300000000000001,1758290000000000001,1758280000000000001,2026-07-17,17622,161,13547,80241079,4553460,0.009136,0.51,64.36
1758300000000000002,1758290000000000001,1758280000000000001,2026-07-17,13393,93,10403,94289253,7040189,0.006944,0.32,38.49
1758300000000000003,1758290000000000002,1758280000000000002,2026-07-17,8573,237,6739,53111014,6195149,0.027645,7.38,638.79
1758300000000000004,1758290000000000003,1758280000000000002,2026-07-17,7386,138,4891,46620605,6312023,0.018684,5.25,238.99
1758300000000000005,1758290000000000004,1758280000000000003,2026-07-17,7311,69,4964,74798714,10230983,0.009438,0.62,42.32
1758300000000000006,1758290000000000005,1758280000000000004,2026-07-17,7576,189,4853,82708187,10917131,0.024947,4.76,587.86
1758300000000000007,1758290000000000005,1758280000000000004,2026-07-17,5921,127,4009,66889241,11296950,0.021449,2.47,133.24
1758300000000000001,1758290000000000001,1758280000000000001,2026-07-18,15591,117,12286,84563618,5423874,0.007504,0.52,30.57
1758300000000000002,1758290000000000001,1758280000000000001,2026-07-18,13598,73,8841,73275572,5388702,0.005368,0.24,28.26
1758300000000000003,1758290000000000002,1758280000000000002,2026-07-18,4646,108,3177,41915756,9021902,0.023246,3.27,336.33
1758300000000000004,1758290000000000003,1758280000000000002,2026-07-18,7039,152,4982,48278067,6858654,0.021594,3.54,278.05
1758300000000000005,1758290000000000004,1758280000000000003,2026-07-18,6245,76,3812,67645367,10831924,0.01217,0.67,42.32
1758300000000000006,1758290000000000005,1758280000000000004,2026-07-18,6250,91,4905,78001210,12480194,0.01456,1.92,192.97
1758300000000000007,1758290000000000005,1758280000000000004,2026-07-18,4108,75,3136,57289524,13945843,0.018257,1.65,205.09
1758300000000000001,1758290000000000001,1758280000000000001,2026-07-19,10277,57,6336,66919186,6511549,0.005546,0.2,13.19
1758300000000000002,1758290000000000001,1758280000000000001,2026-07-19,8554,93,5283,67091687,7843312,0.010872,0.29,15.1
1758300000000000003,1758290000000000002,1758280000000000002,2026-07-19,3382,52,1906,37113116,10973719,0.015376,1.24,118.9
1758300000000000005,1758290000000000004,1758280000000000003,2026-07-19,7166,111,4677,57433232,8014685,0.01549,1.31,159.3
1758300000000000006,1758290000000000005,1758280000000000004,2026-07-19,6344,142,4526,56201299,8858969,0.022383,2.53,148.2
1758300000000000007,1758290000000000005,1758280000000000004,2026-07-19,4167,69,3030,58665164,14078513,0.016559,1.69,160.54
1758300000000000001,1758290000000000001,1758280000000000001,2026-07-20,16649,162,12909,78512769,4715765,0.00973,0.51,44.33
1758300000000000002,1758290000000000001,1758280000000000001,2026-07-20,11435,84,8412,82494165,7214181,0.007346,0.37,30.95
1758300000000000003,1758290000000000002,1758280000000000002,2026-07-20,4585,71,3093,39412583,8595983,0.015485,1.85,115.56
1758300000000000004,1758290000000000003,1758280000000000002,2026-07-20,6991,192,4774,52591378,7522726,0.027464,6.12,415.32
1758300000000000005,1758290000000000004,1758280000000000003,2026-07-20,7227,125,4934,69002971,9547941,0.017296,1.58,217.13
1758300000000000006,1758290000000000005,1758280000000000004,2026-07-20,4611,108,2669,68243946,14800249,0.023422,1.88,82.72
1758300000000000007,1758290000000000005,1758280000000000004,2026-07-20,6170,116,4796,69761997,11306645,0.018801,3.18,438.11
1758300000000000001,1758290000000000001,1758280000000000001,2026-07-21,20973,115,13634,91827612,4378373,0.005483,0.54,62.19
1758300000000000002,1758290000000000001,1758280000000000001,2026-07-21,8837,84,5100,75962103,8595915,0.009505,0.34,45.5
1758300000000000003,1758290000000000002,1758280000000000002,2026-07-21,6411,101,4729,51564789,8043174,0.015754,3.61,151.77
1758300000000000004,1758290000000000003,1758280000000000002,2026-07-21,5468,87,3247,44315048,8104435,0.015911,2.45,314.42
1758300000000000005,1758290000000000004,1758280000000000003,2026-07-21,7414,75,5481,71909878,9699201,0.010116,0.88,78.02
1758300000000000006,1758290000000000005,1758280000000000004,2026-07-21,9767,153,6281,71462604,7316740,0.015665,3.6,326.69
1758300000000000007,1758290000000000005,1758280000000000004,2026-07-21,5404,82,4053,72357152,13389554,0.015174,1.75,159.6
1758300000000000001,1758290000000000001,1758280000000000001,2026-07-22,7709,83,5796,51126270,6632024,0.010767,0.35,42.52
1758300000000000002,1758290000000000001,1758280000000000001,2026-07-22,6254,65,4263,54000429,8634543,0.010393,0.23,22.83
1758300000000000003,1758290000000000002,1758280000000000002,2026-07-22,3183,85,2011,31672364,9950476,0.026704,2.83,375.52
1758300000000000004,1758290000000000003,1758280000000000002,2026-07-22,3584,91,2441,28400036,7924117,0.025391,3.32,252.32
1758300000000000005,1758290000000000004,1758280000000000003,2026-07-22,4566,79,3013,45054300,9867346,0.017302,1.02,90.22
1758300000000000006,1758290000000000005,1758280000000000004,2026-07-22,5535,77,4000,49280212,8903381,0.013911,1.3,120.97
1758300000000000007,1758290000000000005,1758280000000000004,2026-07-22,2729,40,2021,40828387,14960933,0.014657,0.69,54.48
1758300000000000001,1758290000000000001,1758280000000000001,2026-07-23,13418,111,9550,61843076,4608964,0.008272,0.39,31.36
1758300000000000002,1758290000000000001,1758280000000000001,2026-07-23,7489,90,5121,67041903,8952050,0.012018,0.45,21.57
1758300000000000003,1758290000000000002,1758280000000000002,2026-07-23,4135,121,2517,35749015,8645469,0.029262,3.63,148.99
1758300000000000004,1758290000000000003,1758280000000000002,2026-07-23,6166,137,4370,37899544,6146536,0.022219,5.03,385.68
1758300000000000005,1758290000000000004,1758280000000000003,2026-07-23,7122,89,4390,55236419,7755745,0.012496,0.92,73.19
1758300000000000006,1758290000000000005,1758280000000000004,2026-07-23,7688,165,4730,57761578,7513213,0.021462,4.22,376.05
1758300000000000007,1758290000000000005,1758280000000000004,2026-07-23,4163,95,2694,52711261,12661845,0.02282,1.82,166.24
1758300000000000001,1758290000000000001,1758280000000000001,2026-07-24,13669,138,8047,84600406,6189217,0.010096,0.59,37.45
1758300000000000002,1758290000000000001,1758280000000000001,2026-07-24,10873,72,6345,69084244,6353743,0.006622,0.25,33.85
1758300000000000003,1758290000000000002,1758280000000000002,2026-07-24,4108,121,2708,47254877,11503135,0.029455,2.66,251.61
1758300000000000005,1758290000000000004,1758280000000000003,2026-07-24,6013,88,4596,65864850,10953742,0.014635,1.02,129.09
1758300000000000006,1758290000000000005,1758280000000000004,2026-07-24,8636,173,5473,75464769,8738394,0.020032,3.04,196.39
1758300000000000007,1758290000000000005,1758280000000000004,2026-07-24,4439,73,2553,56264931,12675137,0.016445,1.41,133.57
1758300000000000001,1758290000000000001,1758280000000000001,2026-07-25,14053,82,9515,90373994,6430940,0.005835,0.31,29.91
1758300000000000002,1758290000000000001,1758280000000000001,2026-07-25,15483,172,11446,83290333,5379470,0.011109,0.59,50.66
1758300000000000003,1758290000000000002,1758280000000000002,2026-07-25,5965,95,4050,46319585,7765228,0.015926,2.18,155.89
1758300000000000004,1758290000000000003,1758280000000000002,2026-07-25,5435,113,4140,52917173,9736370,0.020791,3.79,330.32
1758300000000000005,1758290000000000004,1758280000000000003,2026-07-25,12982,225,7738,74427569,5733136,0.017332,1.76,87.29
1758300000000000006,1758290000000000005,1758280000000000004,2026-07-25,5177,110,3254,70467440,13611636,0.021248,2.6,187.51
1758300000000000007,1758290000000000005,1758280000000000004,2026-07-25,6193,121,4933,78387698,12657468,0.019538,2.08,157.13
1758300000000000001,1758290000000000001,1758280000000000001,2026-07-26,13967,114,9279,76534582,5479672,0.008162,0.4,45.21
1758300000000000002,1758290000000000001,1758280000000000001,2026-07-26,9659,53,6829,86637547,8969619,0.005487,0.21,26.23
1758300000000000003,1758290000000000002,1758280000000000002,2026-07-26,4876,101,3203,48818177,10011931,0.020714,3.37,451.66
1758300000000000004,1758290000000000003,1758280000000000002,2026-07-26,3906,112,2175,44423039,11373026,0.028674,3.96,451.23
1758300000000000005,1758290000000000004,1758280000000000003,2026-07-26,9367,99,5391,69930912,7465668,0.010569,0.74,69.14
1758300000000000006,1758290000000000005,1758280000000000004,2026-07-26,9691,133,6642,73731361,7608230,0.013724,2.77,345.69
1758300000000000007,1758290000000000005,1758280000000000004,2026-07-26,4787,88,2696,66130464,13814595,0.018383,1.67,221.22
1758300000000000001,1758290000000000001,1758280000000000001,2026-07-27,14288,112,8927,88714509,6209022,0.007839,0.54,24.15
1758300000000000002,1758290000000000001,1758280000000000001,2026-07-27,18715,215,14770,105013574,5611198,0.011488,0.91,41.71
1758300000000000003,1758290000000000002,1758280000000000002,2026-07-27,4635,139,3042,59129801,12757239,0.029989,4.59,576.91
1758300000000000004,1758290000000000003,1758280000000000002,2026-07-27,6115,97,3495,51571961,8433681,0.015863,3.54,376.74
1758300000000000005,1758290000000000004,1758280000000000003,2026-07-27,10052,175,6987,83026321,8259682,0.017409,2.26,248.31
1758300000000000006,1758290000000000005,1758280000000000004,2026-07-27,9963,205,7644,92546007,9288970,0.020576,3.29,216.11
1758300000000000007,1758290000000000005,1758280000000000004,2026-07-27,6575,127,3865,73506635,11179716,0.019316,3.59,427.61
1758300000000000002,1758290000000000001,1758280000000000001,2026-07-28,15243,127,8706,77227227,5066406,0.008332,0.55,44.71
1758300000000000003,1758290000000000002,1758280000000000002,2026-07-28,4221,109,2960,48002316,11372262,0.025823,4.11,359.76
1758300000000000004,1758290000000000003,1758280000000000002,2026-07-28,6717,115,3985,46420388,6910881,0.017121,4.11,307.09
1758300000000000005,1758290000000000004,1758280000000000003,2026-07-28,7176,65,4563,70817028,9868594,0.009058,0.68,40.91
1758300000000000006,1758290000000000005,1758280000000000004,2026-07-28,5004,123,2900,68355712,13660214,0.02458,1.93,215.76
1758300000000000007,1758290000000000005,1758280000000000004,2026-07-28,7827,145,4849,73278345,9362252,0.018526,4.03,277.31
1758300000000000001,1758290000000000001,1758280000000000001,2026-07-29,20469,106,14934,94507313,4617095,0.005179,0.4,29.8
1758300000000000002,1758290000000000001,1758280000000000001,2026-07-29,12300,93,7955,92134710,7490627,0.007561,0.34,37.08
1758300000000000003,1758290000000000002,1758280000000000002,2026-07-29,4600,117,3101,44359710,9643415,0.025435,2.77,131.21
1758300000000000005,1758290000000000004,1758280000000000003,2026-07-29,7285,79,5337,79989438,10980019,0.010844,0.92,96.44
1758300000000000006,1758290000000000005,1758280000000000004,2026-07-29,8492,114,6073,90641530,10673755,0.013424,3.03,229.6
1758300000000000007,1758290000000000005,1758280000000000004,2026-07-29,6701,155,5079,69337347,10347313,0.023131,3.69,492.23
1758300000000000001,1758290000000000001,1758280000000000001,2026-07-30,8664,81,5205,75794287,8748186,0.009349,0.27,11.49
1758300000000000002,1758290000000000001,1758280000000000001,2026-07-30,13960,135,10563,78149149,5598077,0.00967,0.54,41.88
1758300000000000003,1758290000000000002,1758280000000000002,2026-07-30,4030,112,2531,44114146,10946438,0.027792,2.75,357.47
1758300000000000004,1758290000000000003,1758280000000000002,2026-07-30,4138,114,2849,43853531,10597760,0.02755,2.67,255.69
1758300000000000005,1758290000000000004,1758280000000000003,2026-07-30,10429,120,8234,65975758,6326183,0.011506,1.48,68.65
1758300000000000006,1758290000000000005,1758280000000000004,2026-07-30,6900,120,5178,64736416,9382089,0.017391,3.24,384.14
