campaign_id,ad_group_id,date,impressions,video_views,video_view_rate,clicks,cost_micros,average_cpv_micros,conversions,conversions_value
191000000000000001,192000000000000001,2023-08-01,1596,456,0.285714,2,7192432,15773,0.16,16.59
191000000000000001,192000000000000002,2023-08-01,2054,452,0.220058,4,8143415,18016,0.22,18.92
191000000000000002,192000000000000003,2023-08-01,514,174,0.338521,3,4574061,26288,0.56,71.92
191000000000000002,192000000000000004,2023-08-01,387,122,0.315245,1,4189279,34338,0.22,11.26
191000000000000003,192000000000000005,2023-08-01,792,187,0.236111,3,6572506,35147,0.22,13.74
191000000000000004,192000000000000006,2023-08-01,1705,512,0.300293,7,13145011,25674,1.27,176.82
191000000000000001,192000000000000001,2023-08-02,3069,783,0.255132,5,12547818,16025,0.34,15.52
191000000000000001,192000000000000002,2023-08-02,1900,533,0.280526,3,12502891,23458,0.29,22.79
191000000000000002,192000000000000004,2023-08-02,871,223,0.256028,4,5850290,26234,0.57,73.66
191000000000000003,192000000000000005,2023-08-02,1137,355,0.312225,3,10736018,30242,0.24,17.46
191000000000000004,192000000000000006,2023-08-02,1538,489,0.317945,7,21472036,43910,1.06,117.68
191000000000000001,192000000000000001,2023-08-03,1689,347,0.205447,5,10101150,29110,0.21,29.27
191000000000000001,192000000000000002,2023-08-03,2105,501,0.238005,4,9851297,19663,0.28,34.25
191000000000000002,192000000000000003,2023-08-03,412,134,0.325243,1,5737352,42816,0.31,32.3
191000000000000002,192000000000000004,2023-08-03,883,281,0.318233,5,5664047,20157,0.65,81.87
191000000000000003,192000000000000005,2023-08-03,1433,332,0.231682,2,8551049,25756,0.24,33.36
191000000000000004,192000000000000006,2023-08-03,2105,600,0.285036,12,17102098,28503,1.17,128.21
191000000000000001,192000000000000002,2023-08-04,1297,378,0.291442,3,10873485,28766,0.14,16.96
191000000000000002,192000000000000003,2023-08-04,415,142,0.342169,2,5123193,36079,0.32,35.85
191000000000000002,192000000000000004,2023-08-04,586,175,0.298635,2,6085140,34772,0.36,40.97
191000000000000003,192000000000000005,2023-08-04,995,290,0.291457,3,8406250,28987,0.25,30.98
191000000000000004,192000000000000006,2023-08-04,1604,555,0.34601,8,16812499,30293,1.08,126.73
191000000000000001,192000000000000001,2023-08-05,1303,366,0.28089,3,12091471,33037,0.18,11.97
191000000000000001,192000000000000002,2023-08-05,1730,414,0.239306,5,10605830,25618,0.26,10.61
191000000000000002,192000000000000003,2023-08-05,547,156,0.285192,2,5485264,35162,0.5,60.39
191000000000000002,192000000000000004,2023-08-05,788,266,0.337563,4,7484623,28138,0.83,110.3
191000000000000003,192000000000000005,2023-08-05,920,294,0.319565,2,9727415,33086,0.28,25.44
191000000000000004,192000000000000006,2023-08-05,1332,429,0.322072,6,19454830,45349,0.75,63.1
191000000000000001,192000000000000001,2023-08-06,2657,606,0.228077,5,11026030,18195,0.32,41.36
191000000000000001,192000000000000002,2023-08-06,1421,370,0.26038,4,8220786,22218,0.15,16.33
191000000000000002,192000000000000003,2023-08-06,623,184,0.295345,2,5493010,29853,0.56,41.25
191000000000000002,192000000000000004,2023-08-06,784,255,0.325255,4,5505171,21589,0.54,59.18
191000000000000003,192000000000000005,2023-08-06,1543,409,0.265068,4,8248635,20168,0.4,18.87
191000000000000004,192000000000000006,2023-08-06,1458,374,0.256516,7,16497271,44110,0.75,61.97
191000000000000001,192000000000000001,2023-08-07,2173,496,0.228256,5,11229703,22641,0.29,21.6
191000000000000001,192000000000000002,2023-08-07,2270,490,0.215859,3,10871211,22186,0.24,31.3
191000000000000002,192000000000000003,2023-08-07,481,132,0.274428,2,5836202,44214,0.31,21.49
191000000000000002,192000000000000004,2023-08-07,520,170,0.326923,3,6792891,39958,0.33,27.51
191000000000000003,192000000000000005,2023-08-07,1199,377,0.314429,2,9471820,25124,0.44,54.36
191000000000000004,192000000000000006,2023-08-07,1515,422,0.278548,6,18943641,44890,0.92,76.24
191000000000000001,192000000000000001,2023-08-08,3041,702,0.230845,8,12579646,17920,0.33,24.62
191000000000000001,192000000000000002,2023-08-08,1421,391,0.275158,3,11751578,30055,0.17,14.27
191000000000000002,192000000000000003,2023-08-08,1012,329,0.325099,5,7389566,22461,0.74,44.7
191000000000000003,192000000000000005,2023-08-08,2014,477,0.236842,5,10427668,21861,0.4,41.13
191000000000000004,192000000000000006,2023-08-08,1724,473,0.274362,10,20855335,44092,0.88,116.71
191000000000000001,192000000000000001,2023-08-09,3140,728,0.231847,9,12934156,17767,0.31,26.26
191000000000000001,192000000000000002,2023-08-09,1331,346,0.259955,3,11526791,33314,0.14,14.05
191000000000000002,192000000000000003,2023-08-09,723,248,0.343015,2,7729017,31165,0.81,52.04
191000000000000002,192000000000000004,2023-08-09,1007,294,0.291956,5,6248667,21254,0.63,75.99
191000000000000003,192000000000000005,2023-08-09,2120,515,0.242925,4,10483263,20356,0.41,24.12
191000000000000004,192000000000000006,2023-08-09,2490,633,0.254217,8,20966525,33122,1.61,162.95
191000000000000001,192000000000000001,2023-08-10,934,252,0.269807,3,7475698,29665,0.14,12.81
191000000000000001,192000000000000002,2023-08-10,2876,668,0.232267,6,10049784,15045,0.41,45.27
191000000000000002,192000000000000003,2023-08-10,387,122,0.315245,1,4694197,38477,0.39,32.7
191000000000000002,192000000000000004,2023-08-10,705,243,0.344681,3,5320364,21895,0.63,82.3
191000000000000003,192000000000000005,2023-08-10,1065,270,0.253521,3,7510921,27818,0.22,20.44
191000000000000004,192000000000000006,2023-08-10,1192,325,0.272651,5,15021842,46221,0.64,59.17
191000000000000001,192000000000000001,2023-08-11,2721,563,0.206909,5,14587141,25910,0.23,10.21
191000000000000001,192000000000000002,2023-08-11,1877,471,0.250932,5,12559365,26665,0.21,22.01
191000000000000002,192000000000000003,2023-08-11,938,311,0.331557,5,7138117,22952,0.66,84.94
191000000000000002,192000000000000004,2023-08-11,757,233,0.307794,3,8374173,35941,0.53,26.09
191000000000000003,192000000000000005,2023-08-11,1081,331,0.306198,2,11634217,35149,0.29,24.52
191000000000000004,192000000000000006,2023-08-11,2027,679,0.334978,9,23268434,34269,1.52,166.18
191000000000000001,192000000000000001,2023-08-12,2144,545,0.254198,6,12416151,22782,0.24,23.37
191000000000000001,192000000000000002,2023-08-12,1810,420,0.232044,3,12094591,28797,0.24,30.65
191000000000000002,192000000000000003,2023-08-12,885,246,0.277966,5,7201318,29274,0.61,41.51
191000000000000002,192000000000000004,2023-08-12,488,163,0.334016,3,6804820,41747,0.33,14.14
191000000000000003,192000000000000005,2023-08-12,1612,437,0.271092,5,10504604,24038,0.37,19.9
191000000000000004,192000000000000006,2023-08-12,1854,568,0.306365,7,21009207,36988,1.32,124.48
191000000000000001,192000000000000001,2023-08-13,1790,491,0.274302,3,12294150,25039,0.19,11.66
191000000000000001,192000000000000002,2023-08-13,1600,351,0.219375,2,10878969,30994,0.21,9.31
191000000000000002,192000000000000004,2023-08-13,761,229,0.30092,4,5815963,25397,0.42,33.65
191000000000000003,192000000000000005,2023-08-13,1526,434,0.284404,4,9931337,22883,0.44,47.63
191000000000000004,192000000000000006,2023-08-13,1441,503,0.349063,8,19862673,39488,1.08,85.1
191000000000000001,192000000000000001,2023-08-14,1433,311,0.217027,3,8237896,26488,0.16,16.75
191000000000000001,192000000000000002,2023-08-14,1025,232,0.226341,3,8063634,34757,0.14,8.96
191000000000000002,192000000000000003,2023-08-14,492,167,0.339431,2,4041487,24201,0.45,48.75
191000000000000002,192000000000000004,2023-08-14,476,130,0.273109,2,5273672,40567,0.31,21.45
191000000000000003,192000000000000005,2023-08-14,800,214,0.2675,1,6986370,32647,0.22,30.5
191000000000000004,192000000000000006,2023-08-14,885,287,0.324294,4,13972740,48686,0.57,41.13
191000000000000001,192000000000000001,2023-08-15,1994,412,0.20662,3,10806472,26229,0.18,12.54
191000000000000001,192000000000000002,2023-08-15,1646,439,0.266707,3,13464414,30671,0.27,11.9
191000000000000002,192000000000000003,2023-08-15,1284,335,0.260903,5,7155180,21359,0.61,79.21
191000000000000002,192000000000000004,2023-08-15,917,305,0.332606,3,6713898,22013,1.0,106.32
191000000000000003,192000000000000005,2023-08-15,1165,314,0.269528,2,10401808,33127,0.25,11.7
191000000000000004,192000000000000006,2023-08-15,2097,605,0.288507,12,20803616,34386,1.17,97.57
191000000000000001,192000000000000001,2023-08-16,1498,386,0.257677,4,13125460,34004,0.25,10.12
191000000000000001,192000000000000002,2023-08-16,2336,519,0.222175,7,15942489,30718,0.18,15.67
191000000000000002,192000000000000003,2023-08-16,984,270,0.27439,4,7837510,29028,0.86,120.25
191000000000000002,192000000000000004,2023-08-16,1426,372,0.26087,5,8772746,23583,0.93,48.67
191000000000000003,192000000000000005,2023-08-16,1077,330,0.306407,3,12457692,37751,0.21,21.28
191000000000000004,192000000000000006,2023-08-16,1479,502,0.339419,7,24915384,49632,0.74,43.52
191000000000000001,192000000000000001,2023-08-17,1790,468,0.261453,4,8040920,17181,0.26,17.45
191000000000000001,192000000000000002,2023-08-17,1886,484,0.256628,2,10189909,21054,0.24,12.41
191000000000000002,192000000000000003,2023-08-17,850,222,0.261176,3,5347663,24089,0.5,31.74
191000000000000002,192000000000000004,2023-08-17,495,124,0.250505,3,5069953,40887,0.24,14.18
191000000000000003,192000000000000005,2023-08-17,915,217,0.237158,2,7813212,36006,0.22,11.83
191000000000000004,192000000000000006,2023-08-17,1513,448,0.2961,8,15626425,34880,1.22,126.59
191000000000000001,192000000000000001,2023-08-18,2015,576,0.285856,3,10276084,17840,0.32,14.69
191000000000000001,192000000000000002,2023-08-18,1184,274,0.231419,3,9278865,33864,0.12,11.47
191000000000000002,192000000000000003,2023-08-18,466,138,0.296137,2,5268409,38177,0.46,59.1
191000000000000002,192000000000000004,2023-08-18,681,223,0.32746,4,5905848,26484,0.65,75.94
191000000000000003,192000000000000005,2023-08-18,1720,396,0.230233,5,8380693,21163,0.32,37.66
191000000000000004,192000000000000006,2023-08-18,1453,383,0.263593,6,16761385,43763,0.61,67.01
191000000000000001,192000000000000001,2023-08-19,1631,406,0.248927,2,10486495,25829,0.2,25.66
191000000000000001,192000000000000002,2023-08-19,1684,418,0.248219,4,9999664,23923,0.2,17.57
191000000000000002,192000000000000003,2023-08-19,548,185,0.337591,3,6381459,34494,0.5,49.7
191000000000000002,192000000000000004,2023-08-19,594,155,0.260943,3,5324918,34354,0.46,52.26
191000000000000004,192000000000000006,2023-08-19,1917,666,0.347418,9,17559565,26366,1.81,251.99
191000000000000001,192000000000000001,2023-08-20,1546,353,0.228331,4,8416202,23842,0.18,8.21
191000000000000001,192000000000000002,2023-08-20,1451,331,0.228119,4,10340253,31239,0.15,15.95
191000000000000002,192000000000000003,2023-08-20,538,183,0.340149,2,5839467,31910,0.47,45.7
191000000000000002,192000000000000004,2023-08-20,350,112,0.32,1,4878507,43558,0.24,11.35
191000000000000003,192000000000000005,2023-08-20,1018,285,0.279961,3,8038481,28205,0.32,33.86
191000000000000004,192000000000000006,2023-08-20,1061,359,0.33836,4,16076962,44783,0.65,48.86
191000000000000001,192000000000000001,2023-08-21,3519,882,0.250639,6,13285407,15063,0.35,42.22
191000000000000001,192000000000000002,2023-08-21,2672,686,0.256737,4,11804117,17207,0.38,33.56
191000000000000002,192000000000000003,2023-08-21,495,157,0.317172,2,6227236,39664,0.51,36.49
191000000000000002,192000000000000004,2023-08-21,821,280,0.341048,3,8109635,28963,0.58,55.72
191000000000000003,192000000000000005,2023-08-21,1027,291,0.28335,3,10752653,36951,0.21,12.52
191000000000000004,192000000000000006,2023-08-21,1369,455,0.332359,4,21505306,47264,1.22,101.3
191000000000000001,192000000000000001,2023-08-22,2723,555,0.203819,3,11325968,20407,0.34,18.78
191000000000000001,192000000000000002,2023-08-22,4266,980,0.229723,8,16507745,16845,0.47,52.69
191000000000000002,192000000000000003,2023-08-22,659,193,0.292868,4,7489934,38808,0.54,28.93
191000000000000002,192000000000000004,2023-08-22,1009,321,0.318137,5,8415044,26215,0.75,86.19
191000000000000003,192000000000000005,2023-08-22,1198,316,0.263773,2,11928734,37749,0.28,34.48
191000000000000004,192000000000000006,2023-08-22,1417,478,0.337332,6,23857468,49911,0.83,101.08
191000000000000001,192000000000000001,2023-08-23,1675,374,0.223284,4,11960373,31980,0.15,14.03
191000000000000001,192000000000000002,2023-08-23,2584,589,0.227941,4,9100736,15451,0.35,44.39
191000000000000002,192000000000000003,2023-08-23,433,145,0.334873,2,6053625,41749,0.42,39.85
191000000000000002,192000000000000004,2023-08-23,796,273,0.342965,2,5981294,21910,0.58,38.95
191000000000000003,192000000000000005,2023-08-23,1402,403,0.287447,4,9026189,22397,0.42,22.14
191000000000000004,192000000000000006,2023-08-23,1394,476,0.341463,4,18052379,37925,1.22,75.23
191000000000000001,192000000000000001,2023-08-24,2547,587,0.230467,5,11531205,19644,0.27,34.22
191000000000000001,192000000000000002,2023-08-24,1245,324,0.260241,1,10763914,33222,0.21,9.1
191000000000000002,192000000000000003,2023-08-24,751,247,0.328895,3,7181465,29075,0.6,76.98
191000000000000002,192000000000000004,2023-08-24,514,161,0.31323,2,5558603,34525,0.34,19.81
191000000000000003,192000000000000005,2023-08-24,2248,504,0.224199,4,9555051,18958,0.41,29.98
191000000000000004,192000000000000006,2023-08-24,1185,396,0.334177,5,19110103,48258,0.9,111.39
191000000000000001,192000000000000001,2023-08-25,1858,546,0.293864,3,13488324,24704,0.25,16.67
191000000000000001,192000000000000002,2023-08-25,1980,507,0.256061,6,11326557,22340,0.21,21.92
191000000000000002,192000000000000003,2023-08-25,652,224,0.343558,3,6839911,30535,0.55,54.77
191000000000000002,192000000000000004,2023-08-25,615,201,0.326829,2,7340021,36518,0.43,44.56
191000000000000004,192000000000000006,2023-08-25,1432,479,0.334497,7,21269898,44405,1.13,125.62
191000000000000001,192000000000000001,2023-08-26,1644,403,0.245134,2,13150483,32631,0.16,16.87
191000000000000001,192000000000000002,2023-08-26,1960,514,0.262245,6,13619757,26498,0.19,24.44
191000000000000002,192000000000000003,2023-08-26,891,298,0.334456,5,7119146,23890,0.6,30.14
191000000000000002,192000000000000004,2023-08-26,716,184,0.256983,4,8178134,44446,0.6,73.13
191000000000000003,192000000000000005,2023-08-26,1885,539,0.285942,6,11472960,21286,0.36,39.31
191000000000000004,192000000000000006,2023-08-26,3124,862,0.275928,17,22945920,26619,2.23,188.92
191000000000000001,192000000000000001,2023-08-27,2214,564,0.254743,5,13252225,23497,0.2,22.77
191000000000000001,192000000000000002,2023-08-27,1754,505,0.287913,5,12336983,24430,0.24,11.62
191000000000000002,192000000000000003,2023-08-27,853,279,0.327081,4,7092430,25421,0.62,39.17
191000000000000002,192000000000000004,2023-08-27,654,192,0.293578,4,7529974,39219,0.64,57.52
191000000000000003,192000000000000005,2023-08-27,1556,354,0.227506,4,10966803,30980,0.28,24.56
191000000000000004,192000000000000006,2023-08-27,2618,732,0.279603,13,21933607,29964,1.79,87.98
191000000000000001,192000000000000001,2023-08-28,3759,864,0.229848,10,18233683,21104,0.4,21.93
191000000000000001,192000000000000002,2023-08-28,3528,859,0.243481,4,14627197,17028,0.39,50.23
191000000000000002,192000000000000003,2023-08-28,942,273,0.289809,5,9282354,34001,0.67,39.81
191000000000000002,192000000000000004,2023-08-28,735,257,0.34966,3,9495291,36947,0.6,78.08
191000000000000003,192000000000000005,2023-08-28,2226,604,0.271339,6,14083234,23317,0.49,44.36
191000000000000004,192000000000000006,2023-08-28,1973,670,0.339584,9,28166468,42040,1.28,55.11
191000000000000001,192000000000000001,2023-08-29,1743,442,0.253586,3,8659387,19591,0.23,27.49
191000000000000001,192000000000000002,2023-08-29,1806,504,0.27907,2,11816040,23445,0.23,27.09
191000000000000002,192000000000000003,2023-08-29,462,153,0.331169,2,5134563,33559,0.39,33.31
191000000000000002,192000000000000004,2023-08-29,512,155,0.302734,3,6565680,42359,0.41,52.56
191000000000000003,192000000000000005,2023-08-29,1368,345,0.252193,3,8775183,25435,0.34,38.35
191000000000000001,192000000000000001,2023-08-30,2851,616,0.216065,8,11182329,18153,0.35,26.5
191000000000000001,192000000000000002,2023-08-30,2876,691,0.240264,6,14488305,20967,0.35,19.55
191000000000000002,192000000000000003,2023-08-30,1084,301,0.277675,4,7413041,24628,0.89,117.49
191000000000000002,192000000000000004,2023-08-30,584,174,0.297945,3,7255893,41701,0.47,62.04
191000000000000003,192000000000000005,2023-08-30,1726,391,0.226535,3,11001700,28137,0.37,21.42
191000000000000004,192000000000000006,2023-08-30,2888,810,0.280471,13,22003400,27165,1.72,226.14
191000000000000001,192000000000000001,2023-08-31,3552,751,0.21143,5,16181356,21546,0.33,34.16
191000000000000001,192000000000000002,2023-08-31,1836,531,0.289216,5,15027310,28300,0.25,16.1
191000000000000002,192000000000000003,2023-08-31,1491,436,0.292421,8,8744849,20057,0.83,86.56
191000000000000002,192000000000000004,2023-08-31,1192,366,0.307047,6,9088675,24832,1.14,88.53
191000000000000003,192000000000000005,2023-08-31,1611,378,0.234637,4,13375143,35384,0.38,29.75
191000000000000004,192000000000000006,2023-08-31,2811,829,0.294913,10,26750286,32268,2.02,192.97
191000000000000001,192000000000000001,2023-09-01,1176,273,0.232143,1,9556622,35006,0.1,7.01
191000000000000001,192000000000000002,2023-09-01,2712,549,0.202434,3,11676205,21268,0.25,34.52
191000000000000002,192000000000000003,2023-09-01,405,133,0.328395,2,5139287,38641,0.27,11.76
191000000000000002,192000000000000004,2023-09-01,831,244,0.293622,4,6993757,28663,0.47,23.43
191000000000000003,192000000000000005,2023-09-01,1560,466,0.298718,4,9099783,19527,0.46,48.51
191000000000000004,192000000000000006,2023-09-01,1295,431,0.332819,6,18199566,42226,1.06,54.6
191000000000000001,192000000000000001,2023-09-02,2564,646,0.25195,3,13638017,21111,0.41,34.37
191000000000000001,192000000000000002,2023-09-02,2047,572,0.279433,4,13943538,24377,0.23,24.39
191000000000000002,192000000000000003,2023-09-02,658,188,0.285714,3,8187092,43548,0.55,63.95
191000000000000002,192000000000000004,2023-09-02,571,170,0.297723,2,7573797,44552,0.51,30.06
191000000000000003,192000000000000005,2023-09-02,1182,339,0.286802,4,11820666,34869,0.3,30.18
191000000000000004,192000000000000006,2023-09-02,2650,666,0.251321,13,23641333,35497,1.57,179.14
191000000000000001,192000000000000001,2023-09-03,3115,742,0.238202,7,13327918,17962,0.35,45.41
191000000000000001,192000000000000002,2023-09-03,2773,642,0.231518,6,12933300,20145,0.23,15.57
191000000000000002,192000000000000003,2023-09-03,568,172,0.302817,3,6536997,38006,0.44,54.75
191000000000000002,192000000000000004,2023-09-03,842,291,0.345606,3,8469413,29105,0.77,32.51
191000000000000003,192000000000000005,2023-09-03,1096,301,0.274635,3,11254808,37391,0.3,33.88
191000000000000004,192000000000000006,2023-09-03,2114,665,0.31457,12,22509615,33849,1.16,72.18
191000000000000001,192000000000000001,2023-09-04,1989,569,0.286073,3,10497900,18450,0.33,24.29
191000000000000001,192000000000000002,2023-09-04,1424,383,0.268961,2,13007592,33962,0.14,5.78
191000000000000002,192000000000000003,2023-09-04,1004,289,0.287849,5,6800896,23533,0.76,34.12
191000000000000002,192000000000000004,2023-09-04,511,157,0.307241,3,6630814,42234,0.46,56.96
191000000000000003,192000000000000005,2023-09-04,1830,482,0.263388,5,10073782,20900,0.33,34.85
191000000000000004,192000000000000006,2023-09-04,1809,502,0.277501,11,20147565,40135,0.98,125.1
191000000000000001,192000000000000001,2023-09-05,2315,537,0.231965,6,14608640,27204,0.21,21.25
191000000000000001,192000000000000002,2023-09-05,1053,303,0.287749,2,10122116,33406,0.18,12.31
191000000000000002,192000000000000003,2023-09-05,597,157,0.262982,3,6590737,41979,0.47,27.63
191000000000000002,192000000000000004,2023-09-05,865,239,0.276301,4,7541124,31553,0.77,104.79
191000000000000003,192000000000000005,2023-09-05,1557,439,0.281952,5,10598896,24143,0.36,19.36
191000000000000004,192000000000000006,2023-09-05,1277,425,0.332811,7,21197791,49877,0.76,39.11
191000000000000001,192000000000000001,2023-09-06,1794,494,0.275362,4,9788309,19814,0.29,13.29
191000000000000001,192000000000000002,2023-09-06,2194,604,0.275296,4,13415443,22211,0.22,12.8
191000000000000002,192000000000000003,2023-09-06,520,165,0.317308,2,6930094,42001,0.33,40.85
191000000000000002,192000000000000004,2023-09-06,928,245,0.264009,3,6329193,25833,0.47,32.05
191000000000000003,192000000000000005,2023-09-06,1028,304,0.29572,3,9944465,32712,0.3,39.17
191000000000000004,192000000000000006,2023-09-06,2479,693,0.279548,8,19888930,28700,1.16,160.64
191000000000000001,192000000000000001,2023-09-07,1329,353,0.265613,2,11226503,31803,0.21,10.54
191000000000000001,192000000000000002,2023-09-07,1064,316,0.296992,3,8551060,27060,0.14,9.92
191000000000000002,192000000000000003,2023-09-07,414,135,0.326087,2,5364486,39737,0.39,19.55
191000000000000002,192000000000000004,2023-09-07,466,140,0.300429,2,5936978,42407,0.38,27.83
191000000000000003,192000000000000005,2023-09-07,1339,380,0.283794,3,8476098,22306,0.25,25.41
191000000000000004,192000000000000006,2023-09-07,1256,359,0.285828,5,16952197,47221,0.77,56.35
191000000000000001,192000000000000001,2023-09-08,1917,449,0.23422,5,9425727,20993,0.21,10.47
191000000000000001,192000000000000002,2023-09-08,2707,712,0.263022,7,12869819,18076,0.37,23.26
191000000000000002,192000000000000003,2023-09-08,974,280,0.287474,5,6303213,22511,0.6,78.83
191000000000000002,192000000000000004,2023-09-08,475,155,0.326316,2,6437099,41530,0.42,27.27
191000000000000003,192000000000000005,2023-09-08,1314,396,0.30137,4,9555234,24129,0.32,41.04
191000000000000004,192000000000000006,2023-09-08,1986,514,0.258812,9,19110468,37180,1.02,42.55
191000000000000001,192000000000000001,2023-09-09,2320,631,0.271983,5,10076803,15970,0.36,24.56
191000000000000001,192000000000000002,2023-09-09,2357,625,0.265168,4,11008294,17613,0.38,37.74
191000000000000002,192000000000000003,2023-09-09,658,219,0.332827,2,6396742,29209,0.47,45.63
191000000000000002,192000000000000004,2023-09-09,653,221,0.338438,4,5651885,25574,0.65,55.44
191000000000000003,192000000000000005,2023-09-09,817,248,0.30355,2,9036470,36437,0.28,20.55
191000000000000004,192000000000000006,2023-09-09,2321,642,0.276605,7,18072941,28151,0.97,55.64
191000000000000001,192000000000000001,2023-09-10,4019,903,0.224683,9,15838437,17540,0.41,53.8
191000000000000001,192000000000000002,2023-09-10,1786,532,0.297872,4,16187846,30428,0.2,12.85
191000000000000002,192000000000000003,2023-09-10,1106,355,0.320976,4,8894307,25054,1.12,46.92
191000000000000002,192000000000000004,2023-09-10,797,215,0.269762,4,9406427,43751,0.63,29.97
191000000000000003,192000000000000005,2023-09-10,2992,687,0.229612,10,13725550,19979,0.52,57.28
191000000000000004,192000000000000006,2023-09-10,1949,633,0.324782,6,27451100,43367,1.65,125.04
191000000000000001,192000000000000002,2023-09-11,2865,641,0.223735,9,10689240,16676,0.36,40.26
191000000000000002,192000000000000003,2023-09-11,1037,281,0.270974,6,6714753,23896,0.6,42.62
191000000000000002,192000000000000004,2023-09-11,526,169,0.321293,3,7377830,43656,0.36,18.47
191000000000000003,192000000000000005,2023-09-11,1191,318,0.267003,3,10569438,33237,0.22,18.65
191000000000000004,192000000000000006,2023-09-11,2450,833,0.34,12,21138876,25377,1.64,102.97
191000000000000001,192000000000000001,2023-09-12,1975,501,0.253671,3,14783204,29507,0.2,20.36
191000000000000001,192000000000000002,2023-09-12,1783,522,0.292765,3,11005054,21082,0.19,26.12
191000000000000002,192000000000000003,2023-09-12,806,232,0.287841,4,7693396,33161,0.56,70.77
191000000000000002,192000000000000004,2023-09-12,654,174,0.266055,3,7042751,40476,0.34,14.45
191000000000000004,192000000000000006,2023-09-12,1726,489,0.283314,9,22104221,45203,0.91,36.48
191000000000000001,192000000000000001,2023-09-13,1681,346,0.20583,5,9479297,27397,0.14,16.66
191000000000000001,192000000000000002,2023-09-13,1610,427,0.265217,3,10598727,24821,0.19,11.25
191000000000000002,192000000000000003,2023-09-13,467,144,0.308351,2,5547859,38527,0.38,50.32
191000000000000002,192000000000000004,2023-09-13,912,238,0.260965,4,5925298,24896,0.74,44.59
191000000000000004,192000000000000006,2023-09-13,1821,535,0.293795,9,17209735,32168,1.18,77.59
191000000000000001,192000000000000001,2023-09-14,3449,709,0.205567,10,11259738,15881,0.32,34.93
191000000000000001,192000000000000002,2023-09-14,1792,537,0.299665,2,12847071,23924,0.31,23.77
191000000000000002,192000000000000004,2023-09-14,561,170,0.30303,3,6456469,37979,0.44,32.64
191000000000000003,192000000000000005,2023-09-14,1292,312,0.241486,3,10331490,33114,0.24,13.24
191000000000000004,192000000000000006,2023-09-14,2195,555,0.252847,7,20662980,37231,1.14,110.74
191000000000000001,192000000000000001,2023-09-15,5510,1229,0.223049,9,18600610,15135,0.78,41.61
191000000000000001,192000000000000002,2023-09-15,2139,471,0.220196,2,14689853,31189,0.29,16.42
191000000000000002,192000000000000003,2023-09-15,747,229,0.30656,4,7991277,34896,0.44,54.17
191000000000000002,192000000000000004,2023-09-15,1159,379,0.327006,4,11031845,29108,0.71,87.29
191000000000000003,192000000000000005,2023-09-15,1416,382,0.269774,4,14267342,37349,0.26,25.62
191000000000000004,192000000000000006,2023-09-15,2472,863,0.34911,9,28534683,33065,1.67,177.95
191000000000000001,192000000000000001,2023-09-16,2505,671,0.267864,7,12943854,19290,0.41,35.32
191000000000000001,192000000000000002,2023-09-16,3205,904,0.282059,6,17835642,19730,0.57,27.02
191000000000000002,192000000000000003,2023-09-16,1003,272,0.271186,5,8691787,31955,0.91,119.6
191000000000000002,192000000000000004,2023-09-16,624,200,0.320513,4,8896496,44482,0.45,24.75
191000000000000003,192000000000000005,2023-09-16,1857,497,0.267636,3,13191212,26542,0.52,52.13
191000000000000004,192000000000000006,2023-09-16,3000,932,0.310667,13,26382425,28307,1.52,206.09
191000000000000001,192000000000000001,2023-09-17,1745,517,0.296275,3,10001795,19346,0.19,11.33
191000000000000001,192000000000000002,2023-09-17,1341,396,0.295302,2,13240702,33436,0.15,12.37
191000000000000002,192000000000000003,2023-09-17,501,145,0.289421,2,6470224,44622,0.35,19.59
191000000000000002,192000000000000004,2023-09-17,770,204,0.264935,4,6811202,33388,0.68,58.89
191000000000000003,192000000000000005,2023-09-17,1272,354,0.278302,4,9961070,28139,0.37,15.08
191000000000000004,192000000000000006,2023-09-17,2309,709,0.307059,12,19922140,28099,1.12,116.31
191000000000000001,192000000000000001,2023-09-18,3982,1002,0.251632,7,17725451,17690,0.56,61.11
191000000000000001,192000000000000002,2023-09-18,3351,757,0.225903,8,18238582,24093,0.42,33.33
191000000000000002,192000000000000003,2023-09-18,1657,476,0.287266,6,10584579,22237,1.16,66.89
191000000000000002,192000000000000004,2023-09-18,948,254,0.267932,6,9966297,39237,0.6,73.29
191000000000000003,192000000000000005,2023-09-18,1857,507,0.273021,4,15413157,30401,0.33,40.65
191000000000000004,192000000000000006,2023-09-18,3004,918,0.305593,11,30826314,33580,1.55,116.16
191000000000000001,192000000000000001,2023-09-19,1700,462,0.271765,2,15677566,33934,0.16,15.25
191000000000000002,192000000000000003,2023-09-19,1205,419,0.347718,7,9561758,22820,1.0,104.18
191000000000000002,192000000000000004,2023-09-19,1347,354,0.262806,7,9922683,28030,0.91,107.7
191000000000000003,192000000000000005,2023-09-19,2127,642,0.301834,3,14613330,22762,0.42,43.29
191000000000000004,192000000000000006,2023-09-19,2253,726,0.322237,8,29226660,40257,1.39,124.78
191000000000000001,192000000000000001,2023-09-20,3539,847,0.239333,4,17846543,21070,0.34,22.52
191000000000000001,192000000000000002,2023-09-20,2687,737,0.274284,3,19341292,26243,0.3,27.2
191000000000000002,192000000000000003,2023-09-20,975,256,0.262564,5,9700493,37893,0.58,50.84
191000000000000002,192000000000000004,2023-09-20,834,278,0.333333,4,11549699,41546,0.91,76.14
191000000000000003,192000000000000005,2023-09-20,3491,860,0.246348,11,15937644,18532,0.55,25.0
191000000000000004,192000000000000006,2023-09-20,2630,698,0.265399,9,31875287,45667,1.9,244.94
191000000000000001,192000000000000001,2023-09-21,1526,451,0.295544,2,15552770,34485,0.24,9.64
191000000000000001,192000000000000002,2023-09-21,2313,520,0.224816,7,16270473,31289,0.25,32.13
191000000000000002,192000000000000003,2023-09-21,1097,320,0.291705,6,9675052,30235,0.92,106.52
191000000000000002,192000000000000004,2023-09-21,846,257,0.303783,5,8509659,33112,0.72,84.81
191000000000000003,192000000000000005,2023-09-21,2083,500,0.240038,4,13638533,27277,0.38,19.46
191000000000000004,192000000000000006,2023-09-21,1850,551,0.297838,6,27277065,49505,1.43,171.2
191000000000000001,192000000000000001,2023-09-22,1453,432,0.297316,3,14482195,33524,0.16,14.65
191000000000000001,192000000000000002,2023-09-22,1695,431,0.254277,4,11075597,25697,0.2,10.04
191000000000000002,192000000000000003,2023-09-22,871,283,0.324914,3,7056998,24936,0.66,33.2
191000000000000002,192000000000000004,2023-09-22,901,271,0.300777,5,7547454,27850,0.66,27.55
191000000000000004,192000000000000006,2023-09-22,1919,483,0.251694,8,21906679,45355,1.02,97.6
191000000000000001,192000000000000001,2023-09-23,1534,430,0.280313,2,14831132,34491,0.19,15.22
191000000000000001,192000000000000002,2023-09-23,2452,684,0.278956,5,15474177,22623,0.36,36.58
191000000000000002,192000000000000003,2023-09-23,1379,431,0.312545,6,9801821,22742,1.28,164.96
191000000000000002,192000000000000004,2023-09-23,713,209,0.293128,2,7515498,35959,0.49,41.07
191000000000000003,192000000000000005,2023-09-23,1379,427,0.309645,4,12987990,30417,0.33,16.39
191000000000000004,192000000000000006,2023-09-23,1674,558,0.333333,9,25975979,46552,1.35,154.41
191000000000000001,192000000000000001,2023-09-24,2338,595,0.254491,5,18126185,30464,0.23,20.94
191000000000000001,192000000000000002,2023-09-24,3488,745,0.213589,10,14774624,19832,0.38,20.86
191000000000000002,192000000000000003,2023-09-24,908,271,0.298458,4,9071070,33473,0.62,36.21
191000000000000002,192000000000000004,2023-09-24,1555,404,0.259807,6,9729392,24083,0.85,79.19
191000000000000003,192000000000000005,2023-09-24,1641,416,0.253504,4,14100347,33895,0.43,20.25
191000000000000004,192000000000000006,2023-09-24,2561,714,0.278797,12,28200693,39497,1.77,106.25
191000000000000001,192000000000000001,2023-09-25,3308,830,0.250907,5,13612673,16401,0.5,42.51
191000000000000001,192000000000000002,2023-09-25,2110,447,0.211848,4,11221330,25104,0.22,11.34
191000000000000002,192000000000000003,2023-09-25,665,187,0.281203,4,6567814,35122,0.49,61.25
191000000000000002,192000000000000004,2023-09-25,1331,370,0.277986,5,7623045,20603,1.07,52.09
191000000000000003,192000000000000005,2023-09-25,1962,449,0.228848,6,10643144,23704,0.39,52.41
191000000000000004,192000000000000006,2023-09-25,1710,501,0.292982,5,21286288,42488,0.95,81.09
191000000000000001,192000000000000001,2023-09-26,1658,421,0.25392,3,14102156,33497,0.21,11.19
191000000000000001,192000000000000002,2023-09-26,2286,654,0.286089,5,11962980,18292,0.39,17.45
191000000000000002,192000000000000003,2023-09-26,1036,301,0.290541,5,7118928,23651,0.57,23.66
191000000000000002,192000000000000004,2023-09-26,1107,279,0.252033,5,7775436,27869,0.52,28.41
191000000000000003,192000000000000005,2023-09-26,1461,447,0.305955,3,11170773,24991,0.4,43.12
191000000000000004,192000000000000006,2023-09-26,1546,540,0.349288,9,22341546,41373,1.3,147.54
191000000000000001,192000000000000001,2023-09-27,1498,433,0.289052,4,12663919,29247,0.2,19.13
191000000000000001,192000000000000002,2023-09-27,2414,611,0.253107,7,12015971,19666,0.22,15.47
191000000000000002,192000000000000003,2023-09-27,539,175,0.324675,2,7069659,40398,0.38,35.57
191000000000000002,192000000000000004,2023-09-27,738,196,0.265583,3,7033135,35883,0.51,49.7
191000000000000003,192000000000000005,2023-09-27,984,286,0.29065,3,10577095,36983,0.33,34.77
191000000000000004,192000000000000006,2023-09-27,1534,456,0.297262,7,21154191,46391,1.21,117.64
191000000000000001,192000000000000001,2023-09-28,2319,494,0.213023,3,11598638,23479,0.22,22.31
191000000000000001,192000000000000002,2023-09-28,2144,450,0.209888,5,11824804,26277,0.28,15.05
191000000000000002,192000000000000003,2023-09-28,532,152,0.285714,2,6505585,42800,0.47,44.1
191000000000000002,192000000000000004,2023-09-28,588,198,0.336735,2,6879240,34744,0.52,41.0
191000000000000003,192000000000000005,2023-09-28,2275,524,0.23033,4,10038618,19158,0.58,62.27
191000000000000004,192000000000000006,2023-09-28,1486,479,0.322342,5,20077236,41915,1.0,119.68
191000000000000001,192000000000000001,2023-09-29,3942,1007,0.255454,8,15593333,15485,0.4,35.53
191000000000000001,192000000000000002,2023-09-29,1764,500,0.283447,3,13214855,26430,0.19,25.01
191000000000000002,192000000000000003,2023-09-29,1046,307,0.293499,6,8257181,26896,0.98,132.01
191000000000000002,192000000000000004,2023-09-29,606,192,0.316832,2,8204641,42733,0.38,52.46
191000000000000003,192000000000000005,2023-09-29,2286,588,0.257218,8,12346367,20997,0.42,32.96
191000000000000004,192000000000000006,2023-09-29,3232,918,0.284035,12,24692733,26898,1.7,152.87
191000000000000001,192000000000000001,2023-09-30,2730,673,0.24652,6,17246215,25626,0.27,26.53
191000000000000001,192000000000000002,2023-09-30,2793,806,0.288579,7,16809780,20856,0.52,48.24
191000000000000002,192000000000000003,2023-09-30,1148,332,0.289199,4,10320064,31085,0.97,131.38
191000000000000002,192000000000000004,2023-09-30,812,226,0.278325,3,9140504,40445,0.45,55.89
191000000000000003,192000000000000005,2023-09-30,1727,444,0.257093,5,14595426,32873,0.31,12.79
191000000000000004,192000000000000006,2023-09-30,2514,662,0.263325,13,29190852,44095,1.42,63.94
191000000000000001,192000000000000001,2023-10-01,4603,963,0.209211,10,17820144,18505,0.55,25.47
191000000000000001,192000000000000002,2023-10-01,1911,527,0.275772,3,13376232,25382,0.27,13.21
191000000000000002,192000000000000003,2023-10-01,604,211,0.349338,2,9160177,43413,0.55,32.28
191000000000000002,192000000000000004,2023-10-01,1154,301,0.260832,4,8666324,28792,1.01,108.11
191000000000000003,192000000000000005,2023-10-01,2548,646,0.253532,5,13369876,20696,0.57,46.36
191000000000000004,192000000000000006,2023-10-01,2148,586,0.272812,12,26739751,45631,1.34,87.51
191000000000000001,192000000000000001,2023-10-02,1965,522,0.265649,2,16492763,31595,0.23,23.45
191000000000000001,192000000000000002,2023-10-02,3212,653,0.2033,5,19394114,29700,0.28,37.47
191000000000000002,192000000000000003,2023-10-02,859,248,0.288708,4,10324328,41630,0.5,40.32
191000000000000002,192000000000000004,2023-10-02,919,289,0.314472,3,10182459,35233,0.71,96.92
191000000000000003,192000000000000005,2023-10-02,2562,629,0.245511,5,15380090,24452,0.43,59.99
191000000000000004,192000000000000006,2023-10-02,1909,650,0.340492,9,30760181,47323,1.46,124.41
191000000000000001,192000000000000001,2023-10-03,4462,928,0.207978,6,14404387,15522,0.38,41.37
191000000000000001,192000000000000002,2023-10-03,2227,453,0.203413,5,14727387,32511,0.18,19.69
191000000000000002,192000000000000003,2023-10-03,704,205,0.291193,2,8363502,40798,0.65,72.55
191000000000000002,192000000000000004,2023-10-03,1198,354,0.295492,7,8283226,23399,0.72,87.12
191000000000000003,192000000000000005,2023-10-03,1566,460,0.293742,5,12485046,27141,0.41,17.89
191000000000000001,192000000000000001,2023-10-04,3461,798,0.230569,6,17052911,21370,0.46,27.72
191000000000000001,192000000000000002,2023-10-04,2185,506,0.231579,4,15607655,30845,0.31,36.72
191000000000000002,192000000000000003,2023-10-04,640,215,0.335938,4,9606985,44684,0.55,54.47
191000000000000002,192000000000000004,2023-10-04,675,225,0.333333,3,9056196,40250,0.61,69.81
191000000000000003,192000000000000005,2023-10-04,1644,489,0.297445,5,13997386,28625,0.37,48.42
191000000000000004,192000000000000006,2023-10-04,2631,691,0.262638,15,27994771,40513,1.61,204.59
191000000000000001,192000000000000001,2023-10-05,1478,427,0.288904,3,14428279,33790,0.17,10.26
191000000000000001,192000000000000002,2023-10-05,1501,421,0.28048,4,14567306,34602,0.2,9.09
191000000000000002,192000000000000003,2023-10-05,652,219,0.33589,3,7929225,36207,0.55,33.41
191000000000000002,192000000000000004,2023-10-05,1417,394,0.278052,5,8639681,21928,0.82,81.52
191000000000000003,192000000000000005,2023-10-05,1375,404,0.293818,4,12426679,30759,0.29,38.07
191000000000000004,192000000000000006,2023-10-05,1680,570,0.339286,9,24853358,43602,1.33,91.71
191000000000000001,192000000000000001,2023-10-06,1926,402,0.208723,5,12419787,30895,0.18,18.86
191000000000000001,192000000000000002,2023-10-06,3610,747,0.206925,10,12952439,17339,0.44,37.46
191000000000000002,192000000000000004,2023-10-06,1277,342,0.267815,8,7499447,21928,0.98,124.78
191000000000000003,192000000000000005,2023-10-06,1070,311,0.290654,2,10873811,34964,0.36,18.88
191000000000000004,192000000000000006,2023-10-06,1811,561,0.309774,10,21747622,38766,1.27,115.86
191000000000000001,192000000000000001,2023-10-07,3746,982,0.262146,4,21008276,21393,0.61,81.84
191000000000000001,192000000000000002,2023-10-07,3744,1038,0.277244,5,19898919,19170,0.47,64.87
191000000000000002,192000000000000003,2023-10-07,1983,580,0.292486,12,11993567,20679,1.27,161.47
191000000000000002,192000000000000004,2023-10-07,963,282,0.292835,5,11381973,40362,0.52,51.1
191000000000000003,192000000000000005,2023-10-07,2590,759,0.29305,8,17531655,23098,0.63,52.34
191000000000000004,192000000000000006,2023-10-07,2544,882,0.346698,11,35063310,39754,1.46,181.14
191000000000000001,192000000000000001,2023-10-08,2352,590,0.25085,6,12628362,21404,0.28,26.05
191000000000000001,192000000000000002,2023-10-08,3973,1095,0.27561,10,17112622,15628,0.41,46.84
191000000000000002,192000000000000003,2023-10-08,881,288,0.326901,4,7766550,26967,0.56,52.37
191000000000000002,192000000000000004,2023-10-08,1410,375,0.265957,6,9228299,24609,1.21,57.47
191000000000000003,192000000000000005,2023-10-08,1754,488,0.278221,3,12746136,26119,0.49,24.91
191000000000000004,192000000000000006,2023-10-08,2330,729,0.312876,9,25492273,34969,1.37,124.59
191000000000000001,192000000000000001,2023-10-09,2460,734,0.298374,6,16845857,22951,0.41,43.23
191000000000000001,192000000000000002,2023-10-09,4079,905,0.221868,11,15183107,16777,0.4,45.4
191000000000000002,192000000000000003,2023-10-09,846,244,0.288416,3,8660889,35495,0.68,34.99
191000000000000002,192000000000000004,2023-10-09,1061,327,0.3082,6,9641377,29484,0.61,62.43
191000000000000003,192000000000000005,2023-10-09,1599,387,0.242026,4,13726699,35470,0.37,36.14
191000000000000004,192000000000000006,2023-10-09,1785,564,0.315966,10,27453398,48676,1.1,69.06
191000000000000001,192000000000000001,2023-10-10,1733,428,0.246971,4,14113103,32975,0.22,30.3
191000000000000001,192000000000000002,2023-10-10,1727,406,0.23509,2,12325861,30359,0.18,11.68
191000000000000002,192000000000000003,2023-10-10,849,253,0.297998,5,6817787,26948,0.55,41.52
191000000000000002,192000000000000004,2023-10-10,648,225,0.347222,3,8290192,36845,0.69,29.2
191000000000000003,192000000000000005,2023-10-10,1717,537,0.312755,3,11330985,21101,0.45,23.69
191000000000000004,192000000000000006,2023-10-10,1403,463,0.330007,6,22661969,48946,1.01,45.42
191000000000000001,192000000000000001,2023-10-11,1864,397,0.212983,5,13633729,34342,0.19,16.75
191000000000000001,192000000000000002,2023-10-11,1565,464,0.296486,5,15932832,34338,0.25,28.36
191000000000000002,192000000000000003,2023-10-11,514,170,0.330739,3,7442899,43782,0.45,40.4
191000000000000002,192000000000000004,2023-10-11,1583,399,0.252053,8,9452279,23690,1.13,101.53
191000000000000003,192000000000000005,2023-10-11,2790,614,0.220072,8,12671383,20637,0.52,39.57
191000000000000004,192000000000000006,2023-10-11,2390,824,0.34477,13,25342766,30756,1.64,102.2
191000000000000001,192000000000000001,2023-10-12,2755,655,0.23775,8,12984110,19823,0.36,35.57
191000000000000001,192000000000000002,2023-10-12,2923,593,0.202874,7,14590547,24605,0.23,20.65
191000000000000002,192000000000000003,2023-10-12,855,249,0.291228,4,6914502,27769,0.6,54.78
191000000000000002,192000000000000004,2023-10-12,618,206,0.333333,3,8842445,42924,0.41,33.17
191000000000000003,192000000000000005,2023-10-12,1645,492,0.299088,4,11817710,24020,0.34,23.92
191000000000000004,192000000000000006,2023-10-12,1541,483,0.313433,8,23635421,48935,0.87,120.31
191000000000000001,192000000000000001,2023-10-13,2002,490,0.244755,6,15912536,32475,0.3,15.76
191000000000000002,192000000000000003,2023-10-13,960,283,0.294792,5,8915914,31505,0.72,65.97
191000000000000002,192000000000000004,2023-10-13,1243,322,0.259051,7,9255014,28742,1.08,117.21
191000000000000003,192000000000000005,2023-10-13,1919,568,0.295987,7,13628196,23993,0.6,41.91
191000000000000004,192000000000000006,2023-10-13,2500,631,0.2524,15,27256392,43196,1.35,185.95
191000000000000001,192000000000000001,2023-10-14,1973,403,0.204257,4,13894288,34477,0.17,22.74
191000000000000001,192000000000000002,2023-10-14,1747,490,0.280481,5,10796307,22033,0.27,23.31
191000000000000002,192000000000000003,2023-10-14,691,200,0.289436,2,7735860,38679,0.54,65.41
191000000000000002,192000000000000004,2023-10-14,749,256,0.341789,4,6373051,24895,0.72,89.36
191000000000000003,192000000000000005,2023-10-14,1487,415,0.279085,3,10581683,25498,0.43,55.95
191000000000000004,192000000000000006,2023-10-14,1649,484,0.293511,7,21163366,43726,1.28,79.36
191000000000000001,192000000000000001,2023-10-15,2481,604,0.24345,6,10827065,17926,0.28,19.32
191000000000000001,192000000000000002,2023-10-15,2121,516,0.243281,6,12133840,23515,0.21,18.92
191000000000000002,192000000000000003,2023-10-15,1079,328,0.303985,5,6813948,20774,1.0,88.58
191000000000000002,192000000000000004,2023-10-15,575,184,0.32,3,6306569,34275,0.58,28.53
191000000000000003,192000000000000005,2023-10-15,893,268,0.300112,2,9840388,36718,0.24,32.87
191000000000000004,192000000000000006,2023-10-15,1582,479,0.302781,5,19680776,41087,1.09,45.72
191000000000000001,192000000000000001,2023-10-16,1790,519,0.289944,2,17838423,34371,0.29,29.99
191000000000000001,192000000000000002,2023-10-16,1940,546,0.281443,4,13964926,25577,0.24,16.0
191000000000000002,192000000000000003,2023-10-16,1540,466,0.302597,6,9335903,20034,1.48,144.2
191000000000000002,192000000000000004,2023-10-16,1017,274,0.26942,5,8837440,32253,0.61,78.56
191000000000000003,192000000000000005,2023-10-16,1306,391,0.299387,2,13630007,34859,0.28,37.67
191000000000000004,192000000000000006,2023-10-16,3639,1073,0.294861,19,27260014,25405,1.59,200.28
191000000000000001,192000000000000001,2023-10-17,4943,1094,0.221323,7,17538662,16032,0.42,56.11
191000000000000001,192000000000000002,2023-10-17,2814,678,0.240938,7,21958471,32387,0.44,34.49
191000000000000002,192000000000000003,2023-10-17,1908,501,0.262579,10,12250242,24452,1.07,102.4
191000000000000002,192000000000000004,2023-10-17,764,235,0.307592,2,10319548,43913,0.48,41.81
191000000000000003,192000000000000005,2023-10-17,1786,523,0.292833,4,16927343,32366,0.53,56.46
191000000000000004,192000000000000006,2023-10-17,3947,1052,0.266532,18,33854685,32181,2.2,198.28
191000000000000001,192000000000000001,2023-10-18,4063,1197,0.29461,9,19091843,15950,0.67,59.41
191000000000000001,192000000000000002,2023-10-18,3176,722,0.22733,3,13379791,18532,0.36,40.37
191000000000000002,192000000000000003,2023-10-18,1139,287,0.251975,4,9764496,34023,0.62,50.03
191000000000000002,192000000000000004,2023-10-18,930,322,0.346237,3,8790723,27300,1.04,81.47
191000000000000003,192000000000000005,2023-10-18,2508,634,0.252791,6,13916415,21950,0.73,41.4
191000000000000004,192000000000000006,2023-10-18,2183,730,0.334402,11,27832829,38127,1.88,76.0
191000000000000001,192000000000000001,2023-10-19,2176,638,0.293199,5,17162406,26900,0.39,44.17
191000000000000001,192000000000000002,2023-10-19,1690,405,0.239645,4,13812366,34105,0.26,33.95
191000000000000002,192000000000000003,2023-10-19,1114,377,0.33842,4,8510311,22574,1.08,114.84
191000000000000002,192000000000000004,2023-10-19,1065,349,0.3277,6,9189559,26331,1.03,123.69
191000000000000003,192000000000000005,2023-10-19,1897,582,0.3068,5,13274903,22809,0.51,67.78
191000000000000004,192000000000000006,2023-10-19,1796,612,0.340757,9,26549805,43382,1.22,49.23
191000000000000001,192000000000000001,2023-10-20,1424,371,0.260534,4,11341266,30569,0.2,15.84
191000000000000001,192000000000000002,2023-10-20,2586,562,0.217324,5,12547938,22327,0.35,40.54
191000000000000002,192000000000000003,2023-10-20,514,177,0.344358,3,7448105,42080,0.46,50.96
191000000000000002,192000000000000004,2023-10-20,566,197,0.348057,3,6202869,31487,0.58,50.3
191000000000000003,192000000000000005,2023-10-20,1690,515,0.304734,5,10238230,19880,0.6,45.28
191000000000000004,192000000000000006,2023-10-20,2475,816,0.329697,14,20476461,25094,1.65,159.34
191000000000000001,192000000000000001,2023-10-21,2654,743,0.279955,5,16615152,22362,0.28,22.94
191000000000000001,192000000000000002,2023-10-21,2837,584,0.205851,8,20411315,34951,0.23,27.55
191000000000000002,192000000000000003,2023-10-21,1210,367,0.303306,4,11113882,30283,0.72,85.34
191000000000000002,192000000000000004,2023-10-21,952,272,0.285714,6,10044099,36927,0.77,65.22
191000000000000003,192000000000000005,2023-10-21,1656,463,0.279589,2,15868486,34273,0.5,59.85
191000000000000004,192000000000000006,2023-10-21,3645,1158,0.317695,20,31736972,27407,2.62,228.26
191000000000000001,192000000000000001,2023-10-22,2456,496,0.201954,4,13128653,26469,0.22,26.59
191000000000000001,192000000000000002,2023-10-22,2006,494,0.246261,2,14117413,28578,0.25,10.75
191000000000000002,192000000000000003,2023-10-22,964,316,0.327801,5,7913330,25042,1.06,142.98
191000000000000002,192000000000000004,2023-10-22,806,271,0.336228,4,7655851,28250,0.75,67.35
191000000000000003,192000000000000005,2023-10-22,1382,330,0.238784,2,11676885,35384,0.3,39.5
191000000000000004,192000000000000006,2023-10-22,1555,479,0.308039,8,23353771,48755,1.12,151.58
191000000000000001,192000000000000001,2023-10-23,1793,434,0.242052,5,12008482,27669,0.25,21.53
191000000000000001,192000000000000002,2023-10-23,2247,654,0.291055,2,14670451,22432,0.23,25.35
191000000000000002,192000000000000003,2023-10-23,956,276,0.288703,4,7390386,26777,0.54,72.67
191000000000000002,192000000000000004,2023-10-23,717,224,0.312413,3,7854718,35066,0.59,35.13
191000000000000003,192000000000000005,2023-10-23,1132,343,0.303004,3,11433828,33335,0.33,25.31
191000000000000004,192000000000000006,2023-10-23,2147,661,0.307871,8,22867657,34596,1.79,220.77
191000000000000001,192000000000000001,2023-10-24,3792,922,0.243143,4,18202961,19743,0.33,20.24
191000000000000001,192000000000000002,2023-10-24,4062,935,0.230182,12,14780305,15808,0.57,26.02
191000000000000002,192000000000000003,2023-10-24,1548,475,0.306848,7,9598561,20207,1.46,174.49
191000000000000002,192000000000000004,2023-10-24,709,236,0.332863,3,9249019,39191,0.51,57.28
191000000000000003,192000000000000005,2023-10-24,1822,523,0.287047,4,14135686,27028,0.41,35.33
191000000000000004,192000000000000006,2023-10-24,3969,1026,0.258503,18,28271371,27555,1.86,199.65
191000000000000001,192000000000000001,2023-10-25,2464,533,0.216315,5,16569913,31088,0.34,23.45
191000000000000001,192000000000000002,2023-10-25,3809,948,0.248884,8,20465800,21588,0.36,29.82
191000000000000002,192000000000000003,2023-10-25,1516,458,0.302111,9,11766131,25690,1.05,137.9
191000000000000002,192000000000000004,2023-10-25,1656,456,0.275362,9,9397133,20608,1.42,66.58
191000000000000003,192000000000000005,2023-10-25,1759,530,0.301308,3,15872449,29948,0.36,37.1
191000000000000004,192000000000000006,2023-10-25,2265,741,0.327152,7,31744897,42841,1.46,164.64
191000000000000001,192000000000000001,2023-10-26,2974,738,0.248151,4,16451692,22292,0.31,16.77
191000000000000001,192000000000000002,2023-10-26,3446,974,0.282647,5,16919488,17371,0.38,19.23
191000000000000002,192000000000000003,2023-10-26,1268,372,0.293375,6,9149038,24594,0.8,91.34
191000000000000002,192000000000000004,2023-10-26,998,338,0.338677,4,9920208,29350,1.13,66.05
191000000000000003,192000000000000005,2023-10-26,1638,386,0.235653,4,14301934,37052,0.25,29.74
191000000000000004,192000000000000006,2023-10-26,3438,894,0.260035,11,28603869,31995,1.41,133.9
191000000000000001,192000000000000001,2023-10-27,2873,771,0.268361,7,16244674,21070,0.46,48.13
191000000000000001,192000000000000002,2023-10-27,1808,521,0.288164,4,17563358,33711,0.3,23.23
191000000000000002,192000000000000003,2023-10-27,976,248,0.254098,5,9698487,39107,0.79,103.4
191000000000000002,192000000000000004,2023-10-27,721,235,0.325936,4,9620388,40938,0.66,58.55
191000000000000003,192000000000000005,2023-10-27,1329,387,0.291196,4,14489156,37440,0.38,51.31
191000000000000004,192000000000000006,2023-10-27,2478,740,0.298628,8,28978313,39160,1.92,91.41
191000000000000001,192000000000000001,2023-10-28,2286,479,0.209536,3,14566136,30409,0.31,16.22
191000000000000001,192000000000000002,2023-10-28,4741,1051,0.221683,14,15882651,15112,0.43,19.67
191000000000000002,192000000000000003,2023-10-28,725,184,0.253793,2,8120299,44132,0.38,19.97
191000000000000002,192000000000000004,2023-10-28,825,280,0.339394,3,9279007,33139,0.56,49.39
191000000000000003,192000000000000005,2023-10-28,2920,706,0.241781,5,13049480,18484,0.52,30.42
191000000000000004,192000000000000006,2023-10-28,3062,821,0.268125,16,26098960,31789,1.57,182.87
191000000000000001,192000000000000001,2023-10-29,3495,897,0.256652,5,17332699,19323,0.52,22.58
191000000000000002,192000000000000003,2023-10-29,868,253,0.291475,3,10780292,42610,0.57,74.16
191000000000000002,192000000000000004,2023-10-29,1183,344,0.290786,5,8872234,25791,0.93,114.12
191000000000000003,192000000000000005,2023-10-29,1364,414,0.303519,2,14739394,35602,0.43,22.84
191000000000000004,192000000000000006,2023-10-29,3522,923,0.262067,15,29478788,31938,1.6,68.87
191000000000000001,192000000000000001,2023-10-30,2042,500,0.244858,2,12568263,25137,0.28,30.92
191000000000000001,192000000000000002,2023-10-30,1925,394,0.204675,3,13210831,33530,0.18,20.8
191000000000000002,192000000000000003,2023-10-30,918,296,0.32244,5,7383200,24943,0.77,92.2
191000000000000002,192000000000000004,2023-10-30,504,168,0.333333,2,7347710,43736,0.56,41.52
191000000000000003,192000000000000005,2023-10-30,1029,294,0.285714,2,11048183,37579,0.28,35.01
191000000000000004,192000000000000006,2023-10-30,2737,756,0.276215,13,22096366,29228,1.87,110.02
191000000000000001,192000000000000001,2023-10-31,2746,688,0.250546,5,12211574,17749,0.34,16.85
191000000000000001,192000000000000002,2023-10-31,1329,377,0.283672,2,12776628,33890,0.23,25.55
191000000000000002,192000000000000004,2023-10-31,871,238,0.273249,4,7420892,31180,0.45,46.82
191000000000000003,192000000000000005,2023-10-31,1513,374,0.247191,5,10709229,28634,0.35,29.26
191000000000000004,192000000000000006,2023-10-31,1372,447,0.325802,8,21418459,47916,1.21,97.13
191000000000000001,192000000000000001,2023-11-01,2071,517,0.249638,4,17025129,32931,0.25,30.76
191000000000000001,192000000000000002,2023-11-01,1815,495,0.272727,4,13545151,27364,0.3,30.79
191000000000000002,192000000000000003,2023-11-01,789,210,0.26616,4,8443573,40207,0.62,27.73
191000000000000002,192000000000000004,2023-11-01,897,302,0.336678,5,9025158,29885,0.78,61.8
191000000000000003,192000000000000005,2023-11-01,1982,536,0.270434,3,13101549,24443,0.61,36.51
191000000000000004,192000000000000006,2023-11-01,3222,1014,0.314711,15,26203097,25841,1.94,187.86
191000000000000001,192000000000000001,2023-11-02,2459,652,0.265148,5,12107556,18570,0.37,16.96
191000000000000001,192000000000000002,2023-11-02,3626,854,0.235521,6,16512564,19336,0.35,45.04
191000000000000002,192000000000000003,2023-11-02,704,239,0.339489,3,7987257,33419,0.52,64.14
191000000000000002,192000000000000004,2023-11-02,1218,353,0.289819,4,8367097,23703,1.05,139.52
191000000000000003,192000000000000005,2023-11-02,1574,374,0.237611,4,12265765,32796,0.36,44.16
191000000000000004,192000000000000006,2023-11-02,1730,555,0.320809,10,24531531,44201,1.23,104.39
191000000000000001,192000000000000001,2023-11-03,3694,958,0.259339,9,15424241,16100,0.61,79.21
191000000000000001,192000000000000002,2023-11-03,1795,383,0.21337,3,13131841,34287,0.23,25.75
191000000000000002,192000000000000003,2023-11-03,1727,438,0.253619,10,9084637,20741,1.23,109.08
191000000000000002,192000000000000004,2023-11-03,611,167,0.273322,3,7233125,43312,0.49,34.98
191000000000000003,192000000000000005,2023-11-03,1492,350,0.234584,3,12238321,34967,0.37,25.14
191000000000000004,192000000000000006,2023-11-03,2583,658,0.254743,9,24476642,37199,1.64,196.03
191000000000000001,192000000000000001,2023-11-04,2633,619,0.235093,4,18258602,29497,0.29,29.69
191000000000000002,192000000000000003,2023-11-04,1130,388,0.343363,6,12643388,32586,1.0,40.84
191000000000000002,192000000000000004,2023-11-04,886,282,0.318284,4,11464519,40654,0.79,104.0
191000000000000003,192000000000000005,2023-11-04,1622,519,0.319975,3,18080930,34838,0.57,76.63
191000000000000004,192000000000000006,2023-11-04,2364,758,0.320643,7,36161861,47707,1.41,124.71
191000000000000001,192000000000000001,2023-11-05,1920,538,0.280208,4,18514684,34414,0.19,23.56
191000000000000001,192000000000000002,2023-11-05,1807,490,0.271168,3,14815792,30236,0.27,28.85
191000000000000002,192000000000000003,2023-11-05,1248,357,0.286058,6,9297722,26044,0.67,76.04
191000000000000002,192000000000000004,2023-11-05,1010,278,0.275248,5,9748265,35066,0.63,75.02
191000000000000003,192000000000000005,2023-11-05,2305,700,0.303688,4,14284490,20406,0.67,40.34
191000000000000004,192000000000000006,2023-11-05,3717,1081,0.290826,12,28568979,26428,2.07,260.06
191000000000000001,192000000000000001,2023-11-06,5672,1165,0.205395,7,27524259,23626,0.46,39.69
191000000000000001,192000000000000002,2023-11-06,3438,768,0.223386,10,23857755,31065,0.38,47.77
191000000000000002,192000000000000003,2023-11-06,906,313,0.345475,3,12898394,41209,0.93,91.11
191000000000000002,192000000000000004,2023-11-06,1803,611,0.33888,8,16462757,26944,1.3,77.5
191000000000000003,192000000000000005,2023-11-06,2831,631,0.222889,6,22020863,34898,0.6,31.89
191000000000000004,192000000000000006,2023-11-06,4073,1215,0.298306,23,44041727,36248,1.95,117.55
191000000000000001,192000000000000001,2023-11-07,3354,852,0.254025,9,17383799,20404,0.44,52.12
191000000000000001,192000000000000002,2023-11-07,2319,590,0.25442,6,18123879,30718,0.35,27.71
191000000000000002,192000000000000003,2023-11-07,1102,332,0.30127,5,10992100,33109,0.7,62.05
191000000000000002,192000000000000004,2023-11-07,914,252,0.275711,5,9298001,36897,0.51,48.18
191000000000000003,192000000000000005,2023-11-07,2190,677,0.309132,6,15217576,22478,0.51,38.13
191000000000000004,192000000000000006,2023-11-07,2867,946,0.329962,15,30435152,32172,1.54,133.17
191000000000000001,192000000000000001,2023-11-08,2157,537,0.248957,6,15835470,29489,0.29,22.33
191000000000000001,192000000000000002,2023-11-08,2187,632,0.28898,6,19434336,30751,0.38,49.53
191000000000000002,192000000000000003,2023-11-08,1803,454,0.251803,10,9811189,21611,1.05,126.72
191000000000000002,192000000000000004,2023-11-08,1471,420,0.28552,6,10342985,24626,0.88,38.21
191000000000000003,192000000000000005,2023-11-08,2013,564,0.280179,6,15115631,26801,0.54,60.71
191000000000000004,192000000000000006,2023-11-08,2717,745,0.274199,12,30231262,40579,1.83,244.47
191000000000000001,192000000000000001,2023-11-09,2645,666,0.251796,5,18000898,27028,0.39,22.92
191000000000000001,192000000000000002,2023-11-09,3905,1001,0.256338,9,23500419,23477,0.56,71.23
191000000000000002,192000000000000003,2023-11-09,1092,276,0.252747,6,11107470,40244,0.54,65.11
191000000000000002,192000000000000004,2023-11-09,1130,301,0.266372,5,12607569,41886,0.99,109.38
191000000000000003,192000000000000005,2023-11-09,2343,590,0.251814,7,17786279,30146,0.43,40.33
191000000000000004,192000000000000006,2023-11-09,3282,1081,0.329372,11,35572558,32907,1.93,219.9
191000000000000001,192000000000000001,2023-11-10,3253,884,0.271749,6,21412378,24222,0.51,63.44
191000000000000001,192000000000000002,2023-11-10,6121,1480,0.241791,10,27504515,18584,0.75,78.13
191000000000000002,192000000000000003,2023-11-10,1722,491,0.285134,7,13535923,27568,1.64,103.09
191000000000000002,192000000000000004,2023-11-10,2216,559,0.252256,10,14416588,25790,1.74,190.57
191000000000000003,192000000000000005,2023-11-10,2331,576,0.247104,4,20964383,36396,0.58,35.49
191000000000000004,192000000000000006,2023-11-10,3347,959,0.286525,19,41928765,43721,2.43,263.28
191000000000000001,192000000000000001,2023-11-11,4603,1262,0.274169,11,23367861,18517,0.49,58.7
191000000000000001,192000000000000002,2023-11-11,3205,842,0.262715,5,16916447,20091,0.47,47.73
191000000000000002,192000000000000003,2023-11-11,1133,371,0.327449,5,11396055,30717,1.04,60.17
191000000000000002,192000000000000004,2023-11-11,1154,319,0.27643,4,11623549,36437,0.92,44.67
191000000000000003,192000000000000005,2023-11-11,1751,539,0.307824,5,17264703,32031,0.46,49.57
191000000000000004,192000000000000006,2023-11-11,2197,763,0.347292,8,34529407,45255,1.52,204.65
191000000000000001,192000000000000001,2023-11-12,2054,568,0.276534,6,18084384,31839,0.31,36.87
191000000000000001,192000000000000002,2023-11-12,3554,904,0.254361,5,20714026,22914,0.45,50.63
191000000000000002,192000000000000003,2023-11-12,947,293,0.309398,4,10795292,36844,0.65,56.72
191000000000000002,192000000000000004,2023-11-12,1365,384,0.281319,6,11375228,29623,1.14,157.43
191000000000000003,192000000000000005,2023-11-12,2272,646,0.284331,5,16627890,25740,0.5,43.43
191000000000000004,192000000000000006,2023-11-12,3063,887,0.289585,13,33255781,37492,2.34,102.24
191000000000000001,192000000000000001,2023-11-13,6047,1397,0.231024,13,25553489,18292,0.56,64.18
191000000000000001,192000000000000002,2023-11-13,3845,1057,0.274902,11,24935257,23591,0.51,70.91
191000000000000002,192000000000000003,2023-11-13,1908,549,0.287736,8,13867920,25260,1.47,110.36
191000000000000002,192000000000000004,2023-11-13,1508,380,0.251989,5,14982792,39428,0.76,36.89
191000000000000003,192000000000000005,2023-11-13,3451,1081,0.313243,8,21638034,20017,0.89,38.43
191000000000000005,192000000000000007,2023-11-13,14627,14154,0.967663,9,146061264,10319,1.4,87.33
191000000000000001,192000000000000001,2023-11-14,1937,503,0.25968,5,16192148,32191,0.21,8.83
191000000000000001,192000000000000002,2023-11-14,3357,959,0.285672,5,19856950,20706,0.59,31.34
191000000000000002,192000000000000003,2023-11-14,871,294,0.337543,3,11842576,40281,0.82,62.04
191000000000000002,192000000000000004,2023-11-14,768,254,0.330729,4,8756909,34476,0.73,42.86
191000000000000003,192000000000000005,2023-11-14,2700,602,0.222963,6,15449614,25664,0.5,48.25
191000000000000004,192000000000000006,2023-11-14,3349,870,0.259779,11,30899227,35516,1.61,204.16
191000000000000005,192000000000000007,2023-11-14,12611,11384,0.902704,13,132444849,11634,1.34,126.9
191000000000000001,192000000000000001,2023-11-15,4202,948,0.225607,8,25293991,26681,0.44,18.35
191000000000000001,192000000000000002,2023-11-15,3867,920,0.237911,7,21160380,23000,0.36,15.07
191000000000000002,192000000000000003,2023-11-15,2424,608,0.250825,11,12489975,20543,1.54,166.09
191000000000000002,192000000000000004,2023-11-15,2284,681,0.298161,13,14055380,20639,2.19,227.75
191000000000000003,192000000000000005,2023-11-15,3627,962,0.265233,7,19909016,20695,0.97,125.18
191000000000000004,192000000000000006,2023-11-15,4203,1417,0.33714,13,39818032,28100,3.31,206.81
191000000000000005,192000000000000007,2023-11-15,13793,12801,0.928079,11,154808250,12093,2.12,147.36
191000000000000001,192000000000000001,2023-11-16,6588,1441,0.218731,12,28177211,19554,0.79,75.86
191000000000000001,192000000000000002,2023-11-16,2646,620,0.234316,6,21103623,34038,0.3,23.64
191000000000000002,192000000000000003,2023-11-16,1048,348,0.332061,3,14049925,40373,0.86,100.47
191000000000000002,192000000000000004,2023-11-16,1371,380,0.27717,5,14110552,37133,0.74,48.13
191000000000000003,192000000000000005,2023-11-16,2316,599,0.258636,8,21120358,35259,0.57,40.26
191000000000000004,192000000000000006,2023-11-16,3137,858,0.27351,12,42240715,49232,1.77,221.96
191000000000000005,192000000000000007,2023-11-16,5655,5503,0.973121,5,99942918,18162,0.58,25.17
191000000000000001,192000000000000001,2023-11-17,4552,971,0.213313,7,18031620,18570,0.39,44.39
191000000000000002,192000000000000003,2023-11-17,935,289,0.309091,4,10354519,35829,0.93,118.0
191000000000000002,192000000000000004,2023-11-17,1486,454,0.305518,5,10055275,22148,1.4,163.06
191000000000000003,192000000000000005,2023-11-17,2608,618,0.236963,4,15307346,24769,0.44,42.59
191000000000000004,192000000000000006,2023-11-17,2619,881,0.336388,9,30614692,34750,1.73,222.32
191000000000000001,192000000000000001,2023-11-18,3091,631,0.204141,8,20561550,32586,0.34,46.45
191000000000000001,192000000000000002,2023-11-18,2924,683,0.233584,5,21266648,31137,0.36,20.04
191000000000000002,192000000000000003,2023-11-18,1350,371,0.274815,6,12001064,32348,0.73,30.84
191000000000000002,192000000000000004,2023-11-18,2165,570,0.263279,11,11900764,20879,1.84,156.1
191000000000000003,192000000000000005,2023-11-18,1979,535,0.270339,3,17926370,33507,0.39,45.75
191000000000000004,192000000000000006,2023-11-18,3145,988,0.314149,11,35852741,36288,1.5,143.67
191000000000000005,192000000000000007,2023-11-18,6905,6693,0.969298,6,129785726,19391,0.98,110.52
191000000000000001,192000000000000001,2023-11-19,2418,703,0.290736,4,19385941,27576,0.37,39.92
191000000000000001,192000000000000002,2023-11-19,2720,645,0.237132,5,17686260,27421,0.37,36.64
191000000000000002,192000000000000003,2023-11-19,740,245,0.331081,3,9766497,39863,0.72,51.32
191000000000000002,192000000000000004,2023-11-19,1328,362,0.27259,4,11417618,31540,0.76,35.76
191000000000000003,192000000000000005,2023-11-19,2078,591,0.284408,4,15888086,26883,0.58,72.4
191000000000000004,192000000000000006,2023-11-19,2496,651,0.260817,12,31776172,48811,1.73,202.85
191000000000000005,192000000000000007,2023-11-19,6366,6169,0.969054,5,120165871,19479,0.85,96.13
191000000000000001,192000000000000001,2023-11-20,4116,930,0.225948,11,24714973,26575,0.53,69.01
191000000000000001,192000000000000002,2023-11-20,3808,854,0.224265,11,23491130,27507,0.48,32.54
191000000000000002,192000000000000003,2023-11-20,968,304,0.31405,5,12233196,40241,0.67,85.19
191000000000000002,192000000000000004,2023-11-20,2358,694,0.294317,7,15313149,22065,2.22,108.97
191000000000000003,192000000000000005,2023-11-20,2098,652,0.310772,5,20659759,31687,0.59,34.85
191000000000000004,192000000000000006,2023-11-20,3416,883,0.258489,14,41319517,46794,1.41,158.66
191000000000000005,192000000000000007,2023-11-20,10268,9255,0.901344,6,138462626,14961,1.37,99.11
191000000000000001,192000000000000001,2023-11-21,2104,557,0.264734,2,16474959,29578,0.26,19.96
191000000000000001,192000000000000002,2023-11-21,1863,444,0.238325,4,15421344,34733,0.24,9.69
191000000000000002,192000000000000003,2023-11-21,809,228,0.281829,5,8974544,39362,0.66,62.05
191000000000000002,192000000000000004,2023-11-21,874,304,0.347826,5,9251915,30434,0.71,89.05
191000000000000003,192000000000000005,2023-11-21,1846,458,0.248104,6,13669845,29847,0.45,24.27
191000000000000004,192000000000000006,2023-11-21,2961,948,0.320162,11,27339689,28839,2.24,276.14
191000000000000005,192000000000000007,2023-11-21,9665,9469,0.979721,11,153455273,16206,1.6,105.66
191000000000000001,192000000000000001,2023-11-22,3211,802,0.249766,8,27316009,34060,0.33,33.97
191000000000000001,192000000000000002,2023-11-22,5989,1406,0.234764,16,24804371,17642,0.7,35.38
191000000000000002,192000000000000003,2023-11-22,1972,511,0.259128,11,17601020,34444,1.08,60.59
191000000000000002,192000000000000004,2023-11-22,1332,430,0.322823,5,12182055,28330,1.32,165.18
191000000000000003,192000000000000005,2023-11-22,2874,714,0.248434,7,22337306,31285,0.8,80.94
191000000000000004,192000000000000006,2023-11-22,4342,1300,0.299401,25,44674612,34365,3.2,423.16
191000000000000005,192000000000000007,2023-11-22,8525,7852,0.921056,6,126279836,16083,1.32,107.17
191000000000000001,192000000000000001,2023-11-23,2926,648,0.221463,7,14445008,22292,0.31,38.76
191000000000000001,192000000000000002,2023-11-23,2158,621,0.287766,4,13958416,22477,0.39,39.11
191000000000000002,192000000000000003,2023-11-23,842,223,0.264846,3,8200804,36775,0.65,37.77
191000000000000002,192000000000000004,2023-11-23,689,216,0.313498,4,8029724,37175,0.72,58.79
191000000000000003,192000000000000005,2023-11-23,1501,347,0.231179,3,12172896,35080,0.27,12.68
191000000000000004,192000000000000006,2023-11-23,2259,747,0.330677,10,24345792,32591,1.66,144.78
191000000000000005,192000000000000007,2023-11-23,14586,13916,0.954066,16,123659682,8886,1.52,199.45
191000000000000001,192000000000000001,2023-11-24,2796,646,0.231044,7,21262339,32914,0.41,21.31
191000000000000001,192000000000000002,2023-11-24,3308,948,0.286578,8,18705407,19731,0.5,22.48
191000000000000002,192000000000000003,2023-11-24,1520,448,0.294737,5,10772553,24046,0.99,82.15
191000000000000002,192000000000000004,2023-11-24,1241,408,0.328767,6,12066159,29574,1.14,65.75
191000000000000003,192000000000000005,2023-11-24,2601,820,0.315263,9,17129034,20889,0.58,54.05
191000000000000004,192000000000000006,2023-11-24,3427,1130,0.329734,14,34258068,30317,2.91,186.03
191000000000000005,192000000000000007,2023-11-24,8043,7403,0.920428,9,119189636,16100,0.77,33.28
191000000000000001,192000000000000001,2023-11-25,4259,1052,0.247006,11,18502579,17588,0.64,47.64
191000000000000001,192000000000000002,2023-11-25,2125,636,0.299294,5,19196120,30183,0.37,20.83
191000000000000002,192000000000000003,2023-11-25,1315,361,0.274525,5,9484800,26274,0.77,104.3
191000000000000002,192000000000000004,2023-11-25,1222,353,0.288871,5,12057314,34157,1.08,143.36
191000000000000003,192000000000000005,2023-11-25,2113,528,0.249882,5,16156586,30600,0.61,62.09
191000000000000004,192000000000000006,2023-11-25,2876,722,0.251043,17,32313171,44755,1.43,74.77
191000000000000005,192000000000000007,2023-11-25,11783,10608,0.90028,11,130229999,12277,1.57,67.31
191000000000000001,192000000000000001,2023-11-26,2784,752,0.270115,6,14492774,19272,0.42,41.48
191000000000000001,192000000000000002,2023-11-26,5181,1043,0.201312,9,18041713,17298,0.53,61.75
191000000000000002,192000000000000003,2023-11-26,746,219,0.293566,3,9202079,42019,0.51,37.41
191000000000000002,192000000000000004,2023-11-26,671,216,0.321908,3,9389056,43468,0.65,33.96
191000000000000003,192000000000000005,2023-11-26,2299,517,0.22488,4,13943351,26970,0.33,18.59
191000000000000004,192000000000000006,2023-11-26,2994,838,0.279893,14,27886702,33278,1.94,84.43
191000000000000005,192000000000000007,2023-11-26,19355,18026,0.931336,18,165466560,9179,2.47,101.63
191000000000000001,192000000000000001,2023-11-27,3250,827,0.254462,8,20947137,25329,0.43,51.88
191000000000000001,192000000000000002,2023-11-27,3889,1021,0.262535,9,22806175,22337,0.42,22.28
191000000000000002,192000000000000003,2023-11-27,1413,484,0.342534,6,12383937,25587,1.39,59.59
191000000000000002,192000000000000004,2023-11-27,2019,569,0.281823,9,12617956,22176,1.65,100.62
191000000000000003,192000000000000005,2023-11-27,2781,738,0.265372,6,18751420,25408,0.76,59.25
191000000000000004,192000000000000006,2023-11-27,3633,1176,0.323699,12,37502839,31890,2.13,104.83
191000000000000005,192000000000000007,2023-11-27,10166,9483,0.932815,8,147839742,15590,0.99,86.87
191000000000000001,192000000000000001,2023-11-28,2933,701,0.239004,6,17217182,24561,0.43,43.63
191000000000000001,192000000000000002,2023-11-28,5811,1379,0.237309,11,20992103,15223,0.68,85.96
191000000000000002,192000000000000003,2023-11-28,1756,455,0.259112,9,11308595,24854,0.93,119.64
191000000000000002,192000000000000004,2023-11-28,1097,317,0.28897,4,10525282,33203,0.66,61.23
191000000000000003,192000000000000005,2023-11-28,2985,808,0.270687,7,16375408,20267,0.74,39.93
191000000000000004,192000000000000006,2023-11-28,2089,722,0.34562,12,32750816,45361,1.63,121.01
191000000000000005,192000000000000007,2023-11-28,7094,6818,0.961094,7,121366050,17801,1.0,89.15
191000000000000001,192000000000000001,2023-11-29,4371,1195,0.273393,5,20469723,17129,0.5,51.78
191000000000000001,192000000000000002,2023-11-29,3372,824,0.244365,9,22190245,26930,0.38,46.84
191000000000000002,192000000000000003,2023-11-29,1630,428,0.262577,6,10733639,25079,0.97,53.9
191000000000000002,192000000000000004,2023-11-29,2037,645,0.316642,7,13643486,21153,1.19,141.62
191000000000000003,192000000000000005,2023-11-29,3244,932,0.2873,8,18282843,19617,0.61,67.95
191000000000000004,192000000000000006,2023-11-29,4651,1289,0.277145,21,36565687,28367,3.01,328.25
191000000000000005,192000000000000007,2023-11-29,13753,12480,0.907438,13,125495780,10056,1.68,166.87
191000000000000001,192000000000000001,2023-11-30,3185,790,0.248038,8,18294449,23158,0.38,38.25
191000000000000001,192000000000000002,2023-11-30,3090,875,0.283172,6,26164142,29902,0.36,23.85
191000000000000002,192000000000000003,2023-11-30,2060,630,0.305825,7,14385685,22834,1.66,215.06
191000000000000002,192000000000000004,2023-11-30,950,249,0.262105,4,11019224,44254,0.76,72.59
191000000000000003,192000000000000005,2023-11-30,3373,879,0.260599,10,19053682,21677,0.62,48.54
191000000000000004,192000000000000006,2023-11-30,2643,827,0.312902,12,38107363,46079,1.24,64.45
191000000000000005,192000000000000007,2023-11-30,6707,6306,0.940212,9,124517578,19746,1.01,103.78
191000000000000001,192000000000000001,2023-12-01,6946,1577,0.227037,20,27459552,17413,0.83,101.78
191000000000000001,192000000000000002,2023-12-01,4586,1304,0.284344,7,24303202,18637,0.78,103.44
191000000000000002,192000000000000003,2023-12-01,1932,553,0.286232,6,14555500,26321,1.82,196.22
191000000000000002,192000000000000004,2023-12-01,2181,675,0.309491,13,15023217,22257,1.35,157.61
191000000000000003,192000000000000005,2023-12-01,2811,874,0.310921,8,22184038,25382,0.63,36.83
191000000000000004,192000000000000006,2023-12-01,3660,1185,0.32377,11,44368075,37441,2.6,176.2
191000000000000005,192000000000000007,2023-12-01,8685,7860,0.905009,9,114375737,14552,1.24,65.43
191000000000000001,192000000000000001,2023-12-02,7176,1638,0.228261,17,25346313,15474,0.8,32.84
191000000000000001,192000000000000002,2023-12-02,3301,742,0.22478,6,20669920,27857,0.37,42.6
191000000000000002,192000000000000003,2023-12-02,1454,385,0.264787,4,13800851,35846,0.72,36.94
191000000000000002,192000000000000004,2023-12-02,1506,402,0.266932,5,12494140,31080,1.33,66.08
191000000000000003,192000000000000005,2023-12-02,1657,526,0.317441,3,19721243,37493,0.34,34.1
191000000000000004,192000000000000006,2023-12-02,2661,914,0.34348,11,39442485,43154,1.99,141.52
191000000000000001,192000000000000001,2023-12-03,3112,699,0.224614,6,23613388,33782,0.41,55.82
191000000000000001,192000000000000002,2023-12-03,3608,1011,0.280211,4,26795811,26504,0.55,55.24
191000000000000002,192000000000000003,2023-12-03,1351,382,0.282754,4,15107381,39548,0.89,112.32
191000000000000002,192000000000000004,2023-12-03,1276,421,0.329937,6,13697875,32537,1.29,122.54
191000000000000003,192000000000000005,2023-12-03,2060,633,0.307282,5,21603942,34129,0.42,23.33
191000000000000004,192000000000000006,2023-12-03,4313,1176,0.272664,13,43207885,36741,3.09,420.93
191000000000000001,192000000000000002,2023-12-04,2390,666,0.278661,6,20165401,30278,0.41,48.05
191000000000000002,192000000000000003,2023-12-04,1358,423,0.311487,6,10859763,25673,0.81,92.67
191000000000000003,192000000000000005,2023-12-04,2889,690,0.238837,10,15473354,22425,0.56,40.22
191000000000000004,192000000000000006,2023-12-04,3195,1060,0.331768,16,30946707,29195,1.69,184.24
191000000000000001,192000000000000002,2023-12-05,2076,607,0.292389,4,16994554,27998,0.27,22.31
191000000000000002,192000000000000003,2023-12-05,1558,405,0.259949,5,8730907,21558,1.13,111.64
191000000000000002,192000000000000004,2023-12-05,1293,362,0.279969,4,9565221,26423,1.18,65.16
191000000000000003,192000000000000005,2023-12-05,2354,574,0.24384,7,13722095,23906,0.58,57.36
191000000000000004,192000000000000006,2023-12-05,1910,569,0.297906,10,27444191,48232,1.22,103.96
191000000000000001,192000000000000001,2023-12-06,3025,655,0.216529,9,15495929,23658,0.34,27.32
191000000000000001,192000000000000002,2023-12-06,1827,534,0.292282,2,12834097,24034,0.27,16.7
191000000000000002,192000000000000003,2023-12-06,1086,323,0.297422,4,7497977,23214,0.84,94.23
191000000000000002,192000000000000004,2023-12-06,869,290,0.333717,3,8690609,29968,0.98,46.08
191000000000000003,192000000000000005,2023-12-06,1266,345,0.272512,2,12141439,35193,0.35,42.13
191000000000000004,192000000000000006,2023-12-06,2139,692,0.323516,12,24282879,35091,1.62,149.01
191000000000000001,192000000000000001,2023-12-07,4080,830,0.203431,9,19178960,23107,0.4,18.41
191000000000000001,192000000000000002,2023-12-07,5434,1247,0.229481,10,19138568,15348,0.71,48.4
191000000000000002,192000000000000003,2023-12-07,1459,476,0.326251,8,11537132,24238,1.39,183.83
191000000000000002,192000000000000004,2023-12-07,1155,319,0.27619,4,10358599,32472,1.06,71.72
191000000000000003,192000000000000005,2023-12-07,2106,493,0.234093,7,16421798,33310,0.53,24.14
191000000000000004,192000000000000006,2023-12-07,3136,1072,0.341837,12,32843595,30638,2.51,230.26
191000000000000001,192000000000000001,2023-12-08,1637,390,0.238241,3,12553465,32188,0.19,18.28
191000000000000001,192000000000000002,2023-12-08,2114,574,0.271523,3,12994587,22639,0.31,14.28
191000000000000002,192000000000000003,2023-12-08,749,193,0.257677,4,8112157,42032,0.56,78.23
191000000000000002,192000000000000004,2023-12-08,654,214,0.327217,3,6486730,30312,0.53,56.38
191000000000000003,192000000000000005,2023-12-08,1378,363,0.263425,4,10949165,30163,0.37,17.52
191000000000000004,192000000000000006,2023-12-08,1784,499,0.279709,9,21898330,43884,0.9,58.07
191000000000000001,192000000000000001,2023-12-09,2399,484,0.201751,4,14443984,29843,0.21,24.37
191000000000000001,192000000000000002,2023-12-09,1380,413,0.299275,2,10341274,25039,0.21,11.61
191000000000000002,192000000000000003,2023-12-09,888,238,0.268018,4,6053660,25436,0.57,70.26
191000000000000002,192000000000000004,2023-12-09,601,208,0.34609,2,8109345,38987,0.59,29.44
191000000000000003,192000000000000005,2023-12-09,2323,519,0.223418,7,10622253,20467,0.35,35.06
191000000000000004,192000000000000006,2023-12-09,2955,789,0.267005,11,21244507,26926,2.02,224.92
191000000000000001,192000000000000001,2023-12-10,1859,501,0.2695,4,14412116,28767,0.22,15.52
191000000000000001,192000000000000002,2023-12-10,2591,773,0.29834,6,15976508,20668,0.3,14.14
191000000000000002,192000000000000003,2023-12-10,777,233,0.299871,3,7596519,32603,0.72,44.39
191000000000000002,192000000000000004,2023-12-10,856,285,0.332944,3,9768408,34275,0.52,69.48
191000000000000003,192000000000000005,2023-12-10,2034,621,0.30531,6,13023696,20972,0.57,59.91
191000000000000004,192000000000000006,2023-12-10,2124,558,0.262712,8,26047391,46680,1.4,77.27
191000000000000001,192000000000000001,2023-12-11,2676,708,0.264574,4,16675795,23553,0.3,28.73
191000000000000001,192000000000000002,2023-12-11,3280,974,0.296951,3,21730681,22311,0.59,26.77
191000000000000002,192000000000000003,2023-12-11,1615,490,0.303406,9,11168203,22792,0.95,54.36
191000000000000002,192000000000000004,2023-12-11,1109,330,0.297565,4,10778354,32662,0.92,89.95
191000000000000003,192000000000000005,2023-12-11,3475,822,0.236547,10,16459918,20024,0.82,58.65
191000000000000004,192000000000000006,2023-12-11,3470,1145,0.329971,18,32919837,28751,3.06,295.32
191000000000000001,192000000000000001,2023-12-12,4460,1063,0.238341,5,22807816,21456,0.64,40.79
191000000000000001,192000000000000002,2023-12-12,4037,1190,0.294773,8,19679851,16538,0.7,42.68
191000000000000002,192000000000000003,2023-12-12,1217,425,0.349219,7,11276388,26533,1.32,153.51
191000000000000002,192000000000000004,2023-12-12,1519,519,0.341672,7,13002279,25053,1.25,137.38
191000000000000003,192000000000000005,2023-12-12,2394,738,0.308271,4,18209000,24673,0.7,56.39
191000000000000004,192000000000000006,2023-12-12,2688,858,0.319196,14,36418000,42445,2.27,254.59
191000000000000001,192000000000000001,2023-12-13,4718,1024,0.217041,11,22653172,22122,0.55,38.83
191000000000000001,192000000000000002,2023-12-13,3303,794,0.240388,7,16265734,20486,0.3,27.45
191000000000000002,192000000000000003,2023-12-13,1437,442,0.307585,6,11139968,25204,1.23,77.45
191000000000000002,192000000000000004,2023-12-13,954,256,0.268344,5,11099407,43357,0.82,97.23
191000000000000003,192000000000000005,2023-12-13,1896,570,0.300633,4,16679531,29262,0.62,57.25
191000000000000004,192000000000000006,2023-12-13,4497,1240,0.275739,21,33359062,26902,2.13,139.56
191000000000000001,192000000000000001,2023-12-14,3077,691,0.224569,5,20528497,29708,0.34,24.14
191000000000000001,192000000000000002,2023-12-14,6741,1684,0.249815,20,25388034,15076,0.91,84.84
191000000000000002,192000000000000003,2023-12-14,1457,505,0.346603,8,14296221,28309,1.28,131.71
191000000000000002,192000000000000004,2023-12-14,1143,388,0.339458,7,11941796,30778,0.92,72.37
191000000000000003,192000000000000005,2023-12-14,3941,1037,0.263131,9,19678513,18976,1.18,100.88
191000000000000004,192000000000000006,2023-12-14,3358,1065,0.317153,17,39357027,36955,1.61,79.4
191000000000000001,192000000000000001,2023-12-15,3041,685,0.225255,5,15708977,22933,0.3,20.63
191000000000000001,192000000000000002,2023-12-15,2369,638,0.269312,7,16484544,25838,0.32,42.45
191000000000000002,192000000000000003,2023-12-15,519,180,0.346821,2,7999574,44442,0.36,32.5
191000000000000002,192000000000000004,2023-12-15,1470,474,0.322449,8,10396724,21934,1.32,168.57
191000000000000003,192000000000000005,2023-12-15,1833,520,0.283688,6,13797223,26533,0.43,36.47
191000000000000004,192000000000000006,2023-12-15,2669,753,0.282128,14,27594446,36646,1.18,129.64
191000000000000001,192000000000000001,2023-12-16,2397,637,0.265749,5,17008159,26700,0.31,43.16
191000000000000001,192000000000000002,2023-12-16,2557,522,0.204145,3,16138875,30917,0.26,27.03
191000000000000002,192000000000000004,2023-12-16,728,250,0.343407,4,10023552,40094,0.68,55.38
191000000000000003,192000000000000005,2023-12-16,1792,496,0.276786,6,14205872,28641,0.52,57.8
191000000000000004,192000000000000006,2023-12-16,2817,739,0.262336,9,28411743,38446,1.6,110.15
191000000000000001,192000000000000001,2023-12-17,2780,664,0.238849,4,19690117,29654,0.3,17.14
191000000000000001,192000000000000002,2023-12-17,2132,623,0.292214,4,19961570,32041,0.31,25.77
191000000000000002,192000000000000003,2023-12-17,1268,396,0.312303,7,10236599,25850,0.78,81.11
191000000000000002,192000000000000004,2023-12-17,1089,311,0.285583,3,12421507,39941,0.64,79.44
191000000000000003,192000000000000005,2023-12-17,2931,860,0.293415,7,16993580,19760,0.76,104.76
191000000000000004,192000000000000006,2023-12-17,3700,1107,0.299189,21,33987160,30702,2.43,187.7
191000000000000001,192000000000000001,2023-12-18,2538,560,0.220646,3,16742195,29897,0.25,10.34
191000000000000001,192000000000000002,2023-12-18,3683,749,0.203367,5,14085529,18806,0.4,37.73
191000000000000002,192000000000000003,2023-12-18,1045,263,0.251675,5,8718113,33149,0.53,43.01
191000000000000002,192000000000000004,2023-12-18,936,319,0.340812,4,8897729,27893,0.8,92.35
191000000000000003,192000000000000005,2023-12-18,1367,437,0.319678,3,13211882,30233,0.34,18.63
191000000000000004,192000000000000006,2023-12-18,2935,831,0.283135,10,26423763,31798,2.13,227.12
191000000000000001,192000000000000001,2023-12-19,3939,868,0.22036,5,21207355,24432,0.35,29.77
191000000000000001,192000000000000002,2023-12-19,1646,479,0.291009,3,16470847,34386,0.19,21.64
191000000000000002,192000000000000003,2023-12-19,804,262,0.325871,3,10248513,39116,0.57,73.22
191000000000000002,192000000000000004,2023-12-19,1776,509,0.286599,10,11281888,22165,1.34,124.2
191000000000000003,192000000000000005,2023-12-19,1540,442,0.287013,3,16147800,36533,0.36,38.17
191000000000000004,192000000000000006,2023-12-19,3872,1093,0.282283,18,32295601,29548,2.8,142.74
191000000000000001,192000000000000001,2023-12-20,3721,916,0.24617,6,21312515,23267,0.35,14.33
191000000000000001,192000000000000002,2023-12-20,3052,864,0.283093,9,21028186,24338,0.45,28.22
191000000000000002,192000000000000003,2023-12-20,1062,312,0.293785,5,11289520,36184,1.03,125.74
191000000000000002,192000000000000004,2023-12-20,950,313,0.329474,5,12905166,41231,0.71,44.61
191000000000000003,192000000000000005,2023-12-20,2438,587,0.240771,6,18146015,30913,0.42,18.48
191000000000000004,192000000000000006,2023-12-20,4261,1141,0.267778,25,36292029,31807,2.53,133.58
191000000000000001,192000000000000001,2023-12-21,2713,583,0.214891,4,13973356,23968,0.34,16.19
191000000000000001,192000000000000002,2023-12-21,1925,525,0.272727,3,12981026,24726,0.28,25.51
191000000000000002,192000000000000003,2023-12-21,612,169,0.276144,3,6371040,37698,0.42,48.79
191000000000000002,192000000000000004,2023-12-21,661,205,0.310136,4,9031464,44056,0.48,45.44
191000000000000003,192000000000000005,2023-12-21,1339,316,0.235997,3,11551878,36557,0.28,16.72
191000000000000004,192000000000000006,2023-12-21,2860,844,0.295105,15,23103756,27374,1.71,170.82
191000000000000001,192000000000000001,2023-12-22,3679,846,0.229954,10,17220124,20355,0.34,35.41
191000000000000001,192000000000000002,2023-12-22,2002,541,0.27023,3,15051667,27822,0.35,47.33
191000000000000002,192000000000000003,2023-12-22,1138,334,0.293497,4,8887736,26610,0.88,65.11
191000000000000002,192000000000000004,2023-12-22,1174,331,0.281942,7,9553288,28862,1.07,98.48
191000000000000003,192000000000000005,2023-12-22,1685,478,0.28368,4,13830768,28935,0.37,49.84
191000000000000004,192000000000000006,2023-12-22,1964,657,0.334521,12,27661536,42103,1.06,108.74
191000000000000001,192000000000000001,2023-12-23,5239,1095,0.209009,14,21586251,19713,0.43,43.24
191000000000000001,192000000000000002,2023-12-23,2920,862,0.295205,6,18663399,21651,0.4,46.67
191000000000000002,192000000000000004,2023-12-23,1363,472,0.346295,7,11017649,23342,1.09,72.23
191000000000000003,192000000000000005,2023-12-23,2113,522,0.247042,4,17249850,33046,0.6,55.91
191000000000000004,192000000000000006,2023-12-23,2455,793,0.323014,8,34499700,43505,1.17,68.29
191000000000000001,192000000000000001,2023-12-24,3512,760,0.216401,9,17777941,23392,0.36,38.29
191000000000000001,192000000000000002,2023-12-24,2039,554,0.271702,4,16185848,29216,0.2,10.4
191000000000000002,192000000000000003,2023-12-24,915,281,0.307104,3,10112015,35986,0.87,87.15
191000000000000002,192000000000000004,2023-12-24,829,279,0.33655,5,9295865,33319,0.8,77.37
191000000000000003,192000000000000005,2023-12-24,3243,770,0.237434,5,14555910,18904,0.84,53.32
191000000000000004,192000000000000006,2023-12-24,2957,819,0.27697,9,29111819,35546,1.5,203.55
191000000000000001,192000000000000001,2023-12-25,4670,1351,0.289293,14,23521896,17411,0.87,81.03
191000000000000001,192000000000000002,2023-12-25,2893,828,0.286208,4,23770389,28708,0.35,40.43
191000000000000002,192000000000000003,2023-12-25,1766,509,0.288222,10,14159259,27818,1.22,100.83
191000000000000002,192000000000000004,2023-12-25,1020,301,0.295098,5,12864905,42741,0.73,62.35
191000000000000004,192000000000000006,2023-12-25,3603,1133,0.31446,21,40536245,35778,1.96,157.62
191000000000000001,192000000000000001,2023-12-26,2338,556,0.23781,6,19352087,34806,0.23,30.08
191000000000000001,192000000000000002,2023-12-26,4492,1045,0.232636,11,25053593,23975,0.46,44.42
191000000000000002,192000000000000003,2023-12-26,1036,300,0.289575,5,11199099,37330,0.96,108.27
191000000000000002,192000000000000004,2023-12-26,1865,555,0.297587,8,14175575,25542,1.15,120.24
191000000000000003,192000000000000005,2023-12-26,3536,1047,0.296097,7,19031006,18177,1.08,142.41
191000000000000004,192000000000000006,2023-12-26,3223,859,0.266522,17,38062011,44310,1.55,101.85
191000000000000001,192000000000000001,2023-12-27,3078,650,0.211176,7,22455833,34547,0.33,31.32
191000000000000001,192000000000000002,2023-12-27,2681,712,0.265573,4,18602972,26128,0.45,57.61
191000000000000002,192000000000000003,2023-12-27,1921,639,0.332639,9,13590996,21269,1.36,183.74
191000000000000002,192000000000000004,2023-12-27,734,233,0.317439,3,9871178,42366,0.64,68.5
191000000000000003,192000000000000005,2023-12-27,2376,712,0.299663,6,17596631,24714,0.49,21.68
191000000000000004,192000000000000006,2023-12-27,3423,1049,0.306456,18,35193261,33549,2.24,108.62
191000000000000001,192000000000000001,2023-12-28,2501,569,0.227509,6,13709008,24093,0.26,17.24
191000000000000001,192000000000000002,2023-12-28,3349,736,0.219767,8,18295288,24858,0.32,26.05
191000000000000002,192000000000000003,2023-12-28,863,286,0.331402,3,9171110,32067,0.79,54.52
191000000000000002,192000000000000004,2023-12-28,931,268,0.287863,5,9117060,34019,0.5,31.83
191000000000000003,192000000000000005,2023-12-28,2711,651,0.240133,9,13716127,21069,0.55,51.27
191000000000000004,192000000000000006,2023-12-28,2101,690,0.328415,9,27432254,39757,1.83,85.35
191000000000000001,192000000000000001,2023-12-29,2602,626,0.240584,3,17489349,27938,0.39,30.4
191000000000000001,192000000000000002,2023-12-29,3026,745,0.2462,7,15939933,21396,0.29,16.1
191000000000000002,192000000000000003,2023-12-29,1211,342,0.282411,4,10317274,30167,0.73,44.17
191000000000000002,192000000000000004,2023-12-29,1154,333,0.288562,4,8785173,26382,0.96,65.42
191000000000000003,192000000000000005,2023-12-29,1585,445,0.280757,3,14326835,32195,0.35,23.02
191000000000000004,192000000000000006,2023-12-29,2809,725,0.258099,12,28653671,39522,1.63,133.6
191000000000000001,192000000000000001,2023-12-30,2169,537,0.24758,3,18725647,34871,0.28,11.75
191000000000000001,192000000000000002,2023-12-30,2784,761,0.273348,7,17370274,22826,0.42,27.2
191000000000000002,192000000000000003,2023-12-30,694,215,0.309798,4,9453647,43970,0.44,20.45
191000000000000002,192000000000000004,2023-12-30,848,285,0.336085,3,11172593,39202,0.6,82.68
191000000000000003,192000000000000005,2023-12-30,2104,523,0.248574,6,15469681,29579,0.53,45.99
191000000000000001,192000000000000001,2023-12-31,2847,595,0.208992,8,14666443,24649,0.28,23.66
191000000000000001,192000000000000002,2023-12-31,2462,562,0.22827,3,19108126,34000,0.23,26.57
191000000000000002,192000000000000003,2023-12-31,650,199,0.306154,2,8809659,44270,0.5,45.35
191000000000000002,192000000000000004,2023-12-31,1147,361,0.314734,5,10490095,29058,0.86,117.39
191000000000000003,192000000000000005,2023-12-31,2783,678,0.243622,6,14474815,21349,0.49,30.74
191000000000000004,192000000000000006,2023-12-31,2197,646,0.294037,13,28949631,44814,1.29,166.03
191000000000000001,192000000000000001,2024-01-01,6497,1628,0.250577,17,28846463,17719,0.64,28.87
191000000000000001,192000000000000002,2024-01-01,3601,1030,0.286032,6,24613498,23897,0.55,44.09
191000000000000002,192000000000000003,2024-01-01,1002,344,0.343313,6,13843091,40242,0.95,97.71
191000000000000002,192000000000000004,2024-01-01,1441,443,0.307425,6,16705458,37710,1.03,63.85
191000000000000004,192000000000000006,2024-01-01,3509,1014,0.288971,14,45822824,45190,2.15,283.32
191000000000000001,192000000000000002,2024-01-02,3547,948,0.267268,4,29852683,31490,0.6,67.38
191000000000000002,192000000000000003,2024-01-02,2660,771,0.28985,16,17367882,22526,1.71,154.71
191000000000000002,192000000000000004,2024-01-02,2011,509,0.253108,9,21223919,41697,1.19,97.25
191000000000000003,192000000000000005,2024-01-02,3530,796,0.225496,8,28943851,36362,0.92,52.36
191000000000000004,192000000000000006,2024-01-02,5087,1606,0.315707,27,57887702,36045,3.5,400.48
191000000000000001,192000000000000001,2024-01-03,5277,1288,0.244078,9,27547635,21388,0.76,93.84
191000000000000001,192000000000000002,2024-01-03,5486,1374,0.250456,12,30483019,22186,0.57,72.88
191000000000000002,192000000000000003,2024-01-03,1361,435,0.319618,8,15036864,34568,1.09,95.42
191000000000000002,192000000000000004,2024-01-03,2039,518,0.254046,10,18123509,34987,1.57,120.18
191000000000000003,192000000000000005,2024-01-03,3525,819,0.23234,8,24870280,30367,0.67,44.78
191000000000000001,192000000000000001,2024-01-04,2944,661,0.224524,8,20249235,30634,0.43,33.07
191000000000000001,192000000000000002,2024-01-04,6024,1391,0.23091,12,27550750,19806,0.79,52.94
191000000000000002,192000000000000003,2024-01-04,1604,488,0.304239,6,13213486,27077,0.91,120.84
191000000000000003,192000000000000005,2024-01-04,4235,984,0.232349,10,20485708,20819,0.78,40.85
191000000000000004,192000000000000006,2024-01-04,3943,1372,0.347958,16,40971415,29863,2.42,300.56
191000000000000001,192000000000000001,2024-01-05,2879,853,0.296283,6,24919262,29214,0.37,37.36
191000000000000001,192000000000000002,2024-01-05,3272,970,0.296455,7,25715740,26511,0.34,21.86
191000000000000002,192000000000000003,2024-01-05,1732,470,0.271363,8,14284874,30393,1.44,146.39
191000000000000002,192000000000000004,2024-01-05,1395,405,0.290323,6,14649414,36171,1.02,112.04
191000000000000003,192000000000000005,2024-01-05,2748,820,0.298399,5,21700715,26464,0.55,45.05
191000000000000004,192000000000000006,2024-01-05,4011,1193,0.297432,16,43401431,36380,2.4,264.87
191000000000000001,192000000000000001,2024-01-06,3917,990,0.252744,7,26209894,26475,0.54,59.07
191000000000000001,192000000000000002,2024-01-06,3495,949,0.271531,9,30273667,31901,0.46,51.2
191000000000000002,192000000000000003,2024-01-06,1920,655,0.341146,6,16010594,24444,1.65,148.89
191000000000000002,192000000000000004,2024-01-06,2366,781,0.330093,11,16265727,20827,2.35,197.11
191000000000000003,192000000000000005,2024-01-06,3103,933,0.300677,7,24207240,25946,0.82,81.24
191000000000000004,192000000000000006,2024-01-06,6790,1808,0.266274,37,48414481,26778,3.28,165.72
191000000000000001,192000000000000001,2024-01-07,4622,1058,0.228905,10,28320786,26768,0.38,16.74
191000000000000001,192000000000000002,2024-01-07,5224,1056,0.202144,15,34251604,32435,0.68,70.18
191000000000000002,192000000000000003,2024-01-07,2551,795,0.311642,15,16991870,21373,1.58,105.48
191000000000000002,192000000000000004,2024-01-07,2799,837,0.299035,12,18763782,22418,2.27,164.03
191000000000000003,192000000000000005,2024-01-07,3490,783,0.224355,9,26816739,34249,0.54,31.03
191000000000000004,192000000000000006,2024-01-07,4028,1089,0.270357,21,53633477,49250,1.91,125.76
191000000000000001,192000000000000001,2024-01-08,11552,2387,0.206631,23,44069383,18462,1.43,196.92
191000000000000001,192000000000000002,2024-01-08,4687,1237,0.263921,8,38438842,31074,0.77,41.74
191000000000000002,192000000000000003,2024-01-08,3524,929,0.263621,17,22366012,24075,2.3,219.75
191000000000000002,192000000000000004,2024-01-08,3174,804,0.253308,11,24781545,30823,2.03,237.25
191000000000000003,192000000000000005,2024-01-08,2966,947,0.319285,7,35360668,37340,0.95,127.47
191000000000000004,192000000000000006,2024-01-08,4862,1440,0.296174,20,70721336,49112,2.28,187.75
191000000000000001,192000000000000001,2024-01-09,5292,1501,0.283636,15,37265210,24827,0.56,65.02
191000000000000001,192000000000000002,2024-01-09,4724,1151,0.243649,11,28964367,25165,0.71,33.35
191000000000000002,192000000000000003,2024-01-09,3060,811,0.265033,16,18512383,22827,2.59,172.17
191000000000000002,192000000000000004,2024-01-09,2331,767,0.329043,7,19333090,25206,1.59,220.97
191000000000000003,192000000000000005,2024-01-09,4349,1373,0.315705,7,28384104,20673,0.95,111.35
191000000000000001,192000000000000001,2024-01-10,6203,1664,0.268257,11,32702679,19653,0.89,72.54
191000000000000001,192000000000000002,2024-01-10,9060,1981,0.218653,25,33071346,16694,0.78,32.18
191000000000000002,192000000000000003,2024-01-10,2666,933,0.349962,12,20734223,22223,1.7,191.51
191000000000000002,192000000000000004,2024-01-10,1480,482,0.325676,8,16850933,34960,1.42,143.72
191000000000000003,192000000000000005,2024-01-10,3700,1097,0.296486,9,28188868,25696,1.0,138.34
191000000000000004,192000000000000006,2024-01-10,4785,1622,0.338976,28,56377735,34758,3.03,208.82
191000000000000001,192000000000000001,2024-01-11,4768,963,0.201971,8,27267510,28315,0.46,55.01
191000000000000002,192000000000000004,2024-01-11,1125,371,0.329778,5,15490255,41753,1.15,154.58
191000000000000003,192000000000000005,2024-01-11,4072,1084,0.266208,10,25118054,23172,0.92,46.95
191000000000000004,192000000000000006,2024-01-11,3515,1162,0.330583,11,50236107,43232,2.71,304.42
191000000000000001,192000000000000001,2024-01-12,3304,927,0.280569,4,32270383,34812,0.5,62.46
191000000000000001,192000000000000002,2024-01-12,5122,1319,0.257517,9,41135763,31187,0.52,59.51
191000000000000002,192000000000000003,2024-01-12,2002,667,0.333167,10,21731330,32581,1.4,113.26
191000000000000002,192000000000000004,2024-01-12,1651,542,0.328286,9,20215040,37297,1.1,112.01
191000000000000003,192000000000000005,2024-01-12,4455,1055,0.236813,15,31459777,29820,1.08,79.8
191000000000000004,192000000000000006,2024-01-12,5119,1328,0.259426,17,62919554,47379,3.2,311.89
191000000000000001,192000000000000002,2024-01-13,5098,1107,0.217144,5,29826628,26944,0.45,19.12
191000000000000002,192000000000000003,2024-01-13,1905,564,0.296063,8,18833385,33393,1.43,145.34
191000000000000002,192000000000000004,2024-01-13,2681,794,0.296158,12,16664034,20987,1.63,122.91
191000000000000003,192000000000000005,2024-01-13,3072,761,0.247721,5,26623064,34984,0.53,51.4
191000000000000004,192000000000000006,2024-01-13,4835,1361,0.281489,17,53246129,39123,2.83,195.76
191000000000000001,192000000000000001,2024-01-14,6907,1655,0.239612,14,28556426,17255,1.04,55.34
191000000000000001,192000000000000002,2024-01-14,6261,1561,0.249321,11,28073353,17984,0.7,91.14
191000000000000002,192000000000000003,2024-01-14,1534,487,0.317471,8,17494923,35924,1.33,164.4
191000000000000002,192000000000000004,2024-01-14,1158,347,0.299655,7,14864951,42838,0.93,103.98
191000000000000003,192000000000000005,2024-01-14,4283,1327,0.30983,8,24269905,18289,0.95,83.92
191000000000000004,192000000000000006,2024-01-14,3820,1233,0.322775,13,48539811,39367,1.82,78.85
191000000000000001,192000000000000001,2024-01-15,3873,1158,0.298993,5,34905734,30143,0.6,34.99
191000000000000001,192000000000000002,2024-01-15,3552,1041,0.293074,10,35093844,33712,0.45,39.38
191000000000000002,192000000000000003,2024-01-15,2104,600,0.285171,11,22364501,37274,1.59,181.5
191000000000000002,192000000000000004,2024-01-15,1905,644,0.338058,6,17635258,27384,1.71,207.01
191000000000000003,192000000000000005,2024-01-15,3304,918,0.277845,11,29999819,32680,0.95,41.76
191000000000000004,192000000000000006,2024-01-15,6141,1582,0.257613,28,59999639,37926,3.8,257.82
191000000000000001,192000000000000001,2024-01-16,12232,2777,0.227027,33,45817927,16499,1.62,190.69
191000000000000001,192000000000000002,2024-01-16,10549,2394,0.226941,14,42140401,17603,1.1,89.42
191000000000000002,192000000000000003,2024-01-16,3810,1157,0.303675,12,24476973,21156,2.58,234.61
191000000000000002,192000000000000004,2024-01-16,2718,940,0.345843,10,25784929,27431,2.53,230.21
191000000000000003,192000000000000005,2024-01-16,5896,1807,0.306479,13,37696427,20861,1.16,140.42
191000000000000004,192000000000000006,2024-01-16,6463,1773,0.274331,25,75392853,42523,2.76,292.52
191000000000000001,192000000000000001,2024-01-17,4220,1049,0.248578,10,27722813,26428,0.42,22.91
191000000000000001,192000000000000002,2024-01-17,4316,1202,0.278499,12,38171611,31757,0.64,58.78
191000000000000002,192000000000000003,2024-01-17,1808,453,0.250553,8,16928717,37370,0.94,67.16
191000000000000002,192000000000000004,2024-01-17,2108,672,0.318786,12,20725239,30841,1.33,163.12
191000000000000003,192000000000000005,2024-01-17,2827,855,0.302441,9,28240467,33030,0.63,85.28
191000000000000004,192000000000000006,2024-01-17,4946,1516,0.30651,27,56480935,37257,3.31,340.71
191000000000000001,192000000000000001,2024-01-18,5005,1150,0.22977,14,24902473,21654,0.66,30.38
191000000000000001,192000000000000002,2024-01-18,3943,800,0.202891,9,26416516,33021,0.51,52.22
191000000000000002,192000000000000003,2024-01-18,1952,613,0.314037,9,13418976,21891,1.96,110.44
191000000000000003,192000000000000005,2024-01-18,4213,1166,0.276762,14,21993852,18863,0.87,101.43
191000000000000004,192000000000000006,2024-01-18,4507,1541,0.341913,16,43987705,28545,3.09,205.27
191000000000000001,192000000000000001,2024-01-19,6409,1502,0.234358,6,32565630,21682,0.95,96.79
191000000000000001,192000000000000002,2024-01-19,4915,1154,0.234791,13,39656275,34364,0.7,59.79
191000000000000002,192000000000000003,2024-01-19,1736,602,0.346774,6,22863262,37979,2.01,132.49
191000000000000002,192000000000000004,2024-01-19,2019,514,0.254581,8,18406399,35810,1.09,116.33
191000000000000003,192000000000000005,2024-01-19,5592,1365,0.244099,14,30952245,22676,0.96,103.57
191000000000000004,192000000000000006,2024-01-19,7225,2464,0.341038,28,61904490,25124,4.6,248.8
191000000000000001,192000000000000001,2024-01-20,5059,1419,0.28049,9,29589104,20852,0.51,20.96
191000000000000001,192000000000000002,2024-01-20,3512,887,0.252563,7,26320881,29674,0.45,18.18
191000000000000002,192000000000000003,2024-01-20,2136,593,0.277622,11,15191216,25618,1.44,158.46
191000000000000003,192000000000000005,2024-01-20,3296,815,0.247269,10,23961422,29401,0.6,53.91
191000000000000004,192000000000000006,2024-01-20,5705,1835,0.321648,18,47922844,26116,3.02,241.07
191000000000000001,192000000000000001,2024-01-21,4207,879,0.208937,10,24663831,28059,0.48,65.3
191000000000000001,192000000000000002,2024-01-21,4053,1142,0.281767,4,26136418,22887,0.4,20.07
191000000000000002,192000000000000003,2024-01-21,2067,546,0.264151,8,14813792,27131,1.03,137.96
191000000000000002,192000000000000004,2024-01-21,1126,325,0.288632,6,14214922,43738,0.9,52.87
191000000000000003,192000000000000005,2024-01-21,2637,761,0.288586,4,21771535,28609,0.7,87.57
191000000000000004,192000000000000006,2024-01-21,4958,1422,0.286809,15,43543070,30621,3.2,441.17
191000000000000001,192000000000000002,2024-01-22,4827,1082,0.224156,14,25042908,23145,0.48,51.83
191000000000000002,192000000000000003,2024-01-22,1319,346,0.26232,8,14976795,43286,0.96,133.25
191000000000000002,192000000000000004,2024-01-22,1732,495,0.285797,7,11526682,23286,1.46,199.02
191000000000000003,192000000000000005,2024-01-22,2608,808,0.309816,4,19877608,24601,0.69,51.06
191000000000000004,192000000000000006,2024-01-22,2427,836,0.344458,13,39755216,47554,1.57,134.22
191000000000000001,192000000000000001,2024-01-23,4064,841,0.206939,4,27573462,32787,0.37,49.2
191000000000000001,192000000000000002,2024-01-23,3724,1088,0.292159,5,36938432,33951,0.38,42.27
191000000000000002,192000000000000003,2024-01-23,2984,914,0.3063,10,20975273,22949,2.15,296.02
191000000000000002,192000000000000004,2024-01-23,1938,532,0.27451,10,15888667,29866,1.62,177.9
191000000000000003,192000000000000005,2024-01-23,4751,1112,0.234056,14,27647955,24863,0.72,36.61
191000000000000004,192000000000000006,2024-01-23,6861,2038,0.297041,35,55295910,27132,3.18,317.15
191000000000000001,192000000000000001,2024-01-24,6192,1476,0.238372,16,28854823,19549,0.6,75.15
191000000000000001,192000000000000002,2024-01-24,7018,2059,0.293388,16,38236662,18571,0.72,97.23
191000000000000002,192000000000000003,2024-01-24,2041,646,0.316512,10,17467820,27040,1.84,123.07
191000000000000002,192000000000000004,2024-01-24,2676,762,0.284753,16,20870172,27389,2.28,124.23
191000000000000003,192000000000000005,2024-01-24,2916,900,0.308642,6,28753493,31948,0.95,117.8
191000000000000001,192000000000000001,2024-01-25,6937,1803,0.259911,20,28410185,15757,0.96,120.01
191000000000000001,192000000000000002,2024-01-25,9092,1872,0.205895,21,29185250,15590,1.2,60.23
191000000000000002,192000000000000003,2024-01-25,1517,497,0.32762,9,18728524,37683,1.64,90.66
191000000000000002,192000000000000004,2024-01-25,1891,563,0.297726,10,14183153,25192,1.47,181.7
191000000000000003,192000000000000005,2024-01-25,2810,779,0.277224,8,24683758,31686,0.76,69.42
191000000000000004,192000000000000006,2024-01-25,4455,1321,0.296521,21,49367515,37371,2.73,136.97
191000000000000001,192000000000000001,2024-01-26,4036,873,0.216303,7,26785060,30682,0.45,45.81
191000000000000001,192000000000000002,2024-01-26,3652,1058,0.289704,9,31224415,29513,0.5,49.01
191000000000000002,192000000000000003,2024-01-26,2501,653,0.261096,11,16974465,25995,1.36,133.78
191000000000000002,192000000000000004,2024-01-26,2430,684,0.281481,14,16173806,23646,1.59,215.26
191000000000000003,192000000000000005,2024-01-26,2365,740,0.312896,5,24861203,33596,0.64,74.14
191000000000000004,192000000000000006,2024-01-26,4299,1383,0.321703,17,49722407,35953,2.87,160.89
191000000000000001,192000000000000001,2024-01-27,4683,1146,0.244715,9,26408455,23044,0.7,78.12
191000000000000001,192000000000000002,2024-01-27,3500,1031,0.294571,5,26326461,25535,0.42,39.25
191000000000000002,192000000000000003,2024-01-27,1735,508,0.292795,10,15308256,30134,1.46,182.43
191000000000000002,192000000000000004,2024-01-27,1013,330,0.325765,3,14825982,44927,0.93,60.07
191000000000000003,192000000000000005,2024-01-27,3607,1058,0.293319,7,22600678,21362,1.21,152.31
191000000000000004,192000000000000006,2024-01-27,3416,1100,0.322014,16,45201357,41092,2.65,159.11
191000000000000001,192000000000000001,2024-01-28,4432,1105,0.249323,9,34435852,31164,0.43,58.07
191000000000000001,192000000000000002,2024-01-28,3618,1083,0.299337,5,27044760,24972,0.63,31.46
191000000000000002,192000000000000003,2024-01-28,2658,703,0.264485,14,16352979,23262,2.15,168.39
191000000000000002,192000000000000004,2024-01-28,1950,530,0.271795,6,18778799,35432,1.49,146.6
191000000000000003,192000000000000005,2024-01-28,3193,759,0.237707,7,26348834,34715,0.83,44.26
191000000000000004,192000000000000006,2024-01-28,4923,1578,0.320536,16,52697667,33395,3.77,315.23
191000000000000001,192000000000000001,2024-01-29,4124,1056,0.256062,9,24570797,23268,0.5,41.15
191000000000000001,192000000000000002,2024-01-29,5641,1445,0.25616,16,24129007,16698,0.77,90.68
191000000000000002,192000000000000003,2024-01-29,1248,371,0.297276,6,11929648,32155,1.18,131.13
191000000000000002,192000000000000004,2024-01-29,1183,369,0.311919,5,15898811,43086,0.76,83.65
191000000000000003,192000000000000005,2024-01-29,2934,779,0.265508,5,20871345,26792,0.66,28.37
191000000000000004,192000000000000006,2024-01-29,2822,914,0.323884,13,41742689,45670,1.36,118.5
191000000000000001,192000000000000001,2024-01-30,3488,871,0.249713,8,21520475,24708,0.34,42.74
191000000000000001,192000000000000002,2024-01-30,2690,611,0.227138,7,17395274,28470,0.31,40.22
191000000000000002,192000000000000003,2024-01-30,1177,339,0.28802,4,12448005,36720,0.83,114.81
191000000000000002,192000000000000004,2024-01-30,1120,344,0.307143,6,9789566,28458,1.11,88.28
191000000000000003,192000000000000005,2024-01-30,2075,479,0.230843,5,16678178,34819,0.32,18.69
191000000000000004,192000000000000006,2024-01-30,3395,867,0.255376,16,33356356,38473,2.15,231.65
191000000000000001,192000000000000001,2024-01-31,4608,1244,0.269965,5,26092170,20974,0.51,26.84
191000000000000001,192000000000000002,2024-01-31,5800,1215,0.209483,6,25857666,21282,0.59,55.79
191000000000000002,192000000000000003,2024-01-31,1775,474,0.267042,6,16318640,34428,1.49,119.3
191000000000000002,192000000000000004,2024-01-31,1014,317,0.312623,5,13366981,42167,0.8,68.54
191000000000000003,192000000000000005,2024-01-31,2671,822,0.30775,6,22264215,27085,0.72,69.34
191000000000000004,192000000000000006,2024-01-31,3518,1081,0.307277,17,44528431,41192,2.01,175.05
191000000000000001,192000000000000001,2024-02-01,8453,1883,0.222761,17,35119762,18651,0.78,33.36
191000000000000001,192000000000000002,2024-02-01,8424,1727,0.205009,25,35820617,20742,0.97,98.29
191000000000000002,192000000000000003,2024-02-01,1954,599,0.306551,11,21457615,35822,1.72,123.49
191000000000000002,192000000000000004,2024-02-01,2112,572,0.270833,11,19079744,33356,1.11,63.4
191000000000000003,192000000000000005,2024-02-01,2955,883,0.298816,10,30403020,34432,0.97,89.01
191000000000000004,192000000000000006,2024-02-01,4480,1452,0.324107,16,60806040,41877,2.81,372.17
191000000000000001,192000000000000001,2024-02-02,8036,2380,0.296167,19,40242930,16909,0.95,56.55
191000000000000002,192000000000000003,2024-02-02,3973,1120,0.281903,17,24273339,21673,2.05,176.42
191000000000000002,192000000000000004,2024-02-02,1795,599,0.333705,6,21118830,35257,1.53,89.1
191000000000000003,192000000000000005,2024-02-02,4646,1100,0.236763,15,34044127,30949,0.83,89.12
191000000000000004,192000000000000006,2024-02-02,9633,2604,0.270321,47,68088254,26148,5.25,411.25
191000000000000001,192000000000000001,2024-02-03,6516,1748,0.268263,13,34105942,19511,1.14,136.12
191000000000000001,192000000000000002,2024-02-03,4398,1231,0.2799,8,36410664,29578,0.44,59.98
191000000000000002,192000000000000003,2024-02-03,2147,697,0.324639,8,21891241,31408,2.21,252.86
191000000000000002,192000000000000004,2024-02-03,3279,890,0.271424,16,18403963,20679,2.62,162.31
191000000000000004,192000000000000006,2024-02-03,6618,2249,0.339831,36,60442805,26875,3.56,489.23
191000000000000001,192000000000000001,2024-02-04,6477,1681,0.259534,13,30686679,18255,0.64,89.6
191000000000000001,192000000000000002,2024-02-04,3480,895,0.257184,9,26227177,29304,0.44,23.78
191000000000000002,192000000000000004,2024-02-04,1215,370,0.304527,5,16530879,44678,1.08,95.46
191000000000000003,192000000000000005,2024-02-04,3402,1080,0.31746,11,24391652,22585,1.01,136.51
191000000000000004,192000000000000006,2024-02-04,4077,1132,0.277655,13,48783305,43095,2.64,185.62
191000000000000001,192000000000000001,2024-02-05,4151,1194,0.287642,8,24221959,20286,0.59,32.85
191000000000000001,192000000000000002,2024-02-05,5401,1579,0.292353,12,26916316,17046,0.71,63.64
191000000000000002,192000000000000003,2024-02-05,1634,444,0.271726,9,13306729,29970,1.2,63.35
191000000000000002,192000000000000004,2024-02-05,2663,767,0.288021,11,15915142,20750,2.14,158.63
191000000000000003,192000000000000005,2024-02-05,1983,619,0.312153,7,21916403,35406,0.44,24.0
191000000000000004,192000000000000006,2024-02-05,3746,1147,0.306193,13,43832807,38215,2.07,117.3
191000000000000001,192000000000000001,2024-02-06,3593,878,0.244364,5,23480161,26743,0.45,61.24
191000000000000001,192000000000000002,2024-02-06,6191,1534,0.247779,18,25285326,16483,0.67,83.44
191000000000000002,192000000000000003,2024-02-06,1188,388,0.326599,6,12884601,33208,0.8,42.78
191000000000000002,192000000000000004,2024-02-06,1212,361,0.297855,5,14981392,41500,1.0,81.7
191000000000000003,192000000000000005,2024-02-06,3166,811,0.256159,7,20899495,25770,0.93,62.48
191000000000000004,192000000000000006,2024-02-06,2955,925,0.313029,12,41798989,45188,1.76,162.71
191000000000000001,192000000000000001,2024-02-07,2935,819,0.279046,3,25305840,30898,0.3,28.62
191000000000000001,192000000000000002,2024-02-07,4814,1169,0.242833,13,25122602,21491,0.43,33.34
191000000000000002,192000000000000003,2024-02-07,2548,668,0.262166,9,14526337,21746,2.21,192.01
191000000000000002,192000000000000004,2024-02-07,1190,363,0.305042,5,14289916,39366,0.67,28.42
191000000000000003,192000000000000005,2024-02-07,2546,814,0.319717,6,21612189,26551,0.88,82.59
191000000000000004,192000000000000006,2024-02-07,4192,1137,0.271231,24,43224378,38016,2.22,241.42
191000000000000001,192000000000000001,2024-02-08,3787,767,0.202535,4,20912840,27266,0.41,29.31
191000000000000001,192000000000000002,2024-02-08,3576,987,0.276007,10,26431924,26780,0.47,51.85
191000000000000002,192000000000000003,2024-02-08,1063,331,0.311383,4,11685114,35302,0.79,78.65
191000000000000002,192000000000000004,2024-02-08,1422,470,0.33052,5,15369036,32700,1.26,165.44
191000000000000003,192000000000000005,2024-02-08,2606,718,0.275518,7,20290613,28260,0.71,51.16
191000000000000004,192000000000000006,2024-02-08,4968,1429,0.287641,18,40581226,28398,2.61,273.28
191000000000000001,192000000000000001,2024-02-09,3539,742,0.209664,9,21497889,28973,0.45,28.19
191000000000000001,192000000000000002,2024-02-09,3512,1040,0.296128,9,21855443,21015,0.6,71.92
191000000000000002,192000000000000003,2024-02-09,1126,376,0.333925,4,13918368,37017,0.99,136.58
191000000000000003,192000000000000005,2024-02-09,2398,690,0.28774,7,18579999,26928,0.65,37.74
191000000000000004,192000000000000006,2024-02-09,5458,1378,0.252473,22,37159998,26967,2.13,278.04
191000000000000001,192000000000000001,2024-02-10,2583,620,0.240031,5,20463337,33005,0.34,31.46
191000000000000001,192000000000000002,2024-02-10,3635,862,0.237139,9,19695372,22848,0.52,72.03
191000000000000002,192000000000000003,2024-02-10,1006,328,0.326044,5,10411217,31742,0.81,53.11
191000000000000002,192000000000000004,2024-02-10,1573,502,0.319135,9,12536616,24973,0.98,67.57
191000000000000003,192000000000000005,2024-02-10,1681,534,0.317668,4,17210875,32230,0.38,18.71
191000000000000004,192000000000000006,2024-02-10,3065,964,0.314519,9,34421750,35707,2.56,115.93
191000000000000001,192000000000000001,2024-02-11,3476,852,0.245109,9,17919203,21032,0.37,24.65
191000000000000001,192000000000000002,2024-02-11,3646,911,0.249863,10,25298118,27770,0.52,70.7
191000000000000002,192000000000000004,2024-02-11,1266,397,0.313586,6,13691964,34489,1.14,78.6
191000000000000004,192000000000000006,2024-02-11,3120,1060,0.339744,11,37043418,34947,2.78,160.27
191000000000000001,192000000000000001,2024-02-12,4464,1270,0.284498,12,19403664,15278,0.5,59.41
191000000000000001,192000000000000002,2024-02-12,4060,882,0.217241,5,21155444,23986,0.37,36.24
191000000000000002,192000000000000003,2024-02-12,1779,550,0.309162,9,11639587,21163,1.26,170.26
191000000000000002,192000000000000004,2024-02-12,1384,374,0.270231,6,11537047,30848,1.15,148.81
191000000000000003,192000000000000005,2024-02-12,2689,594,0.2209,5,17382475,29263,0.62,63.21
191000000000000004,192000000000000006,2024-02-12,2312,705,0.304931,12,34764950,49312,1.52,79.18
191000000000000001,192000000000000001,2024-02-13,2584,568,0.219814,5,19516251,34360,0.35,34.29
191000000000000001,192000000000000002,2024-02-13,3769,782,0.207482,11,18716293,23934,0.35,17.68
191000000000000002,192000000000000004,2024-02-13,1482,458,0.309042,7,11420397,24935,1.19,61.69
191000000000000003,192000000000000005,2024-02-13,3046,685,0.224885,10,16385376,23920,0.49,53.77
191000000000000004,192000000000000006,2024-02-13,2308,677,0.293328,7,32770751,48406,1.4,81.6
191000000000000001,192000000000000001,2024-02-14,4306,1033,0.239898,9,20620365,19962,0.59,35.73
191000000000000001,192000000000000002,2024-02-14,3700,927,0.250541,10,21687975,23396,0.56,67.22
191000000000000002,192000000000000003,2024-02-14,1881,483,0.256778,9,10833162,22429,1.27,128.45
191000000000000002,192000000000000004,2024-02-14,2324,640,0.275387,9,13343032,20848,1.9,207.38
191000000000000003,192000000000000005,2024-02-14,2094,479,0.228749,5,18132146,37854,0.56,65.33
191000000000000004,192000000000000006,2024-02-14,4447,1183,0.266022,15,36264291,30655,2.05,256.2
191000000000000001,192000000000000001,2024-02-15,4128,1033,0.250242,5,17250127,16699,0.56,35.41
191000000000000001,192000000000000002,2024-02-15,1934,542,0.280248,3,17373356,32054,0.31,25.14
191000000000000002,192000000000000003,2024-02-15,919,268,0.291621,4,9485886,35395,0.65,90.54
191000000000000002,192000000000000004,2024-02-15,1293,369,0.285383,5,10298962,27910,0.97,87.18
191000000000000003,192000000000000005,2024-02-15,2985,791,0.264992,7,14838636,18759,0.51,52.31
191000000000000004,192000000000000006,2024-02-15,2163,638,0.294961,8,29677271,46516,1.62,78.0
191000000000000001,192000000000000001,2024-02-16,4998,1052,0.210484,15,26267783,24969,0.63,55.71
191000000000000001,192000000000000002,2024-02-16,2393,608,0.254074,6,18655220,30683,0.32,22.8
191000000000000002,192000000000000003,2024-02-16,1626,561,0.345018,7,12309850,21943,1.57,197.32
191000000000000002,192000000000000004,2024-02-16,1359,343,0.252391,7,13360437,38952,1.13,55.58
191000000000000003,192000000000000005,2024-02-16,3365,770,0.228826,10,19252715,25004,0.5,24.89
191000000000000004,192000000000000006,2024-02-16,5209,1394,0.267614,28,38505431,27622,2.45,132.04
191000000000000001,192000000000000001,2024-02-17,2914,844,0.289636,7,17726943,21003,0.33,29.56
191000000000000001,192000000000000002,2024-02-17,2536,533,0.210174,6,18591110,34880,0.2,11.81
191000000000000002,192000000000000004,2024-02-17,1186,346,0.291737,6,10622083,30700,0.64,31.44
191000000000000003,192000000000000005,2024-02-17,1615,477,0.295356,5,15564880,32631,0.35,15.45
191000000000000004,192000000000000006,2024-02-17,2303,625,0.271385,10,31129759,49808,1.19,50.03
191000000000000001,192000000000000002,2024-02-18,3688,1045,0.283351,5,23864665,22837,0.55,64.93
191000000000000002,192000000000000003,2024-02-18,1054,337,0.319734,3,14178820,42074,1.07,64.9
191000000000000002,192000000000000004,2024-02-18,897,300,0.334448,3,10962763,36543,0.58,79.14
191000000000000003,192000000000000005,2024-02-18,2636,583,0.221168,7,18856187,32343,0.49,45.38
191000000000000004,192000000000000006,2024-02-18,3810,1309,0.34357,13,37712374,28810,2.41,191.47
191000000000000001,192000000000000001,2024-02-19,3318,805,0.242616,9,18754460,23297,0.3,22.04
191000000000000001,192000000000000002,2024-02-19,2820,666,0.23617,7,21193325,31822,0.4,40.78
191000000000000002,192000000000000003,2024-02-19,1277,328,0.256852,4,9390530,28630,0.78,88.14
191000000000000002,192000000000000004,2024-02-19,1143,350,0.306212,5,13436775,38391,1.16,110.73
191000000000000003,192000000000000005,2024-02-19,2509,657,0.261857,7,17120479,26059,0.48,53.64
191000000000000004,192000000000000006,2024-02-19,2842,748,0.263195,16,34240958,45777,1.62,90.36
191000000000000001,192000000000000001,2024-02-20,3991,890,0.223002,4,17100961,19215,0.47,59.1
191000000000000001,192000000000000002,2024-02-20,4083,1007,0.246632,8,17914674,17790,0.49,39.43
191000000000000002,192000000000000003,2024-02-20,696,242,0.347701,3,8899871,36776,0.58,68.52
191000000000000002,192000000000000004,2024-02-20,1193,299,0.250629,7,11109063,37154,1.0,50.03
191000000000000003,192000000000000005,2024-02-20,1808,507,0.28042,3,15006701,29599,0.51,38.31
191000000000000004,192000000000000006,2024-02-20,2219,685,0.308698,10,30013402,43815,1.64,180.47
191000000000000001,192000000000000001,2024-02-21,4414,1183,0.268011,6,21644048,18296,0.48,50.3
191000000000000001,192000000000000002,2024-02-21,3646,1035,0.283873,4,24853590,24013,0.59,34.4
191000000000000002,192000000000000003,2024-02-21,1399,405,0.289492,8,14923469,36848,1.23,64.94
191000000000000002,192000000000000004,2024-02-21,1566,429,0.273946,8,11646610,27148,0.81,55.77
191000000000000004,192000000000000006,2024-02-21,2528,841,0.332674,14,39855118,47390,1.45,92.56
191000000000000001,192000000000000001,2024-02-22,4321,1116,0.258274,9,24701113,22134,0.51,67.64
191000000000000001,192000000000000002,2024-02-22,2532,743,0.293444,4,19943602,26842,0.32,39.21
191000000000000002,192000000000000003,2024-02-22,1752,501,0.285959,6,14667234,29276,1.12,77.49
191000000000000002,192000000000000004,2024-02-22,1904,479,0.251576,9,10844031,22639,0.92,73.25
191000000000000003,192000000000000005,2024-02-22,2209,594,0.2689,7,19133449,32211,0.51,44.91
191000000000000004,192000000000000006,2024-02-22,2700,791,0.292963,16,38266899,48378,1.7,223.8
191000000000000001,192000000000000001,2024-02-23,4233,915,0.216159,12,17497120,19123,0.46,37.06
191000000000000001,192000000000000002,2024-02-23,4738,1375,0.290207,13,21964177,15974,0.72,91.48
191000000000000002,192000000000000003,2024-02-23,915,301,0.328962,4,12176298,40453,0.88,112.6
191000000000000002,192000000000000004,2024-02-23,1666,466,0.279712,7,10373014,22260,1.18,135.61
191000000000000003,192000000000000005,2024-02-23,1894,464,0.244984,6,16911984,36448,0.49,40.55
191000000000000004,192000000000000006,2024-02-23,2116,680,0.321361,9,33823969,49741,1.22,150.88
191000000000000001,192000000000000001,2024-02-24,5886,1589,0.269963,18,26235126,16510,0.74,56.37
191000000000000001,192000000000000002,2024-02-24,4595,1186,0.258107,10,20694938,17449,0.49,58.86
191000000000000002,192000000000000003,2024-02-24,1205,303,0.251452,4,11595316,38268,0.75,95.89
191000000000000002,192000000000000004,2024-02-24,1600,543,0.339375,7,15221863,28033,1.19,161.04
191000000000000003,192000000000000005,2024-02-24,4515,1065,0.23588,12,20112885,18885,1.17,122.57
191000000000000004,192000000000000006,2024-02-24,3807,1028,0.270029,14,40225769,39130,1.54,98.23
191000000000000001,192000000000000001,2024-02-25,2753,695,0.252452,3,22765226,32756,0.25,32.64
191000000000000001,192000000000000002,2024-02-25,2841,770,0.271031,4,26388851,34271,0.32,29.39
191000000000000002,192000000000000003,2024-02-25,1017,306,0.300885,5,12785208,41782,0.97,133.43
191000000000000002,192000000000000004,2024-02-25,1934,650,0.336091,10,15302836,23543,1.72,228.81
191000000000000004,192000000000000006,2024-02-25,4808,1539,0.320092,23,42132066,27376,3.71,220.29
191000000000000001,192000000000000001,2024-02-26,6061,1379,0.22752,15,23726198,17205,0.83,115.53
191000000000000001,192000000000000002,2024-02-26,4045,880,0.217553,11,24642460,28003,0.45,45.05
191000000000000002,192000000000000003,2024-02-26,1311,450,0.343249,7,14211221,31580,1.16,134.01
191000000000000002,192000000000000004,2024-02-26,1122,310,0.276292,3,13428013,43316,0.72,64.27
191000000000000003,192000000000000005,2024-02-26,3693,1006,0.272407,9,20729425,20606,1.14,80.32
191000000000000004,192000000000000006,2024-02-26,2894,962,0.332412,14,41458850,43097,1.92,88.88
191000000000000001,192000000000000001,2024-02-27,5080,1426,0.280709,15,23247392,16303,0.89,38.22
191000000000000001,192000000000000002,2024-02-27,3197,890,0.278386,4,24894434,27971,0.33,23.49
191000000000000002,192000000000000003,2024-02-27,1739,438,0.251869,7,12797038,29217,1.09,81.62
191000000000000002,192000000000000004,2024-02-27,1798,508,0.282536,8,14712577,28962,1.37,55.25
191000000000000003,192000000000000005,2024-02-27,3032,870,0.286939,8,20632211,23715,0.71,84.76
191000000000000004,192000000000000006,2024-02-27,3403,1033,0.303556,12,41264422,39946,1.79,81.85
191000000000000001,192000000000000001,2024-02-28,4078,1027,0.251839,10,23756527,23132,0.59,48.55
191000000000000001,192000000000000002,2024-02-28,3439,841,0.244548,5,21364019,25403,0.39,36.01
191000000000000002,192000000000000003,2024-02-28,1786,554,0.31019,7,14220575,25669,1.67,164.04
191000000000000002,192000000000000004,2024-02-28,1822,570,0.312843,11,11562594,20285,1.32,113.56
191000000000000003,192000000000000005,2024-02-28,2695,830,0.307978,7,19337377,23298,0.79,40.8
191000000000000001,192000000000000001,2024-02-29,3411,956,0.28027,9,23761946,24856,0.6,71.93
191000000000000001,192000000000000002,2024-02-29,2768,646,0.233382,6,20249087,31345,0.38,46.89
191000000000000002,192000000000000003,2024-02-29,1134,312,0.275132,4,12136701,38900,0.68,50.54
191000000000000002,192000000000000004,2024-02-29,1444,470,0.325485,6,13012461,27686,1.49,111.51
191000000000000003,192000000000000005,2024-02-29,2034,597,0.29351,4,18861871,31594,0.41,54.45
191000000000000004,192000000000000006,2024-02-29,4018,1103,0.274515,22,37723742,34201,2.03,264.85
191000000000000001,192000000000000001,2024-03-01,2699,780,0.288996,5,14814978,18994,0.39,27.06
191000000000000001,192000000000000002,2024-03-01,3034,669,0.220501,6,17628566,26351,0.28,24.42
191000000000000002,192000000000000003,2024-03-01,890,237,0.266292,3,8559620,36117,0.73,62.24
191000000000000002,192000000000000004,2024-03-01,1191,298,0.25021,4,9979548,33488,0.77,40.45
191000000000000003,192000000000000005,2024-03-01,1973,533,0.270147,5,13904376,26087,0.49,46.69
191000000000000004,192000000000000006,2024-03-01,3659,936,0.255808,19,27808752,29710,2.36,155.44
191000000000000001,192000000000000001,2024-03-02,4521,1174,0.259677,8,22460544,19132,0.54,27.82
191000000000000001,192000000000000002,2024-03-02,6412,1484,0.231441,12,27799292,18733,0.62,86.1
191000000000000002,192000000000000003,2024-03-02,1565,452,0.288818,8,13045657,28862,0.84,58.93
191000000000000002,192000000000000004,2024-03-02,1319,349,0.264594,7,15674249,44912,0.89,101.82
191000000000000003,192000000000000005,2024-03-02,3170,735,0.231861,9,21539930,29306,0.64,87.7
191000000000000004,192000000000000006,2024-03-02,5255,1431,0.272312,23,43079860,30105,2.15,239.98
191000000000000001,192000000000000001,2024-03-03,4610,925,0.200651,5,20700903,22379,0.51,43.98
191000000000000001,192000000000000002,2024-03-03,4956,1096,0.221146,7,18981847,17319,0.41,22.96
191000000000000002,192000000000000003,2024-03-03,931,269,0.288937,3,9819126,36502,0.81,96.83
191000000000000002,192000000000000004,2024-03-03,992,286,0.288306,5,12856731,44954,0.95,88.82
191000000000000003,192000000000000005,2024-03-03,1687,448,0.26556,5,17006893,37962,0.47,21.23
191000000000000004,192000000000000006,2024-03-03,2407,724,0.300789,14,34013786,46980,1.95,125.99
191000000000000001,192000000000000001,2024-03-04,2455,571,0.232587,4,18951985,33191,0.27,33.01
191000000000000001,192000000000000002,2024-03-04,5250,1393,0.265333,13,25046814,17980,0.55,69.89
191000000000000002,192000000000000003,2024-03-04,1604,447,0.278678,9,11928594,26686,1.29,62.5
191000000000000002,192000000000000004,2024-03-04,1089,298,0.273646,5,13213577,44341,0.78,87.47
191000000000000004,192000000000000006,2024-03-04,2429,838,0.344998,12,37713256,45004,1.92,242.9
191000000000000001,192000000000000001,2024-03-05,5055,1276,0.252423,11,23586312,18485,0.5,33.96
191000000000000001,192000000000000002,2024-03-05,3633,884,0.243325,10,24428022,27634,0.38,28.74
191000000000000002,192000000000000003,2024-03-05,1551,441,0.284333,7,14671739,33269,0.92,85.34
191000000000000002,192000000000000004,2024-03-05,1460,386,0.264384,8,12765023,33070,1.02,65.0
191000000000000003,192000000000000005,2024-03-05,2613,742,0.283965,7,20577572,27733,0.82,87.76
191000000000000004,192000000000000006,2024-03-05,4093,1055,0.257757,18,41155144,39010,2.52,272.18
191000000000000001,192000000000000001,2024-03-06,3266,965,0.295468,6,18652110,19329,0.57,24.23
191000000000000002,192000000000000003,2024-03-06,1990,686,0.344724,10,13795577,20110,1.69,141.88
191000000000000002,192000000000000004,2024-03-06,915,312,0.340984,5,10732473,34399,0.88,42.69
191000000000000003,192000000000000005,2024-03-06,4304,972,0.225836,8,18396037,18926,0.68,93.47
191000000000000004,192000000000000006,2024-03-06,4843,1435,0.296304,15,36792075,25639,3.42,249.53
191000000000000001,192000000000000002,2024-03-07,1676,392,0.23389,4,12687162,32365,0.14,12.32
191000000000000002,192000000000000003,2024-03-07,618,194,0.313916,2,8642266,44548,0.56,67.94
191000000000000002,192000000000000004,2024-03-07,1185,377,0.318143,5,8604721,22824,1.27,84.73
191000000000000003,192000000000000005,2024-03-07,1643,364,0.221546,3,12935241,35536,0.24,32.24
191000000000000004,192000000000000006,2024-03-07,3232,1022,0.316213,14,25870481,25314,2.29,108.21
191000000000000001,192000000000000001,2024-03-08,3819,858,0.224666,8,27324332,31847,0.45,30.81
191000000000000001,192000000000000002,2024-03-08,3041,716,0.235449,9,23647496,33027,0.42,41.41
191000000000000002,192000000000000003,2024-03-08,1761,452,0.256672,6,13583653,30052,1.13,113.56
191000000000000002,192000000000000004,2024-03-08,1670,562,0.336527,6,15543106,27657,1.62,90.06
191000000000000003,192000000000000005,2024-03-08,3981,1080,0.271289,8,21845069,20227,0.91,43.12
191000000000000004,192000000000000006,2024-03-08,4739,1213,0.255961,20,43690138,36018,1.93,98.85
191000000000000001,192000000000000001,2024-03-09,3559,753,0.211576,9,24006514,31881,0.39,38.67
191000000000000001,192000000000000002,2024-03-09,2923,640,0.218953,6,21583099,33724,0.29,17.56
191000000000000002,192000000000000003,2024-03-09,1046,322,0.307839,3,12511298,38855,0.63,83.12
191000000000000002,192000000000000004,2024-03-09,1967,565,0.287239,9,13539909,23964,1.25,88.32
191000000000000003,192000000000000005,2024-03-09,1694,537,0.317001,5,19538406,36384,0.51,49.62
191000000000000004,192000000000000006,2024-03-09,2897,998,0.344494,9,39076811,39155,1.72,102.8
191000000000000001,192000000000000001,2024-03-10,3291,891,0.270738,10,25364870,28468,0.41,17.99
191000000000000001,192000000000000002,2024-03-10,3719,823,0.221296,5,19081347,23185,0.29,24.43
191000000000000002,192000000000000003,2024-03-10,1554,448,0.288288,8,12694386,28336,1.1,63.69
191000000000000002,192000000000000004,2024-03-10,1091,291,0.266728,6,12703452,43654,0.96,80.33
191000000000000003,192000000000000005,2024-03-10,2778,629,0.226422,7,19048379,30284,0.55,40.05
191000000000000004,192000000000000006,2024-03-10,2854,788,0.276104,15,38096757,48346,1.31,172.24
191000000000000001,192000000000000001,2024-03-11,5212,1189,0.228127,9,19793265,16647,0.63,42.59
191000000000000001,192000000000000002,2024-03-11,4363,942,0.215906,12,16092836,17084,0.46,29.16
191000000000000002,192000000000000003,2024-03-11,1212,372,0.306931,4,10857183,29186,1.26,58.32
191000000000000002,192000000000000004,2024-03-11,1613,438,0.271544,8,9649161,22030,1.17,136.28
191000000000000003,192000000000000005,2024-03-11,2278,521,0.228709,5,15379758,29520,0.6,82.97
191000000000000004,192000000000000006,2024-03-11,2960,887,0.299662,12,30759515,34678,1.71,124.14
191000000000000001,192000000000000001,2024-03-12,2805,573,0.204278,8,15472736,27003,0.36,32.11
191000000000000001,192000000000000002,2024-03-12,3336,710,0.21283,6,21088865,29703,0.31,34.39
191000000000000002,192000000000000003,2024-03-12,1499,435,0.290193,6,9055352,20817,0.95,108.34
191000000000000002,192000000000000004,2024-03-12,931,306,0.328679,5,11836991,38683,0.91,40.15
191000000000000003,192000000000000005,2024-03-12,2301,618,0.268579,4,15669257,25355,0.51,40.27
191000000000000004,192000000000000006,2024-03-12,2809,904,0.321823,9,31338515,34666,2.29,205.58
191000000000000001,192000000000000001,2024-03-13,3694,892,0.241473,7,25313139,28378,0.47,30.8
191000000000000001,192000000000000002,2024-03-13,1896,551,0.290612,3,17936841,32553,0.29,39.94
191000000000000002,192000000000000003,2024-03-13,2050,518,0.252683,9,11204281,21630,1.06,45.75
191000000000000002,192000000000000004,2024-03-13,1233,328,0.266018,6,13509993,41189,0.71,39.41
191000000000000003,192000000000000005,2024-03-13,2516,593,0.235692,6,18535706,31258,0.4,27.64
191000000000000004,192000000000000006,2024-03-13,5396,1428,0.26464,24,37071412,25960,3.11,370.52
191000000000000001,192000000000000001,2024-03-14,2924,767,0.262312,9,14690817,19154,0.48,31.35
191000000000000001,192000000000000002,2024-03-14,3785,867,0.229062,8,14538572,16769,0.46,37.41
191000000000000002,192000000000000003,2024-03-14,971,308,0.317199,5,7386083,23981,0.77,71.63
191000000000000002,192000000000000004,2024-03-14,1068,290,0.271536,4,9316425,32126,0.79,94.76
191000000000000003,192000000000000005,2024-03-14,1559,404,0.25914,5,12526881,31007,0.28,17.48
191000000000000004,192000000000000006,2024-03-14,2949,777,0.263479,9,25053763,32244,1.49,78.64
191000000000000001,192000000000000001,2024-03-15,2264,485,0.214223,6,13809460,28473,0.18,18.35
191000000000000001,192000000000000002,2024-03-15,1741,441,0.253303,3,15367043,34846,0.24,19.95
191000000000000002,192000000000000003,2024-03-15,608,189,0.310855,3,8346684,44162,0.47,24.95
191000000000000002,192000000000000004,2024-03-15,955,274,0.286911,5,8325603,30385,0.64,82.25
191000000000000003,192000000000000005,2024-03-15,2574,647,0.25136,5,12504215,19326,0.68,85.02
191000000000000004,192000000000000006,2024-03-15,3227,849,0.263093,14,25008430,29456,1.95,197.29
191000000000000001,192000000000000001,2024-03-16,2125,529,0.248941,2,11346672,21449,0.32,30.03
191000000000000001,192000000000000002,2024-03-16,1646,385,0.2339,2,11636318,30224,0.22,11.97
191000000000000002,192000000000000003,2024-03-16,782,266,0.340153,3,6697361,25178,0.59,31.65
191000000000000002,192000000000000004,2024-03-16,630,195,0.309524,2,6435776,33004,0.5,20.77
191000000000000003,192000000000000005,2024-03-16,894,276,0.308725,2,9849853,35688,0.19,11.33
191000000000000004,192000000000000006,2024-03-16,1709,591,0.345816,9,19699706,33333,1.19,65.01
191000000000000001,192000000000000001,2024-03-17,4926,1047,0.212546,8,16965953,16204,0.49,23.61
191000000000000001,192000000000000002,2024-03-17,3777,987,0.261319,7,15752755,15960,0.45,35.09
191000000000000002,192000000000000003,2024-03-17,999,278,0.278278,3,8669880,31187,0.58,70.27
191000000000000002,192000000000000004,2024-03-17,818,240,0.293399,4,10026524,41777,0.47,50.9
191000000000000003,192000000000000005,2024-03-17,2098,519,0.247378,4,14022303,27018,0.42,24.58
191000000000000004,192000000000000006,2024-03-17,3123,1090,0.349023,13,28044607,25729,2.21,223.36
191000000000000001,192000000000000001,2024-03-18,1808,505,0.279314,5,14523084,28759,0.31,33.94
191000000000000001,192000000000000002,2024-03-18,3104,810,0.260954,8,19158734,23653,0.3,22.23
191000000000000002,192000000000000003,2024-03-18,719,251,0.349096,3,8588928,34219,0.57,76.17
191000000000000002,192000000000000004,2024-03-18,888,273,0.307432,4,10657825,39040,0.85,64.54
191000000000000003,192000000000000005,2024-03-18,2305,612,0.26551,4,14435065,23587,0.63,57.6
191000000000000004,192000000000000006,2024-03-18,2239,780,0.34837,10,28870130,37013,2.06,186.38
191000000000000001,192000000000000001,2024-03-19,3381,850,0.251405,6,20075527,23618,0.35,23.92
191000000000000001,192000000000000002,2024-03-19,2346,602,0.256607,5,18530796,30782,0.23,11.79
191000000000000002,192000000000000003,2024-03-19,910,250,0.274725,4,11209073,44836,0.5,49.85
191000000000000002,192000000000000004,2024-03-19,1537,439,0.285621,8,10851683,24719,1.14,62.75
191000000000000003,192000000000000005,2024-03-19,1768,490,0.277149,5,16545567,33766,0.45,55.62
191000000000000004,192000000000000006,2024-03-19,3946,1309,0.331728,16,33091133,25280,2.79,331.96
191000000000000001,192000000000000001,2024-03-20,4613,1181,0.256016,12,20896299,17694,0.67,34.99
191000000000000001,192000000000000002,2024-03-20,2444,707,0.28928,5,16258232,22996,0.33,35.95
191000000000000002,192000000000000003,2024-03-20,1052,298,0.28327,5,11293558,37898,0.61,40.65
191000000000000003,192000000000000005,2024-03-20,1566,472,0.301405,5,15923371,33736,0.42,26.33
191000000000000004,192000000000000006,2024-03-20,4524,1228,0.271441,26,31846741,25934,2.01,115.71
191000000000000001,192000000000000001,2024-03-21,4210,1094,0.259857,12,22259365,20347,0.55,54.78
191000000000000001,192000000000000002,2024-03-21,2734,818,0.299195,5,23124532,28270,0.47,32.04
191000000000000002,192000000000000003,2024-03-21,1495,433,0.289632,9,13275997,30661,0.85,89.64
191000000000000002,192000000000000004,2024-03-21,1204,353,0.293189,7,12657658,35857,0.99,48.75
191000000000000003,192000000000000005,2024-03-21,3032,719,0.237137,6,19450242,27052,0.57,68.44
191000000000000004,192000000000000006,2024-03-21,2650,888,0.335094,14,38900483,43807,2.02,238.79
191000000000000001,192000000000000001,2024-03-22,3499,796,0.227494,4,18832165,23658,0.45,41.96
191000000000000001,192000000000000002,2024-03-22,2880,759,0.263542,7,15073455,19860,0.3,37.66
191000000000000002,192000000000000003,2024-03-22,1011,349,0.345203,5,9929934,28453,0.69,34.2
191000000000000002,192000000000000004,2024-03-22,1127,361,0.320319,4,9444706,26163,0.98,60.12
191000000000000003,192000000000000005,2024-03-22,2191,573,0.261524,5,14530980,25359,0.47,48.73
191000000000000004,192000000000000006,2024-03-22,2220,692,0.311712,11,29061960,41997,1.42,62.2
191000000000000001,192000000000000001,2024-03-23,2076,516,0.248555,3,11589876,22461,0.27,25.73
191000000000000001,192000000000000002,2024-03-23,3193,883,0.276542,5,15665445,17741,0.57,63.21
191000000000000002,192000000000000003,2024-03-23,808,274,0.339109,5,8558743,31236,0.6,59.32
191000000000000002,192000000000000004,2024-03-23,659,175,0.265554,3,7015726,40090,0.35,26.45
191000000000000003,192000000000000005,2024-03-23,1871,510,0.272582,3,11680852,22904,0.38,39.78
191000000000000004,192000000000000006,2024-03-23,2175,584,0.268506,7,23361704,40003,0.92,115.11
191000000000000001,192000000000000001,2024-03-24,3526,926,0.262621,10,16421890,17734,0.54,25.71
191000000000000001,192000000000000002,2024-03-24,3276,902,0.275336,10,13796760,15296,0.41,43.43
191000000000000002,192000000000000003,2024-03-24,993,335,0.337362,5,9294852,27746,0.65,88.12
191000000000000002,192000000000000004,2024-03-24,1360,373,0.274265,6,7972948,21375,0.83,115.19
191000000000000003,192000000000000005,2024-03-24,1360,352,0.258824,2,12950850,36792,0.23,30.66
191000000000000004,192000000000000006,2024-03-24,1807,561,0.310459,6,25901700,46171,1.22,138.71
191000000000000001,192000000000000001,2024-03-25,2138,442,0.206735,4,14067900,31828,0.24,21.98
191000000000000001,192000000000000002,2024-03-25,3193,806,0.252427,6,13396074,16620,0.32,41.47
191000000000000002,192000000000000003,2024-03-25,1047,363,0.346705,4,7925459,21833,0.68,73.82
191000000000000002,192000000000000004,2024-03-25,1024,339,0.331055,4,7768241,22915,0.75,90.59
191000000000000003,192000000000000005,2024-03-25,1264,387,0.306171,4,11770275,30414,0.32,25.8
191000000000000004,192000000000000006,2024-03-25,2160,599,0.277315,13,23540549,39300,1.16,66.26
191000000000000001,192000000000000001,2024-03-26,4127,1040,0.251999,8,16916131,16266,0.52,32.8
191000000000000001,192000000000000002,2024-03-26,4159,901,0.216639,12,13984754,15521,0.45,49.37
191000000000000002,192000000000000003,2024-03-26,1197,347,0.289891,5,8798993,25357,0.93,117.45
191000000000000002,192000000000000004,2024-03-26,730,255,0.349315,3,8858656,34740,0.51,22.97
191000000000000003,192000000000000005,2024-03-26,2434,638,0.26212,4,13243236,20757,0.48,20.93
191000000000000004,192000000000000006,2024-03-26,3615,971,0.268603,15,26486473,27278,2.62,285.36
191000000000000001,192000000000000001,2024-03-27,3730,962,0.257909,9,16745302,17407,0.46,54.0
191000000000000001,192000000000000002,2024-03-27,3558,878,0.246768,8,18750221,21356,0.48,27.4
191000000000000002,192000000000000003,2024-03-27,1007,258,0.256207,4,9622845,37298,0.61,43.11
191000000000000002,192000000000000004,2024-03-27,779,272,0.349166,4,10660311,39192,0.57,72.32
191000000000000003,192000000000000005,2024-03-27,1341,414,0.308725,3,15212367,36745,0.44,53.3
191000000000000004,192000000000000006,2024-03-27,2253,629,0.279183,13,30424734,48370,1.38,125.68
191000000000000001,192000000000000001,2024-03-28,1962,447,0.227829,6,15567684,34827,0.17,10.73
191000000000000001,192000000000000002,2024-03-28,2136,562,0.263109,4,14757149,26258,0.33,44.11
191000000000000002,192000000000000003,2024-03-28,1353,406,0.300074,6,9801947,24143,0.75,71.3
191000000000000002,192000000000000004,2024-03-28,846,260,0.307329,4,7526529,28948,0.68,70.37
191000000000000003,192000000000000005,2024-03-28,1218,368,0.302135,3,12996357,35316,0.33,28.47
191000000000000004,192000000000000006,2024-03-28,2227,561,0.251908,10,25992714,46333,1.02,103.9
191000000000000001,192000000000000001,2024-03-29,3213,750,0.233427,9,18319103,24425,0.28,29.91
191000000000000001,192000000000000002,2024-03-29,1847,458,0.24797,4,15882525,34678,0.19,11.69
191000000000000002,192000000000000003,2024-03-29,730,227,0.310959,4,9962420,43887,0.43,29.31
191000000000000002,192000000000000004,2024-03-29,1292,409,0.316563,5,9581368,23426,1.14,64.2
191000000000000004,192000000000000006,2024-03-29,2213,679,0.306823,7,29315682,43175,1.6,76.36
191000000000000001,192000000000000001,2024-03-30,3574,1045,0.292389,5,17555145,16799,0.54,69.18
191000000000000001,192000000000000002,2024-03-30,3651,943,0.258285,8,22789726,24167,0.43,17.37
191000000000000002,192000000000000003,2024-03-30,1834,565,0.30807,10,11624349,20574,1.03,82.27
191000000000000002,192000000000000004,2024-03-30,883,255,0.288788,4,11429863,44823,0.49,64.88
191000000000000003,192000000000000005,2024-03-30,3509,897,0.255628,5,17290659,19276,0.72,46.27
191000000000000004,192000000000000006,2024-03-30,2448,751,0.306781,13,34581317,46047,1.22,94.68
191000000000000001,192000000000000001,2024-03-31,1997,483,0.241863,3,14352827,29716,0.22,20.78
191000000000000001,192000000000000002,2024-03-31,4710,1227,0.26051,10,20013899,16311,0.57,67.2
191000000000000002,192000000000000003,2024-03-31,824,261,0.316748,3,8864984,33965,0.48,59.2
191000000000000002,192000000000000004,2024-03-31,878,247,0.281321,3,10773145,43616,0.68,35.08
191000000000000003,192000000000000005,2024-03-31,2180,614,0.281651,4,14728597,23988,0.39,31.03
191000000000000004,192000000000000006,2024-03-31,2671,791,0.296144,13,29457194,37240,1.61,122.91
191000000000000001,192000000000000001,2024-04-01,2890,764,0.26436,6,14909311,19515,0.48,64.22
191000000000000001,192000000000000002,2024-04-01,3862,1105,0.286121,5,19462259,17613,0.44,57.57
191000000000000002,192000000000000003,2024-04-01,1045,335,0.320574,3,9421604,28124,1.1,121.22
191000000000000002,192000000000000004,2024-04-01,1434,379,0.264296,7,10219293,26964,0.84,95.12
191000000000000003,192000000000000005,2024-04-01,2051,643,0.313506,4,14730673,22909,0.43,47.26
191000000000000004,192000000000000006,2024-04-01,2577,813,0.315483,13,29461346,36238,1.44,89.74
191000000000000001,192000000000000001,2024-04-02,3269,942,0.288162,6,22023982,23380,0.33,18.15
191000000000000001,192000000000000002,2024-04-02,2149,471,0.219172,2,15481839,32870,0.3,34.97
191000000000000002,192000000000000003,2024-04-02,1020,292,0.286275,4,11681464,40005,0.62,56.36
191000000000000002,192000000000000004,2024-04-02,841,290,0.344828,5,9750434,33622,0.87,107.88
191000000000000003,192000000000000005,2024-04-02,2897,825,0.284777,6,16073923,19484,0.55,75.61
191000000000000004,192000000000000006,2024-04-02,3381,887,0.262348,12,32147847,36243,1.31,92.56
191000000000000001,192000000000000001,2024-04-03,2336,602,0.257705,3,19332842,32114,0.39,16.07
191000000000000001,192000000000000002,2024-04-03,4534,1037,0.228716,11,19804874,19098,0.47,25.03
191000000000000002,192000000000000003,2024-04-03,1506,378,0.250996,6,11861617,31380,0.85,79.81
191000000000000002,192000000000000004,2024-04-03,1723,432,0.250725,6,10502793,24312,1.41,67.79
191000000000000003,192000000000000005,2024-04-03,2604,589,0.22619,6,16773307,28478,0.67,91.4
191000000000000004,192000000000000006,2024-04-03,2800,843,0.301071,16,33546614,39794,2.29,313.52
191000000000000001,192000000000000001,2024-04-04,2434,681,0.279786,4,19861151,29165,0.29,22.19
191000000000000001,192000000000000002,2024-04-04,2289,569,0.24858,3,18855152,33137,0.32,27.26
191000000000000002,192000000000000003,2024-04-04,1218,367,0.301314,6,11636821,31708,0.8,83.81
191000000000000002,192000000000000004,2024-04-04,1202,342,0.284526,5,10486780,30663,1.09,70.14
191000000000000003,192000000000000005,2024-04-04,1801,451,0.250416,3,16592701,36791,0.41,45.11
191000000000000004,192000000000000006,2024-04-04,2864,931,0.32507,14,33185403,35645,2.47,167.32
191000000000000001,192000000000000001,2024-04-05,2586,588,0.227378,8,18245196,31029,0.22,22.05
191000000000000001,192000000000000002,2024-04-05,3698,923,0.249594,7,17142259,18572,0.33,25.21
191000000000000002,192000000000000003,2024-04-05,787,234,0.297332,4,10269353,43886,0.6,25.91
191000000000000002,192000000000000004,2024-04-05,982,279,0.284114,4,9952050,35670,0.65,77.4
191000000000000003,192000000000000005,2024-04-05,1979,484,0.244568,5,15166052,31335,0.36,30.09
191000000000000004,192000000000000006,2024-04-05,4267,1190,0.278884,15,30332104,25489,2.31,163.33
191000000000000001,192000000000000001,2024-04-06,2881,613,0.212773,4,21070391,34373,0.22,10.42
191000000000000001,192000000000000002,2024-04-06,2225,625,0.280899,3,15989914,25584,0.34,21.3
191000000000000002,192000000000000003,2024-04-06,894,266,0.297539,4,10952355,41174,0.82,71.79
191000000000000002,192000000000000004,2024-04-06,1392,368,0.264368,7,10224963,27785,0.7,30.3
191000000000000003,192000000000000005,2024-04-06,1719,431,0.250727,5,15882988,36851,0.37,38.16
191000000000000004,192000000000000006,2024-04-06,3951,1023,0.258922,19,31765976,31052,2.31,310.13
191000000000000001,192000000000000002,2024-04-07,4383,1179,0.268994,9,19921581,16897,0.54,69.28
191000000000000002,192000000000000003,2024-04-07,1846,552,0.299025,8,13129792,23786,1.12,77.21
191000000000000002,192000000000000004,2024-04-07,979,258,0.263534,5,9803064,37996,0.61,28.06
191000000000000003,192000000000000005,2024-04-07,3205,768,0.239626,9,17199643,22395,0.78,40.88
191000000000000004,192000000000000006,2024-04-07,3021,895,0.29626,16,34399285,38435,2.35,100.89
191000000000000001,192000000000000001,2024-04-08,5405,1360,0.251619,7,22614317,16628,0.61,39.98
191000000000000001,192000000000000002,2024-04-08,4543,1021,0.224741,6,23085994,22611,0.61,54.93
191000000000000002,192000000000000003,2024-04-08,1023,299,0.292278,4,12221740,40875,0.91,119.71
191000000000000002,192000000000000004,2024-04-08,1984,499,0.251512,11,13892723,27841,1.1,105.27
191000000000000003,192000000000000005,2024-04-08,3065,892,0.291028,9,19585847,21957,0.88,48.27
191000000000000004,192000000000000006,2024-04-08,3539,1105,0.312235,15,39171694,35449,1.86,221.75
191000000000000001,192000000000000001,2024-04-09,4088,1208,0.295499,5,22237687,18409,0.63,28.89
191000000000000001,192000000000000002,2024-04-09,3391,749,0.220879,6,18364154,24518,0.38,26.91
191000000000000002,192000000000000003,2024-04-09,844,274,0.324645,5,9905868,36153,0.62,84.83
191000000000000002,192000000000000004,2024-04-09,1343,418,0.311243,4,13295183,31807,0.81,63.14
191000000000000003,192000000000000005,2024-04-09,1793,490,0.273285,3,17400789,35512,0.35,20.14
191000000000000004,192000000000000006,2024-04-09,2647,772,0.291651,13,34801578,45080,2.04,281.07
191000000000000001,192000000000000001,2024-04-10,4743,1022,0.215475,7,24953583,24416,0.6,28.67
191000000000000001,192000000000000002,2024-04-10,3735,795,0.212851,6,21386935,26902,0.3,27.84
191000000000000002,192000000000000003,2024-04-10,1312,333,0.253811,4,11918465,35791,0.64,85.34
191000000000000002,192000000000000004,2024-04-10,1779,553,0.310849,6,14561831,26332,1.68,225.58
191000000000000003,192000000000000005,2024-04-10,2075,625,0.301205,4,19860222,31776,0.71,60.13
191000000000000004,192000000000000006,2024-04-10,3204,860,0.268414,16,39720444,46187,2.31,213.24
191000000000000001,192000000000000001,2024-04-11,1953,537,0.274962,3,14917450,27779,0.31,28.98
191000000000000001,192000000000000002,2024-04-11,1495,412,0.275585,3,13851662,33621,0.19,16.93
191000000000000002,192000000000000003,2024-04-11,717,211,0.294282,3,9357109,44346,0.56,65.04
191000000000000002,192000000000000004,2024-04-11,749,234,0.312417,4,7082383,30267,0.52,50.24
191000000000000003,192000000000000005,2024-04-11,1371,328,0.239241,4,12329619,37590,0.38,28.46
191000000000000004,192000000000000006,2024-04-11,2562,811,0.31655,13,24659238,30406,2.12,158.62
191000000000000001,192000000000000001,2024-04-12,2659,609,0.229033,6,18645007,30616,0.27,20.3
191000000000000001,192000000000000002,2024-04-12,5192,1168,0.224961,7,20419305,17482,0.52,72.76
191000000000000002,192000000000000003,2024-04-12,1340,418,0.31194,8,13065453,31257,0.8,38.11
191000000000000002,192000000000000004,2024-04-12,1432,426,0.297486,8,9257011,21730,0.85,105.21
191000000000000003,192000000000000005,2024-04-12,2769,858,0.309859,9,16741848,19513,0.8,51.52
191000000000000004,192000000000000006,2024-04-12,2581,703,0.272375,9,33483696,47630,1.77,159.14
191000000000000001,192000000000000001,2024-04-13,2629,676,0.257132,8,22138461,32749,0.38,31.12
191000000000000001,192000000000000002,2024-04-13,4486,961,0.214222,12,17593424,18307,0.43,37.87
191000000000000002,192000000000000003,2024-04-13,1422,444,0.312236,5,12512021,28180,1.37,126.18
191000000000000002,192000000000000004,2024-04-13,1004,312,0.310757,5,10191913,32666,0.87,73.4
191000000000000003,192000000000000005,2024-04-13,2124,650,0.306026,7,17027951,26197,0.46,24.7
191000000000000004,192000000000000006,2024-04-13,2020,686,0.339604,11,34055902,49644,1.69,223.42
191000000000000001,192000000000000001,2024-04-14,3044,761,0.25,8,24747102,32519,0.35,43.04
191000000000000002,192000000000000003,2024-04-14,1209,406,0.335815,7,11884185,29271,0.95,45.32
191000000000000002,192000000000000004,2024-04-14,2140,621,0.290187,8,14545134,23422,1.44,165.17
191000000000000003,192000000000000005,2024-04-14,2972,707,0.237887,7,19821990,28037,0.55,75.01
191000000000000004,192000000000000006,2024-04-14,3903,1020,0.261337,17,39643980,38867,1.76,79.81
191000000000000001,192000000000000001,2024-04-15,3557,886,0.249086,9,17879367,20180,0.35,30.85
191000000000000001,192000000000000002,2024-04-15,2549,552,0.216556,5,18268077,33094,0.3,24.52
191000000000000002,192000000000000003,2024-04-15,981,285,0.29052,6,10362608,36360,0.64,77.14
191000000000000002,192000000000000004,2024-04-15,860,249,0.289535,4,10293074,41338,0.52,69.5
191000000000000003,192000000000000005,2024-04-15,1723,416,0.241439,5,15491762,37240,0.42,47.08
191000000000000004,192000000000000006,2024-04-15,2596,851,0.327812,15,30983524,36408,1.53,160.29
191000000000000001,192000000000000001,2024-04-16,1800,486,0.27,2,15058283,30984,0.29,34.6
191000000000000001,192000000000000002,2024-04-16,3869,1050,0.271388,5,19602740,18669,0.57,74.93
191000000000000002,192000000000000003,2024-04-16,1666,428,0.256903,8,10306524,24081,0.83,92.67
191000000000000002,192000000000000004,2024-04-16,862,229,0.265661,4,9499775,41484,0.43,33.43
191000000000000003,192000000000000005,2024-04-16,3372,817,0.242289,6,14854724,18182,0.86,113.75
191000000000000004,192000000000000006,2024-04-16,3360,895,0.266369,15,29709448,33195,2.37,150.04
191000000000000001,192000000000000001,2024-04-17,3548,935,0.263529,5,18000459,19252,0.6,29.68
191000000000000001,192000000000000002,2024-04-17,2130,543,0.25493,5,18718503,34472,0.32,17.15
191000000000000002,192000000000000003,2024-04-17,650,220,0.338462,3,9497701,43171,0.6,55.16
191000000000000002,192000000000000004,2024-04-17,1785,462,0.258824,9,11484562,24858,1.08,82.85
191000000000000003,192000000000000005,2024-04-17,1710,466,0.272515,6,15736698,33770,0.31,13.57
191000000000000004,192000000000000006,2024-04-17,2473,651,0.263243,15,31473396,48346,1.38,101.67
191000000000000001,192000000000000002,2024-04-18,1334,377,0.282609,3,13064363,34653,0.23,26.13
191000000000000002,192000000000000003,2024-04-18,652,211,0.32362,4,8840204,41897,0.39,34.96
191000000000000002,192000000000000004,2024-04-18,651,207,0.317972,2,8895097,42971,0.48,30.41
191000000000000004,192000000000000006,2024-04-18,2001,598,0.298851,7,26602952,44487,1.26,172.07
191000000000000001,192000000000000001,2024-04-19,4980,1046,0.21004,9,20729388,19818,0.46,40.84
191000000000000001,192000000000000002,2024-04-19,3089,871,0.281968,6,20165600,23152,0.48,27.81
191000000000000002,192000000000000003,2024-04-19,1030,258,0.250485,3,11026213,42737,0.59,56.72
191000000000000002,192000000000000004,2024-04-19,1367,417,0.305048,7,12342352,29598,1.2,57.95
191000000000000003,192000000000000005,2024-04-19,2992,752,0.251337,6,17526423,23306,0.83,48.59
191000000000000004,192000000000000006,2024-04-19,3613,1233,0.341268,15,35052847,28429,2.09,225.12
191000000000000001,192000000000000001,2024-04-20,2809,691,0.245995,7,20643986,29876,0.3,34.04
191000000000000001,192000000000000002,2024-04-20,2902,732,0.25224,4,21255152,29037,0.35,16.9
191000000000000002,192000000000000004,2024-04-20,1351,437,0.323464,6,13757094,31481,1.2,133.1
191000000000000003,192000000000000005,2024-04-20,3210,725,0.225857,6,17956773,24768,0.56,32.78
191000000000000004,192000000000000006,2024-04-20,2429,750,0.308769,10,35913547,47885,1.34,54.63
191000000000000001,192000000000000001,2024-04-21,4729,1218,0.25756,10,18298408,15023,0.44,54.07
191000000000000002,192000000000000003,2024-04-21,1270,318,0.250394,7,10300990,32393,0.66,28.95
191000000000000002,192000000000000004,2024-04-21,952,265,0.278361,6,11679666,44074,0.72,87.79
191000000000000003,192000000000000005,2024-04-21,2437,619,0.254001,6,16485492,26632,0.56,24.31
191000000000000004,192000000000000006,2024-04-21,3338,921,0.275914,10,32970984,35799,1.43,122.91
191000000000000001,192000000000000001,2024-04-22,3421,808,0.236188,6,14501742,17948,0.52,35.0
191000000000000001,192000000000000002,2024-04-22,3140,802,0.255414,5,17915095,22338,0.47,62.9
191000000000000002,192000000000000003,2024-04-22,984,276,0.280488,5,7764736,28133,0.82,47.1
191000000000000002,192000000000000004,2024-04-22,816,257,0.314951,3,10759171,41864,0.53,47.91
191000000000000003,192000000000000005,2024-04-22,2282,505,0.221297,8,13892930,27511,0.47,47.97
191000000000000004,192000000000000006,2024-04-22,3570,1058,0.296359,13,27785860,26263,2.01,231.89
191000000000000001,192000000000000001,2024-04-23,2265,518,0.228698,5,17870187,34498,0.19,19.71
191000000000000001,192000000000000002,2024-04-23,3094,638,0.206206,5,17990176,28198,0.38,24.57
191000000000000002,192000000000000003,2024-04-23,1913,489,0.255619,9,11106098,22712,1.44,114.06
191000000000000002,192000000000000004,2024-04-23,899,274,0.304783,3,9385538,34254,0.66,48.52
191000000000000003,192000000000000005,2024-04-23,1662,428,0.257521,4,15368727,35908,0.38,27.04
191000000000000004,192000000000000006,2024-04-23,2292,655,0.285777,9,30737454,46927,1.62,201.73
191000000000000001,192000000000000001,2024-04-24,2404,629,0.261647,6,20657557,32842,0.27,32.95
191000000000000001,192000000000000002,2024-04-24,4078,923,0.226336,10,17177038,18610,0.41,17.13
191000000000000002,192000000000000003,2024-04-24,906,258,0.284768,4,11454859,44399,0.57,56.55
191000000000000002,192000000000000004,2024-04-24,1049,357,0.340324,5,10164910,28473,0.87,98.7
191000000000000003,192000000000000005,2024-04-24,1874,447,0.238527,6,16214827,36275,0.42,47.5
191000000000000004,192000000000000006,2024-04-24,1926,666,0.345794,10,32429654,48693,1.02,113.26
191000000000000001,192000000000000001,2024-04-25,3462,694,0.200462,10,14733009,21229,0.31,14.29
191000000000000001,192000000000000002,2024-04-25,2590,608,0.234749,5,15734292,25879,0.23,15.68
191000000000000002,192000000000000003,2024-04-25,831,245,0.294826,2,9921761,40497,0.67,28.18
191000000000000003,192000000000000005,2024-04-25,1175,349,0.297021,3,13057415,37414,0.36,31.43
191000000000000004,192000000000000006,2024-04-25,3422,894,0.261251,17,26114829,29211,2.29,240.49
191000000000000001,192000000000000001,2024-04-26,2745,807,0.293989,5,15315624,18978,0.31,16.19
191000000000000001,192000000000000002,2024-04-26,3263,904,0.277046,9,15174172,16786,0.56,35.95
191000000000000002,192000000000000003,2024-04-26,686,230,0.335277,3,9238926,40169,0.74,53.74
191000000000000002,192000000000000004,2024-04-26,846,267,0.315603,4,8183814,30651,0.78,70.12
191000000000000003,192000000000000005,2024-04-26,1675,478,0.285373,6,13067056,27337,0.44,48.0
191000000000000004,192000000000000006,2024-04-26,1671,527,0.31538,9,26134111,49590,1.19,139.5
191000000000000001,192000000000000001,2024-04-27,2183,557,0.255153,3,16107774,28919,0.2,23.78
191000000000000001,192000000000000002,2024-04-27,2826,595,0.210545,7,17734319,29806,0.32,31.61
191000000000000002,192000000000000003,2024-04-27,1476,477,0.323171,8,9617475,20162,1.35,71.66
191000000000000002,192000000000000004,2024-04-27,637,219,0.343799,3,9720864,44388,0.43,17.52
191000000000000003,192000000000000005,2024-04-27,1864,577,0.309549,6,14503754,25136,0.51,34.14
191000000000000001,192000000000000001,2024-04-28,2646,763,0.28836,6,23724741,31094,0.42,42.55
191000000000000001,192000000000000002,2024-04-28,5070,1083,0.213609,15,22897766,21143,0.64,43.24
191000000000000002,192000000000000003,2024-04-28,1067,340,0.31865,4,11206220,32959,0.9,43.13
191000000000000002,192000000000000004,2024-04-28,1751,572,0.32667,6,15435213,26985,1.13,79.33
191000000000000003,192000000000000005,2024-04-28,3173,736,0.231957,5,19981074,27148,0.76,31.83
191000000000000004,192000000000000006,2024-04-28,3942,1239,0.314307,19,39962149,32254,2.38,129.95
191000000000000001,192000000000000001,2024-04-29,2314,502,0.21694,2,13678418,27248,0.32,34.27
191000000000000001,192000000000000002,2024-04-29,2371,586,0.247153,4,16890037,28823,0.25,13.45
191000000000000002,192000000000000003,2024-04-29,1116,324,0.290323,4,9118735,28144,0.76,74.03
191000000000000002,192000000000000004,2024-04-29,964,322,0.334025,3,8348953,25928,0.6,76.96
191000000000000003,192000000000000005,2024-04-29,1785,483,0.270588,4,13100766,27124,0.43,58.87
191000000000000004,192000000000000006,2024-04-29,2909,757,0.260227,17,26201532,34612,1.52,191.37
191000000000000001,192000000000000001,2024-04-30,2180,439,0.201376,6,15177816,34574,0.25,10.95
191000000000000001,192000000000000002,2024-04-30,3605,828,0.229681,8,12614616,15235,0.31,33.79
191000000000000002,192000000000000003,2024-04-30,725,247,0.34069,2,8895931,36016,0.56,26.56
191000000000000002,192000000000000004,2024-04-30,804,245,0.304726,3,6985460,28512,0.8,111.0
191000000000000003,192000000000000005,2024-04-30,1850,558,0.301622,4,11911043,21346,0.55,39.98
191000000000000004,192000000000000006,2024-04-30,2350,654,0.278298,11,23822085,36425,1.69,115.91
191000000000000001,192000000000000001,2024-05-01,2003,555,0.277084,3,18877007,34013,0.2,13.04
191000000000000001,192000000000000002,2024-05-01,1810,403,0.222652,2,13396162,33241,0.14,17.14
191000000000000002,192000000000000003,2024-05-01,821,219,0.266748,3,9590429,43792,0.48,59.99
191000000000000002,192000000000000004,2024-05-01,761,205,0.269382,5,8851382,43177,0.54,68.52
191000000000000003,192000000000000005,2024-05-01,1818,462,0.254125,6,13831358,29938,0.49,48.43
191000000000000004,192000000000000006,2024-05-01,3484,958,0.274971,13,27662716,28875,2.41,333.54
191000000000000001,192000000000000001,2024-05-02,2013,463,0.230005,4,14787011,31937,0.29,21.1
191000000000000001,192000000000000002,2024-05-02,2909,769,0.264352,8,17060609,22185,0.35,28.04
191000000000000002,192000000000000003,2024-05-02,1483,394,0.265678,6,9173524,23283,0.89,123.08
191000000000000002,192000000000000004,2024-05-02,824,268,0.325243,3,9025116,33676,0.75,86.18
191000000000000003,192000000000000005,2024-05-02,1605,465,0.28972,3,13648980,29353,0.5,42.73
191000000000000004,192000000000000006,2024-05-02,1659,566,0.341169,6,27297960,48230,0.98,52.48
191000000000000001,192000000000000001,2024-05-03,2951,611,0.207048,6,15473183,25324,0.24,30.14
191000000000000001,192000000000000002,2024-05-03,3125,854,0.27328,7,17802563,20846,0.43,46.57
191000000000000002,192000000000000003,2024-05-03,1646,441,0.267922,5,10452583,23702,1.46,118.53
191000000000000002,192000000000000004,2024-05-03,873,248,0.284078,5,8562130,34525,0.52,35.08
191000000000000003,192000000000000005,2024-05-03,1870,551,0.294652,4,14261034,25882,0.39,26.51
191000000000000004,192000000000000006,2024-05-03,3513,1047,0.298036,12,28522068,27242,1.54,109.93
191000000000000001,192000000000000001,2024-05-04,4702,1222,0.259889,7,18857578,15432,0.72,54.79
191000000000000001,192000000000000002,2024-05-04,4981,1019,0.204577,15,18927253,18574,0.63,83.33
191000000000000002,192000000000000003,2024-05-04,788,240,0.304569,3,9118112,37992,0.57,26.28
191000000000000002,192000000000000004,2024-05-04,1217,415,0.341002,5,12473220,30056,1.03,97.76
191000000000000003,192000000000000005,2024-05-04,1683,532,0.316102,5,16193499,30439,0.47,47.81
191000000000000004,192000000000000006,2024-05-04,2313,709,0.306528,9,32386997,45680,1.1,144.08
191000000000000001,192000000000000001,2024-05-05,3897,841,0.215807,9,13600985,16172,0.52,54.13
191000000000000001,192000000000000002,2024-05-05,2514,505,0.200875,6,14298870,28315,0.27,19.86
191000000000000002,192000000000000003,2024-05-05,982,282,0.287169,4,8191623,29048,0.75,54.09
191000000000000002,192000000000000004,2024-05-05,652,222,0.340491,3,7751151,34915,0.46,36.41
191000000000000003,192000000000000005,2024-05-05,1478,371,0.251015,4,11957081,32229,0.34,20.66
191000000000000004,192000000000000006,2024-05-05,1896,544,0.28692,10,23914161,43960,0.84,105.1
191000000000000001,192000000000000001,2024-05-06,3729,1118,0.299812,6,17455776,15613,0.64,88.08
191000000000000001,192000000000000002,2024-05-06,2614,597,0.228386,5,18622860,31194,0.38,29.21
191000000000000002,192000000000000003,2024-05-06,807,265,0.328377,3,10708252,40408,0.68,29.88
191000000000000002,192000000000000004,2024-05-06,1769,449,0.253816,10,9908112,22067,1.27,54.46
191000000000000003,192000000000000005,2024-05-06,2353,629,0.267318,5,15462273,24582,0.68,31.15
191000000000000004,192000000000000006,2024-05-06,2210,703,0.3181,8,30924545,43989,1.45,72.71
191000000000000001,192000000000000001,2024-05-07,2720,640,0.235294,4,20245488,31634,0.39,36.46
191000000000000001,192000000000000002,2024-05-07,2418,487,0.201406,4,16866724,34634,0.24,14.69
191000000000000002,192000000000000003,2024-05-07,1138,294,0.258348,5,10092249,34327,0.67,61.55
191000000000000002,192000000000000004,2024-05-07,944,267,0.282839,3,11114729,41628,0.65,44.39
191000000000000003,192000000000000005,2024-05-07,2400,744,0.31,7,15905234,21378,0.53,27.2
191000000000000004,192000000000000006,2024-05-07,2324,796,0.342513,9,31810468,39963,1.27,126.9
191000000000000001,192000000000000001,2024-05-08,2440,722,0.295902,4,16813141,23287,0.38,28.12
191000000000000001,192000000000000002,2024-05-08,3411,838,0.245676,5,15712570,18750,0.3,20.45
191000000000000002,192000000000000004,2024-05-08,1267,374,0.295185,6,8739741,23368,1.22,111.88
191000000000000003,192000000000000005,2024-05-08,1384,441,0.318642,5,13939590,31609,0.32,32.69
191000000000000004,192000000000000006,2024-05-08,2005,651,0.324688,9,27879181,42825,1.71,91.6
191000000000000001,192000000000000002,2024-05-09,2226,637,0.286164,4,12737817,19997,0.41,43.11
191000000000000002,192000000000000004,2024-05-09,958,242,0.25261,5,9291122,38393,0.52,63.92
191000000000000003,192000000000000005,2024-05-09,1191,360,0.302267,3,13080146,36334,0.42,20.73
191000000000000004,192000000000000006,2024-05-09,2392,686,0.286789,8,26160292,38135,1.61,149.5
191000000000000001,192000000000000001,2024-05-10,4542,1181,0.260018,9,21134019,17895,0.7,89.8
191000000000000001,192000000000000002,2024-05-10,3427,954,0.278378,9,24760510,25954,0.46,60.99
191000000000000002,192000000000000003,2024-05-10,2327,595,0.255694,13,12634247,21234,2.0,209.39
191000000000000002,192000000000000004,2024-05-10,957,325,0.339603,3,13591199,41819,0.92,78.42
191000000000000003,192000000000000005,2024-05-10,2756,765,0.277576,10,19669084,25711,0.56,54.22
191000000000000004,192000000000000006,2024-05-10,5359,1371,0.255831,28,39338168,28693,2.96,211.82
191000000000000001,192000000000000001,2024-05-11,2953,820,0.277684,7,18851091,22989,0.32,31.85
191000000000000001,192000000000000002,2024-05-11,3703,744,0.200918,4,18213895,24481,0.3,39.44
191000000000000002,192000000000000003,2024-05-11,841,289,0.343639,4,11498949,39789,0.94,128.73
191000000000000002,192000000000000004,2024-05-11,1025,308,0.300488,5,9681043,31432,0.75,66.73
191000000000000003,192000000000000005,2024-05-11,2388,582,0.243719,7,15884994,27294,0.43,55.18
191000000000000001,192000000000000001,2024-05-12,5738,1232,0.214709,9,19268803,15640,0.54,23.71
191000000000000001,192000000000000002,2024-05-12,3136,666,0.212372,8,21725007,32620,0.29,16.59
191000000000000002,192000000000000003,2024-05-12,919,266,0.289445,5,10793410,40577,0.77,36.39
191000000000000002,192000000000000004,2024-05-12,1686,487,0.288849,7,12631624,25938,1.39,165.26
191000000000000004,192000000000000006,2024-05-12,4169,1095,0.262653,19,35137551,32089,1.86,119.26
191000000000000001,192000000000000002,2024-05-13,2383,486,0.203945,4,16572766,34100,0.17,19.23
191000000000000002,192000000000000003,2024-05-13,1140,347,0.304386,5,11782986,33957,0.91,81.2
191000000000000002,192000000000000004,2024-05-13,1448,446,0.308011,8,9245696,20730,1.19,95.36
191000000000000003,192000000000000005,2024-05-13,1589,451,0.283826,3,15771511,34970,0.3,30.58
191000000000000004,192000000000000006,2024-05-13,2990,852,0.28495,13,31543023,37022,2.14,132.53
191000000000000001,192000000000000001,2024-05-14,3259,762,0.233814,4,20500194,26903,0.42,40.12
191000000000000001,192000000000000002,2024-05-14,1812,511,0.282009,4,17603093,34448,0.32,13.75
191000000000000002,192000000000000003,2024-05-14,1955,590,0.30179,11,13030046,22085,1.82,157.14
191000000000000002,192000000000000004,2024-05-14,811,267,0.329223,3,8743260,32746,0.75,93.01
191000000000000003,192000000000000005,2024-05-14,1514,471,0.311096,3,16329980,34671,0.39,25.33
191000000000000001,192000000000000001,2024-05-15,4208,1023,0.243108,12,19521947,19083,0.39,44.07
191000000000000001,192000000000000002,2024-05-15,2275,525,0.230769,6,15634479,29780,0.25,32.21
191000000000000002,192000000000000003,2024-05-15,768,255,0.332031,4,9326271,36574,0.6,55.86
191000000000000002,192000000000000004,2024-05-15,1036,342,0.330116,4,10763116,31471,0.83,85.79
191000000000000003,192000000000000005,2024-05-15,1765,534,0.30255,4,15067040,28215,0.53,63.11
191000000000000004,192000000000000006,2024-05-15,2940,803,0.273129,17,30134079,37527,1.83,74.77
191000000000000001,192000000000000001,2024-05-16,2896,738,0.254834,5,19102801,25885,0.37,47.96
191000000000000001,192000000000000002,2024-05-16,2630,781,0.296958,7,23279010,29807,0.34,31.75
191000000000000002,192000000000000003,2024-05-16,1413,447,0.316348,6,11214419,25088,1.33,147.37
191000000000000003,192000000000000005,2024-05-16,1719,539,0.313554,6,18163633,33699,0.58,33.01
191000000000000004,192000000000000006,2024-05-16,2392,792,0.331104,9,36327267,45868,1.21,69.84
191000000000000001,192000000000000001,2024-05-17,2320,566,0.243966,6,18597090,32857,0.37,26.19
191000000000000001,192000000000000002,2024-05-17,3899,1054,0.270326,10,18532177,17583,0.54,48.28
191000000000000002,192000000000000003,2024-05-17,1053,324,0.307692,4,10074578,31094,1.0,43.57
191000000000000003,192000000000000005,2024-05-17,2367,607,0.256443,5,15912543,26215,0.57,49.23
191000000000000004,192000000000000006,2024-05-17,4194,1184,0.282308,24,31825087,26879,3.23,451.57
191000000000000001,192000000000000001,2024-05-18,4161,1087,0.261235,10,17456791,16060,0.7,59.05
191000000000000001,192000000000000002,2024-05-18,2970,780,0.262626,7,18867450,24189,0.28,13.26
191000000000000002,192000000000000003,2024-05-18,661,212,0.320726,3,9309818,43914,0.52,35.81
191000000000000002,192000000000000004,2024-05-18,971,275,0.283213,5,11446891,41625,0.75,87.47
191000000000000003,192000000000000005,2024-05-18,2401,636,0.26489,8,15567532,24477,0.63,25.37
191000000000000004,192000000000000006,2024-05-18,3400,1113,0.327353,18,31135063,27974,2.49,292.03
191000000000000001,192000000000000001,2024-05-19,4654,959,0.206059,8,17575887,18327,0.58,43.11
191000000000000001,192000000000000002,2024-05-19,4240,957,0.225708,12,16631433,17379,0.4,33.39
191000000000000002,192000000000000003,2024-05-19,609,212,0.348112,3,9361228,44157,0.7,82.64
191000000000000002,192000000000000004,2024-05-19,780,248,0.317949,3,10185812,41072,0.58,81.18
191000000000000003,192000000000000005,2024-05-19,2124,488,0.229755,4,14660280,30042,0.45,55.03
191000000000000004,192000000000000006,2024-05-19,2640,687,0.260227,16,29320560,42679,1.06,103.5
191000000000000001,192000000000000001,2024-05-20,2813,695,0.247067,5,20553088,29573,0.37,35.28
191000000000000001,192000000000000002,2024-05-20,4388,1196,0.272562,6,19434602,16250,0.67,38.18
191000000000000002,192000000000000003,2024-05-20,1756,557,0.317198,7,11538509,20715,1.11,122.88
191000000000000002,192000000000000004,2024-05-20,1284,405,0.315421,4,11311600,27930,0.93,92.37
191000000000000003,192000000000000005,2024-05-20,1985,581,0.292695,4,17137581,29497,0.38,38.54
191000000000000004,192000000000000006,2024-05-20,2836,766,0.270099,12,34275162,44746,1.42,170.37
191000000000000001,192000000000000001,2024-05-21,2157,468,0.216968,3,15899079,33972,0.17,16.42
191000000000000001,192000000000000002,2024-05-21,3977,815,0.204928,5,16536334,20290,0.48,60.0
191000000000000002,192000000000000003,2024-05-21,818,274,0.334963,5,9045581,33013,0.71,89.02
191000000000000002,192000000000000004,2024-05-21,1417,398,0.280875,7,9488941,23842,0.75,65.76
191000000000000003,192000000000000005,2024-05-21,1963,534,0.272033,3,13900891,26032,0.58,63.02
191000000000000004,192000000000000006,2024-05-21,2529,841,0.332543,14,27801783,33058,1.64,83.76
191000000000000001,192000000000000001,2024-05-22,2359,678,0.28741,3,19180827,28290,0.24,13.27
191000000000000001,192000000000000002,2024-05-22,3539,995,0.281153,6,16083155,16164,0.39,22.45
191000000000000002,192000000000000004,2024-05-22,791,272,0.343869,2,9498820,34922,0.85,84.88
191000000000000003,192000000000000005,2024-05-22,3091,711,0.230023,5,15113135,21256,0.81,104.12
191000000000000004,192000000000000006,2024-05-22,3409,894,0.262247,18,30226271,33810,2.37,168.4
191000000000000001,192000000000000001,2024-05-23,2656,600,0.225904,7,17654250,29424,0.36,28.32
191000000000000001,192000000000000002,2024-05-23,1893,552,0.291601,4,16908222,30631,0.36,24.37
191000000000000002,192000000000000003,2024-05-23,1671,491,0.293836,7,10109295,20589,1.52,130.13
191000000000000002,192000000000000004,2024-05-23,750,243,0.324,4,9640689,39674,0.45,27.59
191000000000000003,192000000000000005,2024-05-23,1964,533,0.271385,6,14812488,27791,0.45,53.23
191000000000000004,192000000000000006,2024-05-23,2175,655,0.301149,10,29624976,45229,1.28,119.3
191000000000000001,192000000000000001,2024-05-24,2317,494,0.213207,2,15382180,31138,0.28,21.28
191000000000000001,192000000000000002,2024-05-24,2808,617,0.219729,7,15446132,25034,0.25,16.39
191000000000000002,192000000000000003,2024-05-24,941,276,0.293305,5,9903368,35882,0.84,34.6
191000000000000002,192000000000000004,2024-05-24,623,202,0.324238,4,7712810,38182,0.42,51.07
191000000000000003,192000000000000005,2024-05-24,2248,693,0.308274,7,13212134,19065,0.65,30.12
191000000000000004,192000000000000006,2024-05-24,1885,565,0.299735,6,26424267,46769,0.98,86.35
191000000000000001,192000000000000001,2024-05-25,3447,859,0.249202,8,22056877,25677,0.5,21.76
191000000000000001,192000000000000002,2024-05-25,3027,838,0.276842,9,19984027,23847,0.49,54.11
191000000000000002,192000000000000003,2024-05-25,944,302,0.319915,3,11549829,38244,0.86,56.84
191000000000000002,192000000000000004,2024-05-25,1102,284,0.257713,6,12473545,43921,0.56,35.02
191000000000000004,192000000000000006,2024-05-25,3393,1039,0.306219,10,36035060,34682,2.52,252.59
191000000000000001,192000000000000001,2024-05-26,3222,683,0.21198,7,16394188,24003,0.28,29.18
191000000000000001,192000000000000002,2024-05-26,3168,900,0.284091,4,18739943,20822,0.52,69.91
191000000000000002,192000000000000003,2024-05-26,828,269,0.324879,4,11250335,41823,0.54,26.24
191000000000000002,192000000000000004,2024-05-26,800,210,0.2625,5,8826312,42030,0.59,46.69
191000000000000003,192000000000000005,2024-05-26,1604,480,0.299252,4,15057485,31370,0.55,45.12
191000000000000004,192000000000000006,2024-05-26,2852,891,0.312412,13,30114969,33799,1.98,147.9
191000000000000001,192000000000000001,2024-05-27,1918,465,0.24244,5,14954374,32160,0.19,21.57
191000000000000001,192000000000000002,2024-05-27,2794,582,0.208304,3,17988747,30908,0.22,18.43
191000000000000002,192000000000000003,2024-05-27,704,239,0.339489,4,9520440,39834,0.61,73.09
191000000000000002,192000000000000004,2024-05-27,790,274,0.346835,4,9304201,33957,0.77,82.33
191000000000000003,192000000000000005,2024-05-27,1653,505,0.305505,5,14118481,27957,0.56,71.92
191000000000000004,192000000000000006,2024-05-27,3155,1013,0.321078,14,28236961,27875,2.05,248.42
191000000000000001,192000000000000001,2024-05-28,2857,579,0.20266,7,12307191,21256,0.22,21.66
191000000000000001,192000000000000002,2024-05-28,2158,542,0.251158,3,12550948,23157,0.25,11.43
191000000000000002,192000000000000003,2024-05-28,953,321,0.336831,4,7193982,22411,0.75,78.49
191000000000000002,192000000000000004,2024-05-28,457,156,0.341357,1,7010669,44940,0.37,40.23
191000000000000003,192000000000000005,2024-05-28,2594,576,0.222051,5,10653488,18496,0.45,60.69
191000000000000004,192000000000000006,2024-05-28,2014,642,0.318769,10,21306976,33188,1.54,133.8
191000000000000001,192000000000000001,2024-05-29,3031,774,0.255361,5,15937671,20591,0.47,57.09
191000000000000001,192000000000000002,2024-05-29,1841,527,0.286257,5,15937467,30242,0.3,38.19
191000000000000002,192000000000000003,2024-05-29,838,248,0.295943,5,10016457,40389,0.47,42.1
191000000000000002,192000000000000004,2024-05-29,681,235,0.345081,3,8197907,34885,0.48,49.84
191000000000000003,192000000000000005,2024-05-29,2113,634,0.300047,6,13660773,21547,0.72,61.53
191000000000000004,192000000000000006,2024-05-29,2822,835,0.295889,13,27321546,32720,1.79,101.43
191000000000000001,192000000000000001,2024-05-30,3168,791,0.249684,5,18989433,24007,0.38,17.06
191000000000000001,192000000000000002,2024-05-30,2034,546,0.268437,5,17535952,32117,0.24,14.44
191000000000000002,192000000000000003,2024-05-30,733,247,0.336971,3,10201129,41300,0.59,35.1
191000000000000002,192000000000000004,2024-05-30,760,239,0.314474,4,10670520,44647,0.47,44.46
191000000000000003,192000000000000005,2024-05-30,1983,534,0.269289,6,15653736,29314,0.52,32.22
191000000000000004,192000000000000006,2024-05-30,2827,797,0.281924,17,31307473,39282,1.55,88.37
191000000000000001,192000000000000001,2024-05-31,1940,561,0.289175,2,17480221,31159,0.34,23.62
191000000000000001,192000000000000002,2024-05-31,4452,948,0.212938,8,16153507,17040,0.6,25.1
191000000000000002,192000000000000003,2024-05-31,1047,333,0.318052,6,10332966,31030,0.78,54.24
191000000000000002,192000000000000004,2024-05-31,925,275,0.297297,4,8886307,32314,0.78,57.04
191000000000000003,192000000000000005,2024-05-31,1988,447,0.224849,6,14414455,32247,0.51,21.21
191000000000000001,192000000000000001,2024-06-01,4860,1417,0.291564,13,21840474,15413,0.9,54.14
191000000000000001,192000000000000002,2024-06-01,3389,894,0.263795,3,21783581,24366,0.32,42.7
191000000000000002,192000000000000003,2024-06-01,952,301,0.316176,5,12669778,42092,0.74,81.33
191000000000000002,192000000000000004,2024-06-01,837,282,0.336918,5,12258253,43469,0.65,53.2
191000000000000003,192000000000000005,2024-06-01,2580,758,0.293798,8,18696024,24665,0.59,24.27
191000000000000004,192000000000000006,2024-06-01,4281,1176,0.274702,22,37392047,31796,3.03,255.6
191000000000000001,192000000000000001,2024-06-02,5742,1630,0.283873,9,26346026,16163,0.72,77.84
191000000000000001,192000000000000002,2024-06-02,3816,826,0.216457,6,23049735,27905,0.33,43.06
191000000000000002,192000000000000003,2024-06-02,1519,506,0.333114,7,15445856,30525,1.06,114.96
191000000000000002,192000000000000004,2024-06-02,1109,287,0.258792,4,12780293,44531,0.72,75.76
191000000000000003,192000000000000005,2024-06-02,1921,565,0.294118,6,21169612,37468,0.45,33.68
191000000000000004,192000000000000006,2024-06-02,3124,1025,0.328105,10,42339224,41307,2.59,167.88
191000000000000001,192000000000000001,2024-06-03,3580,971,0.271229,4,19433427,20014,0.62,79.03
191000000000000002,192000000000000003,2024-06-03,897,276,0.307692,3,9879145,35794,0.57,31.86
191000000000000002,192000000000000004,2024-06-03,1171,356,0.304014,6,11197543,31454,0.76,97.64
191000000000000003,192000000000000005,2024-06-03,1476,416,0.281843,3,15807516,37999,0.34,27.01
191000000000000004,192000000000000006,2024-06-03,4246,1088,0.256241,17,31615033,29058,1.64,104.81
191000000000000001,192000000000000001,2024-06-04,4115,863,0.209721,11,14249253,16511,0.32,24.75
191000000000000001,192000000000000002,2024-06-04,3616,877,0.242533,10,15791810,18007,0.37,40.14
191000000000000002,192000000000000003,2024-06-04,700,210,0.3,3,7392317,35202,0.45,21.9
191000000000000002,192000000000000004,2024-06-04,754,245,0.324934,4,9774004,39894,0.55,39.05
191000000000000003,192000000000000005,2024-06-04,1862,488,0.262084,3,12874741,26383,0.55,26.48
191000000000000004,192000000000000006,2024-06-04,2295,718,0.312854,9,25749482,35863,1.4,93.44
191000000000000001,192000000000000001,2024-06-05,2307,556,0.241006,5,12386367,22278,0.36,31.64
191000000000000001,192000000000000002,2024-06-05,1576,433,0.274746,3,12753648,29454,0.18,10.17
191000000000000002,192000000000000003,2024-06-05,993,251,0.252769,5,6870964,27374,0.84,104.83
191000000000000002,192000000000000004,2024-06-05,972,333,0.342593,3,7494759,22507,1.1,129.29
191000000000000003,192000000000000005,2024-06-05,1653,402,0.243194,4,10774292,26802,0.47,26.03
191000000000000004,192000000000000006,2024-06-05,1596,447,0.280075,6,21548585,48207,0.94,84.49
191000000000000001,192000000000000001,2024-06-06,4369,1060,0.242618,7,19266466,18176,0.6,50.57
191000000000000001,192000000000000002,2024-06-06,4545,1155,0.254125,12,19768026,17115,0.44,52.79
191000000000000002,192000000000000003,2024-06-06,872,261,0.299312,4,11494245,44039,0.86,108.24
191000000000000002,192000000000000004,2024-06-06,1453,470,0.323469,7,10811179,23003,1.31,159.4
191000000000000003,192000000000000005,2024-06-06,1798,476,0.264739,6,16729068,35145,0.36,41.82
191000000000000004,192000000000000006,2024-06-06,3284,993,0.302375,13,33458136,33694,2.03,181.18
191000000000000001,192000000000000001,2024-06-07,2472,723,0.292476,4,16573091,22923,0.44,17.86
191000000000000001,192000000000000002,2024-06-07,3844,833,0.216701,11,12541558,15056,0.47,57.97
191000000000000002,192000000000000003,2024-06-07,631,196,0.310618,3,7293996,37214,0.6,48.75
191000000000000002,192000000000000004,2024-06-07,1023,259,0.253177,5,9342946,36073,0.62,28.47
191000000000000003,192000000000000005,2024-06-07,1651,390,0.23622,3,12477707,31994,0.29,14.5
191000000000000004,192000000000000006,2024-06-07,1877,519,0.276505,7,24955414,48084,0.87,73.36
191000000000000001,192000000000000001,2024-06-08,2460,666,0.270732,3,18580779,27899,0.32,22.77
191000000000000001,192000000000000002,2024-06-08,4232,916,0.216446,8,15376889,16787,0.36,31.15
191000000000000002,192000000000000003,2024-06-08,1439,411,0.285615,8,8256007,20088,1.28,111.39
191000000000000002,192000000000000004,2024-06-08,1451,365,0.251551,6,11148375,30543,0.82,36.6
191000000000000003,192000000000000005,2024-06-08,1540,404,0.262338,4,14553287,36023,0.44,57.34
191000000000000004,192000000000000006,2024-06-08,2617,734,0.280474,13,29106573,39655,1.4,118.73
191000000000000001,192000000000000001,2024-06-09,3532,822,0.232729,4,15543869,18910,0.38,22.05
191000000000000001,192000000000000002,2024-06-09,4736,1038,0.219172,7,18739718,18054,0.38,30.12
191000000000000002,192000000000000003,2024-06-09,997,292,0.292879,4,10560175,36165,0.81,44.12
191000000000000002,192000000000000004,2024-06-09,1528,389,0.254581,9,9030446,23215,0.94,39.03
191000000000000003,192000000000000005,2024-06-09,1695,493,0.290855,3,14692966,29803,0.46,50.57
191000000000000004,192000000000000006,2024-06-09,2626,847,0.322544,10,29385931,34694,1.81,74.21
191000000000000001,192000000000000001,2024-06-10,2998,718,0.239493,6,14443263,20116,0.38,27.83
191000000000000001,192000000000000002,2024-06-10,2107,537,0.254865,4,15085408,28092,0.33,20.87
191000000000000002,192000000000000003,2024-06-10,669,224,0.334828,2,9269415,41381,0.74,69.21
191000000000000002,192000000000000004,2024-06-10,595,188,0.315966,3,7604111,40447,0.35,46.86
191000000000000003,192000000000000005,2024-06-10,1334,378,0.283358,4,12655145,33479,0.39,21.45
191000000000000004,192000000000000006,2024-06-10,2214,592,0.267389,12,25310289,42754,1.15,160.65
191000000000000001,192000000000000001,2024-06-11,4564,1193,0.261394,9,23792804,19944,0.59,75.53
191000000000000001,192000000000000002,2024-06-11,3997,1139,0.284964,6,20626143,18109,0.49,32.99
191000000000000002,192000000000000003,2024-06-11,1073,340,0.316869,4,11516903,33873,0.92,83.72
191000000000000002,192000000000000004,2024-06-11,1299,380,0.292533,4,13865353,36488,0.82,103.7
191000000000000003,192000000000000005,2024-06-11,3444,964,0.279907,8,19036692,19748,1.09,47.86
191000000000000004,192000000000000006,2024-06-11,2716,934,0.343888,15,38073384,40764,1.87,137.95
191000000000000001,192000000000000001,2024-06-12,3614,826,0.228556,7,15502221,18768,0.48,59.5
191000000000000001,192000000000000002,2024-06-12,2873,629,0.218935,4,19812509,31498,0.22,13.71
191000000000000002,192000000000000003,2024-06-12,930,311,0.334409,3,9297306,29895,0.7,58.42
191000000000000002,192000000000000004,2024-06-12,972,322,0.331276,5,10882540,33797,1.02,142.18
191000000000000003,192000000000000005,2024-06-12,1856,416,0.224138,6,15134884,36382,0.35,27.79
191000000000000004,192000000000000006,2024-06-12,3506,905,0.258129,16,30269769,33447,2.21,227.43
191000000000000001,192000000000000001,2024-06-13,3281,707,0.215483,9,21230298,30029,0.27,15.39
191000000000000001,192000000000000002,2024-06-13,1727,499,0.28894,3,16984624,34037,0.2,27.76
191000000000000002,192000000000000003,2024-06-13,968,292,0.301653,5,10136113,34713,0.9,57.71
191000000000000002,192000000000000004,2024-06-13,1088,307,0.282169,5,11700985,38114,0.68,85.36
191000000000000003,192000000000000005,2024-06-13,1907,462,0.242265,5,16377824,35450,0.38,50.8
191000000000000004,192000000000000006,2024-06-13,2589,694,0.268057,11,32755648,47198,1.16,104.04
191000000000000001,192000000000000001,2024-06-14,3068,674,0.219687,6,13288358,19716,0.27,14.04
191000000000000001,192000000000000002,2024-06-14,2034,451,0.221731,2,13214613,29301,0.2,27.12
191000000000000002,192000000000000003,2024-06-14,957,315,0.329154,3,7783434,24709,0.67,56.24
191000000000000002,192000000000000004,2024-06-14,1152,358,0.310764,6,7361121,20562,1.12,113.49
191000000000000003,192000000000000005,2024-06-14,1790,398,0.222346,5,11358416,28539,0.43,18.46
191000000000000004,192000000000000006,2024-06-14,2153,568,0.263818,9,22716832,39994,1.5,82.62
191000000000000001,192000000000000001,2024-06-15,2163,539,0.249191,2,15461731,28686,0.23,14.54
191000000000000002,192000000000000003,2024-06-15,728,252,0.346154,3,7281740,28896,0.78,51.63
191000000000000002,192000000000000004,2024-06-15,649,209,0.322034,3,8797713,42094,0.7,40.26
191000000000000003,192000000000000005,2024-06-15,1264,374,0.295886,2,12059590,32245,0.39,34.02
191000000000000004,192000000000000006,2024-06-15,2668,757,0.283733,12,24119180,31862,1.77,229.45
191000000000000001,192000000000000001,2024-06-16,3433,815,0.237402,7,19849010,24355,0.51,22.28
191000000000000001,192000000000000002,2024-06-16,3533,916,0.25927,6,15331241,16737,0.36,27.03
191000000000000002,192000000000000004,2024-06-16,1185,311,0.262447,6,10194836,32781,1.01,53.01
191000000000000003,192000000000000005,2024-06-16,2002,473,0.236264,3,15077250,31876,0.41,54.56
191000000000000004,192000000000000006,2024-06-16,1821,617,0.338825,10,30154500,48873,1.03,43.79
191000000000000001,192000000000000002,2024-06-17,2284,564,0.246935,2,17614919,31232,0.33,45.22
191000000000000002,192000000000000003,2024-06-17,707,225,0.318246,3,7158362,31815,0.54,65.67
191000000000000002,192000000000000004,2024-06-17,1432,452,0.315642,7,9786604,21652,0.95,121.13
191000000000000003,192000000000000005,2024-06-17,2246,530,0.235975,8,12708724,23979,0.56,47.68
191000000000000004,192000000000000006,2024-06-17,2057,519,0.252309,8,25417449,48974,1.37,126.85
191000000000000001,192000000000000001,2024-06-18,2948,743,0.252035,5,17039353,22933,0.3,17.29
191000000000000001,192000000000000002,2024-06-18,2820,728,0.258156,3,14663749,20143,0.35,35.38
191000000000000002,192000000000000003,2024-06-18,1080,347,0.321296,5,10472070,30179,0.9,45.75
191000000000000002,192000000000000004,2024-06-18,575,191,0.332174,3,7643988,40021,0.44,26.2
191000000000000003,192000000000000005,2024-06-18,2290,673,0.293886,5,13587044,20189,0.51,20.55
191000000000000004,192000000000000006,2024-06-18,2684,934,0.347988,16,27174088,29094,2.54,147.29
191000000000000001,192000000000000001,2024-06-19,2947,666,0.225993,8,13034812,19572,0.4,36.13
191000000000000001,192000000000000002,2024-06-19,1383,403,0.291396,2,12379113,30717,0.19,18.59
191000000000000002,192000000000000003,2024-06-19,483,165,0.341615,1,6684368,40511,0.32,15.23
191000000000000002,192000000000000004,2024-06-19,877,281,0.32041,5,7837875,27893,0.81,38.39
191000000000000004,192000000000000006,2024-06-19,1508,447,0.296419,6,21783364,48732,0.69,57.85
191000000000000001,192000000000000001,2024-06-20,2138,636,0.297474,4,20716722,32573,0.41,51.24
191000000000000001,192000000000000002,2024-06-20,2230,604,0.270852,6,19240069,31854,0.29,30.86
191000000000000002,192000000000000003,2024-06-20,1240,332,0.267742,6,12499486,37649,0.9,86.83
191000000000000002,192000000000000004,2024-06-20,1200,312,0.26,6,10332966,33118,0.94,49.0
191000000000000003,192000000000000005,2024-06-20,1683,495,0.294118,5,17124339,34595,0.44,57.74
191000000000000004,192000000000000006,2024-06-20,3041,931,0.306149,16,34248678,36787,1.94,190.13
191000000000000001,192000000000000001,2024-06-21,2480,514,0.207258,4,14856008,28903,0.33,43.09
191000000000000001,192000000000000002,2024-06-21,1919,534,0.27827,4,16469041,30841,0.21,18.36
191000000000000002,192000000000000003,2024-06-21,1556,418,0.268638,5,9753406,23334,0.76,80.82
191000000000000002,192000000000000004,2024-06-21,741,199,0.268556,2,8146622,40938,0.58,33.49
191000000000000003,192000000000000005,2024-06-21,1535,386,0.251466,3,13425021,34780,0.26,16.5
191000000000000004,192000000000000006,2024-06-21,2206,746,0.338169,11,26850042,35992,1.36,178.37
191000000000000001,192000000000000001,2024-06-22,3219,786,0.244175,3,22075675,28086,0.33,39.87
191000000000000001,192000000000000002,2024-06-22,3071,905,0.294692,4,26234922,28989,0.54,53.18
191000000000000002,192000000000000003,2024-06-22,1833,573,0.312602,7,14684836,25628,1.72,151.51
191000000000000002,192000000000000004,2024-06-22,1492,465,0.311662,8,12921220,27788,1.16,157.32
191000000000000003,192000000000000005,2024-06-22,2350,549,0.233617,7,20704542,37713,0.49,47.44
191000000000000004,192000000000000006,2024-06-22,2961,880,0.297197,12,41409084,47056,1.8,146.84
191000000000000001,192000000000000001,2024-06-23,1493,427,0.286001,2,13804220,32328,0.16,20.63
191000000000000001,192000000000000002,2024-06-23,1695,465,0.274336,5,14472397,31123,0.28,38.42
191000000000000002,192000000000000003,2024-06-23,678,211,0.311209,3,8808625,41747,0.53,72.03
191000000000000002,192000000000000004,2024-06-23,617,203,0.329011,3,7349441,36204,0.64,46.87
191000000000000003,192000000000000005,2024-06-23,1188,375,0.315657,2,12118550,32316,0.36,21.62
191000000000000004,192000000000000006,2024-06-23,1975,677,0.342785,7,24237100,35801,1.56,171.89
191000000000000001,192000000000000001,2024-06-24,2459,613,0.249288,7,17502662,28552,0.35,18.15
191000000000000001,192000000000000002,2024-06-24,2751,657,0.238822,4,21507879,32736,0.3,12.49
191000000000000002,192000000000000003,2024-06-24,1504,489,0.325133,6,9926494,20300,1.45,199.21
191000000000000002,192000000000000004,2024-06-24,1634,459,0.280906,8,12365244,26940,0.95,93.99
191000000000000003,192000000000000005,2024-06-24,2686,721,0.268429,6,16718803,23188,0.68,75.3
191000000000000004,192000000000000006,2024-06-24,3018,825,0.27336,11,33437606,40530,1.72,163.27
191000000000000001,192000000000000001,2024-06-25,4037,927,0.229626,5,18489931,19946,0.54,65.36
191000000000000001,192000000000000002,2024-06-25,2587,559,0.21608,5,15942172,28519,0.3,33.27
191000000000000002,192000000000000003,2024-06-25,741,208,0.280702,3,9039359,43458,0.53,63.27
191000000000000002,192000000000000004,2024-06-25,1267,416,0.328335,7,10636129,25568,1.02,57.77
191000000000000003,192000000000000005,2024-06-25,2368,540,0.228041,6,14756616,27327,0.63,82.56
191000000000000004,192000000000000006,2024-06-25,1867,623,0.33369,9,29513231,47373,1.12,134.85
191000000000000001,192000000000000001,2024-06-26,1883,450,0.23898,3,14647756,32551,0.21,13.98
191000000000000001,192000000000000002,2024-06-26,4520,914,0.202212,5,16911481,18503,0.57,35.34
191000000000000002,192000000000000003,2024-06-26,868,248,0.285714,4,7921976,31943,0.81,47.34
191000000000000002,192000000000000004,2024-06-26,817,227,0.277846,3,10111874,44546,0.51,44.02
191000000000000003,192000000000000005,2024-06-26,1400,372,0.265714,4,13525387,36359,0.25,25.97
191000000000000004,192000000000000006,2024-06-26,1826,551,0.301752,9,27050775,49094,1.16,94.58
191000000000000001,192000000000000001,2024-06-27,2560,647,0.252734,4,17951244,27745,0.35,42.17
191000000000000001,192000000000000002,2024-06-27,3256,712,0.218673,6,15041901,21126,0.27,15.44
191000000000000002,192000000000000003,2024-06-27,1514,470,0.310436,8,10238986,21785,1.33,167.08
191000000000000002,192000000000000004,2024-06-27,1101,303,0.275204,5,8614241,28430,0.87,80.82
191000000000000003,192000000000000005,2024-06-27,1852,488,0.263499,5,14139920,28975,0.44,54.51
191000000000000004,192000000000000006,2024-06-27,2105,609,0.289311,9,28279839,46437,1.59,138.99
191000000000000001,192000000000000001,2024-06-28,3824,805,0.210513,9,20537785,25513,0.49,56.55
191000000000000001,192000000000000002,2024-06-28,4400,1213,0.275682,11,20641137,17017,0.75,58.66
191000000000000002,192000000000000003,2024-06-28,1249,387,0.309848,5,11883320,30706,1.21,162.5
191000000000000002,192000000000000004,2024-06-28,768,263,0.342448,3,11647493,44287,0.81,67.1
191000000000000003,192000000000000005,2024-06-28,1558,466,0.299101,3,17648110,37871,0.32,28.62
191000000000000004,192000000000000006,2024-06-28,3313,1087,0.328101,15,35296219,32471,2.12,255.04
191000000000000001,192000000000000001,2024-06-29,3127,722,0.230892,8,17651210,24448,0.47,31.69
191000000000000001,192000000000000002,2024-06-29,2207,641,0.29044,2,21137717,32976,0.4,34.15
191000000000000002,192000000000000003,2024-06-29,1473,372,0.252546,8,11320547,30432,1.04,69.55
191000000000000002,192000000000000004,2024-06-29,1622,511,0.315043,9,10844555,21222,1.27,99.96
191000000000000003,192000000000000005,2024-06-29,1887,581,0.307896,6,16623826,28612,0.37,30.55
191000000000000004,192000000000000006,2024-06-29,3683,1012,0.274776,19,33247652,32853,1.53,90.75
191000000000000001,192000000000000001,2024-06-30,2281,675,0.295923,3,12568766,18620,0.34,46.61
191000000000000001,192000000000000002,2024-06-30,1730,492,0.284393,5,14678019,29833,0.29,21.19
191000000000000002,192000000000000003,2024-06-30,878,233,0.265376,5,7358083,31580,0.74,101.18
191000000000000002,192000000000000004,2024-06-30,819,219,0.267399,3,8211509,37495,0.72,63.0
191000000000000003,192000000000000005,2024-06-30,1166,351,0.301029,3,11677194,33268,0.4,28.39
191000000000000004,192000000000000006,2024-06-30,2066,612,0.296225,12,23354387,38161,1.17,64.97
191000000000000001,192000000000000001,2024-07-01,2956,813,0.275034,4,14004756,17226,0.45,50.08
191000000000000001,192000000000000002,2024-07-01,1584,454,0.286616,2,15711607,34607,0.28,17.34
191000000000000002,192000000000000003,2024-07-01,681,190,0.279001,2,7374175,38811,0.62,59.25
191000000000000002,192000000000000004,2024-07-01,937,250,0.266809,5,9606604,38426,0.84,69.36
191000000000000003,192000000000000005,2024-07-01,2269,621,0.273689,4,12735584,20508,0.6,77.0
191000000000000004,192000000000000006,2024-07-01,2020,668,0.330693,11,25471169,38130,1.78,154.42
191000000000000001,192000000000000001,2024-07-02,1994,593,0.297392,2,17215238,29031,0.26,33.96
191000000000000001,192000000000000002,2024-07-02,4108,1216,0.296008,9,20163000,16581,0.68,82.0
191000000000000002,192000000000000003,2024-07-02,1083,309,0.285319,4,11638657,37666,0.65,87.55
191000000000000002,192000000000000004,2024-07-02,848,241,0.284198,4,9720336,40333,0.49,28.98
191000000000000003,192000000000000005,2024-07-02,1639,461,0.281269,5,16019245,34749,0.4,39.5
191000000000000004,192000000000000006,2024-07-02,2891,791,0.273608,16,32038490,40504,1.61,204.5
191000000000000001,192000000000000001,2024-07-03,3107,870,0.280013,6,19396732,22295,0.35,47.38
191000000000000001,192000000000000002,2024-07-03,2656,792,0.298193,3,20099201,25378,0.32,40.7
191000000000000002,192000000000000003,2024-07-03,1623,562,0.346272,7,13179983,23452,1.08,101.27
191000000000000002,192000000000000004,2024-07-03,1164,304,0.261168,4,9389121,30885,0.7,93.3
191000000000000003,192000000000000005,2024-07-03,2662,649,0.243802,9,16926828,26081,0.57,46.12
191000000000000004,192000000000000006,2024-07-03,3091,919,0.297315,14,33853657,36837,1.38,179.34
191000000000000001,192000000000000001,2024-07-04,3757,937,0.249401,9,18867417,20136,0.36,32.36
191000000000000001,192000000000000002,2024-07-04,3216,774,0.240672,4,20399537,26356,0.43,51.0
191000000000000002,192000000000000003,2024-07-04,683,226,0.330893,3,10023528,44352,0.42,27.78
191000000000000002,192000000000000004,2024-07-04,1192,312,0.261745,7,12414731,39791,1.03,91.15
191000000000000003,192000000000000005,2024-07-04,2692,764,0.283804,8,16828695,22027,0.72,48.03
191000000000000004,192000000000000006,2024-07-04,2874,767,0.266875,9,33657389,43882,1.89,123.29
191000000000000001,192000000000000001,2024-07-05,2241,591,0.263722,4,19095282,32310,0.21,9.44
191000000000000001,192000000000000002,2024-07-05,2660,589,0.221429,6,19248879,32681,0.26,14.35
191000000000000002,192000000000000003,2024-07-05,1663,540,0.324714,6,11466241,21234,1.35,153.5
191000000000000002,192000000000000004,2024-07-05,849,264,0.310954,5,10444708,39563,0.63,73.67
191000000000000004,192000000000000006,2024-07-05,3759,1046,0.278265,22,32866424,31421,2.12,127.11
191000000000000001,192000000000000001,2024-07-06,2542,552,0.217152,4,13369209,24220,0.2,12.94
191000000000000001,192000000000000002,2024-07-06,2609,733,0.280951,4,13717929,18715,0.4,23.38
191000000000000002,192000000000000003,2024-07-06,804,250,0.310945,4,8859959,35440,0.83,113.66
191000000000000002,192000000000000004,2024-07-06,540,183,0.338889,3,6618405,36166,0.5,56.64
191000000000000003,192000000000000005,2024-07-06,1471,446,0.303195,4,11608773,26029,0.52,51.3
191000000000000004,192000000000000006,2024-07-06,2083,701,0.336534,7,23217546,33121,1.49,114.92
191000000000000001,192000000000000001,2024-07-07,3310,706,0.213293,6,15595396,22090,0.29,16.68
191000000000000001,192000000000000002,2024-07-07,2232,655,0.293459,4,17488735,26700,0.3,21.88
191000000000000002,192000000000000003,2024-07-07,1030,336,0.326214,3,8772000,26107,0.82,84.83
191000000000000002,192000000000000004,2024-07-07,976,283,0.289959,4,10133217,35806,0.6,51.23
191000000000000003,192000000000000005,2024-07-07,2148,523,0.243482,5,14178913,27111,0.5,29.58
191000000000000004,192000000000000006,2024-07-07,2042,674,0.330069,11,28357827,42074,1.01,63.58
191000000000000001,192000000000000001,2024-07-08,3005,872,0.290183,7,14397762,16511,0.57,54.42
191000000000000001,192000000000000002,2024-07-08,1376,411,0.298692,2,13169410,32042,0.15,11.04
191000000000000002,192000000000000003,2024-07-08,1062,277,0.260829,3,7516497,27135,0.76,100.55
191000000000000002,192000000000000004,2024-07-08,1016,307,0.302165,4,8236173,26828,0.6,31.25
191000000000000003,192000000000000005,2024-07-08,1330,421,0.316541,5,11814502,28063,0.3,28.82
191000000000000004,192000000000000006,2024-07-08,2903,925,0.318636,17,23629005,25545,1.72,144.43
191000000000000001,192000000000000001,2024-07-09,2020,553,0.273762,5,18384220,33245,0.26,13.52
191000000000000001,192000000000000002,2024-07-09,2837,571,0.201269,7,14978457,26232,0.28,14.81
191000000000000002,192000000000000003,2024-07-09,1022,349,0.341487,4,9781324,28027,0.93,42.92
191000000000000002,192000000000000004,2024-07-09,1220,400,0.327869,5,9283063,23208,0.84,82.25
191000000000000003,192000000000000005,2024-07-09,1280,383,0.299219,3,14298290,37332,0.29,35.88
191000000000000004,192000000000000006,2024-07-09,2840,945,0.332746,12,28596580,30261,2.3,239.83
191000000000000001,192000000000000001,2024-07-10,1474,439,0.297829,3,13989265,31866,0.21,22.67
191000000000000001,192000000000000002,2024-07-10,3951,947,0.239686,5,17552432,18535,0.49,33.49
191000000000000002,192000000000000004,2024-07-10,1041,262,0.251681,3,9274029,35397,0.49,22.57
191000000000000003,192000000000000005,2024-07-10,2097,484,0.230806,4,13517870,27929,0.31,16.1
191000000000000004,192000000000000006,2024-07-10,3492,1017,0.291237,11,27035740,26584,2.0,193.13
191000000000000001,192000000000000001,2024-07-11,3598,898,0.249583,9,14701297,16371,0.37,30.22
191000000000000001,192000000000000002,2024-07-11,3043,851,0.279658,8,16282193,19133,0.49,61.3
191000000000000002,192000000000000003,2024-07-11,1211,334,0.275805,6,9377997,28078,0.9,87.36
191000000000000002,192000000000000004,2024-07-11,864,231,0.267361,5,8326855,36047,0.75,33.79
191000000000000003,192000000000000005,2024-07-11,1241,358,0.288477,4,13278638,37091,0.28,20.72
191000000000000004,192000000000000006,2024-07-11,2621,861,0.328501,12,26557277,30845,1.61,109.81
191000000000000001,192000000000000001,2024-07-12,2590,544,0.210039,6,15283270,28094,0.2,15.31
191000000000000001,192000000000000002,2024-07-12,2749,663,0.241179,7,19370128,29216,0.25,30.53
191000000000000002,192000000000000003,2024-07-12,903,279,0.30897,4,9029404,32363,0.58,50.41
191000000000000002,192000000000000004,2024-07-12,958,279,0.291232,5,10772538,38611,0.77,72.62
191000000000000003,192000000000000005,2024-07-12,1834,491,0.267721,4,14851456,30247,0.51,45.79
191000000000000004,192000000000000006,2024-07-12,3543,1051,0.296641,13,29702913,28262,2.7,259.24
191000000000000001,192000000000000001,2024-07-13,2072,605,0.291988,6,16598116,27435,0.24,12.31
191000000000000001,192000000000000002,2024-07-13,2932,689,0.234993,8,17013068,24692,0.27,26.4
191000000000000002,192000000000000003,2024-07-13,1359,472,0.347314,6,10004831,21197,1.56,156.51
191000000000000002,192000000000000004,2024-07-13,851,267,0.313749,4,9201560,34463,0.77,86.9
191000000000000003,192000000000000005,2024-07-13,2055,506,0.246229,7,14404793,28468,0.41,35.92
191000000000000004,192000000000000006,2024-07-13,2044,601,0.294031,10,28809586,47936,0.9,98.27
191000000000000001,192000000000000001,2024-07-14,1633,481,0.29455,3,15511942,32249,0.18,20.93
191000000000000001,192000000000000002,2024-07-14,5292,1139,0.215231,6,20521399,18017,0.56,33.72
191000000000000002,192000000000000003,2024-07-14,929,249,0.26803,5,8658268,34772,0.83,97.88
191000000000000002,192000000000000004,2024-07-14,1216,408,0.335526,6,11932213,29246,0.98,52.28
191000000000000003,192000000000000005,2024-07-14,2735,603,0.220475,5,15442861,25610,0.54,68.18
191000000000000004,192000000000000006,2024-07-14,2659,753,0.283189,8,30885722,41017,1.48,108.62
191000000000000001,192000000000000001,2024-07-15,1201,353,0.293922,3,11870721,33628,0.2,12.22
191000000000000001,192000000000000002,2024-07-15,2652,583,0.219834,5,11612227,19918,0.33,13.36
191000000000000002,192000000000000003,2024-07-15,965,294,0.304663,4,6537489,22236,0.79,96.43
191000000000000002,192000000000000004,2024-07-15,681,228,0.334802,3,6881338,30181,0.49,49.84
191000000000000003,192000000000000005,2024-07-15,1583,368,0.23247,4,10064121,27348,0.31,28.23
191000000000000004,192000000000000006,2024-07-15,1723,482,0.279745,6,20128241,41760,1.22,63.55
191000000000000001,192000000000000001,2024-07-16,3226,734,0.227526,4,15274709,20810,0.37,42.69
191000000000000001,192000000000000002,2024-07-16,3161,781,0.247074,9,15139201,19384,0.32,24.58
191000000000000002,192000000000000003,2024-07-16,826,226,0.273608,5,8800964,38942,0.64,34.77
191000000000000002,192000000000000004,2024-07-16,697,233,0.33429,4,8578413,36817,0.56,45.19
191000000000000003,192000000000000005,2024-07-16,1656,519,0.313406,3,13034533,25115,0.49,68.52
191000000000000004,192000000000000006,2024-07-16,1591,544,0.341923,6,26069066,47921,1.03,96.58
191000000000000001,192000000000000001,2024-07-17,4763,955,0.200504,8,20554465,21523,0.47,42.5
191000000000000001,192000000000000002,2024-07-17,3067,770,0.25106,7,21831419,28352,0.35,48.98
191000000000000002,192000000000000003,2024-07-17,902,266,0.2949,3,10411540,39141,0.55,30.74
191000000000000002,192000000000000004,2024-07-17,1624,424,0.261084,5,13808965,32568,1.1,68.94
191000000000000003,192000000000000005,2024-07-17,1537,479,0.311646,5,18165379,37924,0.36,36.96
191000000000000004,192000000000000006,2024-07-17,3319,892,0.268756,14,36330758,40730,1.85,90.65
191000000000000001,192000000000000001,2024-07-18,1964,500,0.254582,5,13377615,26755,0.28,16.88
191000000000000001,192000000000000002,2024-07-18,2017,463,0.229549,3,15558615,33604,0.18,13.17
191000000000000002,192000000000000003,2024-07-18,1111,289,0.260126,7,7445568,25763,0.66,27.51
191000000000000002,192000000000000004,2024-07-18,1108,387,0.349278,4,9089420,23487,1.06,81.69
191000000000000003,192000000000000005,2024-07-18,1276,354,0.277429,2,12401241,35032,0.27,11.57
191000000000000004,192000000000000006,2024-07-18,2912,975,0.334821,17,24802483,25438,1.92,156.87
191000000000000001,192000000000000001,2024-07-19,1741,417,0.239518,3,14101783,33817,0.16,10.29
191000000000000001,192000000000000002,2024-07-19,3956,839,0.212083,10,16360332,19500,0.54,69.34
191000000000000002,192000000000000003,2024-07-19,1443,372,0.257796,5,8177859,21983,0.78,72.88
191000000000000002,192000000000000004,2024-07-19,763,262,0.343381,3,9229064,35225,0.52,47.98
191000000000000003,192000000000000005,2024-07-19,2047,455,0.222277,5,13055192,28693,0.3,25.36
191000000000000004,192000000000000006,2024-07-19,3020,975,0.322848,13,26110384,26780,2.02,111.19
191000000000000001,192000000000000001,2024-07-20,2069,574,0.277429,5,16127905,28097,0.3,13.04
191000000000000001,192000000000000002,2024-07-20,3427,936,0.273125,6,16364814,17484,0.45,37.96
191000000000000002,192000000000000003,2024-07-20,1047,364,0.34766,3,8838661,24282,0.8,47.52
191000000000000002,192000000000000004,2024-07-20,1303,350,0.268611,6,9728608,27796,0.8,43.22
191000000000000003,192000000000000005,2024-07-20,1789,531,0.296814,6,13925451,26225,0.35,48.18
191000000000000004,192000000000000006,2024-07-20,2160,693,0.320833,7,27850902,40189,1.51,179.77
191000000000000001,192000000000000001,2024-07-21,1956,507,0.259202,2,13448095,26525,0.23,19.54
191000000000000001,192000000000000002,2024-07-21,2254,629,0.279059,5,13824232,21978,0.35,35.09
191000000000000002,192000000000000003,2024-07-21,587,168,0.286201,3,6619370,39401,0.55,74.64
191000000000000002,192000000000000004,2024-07-21,1136,362,0.318662,6,8964817,24765,1.03,129.58
191000000000000003,192000000000000005,2024-07-21,2035,549,0.269779,5,11688140,21290,0.52,66.59
191000000000000004,192000000000000006,2024-07-21,1609,473,0.293971,6,23376280,49421,0.93,47.05
191000000000000001,192000000000000001,2024-07-22,1591,461,0.289755,2,15798554,34270,0.21,26.34
191000000000000001,192000000000000002,2024-07-22,2130,529,0.248357,2,13908657,26292,0.21,23.98
191000000000000002,192000000000000003,2024-07-22,1153,350,0.303556,5,8784282,25098,1.08,61.48
191000000000000002,192000000000000004,2024-07-22,754,243,0.322281,3,8191267,33709,0.79,62.13
191000000000000003,192000000000000005,2024-07-22,2165,601,0.277598,4,12731662,21184,0.57,37.09
191000000000000004,192000000000000006,2024-07-22,2487,731,0.293928,15,25463324,34834,1.1,122.81
191000000000000001,192000000000000001,2024-07-23,3507,815,0.232392,5,18065846,22167,0.45,26.27
191000000000000001,192000000000000002,2024-07-23,2551,536,0.210114,5,16255313,30327,0.3,19.36
191000000000000002,192000000000000003,2024-07-23,930,294,0.316129,4,10356313,35226,0.87,57.98
191000000000000002,192000000000000004,2024-07-23,798,233,0.29198,3,9255778,39724,0.5,69.65
191000000000000003,192000000000000005,2024-07-23,1655,435,0.26284,3,14709068,33814,0.46,34.76
191000000000000004,192000000000000006,2024-07-23,3793,974,0.256789,21,29418137,30203,2.35,210.23
191000000000000001,192000000000000001,2024-07-24,1989,577,0.290096,3,13604471,23578,0.36,35.52
191000000000000001,192000000000000002,2024-07-24,2073,577,0.278341,5,13210062,22894,0.3,34.39
191000000000000002,192000000000000003,2024-07-24,491,171,0.348269,2,7620773,44566,0.49,23.62
191000000000000002,192000000000000004,2024-07-24,600,190,0.316667,2,7701817,40536,0.38,50.56
191000000000000003,192000000000000005,2024-07-24,1787,449,0.251259,4,11491943,25595,0.44,24.0
191000000000000004,192000000000000006,2024-07-24,2119,632,0.298254,9,22983885,36367,1.37,56.35
191000000000000001,192000000000000001,2024-07-25,1623,412,0.253851,4,12472141,30272,0.16,8.0
191000000000000001,192000000000000002,2024-07-25,1734,403,0.232411,4,11532204,28616,0.14,12.88
191000000000000002,192000000000000003,2024-07-25,808,234,0.289604,4,6121397,26160,0.53,25.59
191000000000000002,192000000000000004,2024-07-25,1094,336,0.30713,5,7595372,22605,0.89,93.44
191000000000000003,192000000000000005,2024-07-25,2010,472,0.234826,6,10287577,21796,0.37,29.5
191000000000000004,192000000000000006,2024-07-25,1432,464,0.324022,6,20575153,44343,0.85,93.69
191000000000000001,192000000000000001,2024-07-26,1809,449,0.248203,4,15475851,34467,0.25,28.61
191000000000000001,192000000000000002,2024-07-26,1650,476,0.288485,2,11465851,24088,0.3,40.39
191000000000000002,192000000000000003,2024-07-26,955,255,0.267016,5,6896329,27044,0.57,73.68
191000000000000002,192000000000000004,2024-07-26,921,234,0.254072,5,8498930,36320,0.74,44.42
191000000000000003,192000000000000005,2024-07-26,1103,319,0.289211,2,11546444,36196,0.22,20.76
191000000000000004,192000000000000006,2024-07-26,2403,823,0.342489,10,23092887,28059,1.46,193.61
191000000000000001,192000000000000001,2024-07-27,2068,419,0.202611,3,14046806,33525,0.22,28.88
191000000000000001,192000000000000002,2024-07-27,3206,854,0.266376,4,20084739,23518,0.48,34.43
191000000000000002,192000000000000003,2024-07-27,1341,416,0.310216,7,10404803,25012,0.88,58.09
191000000000000002,192000000000000004,2024-07-27,1069,333,0.311506,4,9098937,27324,0.61,65.92
191000000000000003,192000000000000005,2024-07-27,2131,648,0.304083,6,14627805,22574,0.75,62.11
191000000000000004,192000000000000006,2024-07-27,3653,1043,0.285519,22,29255610,28049,1.88,156.0
191000000000000001,192000000000000001,2024-07-28,2847,609,0.213909,7,11668731,19160,0.38,40.32
191000000000000001,192000000000000002,2024-07-28,4226,864,0.204449,11,15205351,17599,0.47,55.96
191000000000000002,192000000000000003,2024-07-28,601,155,0.257903,4,6701189,43233,0.29,29.71
191000000000000002,192000000000000004,2024-07-28,796,263,0.330402,3,8655429,32910,0.87,113.39
191000000000000003,192000000000000005,2024-07-28,1086,315,0.290055,2,11517464,36563,0.32,38.52
191000000000000004,192000000000000006,2024-07-28,1963,618,0.314824,11,23034927,37273,1.25,125.4
191000000000000001,192000000000000001,2024-07-29,3235,937,0.289645,10,19916971,21256,0.34,19.64
191000000000000001,192000000000000002,2024-07-29,2513,605,0.240748,5,21074123,34833,0.22,23.29
191000000000000002,192000000000000003,2024-07-29,1142,318,0.278459,5,12888503,40530,0.62,42.6
191000000000000002,192000000000000004,2024-07-29,1036,281,0.271236,4,10534980,37491,0.84,42.02
191000000000000003,192000000000000005,2024-07-29,3899,955,0.244935,8,17567612,18395,0.95,97.31
191000000000000004,192000000000000006,2024-07-29,4615,1262,0.273456,15,35135224,27841,2.41,115.23
191000000000000001,192000000000000001,2024-07-30,2179,467,0.214318,5,15906160,34060,0.2,14.53
191000000000000001,192000000000000002,2024-07-30,1164,342,0.293814,1,11689172,34179,0.19,11.88
191000000000000002,192000000000000003,2024-07-30,667,208,0.311844,3,7733688,37181,0.43,25.35
191000000000000002,192000000000000004,2024-07-30,664,186,0.28012,3,8035072,43199,0.39,18.3
191000000000000003,192000000000000005,2024-07-30,1506,397,0.263612,5,11826571,29790,0.44,51.09
191000000000000004,192000000000000006,2024-07-30,1759,474,0.269471,8,23653141,49901,0.74,34.2
191000000000000001,192000000000000001,2024-07-31,2595,777,0.299422,6,12566802,16173,0.32,27.36
191000000000000001,192000000000000002,2024-07-31,2349,478,0.203491,6,15664360,32771,0.23,13.07
191000000000000002,192000000000000003,2024-07-31,706,207,0.293201,4,8085644,39061,0.6,31.5
191000000000000002,192000000000000004,2024-07-31,835,285,0.341317,3,8046448,28233,0.58,32.63
191000000000000003,192000000000000005,2024-07-31,1487,372,0.250168,4,12099070,32524,0.39,47.25
191000000000000004,192000000000000006,2024-07-31,1563,543,0.347409,6,24198139,44564,0.89,44.96
191000000000000001,192000000000000001,2024-08-01,3348,674,0.201314,6,16748981,24850,0.35,26.46
191000000000000001,192000000000000002,2024-08-01,2841,786,0.276663,4,16880729,21477,0.33,44.29
191000000000000002,192000000000000003,2024-08-01,1027,292,0.284323,4,10429648,35718,0.79,64.39
191000000000000002,192000000000000004,2024-08-01,947,311,0.328405,3,8787329,28255,0.9,66.77
191000000000000003,192000000000000005,2024-08-01,2629,733,0.278813,5,14412733,19663,0.61,65.61
191000000000000004,192000000000000006,2024-08-01,2432,736,0.302632,10,28825465,39165,1.62,150.05
191000000000000001,192000000000000001,2024-08-02,3391,866,0.255382,6,20406506,23564,0.43,19.06
191000000000000001,192000000000000002,2024-08-02,3616,951,0.262998,9,19136053,20122,0.48,39.4
191000000000000002,192000000000000003,2024-08-02,1031,321,0.311348,4,11241026,35019,1.01,96.46
191000000000000002,192000000000000004,2024-08-02,944,282,0.298729,4,11354722,40265,0.57,72.7
191000000000000003,192000000000000005,2024-08-02,1985,447,0.225189,7,16946811,37912,0.42,51.65
191000000000000004,192000000000000006,2024-08-02,3609,1104,0.305902,19,33893623,30701,1.74,240.55
191000000000000001,192000000000000001,2024-08-03,3415,891,0.260908,6,16747471,18796,0.31,13.98
191000000000000001,192000000000000002,2024-08-03,3422,690,0.201636,7,17636312,25560,0.32,14.14
191000000000000002,192000000000000003,2024-08-03,1458,452,0.310014,4,10991005,24316,1.44,198.61
191000000000000002,192000000000000004,2024-08-03,793,269,0.339218,3,8656872,32182,0.52,25.12
191000000000000003,192000000000000005,2024-08-03,2446,741,0.302944,5,14735907,19887,0.67,49.14
191000000000000004,192000000000000006,2024-08-03,2012,597,0.29672,11,29471814,49367,1.18,116.65
191000000000000001,192000000000000001,2024-08-04,4131,1106,0.267732,11,17592593,15907,0.48,37.22
191000000000000001,192000000000000002,2024-08-04,3035,886,0.291928,3,17198878,19412,0.39,28.4
191000000000000002,192000000000000003,2024-08-04,800,218,0.2725,5,8981606,41200,0.56,78.32
191000000000000002,192000000000000004,2024-08-04,909,305,0.335534,4,10899234,35735,0.69,66.8
191000000000000003,192000000000000005,2024-08-04,1423,410,0.288124,3,14910630,36367,0.43,41.27
191000000000000004,192000000000000006,2024-08-04,3142,788,0.250796,12,29821260,37844,2.06,102.81
191000000000000001,192000000000000001,2024-08-05,1921,575,0.299323,6,17286539,30064,0.37,48.75
191000000000000001,192000000000000002,2024-08-05,2461,562,0.228362,5,14496942,25795,0.34,46.88
191000000000000002,192000000000000003,2024-08-05,1005,298,0.296517,4,9608068,32242,0.65,83.03
191000000000000002,192000000000000004,2024-08-05,942,313,0.332272,3,8553921,27329,0.91,119.01
191000000000000003,192000000000000005,2024-08-05,2420,740,0.305785,8,13621492,18407,0.61,66.96
191000000000000004,192000000000000006,2024-08-05,1988,553,0.278169,12,27242983,49264,1.08,105.39
191000000000000001,192000000000000001,2024-08-06,2886,760,0.26334,8,16661004,21922,0.46,62.74
191000000000000001,192000000000000002,2024-08-06,2127,457,0.214857,4,14407554,31526,0.23,12.99
191000000000000002,192000000000000003,2024-08-06,1001,314,0.313686,4,8805358,28043,0.9,40.47
191000000000000002,192000000000000004,2024-08-06,677,215,0.317578,3,8948104,41619,0.56,45.61
191000000000000004,192000000000000006,2024-08-06,2064,533,0.258236,8,26630192,49963,0.92,42.95
191000000000000001,192000000000000001,2024-08-07,2483,632,0.254531,3,12056841,19077,0.3,40.7
191000000000000001,192000000000000002,2024-08-07,1397,403,0.288475,3,9297315,23070,0.22,25.6
191000000000000002,192000000000000003,2024-08-07,451,149,0.330377,2,6286924,42194,0.36,19.28
191000000000000002,192000000000000004,2024-08-07,448,144,0.321429,2,5915451,41080,0.3,28.4
191000000000000004,192000000000000006,2024-08-07,2306,713,0.309193,10,18303562,25671,1.56,211.93
191000000000000001,192000000000000001,2024-08-08,2683,668,0.248975,7,14914788,22328,0.36,39.75
191000000000000001,192000000000000002,2024-08-08,2397,659,0.274927,5,17176850,26065,0.24,22.79
191000000000000002,192000000000000003,2024-08-08,816,232,0.284314,3,9478929,40857,0.58,64.48
191000000000000002,192000000000000004,2024-08-08,815,269,0.330061,4,8859150,32934,0.87,110.92
191000000000000003,192000000000000005,2024-08-08,2151,631,0.293352,4,13753559,21796,0.45,58.7
191000000000000004,192000000000000006,2024-08-08,1881,616,0.327485,9,27507118,44654,1.22,72.37
191000000000000001,192000000000000001,2024-08-09,3032,666,0.219657,6,16550732,24851,0.31,20.12
191000000000000001,192000000000000002,2024-08-09,2505,740,0.295409,6,12900722,17433,0.44,41.13
191000000000000002,192000000000000003,2024-08-09,943,299,0.317073,5,7931619,26527,0.66,58.81
191000000000000002,192000000000000004,2024-08-09,1148,295,0.256969,6,8897784,30162,0.58,27.62
191000000000000003,192000000000000005,2024-08-09,1496,392,0.262032,4,12622052,32199,0.45,30.5
191000000000000004,192000000000000006,2024-08-09,3214,830,0.258245,12,25244104,30415,1.56,200.95
191000000000000001,192000000000000001,2024-08-10,3089,857,0.277436,5,16689397,19474,0.55,60.7
191000000000000001,192000000000000002,2024-08-10,3447,857,0.248622,5,14221438,16594,0.54,55.63
191000000000000002,192000000000000003,2024-08-10,657,202,0.307458,4,9070501,44903,0.48,26.98
191000000000000002,192000000000000004,2024-08-10,1213,402,0.33141,6,8592834,21375,1.15,66.99
191000000000000003,192000000000000005,2024-08-10,2055,638,0.310462,6,13247501,20764,0.46,54.63
191000000000000004,192000000000000006,2024-08-10,3707,1008,0.271918,14,26495002,26285,2.34,110.12
191000000000000001,192000000000000001,2024-08-11,3213,893,0.277933,7,15674944,17553,0.42,50.2
191000000000000001,192000000000000002,2024-08-11,2090,610,0.291866,6,14935509,24484,0.37,50.81
191000000000000002,192000000000000003,2024-08-11,1034,284,0.274662,6,9168736,32284,0.7,28.54
191000000000000002,192000000000000004,2024-08-11,726,196,0.269972,4,8322951,42464,0.44,43.49
191000000000000003,192000000000000005,2024-08-11,1500,357,0.238,2,13118766,36747,0.37,20.75
191000000000000004,192000000000000006,2024-08-11,3003,779,0.259407,18,26237531,33681,1.96,192.34
191000000000000001,192000000000000001,2024-08-12,2855,685,0.23993,5,10891162,15900,0.44,24.44
191000000000000001,192000000000000002,2024-08-12,3240,649,0.200309,8,13369586,20600,0.25,19.8
191000000000000002,192000000000000003,2024-08-12,1098,322,0.29326,4,6745403,20948,1.08,126.65
191000000000000002,192000000000000004,2024-08-12,620,183,0.295161,2,7117882,38896,0.47,52.86
191000000000000003,192000000000000005,2024-08-12,1765,501,0.283853,6,10397464,20753,0.41,40.55
191000000000000004,192000000000000006,2024-08-12,1767,487,0.275608,8,20794927,42700,1.07,59.73
191000000000000001,192000000000000001,2024-08-13,2419,714,0.295163,6,14248139,19955,0.34,22.38
191000000000000002,192000000000000003,2024-08-13,809,253,0.312732,3,7453867,29462,0.49,44.03
191000000000000002,192000000000000004,2024-08-13,740,242,0.327027,4,7455175,30807,0.68,44.83
191000000000000003,192000000000000005,2024-08-13,1806,562,0.311185,3,11181781,19896,0.6,26.59
191000000000000004,192000000000000006,2024-08-13,1607,556,0.345986,8,22363562,40222,1.41,121.45
191000000000000001,192000000000000001,2024-08-14,1640,480,0.292683,2,14967422,31182,0.18,23.89
191000000000000001,192000000000000002,2024-08-14,2577,647,0.251067,6,14641706,22630,0.33,24.99
191000000000000002,192000000000000003,2024-08-14,1047,327,0.312321,6,8014703,24510,0.86,73.24
191000000000000002,192000000000000004,2024-08-14,706,219,0.310198,4,8904798,40661,0.64,52.49
191000000000000003,192000000000000005,2024-08-14,2419,670,0.276974,8,12689626,18940,0.44,54.79
191000000000000004,192000000000000006,2024-08-14,2049,524,0.255735,12,25379252,48434,0.83,106.84
191000000000000001,192000000000000001,2024-08-15,1463,429,0.293233,2,13879605,32353,0.27,33.2
191000000000000001,192000000000000002,2024-08-15,2111,565,0.267646,5,18878900,33414,0.29,38.94
191000000000000002,192000000000000003,2024-08-15,1006,304,0.302187,6,10548758,34700,0.83,88.21
191000000000000002,192000000000000004,2024-08-15,714,221,0.309524,4,8170388,36970,0.65,57.53
191000000000000003,192000000000000005,2024-08-15,2002,565,0.282218,6,14039360,24848,0.54,25.79
191000000000000004,192000000000000006,2024-08-15,2359,786,0.333192,9,28078719,35724,1.67,149.64
191000000000000001,192000000000000001,2024-08-16,1960,556,0.283673,3,14218614,25573,0.25,22.48
191000000000000001,192000000000000002,2024-08-16,3376,930,0.275474,7,15381672,16539,0.45,46.91
191000000000000002,192000000000000003,2024-08-16,658,199,0.302432,2,7725190,38820,0.38,36.04
191000000000000002,192000000000000004,2024-08-16,720,237,0.329167,4,9189259,38773,0.75,82.41
191000000000000003,192000000000000005,2024-08-16,1482,456,0.307692,3,12685837,27820,0.4,19.84
191000000000000004,192000000000000006,2024-08-16,3423,927,0.270815,17,25371674,27370,1.82,218.59
191000000000000001,192000000000000001,2024-08-17,2222,462,0.207921,2,13564426,29360,0.24,11.36
191000000000000002,192000000000000003,2024-08-17,839,253,0.301549,4,7934834,31363,0.75,70.42
191000000000000002,192000000000000004,2024-08-17,1117,373,0.33393,7,7913874,21217,1.04,103.55
191000000000000003,192000000000000005,2024-08-17,1180,329,0.278814,4,11886531,36129,0.22,16.73
191000000000000004,192000000000000006,2024-08-17,2169,664,0.306132,11,23773062,35803,1.5,63.78
191000000000000001,192000000000000001,2024-08-18,4912,1251,0.254682,13,19456043,15552,0.7,41.08
191000000000000001,192000000000000002,2024-08-18,3077,877,0.285018,3,18243367,20802,0.38,45.18
191000000000000002,192000000000000003,2024-08-18,1491,383,0.256875,7,9427502,24615,0.71,94.48
191000000000000002,192000000000000004,2024-08-18,1913,515,0.269211,6,12115018,23524,1.46,62.95
191000000000000004,192000000000000006,2024-08-18,4670,1281,0.274304,19,32313780,25225,2.19,145.87
191000000000000001,192000000000000001,2024-08-19,3103,630,0.203029,6,13154593,20880,0.3,18.09
191000000000000001,192000000000000002,2024-08-19,3160,824,0.260759,4,16604189,20151,0.39,43.39
191000000000000002,192000000000000003,2024-08-19,1369,386,0.281958,5,8720247,22591,0.79,35.41
191000000000000002,192000000000000004,2024-08-19,920,286,0.31087,4,8284771,28968,0.54,45.04
191000000000000003,192000000000000005,2024-08-19,1699,424,0.249559,4,12753764,30080,0.29,23.39
191000000000000004,192000000000000006,2024-08-19,1964,685,0.348778,7,25507528,37237,1.78,202.3
191000000000000001,192000000000000001,2024-08-20,2826,639,0.226115,3,14634680,22902,0.41,39.91
191000000000000001,192000000000000002,2024-08-20,2092,618,0.295411,4,14194605,22969,0.34,17.57
191000000000000002,192000000000000003,2024-08-20,844,254,0.300948,5,8254063,32496,0.82,99.02
191000000000000002,192000000000000004,2024-08-20,830,275,0.331325,4,8219814,29890,0.71,79.97
191000000000000003,192000000000000005,2024-08-20,1816,441,0.242841,4,12355408,28017,0.38,50.95
191000000000000004,192000000000000006,2024-08-20,2290,661,0.288646,12,24710816,37384,1.21,118.82
191000000000000001,192000000000000001,2024-08-21,2669,626,0.234545,6,21085299,33683,0.29,25.63
191000000000000001,192000000000000002,2024-08-21,2031,554,0.272772,6,17369509,31353,0.3,19.04
191000000000000002,192000000000000003,2024-08-21,1521,414,0.272189,7,11307915,27314,0.94,68.62
191000000000000002,192000000000000004,2024-08-21,778,239,0.307198,3,10666261,44629,0.6,70.25
191000000000000003,192000000000000005,2024-08-21,1923,458,0.23817,3,16480632,35984,0.32,33.83
191000000000000004,192000000000000006,2024-08-21,2718,889,0.327079,15,32961264,37077,1.93,167.85
191000000000000001,192000000000000001,2024-08-22,2108,620,0.294118,2,15562258,25100,0.23,16.61
191000000000000001,192000000000000002,2024-08-22,4302,956,0.222222,12,16108923,16850,0.46,32.5
191000000000000002,192000000000000003,2024-08-22,655,192,0.29313,3,8393024,43714,0.37,36.27
191000000000000002,192000000000000004,2024-08-22,1124,378,0.336299,4,9704794,25674,1.19,53.05
191000000000000003,192000000000000005,2024-08-22,2048,528,0.257812,5,13573363,25707,0.57,79.56
191000000000000004,192000000000000006,2024-08-22,2897,988,0.341042,17,27146726,27476,1.62,81.49
191000000000000001,192000000000000001,2024-08-23,2070,573,0.276812,2,16208903,28288,0.3,31.51
191000000000000001,192000000000000002,2024-08-23,2399,709,0.29554,7,18761272,26462,0.45,33.48
191000000000000002,192000000000000003,2024-08-23,1237,411,0.332255,5,10712182,26064,0.83,38.66
191000000000000002,192000000000000004,2024-08-23,924,247,0.267316,4,9270775,37534,0.6,30.34
191000000000000003,192000000000000005,2024-08-23,2140,587,0.274299,5,14987218,25532,0.67,29.51
191000000000000004,192000000000000006,2024-08-23,1744,608,0.348624,6,29974436,49300,1.01,134.44
191000000000000001,192000000000000001,2024-08-24,2427,662,0.272765,4,14884060,22483,0.31,24.88
191000000000000001,192000000000000002,2024-08-24,1930,508,0.263212,5,14144919,27844,0.21,11.64
191000000000000002,192000000000000003,2024-08-24,639,214,0.334898,2,8825687,41242,0.52,61.56
191000000000000002,192000000000000004,2024-08-24,800,279,0.34875,3,7762300,27822,0.7,30.33
191000000000000003,192000000000000005,2024-08-24,1570,405,0.257962,4,12440991,30718,0.31,29.28
191000000000000004,192000000000000006,2024-08-24,3084,794,0.257458,13,24881981,31338,1.88,210.15
191000000000000001,192000000000000001,2024-08-25,2414,598,0.247722,5,18625064,31146,0.31,34.44
191000000000000001,192000000000000002,2024-08-25,1566,438,0.279693,3,14687393,33533,0.28,33.11
191000000000000002,192000000000000003,2024-08-25,856,261,0.304907,5,10381629,39776,0.49,58.77
191000000000000002,192000000000000004,2024-08-25,1273,385,0.302435,6,8654060,22478,0.8,59.11
191000000000000003,192000000000000005,2024-08-25,1307,403,0.30834,4,14276767,35426,0.3,33.73
191000000000000004,192000000000000006,2024-08-25,1885,597,0.316711,9,28553534,47828,1.25,90.26
191000000000000001,192000000000000002,2024-08-26,2733,669,0.244786,4,14383200,21500,0.3,41.86
191000000000000002,192000000000000003,2024-08-26,664,199,0.299699,2,7739070,38890,0.4,31.95
191000000000000002,192000000000000004,2024-08-26,674,189,0.280415,2,8508256,45017,0.59,60.43
191000000000000003,192000000000000005,2024-08-26,1657,365,0.220278,5,12185494,33385,0.28,24.28
191000000000000004,192000000000000006,2024-08-26,3447,951,0.275892,16,24370988,25627,1.85,77.69
191000000000000001,192000000000000001,2024-08-27,3184,669,0.210113,8,16728512,25005,0.34,39.49
191000000000000001,192000000000000002,2024-08-27,2921,655,0.224238,8,18664690,28496,0.23,26.24
191000000000000002,192000000000000003,2024-08-27,807,256,0.317224,4,9190493,35900,0.82,47.5
191000000000000002,192000000000000004,2024-08-27,1147,344,0.299913,4,11034193,32076,0.97,45.11
191000000000000003,192000000000000005,2024-08-27,2624,784,0.29878,6,15168515,19348,0.83,90.08
191000000000000004,192000000000000006,2024-08-27,3115,1013,0.325201,17,30337030,29948,1.82,123.61
191000000000000001,192000000000000001,2024-08-28,2234,619,0.277081,5,14338285,23164,0.33,21.33
191000000000000001,192000000000000002,2024-08-28,1653,409,0.247429,3,13419840,32811,0.22,13.05
191000000000000002,192000000000000003,2024-08-28,600,208,0.346667,3,6898498,33166,0.6,67.85
191000000000000002,192000000000000004,2024-08-28,933,234,0.250804,4,8963288,38305,0.65,77.85
191000000000000003,192000000000000005,2024-08-28,2638,643,0.243745,4,11896339,18501,0.43,53.24
191000000000000004,192000000000000006,2024-08-28,1803,519,0.287854,7,23792679,45843,1.12,52.17
191000000000000001,192000000000000001,2024-08-29,3891,1112,0.285788,4,17931171,16125,0.54,50.35
191000000000000001,192000000000000002,2024-08-29,3232,757,0.23422,6,20678940,27317,0.31,14.98
191000000000000002,192000000000000003,2024-08-29,1152,402,0.348958,6,11957211,29744,0.82,106.3
191000000000000002,192000000000000004,2024-08-29,908,242,0.26652,4,10105709,41759,0.78,46.1
191000000000000003,192000000000000005,2024-08-29,3053,702,0.229938,7,16547190,23571,0.7,97.9
191000000000000004,192000000000000006,2024-08-29,2202,748,0.339691,13,33094380,44244,1.36,164.63
191000000000000001,192000000000000001,2024-08-30,4635,953,0.205609,11,15707887,16483,0.42,56.62
191000000000000001,192000000000000002,2024-08-30,2625,637,0.242667,8,19891646,31227,0.35,38.19
191000000000000002,192000000000000003,2024-08-30,1032,311,0.301357,6,10897037,35039,0.88,107.86
191000000000000002,192000000000000004,2024-08-30,842,247,0.293349,5,9445554,38241,0.5,34.36
191000000000000003,192000000000000005,2024-08-30,1698,515,0.303298,4,15256943,29625,0.47,62.86
191000000000000004,192000000000000006,2024-08-30,2606,815,0.31274,11,30513885,37440,1.66,169.72
191000000000000001,192000000000000001,2024-08-31,4045,998,0.246724,5,15199410,15230,0.46,57.34
191000000000000001,192000000000000002,2024-08-31,3003,763,0.254079,7,14361160,18822,0.46,45.03
191000000000000002,192000000000000003,2024-08-31,709,234,0.330042,2,7384231,31557,0.69,72.02
191000000000000002,192000000000000004,2024-08-31,899,251,0.279199,3,9507523,37879,0.75,58.54
191000000000000003,192000000000000005,2024-08-31,2132,557,0.261257,7,12668816,22745,0.42,51.72
191000000000000004,192000000000000006,2024-08-31,1504,524,0.348404,7,25337632,48354,1.4,150.88
191000000000000001,192000000000000001,2024-09-01,1939,551,0.284167,4,13232483,24015,0.3,34.26
191000000000000001,192000000000000002,2024-09-01,3193,842,0.263702,7,15901828,18886,0.47,62.86
191000000000000002,192000000000000003,2024-09-01,1265,321,0.253755,6,7642851,23810,0.95,85.68
191000000000000002,192000000000000004,2024-09-01,764,267,0.349476,4,9005327,33728,0.77,49.9
191000000000000003,192000000000000005,2024-09-01,1606,368,0.229141,6,12486133,33930,0.33,37.37
191000000000000004,192000000000000006,2024-09-01,1925,509,0.264416,11,24972267,49061,0.88,76.27
191000000000000001,192000000000000001,2024-09-02,3147,748,0.237687,9,20211859,27021,0.48,55.39
191000000000000002,192000000000000003,2024-09-02,1814,527,0.290518,9,13732630,26058,1.37,74.04
191000000000000002,192000000000000004,2024-09-02,1485,445,0.299663,6,11794115,26504,1.32,108.18
191000000000000003,192000000000000005,2024-09-02,1721,520,0.30215,4,19145058,36817,0.55,67.52
191000000000000001,192000000000000001,2024-09-03,4419,1109,0.250962,7,24653472,22230,0.58,25.53
191000000000000001,192000000000000002,2024-09-03,6529,1493,0.228672,7,30661540,20537,0.95,65.5
191000000000000002,192000000000000003,2024-09-03,1581,518,0.327641,7,18296019,35320,1.12,152.44
191000000000000002,192000000000000004,2024-09-03,1670,577,0.345509,9,13312559,23072,1.58,104.15
191000000000000003,192000000000000005,2024-09-03,3456,827,0.239294,8,23706434,28666,0.54,65.48
191000000000000004,192000000000000006,2024-09-03,3353,966,0.2881,14,47412867,49082,1.87,89.31
191000000000000001,192000000000000001,2024-09-04,2755,784,0.284574,7,17195717,21933,0.46,56.89
191000000000000001,192000000000000002,2024-09-04,3609,975,0.270158,5,15691052,16093,0.36,34.68
191000000000000002,192000000000000003,2024-09-04,1174,310,0.264055,7,8414771,27144,0.79,95.87
191000000000000002,192000000000000004,2024-09-04,810,255,0.314815,3,10377668,40697,0.61,59.1
191000000000000003,192000000000000005,2024-09-04,1425,403,0.282807,4,14094329,34974,0.46,51.69
191000000000000004,192000000000000006,2024-09-04,2544,645,0.253538,12,28188658,43703,1.54,204.83
191000000000000001,192000000000000001,2024-09-05,3189,914,0.28661,8,19260793,21073,0.34,25.48
191000000000000001,192000000000000002,2024-09-05,2412,711,0.294776,3,22776949,32035,0.35,43.88
191000000000000002,192000000000000003,2024-09-05,1001,307,0.306693,6,12274261,39981,0.64,36.93
191000000000000002,192000000000000004,2024-09-05,1047,305,0.291309,3,11747306,38516,0.94,57.21
191000000000000004,192000000000000006,2024-09-05,3941,1351,0.342806,16,36032350,26671,2.87,161.37
191000000000000001,192000000000000001,2024-09-06,2709,576,0.212625,8,17833905,30962,0.28,11.34
191000000000000001,192000000000000002,2024-09-06,3003,701,0.233433,7,21742336,31016,0.32,20.84
191000000000000002,192000000000000003,2024-09-06,1171,353,0.301452,5,11576021,32793,0.69,31.79
191000000000000002,192000000000000004,2024-09-06,1579,484,0.306523,7,11038974,22808,1.07,99.66
191000000000000003,192000000000000005,2024-09-06,2142,630,0.294118,7,16961246,26923,0.64,61.61
191000000000000004,192000000000000006,2024-09-06,2255,699,0.309978,11,33922492,48530,1.81,199.81
191000000000000001,192000000000000001,2024-09-07,3010,616,0.204651,9,20141914,32698,0.29,38.21
191000000000000001,192000000000000002,2024-09-07,4031,1040,0.258,9,24045909,23121,0.65,27.65
191000000000000002,192000000000000003,2024-09-07,1361,476,0.349743,7,12613632,26499,0.96,40.19
191000000000000002,192000000000000004,2024-09-07,1132,341,0.301237,6,12636552,37057,0.63,47.4
191000000000000003,192000000000000005,2024-09-07,2875,694,0.241391,5,18937638,27288,0.62,40.49
191000000000000004,192000000000000006,2024-09-07,3538,1062,0.30017,15,37875277,35664,1.81,180.32
191000000000000001,192000000000000001,2024-09-08,5840,1192,0.20411,13,18089191,15175,0.48,24.52
191000000000000001,192000000000000002,2024-09-08,3770,910,0.241379,9,24444570,26862,0.42,38.56
191000000000000002,192000000000000003,2024-09-08,1306,356,0.272588,5,11401889,32028,0.82,109.12
191000000000000002,192000000000000004,2024-09-08,1709,464,0.271504,10,12903117,27808,0.92,37.05
191000000000000003,192000000000000005,2024-09-08,2081,637,0.306103,5,18228755,28617,0.59,77.48
191000000000000004,192000000000000006,2024-09-08,2803,962,0.343204,12,36457510,37898,2.5,173.92
191000000000000001,192000000000000001,2024-09-09,3720,751,0.201882,7,23100046,30759,0.33,35.58
191000000000000001,192000000000000002,2024-09-09,3422,1020,0.298071,9,29401393,28825,0.61,67.67
191000000000000002,192000000000000003,2024-09-09,2090,656,0.313876,10,13194739,20114,2.03,108.79
191000000000000002,192000000000000004,2024-09-09,1435,424,0.29547,7,16806083,39637,1.13,91.48
191000000000000003,192000000000000005,2024-09-09,3689,1096,0.297099,7,22500617,20530,1.25,62.18
191000000000000004,192000000000000006,2024-09-09,5111,1447,0.283115,21,45001234,31100,2.15,257.69
191000000000000001,192000000000000001,2024-09-10,5469,1606,0.293655,15,29908479,18623,0.91,90.41
191000000000000001,192000000000000002,2024-09-10,4759,1231,0.258668,14,25917511,21054,0.54,46.44
191000000000000002,192000000000000003,2024-09-10,1623,498,0.306839,5,16266091,32663,1.34,54.82
191000000000000002,192000000000000004,2024-09-10,1394,435,0.312052,8,15634474,35941,0.9,63.87
191000000000000003,192000000000000005,2024-09-10,2486,632,0.254224,8,23925424,37857,0.41,16.77
191000000000000004,192000000000000006,2024-09-10,4629,1327,0.286671,18,47850848,36059,2.43,100.87
191000000000000001,192000000000000001,2024-09-11,4017,1054,0.262385,7,21797347,20681,0.55,44.56
191000000000000001,192000000000000002,2024-09-11,4630,931,0.20108,9,18702130,20088,0.51,29.53
191000000000000002,192000000000000003,2024-09-11,988,304,0.307692,5,12988951,42727,0.98,79.95
191000000000000002,192000000000000004,2024-09-11,999,274,0.274274,4,10153607,37057,0.66,59.22
191000000000000003,192000000000000005,2024-09-11,2088,551,0.263889,4,17356919,31501,0.61,68.92
191000000000000004,192000000000000006,2024-09-11,2605,751,0.288292,10,34713837,46223,1.15,91.71
191000000000000001,192000000000000001,2024-09-12,8940,2310,0.258389,16,35704505,15456,0.87,70.91
191000000000000001,192000000000000002,2024-09-12,3550,968,0.272676,6,31320033,32355,0.34,15.97
191000000000000002,192000000000000003,2024-09-12,1882,502,0.266738,6,18858261,37566,1.31,134.37
191000000000000003,192000000000000005,2024-09-12,4250,1058,0.248941,9,28724802,27150,0.92,115.76
191000000000000004,192000000000000006,2024-09-12,5879,1670,0.284062,30,57449604,34401,2.96,201.21
191000000000000001,192000000000000001,2024-09-13,4260,987,0.23169,5,23740572,24053,0.55,48.47
191000000000000001,192000000000000002,2024-09-13,3892,839,0.21557,8,28317910,33752,0.42,20.27
191000000000000002,192000000000000003,2024-09-13,2409,624,0.259029,10,14945332,23951,1.81,227.91
191000000000000002,192000000000000004,2024-09-13,1984,541,0.272681,8,14802372,27361,1.52,141.51
191000000000000003,192000000000000005,2024-09-13,3313,856,0.258376,5,22310778,26064,0.72,36.4
191000000000000004,192000000000000006,2024-09-13,3433,1018,0.296534,14,44621556,43833,2.59,271.88
191000000000000001,192000000000000001,2024-09-14,3498,1047,0.299314,8,27929717,26676,0.6,43.5
191000000000000001,192000000000000002,2024-09-14,6466,1345,0.208011,18,31318058,23285,0.73,97.17
191000000000000002,192000000000000003,2024-09-14,1994,518,0.259779,12,15137042,29222,1.09,111.26
191000000000000002,192000000000000004,2024-09-14,2896,898,0.310083,12,18718829,20845,1.64,132.23
191000000000000004,192000000000000006,2024-09-14,5355,1531,0.285901,18,50783807,33170,2.84,311.72
191000000000000001,192000000000000001,2024-09-15,4423,1190,0.269048,9,26321681,22119,0.75,101.56
191000000000000001,192000000000000002,2024-09-15,5149,1047,0.20334,9,30402199,29037,0.46,50.06
191000000000000002,192000000000000003,2024-09-15,1275,419,0.328627,4,17366642,41448,1.0,137.88
191000000000000002,192000000000000004,2024-09-15,1733,595,0.343335,7,15047003,25289,1.42,191.32
191000000000000003,192000000000000005,2024-09-15,3501,802,0.229077,8,24310234,30312,0.8,72.8
191000000000000004,192000000000000006,2024-09-15,4657,1622,0.348293,27,48620468,29976,4.37,218.3
191000000000000001,192000000000000001,2024-09-16,2749,649,0.236086,4,17595676,27112,0.25,34.66
191000000000000001,192000000000000002,2024-09-16,2932,820,0.279673,9,17035645,20775,0.51,35.84
191000000000000002,192000000000000003,2024-09-16,1250,373,0.2984,7,10541850,28262,1.21,116.1
191000000000000002,192000000000000004,2024-09-16,852,229,0.268779,3,9247476,40382,0.46,35.64
191000000000000003,192000000000000005,2024-09-16,2001,604,0.301849,7,14841995,24573,0.43,53.6
191000000000000001,192000000000000001,2024-09-17,2867,692,0.241367,5,19292981,27880,0.3,14.63
191000000000000001,192000000000000002,2024-09-17,4333,1256,0.289868,10,20744435,16516,0.49,68.37
191000000000000002,192000000000000004,2024-09-17,1046,291,0.278203,3,12402226,42619,0.68,79.84
191000000000000003,192000000000000005,2024-09-17,2217,594,0.26793,6,17158892,28887,0.5,34.77
191000000000000004,192000000000000006,2024-09-17,3474,1095,0.315199,17,34317785,31340,2.8,261.97
191000000000000001,192000000000000001,2024-09-18,3836,974,0.25391,5,21652138,22230,0.59,28.76
191000000000000001,192000000000000002,2024-09-18,4885,1221,0.249949,7,20515897,16803,0.47,55.51
191000000000000002,192000000000000003,2024-09-18,1507,449,0.297943,8,10589130,23584,1.19,117.97
191000000000000002,192000000000000004,2024-09-18,1869,629,0.336544,10,13506891,21474,1.37,134.34
191000000000000003,192000000000000005,2024-09-18,2582,600,0.232378,6,18072015,30120,0.52,64.38
191000000000000004,192000000000000006,2024-09-18,4719,1185,0.251113,19,36144031,30501,2.96,318.86
191000000000000001,192000000000000001,2024-09-19,3377,741,0.219426,5,23155606,31249,0.29,35.44
191000000000000001,192000000000000002,2024-09-19,4333,991,0.22871,4,19881745,20062,0.38,52.11
191000000000000002,192000000000000003,2024-09-19,1139,325,0.285338,4,13825540,42540,1.06,113.18
191000000000000002,192000000000000004,2024-09-19,875,258,0.294857,5,10767232,41733,0.8,60.93
191000000000000003,192000000000000005,2024-09-19,2758,684,0.248006,6,18444579,26966,0.44,22.18
191000000000000004,192000000000000006,2024-09-19,3252,827,0.254305,10,36889158,44606,1.32,168.35
191000000000000001,192000000000000001,2024-09-20,3799,897,0.236115,8,18818924,20980,0.38,34.17
191000000000000001,192000000000000002,2024-09-20,4368,1194,0.273352,13,18878217,15811,0.49,33.57
191000000000000002,192000000000000003,2024-09-20,974,307,0.315195,5,11052582,36002,0.96,87.32
191000000000000002,192000000000000004,2024-09-20,1721,489,0.284137,10,10488642,21449,1.37,69.53
191000000000000003,192000000000000005,2024-09-20,3479,823,0.236562,7,16155918,19631,0.92,121.26
191000000000000004,192000000000000006,2024-09-20,3431,1081,0.315068,12,32311835,29891,2.02,217.13
191000000000000001,192000000000000001,2024-09-21,4591,1291,0.281202,6,21489662,16646,0.73,39.96
191000000000000001,192000000000000002,2024-09-21,3333,972,0.291629,4,21659824,22284,0.45,27.93
191000000000000002,192000000000000004,2024-09-21,1291,336,0.260263,5,11980609,35657,0.8,105.96
191000000000000003,192000000000000005,2024-09-21,3352,954,0.284606,8,18492637,19384,1.02,56.89
191000000000000004,192000000000000006,2024-09-21,3564,991,0.278058,16,36985274,37321,1.77,110.75
191000000000000001,192000000000000001,2024-09-22,4085,899,0.220073,11,19650955,21859,0.57,71.96
191000000000000001,192000000000000002,2024-09-22,4249,1273,0.2996,9,21644970,17003,0.81,54.43
191000000000000002,192000000000000003,2024-09-22,1752,528,0.30137,6,11941945,22617,1.65,181.69
191000000000000002,192000000000000004,2024-09-22,1237,340,0.274859,5,11655727,34282,1.09,147.85
191000000000000003,192000000000000005,2024-09-22,3135,739,0.235726,8,17698254,23949,0.57,31.15
191000000000000004,192000000000000006,2024-09-22,3826,1008,0.263461,17,35396508,35116,1.57,115.84
191000000000000001,192000000000000001,2024-09-23,3828,888,0.231975,9,28433031,32019,0.55,52.98
191000000000000001,192000000000000002,2024-09-23,3238,801,0.247375,8,21925743,27373,0.3,30.62
191000000000000002,192000000000000003,2024-09-23,1489,401,0.269308,8,13277396,33111,1.08,59.99
191000000000000002,192000000000000004,2024-09-23,1455,470,0.323024,6,15499046,32977,0.9,92.6
191000000000000003,192000000000000005,2024-09-23,3066,809,0.263862,10,21582332,26678,0.82,74.18
191000000000000004,192000000000000006,2024-09-23,2805,964,0.343672,11,43164663,44777,1.84,100.02
191000000000000001,192000000000000001,2024-09-24,3784,934,0.246829,6,28111920,30098,0.53,45.63
191000000000000001,192000000000000002,2024-09-24,5295,1311,0.247592,6,27078530,20655,0.58,48.65
191000000000000002,192000000000000003,2024-09-24,1355,430,0.317343,7,13958858,32462,0.98,94.75
191000000000000002,192000000000000004,2024-09-24,1657,507,0.305975,9,17578542,34672,1.21,145.8
191000000000000003,192000000000000005,2024-09-24,2146,639,0.297763,7,23653050,37016,0.7,39.34
191000000000000004,192000000000000006,2024-09-24,4234,1432,0.338214,15,47306100,33035,3.6,222.53
191000000000000001,192000000000000001,2024-09-25,2813,757,0.269108,7,26175412,34578,0.46,34.79
191000000000000001,192000000000000002,2024-09-25,5961,1233,0.206844,9,26455323,21456,0.75,35.85
191000000000000002,192000000000000003,2024-09-25,1450,441,0.304138,4,16895211,38311,1.09,94.69
191000000000000002,192000000000000004,2024-09-25,1746,554,0.317297,6,13179495,23790,1.77,162.01
191000000000000003,192000000000000005,2024-09-25,2075,641,0.308916,7,22556029,35189,0.62,82.24
191000000000000004,192000000000000006,2024-09-25,4368,1094,0.250458,15,45112058,41236,2.45,228.41
191000000000000001,192000000000000001,2024-09-26,3929,1167,0.297022,9,26686043,22867,0.55,62.27
191000000000000001,192000000000000002,2024-09-26,4142,960,0.231772,8,25937177,27018,0.6,61.76
191000000000000002,192000000000000003,2024-09-26,1212,401,0.330858,5,13886248,34629,1.19,110.67
191000000000000002,192000000000000004,2024-09-26,1177,389,0.330501,6,16184164,41605,0.74,94.42
191000000000000003,192000000000000005,2024-09-26,2588,757,0.292504,9,22552809,29792,0.53,70.96
191000000000000004,192000000000000006,2024-09-26,4845,1372,0.283179,16,45105617,32876,2.94,232.19
191000000000000001,192000000000000001,2024-09-27,3178,776,0.244179,7,23996253,30923,0.37,45.07
191000000000000001,192000000000000002,2024-09-27,2555,754,0.295108,4,26369687,34973,0.28,19.94
191000000000000002,192000000000000003,2024-09-27,1384,441,0.318642,6,14837073,33644,1.29,70.48
191000000000000002,192000000000000004,2024-09-27,1555,518,0.333119,6,13943463,26918,1.12,100.09
191000000000000003,192000000000000005,2024-09-27,2342,708,0.302306,7,21585403,30488,0.68,75.48
191000000000000004,192000000000000006,2024-09-27,2879,927,0.321987,17,43170805,46570,2.31,157.48
191000000000000001,192000000000000001,2024-09-28,4936,1200,0.243112,11,20184757,16821,0.55,54.24
191000000000000001,192000000000000002,2024-09-28,2971,811,0.272972,9,18845139,23237,0.32,14.21
191000000000000002,192000000000000003,2024-09-28,1486,406,0.273217,5,11719206,28865,1.13,84.71
191000000000000002,192000000000000004,2024-09-28,1314,446,0.339422,7,10583591,23730,0.95,78.15
191000000000000003,192000000000000005,2024-09-28,2838,872,0.307259,6,16727098,19182,0.87,104.03
191000000000000004,192000000000000006,2024-09-28,2413,722,0.299213,9,33454197,46335,1.16,145.77
191000000000000001,192000000000000001,2024-09-29,3309,856,0.258688,4,23444242,27388,0.32,33.28
191000000000000001,192000000000000002,2024-09-29,3778,1096,0.290101,6,25560317,23321,0.5,43.83
191000000000000002,192000000000000003,2024-09-29,1094,299,0.273309,4,12609757,42173,0.97,65.03
191000000000000002,192000000000000004,2024-09-29,1684,482,0.286223,8,15392849,31935,1.44,180.74
191000000000000003,192000000000000005,2024-09-29,2143,674,0.314512,5,21001954,31160,0.57,31.77
191000000000000004,192000000000000006,2024-09-29,6166,1662,0.269543,21,42003908,25273,3.02,218.5
191000000000000001,192000000000000001,2024-09-30,2887,769,0.266366,3,21430420,27868,0.43,45.77
191000000000000001,192000000000000002,2024-09-30,3816,883,0.231394,8,25596898,28989,0.39,41.92
191000000000000002,192000000000000003,2024-09-30,1785,480,0.268908,5,13324983,27760,1.61,192.74
191000000000000002,192000000000000004,2024-09-30,1942,579,0.298146,8,13547770,23399,1.82,143.5
191000000000000003,192000000000000005,2024-09-30,1865,571,0.306166,6,20154565,35297,0.39,30.14
191000000000000004,192000000000000006,2024-09-30,3672,1109,0.302015,12,40309130,36347,2.16,145.18
191000000000000001,192000000000000001,2024-10-01,3200,763,0.238437,4,21122370,27683,0.32,37.24
191000000000000001,192000000000000002,2024-10-01,4065,1020,0.250923,6,26698705,26175,0.44,31.36
191000000000000002,192000000000000003,2024-10-01,1289,421,0.32661,7,14396750,34197,0.82,89.1
191000000000000002,192000000000000004,2024-10-01,947,319,0.336853,4,12929578,40532,0.71,53.18
191000000000000003,192000000000000005,2024-10-01,2661,719,0.270199,9,20494746,28505,0.81,91.33
191000000000000004,192000000000000006,2024-10-01,5303,1615,0.304545,19,40989492,25380,4.18,362.03
191000000000000001,192000000000000001,2024-10-02,5633,1201,0.213208,12,22071630,18378,0.63,57.13
191000000000000001,192000000000000002,2024-10-02,4764,1384,0.290512,9,23554502,17019,0.82,39.61
191000000000000002,192000000000000003,2024-10-02,1421,369,0.259676,8,15040021,40759,0.89,87.14
191000000000000002,192000000000000004,2024-10-02,1461,438,0.299795,8,11032054,25187,0.86,106.85
191000000000000003,192000000000000005,2024-10-02,1793,553,0.308422,5,19554056,35360,0.53,60.68
191000000000000004,192000000000000006,2024-10-02,3666,1134,0.309329,13,39108113,34487,2.06,87.71
191000000000000001,192000000000000001,2024-10-03,5873,1230,0.209433,7,19310671,15700,0.45,40.75
191000000000000001,192000000000000002,2024-10-03,2745,821,0.299089,4,17408925,21205,0.35,41.35
191000000000000002,192000000000000003,2024-10-03,1039,311,0.299326,3,11443232,36795,0.87,65.75
191000000000000002,192000000000000004,2024-10-03,695,224,0.322302,2,9539394,42587,0.43,50.06
191000000000000003,192000000000000005,2024-10-03,2160,687,0.318056,6,15736970,22907,0.58,37.21
191000000000000004,192000000000000006,2024-10-03,2590,695,0.26834,13,31473939,45286,1.57,147.66
191000000000000001,192000000000000001,2024-10-04,4717,1317,0.279203,6,21065667,15995,0.64,26.9
191000000000000001,192000000000000002,2024-10-04,2736,745,0.272295,4,16238987,21797,0.43,56.14
191000000000000002,192000000000000003,2024-10-04,1060,291,0.274528,6,10906392,37479,0.61,66.2
191000000000000002,192000000000000004,2024-10-04,1495,440,0.294314,6,10410553,23660,1.45,115.62
191000000000000003,192000000000000005,2024-10-04,1444,447,0.309557,3,15987709,35767,0.52,68.75
191000000000000004,192000000000000006,2024-10-04,3339,1125,0.336927,12,31975418,28423,2.23,212.89
191000000000000001,192000000000000001,2024-10-05,2999,608,0.202734,6,20041726,32963,0.33,13.46
191000000000000001,192000000000000002,2024-10-05,3296,685,0.207828,5,20377127,29748,0.4,47.81
191000000000000002,192000000000000003,2024-10-05,1049,287,0.273594,4,11656250,40614,0.96,79.37
191000000000000002,192000000000000004,2024-10-05,1880,528,0.280851,6,11440238,21667,1.11,85.95
191000000000000003,192000000000000005,2024-10-05,2152,483,0.224442,4,17322366,35864,0.5,67.48
191000000000000004,192000000000000006,2024-10-05,3606,1134,0.314476,11,34644732,30551,3.08,332.2
191000000000000001,192000000000000001,2024-10-06,2909,603,0.207288,7,18590526,30830,0.32,42.24
191000000000000001,192000000000000002,2024-10-06,5545,1460,0.2633,9,24318176,16656,0.67,75.23
191000000000000002,192000000000000003,2024-10-06,916,288,0.31441,4,11260627,39099,0.84,41.56
191000000000000002,192000000000000004,2024-10-06,1020,352,0.345098,4,13258631,37667,0.75,91.05
191000000000000003,192000000000000005,2024-10-06,3084,831,0.269455,8,18389444,22129,0.65,50.55
191000000000000004,192000000000000006,2024-10-06,2758,938,0.340102,10,36778887,39210,2.41,310.05
191000000000000001,192000000000000001,2024-10-07,2679,676,0.252333,3,22541256,33345,0.39,51.55
191000000000000001,192000000000000002,2024-10-07,4147,1136,0.273933,8,17913345,15769,0.62,85.48
191000000000000002,192000000000000003,2024-10-07,964,301,0.312241,4,12371381,41101,0.77,94.98
191000000000000002,192000000000000004,2024-10-07,841,287,0.34126,3,10745534,37441,0.95,45.68
191000000000000003,192000000000000005,2024-10-07,2522,749,0.296987,8,17337686,23148,0.79,85.25
191000000000000004,192000000000000006,2024-10-07,2058,695,0.337707,12,34675372,49893,1.24,60.46
191000000000000001,192000000000000001,2024-10-08,3233,791,0.244664,5,23293581,29448,0.4,52.1
191000000000000001,192000000000000002,2024-10-08,4579,1205,0.263158,8,24321298,20184,0.5,28.14
191000000000000002,192000000000000003,2024-10-08,1312,450,0.342988,7,15645481,34768,1.3,113.94
191000000000000002,192000000000000004,2024-10-08,1039,347,0.333975,6,11563021,33323,0.66,77.32
191000000000000003,192000000000000005,2024-10-08,3594,866,0.240957,6,20406377,23564,0.92,40.95
191000000000000004,192000000000000006,2024-10-08,4115,1391,0.338032,24,40812753,29341,3.16,248.23
191000000000000001,192000000000000001,2024-10-09,2576,673,0.261258,4,17036464,25314,0.33,22.29
191000000000000001,192000000000000002,2024-10-09,3683,887,0.240836,6,21607493,24360,0.38,48.41
191000000000000002,192000000000000003,2024-10-09,1217,332,0.272802,4,10670596,32140,0.97,134.89
191000000000000002,192000000000000004,2024-10-09,1855,464,0.250135,11,11411665,24594,1.09,94.41
191000000000000003,192000000000000005,2024-10-09,1999,553,0.276638,4,16561696,29949,0.4,53.07
191000000000000004,192000000000000006,2024-10-09,2608,780,0.29908,13,33123392,42466,1.46,142.29
191000000000000001,192000000000000001,2024-10-10,3016,657,0.217838,3,17135852,26082,0.29,22.05
191000000000000001,192000000000000002,2024-10-10,3048,830,0.27231,5,16191394,19508,0.31,42.38
191000000000000002,192000000000000003,2024-10-10,1208,361,0.298841,5,9532621,26406,0.95,131.14
191000000000000002,192000000000000004,2024-10-10,1127,368,0.326531,5,9511520,25847,0.74,73.64
191000000000000003,192000000000000005,2024-10-10,1878,483,0.257188,5,14283105,29572,0.39,54.11
191000000000000004,192000000000000006,2024-10-10,3413,870,0.254908,19,28566211,32835,1.67,137.79
191000000000000001,192000000000000001,2024-10-11,2845,711,0.249912,7,23462296,32999,0.36,34.68
191000000000000001,192000000000000002,2024-10-11,2041,591,0.289564,4,17560919,29714,0.28,22.83
191000000000000002,192000000000000003,2024-10-11,1240,351,0.283065,7,11486957,32726,1.17,125.25
191000000000000002,192000000000000004,2024-10-11,1988,536,0.269618,7,11954880,22304,1.54,99.64
191000000000000003,192000000000000005,2024-10-11,2523,718,0.284582,8,17581378,24487,0.68,56.11
191000000000000004,192000000000000006,2024-10-11,3488,1099,0.31508,21,35162756,31995,2.39,198.63
191000000000000001,192000000000000001,2024-10-12,3666,853,0.232679,6,22650032,26553,0.31,15.84
191000000000000001,192000000000000002,2024-10-12,5323,1318,0.247605,14,23815660,18070,0.58,38.76
191000000000000002,192000000000000003,2024-10-12,1257,324,0.257757,5,12488567,38545,0.85,73.7
191000000000000002,192000000000000004,2024-10-12,976,329,0.33709,4,14063257,42745,0.96,96.42
191000000000000003,192000000000000005,2024-10-12,3539,1075,0.303758,9,19913868,18525,0.85,56.48
191000000000000004,192000000000000006,2024-10-12,3012,1011,0.335657,16,39827736,39394,2.55,190.53
191000000000000001,192000000000000001,2024-10-13,2868,810,0.282427,3,19844465,24499,0.53,71.79
191000000000000001,192000000000000002,2024-10-13,3008,865,0.287566,5,20335148,23509,0.46,38.68
191000000000000002,192000000000000003,2024-10-13,1011,282,0.278932,4,12174598,43172,0.86,44.29
191000000000000002,192000000000000004,2024-10-13,886,264,0.297968,4,10785182,40853,0.57,38.55
191000000000000003,192000000000000005,2024-10-13,2031,592,0.291482,6,17219834,29088,0.41,28.08
191000000000000004,192000000000000006,2024-10-13,2830,856,0.302473,11,34439669,40233,1.68,179.93
191000000000000001,192000000000000001,2024-10-14,3959,1111,0.280626,8,29173084,26258,0.66,41.29
191000000000000001,192000000000000002,2024-10-14,3656,884,0.241794,6,27976750,31648,0.44,36.61
191000000000000002,192000000000000003,2024-10-14,1616,513,0.31745,7,16675438,32506,1.57,190.69
191000000000000002,192000000000000004,2024-10-14,2296,620,0.270035,12,15981610,25777,1.38,100.01
191000000000000003,192000000000000005,2024-10-14,4932,1168,0.236821,17,24492786,20970,1.14,140.56
191000000000000004,192000000000000006,2024-10-14,3124,998,0.319462,14,48985572,49084,1.88,88.97
191000000000000001,192000000000000002,2024-10-15,3828,1047,0.273511,11,33146518,31659,0.54,21.82
191000000000000002,192000000000000003,2024-10-15,1864,642,0.344421,7,18669240,29080,1.75,198.44
191000000000000002,192000000000000004,2024-10-15,2288,690,0.301573,8,18034548,26137,1.36,156.47
191000000000000003,192000000000000005,2024-10-15,3916,1145,0.29239,13,27527841,24042,0.8,91.09
191000000000000004,192000000000000006,2024-10-15,5676,1594,0.280832,28,55055682,34539,2.95,195.7
191000000000000001,192000000000000001,2024-10-16,5011,1048,0.20914,13,25307532,24148,0.59,31.14
191000000000000001,192000000000000002,2024-10-16,2914,690,0.236788,3,19054573,27615,0.39,45.12
191000000000000002,192000000000000003,2024-10-16,1399,350,0.250179,5,14571529,41633,0.87,97.54
191000000000000002,192000000000000004,2024-10-16,1077,329,0.305478,6,10778245,32761,0.7,38.4
191000000000000004,192000000000000006,2024-10-16,2887,957,0.331486,9,38024662,39733,2.53,268.16
191000000000000001,192000000000000001,2024-10-17,2529,724,0.286279,7,19651222,27143,0.45,30.36
191000000000000001,192000000000000002,2024-10-17,2842,703,0.247361,6,21186231,30137,0.34,24.72
191000000000000002,192000000000000003,2024-10-17,1098,359,0.326958,5,11985864,33387,0.86,48.62
191000000000000002,192000000000000004,2024-10-17,979,324,0.33095,4,11349824,35030,0.76,35.21
191000000000000003,192000000000000005,2024-10-17,2115,574,0.271395,7,17501766,30491,0.45,48.45
191000000000000004,192000000000000006,2024-10-17,2596,830,0.319723,10,35003531,42173,1.67,97.56
191000000000000001,192000000000000001,2024-10-18,4426,1322,0.29869,12,25971701,19646,0.58,78.67
191000000000000001,192000000000000002,2024-10-18,5389,1181,0.21915,15,23718391,20083,0.44,54.51
191000000000000002,192000000000000003,2024-10-18,1086,354,0.325967,5,12478823,35251,0.71,29.24
191000000000000002,192000000000000004,2024-10-18,1834,575,0.313522,8,15915515,27679,1.39,129.6
191000000000000003,192000000000000005,2024-10-18,2685,790,0.294227,8,21295754,26957,0.66,40.19
191000000000000004,192000000000000006,2024-10-18,2929,904,0.308638,10,42591508,47114,2.17,180.92
191000000000000001,192000000000000001,2024-10-19,3473,993,0.28592,6,16566601,16683,0.56,31.22
191000000000000001,192000000000000002,2024-10-19,2598,674,0.25943,6,17330697,25713,0.28,26.71
191000000000000002,192000000000000003,2024-10-19,1002,330,0.329341,6,10825423,32804,0.77,48.25
191000000000000002,192000000000000004,2024-10-19,993,275,0.276939,4,8544461,31071,0.92,65.5
191000000000000003,192000000000000005,2024-10-19,2002,443,0.221279,6,14527413,32793,0.43,46.86
191000000000000004,192000000000000006,2024-10-19,2411,801,0.332227,14,29054827,36273,1.69,179.24
191000000000000001,192000000000000001,2024-10-20,2796,572,0.204578,8,19002471,33221,0.22,21.46
191000000000000001,192000000000000002,2024-10-20,3097,733,0.236681,6,15093032,20591,0.37,47.62
191000000000000002,192000000000000003,2024-10-20,810,256,0.316049,4,9557550,37334,0.62,64.86
191000000000000002,192000000000000004,2024-10-20,1085,293,0.270046,4,9925595,33876,0.66,44.1
191000000000000003,192000000000000005,2024-10-20,2447,633,0.258684,5,14612358,23084,0.59,37.12
191000000000000004,192000000000000006,2024-10-20,2070,668,0.322705,10,29224717,43750,1.76,227.44
191000000000000001,192000000000000001,2024-10-21,3676,1028,0.279652,11,24514548,23847,0.62,29.0
191000000000000002,192000000000000003,2024-10-21,1629,525,0.322284,8,13461714,25641,1.17,129.61
191000000000000002,192000000000000004,2024-10-21,1244,380,0.305466,6,13957412,36730,1.15,97.04
191000000000000003,192000000000000005,2024-10-21,2106,557,0.264482,3,20564344,36920,0.51,69.87
191000000000000004,192000000000000006,2024-10-21,5193,1345,0.259003,26,41128689,30579,3.02,203.1
191000000000000001,192000000000000001,2024-10-22,3982,820,0.205927,4,24364417,29713,0.47,20.5
191000000000000001,192000000000000002,2024-10-22,4109,966,0.235094,9,27099036,28053,0.35,40.54
191000000000000002,192000000000000003,2024-10-22,1190,398,0.334454,7,14754147,37071,0.83,44.42
191000000000000002,192000000000000004,2024-10-22,1939,527,0.27179,10,14653541,27806,1.14,133.31
191000000000000003,192000000000000005,2024-10-22,2015,622,0.308685,6,22055766,35459,0.68,32.73
191000000000000004,192000000000000006,2024-10-22,3225,1051,0.325891,19,44111531,41971,1.61,95.86
191000000000000001,192000000000000001,2024-10-23,2847,794,0.27889,5,23290741,29333,0.39,44.98
191000000000000001,192000000000000002,2024-10-23,5669,1600,0.282237,15,24468588,15293,0.67,84.93
191000000000000002,192000000000000003,2024-10-23,927,315,0.339806,4,12192899,38708,1.0,110.56
191000000000000002,192000000000000004,2024-10-23,1304,370,0.283742,7,15098146,40806,0.92,68.7
191000000000000003,192000000000000005,2024-10-23,2906,812,0.279422,6,20468284,25207,0.87,71.2
191000000000000004,192000000000000006,2024-10-23,5516,1596,0.28934,31,40936568,25649,4.05,280.77
191000000000000001,192000000000000001,2024-10-24,4258,971,0.228041,10,26506350,27298,0.37,15.84
191000000000000001,192000000000000002,2024-10-24,5648,1607,0.284525,6,30062665,18707,0.8,63.58
191000000000000002,192000000000000003,2024-10-24,2202,618,0.280654,8,15411726,24938,1.39,114.07
191000000000000002,192000000000000004,2024-10-24,1915,579,0.30235,11,16913425,29211,1.35,132.01
191000000000000003,192000000000000005,2024-10-24,2492,652,0.261637,4,24243864,37184,0.66,64.37
191000000000000004,192000000000000006,2024-10-24,5819,1483,0.254855,26,48487727,32696,3.31,264.72
191000000000000001,192000000000000001,2024-10-25,4911,1020,0.207697,7,19522797,19140,0.55,59.45
191000000000000001,192000000000000002,2024-10-25,6088,1382,0.227004,13,26754923,19360,0.63,81.17
191000000000000002,192000000000000003,2024-10-25,1413,426,0.301486,6,13154363,30879,1.26,135.1
191000000000000002,192000000000000004,2024-10-25,1561,416,0.266496,6,13290049,31947,1.23,62.11
191000000000000003,192000000000000005,2024-10-25,3797,969,0.255201,13,19833309,20468,0.89,113.77
191000000000000004,192000000000000006,2024-10-25,3718,1074,0.288865,13,39666618,36934,1.85,176.25
191000000000000001,192000000000000001,2024-10-26,3345,979,0.292676,10,26528496,27098,0.38,49.42
191000000000000001,192000000000000002,2024-10-26,3371,800,0.237318,9,25567317,31959,0.44,43.31
191000000000000002,192000000000000003,2024-10-26,940,315,0.335106,3,13349362,42379,0.96,88.39
191000000000000002,192000000000000004,2024-10-26,1770,491,0.277401,5,16419675,33441,1.57,210.32
191000000000000003,192000000000000005,2024-10-26,2706,792,0.292683,8,22326777,28190,0.54,62.79
191000000000000004,192000000000000006,2024-10-26,4916,1327,0.269935,20,44653555,33650,3.59,441.92
191000000000000001,192000000000000001,2024-10-27,7020,1716,0.244444,12,27311435,15916,0.83,108.35
191000000000000001,192000000000000002,2024-10-27,3461,952,0.275065,10,22173088,23291,0.34,22.65
191000000000000002,192000000000000003,2024-10-27,883,306,0.346546,5,13062910,42689,0.7,67.11
191000000000000002,192000000000000004,2024-10-27,1521,472,0.310322,8,15213960,32233,1.47,83.56
191000000000000003,192000000000000005,2024-10-27,4202,1126,0.267968,11,21207653,18835,1.29,105.13
191000000000000004,192000000000000006,2024-10-27,3281,986,0.300518,10,42415305,43018,1.47,161.11
191000000000000001,192000000000000001,2024-10-28,3150,758,0.240635,4,23341863,30794,0.27,32.81
191000000000000001,192000000000000002,2024-10-28,6021,1310,0.217572,7,22880464,17466,0.48,43.17
191000000000000002,192000000000000004,2024-10-28,2207,569,0.257816,9,11763776,20674,1.57,160.2
191000000000000003,192000000000000005,2024-10-28,1940,576,0.296907,4,19809568,34392,0.52,60.23
191000000000000004,192000000000000006,2024-10-28,4065,1023,0.251661,13,39619137,38728,2.78,246.45
191000000000000001,192000000000000001,2024-10-29,3004,693,0.230692,8,22710779,32772,0.43,51.67
191000000000000001,192000000000000002,2024-10-29,2685,677,0.252142,3,19860809,29336,0.36,33.47
191000000000000002,192000000000000003,2024-10-29,1332,357,0.268018,5,12194020,34157,0.99,113.16
191000000000000002,192000000000000004,2024-10-29,1642,545,0.331912,9,12132602,22262,1.68,106.86
191000000000000003,192000000000000005,2024-10-29,3318,970,0.292345,10,18244967,18809,0.93,102.82
191000000000000004,192000000000000006,2024-10-29,3869,1088,0.28121,13,36489933,33539,2.37,149.94
191000000000000001,192000000000000001,2024-10-30,4168,1089,0.261276,8,31311718,28753,0.48,42.4
191000000000000001,192000000000000002,2024-10-30,4703,1086,0.230916,5,28006468,25789,0.64,78.43
191000000000000002,192000000000000003,2024-10-30,1253,421,0.335994,6,15381882,36537,1.29,143.29
191000000000000002,192000000000000004,2024-10-30,1616,500,0.309406,6,18514225,37028,1.15,127.56
191000000000000003,192000000000000005,2024-10-30,4728,1145,0.242174,13,25422080,22203,0.95,100.97
191000000000000004,192000000000000006,2024-10-30,4206,1104,0.262482,17,50844160,46054,2.32,101.55
191000000000000001,192000000000000001,2024-10-31,2579,696,0.269872,3,21771059,31280,0.25,11.71
191000000000000001,192000000000000002,2024-10-31,3267,818,0.250383,10,19188448,23458,0.38,25.9
191000000000000002,192000000000000003,2024-10-31,778,252,0.323907,4,10767839,42730,0.65,79.17
191000000000000002,192000000000000004,2024-10-31,1292,361,0.279412,7,12637594,35007,1.06,62.21
191000000000000003,192000000000000005,2024-10-31,1662,498,0.299639,4,17554074,35249,0.56,44.85
191000000000000004,192000000000000006,2024-10-31,2662,759,0.285124,13,35108148,46256,1.22,166.38
191000000000000001,192000000000000001,2024-11-01,5045,1092,0.216452,9,22589133,20686,0.52,65.41
191000000000000001,192000000000000002,2024-11-01,2160,568,0.262963,5,19596031,34500,0.33,32.88
191000000000000002,192000000000000003,2024-11-01,1132,326,0.287986,5,12223067,37494,0.81,89.75
191000000000000002,192000000000000004,2024-11-01,1008,273,0.270833,6,11882741,43527,0.84,73.68
191000000000000003,192000000000000005,2024-11-01,1974,526,0.266464,7,18079356,34371,0.52,40.58
191000000000000004,192000000000000006,2024-11-01,3480,1111,0.319253,11,36158712,32546,2.46,179.56
191000000000000001,192000000000000001,2024-11-02,4288,1024,0.238806,12,24835904,24254,0.56,49.07
191000000000000001,192000000000000002,2024-11-02,2070,541,0.261353,4,18275263,33781,0.29,33.08
191000000000000002,192000000000000003,2024-11-02,1126,359,0.318828,4,10461374,29140,0.72,56.83
191000000000000003,192000000000000005,2024-11-02,2250,682,0.303111,5,18476215,27091,0.62,70.59
191000000000000004,192000000000000006,2024-11-02,3940,1363,0.345939,15,36952429,27111,2.2,239.94
191000000000000001,192000000000000001,2024-11-03,3360,975,0.290179,5,30018475,30788,0.55,59.44
191000000000000001,192000000000000002,2024-11-03,3981,1006,0.2527,7,28629018,28458,0.43,25.41
191000000000000002,192000000000000003,2024-11-03,1713,447,0.260946,6,16105815,36031,1.26,131.18
191000000000000002,192000000000000004,2024-11-03,1853,541,0.291959,7,17407038,32176,1.31,122.39
191000000000000003,192000000000000005,2024-11-03,3504,1028,0.293379,6,25134640,24450,0.96,111.99
191000000000000004,192000000000000006,2024-11-03,5101,1385,0.271515,24,50269280,36296,3.55,443.73
191000000000000001,192000000000000001,2024-11-04,5033,1087,0.215975,8,28752839,26452,0.38,15.62
191000000000000001,192000000000000002,2024-11-04,3897,1022,0.262253,6,28793946,28174,0.4,18.31
191000000000000002,192000000000000003,2024-11-04,2032,540,0.265748,9,16184738,29972,1.06,104.47
191000000000000002,192000000000000004,2024-11-04,1507,513,0.340411,5,16699140,32552,1.54,116.09
191000000000000003,192000000000000005,2024-11-04,2955,763,0.258206,9,24662908,32324,0.64,29.6
191000000000000004,192000000000000006,2024-11-04,4013,1087,0.27087,17,49325816,45378,2.18,237.12
191000000000000001,192000000000000001,2024-11-05,6404,1668,0.260462,17,30694157,18402,0.61,39.26
191000000000000001,192000000000000002,2024-11-05,6160,1235,0.200487,16,37485918,30353,0.6,83.68
191000000000000002,192000000000000003,2024-11-05,1273,413,0.32443,4,17863670,43253,1.35,61.51
191000000000000002,192000000000000004,2024-11-05,2133,605,0.283638,12,21096373,34870,1.41,133.88
191000000000000003,192000000000000005,2024-11-05,2644,772,0.291982,9,29220032,37850,0.86,100.25
191000000000000004,192000000000000006,2024-11-05,4460,1183,0.265247,18,58440064,49400,2.46,125.59
191000000000000001,192000000000000001,2024-11-06,5753,1469,0.255345,12,35541042,24194,0.79,61.03
191000000000000001,192000000000000002,2024-11-06,7095,1836,0.258774,10,34004326,18521,0.91,96.42
191000000000000002,192000000000000003,2024-11-06,2222,680,0.306031,7,17979444,26440,1.66,175.23
191000000000000002,192000000000000004,2024-11-06,2730,937,0.343223,10,21760767,23224,2.39,306.4
191000000000000003,192000000000000005,2024-11-06,5839,1516,0.259633,18,29805158,19660,1.45,59.95
191000000000000004,192000000000000006,2024-11-06,5110,1285,0.251468,30,59610316,46389,3.27,170.97
191000000000000001,192000000000000001,2024-11-07,7758,1778,0.229183,22,33726931,18969,1.05,124.7
191000000000000001,192000000000000002,2024-11-07,3394,1016,0.299352,7,34307150,33767,0.4,51.29
191000000000000002,192000000000000003,2024-11-07,2662,859,0.32269,13,17594589,20483,2.22,282.09
191000000000000002,192000000000000004,2024-11-07,2546,688,0.270228,15,21282029,30933,1.31,108.64
191000000000000003,192000000000000005,2024-11-07,5410,1513,0.279667,15,29157464,19271,1.45,99.22
191000000000000004,192000000000000006,2024-11-07,6092,1941,0.318615,36,58314927,30044,4.3,487.29
191000000000000001,192000000000000001,2024-11-08,3916,807,0.206078,10,24928704,30891,0.49,40.9
191000000000000001,192000000000000002,2024-11-08,4649,1156,0.248656,6,29262803,25314,0.59,68.53
191000000000000002,192000000000000003,2024-11-08,1657,504,0.304164,9,16105046,31954,1.02,64.85
191000000000000002,192000000000000004,2024-11-08,1950,599,0.307179,10,14861530,24811,1.65,229.64
191000000000000003,192000000000000005,2024-11-08,4049,1064,0.262781,10,23224932,21828,1.0,114.08
191000000000000004,192000000000000006,2024-11-08,5167,1392,0.269402,17,46449864,33369,3.65,307.48
191000000000000001,192000000000000001,2024-11-09,5399,1517,0.280978,6,29198619,19248,0.72,90.9
191000000000000001,192000000000000002,2024-11-09,9684,2382,0.245973,20,36687131,15402,1.09,88.77
191000000000000002,192000000000000003,2024-11-09,2164,641,0.296211,10,20296564,31664,2.1,117.18
191000000000000002,192000000000000004,2024-11-09,1535,421,0.274267,5,17352436,41217,1.08,51.7
191000000000000003,192000000000000005,2024-11-09,6502,1505,0.231467,12,28236750,18762,1.68,209.91
191000000000000004,192000000000000006,2024-11-09,4901,1430,0.291777,24,56473500,39492,2.84,132.91
191000000000000001,192000000000000001,2024-11-10,5164,1067,0.206623,15,35172748,32964,0.54,33.8
191000000000000001,192000000000000002,2024-11-10,5668,1365,0.240826,10,35709542,26161,0.59,54.13
191000000000000002,192000000000000003,2024-11-10,3077,789,0.256419,13,19432329,24629,2.41,330.09
191000000000000002,192000000000000004,2024-11-10,1577,542,0.343691,5,21071836,38878,1.14,55.35
191000000000000003,192000000000000005,2024-11-10,5238,1567,0.29916,18,30378124,19386,1.43,157.67
191000000000000004,192000000000000006,2024-11-10,8706,2195,0.252125,29,60756248,27679,5.68,271.3
191000000000000001,192000000000000002,2024-11-11,3402,875,0.257202,8,29356798,33551,0.32,16.05
191000000000000002,192000000000000003,2024-11-11,1709,571,0.334114,5,19531977,34207,1.72,147.13
191000000000000002,192000000000000004,2024-11-11,1627,508,0.312231,7,20299036,39959,1.09,107.34
191000000000000003,192000000000000005,2024-11-11,5245,1580,0.301239,9,29873259,18907,1.63,205.41
191000000000000004,192000000000000006,2024-11-11,8685,2202,0.253541,38,59746518,27133,5.19,391.21
191000000000000006,192000000000000008,2024-11-11,11086,10385,0.936767,6,92001884,8859,1.27,104.64
191000000000000001,192000000000000001,2024-11-12,3368,973,0.288895,9,32170294,33063,0.57,44.89
191000000000000001,192000000000000002,2024-11-12,4642,1068,0.230073,11,31875032,29846,0.57,61.0
191000000000000002,192000000000000003,2024-11-12,2212,612,0.276673,12,20976954,34276,1.37,100.69
191000000000000002,192000000000000004,2024-11-12,2134,586,0.274602,9,15620375,26656,1.07,111.99
191000000000000003,192000000000000005,2024-11-12,3408,981,0.287852,10,27447997,27980,0.75,97.14
191000000000000004,192000000000000006,2024-11-12,3896,1136,0.291581,21,54895994,48324,2.33,126.96
191000000000000006,192000000000000008,2024-11-12,6087,5860,0.962707,5,107618180,18365,0.8,105.88
191000000000000001,192000000000000001,2024-11-13,2912,767,0.263393,3,23499176,30638,0.31,29.67
191000000000000001,192000000000000002,2024-11-13,3590,1074,0.299164,4,24212421,22544,0.64,86.96
191000000000000002,192000000000000003,2024-11-13,1082,308,0.284658,6,12353388,40108,0.99,108.17
191000000000000002,192000000000000004,2024-11-13,1641,439,0.26752,8,14910382,33964,1.43,155.49
191000000000000003,192000000000000005,2024-11-13,2562,641,0.250195,7,20447827,31900,0.49,65.16
191000000000000006,192000000000000008,2024-11-13,12012,11193,0.931818,6,114765825,10253,1.5,99.27
191000000000000001,192000000000000001,2024-11-14,3961,1181,0.298157,10,25259058,21388,0.57,60.4
191000000000000001,192000000000000002,2024-11-14,3308,913,0.275998,3,24351267,26672,0.33,30.33
191000000000000002,192000000000000003,2024-11-14,1131,393,0.34748,4,15856938,40348,1.26,97.52
191000000000000002,192000000000000004,2024-11-14,878,278,0.316629,3,12491819,44935,0.87,119.14
191000000000000003,192000000000000005,2024-11-14,2637,755,0.28631,7,21261568,28161,0.54,70.8
191000000000000004,192000000000000006,2024-11-14,4732,1592,0.336433,23,42523135,26711,2.78,274.8
191000000000000006,192000000000000008,2024-11-14,8373,8128,0.970739,10,147514700,18149,1.27,108.12
191000000000000001,192000000000000001,2024-11-15,3793,1137,0.299763,6,29133034,25623,0.63,39.86
191000000000000001,192000000000000002,2024-11-15,5352,1197,0.223655,12,33235218,27765,0.58,50.52
191000000000000002,192000000000000003,2024-11-15,1603,463,0.288833,8,18022229,38925,1.37,62.96
191000000000000002,192000000000000004,2024-11-15,1738,511,0.294016,7,17616772,34475,1.1,138.11
191000000000000003,192000000000000005,2024-11-15,3091,973,0.314785,6,26729251,27471,0.73,87.44
191000000000000004,192000000000000006,2024-11-15,3296,1152,0.349515,17,53458502,46405,3.1,316.96
191000000000000006,192000000000000008,2024-11-15,12957,11764,0.907926,15,139787426,11883,1.13,117.34
191000000000000001,192000000000000001,2024-11-16,3982,914,0.229533,8,27073551,29621,0.44,17.97
191000000000000001,192000000000000002,2024-11-16,3191,776,0.243184,8,26180854,33738,0.4,40.88
191000000000000002,192000000000000003,2024-11-16,1383,348,0.251627,6,14633462,42050,0.8,56.89
191000000000000002,192000000000000004,2024-11-16,1326,449,0.338612,5,15797627,35184,1.39,148.28
191000000000000003,192000000000000005,2024-11-16,4123,1237,0.300024,7,22823316,18451,1.35,63.46
191000000000000004,192000000000000006,2024-11-16,5013,1748,0.348693,15,45646633,26114,4.17,343.2
191000000000000006,192000000000000008,2024-11-16,15092,14060,0.931619,17,148242683,10544,2.0,113.15
191000000000000001,192000000000000001,2024-11-17,4409,1102,0.249943,5,26018721,23610,0.43,54.44
191000000000000001,192000000000000002,2024-11-17,4560,1248,0.273684,14,28475424,22817,0.49,54.37
191000000000000002,192000000000000003,2024-11-17,2770,739,0.266787,13,14856425,20103,1.5,96.31
191000000000000002,192000000000000004,2024-11-17,2298,643,0.279809,11,16283087,25324,1.62,174.78
191000000000000003,192000000000000005,2024-11-17,3034,922,0.303889,6,23354634,25330,0.85,87.25
191000000000000004,192000000000000006,2024-11-17,4662,1266,0.271557,18,46709267,36895,2.04,163.48
191000000000000006,192000000000000008,2024-11-17,14669,13306,0.907083,13,180581459,13571,1.67,92.9
191000000000000001,192000000000000001,2024-11-18,5430,1346,0.247882,11,27675272,20561,0.85,40.24
191000000000000001,192000000000000002,2024-11-18,4349,1132,0.26029,7,38985756,34440,0.64,38.25
191000000000000002,192000000000000003,2024-11-18,3677,952,0.258907,15,21968448,23076,2.64,293.81
191000000000000002,192000000000000004,2024-11-18,1860,585,0.314516,7,16123569,27562,1.89,165.26
191000000000000003,192000000000000005,2024-11-18,3636,930,0.255776,10,28569012,30719,0.89,103.68
191000000000000004,192000000000000006,2024-11-18,7055,1969,0.279093,34,57138024,29019,4.83,201.4
191000000000000006,192000000000000008,2024-11-18,17876,16674,0.932759,14,151237118,9070,2.7,258.9
191000000000000001,192000000000000001,2024-11-19,4087,968,0.236849,10,29408229,30380,0.54,58.83
191000000000000001,192000000000000002,2024-11-19,6138,1706,0.277941,11,28147690,16499,0.97,95.05
191000000000000002,192000000000000003,2024-11-19,2391,779,0.325805,14,17207911,22090,2.25,124.61
191000000000000002,192000000000000004,2024-11-19,1319,430,0.326005,7,15681186,36468,1.04,129.57
191000000000000003,192000000000000005,2024-11-19,3101,808,0.260561,7,24666823,30528,0.62,44.51
191000000000000006,192000000000000008,2024-11-19,14164,13880,0.979949,8,146264150,10538,1.46,64.62
191000000000000001,192000000000000001,2024-11-20,3692,1083,0.293337,5,24280590,22420,0.49,58.72
191000000000000001,192000000000000002,2024-11-20,4004,1141,0.284965,8,30629382,26844,0.62,57.01
191000000000000002,192000000000000003,2024-11-20,2973,762,0.256307,13,17883525,23469,2.29,95.24
191000000000000002,192000000000000004,2024-11-20,1198,381,0.31803,7,13493601,35416,1.09,148.46
191000000000000003,192000000000000005,2024-11-20,3268,814,0.249082,10,23532845,28910,0.8,74.16
191000000000000004,192000000000000006,2024-11-20,3076,963,0.313069,17,47065690,48874,1.87,173.05
191000000000000006,192000000000000008,2024-11-20,12978,12476,0.961319,18,108419808,8690,1.23,73.91
191000000000000001,192000000000000001,2024-11-21,6908,1658,0.240012,18,30774238,18561,0.64,41.21
191000000000000001,192000000000000002,2024-11-21,5279,1092,0.206857,6,28037400,25675,0.71,83.36
191000000000000002,192000000000000003,2024-11-21,1696,524,0.308962,6,18636601,35566,1.47,90.41
191000000000000002,192000000000000004,2024-11-21,1447,427,0.295093,4,14970049,35059,1.06,68.43
191000000000000003,192000000000000005,2024-11-21,2591,685,0.264377,4,25204988,36796,0.53,24.42
191000000000000004,192000000000000006,2024-11-21,6462,1910,0.295574,36,50409975,26393,4.82,304.29
191000000000000006,192000000000000008,2024-11-21,7851,7152,0.910967,9,108504307,15171,1.12,66.12
191000000000000001,192000000000000001,2024-11-22,4022,1124,0.279463,12,29534829,26277,0.5,47.82
191000000000000001,192000000000000002,2024-11-22,5942,1446,0.243352,15,29299295,20262,0.91,126.35
191000000000000002,192000000000000003,2024-11-22,1353,429,0.317073,7,17445031,40664,1.31,153.34
191000000000000002,192000000000000004,2024-11-22,2035,575,0.282555,7,16174468,28130,1.8,137.55
191000000000000003,192000000000000005,2024-11-22,3257,880,0.270187,8,25214625,28653,0.58,45.72
191000000000000006,192000000000000008,2024-11-22,11392,10768,0.945225,10,99319819,9224,1.78,117.82
191000000000000001,192000000000000001,2024-11-23,2602,773,0.297079,4,23080575,29858,0.41,49.81
191000000000000001,192000000000000002,2024-11-23,3133,813,0.259496,7,27108585,33344,0.45,59.93
191000000000000002,192000000000000003,2024-11-23,1395,422,0.302509,4,13385178,31718,1.36,101.41
191000000000000002,192000000000000004,2024-11-23,1436,421,0.293175,7,15294342,36329,1.42,61.84
191000000000000003,192000000000000005,2024-11-23,4341,1179,0.271596,9,21509640,18244,1.0,112.61
191000000000000004,192000000000000006,2024-11-23,3614,1069,0.295794,15,43019280,40243,1.95,270.53
191000000000000006,192000000000000008,2024-11-23,7393,7040,0.952252,5,97066024,13788,0.72,74.64
191000000000000001,192000000000000001,2024-11-24,4051,907,0.223895,5,26286112,28981,0.52,26.66
191000000000000001,192000000000000002,2024-11-24,3738,1002,0.268058,4,34779991,34711,0.49,32.86
191000000000000002,192000000000000003,2024-11-24,2673,748,0.279835,12,16884537,22573,1.76,195.16
191000000000000002,192000000000000004,2024-11-24,1676,492,0.293556,5,18010379,36606,1.44,122.08
191000000000000003,192000000000000005,2024-11-24,4773,1449,0.303583,16,26171187,18062,1.66,229.89
191000000000000004,192000000000000006,2024-11-24,5420,1385,0.255535,23,52342374,37792,2.54,122.05
191000000000000006,192000000000000008,2024-11-24,8198,7800,0.951452,6,119758488,15354,1.27,170.92
191000000000000001,192000000000000001,2024-11-25,3101,782,0.252177,4,24149390,30882,0.28,23.41
191000000000000001,192000000000000002,2024-11-25,3150,736,0.233651,9,24477286,33257,0.32,36.27
191000000000000002,192000000000000003,2024-11-25,1681,433,0.257585,8,14342056,33123,1.22,74.49
191000000000000002,192000000000000004,2024-11-25,1747,538,0.307956,9,13444616,24990,1.01,108.67
191000000000000003,192000000000000005,2024-11-25,2053,567,0.276181,5,20840004,36755,0.44,54.62
191000000000000004,192000000000000006,2024-11-25,3248,847,0.260776,15,41680008,49209,1.27,69.85
191000000000000006,192000000000000008,2024-11-25,8895,8309,0.93412,9,163523181,19680,1.32,91.58
191000000000000001,192000000000000001,2024-11-26,6717,1409,0.209766,8,48419792,34365,0.6,66.25
191000000000000001,192000000000000002,2024-11-26,4470,1255,0.280761,5,36705594,29247,0.69,84.06
191000000000000002,192000000000000003,2024-11-26,2713,792,0.291928,9,22649803,28598,2.46,178.21
191000000000000002,192000000000000004,2024-11-26,3191,913,0.286117,12,25993275,28470,2.61,332.07
191000000000000003,192000000000000005,2024-11-26,7440,1876,0.252151,15,36482308,19447,1.47,193.16
191000000000000004,192000000000000006,2024-11-26,5251,1623,0.309084,24,72964616,44957,3.15,206.95
191000000000000006,192000000000000008,2024-11-26,9445,8671,0.918052,9,157126619,18121,0.87,50.81
191000000000000001,192000000000000001,2024-11-27,5340,1288,0.241199,11,35775612,27776,0.46,32.63
191000000000000001,192000000000000002,2024-11-27,2839,826,0.290948,7,25840012,31283,0.37,47.0
191000000000000002,192000000000000003,2024-11-27,1913,481,0.251438,8,18895532,39284,0.88,45.68
191000000000000002,192000000000000004,2024-11-27,1518,390,0.256917,5,16313396,41829,0.89,101.56
191000000000000003,192000000000000005,2024-11-27,3973,1054,0.265291,9,26406696,25054,1.11,93.78
191000000000000004,192000000000000006,2024-11-27,4461,1330,0.298139,15,52813392,39709,2.92,148.22
191000000000000006,192000000000000008,2024-11-27,19336,18474,0.95542,10,202312414,10951,2.68,140.24
191000000000000001,192000000000000001,2024-11-28,7498,1616,0.215524,11,32756070,20270,0.71,33.3
191000000000000001,192000000000000002,2024-11-28,7206,2034,0.282265,12,34613112,17017,1.0,45.48
191000000000000002,192000000000000003,2024-11-28,1792,566,0.315848,8,18175109,32112,1.59,179.88
191000000000000002,192000000000000004,2024-11-28,3241,941,0.290342,13,20321567,21596,2.15,200.04
191000000000000003,192000000000000005,2024-11-28,6247,1433,0.22939,14,28872507,20148,1.32,99.82
191000000000000004,192000000000000006,2024-11-28,3625,1236,0.340966,16,57745013,46719,2.67,351.65
191000000000000006,192000000000000008,2024-11-28,11710,11147,0.951921,6,195611768,17548,1.24,72.39
191000000000000001,192000000000000001,2024-11-29,4490,1297,0.288864,9,39907937,30769,0.47,20.82
191000000000000001,192000000000000002,2024-11-29,5412,1399,0.2585,7,35133819,25114,0.75,33.0
191000000000000002,192000000000000003,2024-11-29,2537,768,0.30272,9,22528923,29335,2.46,227.89
191000000000000002,192000000000000004,2024-11-29,1774,598,0.337091,7,20352080,34034,1.38,159.45
191000000000000003,192000000000000005,2024-11-29,5427,1342,0.247282,17,32160752,23965,0.89,44.84
191000000000000004,192000000000000006,2024-11-29,4245,1396,0.328857,23,64321505,46076,3.66,190.53
191000000000000006,192000000000000008,2024-11-29,8858,8396,0.947844,6,118829530,14153,1.4,135.01
191000000000000001,192000000000000001,2024-11-30,10166,2470,0.242967,21,37342635,15118,1.07,134.42
191000000000000001,192000000000000002,2024-11-30,4419,1060,0.239873,9,30175274,28467,0.65,59.85
191000000000000002,192000000000000003,2024-11-30,2281,727,0.31872,14,18057439,24838,1.68,74.62
191000000000000002,192000000000000004,2024-11-30,1681,572,0.340274,8,20524223,35882,1.66,177.12
191000000000000003,192000000000000005,2024-11-30,4615,1060,0.229686,10,28936247,27298,0.88,106.79
191000000000000004,192000000000000006,2024-11-30,7677,2184,0.284486,27,57872494,26498,5.48,522.0
191000000000000001,192000000000000001,2024-12-01,5941,1386,0.233294,18,41062604,29627,0.61,39.08
191000000000000001,192000000000000002,2024-12-01,3957,1034,0.261309,7,35373692,34211,0.58,54.1
191000000000000002,192000000000000003,2024-12-01,2747,918,0.334183,16,25118402,27362,2.4,273.92
191000000000000002,192000000000000004,2024-12-01,1399,432,0.308792,5,18559481,42962,0.87,60.11
191000000000000003,192000000000000005,2024-12-01,5216,1243,0.238305,16,32758413,26354,1.27,108.03
191000000000000004,192000000000000006,2024-12-01,7612,1959,0.257357,38,65516825,33444,4.26,175.72
191000000000000001,192000000000000001,2024-12-02,7844,1776,0.226415,10,31857131,17938,0.96,45.12
191000000000000001,192000000000000002,2024-12-02,4365,978,0.224055,8,31904323,32622,0.43,22.21
191000000000000002,192000000000000003,2024-12-02,1498,415,0.277036,6,18399497,44336,0.92,115.49
191000000000000002,192000000000000004,2024-12-02,2320,607,0.261638,11,18035619,29713,1.95,187.59
191000000000000003,192000000000000005,2024-12-02,6053,1397,0.230795,14,27326337,19561,0.96,57.62
191000000000000004,192000000000000006,2024-12-02,4697,1556,0.331275,24,54652675,35124,3.1,245.38
191000000000000001,192000000000000001,2024-12-03,6212,1666,0.268191,12,36272998,21773,0.82,94.97
191000000000000001,192000000000000002,2024-12-03,7780,1717,0.220694,17,39435447,22968,1.07,50.48
191000000000000002,192000000000000003,2024-12-03,2581,899,0.348315,13,24123497,26834,3.03,369.19
191000000000000002,192000000000000004,2024-12-03,1703,463,0.271873,8,19138471,41336,1.5,108.02
191000000000000003,192000000000000005,2024-12-03,5884,1328,0.225697,20,32446477,24433,1.46,116.96
191000000000000004,192000000000000006,2024-12-03,4468,1545,0.345792,19,64892953,42002,3.68,233.3
191000000000000001,192000000000000001,2024-12-04,5710,1568,0.274606,8,25524453,16278,0.55,23.79
191000000000000001,192000000000000002,2024-12-04,8535,2005,0.234915,14,31046843,15485,0.93,42.84
191000000000000002,192000000000000003,2024-12-04,1101,338,0.306994,3,14318282,42362,0.75,41.07
191000000000000002,192000000000000004,2024-12-04,1823,579,0.317608,10,18008173,31102,1.71,160.37
191000000000000003,192000000000000005,2024-12-04,2622,689,0.262777,9,24244841,35188,0.68,35.99
191000000000000004,192000000000000006,2024-12-04,4793,1626,0.339245,18,48489682,29821,3.59,388.06
191000000000000001,192000000000000001,2024-12-05,4631,991,0.213993,6,26831735,27075,0.55,52.36
191000000000000001,192000000000000002,2024-12-05,4916,1470,0.299024,7,29686979,20195,0.71,52.28
191000000000000002,192000000000000003,2024-12-05,1233,400,0.324412,7,15098419,37746,0.82,100.96
191000000000000002,192000000000000004,2024-12-05,1735,551,0.317579,7,17197989,31212,1.74,78.02
191000000000000003,192000000000000005,2024-12-05,3075,978,0.318049,7,24222306,24767,0.71,66.47
191000000000000004,192000000000000006,2024-12-05,5016,1729,0.344697,21,48444612,28019,3.02,132.82
191000000000000001,192000000000000001,2024-12-06,4867,1261,0.259092,8,30969151,24559,0.45,54.02
191000000000000001,192000000000000002,2024-12-06,7185,2144,0.298399,21,33899317,15811,0.75,40.3
191000000000000002,192000000000000003,2024-12-06,1358,474,0.349043,7,19824072,41823,0.87,42.04
191000000000000002,192000000000000004,2024-12-06,1928,557,0.2889,12,17243623,30958,1.39,129.34
191000000000000003,192000000000000005,2024-12-06,4001,920,0.229943,12,27800772,30218,0.98,132.55
191000000000000004,192000000000000006,2024-12-06,7788,2151,0.276194,30,55601543,25849,3.45,376.52
191000000000000001,192000000000000001,2024-12-07,3179,796,0.250393,9,23845988,29957,0.48,19.41
191000000000000001,192000000000000002,2024-12-07,4911,1163,0.236815,12,23883316,20536,0.49,44.32
191000000000000002,192000000000000003,2024-12-07,990,340,0.343434,5,14993692,44099,0.97,69.75
191000000000000002,192000000000000004,2024-12-07,1142,335,0.293345,5,12280196,36657,0.88,104.52
191000000000000003,192000000000000005,2024-12-07,2123,640,0.30146,5,20455416,31962,0.71,31.23
191000000000000004,192000000000000006,2024-12-07,4024,1009,0.250746,17,40910832,40546,1.99,90.75
191000000000000001,192000000000000002,2024-12-08,2527,727,0.287693,6,22694717,31217,0.28,35.87
191000000000000002,192000000000000003,2024-12-08,1403,452,0.322167,4,13232213,29275,1.12,126.84
191000000000000002,192000000000000004,2024-12-08,1432,412,0.287709,6,13010799,31580,1.05,94.39
191000000000000003,192000000000000005,2024-12-08,2493,612,0.245487,5,19682259,32161,0.67,78.24
191000000000000004,192000000000000006,2024-12-08,3330,1134,0.340541,10,39364519,34713,1.81,73.17
191000000000000001,192000000000000001,2024-12-09,4411,1006,0.228066,5,23672072,23531,0.58,34.36
191000000000000001,192000000000000002,2024-12-09,2537,757,0.298384,8,26084710,34458,0.35,38.12
191000000000000002,192000000000000003,2024-12-09,1544,485,0.314119,9,15363042,31676,1.09,75.46
191000000000000002,192000000000000004,2024-12-09,1936,547,0.282541,9,13069404,23893,1.33,134.85
191000000000000003,192000000000000005,2024-12-09,2044,592,0.289628,4,21324335,36021,0.66,63.06
191000000000000004,192000000000000006,2024-12-09,4477,1337,0.298637,22,42648670,31899,2.7,326.02
191000000000000001,192000000000000001,2024-12-10,4055,956,0.235758,4,24158920,25271,0.56,27.11
191000000000000001,192000000000000002,2024-12-10,3158,680,0.215326,3,21909075,32219,0.34,42.4
191000000000000002,192000000000000003,2024-12-10,1181,330,0.279424,7,12879837,39030,0.83,71.44
191000000000000002,192000000000000004,2024-12-10,2641,667,0.252556,15,13444732,20157,1.61,204.04
191000000000000003,192000000000000005,2024-12-10,3428,804,0.234539,11,19743427,24557,0.55,59.05
191000000000000004,192000000000000006,2024-12-10,2820,792,0.280851,12,39486853,49857,1.44,109.68
191000000000000001,192000000000000001,2024-12-11,3258,845,0.259362,5,20847211,24671,0.47,57.56
191000000000000001,192000000000000002,2024-12-11,2369,560,0.236387,5,17251370,30806,0.3,33.85
191000000000000002,192000000000000003,2024-12-11,1733,536,0.30929,6,12100634,22576,1.6,133.21
191000000000000002,192000000000000004,2024-12-11,885,296,0.334463,5,9669984,32669,0.97,81.84
191000000000000003,192000000000000005,2024-12-11,2537,666,0.262515,7,16327963,24516,0.5,43.95
191000000000000004,192000000000000006,2024-12-11,4774,1272,0.266443,20,32655927,25673,2.9,129.18
191000000000000001,192000000000000001,2024-12-12,6827,1384,0.202724,15,21338859,15418,0.86,97.5
191000000000000001,192000000000000002,2024-12-12,6177,1648,0.266796,8,27557682,16722,0.88,68.0
191000000000000002,192000000000000003,2024-12-12,1337,394,0.29469,8,13671253,34699,0.9,95.83
191000000000000002,192000000000000004,2024-12-12,1387,352,0.253785,6,14269627,40539,1.18,136.43
191000000000000003,192000000000000005,2024-12-12,2974,670,0.225286,10,20955661,31277,0.77,102.79
191000000000000004,192000000000000006,2024-12-12,4276,1239,0.289757,21,41911321,33827,1.88,104.61
191000000000000001,192000000000000001,2024-12-13,3813,1122,0.294256,6,26382263,23514,0.56,25.5
191000000000000001,192000000000000002,2024-12-13,5182,1326,0.255886,13,23686938,17863,0.78,51.02
191000000000000002,192000000000000003,2024-12-13,1367,433,0.316752,4,14428095,33321,0.81,56.59
191000000000000002,192000000000000004,2024-12-13,1663,528,0.317498,6,14182877,26862,1.1,82.27
191000000000000003,192000000000000005,2024-12-13,2254,636,0.282165,7,21458229,33739,0.49,65.0
191000000000000004,192000000000000006,2024-12-13,5277,1556,0.294865,23,42916458,27581,3.81,238.16
191000000000000001,192000000000000001,2024-12-14,3327,717,0.215509,9,21670574,30224,0.3,36.93
191000000000000001,192000000000000002,2024-12-14,3945,823,0.208619,9,26794919,32558,0.47,36.61
191000000000000002,192000000000000003,2024-12-14,1901,499,0.262493,8,15222354,30506,1.68,137.08
191000000000000002,192000000000000004,2024-12-14,880,296,0.336364,3,12472213,42136,0.63,47.51
191000000000000003,192000000000000005,2024-12-14,3770,910,0.241379,13,20770926,22825,0.64,57.77
191000000000000004,192000000000000006,2024-12-14,2708,916,0.338257,10,41541851,45351,1.85,158.41
191000000000000001,192000000000000001,2024-12-15,5632,1307,0.232067,8,30847703,23602,0.78,99.21
191000000000000001,192000000000000002,2024-12-15,6256,1437,0.229699,14,26443123,18402,0.56,35.72
191000000000000002,192000000000000003,2024-12-15,1310,437,0.333588,7,16793192,38428,1.17,143.35
191000000000000002,192000000000000004,2024-12-15,1504,407,0.270612,8,15944423,39175,1.13,111.32
191000000000000003,192000000000000005,2024-12-15,3203,999,0.311895,6,24553211,24578,0.97,120.47
191000000000000004,192000000000000006,2024-12-15,4022,1237,0.307558,24,49106423,39698,2.77,353.06
191000000000000001,192000000000000001,2024-12-16,3529,876,0.248229,5,23973317,27367,0.56,72.78
191000000000000001,192000000000000002,2024-12-16,2438,515,0.211239,7,17620740,34215,0.33,44.72
191000000000000002,192000000000000003,2024-12-16,977,341,0.349028,5,12356230,36235,0.75,60.28
191000000000000002,192000000000000004,2024-12-16,1469,511,0.347856,7,11411802,22332,1.19,82.73
191000000000000003,192000000000000005,2024-12-16,2302,694,0.301477,5,17826024,25686,0.57,41.22
191000000000000004,192000000000000006,2024-12-16,4013,1130,0.281585,13,35652049,31550,2.88,187.62
191000000000000001,192000000000000001,2024-12-17,4005,851,0.212484,9,25124524,29524,0.52,47.89
191000000000000001,192000000000000002,2024-12-17,4647,1033,0.222294,8,28615712,27702,0.49,21.42
191000000000000002,192000000000000003,2024-12-17,1934,630,0.32575,7,14729937,23381,1.43,142.1
191000000000000002,192000000000000004,2024-12-17,1720,512,0.297674,9,15978769,31209,1.61,208.87
191000000000000004,192000000000000006,2024-12-17,5785,1830,0.316335,28,46063059,25171,3.1,363.4
191000000000000001,192000000000000002,2024-12-18,6840,1601,0.234064,18,24926236,15569,0.69,52.78
191000000000000002,192000000000000003,2024-12-18,1696,475,0.280071,7,16031804,33751,1.59,70.4
191000000000000002,192000000000000004,2024-12-18,1234,399,0.323339,5,15602532,39104,1.1,73.88
191000000000000003,192000000000000005,2024-12-18,2464,636,0.258117,4,23725753,37305,0.46,40.35
191000000000000004,192000000000000006,2024-12-18,5895,1616,0.274131,20,47451505,29364,2.62,272.6
191000000000000001,192000000000000001,2024-12-19,4506,1129,0.250555,10,25566552,22645,0.6,25.36
191000000000000001,192000000000000002,2024-12-19,5178,1087,0.209927,10,25520599,23478,0.63,52.11
191000000000000002,192000000000000003,2024-12-19,1550,401,0.25871,7,12915385,32208,0.92,53.32
191000000000000002,192000000000000004,2024-12-19,2253,608,0.269862,7,16277273,26772,2.03,111.3
191000000000000003,192000000000000005,2024-12-19,3490,885,0.253582,11,21894493,24740,0.61,66.5
191000000000000004,192000000000000006,2024-12-19,3888,1338,0.344136,17,43788987,32727,3.14,268.1
191000000000000001,192000000000000001,2024-12-20,4902,1067,0.217666,10,26837891,25153,0.54,67.8
191000000000000001,192000000000000002,2024-12-20,5086,1042,0.204876,11,29962911,28755,0.42,42.47
191000000000000002,192000000000000003,2024-12-20,2523,693,0.274673,14,16204192,23383,1.28,168.95
191000000000000002,192000000000000004,2024-12-20,1494,460,0.307898,8,16253408,35333,1.24,130.1
191000000000000003,192000000000000005,2024-12-20,2434,760,0.312243,5,24343201,32031,0.7,65.62
191000000000000004,192000000000000006,2024-12-20,5283,1766,0.33428,22,48686401,27569,4.32,182.15
191000000000000001,192000000000000001,2024-12-21,2872,630,0.219359,3,19457894,30886,0.24,14.59
191000000000000001,192000000000000002,2024-12-21,3698,997,0.269605,6,22425209,22493,0.46,29.06
191000000000000002,192000000000000003,2024-12-21,1370,470,0.343066,5,10596544,22546,1.38,91.52
191000000000000002,192000000000000004,2024-12-21,1363,467,0.342627,6,13336658,28558,1.26,105.76
191000000000000003,192000000000000005,2024-12-21,2956,795,0.268945,8,17949901,22578,0.6,33.47
191000000000000004,192000000000000006,2024-12-21,2767,775,0.280087,14,35899803,46322,2.09,287.56
191000000000000001,192000000000000001,2024-12-22,7815,2319,0.296737,10,36990553,15951,0.91,58.29
191000000000000001,192000000000000002,2024-12-22,5751,1311,0.22796,12,26198326,19983,0.51,40.54
191000000000000002,192000000000000003,2024-12-22,1968,658,0.33435,7,20089731,30532,2.14,230.28
191000000000000002,192000000000000004,2024-12-22,2186,607,0.277676,10,16018199,26389,1.99,128.6
191000000000000003,192000000000000005,2024-12-22,3925,1148,0.292484,8,27080948,23590,1.16,104.12
191000000000000004,192000000000000006,2024-12-22,3757,1185,0.315411,22,54161896,45706,2.36,300.53
191000000000000001,192000000000000001,2024-12-23,2880,614,0.213194,5,20133913,32791,0.23,16.03
191000000000000001,192000000000000002,2024-12-23,4419,982,0.222222,10,19746851,20109,0.42,41.88
191000000000000002,192000000000000003,2024-12-23,1306,364,0.278714,6,12189053,33486,0.92,94.72
191000000000000002,192000000000000004,2024-12-23,1038,349,0.336224,5,10599955,30372,0.78,49.01
191000000000000003,192000000000000005,2024-12-23,2301,718,0.312038,6,17091756,23805,0.52,71.36
191000000000000004,192000000000000006,2024-12-23,2404,766,0.318636,10,34183512,44626,1.31,111.28
191000000000000001,192000000000000001,2024-12-24,6158,1260,0.204612,14,21433308,17011,0.61,52.42
191000000000000001,192000000000000002,2024-12-24,3208,789,0.245948,9,25944960,32883,0.34,29.36
191000000000000002,192000000000000003,2024-12-24,1847,624,0.337845,8,15588365,24981,1.28,138.8
191000000000000002,192000000000000004,2024-12-24,1323,338,0.25548,6,11484931,33979,1.02,110.05
191000000000000003,192000000000000005,2024-12-24,2386,567,0.237636,4,20304972,35811,0.53,43.74
191000000000000004,192000000000000006,2024-12-24,4463,1346,0.301591,27,40609944,30171,2.72,187.81
191000000000000001,192000000000000001,2024-12-25,4110,935,0.227494,10,23444374,25074,0.37,43.69
191000000000000001,192000000000000002,2024-12-25,4720,1169,0.247669,9,17917496,15327,0.76,57.54
191000000000000002,192000000000000003,2024-12-25,1466,486,0.331514,6,13814333,28425,1.06,57.53
191000000000000002,192000000000000004,2024-12-25,1033,276,0.267183,4,9821021,35583,0.51,26.09
191000000000000003,192000000000000005,2024-12-25,2379,629,0.264397,6,17726516,28182,0.6,78.11
191000000000000004,192000000000000006,2024-12-25,2637,758,0.287448,11,35453032,46772,1.29,109.16
191000000000000001,192000000000000001,2024-12-26,4527,1167,0.257787,12,25298797,21678,0.47,58.01
191000000000000001,192000000000000002,2024-12-26,4247,939,0.221097,8,18782539,20003,0.4,44.05
191000000000000002,192000000000000003,2024-12-26,1083,363,0.33518,5,11327237,31205,0.77,32.37
191000000000000002,192000000000000004,2024-12-26,2504,678,0.270767,10,13862098,20446,1.98,228.89
191000000000000003,192000000000000005,2024-12-26,4237,987,0.232948,11,18892001,19141,1.01,75.67
191000000000000004,192000000000000006,2024-12-26,3225,1018,0.315659,16,37784002,37116,2.58,104.82
191000000000000001,192000000000000001,2024-12-27,4820,1095,0.227178,14,29886195,27293,0.7,34.48
191000000000000001,192000000000000002,2024-12-27,4356,927,0.21281,12,26943561,29065,0.6,74.89
191000000000000002,192000000000000003,2024-12-27,934,323,0.345824,3,14169832,43869,0.95,53.62
191000000000000002,192000000000000004,2024-12-27,1276,422,0.330721,6,18304314,43375,1.07,132.8
191000000000000003,192000000000000005,2024-12-27,3496,939,0.268593,7,24355609,25938,0.85,112.53
191000000000000004,192000000000000006,2024-12-27,5156,1754,0.340186,27,48711219,27772,4.03,439.4
191000000000000001,192000000000000002,2024-12-28,5793,1190,0.20542,8,22957229,19292,0.65,77.12
191000000000000002,192000000000000004,2024-12-28,1442,469,0.325243,6,12107240,25815,1.41,187.35
191000000000000003,192000000000000005,2024-12-28,1966,548,0.278739,5,18848906,34396,0.61,52.88
191000000000000004,192000000000000006,2024-12-28,2653,842,0.317377,12,37697813,44772,2.15,270.81
191000000000000001,192000000000000001,2024-12-29,2916,868,0.297668,7,22966737,26459,0.5,38.11
191000000000000001,192000000000000002,2024-12-29,4814,1282,0.266307,14,22075220,17219,0.45,22.88
191000000000000002,192000000000000003,2024-12-29,1506,472,0.313413,5,13250039,28072,1.22,126.36
191000000000000002,192000000000000004,2024-12-29,963,334,0.346833,5,12488223,37390,1.01,89.06
191000000000000003,192000000000000005,2024-12-29,2377,680,0.286075,7,19303696,28388,0.73,70.46
191000000000000004,192000000000000006,2024-12-29,4937,1271,0.257444,20,38607392,30376,3.32,278.27
191000000000000001,192000000000000001,2024-12-30,6172,1359,0.220188,16,38980732,28683,0.8,68.37
191000000000000001,192000000000000002,2024-12-30,7242,1749,0.241508,21,31301903,17897,1.02,69.04
191000000000000002,192000000000000003,2024-12-30,3581,998,0.278693,19,22062511,22107,2.17,248.11
191000000000000002,192000000000000004,2024-12-30,1261,413,0.327518,4,18098994,43823,1.15,73.42
191000000000000003,192000000000000005,2024-12-30,3856,1073,0.278268,12,30121129,28072,0.96,56.71
191000000000000004,192000000000000006,2024-12-30,8291,2329,0.280907,30,60242258,25866,5.38,657.34
191000000000000001,192000000000000001,2024-12-31,5514,1137,0.206202,13,24176980,21264,0.46,30.29
191000000000000001,192000000000000002,2024-12-31,2853,790,0.276902,3,26106705,33046,0.5,29.8
191000000000000002,192000000000000003,2024-12-31,1019,351,0.344455,5,15605132,44459,0.78,54.56
191000000000000002,192000000000000004,2024-12-31,1355,362,0.267159,8,13128402,36266,0.72,29.15
191000000000000003,192000000000000005,2024-12-31,4448,1080,0.242806,12,21550151,19954,1.18,143.87
191000000000000004,192000000000000006,2024-12-31,4783,1294,0.270542,22,43100301,33308,3.05,156.71
191000000000000001,192000000000000001,2025-01-01,3303,784,0.23736,4,21072194,26878,0.42,33.83
191000000000000001,192000000000000002,2025-01-01,3128,841,0.268862,7,26023970,30944,0.31,25.16
191000000000000002,192000000000000003,2025-01-01,1181,391,0.331075,7,12431812,31795,1.29,90.68
191000000000000002,192000000000000004,2025-01-01,1165,333,0.285837,5,14480281,43484,0.76,47.47
191000000000000003,192000000000000005,2025-01-01,3127,894,0.285897,9,20184070,22577,0.95,50.21
191000000000000004,192000000000000006,2025-01-01,3311,841,0.254002,19,40368141,48000,1.65,97.96
191000000000000001,192000000000000001,2025-01-02,3188,829,0.260038,5,27215799,32830,0.32,34.44
191000000000000001,192000000000000002,2025-01-02,7343,1688,0.229879,13,32497565,19252,0.63,50.49
191000000000000002,192000000000000003,2025-01-02,1675,492,0.293731,6,16238701,33005,1.24,74.36
191000000000000002,192000000000000004,2025-01-02,1860,524,0.28172,6,17883221,34128,1.49,152.76
191000000000000003,192000000000000005,2025-01-02,3091,755,0.244258,7,25591442,33896,0.63,54.43
191000000000000004,192000000000000006,2025-01-02,4471,1179,0.263699,25,51182884,43412,2.12,238.33
191000000000000001,192000000000000001,2025-01-03,6744,1667,0.247183,9,27755667,16650,1.03,98.03
191000000000000001,192000000000000002,2025-01-03,3962,1024,0.258455,9,28256332,27594,0.63,58.24
191000000000000002,192000000000000003,2025-01-03,2053,697,0.339503,8,16605591,23824,1.93,233.72
191000000000000002,192000000000000004,2025-01-03,2329,764,0.328038,10,15401266,20159,2.17,270.98
191000000000000003,192000000000000005,2025-01-03,3708,1148,0.309601,8,24005142,20910,0.96,129.19
191000000000000001,192000000000000001,2025-01-04,2923,804,0.27506,8,25960826,32290,0.48,56.34
191000000000000001,192000000000000002,2025-01-04,4972,1086,0.218423,8,24783041,22820,0.42,29.06
191000000000000002,192000000000000003,2025-01-04,1579,549,0.347688,8,14500459,26412,1.53,116.48
191000000000000002,192000000000000004,2025-01-04,2327,617,0.265148,13,14496037,23494,1.48,68.22
191000000000000003,192000000000000005,2025-01-04,1832,583,0.318231,3,21747372,37303,0.53,36.95
191000000000000004,192000000000000006,2025-01-04,4436,1251,0.282011,20,43494743,34768,2.68,107.73
191000000000000001,192000000000000001,2025-01-05,5564,1210,0.217469,14,29112472,24060,0.77,100.83
191000000000000001,192000000000000002,2025-01-05,5681,1231,0.216687,12,34247772,27821,0.44,36.13
191000000000000002,192000000000000003,2025-01-05,2113,567,0.268339,10,17205770,30345,1.58,64.08
191000000000000002,192000000000000004,2025-01-05,1539,487,0.316439,9,19000083,39015,1.3,56.61
191000000000000003,192000000000000005,2025-01-05,4472,1229,0.274821,14,27154390,22095,0.9,44.79
191000000000000004,192000000000000006,2025-01-05,6493,2120,0.326505,22,54308780,25617,4.93,675.76
191000000000000001,192000000000000001,2025-01-06,7723,2074,0.268548,20,41734789,20123,1.12,101.96
191000000000000001,192000000000000002,2025-01-06,5794,1451,0.250431,15,43728915,30137,0.69,63.85
191000000000000002,192000000000000003,2025-01-06,3134,909,0.290045,17,24841260,27328,1.66,117.89
191000000000000002,192000000000000004,2025-01-06,2249,742,0.329924,10,23995143,32338,1.95,83.2
191000000000000003,192000000000000005,2025-01-06,4986,1164,0.233454,9,36627302,31467,0.89,76.09
191000000000000004,192000000000000006,2025-01-06,7703,2142,0.278073,33,73254603,34199,4.77,471.38
191000000000000001,192000000000000001,2025-01-07,6406,1611,0.251483,15,41085678,25503,0.73,51.71
191000000000000001,192000000000000002,2025-01-07,12906,3055,0.236712,29,50357345,16484,1.08,85.77
191000000000000002,192000000000000003,2025-01-07,2732,777,0.284407,14,28687377,36921,2.52,205.06
191000000000000002,192000000000000004,2025-01-07,2048,525,0.256348,8,23565779,44887,1.53,186.51
191000000000000003,192000000000000005,2025-01-07,7888,2105,0.266861,21,39189867,18618,1.72,177.93
191000000000000004,192000000000000006,2025-01-07,6027,1818,0.301643,30,78379734,43113,3.37,413.26
191000000000000001,192000000000000001,2025-01-08,6970,1724,0.247346,7,56493931,32769,0.64,71.83
191000000000000001,192000000000000002,2025-01-08,5865,1677,0.285934,7,40214588,23980,0.83,34.72
191000000000000002,192000000000000003,2025-01-08,1640,572,0.34878,6,23074066,40339,1.15,69.37
191000000000000003,192000000000000005,2025-01-08,5945,1549,0.260555,15,41446509,26757,1.19,85.17
191000000000000004,192000000000000006,2025-01-08,6565,2195,0.334349,21,82893017,37764,5.89,359.86
191000000000000001,192000000000000001,2025-01-09,10192,2626,0.257653,14,56005109,21327,1.47,183.5
191000000000000001,192000000000000002,2025-01-09,8806,1925,0.218601,10,50945919,26465,1.1,114.71
191000000000000002,192000000000000004,2025-01-09,3582,1220,0.340592,11,29783935,24413,2.31,125.74
191000000000000003,192000000000000005,2025-01-09,4961,1348,0.271719,12,45836155,34003,1.26,161.55
191000000000000004,192000000000000006,2025-01-09,8641,2250,0.260387,44,91672310,40743,4.31,365.11
191000000000000001,192000000000000001,2025-01-10,5687,1601,0.281519,10,39037817,24383,0.85,63.62
191000000000000001,192000000000000002,2025-01-10,4039,1088,0.269374,12,37656453,34611,0.61,73.17
191000000000000002,192000000000000003,2025-01-10,2288,616,0.269231,8,21571403,35019,1.9,86.89
191000000000000002,192000000000000004,2025-01-10,1996,682,0.341683,11,22253894,32630,1.86,244.22
191000000000000003,192000000000000005,2025-01-10,3388,955,0.281877,10,32868973,34418,0.81,104.94
191000000000000004,192000000000000006,2025-01-10,5905,1593,0.269771,22,65737946,41267,3.71,188.95
191000000000000001,192000000000000001,2025-01-11,6123,1435,0.234362,8,42135181,29362,0.7,95.85
191000000000000001,192000000000000002,2025-01-11,6497,1618,0.249038,12,39426961,24368,1.04,67.86
191000000000000002,192000000000000003,2025-01-11,2777,887,0.319409,12,20723749,23364,2.21,273.15
191000000000000002,192000000000000004,2025-01-11,3694,1176,0.318354,16,25883189,22010,3.21,241.64
191000000000000003,192000000000000005,2025-01-11,6000,1756,0.292667,20,34955204,19906,1.39,173.56
191000000000000004,192000000000000006,2025-01-11,6216,1711,0.275257,27,69910407,40859,3.35,145.64
191000000000000001,192000000000000001,2025-01-12,7112,2032,0.285714,8,57939396,28513,0.97,84.26
191000000000000001,192000000000000002,2025-01-12,7115,1613,0.226704,9,47814191,29643,0.67,50.35
191000000000000002,192000000000000003,2025-01-12,3105,1038,0.3343,18,34586231,33320,2.31,115.7
191000000000000002,192000000000000004,2025-01-12,3195,888,0.277934,12,25844391,29104,1.75,95.11
191000000000000003,192000000000000005,2025-01-12,7018,1828,0.260473,23,45322966,24794,1.26,153.84
191000000000000004,192000000000000006,2025-01-12,5776,1974,0.341759,31,90645932,45920,4.69,652.65
191000000000000001,192000000000000002,2025-01-13,5484,1334,0.243253,14,45136055,33835,0.74,87.66
191000000000000002,192000000000000003,2025-01-13,3195,1025,0.320814,12,23690572,23113,3.46,205.52
191000000000000002,192000000000000004,2025-01-13,4694,1497,0.318918,18,30420562,20321,4.26,334.73
191000000000000003,192000000000000005,2025-01-13,6765,1947,0.287805,21,40583351,20844,2.22,120.69
191000000000000004,192000000000000006,2025-01-13,8364,2584,0.308943,34,81166702,31411,5.48,607.62
191000000000000001,192000000000000001,2025-01-14,7177,2112,0.294273,16,36577347,17319,1.21,136.47
191000000000000002,192000000000000003,2025-01-14,2116,702,0.331758,8,18304473,26075,2.2,184.28
191000000000000002,192000000000000004,2025-01-14,3006,754,0.250832,10,21290827,28237,1.5,112.95
191000000000000003,192000000000000005,2025-01-14,3232,810,0.250619,9,29696476,36662,0.66,53.51
191000000000000004,192000000000000006,2025-01-14,6879,1947,0.283035,35,59392951,30505,4.41,445.97
191000000000000001,192000000000000001,2025-01-15,8100,1742,0.215062,24,60450583,34702,0.73,41.18
191000000000000001,192000000000000002,2025-01-15,9196,2724,0.296216,14,47682348,17505,1.39,123.21
191000000000000002,192000000000000003,2025-01-15,3322,1110,0.334136,15,30557041,27529,3.5,445.46
191000000000000002,192000000000000004,2025-01-15,2206,729,0.330462,7,31233205,42844,2.25,174.57
191000000000000003,192000000000000005,2025-01-15,7372,1650,0.22382,22,46342685,28086,1.15,77.88
191000000000000004,192000000000000006,2025-01-15,8191,2294,0.280063,29,92685369,40403,5.82,310.54
191000000000000001,192000000000000001,2025-01-16,7013,1599,0.228005,9,53886705,33700,0.57,58.76
191000000000000001,192000000000000002,2025-01-16,7264,1624,0.223568,15,38984302,24005,0.79,44.43
191000000000000002,192000000000000003,2025-01-16,3131,812,0.259342,15,29491304,36319,2.53,267.74
191000000000000002,192000000000000004,2025-01-16,1587,555,0.349716,6,23577843,42483,1.3,155.84
191000000000000003,192000000000000005,2025-01-16,7645,1844,0.241203,15,39801860,21585,1.6,78.05
191000000000000004,192000000000000006,2025-01-16,10060,2902,0.288469,60,79603721,27431,5.13,666.73
191000000000000001,192000000000000001,2025-01-17,4214,1246,0.295681,9,43424619,34851,0.54,72.94
191000000000000001,192000000000000002,2025-01-17,9958,2529,0.253967,18,60080196,23757,1.25,55.68
191000000000000002,192000000000000003,2025-01-17,2912,755,0.259272,10,32126257,42551,2.22,258.7
191000000000000003,192000000000000005,2025-01-17,5904,1684,0.28523,10,44359206,26342,1.55,174.09
191000000000000004,192000000000000006,2025-01-17,6644,1788,0.269115,39,88718412,49619,2.95,204.12
191000000000000001,192000000000000001,2025-01-18,7652,1932,0.252483,22,50327870,26050,0.86,54.07
191000000000000001,192000000000000002,2025-01-18,7789,1670,0.214405,20,51130066,30617,0.68,46.09
191000000000000002,192000000000000003,2025-01-18,3163,980,0.309832,10,32737857,33406,1.86,117.34
191000000000000002,192000000000000004,2025-01-18,2917,810,0.277683,11,25238107,31158,1.71,74.63
191000000000000003,192000000000000005,2025-01-18,6297,1612,0.255995,19,43481973,26974,1.36,89.04
191000000000000004,192000000000000006,2025-01-18,9509,3200,0.336523,40,86963946,27176,7.63,511.51
191000000000000001,192000000000000001,2025-01-19,5429,1237,0.22785,11,27962529,22605,0.66,78.73
191000000000000001,192000000000000002,2025-01-19,3909,1164,0.297774,10,37215522,31972,0.66,29.54
191000000000000002,192000000000000003,2025-01-19,1773,554,0.312465,9,20794036,37534,1.33,178.51
191000000000000002,192000000000000004,2025-01-19,1952,674,0.345287,11,16450565,24407,2.18,286.81
191000000000000003,192000000000000005,2025-01-19,5228,1473,0.281752,11,27933451,18964,1.57,164.47
191000000000000004,192000000000000006,2025-01-19,6789,1984,0.292237,40,55866902,28159,5.21,215.25
191000000000000001,192000000000000001,2025-01-20,8314,1987,0.238994,15,46044771,23173,1.13,103.37
191000000000000001,192000000000000002,2025-01-20,4706,1004,0.213345,12,35136170,34996,0.63,53.93
191000000000000002,192000000000000003,2025-01-20,3617,1148,0.31739,21,24432278,21282,3.21,364.87
191000000000000002,192000000000000004,2025-01-20,3637,1089,0.299423,16,21956831,20162,2.21,132.99
191000000000000003,192000000000000005,2025-01-20,4592,1253,0.272866,8,34791832,27767,1.28,163.87
191000000000000004,192000000000000006,2025-01-20,8880,2400,0.27027,47,69583664,28993,5.57,471.86
191000000000000001,192000000000000001,2025-01-21,6736,1683,0.249852,7,54486078,32374,0.79,73.81
191000000000000001,192000000000000002,2025-01-21,6260,1661,0.265335,8,48300258,29079,0.58,54.65
191000000000000002,192000000000000003,2025-01-21,2173,723,0.33272,11,30724233,42495,2.07,286.02
191000000000000002,192000000000000004,2025-01-21,2290,707,0.308734,7,28010817,39619,2.34,173.34
191000000000000003,192000000000000005,2025-01-21,5667,1631,0.287807,16,44051287,27009,1.44,105.42
191000000000000004,192000000000000006,2025-01-21,8353,2129,0.254878,27,88102574,41382,3.71,362.81
191000000000000001,192000000000000001,2025-01-22,9927,2500,0.251838,26,38538866,15416,1.07,48.75
191000000000000001,192000000000000002,2025-01-22,5542,1451,0.261819,12,47392156,32662,0.85,79.72
191000000000000002,192000000000000003,2025-01-22,2855,892,0.312434,11,25156695,28203,1.91,107.33
191000000000000002,192000000000000004,2025-01-22,2042,628,0.307542,12,23946746,38132,1.99,206.24
191000000000000003,192000000000000005,2025-01-22,4462,1350,0.302555,8,36827581,27280,1.47,147.48
191000000000000004,192000000000000006,2025-01-22,5527,1908,0.345214,22,73655161,38603,4.15,345.94
191000000000000001,192000000000000001,2025-01-23,9301,2119,0.227825,16,45394790,21423,0.9,37.34
191000000000000001,192000000000000002,2025-01-23,4602,1273,0.276619,10,33463807,26287,0.64,88.57
191000000000000002,192000000000000003,2025-01-23,3911,1164,0.297622,19,23675962,20340,2.47,205.56
191000000000000004,192000000000000006,2025-01-23,6274,2144,0.341728,19,67593083,31527,5.32,422.42
191000000000000001,192000000000000002,2025-01-24,6711,1421,0.211742,15,43124886,30348,0.68,66.6
191000000000000002,192000000000000003,2025-01-24,3032,810,0.26715,13,28372638,35028,1.5,131.48
191000000000000002,192000000000000004,2025-01-24,1638,525,0.320513,6,20324973,38714,1.54,214.59
191000000000000003,192000000000000005,2025-01-24,5056,1197,0.236748,13,36523208,30512,0.77,74.16
191000000000000004,192000000000000006,2025-01-24,6065,2054,0.338664,20,73046416,35563,3.34,339.33
191000000000000001,192000000000000001,2025-01-25,11073,2476,0.223607,26,48927580,19761,1.51,66.69
191000000000000001,192000000000000002,2025-01-25,9797,2694,0.274982,21,47032214,17458,1.19,132.58
191000000000000002,192000000000000003,2025-01-25,2678,707,0.264003,12,28763652,40684,2.2,137.22
191000000000000002,192000000000000004,2025-01-25,1991,611,0.306881,10,26070516,42669,1.29,77.57
191000000000000003,192000000000000005,2025-01-25,5019,1447,0.288304,11,41125626,28421,1.06,141.02
191000000000000004,192000000000000006,2025-01-25,9185,3048,0.331845,42,82251252,26985,7.74,747.91
191000000000000001,192000000000000001,2025-01-26,6989,1512,0.21634,12,39088897,25852,0.96,69.57
191000000000000001,192000000000000002,2025-01-26,5296,1320,0.249245,15,34061570,25804,0.47,43.72
191000000000000002,192000000000000003,2025-01-26,1897,487,0.256721,7,21111031,43349,0.98,66.82
191000000000000002,192000000000000004,2025-01-26,1670,503,0.301198,7,20689236,41132,1.53,83.58
191000000000000003,192000000000000005,2025-01-26,5218,1404,0.269069,12,31350200,22329,1.22,69.97
191000000000000004,192000000000000006,2025-01-26,4894,1412,0.288517,28,62700400,44405,2.43,213.01
191000000000000001,192000000000000001,2025-01-27,6707,1835,0.273595,11,50240303,27379,0.91,94.72
191000000000000001,192000000000000002,2025-01-27,10853,2674,0.246383,22,46058146,17224,1.46,102.15
191000000000000002,192000000000000003,2025-01-27,3805,1197,0.314586,17,27074044,22618,3.53,290.95
191000000000000002,192000000000000004,2025-01-27,4795,1372,0.286131,20,27953641,20374,4.01,236.27
191000000000000004,192000000000000006,2025-01-27,10431,3132,0.300259,39,82541527,26354,5.82,482.44
191000000000000001,192000000000000001,2025-01-28,16831,3589,0.213237,42,58008094,16163,1.81,225.07
191000000000000001,192000000000000002,2025-01-28,13420,2929,0.218256,33,55176335,18838,1.4,70.24
191000000000000002,192000000000000003,2025-01-28,2974,793,0.266644,11,34972833,44102,1.85,233.9
191000000000000002,192000000000000004,2025-01-28,3421,914,0.267173,19,29703983,32499,2.18,109.31
191000000000000003,192000000000000005,2025-01-28,7222,2124,0.294101,22,48507612,22838,2.47,102.88
191000000000000004,192000000000000006,2025-01-28,6544,2276,0.3478,21,97015225,42625,4.62,363.25
191000000000000001,192000000000000001,2025-01-29,10733,2427,0.226125,13,57155305,23550,1.02,57.75
191000000000000001,192000000000000002,2025-01-29,13543,3711,0.274016,20,57861033,15592,1.7,90.0
191000000000000002,192000000000000003,2025-01-29,2559,782,0.305588,10,34688517,44359,2.2,247.21
191000000000000002,192000000000000004,2025-01-29,3673,1239,0.337326,13,31035105,25049,3.42,475.5
191000000000000003,192000000000000005,2025-01-29,7465,2364,0.316678,25,49292716,20851,1.65,166.95
191000000000000004,192000000000000006,2025-01-29,6258,2053,0.32806,30,98585432,48020,3.08,401.47
191000000000000001,192000000000000001,2025-01-30,5559,1443,0.259579,15,38331675,26564,0.92,116.15
191000000000000001,192000000000000002,2025-01-30,6025,1439,0.238838,16,44261004,30758,0.74,72.61
191000000000000002,192000000000000003,2025-01-30,2502,679,0.271383,9,25593166,37692,1.4,154.79
191000000000000002,192000000000000004,2025-01-30,2828,751,0.265559,9,21602651,28765,1.57,218.08
191000000000000003,192000000000000005,2025-01-30,4309,1307,0.303319,7,35396863,27083,1.48,178.33
191000000000000004,192000000000000006,2025-01-30,4244,1481,0.348963,23,70793725,47801,2.75,306.94
191000000000000001,192000000000000001,2025-01-31,11782,2527,0.21448,25,54969881,21753,0.93,83.31
191000000000000001,192000000000000002,2025-01-31,5257,1369,0.260415,13,43807712,32000,0.78,94.96
191000000000000002,192000000000000003,2025-01-31,3639,1039,0.285518,12,29469862,28364,2.12,293.89
191000000000000002,192000000000000004,2025-01-31,2277,685,0.300834,12,26974476,39379,1.63,222.33
191000000000000003,192000000000000005,2025-01-31,8966,2204,0.245818,30,42333254,19207,2.1,201.92
191000000000000004,192000000000000006,2025-01-31,7771,2055,0.264445,37,84666508,41200,4.13,408.81
191000000000000001,192000000000000001,2025-02-01,4661,1227,0.263248,12,42910167,34972,0.65,39.41
191000000000000001,192000000000000002,2025-02-01,10524,2284,0.217028,16,58883191,25781,1.08,151.05
191000000000000002,192000000000000003,2025-02-01,3599,1251,0.347597,16,27646903,22100,3.18,315.56
191000000000000002,192000000000000004,2025-02-01,2438,772,0.316653,15,30520730,39535,2.2,159.55
191000000000000004,192000000000000006,2025-02-01,9003,2804,0.311452,36,87251450,31117,6.65,546.57
191000000000000001,192000000000000002,2025-02-02,4953,1045,0.210983,11,32930542,31512,0.67,30.5
191000000000000002,192000000000000003,2025-02-02,1470,482,0.327891,8,19739961,40954,1.61,94.04
191000000000000002,192000000000000004,2025-02-02,2992,772,0.258021,18,20984634,27182,2.52,187.46
191000000000000004,192000000000000006,2025-02-02,4370,1341,0.306865,20,61086894,45553,2.04,234.5
191000000000000001,192000000000000001,2025-02-03,4816,1254,0.260382,9,23217498,18515,0.57,23.58
191000000000000001,192000000000000002,2025-02-03,6614,1401,0.211823,10,23255148,16599,0.82,98.86
191000000000000002,192000000000000003,2025-02-03,1413,359,0.254069,6,13387839,37292,0.67,44.08
191000000000000002,192000000000000004,2025-02-03,2096,527,0.251431,12,13167959,24987,1.76,174.39
191000000000000003,192000000000000005,2025-02-03,1964,531,0.270367,4,19916848,37508,0.62,42.98
191000000000000004,192000000000000006,2025-02-03,3029,1030,0.340046,15,39833696,38673,1.98,203.53
191000000000000001,192000000000000001,2025-02-04,8939,1902,0.212775,16,30197542,15877,0.79,77.44
191000000000000001,192000000000000002,2025-02-04,4511,1282,0.284194,8,34428075,26855,0.58,42.55
191000000000000002,192000000000000003,2025-02-04,2786,839,0.301149,9,18295980,21807,1.83,172.35
191000000000000002,192000000000000004,2025-02-04,2645,740,0.279773,15,18632944,25180,1.53,210.83
191000000000000003,192000000000000005,2025-02-04,4101,1228,0.299439,7,27696693,22554,0.79,70.94
191000000000000004,192000000000000006,2025-02-04,4651,1595,0.342937,26,55393386,34729,2.75,114.91
191000000000000001,192000000000000001,2025-02-05,4027,963,0.239136,11,24118906,25046,0.36,40.89
191000000000000001,192000000000000002,2025-02-05,5007,1045,0.208708,10,32501515,31102,0.65,62.47
191000000000000002,192000000000000003,2025-02-05,1755,605,0.344729,6,15687744,25930,1.46,81.29
191000000000000002,192000000000000004,2025-02-05,2164,572,0.264325,11,16666783,29138,1.51,84.71
191000000000000003,192000000000000005,2025-02-05,3632,866,0.238436,11,24265895,28021,0.88,78.8
191000000000000004,192000000000000006,2025-02-05,3168,1082,0.34154,10,48531790,44854,2.15,181.17
191000000000000001,192000000000000001,2025-02-06,8750,2459,0.281029,19,46293744,18826,1.0,113.47
191000000000000002,192000000000000003,2025-02-06,2037,701,0.344134,8,26317133,37542,2.22,250.11
191000000000000002,192000000000000004,2025-02-06,1891,632,0.334215,6,23569687,37294,1.39,102.06
191000000000000003,192000000000000005,2025-02-06,5089,1496,0.293967,17,37415115,25010,1.69,192.99
191000000000000004,192000000000000006,2025-02-06,8879,2790,0.314225,29,74830230,26821,6.26,534.56
191000000000000001,192000000000000001,2025-02-07,5509,1167,0.211835,14,27188159,23297,0.49,64.83
191000000000000001,192000000000000002,2025-02-07,7661,1747,0.228038,10,29003718,16602,1.04,142.23
191000000000000002,192000000000000003,2025-02-07,1585,545,0.343849,7,17970183,32973,1.12,142.65
191000000000000002,192000000000000004,2025-02-07,2019,530,0.262506,7,14139461,26678,1.52,130.69
191000000000000003,192000000000000005,2025-02-07,4333,1160,0.267713,14,24082233,20761,1.18,97.43
191000000000000004,192000000000000006,2025-02-07,4306,1451,0.336972,24,48164466,33194,2.66,107.64
191000000000000001,192000000000000001,2025-02-08,4880,1075,0.220287,13,27038129,25152,0.55,52.55
191000000000000001,192000000000000002,2025-02-08,4176,1156,0.27682,11,24898020,21538,0.59,54.38
191000000000000002,192000000000000003,2025-02-08,2296,654,0.284843,8,16752644,25616,1.76,241.22
191000000000000002,192000000000000004,2025-02-08,995,296,0.297487,6,12925155,43666,0.72,87.85
191000000000000003,192000000000000005,2025-02-08,4274,984,0.230229,13,22258350,22620,0.88,85.46
191000000000000004,192000000000000006,2025-02-08,3223,1028,0.318957,19,44516699,43304,2.57,236.77
191000000000000001,192000000000000001,2025-02-09,7449,1656,0.222312,10,34773954,20999,1.04,140.91
191000000000000001,192000000000000002,2025-02-09,5551,1190,0.214376,7,31270804,26278,0.66,54.78
191000000000000002,192000000000000003,2025-02-09,1746,590,0.337915,10,21107918,35776,1.74,133.04
191000000000000002,192000000000000004,2025-02-09,2243,671,0.299153,11,16631944,24787,1.7,226.65
191000000000000003,192000000000000005,2025-02-09,3425,792,0.231241,8,28304896,35739,0.54,44.33
191000000000000004,192000000000000006,2025-02-09,6927,1799,0.259708,21,56609792,31467,2.93,258.3
191000000000000001,192000000000000001,2025-02-10,3946,1019,0.258236,6,33148883,32531,0.44,60.79
191000000000000001,192000000000000002,2025-02-10,9208,1885,0.204713,15,39532556,20972,1.2,150.73
191000000000000002,192000000000000003,2025-02-10,1990,605,0.30402,7,21470315,35488,1.54,199.16
191000000000000002,192000000000000004,2025-02-10,2361,633,0.268107,13,20061936,31693,1.22,159.0
191000000000000003,192000000000000005,2025-02-10,5167,1443,0.279272,11,31149188,21586,1.14,67.52
191000000000000004,192000000000000006,2025-02-10,4825,1660,0.344041,23,62298376,37529,3.75,340.79
191000000000000001,192000000000000001,2025-02-11,4426,1253,0.2831,8,30753276,24544,0.54,72.24
191000000000000001,192000000000000002,2025-02-11,7579,1963,0.259005,22,34218527,17432,0.83,108.9
191000000000000002,192000000000000003,2025-02-11,1964,663,0.337576,7,17869370,26952,1.31,75.07
191000000000000002,192000000000000004,2025-02-11,1806,622,0.344408,10,19257375,30960,1.42,128.82
191000000000000003,192000000000000005,2025-02-11,2841,779,0.274199,9,27845059,35745,0.55,72.81
191000000000000004,192000000000000006,2025-02-11,4993,1468,0.294012,29,55690117,37936,3.84,168.9
191000000000000001,192000000000000001,2025-02-12,4792,1028,0.214524,8,24640576,23969,0.36,48.01
191000000000000001,192000000000000002,2025-02-12,7435,1553,0.208877,10,33097832,21312,0.76,64.92
191000000000000002,192000000000000003,2025-02-12,1240,356,0.287097,7,14818018,41624,0.77,76.0
191000000000000002,192000000000000004,2025-02-12,1696,433,0.255307,9,18175358,41975,0.85,118.67
191000000000000003,192000000000000005,2025-02-12,3312,822,0.248188,10,24745032,30103,0.93,69.91
191000000000000004,192000000000000006,2025-02-12,3989,1254,0.314365,13,49490064,39466,2.31,100.44
191000000000000001,192000000000000001,2025-02-13,8056,1992,0.247269,16,35205155,17673,1.07,73.43
191000000000000001,192000000000000002,2025-02-13,5622,1177,0.209356,16,31640805,26883,0.74,32.61
191000000000000002,192000000000000003,2025-02-13,2053,693,0.337555,12,17238907,24876,1.5,128.04
191000000000000002,192000000000000004,2025-02-13,3526,1030,0.292116,17,20958785,20348,2.77,195.68
191000000000000003,192000000000000005,2025-02-13,4522,1165,0.257629,12,28648269,24591,1.19,155.8
191000000000000004,192000000000000006,2025-02-13,6876,1776,0.25829,32,57296537,32262,3.55,251.63
191000000000000001,192000000000000001,2025-02-14,6266,1318,0.210342,8,30528728,23163,0.53,61.88
191000000000000001,192000000000000002,2025-02-14,3568,917,0.257007,10,28407892,30979,0.59,50.77
191000000000000002,192000000000000003,2025-02-14,1511,424,0.280609,6,17201008,40568,1.17,105.78
191000000000000002,192000000000000004,2025-02-14,1186,368,0.310287,5,16477060,44775,1.01,56.72
191000000000000003,192000000000000005,2025-02-14,3034,772,0.25445,7,25258551,32718,0.7,59.99
191000000000000004,192000000000000006,2025-02-14,4609,1530,0.331959,27,50517102,33018,3.12,134.56
191000000000000001,192000000000000001,2025-02-15,8063,1834,0.227459,24,37437435,20413,0.66,47.31
191000000000000002,192000000000000003,2025-02-15,1338,444,0.331839,7,18611991,41919,0.96,94.87
191000000000000002,192000000000000004,2025-02-15,2812,880,0.312945,10,20528424,23328,2.8,150.75
191000000000000003,192000000000000005,2025-02-15,2566,792,0.308652,9,29355311,37065,0.61,57.68
191000000000000001,192000000000000001,2025-02-16,7029,1428,0.203158,17,30601407,21430,0.87,113.08
191000000000000001,192000000000000002,2025-02-16,3824,855,0.223588,6,26066089,30487,0.31,24.81
191000000000000002,192000000000000003,2025-02-16,1323,426,0.321995,7,15653991,36746,1.0,50.89
191000000000000002,192000000000000004,2025-02-16,2111,617,0.292279,12,16727435,27111,1.23,138.29
191000000000000001,192000000000000001,2025-02-17,6528,1836,0.28125,9,34657457,18877,0.68,44.98
191000000000000001,192000000000000002,2025-02-17,4103,920,0.224226,5,32014437,34798,0.47,49.74
191000000000000002,192000000000000003,2025-02-17,1698,505,0.297409,10,20092030,39786,0.94,99.21
191000000000000002,192000000000000004,2025-02-17,1770,486,0.274576,7,18006195,37050,1.09,78.33
191000000000000003,192000000000000005,2025-02-17,3396,766,0.225559,8,28573669,37302,0.6,57.31
191000000000000004,192000000000000006,2025-02-17,7221,1995,0.276278,25,57147338,28645,3.79,311.7
191000000000000001,192000000000000001,2025-02-18,4720,1245,0.263771,6,37398452,30039,0.77,56.72
191000000000000001,192000000000000002,2025-02-18,6340,1448,0.228391,17,45236030,31240,0.81,97.31
191000000000000002,192000000000000003,2025-02-18,2592,862,0.332562,13,27688546,32121,1.84,233.95
191000000000000002,192000000000000004,2025-02-18,2280,604,0.264912,11,19531158,32336,1.63,225.49
191000000000000003,192000000000000005,2025-02-18,4071,1030,0.253009,9,35414778,34383,0.8,45.6
191000000000000001,192000000000000001,2025-02-19,3405,852,0.25022,8,26602162,31223,0.36,26.28
191000000000000001,192000000000000002,2025-02-19,4587,1286,0.280358,12,32742094,25460,0.54,31.54
191000000000000002,192000000000000003,2025-02-19,1556,432,0.277635,5,16703574,38666,1.38,127.28
191000000000000002,192000000000000004,2025-02-19,2105,639,0.303563,8,17207429,26929,1.28,157.35
191000000000000003,192000000000000005,2025-02-19,4317,1306,0.302525,12,25433253,19474,1.23,77.57
191000000000000004,192000000000000006,2025-02-19,4310,1421,0.329698,21,50866505,35796,2.57,173.02
191000000000000001,192000000000000001,2025-02-20,4776,1267,0.265285,13,36759037,29013,0.49,35.24
191000000000000001,192000000000000002,2025-02-20,9930,2041,0.205539,23,35193701,17243,1.0,55.53
191000000000000002,192000000000000003,2025-02-20,1966,571,0.290437,9,22497360,39400,1.17,162.61
191000000000000002,192000000000000004,2025-02-20,2187,733,0.335162,9,18618489,25400,1.48,140.56
191000000000000003,192000000000000005,2025-02-20,4152,946,0.227842,11,30836887,32597,0.96,78.66
191000000000000004,192000000000000006,2025-02-20,4783,1247,0.260715,16,61673775,49458,2.65,222.1
191000000000000001,192000000000000001,2025-02-21,4395,1273,0.289647,11,34014774,26720,0.68,68.83
191000000000000001,192000000000000002,2025-02-21,10321,2258,0.218777,30,35553574,15746,1.45,200.61
191000000000000002,192000000000000003,2025-02-21,1696,485,0.285967,7,19079112,39338,1.53,115.07
191000000000000002,192000000000000004,2025-02-21,2733,889,0.325284,16,20674229,23256,2.13,161.92
191000000000000003,192000000000000005,2025-02-21,4928,1470,0.298295,8,29815006,20282,1.04,143.78
191000000000000004,192000000000000006,2025-02-21,4517,1214,0.268762,14,59630012,49119,2.02,259.5
191000000000000001,192000000000000001,2025-02-22,4723,1159,0.245395,8,38419950,33149,0.75,92.45
191000000000000001,192000000000000002,2025-02-22,5484,1311,0.239059,13,37197708,28374,0.71,54.88
191000000000000002,192000000000000003,2025-02-22,2367,666,0.281369,12,23063776,34630,1.49,198.73
191000000000000003,192000000000000005,2025-02-22,3840,913,0.23776,9,32407568,35496,0.96,41.49
191000000000000004,192000000000000006,2025-02-22,6978,1830,0.262253,27,64815135,35418,3.61,282.72
191000000000000001,192000000000000001,2025-02-23,5469,1384,0.253063,13,35499327,25650,0.64,82.92
191000000000000001,192000000000000002,2025-02-23,9719,2331,0.239839,11,36031362,15457,1.17,128.98
191000000000000002,192000000000000004,2025-02-23,3065,879,0.286786,17,21197483,24115,1.81,198.6
191000000000000003,192000000000000005,2025-02-23,4025,933,0.231801,8,30656009,32857,0.64,45.89
191000000000000004,192000000000000006,2025-02-23,4815,1619,0.336241,20,61312019,37870,4.09,277.57
191000000000000001,192000000000000001,2025-02-24,5746,1676,0.291681,17,29433931,17562,0.61,44.55
191000000000000001,192000000000000002,2025-02-24,4096,835,0.203857,11,23937031,28667,0.54,63.69
191000000000000002,192000000000000003,2025-02-24,2123,606,0.285445,11,14721156,24292,1.65,166.06
191000000000000002,192000000000000004,2025-02-24,1380,397,0.287681,5,15776537,39739,0.82,75.68
191000000000000003,192000000000000005,2025-02-24,2421,701,0.28955,8,22873269,32629,0.48,43.59
191000000000000004,192000000000000006,2025-02-24,4568,1185,0.259413,26,45746539,38605,1.76,198.22
191000000000000001,192000000000000001,2025-02-25,6484,1724,0.265885,10,31934387,18523,1.02,75.44
191000000000000001,192000000000000002,2025-02-25,7587,1633,0.215237,22,25946604,15889,0.69,32.26
191000000000000002,192000000000000003,2025-02-25,2149,625,0.290833,8,16286728,26059,1.41,110.21
191000000000000002,192000000000000004,2025-02-25,2340,766,0.32735,9,16788123,21917,1.87,129.51
191000000000000003,192000000000000005,2025-02-25,3754,872,0.232286,13,24806139,28447,0.71,37.8
191000000000000004,192000000000000006,2025-02-25,5245,1438,0.274166,24,49612277,34501,2.97,126.25
191000000000000001,192000000000000001,2025-02-26,5502,1259,0.228826,11,31269482,24837,0.56,66.46
191000000000000001,192000000000000002,2025-02-26,5839,1230,0.210653,6,33385629,27143,0.69,59.48
191000000000000002,192000000000000003,2025-02-26,1638,491,0.299756,6,19565291,39848,1.27,164.31
191000000000000002,192000000000000004,2025-02-26,1921,555,0.288912,9,17380486,31316,1.62,199.2
191000000000000003,192000000000000005,2025-02-26,2935,799,0.272232,9,27709333,34680,0.93,81.26
191000000000000004,192000000000000006,2025-02-26,6236,1649,0.264432,22,55418667,33607,3.24,179.53
191000000000000001,192000000000000001,2025-02-27,3455,994,0.287699,8,29763420,29943,0.4,24.91
191000000000000001,192000000000000002,2025-02-27,6122,1703,0.278177,14,32491255,19079,1.03,118.26
191000000000000002,192000000000000003,2025-02-27,2401,606,0.252395,8,15882371,26209,1.62,85.83
191000000000000002,192000000000000004,2025-02-27,1613,456,0.282703,7,19691729,43184,1.1,134.31
191000000000000003,192000000000000005,2025-02-27,2990,718,0.240134,10,26680575,37160,0.52,23.24
191000000000000004,192000000000000006,2025-02-27,3387,1076,0.317685,18,53361150,49592,2.83,313.63
191000000000000001,192000000000000001,2025-02-28,4155,1087,0.261613,10,31155546,28662,0.61,33.69
191000000000000001,192000000000000002,2025-02-28,4182,1037,0.247967,7,35671743,34399,0.65,66.45
191000000000000002,192000000000000003,2025-02-28,1333,465,0.348837,8,20322410,43704,1.11,151.96
191000000000000002,192000000000000004,2025-02-28,2070,668,0.322705,9,17864613,26743,2.07,141.88
191000000000000003,192000000000000005,2025-02-28,4310,1010,0.234339,11,28640267,28357,0.95,66.98
191000000000000004,192000000000000006,2025-02-28,4945,1726,0.349039,24,57280534,33187,2.55,110.53
191000000000000001,192000000000000001,2025-03-01,3987,1143,0.286682,7,29347390,25676,0.7,57.62
191000000000000001,192000000000000002,2025-03-01,3699,945,0.255474,11,24807101,26251,0.39,25.42
191000000000000002,192000000000000003,2025-03-01,1291,437,0.338497,5,17103344,39138,0.82,46.95
191000000000000002,192000000000000004,2025-03-01,1470,399,0.271429,9,13842080,34692,0.79,45.27
191000000000000003,192000000000000005,2025-03-01,2904,764,0.263085,7,23209068,30378,0.86,93.44
191000000000000004,192000000000000006,2025-03-01,4410,1419,0.321769,22,46418135,32712,3.09,132.56
191000000000000001,192000000000000001,2025-03-02,7133,1451,0.203421,21,35428249,24416,0.64,42.71
191000000000000001,192000000000000002,2025-03-02,5570,1223,0.219569,10,30180512,24677,0.58,70.3
191000000000000002,192000000000000003,2025-03-02,1496,478,0.319519,5,21096274,44134,1.02,79.25
191000000000000002,192000000000000004,2025-03-02,1286,418,0.325039,5,16394446,39221,1.37,153.84
191000000000000003,192000000000000005,2025-03-02,3091,920,0.297638,8,28118040,30563,0.86,52.94
191000000000000004,192000000000000006,2025-03-02,4726,1462,0.309353,22,56236081,38465,3.5,146.61
191000000000000001,192000000000000001,2025-03-03,3399,760,0.223595,9,25991982,34200,0.37,31.13
191000000000000001,192000000000000002,2025-03-03,3350,804,0.24,7,23567665,29313,0.32,13.61
191000000000000002,192000000000000003,2025-03-03,1726,528,0.30591,7,12004560,22736,1.74,137.39
191000000000000002,192000000000000004,2025-03-03,1610,520,0.322981,8,16315239,31375,1.21,56.79
191000000000000003,192000000000000005,2025-03-03,2974,805,0.270679,8,21239849,26385,0.79,49.05
191000000000000004,192000000000000006,2025-03-03,3817,1187,0.310977,16,42479697,35787,2.05,104.6
191000000000000001,192000000000000001,2025-03-04,3407,934,0.274141,5,23977240,25672,0.53,68.92
191000000000000001,192000000000000002,2025-03-04,6787,1855,0.273317,17,28523655,15377,0.87,87.64
191000000000000002,192000000000000003,2025-03-04,2449,686,0.280114,11,15009393,21880,2.2,284.21
191000000000000002,192000000000000004,2025-03-04,1978,610,0.308392,9,14991119,24576,1.42,109.19
191000000000000003,192000000000000005,2025-03-04,2474,611,0.246968,8,22500384,36826,0.49,32.41
191000000000000004,192000000000000006,2025-03-04,3056,1003,0.328207,16,45000767,44866,1.89,122.41
191000000000000001,192000000000000001,2025-03-05,6112,1614,0.264071,12,31089847,19263,1.02,121.36
191000000000000001,192000000000000002,2025-03-05,2932,792,0.270123,3,24683576,31166,0.42,17.53
191000000000000002,192000000000000003,2025-03-05,1252,417,0.333067,5,14262798,34203,1.24,124.43
191000000000000002,192000000000000004,2025-03-05,1817,495,0.272427,8,17607730,35571,1.36,143.3
191000000000000003,192000000000000005,2025-03-05,4900,1236,0.252245,16,23902896,19339,1.27,144.67
191000000000000004,192000000000000006,2025-03-05,3146,1091,0.34679,10,47805792,43818,2.51,195.54
191000000000000001,192000000000000001,2025-03-06,5271,1187,0.225194,15,21630632,18223,0.71,43.43
191000000000000001,192000000000000002,2025-03-06,4180,1102,0.263636,12,22741304,20636,0.64,43.97
191000000000000002,192000000000000003,2025-03-06,1591,425,0.267128,9,14155710,33308,0.92,98.27
191000000000000002,192000000000000004,2025-03-06,1280,352,0.275,4,11199682,31817,0.78,69.75
191000000000000003,192000000000000005,2025-03-06,1929,511,0.264904,3,19016544,37214,0.49,39.03
191000000000000004,192000000000000006,2025-03-06,3565,1179,0.330715,13,38033088,32259,3.12,184.76
191000000000000001,192000000000000001,2025-03-07,6677,1465,0.21941,8,28143594,19211,0.85,90.86
191000000000000001,192000000000000002,2025-03-07,4279,1258,0.293994,11,22303070,17729,0.81,45.65
191000000000000002,192000000000000003,2025-03-07,1215,394,0.32428,5,14219438,36090,1.15,48.02
191000000000000002,192000000000000004,2025-03-07,1172,346,0.295222,5,14607228,42217,1.06,109.15
191000000000000003,192000000000000005,2025-03-07,3466,847,0.244374,10,21619999,25525,0.78,79.16
191000000000000004,192000000000000006,2025-03-07,2758,933,0.338289,14,43239998,46345,1.46,112.78
191000000000000001,192000000000000001,2025-03-08,4131,855,0.206972,11,23274491,27222,0.45,39.83
191000000000000001,192000000000000002,2025-03-08,4279,914,0.213601,6,26070322,28523,0.52,24.32
191000000000000002,192000000000000003,2025-03-08,1893,536,0.283148,10,14611116,27260,1.64,91.02
191000000000000002,192000000000000004,2025-03-08,1349,373,0.276501,8,13585920,36423,1.17,56.77
191000000000000003,192000000000000005,2025-03-08,2868,691,0.240934,9,21147777,30605,0.62,82.04
191000000000000004,192000000000000006,2025-03-08,3101,901,0.290551,10,42295554,46943,1.92,126.71
191000000000000001,192000000000000001,2025-03-09,4497,1049,0.233267,12,26399665,25167,0.59,81.81
191000000000000001,192000000000000002,2025-03-09,6015,1214,0.201829,14,19141332,15767,0.43,23.46
191000000000000002,192000000000000003,2025-03-09,2295,596,0.259695,13,12715276,21334,1.33,89.49
191000000000000002,192000000000000004,2025-03-09,1023,345,0.337243,4,13308151,38574,1.08,99.03
191000000000000003,192000000000000005,2025-03-09,1835,523,0.285014,5,19517570,37318,0.6,44.48
191000000000000001,192000000000000001,2025-03-10,4359,1214,0.278504,12,20649933,17010,0.44,35.89
191000000000000001,192000000000000002,2025-03-10,2904,719,0.24759,4,20034672,27865,0.35,14.32
191000000000000002,192000000000000003,2025-03-10,1074,292,0.271881,4,12485586,42759,0.98,126.57
191000000000000002,192000000000000004,2025-03-10,895,247,0.275978,4,10762761,43574,0.67,88.1
191000000000000003,192000000000000005,2025-03-10,2193,543,0.247606,5,17436260,32111,0.38,23.26
191000000000000004,192000000000000006,2025-03-10,3116,919,0.294929,12,34872519,37946,1.49,78.39
191000000000000001,192000000000000002,2025-03-11,5491,1329,0.242032,10,23771384,17887,0.66,77.24
191000000000000002,192000000000000003,2025-03-11,1213,405,0.333883,5,16628415,41058,1.15,68.41
191000000000000003,192000000000000005,2025-03-11,3729,957,0.256637,8,21862500,22845,0.85,96.03
191000000000000004,192000000000000006,2025-03-11,3424,968,0.28271,17,43725000,45170,2.46,199.44
191000000000000001,192000000000000001,2025-03-12,2672,720,0.269461,7,23266560,32315,0.43,27.67
191000000000000001,192000000000000002,2025-03-12,6172,1670,0.270577,15,28588141,17119,1.07,122.1
191000000000000002,192000000000000003,2025-03-12,1142,331,0.289842,6,13999835,42296,1.07,60.98
191000000000000002,192000000000000004,2025-03-12,1394,450,0.322812,5,15631423,34736,1.22,164.95
191000000000000003,192000000000000005,2025-03-12,2755,880,0.319419,5,22223443,25254,0.75,103.88
191000000000000004,192000000000000006,2025-03-12,4814,1312,0.272538,17,44446886,33877,3.25,449.73
191000000000000001,192000000000000001,2025-03-13,2946,870,0.295316,6,30155053,34661,0.45,40.51
191000000000000001,192000000000000002,2025-03-13,7117,1502,0.211044,21,28846351,19205,0.58,78.44
191000000000000002,192000000000000003,2025-03-13,2788,708,0.253945,14,17166163,24246,1.99,265.39
191000000000000002,192000000000000004,2025-03-13,1832,615,0.335699,6,16548925,26909,1.15,92.86
191000000000000003,192000000000000005,2025-03-13,3338,764,0.22888,11,25286316,33097,0.49,31.61
191000000000000004,192000000000000006,2025-03-13,3063,1019,0.33268,9,50572632,49630,2.29,172.46
191000000000000001,192000000000000001,2025-03-14,3586,844,0.23536,9,27136455,32152,0.54,26.79
191000000000000001,192000000000000002,2025-03-14,3104,866,0.278995,5,22212032,25649,0.43,41.31
191000000000000002,192000000000000003,2025-03-14,1281,378,0.295082,6,13894639,36758,0.75,55.87
191000000000000002,192000000000000004,2025-03-14,2006,505,0.251745,9,14304496,28326,0.99,98.98
191000000000000003,192000000000000005,2025-03-14,1953,620,0.31746,4,21149351,34112,0.64,43.03
191000000000000004,192000000000000006,2025-03-14,3082,1043,0.338417,17,42298703,40555,2.55,312.64
191000000000000001,192000000000000001,2025-03-15,5680,1432,0.252113,12,23444302,16372,0.89,53.37
191000000000000001,192000000000000002,2025-03-15,6220,1431,0.230064,16,27626377,19306,0.82,83.72
191000000000000002,192000000000000003,2025-03-15,1373,388,0.282593,6,12321660,31757,1.2,138.61
191000000000000002,192000000000000004,2025-03-15,1649,455,0.275925,7,16861585,37058,1.13,104.02
191000000000000003,192000000000000005,2025-03-15,2581,747,0.289423,6,21887434,29300,0.7,51.13
191000000000000004,192000000000000006,2025-03-15,2878,953,0.331133,13,43774868,45934,2.07,110.26
191000000000000001,192000000000000001,2025-03-16,5083,1312,0.258115,12,27991482,21335,0.69,88.2
191000000000000001,192000000000000002,2025-03-16,5291,1143,0.216027,11,25966303,22718,0.46,58.11
191000000000000002,192000000000000003,2025-03-16,1498,502,0.335113,9,15006225,29893,1.08,143.96
191000000000000002,192000000000000004,2025-03-16,2326,723,0.310834,7,15826795,21890,2.25,231.3
191000000000000003,192000000000000005,2025-03-16,3992,1172,0.293587,13,23124765,19731,0.9,89.43
191000000000000004,192000000000000006,2025-03-16,3207,1075,0.335204,17,46249530,43023,2.71,361.58
191000000000000001,192000000000000001,2025-03-17,2378,669,0.281329,3,19996532,29890,0.29,31.5
191000000000000001,192000000000000002,2025-03-17,3342,774,0.231598,5,20111821,25984,0.47,42.38
191000000000000002,192000000000000003,2025-03-17,930,313,0.336559,3,12250110,39138,1.05,130.47
191000000000000002,192000000000000004,2025-03-17,1722,530,0.307782,6,10668949,20130,1.15,80.61
191000000000000003,192000000000000005,2025-03-17,1996,556,0.278557,5,17189294,30916,0.62,66.08
191000000000000004,192000000000000006,2025-03-17,2448,703,0.287173,15,34378589,48903,1.79,197.14
191000000000000001,192000000000000001,2025-03-18,2959,748,0.252788,7,24010097,32099,0.28,21.46
191000000000000001,192000000000000002,2025-03-18,3881,835,0.215151,9,17747133,21254,0.48,48.34
191000000000000002,192000000000000003,2025-03-18,1540,520,0.337662,6,11820384,22732,1.2,94.57
191000000000000002,192000000000000004,2025-03-18,788,273,0.346447,3,12040891,44106,0.87,98.62
191000000000000003,192000000000000005,2025-03-18,1621,478,0.29488,3,17895956,37439,0.53,44.34
191000000000000004,192000000000000006,2025-03-18,3202,1105,0.345097,13,35791912,32391,2.51,304.96
191000000000000001,192000000000000001,2025-03-19,2756,774,0.280842,3,22259593,28759,0.41,51.29
191000000000000001,192000000000000002,2025-03-19,2787,775,0.278077,7,24610718,31756,0.33,15.57
191000000000000002,192000000000000003,2025-03-19,1249,339,0.271417,7,11703063,34522,0.97,121.18
191000000000000002,192000000000000004,2025-03-19,1234,367,0.297407,7,15079973,41090,0.72,56.55
191000000000000003,192000000000000005,2025-03-19,3068,693,0.22588,9,20087276,28986,0.44,28.2
191000000000000004,192000000000000006,2025-03-19,2877,936,0.325339,14,40174553,42922,1.93,203.27
191000000000000001,192000000000000001,2025-03-20,4103,920,0.224226,4,21980711,23892,0.39,38.14
191000000000000001,192000000000000002,2025-03-20,4821,1085,0.225057,9,22889067,21096,0.6,83.01
191000000000000002,192000000000000003,2025-03-20,2545,683,0.268369,10,13902695,20355,1.58,200.35
191000000000000002,192000000000000004,2025-03-20,1160,332,0.286207,6,11737178,35353,0.64,64.41
191000000000000003,192000000000000005,2025-03-20,2132,647,0.303471,5,19229905,29722,0.55,41.78
191000000000000004,192000000000000006,2025-03-20,3609,944,0.261568,15,38459810,40741,1.93,117.12
191000000000000001,192000000000000001,2025-03-21,3157,713,0.225847,9,20747322,29099,0.45,21.14
191000000000000001,192000000000000002,2025-03-21,4227,1051,0.24864,7,27853382,26502,0.62,82.23
191000000000000002,192000000000000003,2025-03-21,1170,362,0.309402,4,13756973,38003,0.74,94.06
191000000000000002,192000000000000004,2025-03-21,2084,680,0.326296,8,14014858,20610,2.22,232.57
191000000000000003,192000000000000005,2025-03-21,3278,819,0.249847,6,20828873,25432,0.89,108.97
191000000000000004,192000000000000006,2025-03-21,4189,1255,0.299594,24,41657746,33193,2.47,335.38
191000000000000001,192000000000000001,2025-03-22,4990,1469,0.294389,10,32684478,22249,0.65,70.65
191000000000000001,192000000000000002,2025-03-22,6638,1339,0.201717,14,24082560,17985,0.62,71.16
191000000000000002,192000000000000003,2025-03-22,1371,472,0.344274,7,15336327,32492,1.09,67.76
191000000000000002,192000000000000004,2025-03-22,1875,503,0.268267,10,17101980,34000,1.61,166.71
191000000000000003,192000000000000005,2025-03-22,4715,1071,0.227147,15,24328730,22716,0.87,77.61
191000000000000004,192000000000000006,2025-03-22,5376,1637,0.304501,31,48657461,29724,3.04,419.89
191000000000000001,192000000000000001,2025-03-23,2844,690,0.242616,4,17527149,25402,0.31,34.9
191000000000000001,192000000000000002,2025-03-23,2224,591,0.265737,6,18333432,31021,0.3,24.49
191000000000000002,192000000000000003,2025-03-23,706,221,0.313031,3,9832743,44492,0.62,44.4
191000000000000002,192000000000000004,2025-03-23,1278,445,0.3482,6,10659018,23953,1.17,57.81
191000000000000003,192000000000000005,2025-03-23,2032,553,0.272146,7,15368821,27792,0.46,56.74
191000000000000004,192000000000000006,2025-03-23,2673,910,0.340441,14,30737641,33778,2.46,312.77
191000000000000001,192000000000000001,2025-03-24,4511,1139,0.252494,7,30085357,26414,0.63,52.61
191000000000000001,192000000000000002,2025-03-24,6190,1671,0.269952,13,28762500,17213,0.75,33.91
191000000000000002,192000000000000003,2025-03-24,1317,418,0.317388,5,17349397,41506,0.84,116.99
191000000000000002,192000000000000004,2025-03-24,2534,759,0.299526,14,16277950,21447,2.28,188.43
191000000000000003,192000000000000005,2025-03-24,3165,761,0.240442,11,25220510,33141,0.54,61.63
191000000000000004,192000000000000006,2025-03-24,3819,1253,0.328096,15,50441020,40256,2.78,341.61
191000000000000001,192000000000000001,2025-03-25,3634,1003,0.276004,6,28310409,28226,0.43,55.67
191000000000000001,192000000000000002,2025-03-25,5884,1246,0.211761,11,32455646,26048,0.52,71.1
191000000000000002,192000000000000003,2025-03-25,2184,696,0.318681,13,20799676,29885,1.92,228.04
191000000000000002,192000000000000004,2025-03-25,1018,335,0.329077,3,13923784,41564,0.77,65.46
191000000000000003,192000000000000005,2025-03-25,3706,1118,0.301673,6,26042595,23294,0.93,59.36
191000000000000004,192000000000000006,2025-03-25,5138,1304,0.253795,26,52085190,39943,2.74,227.24
191000000000000001,192000000000000001,2025-03-26,3067,709,0.231171,9,20982268,29594,0.39,52.16
191000000000000001,192000000000000002,2025-03-26,4329,927,0.214137,11,22561963,24339,0.45,41.27
191000000000000002,192000000000000003,2025-03-26,1387,440,0.317231,8,11266406,25605,1.28,74.75
191000000000000002,192000000000000004,2025-03-26,1172,374,0.319113,6,13616012,36406,0.89,56.86
191000000000000003,192000000000000005,2025-03-26,3433,902,0.262744,9,18661813,20689,0.85,54.35
191000000000000004,192000000000000006,2025-03-26,2990,997,0.333445,13,37323627,37436,2.42,137.69
191000000000000001,192000000000000001,2025-03-27,4415,1059,0.239864,10,25516038,24094,0.42,57.46
191000000000000001,192000000000000002,2025-03-27,8212,2223,0.270701,14,35206823,15838,0.84,52.34
191000000000000002,192000000000000003,2025-03-27,2730,917,0.335897,15,19055364,20780,2.54,287.59
191000000000000002,192000000000000004,2025-03-27,1258,400,0.317965,4,15643414,39109,1.04,127.74
191000000000000003,192000000000000005,2025-03-27,4485,1117,0.249052,8,26024083,23298,1.07,93.0
191000000000000004,192000000000000006,2025-03-27,5099,1710,0.33536,18,52048167,30438,3.35,347.83
191000000000000001,192000000000000001,2025-03-28,4382,1061,0.242127,12,27558941,25974,0.37,29.42
191000000000000001,192000000000000002,2025-03-28,4638,1350,0.291074,6,26872417,19905,0.72,65.51
191000000000000002,192000000000000003,2025-03-28,1455,483,0.331959,8,16237465,33618,1.01,88.82
191000000000000002,192000000000000004,2025-03-28,1486,401,0.269852,6,14866168,37073,1.07,96.89
191000000000000003,192000000000000005,2025-03-28,4217,1075,0.254921,10,23327725,21700,0.82,101.62
191000000000000004,192000000000000006,2025-03-28,5094,1625,0.319003,22,46655450,28711,4.12,283.51
191000000000000001,192000000000000001,2025-03-29,6335,1436,0.226677,12,40096743,27923,0.91,63.09
191000000000000001,192000000000000002,2025-03-29,8943,2041,0.228223,23,32747996,16045,0.94,39.85
191000000000000002,192000000000000003,2025-03-29,3160,956,0.302532,11,20573543,21520,2.5,263.53
191000000000000002,192000000000000004,2025-03-29,2497,685,0.274329,12,21052022,30733,1.45,88.98
191000000000000003,192000000000000005,2025-03-29,3089,952,0.30819,10,31219174,32793,1.07,51.09
191000000000000004,192000000000000006,2025-03-29,5787,1542,0.266459,27,62438347,40492,4.17,485.5
191000000000000001,192000000000000001,2025-03-30,6750,1576,0.233481,19,23714192,15047,0.71,46.32
191000000000000001,192000000000000002,2025-03-30,6136,1332,0.21708,9,25560379,19189,0.68,88.47
191000000000000002,192000000000000003,2025-03-30,2100,660,0.314286,11,13823407,20945,2.12,185.68
191000000000000002,192000000000000004,2025-03-30,1086,337,0.310313,4,14333491,42533,0.79,33.61
191000000000000003,192000000000000005,2025-03-30,3499,969,0.276936,6,21117673,21793,0.62,80.11
191000000000000004,192000000000000006,2025-03-30,3720,1012,0.272043,15,42235346,41735,2.02,85.77
191000000000000001,192000000000000001,2025-03-31,3014,897,0.297611,4,22314920,24877,0.48,44.14
191000000000000001,192000000000000002,2025-03-31,4389,984,0.224197,8,26103867,26528,0.52,28.85
191000000000000002,192000000000000003,2025-03-31,1704,429,0.251761,7,13478101,31417,0.8,110.5
191000000000000002,192000000000000004,2025-03-31,2540,650,0.255906,11,14189777,21830,2.04,126.14
191000000000000003,192000000000000005,2025-03-31,2584,675,0.261223,9,20750909,30742,0.48,38.56
191000000000000004,192000000000000006,2025-03-31,3524,1151,0.326617,12,41501817,36057,1.72,98.99
191000000000000001,192000000000000001,2025-04-01,4460,1250,0.280269,6,37305721,29845,0.64,82.48
191000000000000001,192000000000000002,2025-04-01,4631,1347,0.290866,11,28685353,21296,0.67,44.08
191000000000000002,192000000000000003,2025-04-01,1971,517,0.262303,6,19317223,37364,1.05,119.1
191000000000000002,192000000000000004,2025-04-01,1658,484,0.291918,10,18391962,38000,1.05,75.2
191000000000000004,192000000000000006,2025-04-01,4699,1634,0.347734,28,56563777,34617,2.62,203.32
191000000000000001,192000000000000001,2025-04-02,5017,1410,0.281044,9,28846501,20459,0.57,42.0
191000000000000001,192000000000000002,2025-04-02,4019,1105,0.274944,12,36180382,32742,0.42,57.58
191000000000000002,192000000000000003,2025-04-02,2278,582,0.255487,8,18361939,31550,1.36,182.57
191000000000000002,192000000000000004,2025-04-02,2937,833,0.283623,15,18796280,22565,2.78,387.79
191000000000000003,192000000000000005,2025-04-02,4925,1456,0.295635,16,27868664,19141,1.09,49.42
191000000000000004,192000000000000006,2025-04-02,4288,1140,0.265858,20,55737328,48892,1.81,141.64
191000000000000001,192000000000000001,2025-04-03,3065,648,0.211419,6,21219946,32747,0.3,18.23
191000000000000001,192000000000000002,2025-04-03,3127,867,0.277263,7,18745645,21621,0.39,50.55
191000000000000002,192000000000000003,2025-04-03,787,259,0.329098,5,10724233,41406,0.82,45.03
191000000000000002,192000000000000004,2025-04-03,1243,320,0.257442,4,12113248,37854,0.68,87.02
191000000000000003,192000000000000005,2025-04-03,2885,867,0.30052,5,17128110,19756,0.81,85.95
191000000000000004,192000000000000006,2025-04-03,2700,890,0.32963,15,34256221,38490,1.71,215.29
191000000000000001,192000000000000001,2025-04-04,3385,838,0.247563,8,24893477,29706,0.34,24.7
191000000000000001,192000000000000002,2025-04-04,3729,949,0.254492,4,30040395,31655,0.37,41.43
191000000000000002,192000000000000003,2025-04-04,1552,460,0.296392,9,17716012,38513,1.04,92.5
191000000000000002,192000000000000004,2025-04-04,2128,580,0.272556,8,13674772,23577,1.49,147.5
191000000000000004,192000000000000006,2025-04-04,3232,1073,0.331993,15,47086176,43883,1.86,190.32
191000000000000001,192000000000000001,2025-04-05,4851,1192,0.245723,8,21118459,17717,0.48,32.56
191000000000000001,192000000000000002,2025-04-05,4791,1404,0.293049,7,26587651,18937,0.68,36.87
191000000000000002,192000000000000003,2025-04-05,1271,352,0.276947,4,13972259,39694,0.82,72.09
191000000000000002,192000000000000004,2025-04-05,1568,413,0.263393,9,13288376,32175,0.91,117.74
191000000000000003,192000000000000005,2025-04-05,3087,891,0.28863,11,20445476,22947,0.76,62.14
191000000000000004,192000000000000006,2025-04-05,3294,1030,0.31269,20,40890951,39700,2.72,342.61
191000000000000001,192000000000000001,2025-04-06,4076,873,0.214181,5,19893229,22787,0.46,27.71
191000000000000001,192000000000000002,2025-04-06,4568,1023,0.223949,6,18715995,18295,0.48,20.94
191000000000000002,192000000000000003,2025-04-06,1423,366,0.257203,6,11874869,32445,0.81,79.91
191000000000000002,192000000000000004,2025-04-06,1683,447,0.265597,9,10187546,22791,1.14,75.87
191000000000000003,192000000000000005,2025-04-06,2255,663,0.294013,6,16546811,24957,0.6,70.84
191000000000000004,192000000000000006,2025-04-06,2103,690,0.328103,8,33093621,47962,1.7,139.46
191000000000000001,192000000000000001,2025-04-07,5207,1324,0.254273,9,25355323,19151,0.83,115.47
191000000000000001,192000000000000002,2025-04-07,4384,961,0.219206,12,30156801,31381,0.4,37.18
191000000000000002,192000000000000003,2025-04-07,1041,351,0.337176,4,15756180,44889,1.13,87.45
191000000000000002,192000000000000004,2025-04-07,1167,403,0.34533,4,15965034,39615,1.06,74.0
191000000000000003,192000000000000005,2025-04-07,3685,1059,0.287381,7,23790910,22465,0.72,89.92
191000000000000004,192000000000000006,2025-04-07,4121,1408,0.341665,13,47581821,33794,2.18,115.66
191000000000000001,192000000000000001,2025-04-08,4508,1083,0.24024,10,23730547,21912,0.64,64.91
191000000000000001,192000000000000002,2025-04-08,6615,1402,0.211943,17,22129040,15784,0.9,120.56
191000000000000002,192000000000000003,2025-04-08,2055,575,0.279805,11,15210674,26453,1.22,118.48
191000000000000002,192000000000000004,2025-04-08,825,267,0.323636,3,10994805,41179,0.88,46.21
191000000000000003,192000000000000005,2025-04-08,2404,687,0.285774,5,19654109,28609,0.7,64.73
191000000000000004,192000000000000006,2025-04-08,4746,1193,0.25137,16,39308217,32949,1.9,202.5
191000000000000001,192000000000000001,2025-04-09,2737,789,0.288272,5,23821488,30192,0.35,44.8
191000000000000001,192000000000000002,2025-04-09,3476,934,0.2687,6,22318553,23896,0.47,52.13
191000000000000002,192000000000000003,2025-04-09,1449,482,0.332643,8,12471782,25875,1.54,96.49
191000000000000002,192000000000000004,2025-04-09,969,335,0.345717,4,13893956,41474,0.78,55.02
191000000000000003,192000000000000005,2025-04-09,2209,593,0.268447,7,19774303,33346,0.67,65.64
191000000000000004,192000000000000006,2025-04-09,3028,1032,0.340819,11,39548607,38322,1.97,245.3
191000000000000001,192000000000000001,2025-04-10,2309,624,0.270247,5,18192290,29154,0.32,43.49
191000000000000001,192000000000000002,2025-04-10,4359,1039,0.238357,12,25327939,24377,0.59,50.75
191000000000000002,192000000000000003,2025-04-10,1280,362,0.282813,6,12386088,34216,0.81,64.46
191000000000000002,192000000000000004,2025-04-10,2099,600,0.28585,10,12482614,20804,1.35,166.47
191000000000000003,192000000000000005,2025-04-10,2049,512,0.249878,4,18651527,36429,0.34,29.31
191000000000000004,192000000000000006,2025-04-10,3113,989,0.3177,18,37303053,37718,1.91,171.87
191000000000000001,192000000000000001,2025-04-11,4278,942,0.220196,10,25346078,26907,0.57,59.41
191000000000000001,192000000000000002,2025-04-11,4021,1138,0.283014,10,27129351,23840,0.72,41.36
191000000000000002,192000000000000003,2025-04-11,1582,399,0.252212,7,15636180,39188,1.28,114.22
191000000000000002,192000000000000004,2025-04-11,1255,408,0.3251,6,14349779,35171,1.25,136.01
191000000000000003,192000000000000005,2025-04-11,2899,831,0.286651,9,22489470,27063,0.88,54.81
191000000000000004,192000000000000006,2025-04-11,2928,993,0.339139,14,44978939,45296,2.19,250.4
191000000000000001,192000000000000001,2025-04-12,2041,580,0.284174,4,20102332,34659,0.33,29.27
191000000000000002,192000000000000003,2025-04-12,1301,395,0.303613,5,14351502,36333,0.84,56.27
191000000000000003,192000000000000005,2025-04-12,3524,986,0.279796,11,19990951,20275,0.96,104.33
191000000000000004,192000000000000006,2025-04-12,2826,815,0.288393,17,39981903,49058,1.66,213.14
191000000000000001,192000000000000001,2025-04-13,5559,1447,0.260299,9,23366421,16148,0.54,64.19
191000000000000001,192000000000000002,2025-04-13,8090,1840,0.227441,23,29901685,16251,0.91,121.45
191000000000000002,192000000000000003,2025-04-13,1972,597,0.302738,9,15288320,25609,1.82,156.68
191000000000000002,192000000000000004,2025-04-13,1839,539,0.293094,9,15150599,28109,1.61,162.0
191000000000000003,192000000000000005,2025-04-13,2757,754,0.273486,7,22829189,30277,0.73,71.29
191000000000000004,192000000000000006,2025-04-13,4230,1130,0.267139,14,45658377,40406,2.69,336.52
191000000000000001,192000000000000001,2025-04-14,5155,1096,0.212609,8,25196489,22989,0.54,43.67
191000000000000001,192000000000000002,2025-04-14,3022,832,0.275314,5,26259757,31562,0.34,25.06
191000000000000002,192000000000000003,2025-04-14,1322,429,0.324508,5,16877908,39342,1.23,131.41
191000000000000002,192000000000000004,2025-04-14,1478,475,0.32138,7,12525661,26370,1.1,86.81
191000000000000003,192000000000000005,2025-04-14,3208,771,0.240337,9,22052677,28603,0.85,117.76
191000000000000004,192000000000000006,2025-04-14,3854,1339,0.347431,16,44105354,32939,2.04,267.73
191000000000000001,192000000000000001,2025-04-15,3030,777,0.256436,5,26292985,33839,0.36,39.7
191000000000000001,192000000000000002,2025-04-15,3881,966,0.248905,5,27049723,28002,0.41,36.06
191000000000000002,192000000000000003,2025-04-15,1725,524,0.303768,6,15306971,29212,1.75,79.65
191000000000000002,192000000000000004,2025-04-15,1604,514,0.320449,6,15174577,29523,1.71,235.42
191000000000000003,192000000000000005,2025-04-15,2185,655,0.299771,3,22861161,34903,0.65,44.08
191000000000000004,192000000000000006,2025-04-15,5682,1737,0.305702,27,45722322,26323,3.23,307.31
191000000000000001,192000000000000001,2025-04-16,4335,1259,0.290427,4,30617616,24319,0.68,73.94
191000000000000001,192000000000000002,2025-04-16,7135,1922,0.269376,17,35356670,18396,0.99,127.27
191000000000000002,192000000000000003,2025-04-16,2563,806,0.314475,14,19771947,24531,2.32,293.37
191000000000000002,192000000000000004,2025-04-16,1533,534,0.348337,7,17927645,33572,1.54,131.78
191000000000000003,192000000000000005,2025-04-16,3549,1124,0.316709,9,28274694,25155,0.72,90.59
191000000000000001,192000000000000001,2025-04-17,5125,1285,0.250732,6,36413795,28338,0.54,59.09
191000000000000001,192000000000000002,2025-04-17,5954,1555,0.261169,14,35320468,22714,0.56,49.66
191000000000000002,192000000000000003,2025-04-17,2349,709,0.301831,11,22460364,31679,1.89,255.61
191000000000000002,192000000000000004,2025-04-17,1494,460,0.307898,6,18530644,40284,0.97,78.97
191000000000000003,192000000000000005,2025-04-17,3532,879,0.248867,10,30743256,34975,0.83,86.28
191000000000000004,192000000000000006,2025-04-17,6799,1747,0.25695,23,61486512,35195,4.43,284.23
191000000000000001,192000000000000002,2025-04-18,6901,1700,0.246341,12,27201883,16001,1.04,94.72
191000000000000002,192000000000000003,2025-04-18,1553,477,0.307147,9,18822966,39461,1.4,166.1
191000000000000002,192000000000000004,2025-04-18,1443,438,0.303534,5,12933089,29528,1.3,95.9
191000000000000003,192000000000000005,2025-04-18,3438,841,0.244619,9,23817041,28320,0.63,34.84
191000000000000004,192000000000000006,2025-04-18,4136,1262,0.305126,14,47634083,37745,3.22,400.98
191000000000000001,192000000000000001,2025-04-19,4614,1013,0.219549,12,35360566,34907,0.62,39.21
191000000000000001,192000000000000002,2025-04-19,5252,1495,0.284653,14,35731067,23900,0.7,51.9
191000000000000002,192000000000000003,2025-04-19,1760,533,0.302841,9,17858825,33506,1.44,145.59
191000000000000002,192000000000000004,2025-04-19,1584,537,0.339015,5,22764965,42393,1.55,106.88
191000000000000003,192000000000000005,2025-04-19,4577,1190,0.259996,11,30467843,25603,1.09,70.07
191000000000000004,192000000000000006,2025-04-19,6502,2018,0.310366,37,60935686,30196,4.98,331.81
191000000000000001,192000000000000001,2025-04-20,6555,1820,0.277651,12,33682139,18507,0.85,44.43
191000000000000001,192000000000000002,2025-04-20,4957,1376,0.277587,9,35322298,25670,0.78,98.54
191000000000000002,192000000000000003,2025-04-20,2272,723,0.318222,10,17126453,23688,1.45,166.4
191000000000000002,192000000000000004,2025-04-20,1562,509,0.325864,9,22304653,43821,1.22,94.23
191000000000000003,192000000000000005,2025-04-20,2832,791,0.279308,7,29573330,37387,0.61,62.59
191000000000000004,192000000000000006,2025-04-20,4317,1201,0.278202,25,59146660,49248,2.24,202.18
191000000000000001,192000000000000001,2025-04-21,3092,785,0.253881,5,23631848,30104,0.42,38.18
191000000000000001,192000000000000002,2025-04-21,3863,898,0.232462,6,26924096,29982,0.52,51.71
191000000000000002,192000000000000003,2025-04-21,1258,400,0.317965,7,15432481,38581,1.27,86.13
191000000000000003,192000000000000005,2025-04-21,2675,828,0.309533,5,21666833,26168,0.76,64.78
191000000000000004,192000000000000006,2025-04-21,5301,1484,0.279947,23,43333666,29201,2.34,302.75
191000000000000001,192000000000000001,2025-04-22,7370,1701,0.230801,13,26313028,15469,0.77,51.42
191000000000000001,192000000000000002,2025-04-22,3808,1022,0.268382,6,30004293,29358,0.62,29.66
191000000000000002,192000000000000003,2025-04-22,1279,375,0.293198,8,13656322,36417,1.0,83.4
191000000000000002,192000000000000004,2025-04-22,1592,463,0.290829,8,18525004,40011,1.36,115.97
191000000000000003,192000000000000005,2025-04-22,2313,724,0.313013,6,24135995,33337,0.76,59.75
191000000000000004,192000000000000006,2025-04-22,4114,1380,0.33544,13,48271989,34980,2.91,406.05
191000000000000001,192000000000000001,2025-04-23,6554,1317,0.200946,16,31448201,23879,0.7,34.38
191000000000000001,192000000000000002,2025-04-23,4104,1013,0.246832,9,25784880,25454,0.39,37.81
191000000000000002,192000000000000003,2025-04-23,1686,495,0.293594,8,18082869,36531,1.29,126.99
191000000000000002,192000000000000004,2025-04-23,1110,348,0.313514,4,14621749,42017,1.1,49.5
191000000000000003,192000000000000005,2025-04-23,3322,924,0.278146,9,24528463,26546,1.0,105.0
191000000000000004,192000000000000006,2025-04-23,3477,1029,0.295945,17,49056927,47674,2.08,288.06
191000000000000001,192000000000000001,2025-04-24,4912,1296,0.263844,5,25973543,20041,0.8,95.64
191000000000000001,192000000000000002,2025-04-24,2772,790,0.284993,4,23194743,29360,0.51,61.05
191000000000000002,192000000000000003,2025-04-24,1178,396,0.336163,6,15822511,39956,0.82,61.81
191000000000000002,192000000000000004,2025-04-24,1458,393,0.269547,8,12273652,31231,0.89,88.19
191000000000000003,192000000000000005,2025-04-24,3004,955,0.317909,8,21072123,22065,1.03,70.27
191000000000000004,192000000000000006,2025-04-24,4390,1493,0.340091,15,42144245,28228,3.18,311.95
191000000000000001,192000000000000001,2025-04-25,4143,934,0.225441,8,25750779,27570,0.38,30.65
191000000000000001,192000000000000002,2025-04-25,3134,788,0.251436,7,20824505,26427,0.43,42.81
191000000000000002,192000000000000003,2025-04-25,1548,405,0.261628,6,13083356,32305,0.88,38.32
191000000000000002,192000000000000004,2025-04-25,2274,669,0.294195,9,13531092,20226,1.63,123.06
191000000000000003,192000000000000005,2025-04-25,1743,536,0.307516,5,19960836,37240,0.59,35.09
191000000000000004,192000000000000006,2025-04-25,5399,1385,0.256529,28,39921672,28824,3.0,214.76
191000000000000001,192000000000000001,2025-04-26,5293,1310,0.247497,9,29255770,22333,0.48,60.83
191000000000000001,192000000000000002,2025-04-26,2855,845,0.295972,4,28587637,33832,0.4,38.65
191000000000000002,192000000000000004,2025-04-26,1329,458,0.34462,7,16244869,35469,1.02,111.88
191000000000000004,192000000000000006,2025-04-26,5822,1954,0.335623,22,49580063,25374,3.94,374.31
191000000000000001,192000000000000001,2025-04-27,3802,1098,0.288795,9,29430918,26804,0.44,59.11
191000000000000001,192000000000000002,2025-04-27,3928,1018,0.259165,7,33920516,33321,0.45,49.64
191000000000000002,192000000000000003,2025-04-27,1522,430,0.282523,7,17431612,40539,1.16,160.52
191000000000000002,192000000000000004,2025-04-27,3442,932,0.270773,11,18769208,20139,2.87,244.86
191000000000000003,192000000000000005,2025-04-27,3870,1179,0.304651,14,27150615,23029,1.27,116.93
191000000000000004,192000000000000006,2025-04-27,3720,1162,0.312366,18,54301230,46731,2.41,171.13
191000000000000001,192000000000000001,2025-04-28,4124,1165,0.282493,8,29876357,25645,0.67,37.23
191000000000000001,192000000000000002,2025-04-28,3530,1032,0.292351,7,26183942,25372,0.52,39.64
191000000000000002,192000000000000003,2025-04-28,1582,413,0.261062,6,16403164,39717,0.78,103.24
191000000000000003,192000000000000005,2025-04-28,3068,825,0.268905,6,24025842,29122,0.92,84.76
191000000000000004,192000000000000006,2025-04-28,4106,1053,0.256454,21,48051685,45633,1.86,214.52
191000000000000001,192000000000000001,2025-04-29,4584,1163,0.253709,6,24318068,20910,0.47,25.6
191000000000000001,192000000000000002,2025-04-29,5726,1184,0.206776,17,28997715,24491,0.71,54.66
191000000000000002,192000000000000004,2025-04-29,1822,600,0.329308,6,14279650,23799,1.78,238.69
191000000000000003,192000000000000005,2025-04-29,4451,1229,0.276118,8,22849621,18592,0.89,92.55
191000000000000004,192000000000000006,2025-04-29,4787,1570,0.327972,16,45699243,29108,3.1,203.57
191000000000000001,192000000000000001,2025-04-30,4566,1257,0.275296,11,33903003,26971,0.63,76.6
191000000000000001,192000000000000002,2025-04-30,4701,1227,0.261008,13,37825164,30827,0.53,53.95
191000000000000002,192000000000000003,2025-04-30,2113,618,0.292475,8,21747017,35189,1.5,132.43
191000000000000002,192000000000000004,2025-04-30,1490,521,0.349664,5,19240507,36930,1.36,165.44
191000000000000003,192000000000000005,2025-04-30,3872,1121,0.289514,6,30740643,27423,0.96,117.04
191000000000000004,192000000000000006,2025-04-30,5495,1746,0.317743,27,61481286,35213,2.8,145.93
191000000000000001,192000000000000001,2025-05-01,6324,1339,0.211733,16,35848003,26772,0.58,62.83
191000000000000001,192000000000000002,2025-05-01,4831,1149,0.237839,14,33545662,29196,0.43,19.18
191000000000000002,192000000000000004,2025-05-01,2019,688,0.340763,8,22169723,32223,1.45,85.77
191000000000000003,192000000000000005,2025-05-01,3647,1075,0.294763,9,29740142,27665,0.82,71.63
191000000000000004,192000000000000006,2025-05-01,4378,1420,0.324349,26,59480284,41888,3.24,385.73
191000000000000001,192000000000000001,2025-05-02,3318,902,0.271851,4,27347843,30319,0.57,47.28
191000000000000001,192000000000000002,2025-05-02,7185,2088,0.290605,14,36842221,17645,0.96,70.91
191000000000000002,192000000000000003,2025-05-02,1246,425,0.341091,7,17547028,41287,1.26,164.66
191000000000000002,192000000000000004,2025-05-02,2045,614,0.300244,10,19133009,31161,1.82,178.77
191000000000000003,192000000000000005,2025-05-02,2619,821,0.313478,6,27510027,33508,0.71,75.14
191000000000000004,192000000000000006,2025-05-02,5922,1961,0.331138,23,55020054,28057,5.23,665.24
191000000000000001,192000000000000001,2025-05-03,3304,736,0.22276,6,22083500,30005,0.43,25.12
191000000000000001,192000000000000002,2025-05-03,3432,929,0.270688,7,29078909,31301,0.6,42.14
191000000000000002,192000000000000003,2025-05-03,1949,578,0.296562,11,12514474,21651,1.11,142.44
191000000000000002,192000000000000004,2025-05-03,2257,672,0.29774,7,16721188,24883,1.83,173.66
191000000000000003,192000000000000005,2025-05-03,2312,583,0.252163,5,21926746,37610,0.62,52.58
191000000000000004,192000000000000006,2025-05-03,4219,1440,0.341313,17,43853493,30454,3.78,397.98
191000000000000001,192000000000000001,2025-05-04,3009,780,0.259222,7,19781518,25361,0.41,17.93
191000000000000001,192000000000000002,2025-05-04,4850,1157,0.238557,7,20639064,17838,0.62,83.86
191000000000000002,192000000000000003,2025-05-04,1576,436,0.27665,8,12181592,27939,1.26,106.43
191000000000000002,192000000000000004,2025-05-04,953,327,0.343127,4,10915884,33382,0.67,63.72
191000000000000003,192000000000000005,2025-05-04,2545,705,0.277014,7,17323107,24572,0.82,44.79
191000000000000004,192000000000000006,2025-05-04,2783,956,0.343514,16,34646213,36241,1.87,210.52
191000000000000001,192000000000000001,2025-05-05,3315,783,0.236199,5,22202276,28355,0.36,20.94
191000000000000001,192000000000000002,2025-05-05,2890,865,0.299308,4,22269421,25745,0.53,25.96
191000000000000002,192000000000000003,2025-05-05,1458,432,0.296296,5,11406732,26404,0.97,103.3
191000000000000002,192000000000000004,2025-05-05,1302,331,0.254224,8,14005666,42313,1.0,111.1
191000000000000003,192000000000000005,2025-05-05,3229,887,0.274698,11,19059299,21487,0.94,111.59
191000000000000004,192000000000000006,2025-05-05,3284,982,0.299026,17,38118597,38817,1.48,174.46
191000000000000001,192000000000000001,2025-05-06,3160,794,0.251266,4,20071122,25278,0.48,33.45
191000000000000001,192000000000000002,2025-05-06,4008,950,0.237026,4,27488556,28935,0.54,68.81
191000000000000002,192000000000000003,2025-05-06,1743,464,0.266208,6,15023000,32377,1.15,125.98
191000000000000003,192000000000000005,2025-05-06,3216,827,0.257152,11,20382719,24647,0.85,53.32
191000000000000004,192000000000000006,2025-05-06,6322,1583,0.250395,21,40765438,25752,3.18,437.08
191000000000000001,192000000000000001,2025-05-07,6221,1557,0.250281,15,25707097,16511,0.9,92.8
191000000000000001,192000000000000002,2025-05-07,6320,1447,0.228956,15,26055927,18007,0.91,57.66
191000000000000002,192000000000000003,2025-05-07,1460,468,0.320548,8,14747543,31512,1.09,124.25
191000000000000002,192000000000000004,2025-05-07,1418,439,0.309591,5,14831328,33784,1.28,148.0
191000000000000003,192000000000000005,2025-05-07,2670,842,0.315356,5,22184153,26347,0.6,41.5
191000000000000004,192000000000000006,2025-05-07,4150,1322,0.318554,19,44368306,33562,2.61,217.1
191000000000000001,192000000000000001,2025-05-08,5561,1522,0.273692,7,35924536,23604,0.82,73.6
191000000000000001,192000000000000002,2025-05-08,6352,1460,0.229849,13,30634363,20982,0.53,21.32
191000000000000002,192000000000000004,2025-05-08,1823,496,0.272079,10,18373788,37044,1.16,73.96
191000000000000003,192000000000000005,2025-05-08,2937,786,0.26762,8,28525242,36292,0.63,84.26
191000000000000001,192000000000000001,2025-05-09,4463,1072,0.240197,9,29091139,27137,0.52,72.02
191000000000000001,192000000000000002,2025-05-09,5315,1476,0.277705,6,25566160,17321,0.65,87.03
191000000000000002,192000000000000003,2025-05-09,1785,602,0.337255,9,13715568,22783,1.23,150.01
191000000000000003,192000000000000005,2025-05-09,2646,653,0.246788,4,23424557,35872,0.73,37.92
191000000000000004,192000000000000006,2025-05-09,5448,1668,0.306167,29,46849114,28087,3.79,175.47
191000000000000001,192000000000000001,2025-05-10,3988,1169,0.293129,6,29550456,25278,0.68,86.51
191000000000000001,192000000000000002,2025-05-10,3302,872,0.264082,9,25499885,29243,0.32,19.33
191000000000000002,192000000000000003,2025-05-10,1345,365,0.271375,7,13432703,36802,0.85,108.34
191000000000000002,192000000000000004,2025-05-10,2586,787,0.304331,9,18024634,22903,1.49,186.06
191000000000000003,192000000000000005,2025-05-10,4767,1176,0.246696,11,23593003,20062,1.31,113.7
191000000000000004,192000000000000006,2025-05-10,4028,1013,0.25149,13,47186007,46580,2.26,144.87
191000000000000001,192000000000000001,2025-05-11,3557,791,0.222378,9,21214583,26820,0.42,37.76
191000000000000001,192000000000000002,2025-05-11,5294,1272,0.240272,9,26620130,20928,0.54,24.93
191000000000000002,192000000000000003,2025-05-11,2138,617,0.288587,12,14097895,22849,1.38,147.49
191000000000000002,192000000000000004,2025-05-11,1052,350,0.3327,4,13236227,37818,0.85,117.49
191000000000000003,192000000000000005,2025-05-11,2976,819,0.275202,8,20500591,25031,0.95,80.45
191000000000000004,192000000000000006,2025-05-11,4264,1196,0.280488,22,41001182,34282,2.21,112.7
191000000000000001,192000000000000001,2025-05-12,2945,653,0.221732,8,22406084,34313,0.36,46.37
191000000000000001,192000000000000002,2025-05-12,5790,1423,0.245769,9,25811238,18139,0.63,76.42
191000000000000002,192000000000000003,2025-05-12,1832,573,0.312773,8,11966748,20884,1.66,129.97
191000000000000002,192000000000000004,2025-05-12,1683,548,0.325609,6,15586007,28442,1.18,135.1
191000000000000003,192000000000000005,2025-05-12,2331,744,0.319176,6,20664566,27775,0.65,38.22
191000000000000004,192000000000000006,2025-05-12,3048,919,0.301509,14,41329133,44972,2.21,186.51
191000000000000001,192000000000000002,2025-05-13,5702,1366,0.239565,7,28977619,21213,0.71,54.43
191000000000000002,192000000000000003,2025-05-13,2438,687,0.281788,11,15845195,23064,2.01,140.7
191000000000000002,192000000000000004,2025-05-13,1415,441,0.311661,8,18132938,41118,1.04,49.55
191000000000000003,192000000000000005,2025-05-13,2764,834,0.301737,10,25483600,30556,0.91,75.16
191000000000000001,192000000000000001,2025-05-14,4043,876,0.216671,11,21817362,24906,0.49,29.95
191000000000000001,192000000000000002,2025-05-14,6905,1553,0.224909,13,25694258,16545,0.84,63.39
191000000000000002,192000000000000003,2025-05-14,1453,394,0.271163,7,12996619,32986,1.31,80.3
191000000000000002,192000000000000004,2025-05-14,1473,471,0.319756,5,14152878,30049,1.59,113.44
191000000000000003,192000000000000005,2025-05-14,2109,575,0.272641,6,20362123,35412,0.52,29.57
191000000000000001,192000000000000001,2025-05-15,5280,1395,0.264205,6,33937261,24328,0.77,52.95
191000000000000001,192000000000000002,2025-05-15,6911,1413,0.204457,20,24200766,17127,0.8,95.84
191000000000000002,192000000000000003,2025-05-15,3318,832,0.250753,10,18404319,22121,1.52,212.25
191000000000000002,192000000000000004,2025-05-15,2034,571,0.280728,9,14817411,25950,1.26,111.22
191000000000000003,192000000000000005,2025-05-15,3386,792,0.233904,7,24916298,31460,0.75,65.78
191000000000000004,192000000000000006,2025-05-15,3415,1086,0.318009,11,49832595,45886,1.78,173.24
191000000000000001,192000000000000001,2025-05-16,4815,1221,0.253583,10,22335775,18293,0.73,88.82
191000000000000002,192000000000000003,2025-05-16,973,327,0.336074,3,14624527,44723,0.86,43.26
191000000000000002,192000000000000004,2025-05-16,1221,357,0.292383,6,12590856,35269,0.84,111.65
191000000000000003,192000000000000005,2025-05-16,2629,755,0.287181,6,20411537,27035,0.57,43.3
191000000000000004,192000000000000006,2025-05-16,3304,831,0.251513,18,40823075,49125,1.94,91.24
191000000000000001,192000000000000001,2025-05-17,5165,1475,0.285576,7,29393860,19928,0.92,92.74
191000000000000001,192000000000000002,2025-05-17,3750,867,0.2312,9,28348673,32697,0.41,47.37
191000000000000002,192000000000000003,2025-05-17,2268,712,0.313933,7,16790280,23582,1.73,239.24
191000000000000002,192000000000000004,2025-05-17,1485,410,0.276094,6,16205454,39525,1.11,129.07
191000000000000003,192000000000000005,2025-05-17,4201,1141,0.271602,9,24746800,21689,0.89,91.79
191000000000000004,192000000000000006,2025-05-17,4412,1343,0.304397,15,49493600,36853,2.79,114.9
191000000000000001,192000000000000001,2025-05-18,2157,641,0.297172,5,21598582,33695,0.23,29.8
191000000000000001,192000000000000002,2025-05-18,4743,1211,0.255324,5,24278008,20048,0.66,30.28
191000000000000002,192000000000000003,2025-05-18,1776,511,0.287725,8,12413433,24292,1.27,65.38
191000000000000002,192000000000000004,2025-05-18,1258,382,0.303657,4,13801762,36130,0.82,66.62
191000000000000003,192000000000000005,2025-05-18,3178,702,0.220894,11,19661396,28008,0.68,65.26
191000000000000004,192000000000000006,2025-05-18,4551,1339,0.294221,16,39322791,29367,2.41,134.35
191000000000000001,192000000000000001,2025-05-19,5142,1348,0.262155,9,29332509,21760,0.51,64.49
191000000000000001,192000000000000002,2025-05-19,3898,822,0.210877,9,25091944,30525,0.49,37.97
191000000000000002,192000000000000003,2025-05-19,1904,485,0.254727,10,17166484,35395,1.2,161.46
191000000000000002,192000000000000004,2025-05-19,1584,524,0.330808,6,13933203,26590,1.35,177.92
191000000000000003,192000000000000005,2025-05-19,2767,619,0.223708,6,23324766,37681,0.63,56.27
191000000000000001,192000000000000001,2025-05-20,4015,1170,0.291407,9,22940999,19608,0.44,28.46
191000000000000001,192000000000000002,2025-05-20,5639,1162,0.206065,14,25878612,22271,0.53,48.53
191000000000000002,192000000000000003,2025-05-20,1461,495,0.338809,6,14032955,28349,1.2,128.11
191000000000000002,192000000000000004,2025-05-20,1345,410,0.304833,6,13863965,33815,1.22,50.58
191000000000000003,192000000000000005,2025-05-20,2715,671,0.247145,9,20922690,31181,0.78,40.19
191000000000000004,192000000000000006,2025-05-20,4732,1489,0.314666,20,41845380,28103,3.85,334.0
191000000000000001,192000000000000001,2025-05-21,2892,804,0.278008,8,24930964,31009,0.37,44.7
191000000000000001,192000000000000002,2025-05-21,4292,1054,0.245573,11,25972514,24642,0.52,53.11
191000000000000002,192000000000000003,2025-05-21,1200,322,0.268333,7,13072697,40598,1.05,129.79
191000000000000002,192000000000000004,2025-05-21,1413,362,0.256192,8,16015005,44240,0.91,108.3
191000000000000003,192000000000000005,2025-05-21,3750,902,0.240533,6,21815776,24186,1.01,51.16
191000000000000004,192000000000000006,2025-05-21,4176,1169,0.279933,13,43631553,37324,2.12,256.89
191000000000000001,192000000000000001,2025-05-22,3077,880,0.285993,8,24235389,27540,0.43,32.82
191000000000000001,192000000000000002,2025-05-22,4939,1327,0.268678,11,25866196,19492,0.66,49.53
191000000000000002,192000000000000003,2025-05-22,2002,602,0.300699,6,12635776,20990,1.74,187.88
191000000000000002,192000000000000004,2025-05-22,1759,493,0.280273,9,15993701,32442,1.47,76.92
191000000000000003,192000000000000005,2025-05-22,3410,901,0.264223,6,21472108,23831,0.83,108.72
191000000000000004,192000000000000006,2025-05-22,3299,865,0.262201,17,42944216,49646,1.94,183.7
191000000000000001,192000000000000001,2025-05-23,2828,762,0.269448,6,20963330,27511,0.4,52.94
191000000000000001,192000000000000002,2025-05-23,4082,989,0.242283,9,20624151,20854,0.56,61.71
191000000000000002,192000000000000003,2025-05-23,704,233,0.330966,4,10153543,43577,0.46,51.57
191000000000000002,192000000000000004,2025-05-23,1202,303,0.25208,7,13610732,44920,0.98,84.49
191000000000000003,192000000000000005,2025-05-23,3060,900,0.294118,6,17823206,19804,1.03,52.09
191000000000000004,192000000000000006,2025-05-23,2887,788,0.272948,14,35646413,45237,2.1,139.29
191000000000000001,192000000000000001,2025-05-24,2982,768,0.257545,8,24205718,31518,0.33,31.94
191000000000000001,192000000000000002,2025-05-24,5408,1427,0.263868,16,24851921,17416,0.84,108.14
191000000000000002,192000000000000003,2025-05-24,1973,608,0.30816,6,13122285,21583,1.86,252.49
191000000000000002,192000000000000004,2025-05-24,1752,592,0.3379,6,14910651,25187,1.56,205.17
191000000000000003,192000000000000005,2025-05-24,2163,625,0.288951,5,21024702,33640,0.66,42.15
191000000000000004,192000000000000006,2025-05-24,3637,1111,0.305472,18,42049405,37848,2.3,139.06
191000000000000001,192000000000000001,2025-05-25,3547,1014,0.285875,7,26488300,26123,0.48,25.93
191000000000000001,192000000000000002,2025-05-25,4463,1242,0.278288,11,28514332,22958,0.67,42.0
191000000000000002,192000000000000003,2025-05-25,2046,546,0.266862,10,17174337,31455,1.0,107.81
191000000000000002,192000000000000004,2025-05-25,1569,475,0.302741,8,14255739,30012,1.2,104.91
191000000000000003,192000000000000005,2025-05-25,3880,1044,0.269072,10,23572557,22579,1.13,47.29
191000000000000004,192000000000000006,2025-05-25,6000,1817,0.302833,25,47145113,25947,3.9,385.7
191000000000000001,192000000000000001,2025-05-26,3086,705,0.228451,4,20691639,29350,0.31,37.69
191000000000000001,192000000000000002,2025-05-26,3080,855,0.277597,9,22219137,25987,0.5,54.81
191000000000000002,192000000000000003,2025-05-26,1275,347,0.272157,6,11069420,31900,0.8,68.68
191000000000000002,192000000000000004,2025-05-26,1886,478,0.253446,10,13451023,28140,1.05,78.32
191000000000000003,192000000000000005,2025-05-26,2331,699,0.299871,7,18390333,26309,0.66,48.72
191000000000000004,192000000000000006,2025-05-26,2395,826,0.344885,11,36780665,44529,2.0,158.04
191000000000000001,192000000000000001,2025-05-27,2274,515,0.226473,3,16678706,32386,0.31,22.74
191000000000000001,192000000000000002,2025-05-27,6260,1332,0.21278,11,23175584,17399,0.61,83.81
191000000000000002,192000000000000003,2025-05-27,1865,546,0.292761,11,11553125,21160,1.1,52.35
191000000000000002,192000000000000004,2025-05-27,1787,551,0.308338,8,11220755,20364,1.75,172.34
191000000000000003,192000000000000005,2025-05-27,2196,529,0.240893,7,17080410,32288,0.42,34.82
191000000000000004,192000000000000006,2025-05-27,3645,1052,0.288615,11,34160821,32472,2.27,160.89
191000000000000001,192000000000000001,2025-05-28,1677,414,0.246869,2,14501099,35027,0.18,9.18
191000000000000001,192000000000000002,2025-05-28,2377,490,0.206142,6,13190899,26920,0.18,16.17
191000000000000002,192000000000000003,2025-05-28,1166,398,0.341338,6,8159998,20503,1.25,105.17
191000000000000002,192000000000000004,2025-05-28,835,216,0.258683,3,7664001,35481,0.51,28.12
191000000000000003,192000000000000005,2025-05-28,2375,655,0.275789,5,11867999,18119,0.47,30.99
191000000000000004,192000000000000006,2025-05-28,1598,543,0.3398,7,23735998,43713,0.95,87.82
191000000000000001,192000000000000001,2025-05-29,2882,656,0.22762,5,18870550,28766,0.36,17.91
191000000000000001,192000000000000002,2025-05-29,1988,548,0.275654,5,17299861,31569,0.29,12.18
191000000000000002,192000000000000003,2025-05-29,1354,357,0.263663,7,9503125,26619,0.86,44.44
191000000000000003,192000000000000005,2025-05-29,2155,529,0.245476,5,15501604,29304,0.44,58.13
191000000000000001,192000000000000001,2025-05-30,4173,1101,0.263839,6,25673614,23318,0.5,47.65
191000000000000001,192000000000000002,2025-05-30,4586,970,0.211513,6,23861971,24600,0.34,39.07
191000000000000002,192000000000000004,2025-05-30,1231,371,0.301381,5,14688182,39591,0.88,99.83
191000000000000003,192000000000000005,2025-05-30,3878,1125,0.290098,8,21229536,18871,1.23,140.96
191000000000000001,192000000000000001,2025-05-31,5491,1335,0.243125,15,29701830,22249,0.6,49.12
191000000000000001,192000000000000002,2025-05-31,4399,992,0.225506,5,22747294,22931,0.47,40.72
191000000000000002,192000000000000003,2025-05-31,1002,337,0.336327,4,13844796,41082,1.0,91.3
191000000000000002,192000000000000004,2025-05-31,1500,394,0.262667,7,16126132,40929,0.74,68.92
191000000000000003,192000000000000005,2025-05-31,2333,701,0.300471,5,22478196,32066,0.68,78.65
191000000000000004,192000000000000006,2025-05-31,3426,1029,0.30035,15,44956392,43689,1.76,216.7
191000000000000001,192000000000000001,2025-06-01,3198,825,0.257974,9,23007967,27888,0.38,34.51
191000000000000001,192000000000000002,2025-06-01,3195,888,0.277934,6,19182428,21602,0.49,62.66
191000000000000002,192000000000000003,2025-06-01,799,272,0.340426,3,11461869,42139,0.65,87.94
191000000000000002,192000000000000004,2025-06-01,1302,405,0.31106,5,12646928,31227,1.19,107.1
191000000000000003,192000000000000005,2025-06-01,1650,507,0.307273,6,18081598,35664,0.33,33.63
191000000000000004,192000000000000006,2025-06-01,3886,1059,0.272517,23,36163196,34148,2.34,264.09
191000000000000001,192000000000000001,2025-06-02,3191,900,0.282043,5,18071515,20079,0.58,30.09
191000000000000001,192000000000000002,2025-06-02,5834,1274,0.218375,10,21829302,17134,0.53,24.5
191000000000000002,192000000000000003,2025-06-02,1254,378,0.301435,5,11260403,29789,0.77,83.86
191000000000000002,192000000000000004,2025-06-02,1383,466,0.336949,6,11540064,24764,1.25,166.57
191000000000000003,192000000000000005,2025-06-02,2253,502,0.222814,6,17100350,34064,0.37,15.62
191000000000000004,192000000000000006,2025-06-02,2406,750,0.311721,13,34200700,45601,1.24,99.61
191000000000000001,192000000000000001,2025-06-03,4140,838,0.202415,7,22257224,26560,0.32,35.34
191000000000000001,192000000000000002,2025-06-03,4093,1059,0.258734,10,21272180,20087,0.48,40.12
191000000000000002,192000000000000003,2025-06-03,1429,420,0.293912,5,12640241,30096,1.18,111.09
191000000000000002,192000000000000004,2025-06-03,1472,436,0.296196,6,12233704,28059,0.83,56.58
191000000000000003,192000000000000005,2025-06-03,2743,613,0.223478,9,18655459,30433,0.68,61.94
191000000000000004,192000000000000006,2025-06-03,3680,1080,0.293478,22,37310918,34547,2.06,209.85
191000000000000001,192000000000000001,2025-06-04,2674,755,0.282349,7,23916301,31677,0.49,41.32
191000000000000001,192000000000000002,2025-06-04,2376,536,0.225589,4,17897691,33391,0.29,32.44
191000000000000002,192000000000000003,2025-06-04,1029,342,0.332362,3,12852757,37581,0.63,35.94
191000000000000002,192000000000000004,2025-06-04,1025,262,0.25561,6,11040952,42141,0.84,80.84
191000000000000003,192000000000000005,2025-06-04,3004,815,0.271305,7,17920282,21988,0.87,114.64
191000000000000004,192000000000000006,2025-06-04,2714,777,0.286293,15,35840564,46127,1.78,187.14
191000000000000001,192000000000000001,2025-06-05,3530,757,0.214448,7,23894905,31565,0.43,24.51
191000000000000001,192000000000000002,2025-06-05,4098,933,0.227672,6,18313053,19628,0.33,26.8
191000000000000002,192000000000000003,2025-06-05,1771,585,0.330322,6,12287966,21005,1.48,70.76
191000000000000002,192000000000000004,2025-06-05,1118,303,0.27102,6,11830867,39046,1.02,116.12
191000000000000003,192000000000000005,2025-06-05,1871,587,0.313736,5,18089125,30816,0.52,43.62
191000000000000004,192000000000000006,2025-06-05,3029,823,0.271707,17,36178250,43959,2.16,239.49
191000000000000001,192000000000000001,2025-06-06,4850,1106,0.228041,5,17258728,15605,0.63,37.55
191000000000000001,192000000000000002,2025-06-06,3694,942,0.255008,5,24392850,25895,0.61,38.9
191000000000000002,192000000000000003,2025-06-06,1217,360,0.295809,5,12197986,33883,1.02,125.2
191000000000000002,192000000000000004,2025-06-06,1479,488,0.329953,8,11602916,23776,1.35,57.68
191000000000000003,192000000000000005,2025-06-06,2474,617,0.249394,7,17850676,28931,0.53,58.03
191000000000000004,192000000000000006,2025-06-06,2929,1010,0.344828,16,35701352,35348,2.5,223.63
191000000000000001,192000000000000001,2025-06-07,4393,954,0.217164,12,19548493,20491,0.52,41.1
191000000000000002,192000000000000003,2025-06-07,985,314,0.318782,4,11581334,36883,1.02,65.38
191000000000000002,192000000000000004,2025-06-07,1084,310,0.285978,4,13297504,42895,0.85,37.4
191000000000000003,192000000000000005,2025-06-07,2963,923,0.311509,9,18659128,20216,0.81,93.14
191000000000000004,192000000000000006,2025-06-07,4552,1394,0.306239,23,37318257,26771,2.66,326.02
191000000000000001,192000000000000001,2025-06-08,2978,828,0.278039,6,18288998,22088,0.36,44.26
191000000000000001,192000000000000002,2025-06-08,2807,827,0.294621,3,21763603,26316,0.35,26.12
191000000000000002,192000000000000003,2025-06-08,812,283,0.348522,4,12202069,43117,0.62,41.04
191000000000000002,192000000000000004,2025-06-08,1161,370,0.318691,6,10685132,28879,1.0,129.93
191000000000000003,192000000000000005,2025-06-08,2008,550,0.273904,3,17165401,31210,0.6,30.82
191000000000000004,192000000000000006,2025-06-08,3856,985,0.255446,15,34330802,34854,1.93,249.16
191000000000000001,192000000000000001,2025-06-09,2047,533,0.260381,5,17048730,31986,0.21,16.58
191000000000000001,192000000000000002,2025-06-09,2785,705,0.253142,5,17687851,25089,0.3,32.2
191000000000000002,192000000000000003,2025-06-09,1338,359,0.268311,5,10026576,27929,0.65,79.2
191000000000000002,192000000000000004,2025-06-09,1286,396,0.307932,6,9822899,24805,0.91,61.09
191000000000000003,192000000000000005,2025-06-09,2067,646,0.31253,4,14887106,23045,0.52,60.58
191000000000000004,192000000000000006,2025-06-09,2300,615,0.267391,7,29774213,48413,1.32,128.74
191000000000000001,192000000000000001,2025-06-10,2493,679,0.272363,6,20163619,29696,0.25,30.77
191000000000000001,192000000000000002,2025-06-10,6069,1385,0.228209,10,21816942,15752,0.85,92.08
191000000000000002,192000000000000003,2025-06-10,1506,479,0.318061,8,13491346,28166,1.24,129.14
191000000000000003,192000000000000005,2025-06-10,2036,566,0.277996,6,17991669,31787,0.38,33.76
191000000000000004,192000000000000006,2025-06-10,3343,1135,0.339515,20,35983338,31703,1.99,243.03
191000000000000001,192000000000000001,2025-06-11,3254,692,0.212661,7,21975443,31756,0.43,37.0
191000000000000001,192000000000000002,2025-06-11,3709,916,0.246967,4,21956340,23970,0.38,21.73
191000000000000002,192000000000000003,2025-06-11,2104,562,0.26711,8,12285882,21861,1.61,171.81
191000000000000002,192000000000000004,2025-06-11,1758,513,0.291809,8,12817995,24986,1.24,132.37
191000000000000003,192000000000000005,2025-06-11,2322,547,0.235573,6,18827907,34420,0.39,41.99
191000000000000004,192000000000000006,2025-06-11,2958,927,0.313387,10,37655814,40621,1.62,208.64
191000000000000001,192000000000000001,2025-06-12,3368,905,0.268705,4,14781286,16333,0.51,49.87
191000000000000001,192000000000000002,2025-06-12,3149,799,0.253731,8,12804844,16026,0.37,47.62
191000000000000002,192000000000000003,2025-06-12,888,268,0.301802,3,7400260,27613,0.71,53.8
191000000000000002,192000000000000004,2025-06-12,720,186,0.258333,3,8363243,44964,0.49,49.16
191000000000000003,192000000000000005,2025-06-12,1777,512,0.288126,3,11822627,23091,0.56,30.02
191000000000000004,192000000000000006,2025-06-12,1916,595,0.310543,6,23645254,39740,1.28,52.52
191000000000000001,192000000000000001,2025-06-13,1782,522,0.292929,5,16211691,31057,0.27,23.1
191000000000000001,192000000000000002,2025-06-13,3814,863,0.226272,7,20422578,23665,0.38,51.58
191000000000000002,192000000000000003,2025-06-13,868,275,0.31682,3,9235802,33585,0.9,66.97
191000000000000002,192000000000000004,2025-06-13,1586,516,0.325347,6,11698066,22671,1.54,171.73
191000000000000003,192000000000000005,2025-06-13,1793,554,0.308979,6,15700401,28340,0.55,53.11
191000000000000004,192000000000000006,2025-06-13,3877,1061,0.273665,18,31400802,29595,1.94,122.42
191000000000000001,192000000000000001,2025-06-14,2798,616,0.220157,7,17644631,28644,0.23,22.4
191000000000000001,192000000000000002,2025-06-14,4921,1153,0.234302,9,19575243,16978,0.58,52.95
191000000000000002,192000000000000004,2025-06-14,901,306,0.339623,3,10954682,35800,0.99,123.26
191000000000000003,192000000000000005,2025-06-14,2974,834,0.28043,6,15951374,19126,0.76,98.85
191000000000000004,192000000000000006,2025-06-14,4025,1112,0.276273,12,31902749,28690,1.96,173.83
191000000000000001,192000000000000001,2025-06-15,3200,665,0.207813,3,16271347,24468,0.25,10.6
191000000000000001,192000000000000002,2025-06-15,4114,1129,0.274429,5,19442344,17221,0.66,42.5
191000000000000002,192000000000000003,2025-06-15,927,310,0.334412,3,10995413,35469,0.93,120.16
191000000000000002,192000000000000004,2025-06-15,925,233,0.251892,5,9412410,40397,0.67,64.43
191000000000000003,192000000000000005,2025-06-15,1779,504,0.283305,4,15305868,30369,0.57,42.19
191000000000000001,192000000000000001,2025-06-16,3860,893,0.231347,4,22943953,25693,0.38,23.76
191000000000000001,192000000000000002,2025-06-16,3834,873,0.2277,5,20230477,23174,0.34,46.03
191000000000000002,192000000000000003,2025-06-16,2277,602,0.264383,10,13497685,22421,1.41,108.98
191000000000000002,192000000000000004,2025-06-16,953,261,0.273872,5,11173418,42810,0.48,34.52
191000000000000003,192000000000000005,2025-06-16,2950,772,0.261695,5,18503327,23968,0.49,24.14
191000000000000004,192000000000000006,2025-06-16,5043,1456,0.288717,19,37006655,25417,2.74,284.01
191000000000000001,192000000000000001,2025-06-17,3848,1138,0.295738,9,23796044,20910,0.49,45.97
191000000000000001,192000000000000002,2025-06-17,3111,763,0.245259,5,20674773,27097,0.3,31.71
191000000000000002,192000000000000003,2025-06-17,1248,357,0.286058,4,14341671,40173,1.01,78.48
191000000000000002,192000000000000004,2025-06-17,855,273,0.319298,4,11070224,40550,0.53,55.26
191000000000000003,192000000000000005,2025-06-17,2560,572,0.223438,6,19058921,33320,0.65,56.3
191000000000000004,192000000000000006,2025-06-17,3560,954,0.267978,18,38117842,39956,1.63,77.37
191000000000000001,192000000000000001,2025-06-18,2957,728,0.246195,5,18287567,25120,0.46,64.13
191000000000000001,192000000000000002,2025-06-18,1931,566,0.293112,2,18673451,32992,0.34,40.33
191000000000000002,192000000000000003,2025-06-18,809,230,0.284302,3,10072060,43792,0.72,90.34
191000000000000002,192000000000000004,2025-06-18,1659,441,0.265823,9,11048521,25053,1.19,133.72
191000000000000003,192000000000000005,2025-06-18,1983,549,0.276853,5,15840436,28853,0.63,57.64
191000000000000004,192000000000000006,2025-06-18,2420,732,0.302479,10,31680872,43280,1.56,128.19
191000000000000001,192000000000000001,2025-06-19,4851,1077,0.222016,10,21329037,19804,0.54,30.6
191000000000000001,192000000000000002,2025-06-19,4283,914,0.213402,9,17258219,18882,0.41,51.25
191000000000000002,192000000000000003,2025-06-19,1806,461,0.25526,8,11849415,25704,0.89,112.77
191000000000000002,192000000000000004,2025-06-19,1415,364,0.257244,7,10200446,28023,0.81,62.56
191000000000000003,192000000000000005,2025-06-19,2671,730,0.273306,9,16537395,22654,0.48,58.18
191000000000000004,192000000000000006,2025-06-19,3393,916,0.269968,13,33074791,36108,2.36,168.55
191000000000000001,192000000000000001,2025-06-20,2408,627,0.260382,5,18768638,29934,0.23,23.15
191000000000000001,192000000000000002,2025-06-20,4826,1089,0.225653,5,18608601,17088,0.5,43.44
191000000000000002,192000000000000003,2025-06-20,1066,310,0.290807,4,10364159,33433,0.97,131.41
191000000000000002,192000000000000004,2025-06-20,1056,271,0.256629,4,10994263,40569,0.71,98.26
191000000000000003,192000000000000005,2025-06-20,1489,460,0.308932,4,16018817,34824,0.51,39.11
191000000000000004,192000000000000006,2025-06-20,4345,1145,0.263521,19,32037633,27980,2.44,313.4
191000000000000001,192000000000000001,2025-06-21,3209,679,0.211592,9,19517833,28745,0.31,20.15
191000000000000001,192000000000000002,2025-06-21,4189,1250,0.298401,8,25670295,20536,0.55,24.06
191000000000000002,192000000000000003,2025-06-21,1421,447,0.314567,8,11670834,26109,0.89,47.87
191000000000000002,192000000000000004,2025-06-21,1222,398,0.325696,4,14150953,35555,0.86,112.28
191000000000000003,192000000000000005,2025-06-21,3361,939,0.279381,10,19366341,20624,0.94,98.48
191000000000000004,192000000000000006,2025-06-21,2804,955,0.340585,9,38732681,40558,1.7,78.77
191000000000000001,192000000000000001,2025-06-22,3225,812,0.251783,7,19623348,24167,0.5,67.89
191000000000000001,192000000000000002,2025-06-22,4579,1012,0.221009,13,22169114,21906,0.58,71.35
191000000000000002,192000000000000003,2025-06-22,975,341,0.349744,3,13277246,38936,1.03,112.89
191000000000000002,192000000000000004,2025-06-22,1353,385,0.284553,8,10604161,27543,1.02,70.18
191000000000000003,192000000000000005,2025-06-22,1959,582,0.29709,6,17911055,30775,0.64,76.66
191000000000000004,192000000000000006,2025-06-22,2493,798,0.320096,12,35822110,44890,1.99,135.89
191000000000000001,192000000000000001,2025-06-23,5642,1165,0.206487,8,22496528,19310,0.62,53.54
191000000000000001,192000000000000002,2025-06-23,5930,1265,0.213322,17,22401450,17709,0.5,60.53
191000000000000002,192000000000000003,2025-06-23,1215,309,0.254321,6,12908350,41775,1.02,42.78
191000000000000002,192000000000000004,2025-06-23,1182,373,0.315567,5,12747637,34176,0.95,62.01
191000000000000003,192000000000000005,2025-06-23,2352,544,0.231293,7,19241990,35371,0.41,37.78
191000000000000001,192000000000000001,2025-06-24,3055,643,0.210475,7,22121628,34404,0.38,33.6
191000000000000001,192000000000000002,2025-06-24,2389,660,0.276266,3,22380688,33910,0.29,21.37
191000000000000002,192000000000000003,2025-06-24,1734,435,0.250865,10,14151632,32532,0.85,54.79
191000000000000002,192000000000000004,2025-06-24,1010,350,0.346535,4,11278263,32224,0.96,49.96
191000000000000003,192000000000000005,2025-06-24,2039,635,0.311427,6,19072421,30035,0.51,61.75
191000000000000004,192000000000000006,2025-06-24,3290,1086,0.330091,16,38144842,35124,2.93,270.57
191000000000000001,192000000000000001,2025-06-25,4274,999,0.233739,11,29855488,29885,0.47,64.8
191000000000000001,192000000000000002,2025-06-25,3304,968,0.292978,6,25961212,26819,0.48,25.62
191000000000000002,192000000000000003,2025-06-25,1870,608,0.325134,11,18167137,29880,1.13,129.55
191000000000000002,192000000000000004,2025-06-25,1108,378,0.341155,4,13728120,36318,1.26,81.57
191000000000000003,192000000000000005,2025-06-25,4475,1124,0.251173,7,23921443,21282,0.93,107.13
191000000000000004,192000000000000006,2025-06-25,4851,1377,0.283859,23,47842886,34744,3.32,444.62
191000000000000001,192000000000000002,2025-06-26,2816,792,0.28125,8,24313093,30698,0.34,39.16
191000000000000002,192000000000000003,2025-06-26,2094,541,0.258357,8,16306591,30142,1.51,193.07
191000000000000002,192000000000000004,2025-06-26,1460,403,0.276027,8,16067636,39870,0.97,130.62
191000000000000003,192000000000000005,2025-06-26,5914,1311,0.221677,17,24280670,18521,1.09,109.94
191000000000000004,192000000000000006,2025-06-26,3813,1001,0.262523,17,48561341,48513,1.74,158.74
191000000000000001,192000000000000001,2025-06-27,3368,864,0.256532,4,24131749,27930,0.39,51.0
191000000000000001,192000000000000002,2025-06-27,3259,740,0.227064,5,25479179,34431,0.27,23.77
191000000000000002,192000000000000003,2025-06-27,1093,325,0.297347,4,13396480,41220,0.61,36.31
191000000000000002,192000000000000004,2025-06-27,1286,404,0.314152,5,14952622,37011,0.98,115.55
191000000000000003,192000000000000005,2025-06-27,2278,607,0.266462,6,21261827,35028,0.48,59.14
191000000000000004,192000000000000006,2025-06-27,4405,1380,0.31328,22,42523653,30814,3.6,150.75
191000000000000001,192000000000000001,2025-06-28,4263,1083,0.254046,9,27186763,25103,0.56,68.68
191000000000000001,192000000000000002,2025-06-28,2920,744,0.254795,7,19583660,26322,0.42,26.39
191000000000000002,192000000000000003,2025-06-28,918,289,0.314815,4,12507905,43280,0.89,89.82
191000000000000002,192000000000000004,2025-06-28,1813,615,0.339217,10,14218051,23119,1.28,113.91
191000000000000003,192000000000000005,2025-06-28,3654,825,0.22578,8,20044467,24296,0.54,52.93
191000000000000004,192000000000000006,2025-06-28,2983,880,0.295005,18,40088933,45556,1.61,186.2
191000000000000001,192000000000000001,2025-06-29,6083,1220,0.200559,12,26374394,21618,0.44,46.06
191000000000000001,192000000000000002,2025-06-29,7429,1652,0.222372,13,29208687,17681,0.59,74.65
191000000000000002,192000000000000003,2025-06-29,1192,371,0.311242,5,14188576,38244,1.18,135.05
191000000000000002,192000000000000004,2025-06-29,2583,807,0.312427,15,17573184,21776,2.32,222.89
191000000000000003,192000000000000005,2025-06-29,3317,956,0.288212,6,23821320,24918,0.81,88.22
191000000000000004,192000000000000006,2025-06-29,4565,1402,0.307119,23,47642641,33982,2.27,222.93
191000000000000001,192000000000000001,2025-06-30,2776,710,0.255764,3,21245044,29923,0.37,35.2
191000000000000001,192000000000000002,2025-06-30,4935,1146,0.232219,12,25198200,21988,0.63,79.34
191000000000000002,192000000000000003,2025-06-30,1469,489,0.33288,7,13628703,27871,1.59,80.64
191000000000000002,192000000000000004,2025-06-30,1037,340,0.327869,6,12910293,37971,1.0,83.69
191000000000000003,192000000000000005,2025-06-30,2411,729,0.302364,4,19904247,27303,0.46,47.41
191000000000000004,192000000000000006,2025-06-30,4147,1400,0.337593,23,39808494,28435,2.37,124.96
191000000000000001,192000000000000001,2025-07-01,3116,905,0.290436,9,22559096,24927,0.52,28.13
191000000000000001,192000000000000002,2025-07-01,3309,866,0.26171,10,18403834,21252,0.52,34.85
191000000000000002,192000000000000003,2025-07-01,1147,319,0.278117,4,10971662,34394,1.06,119.89
191000000000000002,192000000000000004,2025-07-01,1713,579,0.338004,8,12435726,21478,1.14,54.0
191000000000000003,192000000000000005,2025-07-01,2672,729,0.272829,9,17555541,24082,0.55,76.41
191000000000000004,192000000000000006,2025-07-01,2622,829,0.316171,9,35111083,42354,1.3,181.68
191000000000000001,192000000000000001,2025-07-02,4422,1064,0.240615,13,22907990,21530,0.47,22.63
191000000000000002,192000000000000003,2025-07-02,1483,517,0.348618,6,14083577,27241,1.66,103.05
191000000000000003,192000000000000005,2025-07-02,1975,631,0.319494,3,18782166,29766,0.71,47.82
191000000000000004,192000000000000006,2025-07-02,3121,856,0.274271,12,37564332,43884,1.53,118.91
191000000000000001,192000000000000001,2025-07-03,5105,1312,0.257003,8,25575782,19494,0.46,35.83
191000000000000001,192000000000000002,2025-07-03,4631,966,0.208594,8,26631175,27569,0.48,55.05
191000000000000002,192000000000000003,2025-07-03,1560,433,0.277564,7,13219544,30530,1.44,93.91
191000000000000002,192000000000000004,2025-07-03,3143,826,0.262806,14,16613002,20113,2.58,226.92
191000000000000003,192000000000000005,2025-07-03,2561,667,0.260445,5,22374410,33545,0.65,68.74
191000000000000004,192000000000000006,2025-07-03,3787,1186,0.313177,15,44748820,37731,3.01,128.97
191000000000000001,192000000000000001,2025-07-04,2694,756,0.280624,3,19963210,26406,0.48,27.16
191000000000000001,192000000000000002,2025-07-04,3905,1125,0.288092,4,22756137,20228,0.72,82.38
191000000000000002,192000000000000003,2025-07-04,1373,353,0.257101,6,12363956,35025,0.67,75.46
191000000000000002,192000000000000004,2025-07-04,1220,377,0.309016,6,12047100,31955,0.74,78.89
191000000000000003,192000000000000005,2025-07-04,1621,491,0.302899,3,18308292,37288,0.53,40.06
191000000000000004,192000000000000006,2025-07-04,5222,1357,0.259862,24,36616584,26983,2.77,352.04
191000000000000001,192000000000000001,2025-07-05,2488,680,0.273312,6,21146088,31097,0.35,30.02
191000000000000001,192000000000000002,2025-07-05,3198,899,0.281113,3,24146197,26859,0.54,50.21
191000000000000002,192000000000000003,2025-07-05,1962,621,0.316514,9,12577804,20254,1.49,170.25
191000000000000002,192000000000000004,2025-07-05,1794,532,0.296544,8,13303502,25007,1.2,130.22
191000000000000003,192000000000000005,2025-07-05,1955,616,0.31509,3,19410979,31511,0.7,53.51
191000000000000004,192000000000000006,2025-07-05,3057,979,0.320249,13,38821959,39655,1.47,119.3
191000000000000001,192000000000000001,2025-07-06,8036,1772,0.220508,18,27245440,15376,0.97,68.28
191000000000000001,192000000000000002,2025-07-06,4528,1183,0.261263,13,21413616,18101,0.44,31.67
191000000000000002,192000000000000003,2025-07-06,846,272,0.321513,5,11484877,42224,0.7,89.54
191000000000000003,192000000000000005,2025-07-06,2637,740,0.280622,5,20853881,28181,0.49,31.48
191000000000000004,192000000000000006,2025-07-06,4196,1341,0.31959,15,41707762,31102,2.15,225.24
191000000000000001,192000000000000001,2025-07-07,1857,489,0.263328,4,15505417,31708,0.32,34.81
191000000000000001,192000000000000002,2025-07-07,3152,671,0.212881,6,20860046,31088,0.4,31.88
191000000000000002,192000000000000003,2025-07-07,942,243,0.257962,5,9488392,39047,0.74,80.48
191000000000000002,192000000000000004,2025-07-07,1294,352,0.272025,4,11291873,32079,0.7,85.89
191000000000000003,192000000000000005,2025-07-07,2045,479,0.23423,7,15585199,32537,0.48,31.5
191000000000000001,192000000000000001,2025-07-08,4789,1166,0.243475,12,19521316,16742,0.69,57.27
191000000000000001,192000000000000002,2025-07-08,3599,866,0.240622,7,19222490,22197,0.45,44.11
191000000000000002,192000000000000003,2025-07-08,1282,427,0.333073,6,11869920,27798,1.28,109.12
191000000000000002,192000000000000004,2025-07-08,967,248,0.256463,5,10269398,41409,0.46,43.49
191000000000000003,192000000000000005,2025-07-08,2052,559,0.272417,5,16604488,29704,0.58,62.24
191000000000000004,192000000000000006,2025-07-08,2574,749,0.290987,10,33208977,44338,1.38,166.45
191000000000000001,192000000000000001,2025-07-09,2012,603,0.299702,4,18042314,29921,0.28,26.28
191000000000000001,192000000000000002,2025-07-09,4898,1335,0.27256,6,23298660,17452,0.86,67.97
191000000000000002,192000000000000003,2025-07-09,1241,315,0.253828,4,13451341,42703,0.74,43.95
191000000000000002,192000000000000004,2025-07-09,923,237,0.256771,5,10172072,42920,0.6,80.23
191000000000000003,192000000000000005,2025-07-09,2405,584,0.242827,6,17717560,30338,0.52,37.4
191000000000000004,192000000000000006,2025-07-09,2944,1013,0.34409,16,35435120,34980,2.34,209.31
191000000000000001,192000000000000001,2025-07-10,2162,626,0.289547,3,19293752,30821,0.32,34.6
191000000000000001,192000000000000002,2025-07-10,3901,826,0.211741,9,16865047,20418,0.47,52.36
191000000000000002,192000000000000003,2025-07-10,854,246,0.288056,3,9038105,36740,0.72,70.5
191000000000000002,192000000000000004,2025-07-10,1187,327,0.275484,7,11624066,35548,0.73,94.19
191000000000000003,192000000000000005,2025-07-10,2295,673,0.293246,7,15496628,23026,0.58,67.27
191000000000000004,192000000000000006,2025-07-10,2245,769,0.342539,10,30993256,40303,1.38,172.19
191000000000000001,192000000000000001,2025-07-11,3685,925,0.251018,8,25719549,27805,0.59,29.66
191000000000000002,192000000000000003,2025-07-11,2119,589,0.277961,12,17573334,29836,1.58,169.07
191000000000000002,192000000000000004,2025-07-11,1872,543,0.290064,11,15701456,28916,1.05,83.61
191000000000000003,192000000000000005,2025-07-11,3890,1054,0.270951,10,24956092,23678,0.92,119.11
191000000000000004,192000000000000006,2025-07-11,3976,1345,0.33828,18,49912185,37109,2.65,325.35
191000000000000001,192000000000000001,2025-07-12,2645,771,0.291493,5,25744145,33391,0.32,16.58
191000000000000001,192000000000000002,2025-07-12,4023,932,0.231668,7,24144719,25906,0.51,54.3
191000000000000002,192000000000000003,2025-07-12,1014,312,0.307692,5,13761956,44109,1.0,74.09
191000000000000002,192000000000000004,2025-07-12,1379,435,0.315446,8,14745966,33899,1.46,120.93
191000000000000003,192000000000000005,2025-07-12,2162,631,0.291859,6,21380942,33884,0.4,44.49
191000000000000004,192000000000000006,2025-07-12,3194,989,0.309643,12,42761883,43237,2.55,338.23
191000000000000001,192000000000000001,2025-07-13,3565,760,0.213184,5,20576254,27074,0.35,19.45
191000000000000002,192000000000000003,2025-07-13,966,243,0.251553,5,10767491,44311,0.75,56.55
191000000000000002,192000000000000004,2025-07-13,1629,546,0.335175,6,14805487,27116,1.62,145.91
191000000000000003,192000000000000005,2025-07-13,2221,567,0.25529,4,19179734,33827,0.46,18.49
191000000000000004,192000000000000006,2025-07-13,3075,811,0.26374,13,38359467,47299,1.62,132.48
191000000000000001,192000000000000001,2025-07-14,5684,1470,0.258621,13,32237394,21930,0.89,118.15
191000000000000001,192000000000000002,2025-07-14,4729,1184,0.25037,11,23455138,19810,0.45,18.02
191000000000000002,192000000000000003,2025-07-14,1015,344,0.338916,6,13921789,40470,0.76,30.64
191000000000000002,192000000000000004,2025-07-14,1722,578,0.335656,6,17902515,30973,1.83,79.49
191000000000000003,192000000000000005,2025-07-14,2292,670,0.292321,4,23868228,35624,0.52,69.23
191000000000000004,192000000000000006,2025-07-14,3813,1263,0.331235,19,47736456,37796,2.8,370.52
191000000000000001,192000000000000001,2025-07-15,3555,878,0.246976,4,27654860,31498,0.33,30.83
191000000000000001,192000000000000002,2025-07-15,3281,674,0.205425,6,22626170,33570,0.25,22.68
191000000000000002,192000000000000003,2025-07-15,1728,582,0.336806,6,14915653,25628,1.58,155.2
191000000000000002,192000000000000004,2025-07-15,1808,459,0.253872,7,13816364,30101,1.17,78.45
191000000000000003,192000000000000005,2025-07-15,2605,638,0.244914,8,21549013,33776,0.69,32.45
191000000000000004,192000000000000006,2025-07-15,3432,1150,0.335082,12,43098026,37477,2.98,218.33
191000000000000001,192000000000000001,2025-07-16,1651,423,0.256208,4,14244605,33675,0.22,16.65
191000000000000001,192000000000000002,2025-07-16,4869,1135,0.233107,11,18571611,16363,0.73,96.23
191000000000000002,192000000000000003,2025-07-16,634,182,0.287066,2,7730420,42475,0.38,22.96
191000000000000002,192000000000000004,2025-07-16,1294,350,0.270479,8,11021704,31491,0.83,51.51
191000000000000003,192000000000000005,2025-07-16,1960,617,0.314796,3,14064093,22794,0.64,33.84
191000000000000004,192000000000000006,2025-07-16,3198,935,0.29237,13,28128185,30084,1.92,131.39
191000000000000001,192000000000000001,2025-07-17,2849,823,0.288873,5,25726902,31260,0.47,27.05
191000000000000001,192000000000000002,2025-07-17,6251,1511,0.241721,17,28151819,18631,0.6,72.55
191000000000000002,192000000000000003,2025-07-17,1172,409,0.348976,5,13952223,34113,1.21,76.07
191000000000000002,192000000000000004,2025-07-17,1394,410,0.294118,6,16835618,41062,1.34,60.36
191000000000000003,192000000000000005,2025-07-17,2273,678,0.298284,7,23090881,34057,0.64,53.09
191000000000000004,192000000000000006,2025-07-17,5143,1469,0.285631,23,46181762,31438,2.64,355.84
191000000000000001,192000000000000001,2025-07-18,2515,673,0.267594,6,23134935,34376,0.43,39.41
191000000000000001,192000000000000002,2025-07-18,5314,1144,0.21528,14,22169763,19379,0.47,55.02
191000000000000002,192000000000000003,2025-07-18,1010,351,0.347525,6,13038317,37146,0.89,39.46
191000000000000002,192000000000000004,2025-07-18,1445,439,0.303806,4,12850082,29271,1.15,155.93
191000000000000003,192000000000000005,2025-07-18,2450,665,0.271429,8,19416299,29197,0.48,25.32
191000000000000004,192000000000000006,2025-07-18,2858,919,0.321554,13,38832599,42255,2.15,122.74
191000000000000001,192000000000000001,2025-07-19,3519,804,0.228474,8,27680222,34428,0.4,28.63
191000000000000001,192000000000000002,2025-07-19,4134,1199,0.290034,11,30641848,25556,0.45,36.76
191000000000000002,192000000000000003,2025-07-19,2826,794,0.280962,12,15890246,20013,2.12,245.61
191000000000000002,192000000000000004,2025-07-19,3214,862,0.268202,11,17436651,20228,2.13,292.5
191000000000000003,192000000000000005,2025-07-19,3556,885,0.248875,7,24995173,28243,0.8,110.4
191000000000000004,192000000000000006,2025-07-19,5795,1655,0.285591,22,49990346,30206,3.77,405.99
191000000000000001,192000000000000001,2025-07-20,3829,1061,0.277096,7,24994057,23557,0.66,78.32
191000000000000001,192000000000000002,2025-07-20,6145,1412,0.22978,14,21729844,15389,0.79,98.59
191000000000000002,192000000000000003,2025-07-20,1754,577,0.328962,9,13824448,23959,1.22,71.33
191000000000000002,192000000000000004,2025-07-20,1117,359,0.321397,7,12874924,35863,0.67,45.97
191000000000000003,192000000000000005,2025-07-20,2388,723,0.302764,4,20024529,27696,0.73,79.92
191000000000000004,192000000000000006,2025-07-20,2933,833,0.28401,11,40049058,48078,1.83,180.74
191000000000000001,192000000000000001,2025-07-21,3458,802,0.231926,7,20697910,25808,0.5,69.83
191000000000000001,192000000000000002,2025-07-21,2419,628,0.259611,5,18133400,28875,0.4,55.22
191000000000000002,192000000000000003,2025-07-21,700,218,0.311429,3,9308277,42699,0.48,25.5
191000000000000002,192000000000000004,2025-07-21,1260,324,0.257143,4,12881043,39756,0.69,73.33
191000000000000003,192000000000000005,2025-07-21,1795,515,0.286908,6,16641990,32315,0.47,57.05
191000000000000004,192000000000000006,2025-07-21,2909,944,0.32451,12,33283980,35258,2.54,311.39
191000000000000001,192000000000000001,2025-07-22,4913,993,0.202117,5,22353760,22511,0.63,60.52
191000000000000001,192000000000000002,2025-07-22,3594,754,0.209794,7,19267685,25554,0.39,29.08
191000000000000002,192000000000000003,2025-07-22,968,305,0.315083,5,11710070,38394,0.56,31.69
191000000000000002,192000000000000004,2025-07-22,991,274,0.276488,5,12073612,44064,0.53,47.89
191000000000000003,192000000000000005,2025-07-22,2484,697,0.280596,5,17837762,25592,0.74,79.92
191000000000000004,192000000000000006,2025-07-22,2378,783,0.329268,13,35675524,45563,1.75,83.46
191000000000000001,192000000000000001,2025-07-23,4538,956,0.210665,13,22648066,23690,0.61,80.5
191000000000000001,192000000000000002,2025-07-23,3587,977,0.272372,5,30737347,31461,0.47,57.05
191000000000000002,192000000000000003,2025-07-23,1785,489,0.27395,9,15759146,32227,1.36,173.84
191000000000000002,192000000000000004,2025-07-23,1231,421,0.341998,4,14746804,35028,0.93,94.03
191000000000000003,192000000000000005,2025-07-23,2545,732,0.287623,7,22879463,31256,0.77,79.29
191000000000000004,192000000000000006,2025-07-23,3873,991,0.255874,15,45758925,46174,1.99,266.85
191000000000000001,192000000000000001,2025-07-24,4564,1166,0.255478,6,17497712,15007,0.5,32.19
191000000000000001,192000000000000002,2025-07-24,3284,771,0.234775,5,14956006,19398,0.31,36.19
191000000000000002,192000000000000003,2025-07-24,812,254,0.312808,4,9575536,37699,0.52,72.27
191000000000000002,192000000000000004,2025-07-24,1340,364,0.271642,5,8969446,24641,1.16,60.94
191000000000000003,192000000000000005,2025-07-24,2608,583,0.223543,7,13908736,23857,0.47,57.45
191000000000000004,192000000000000006,2025-07-24,1790,621,0.346927,9,27817472,44795,1.08,142.91
191000000000000001,192000000000000001,2025-07-25,6203,1594,0.256972,18,25569195,16041,0.69,86.67
191000000000000001,192000000000000002,2025-07-25,3808,949,0.249212,10,25886391,27278,0.39,32.87
191000000000000002,192000000000000003,2025-07-25,1286,432,0.335925,4,12998574,30089,0.88,50.57
191000000000000002,192000000000000004,2025-07-25,1313,450,0.342727,6,16404618,36455,1.37,146.47
191000000000000003,192000000000000005,2025-07-25,3782,1195,0.31597,11,22052394,18454,0.95,123.41
191000000000000004,192000000000000006,2025-07-25,3389,1125,0.331956,19,44104788,39204,3.02,366.5
191000000000000001,192000000000000001,2025-07-26,3247,827,0.254697,4,22573085,27295,0.52,62.89
191000000000000001,192000000000000002,2025-07-26,3497,782,0.22362,8,21225780,27143,0.47,52.08
191000000000000002,192000000000000003,2025-07-26,949,323,0.340358,5,12330271,38174,0.65,27.27
191000000000000002,192000000000000004,2025-07-26,914,296,0.323851,4,12697652,42897,0.93,93.54
191000000000000003,192000000000000005,2025-07-26,3258,770,0.236341,9,18770942,24378,0.65,42.54
191000000000000004,192000000000000006,2025-07-26,5431,1411,0.259805,25,37541884,26607,3.26,448.61
191000000000000001,192000000000000001,2025-07-27,4744,977,0.205944,10,22829169,23367,0.37,51.55
191000000000000001,192000000000000002,2025-07-27,3149,702,0.222928,9,20540131,29259,0.37,30.85
191000000000000002,192000000000000004,2025-07-27,1645,499,0.303343,6,12047258,24143,1.53,129.24
191000000000000003,192000000000000005,2025-07-27,2920,707,0.242123,8,18586843,26290,0.69,63.47
191000000000000004,192000000000000006,2025-07-27,3449,1154,0.33459,10,37173686,32213,3.11,382.67
191000000000000001,192000000000000001,2025-07-28,4287,1051,0.24516,9,22276866,21196,0.55,35.51
191000000000000001,192000000000000002,2025-07-28,3317,951,0.286705,3,29014598,30510,0.39,32.44
191000000000000002,192000000000000003,2025-07-28,996,348,0.349398,4,15091558,43367,1.03,140.61
191000000000000002,192000000000000004,2025-07-28,1650,440,0.266667,9,14217850,32313,0.81,101.49
191000000000000003,192000000000000005,2025-07-28,2510,743,0.296016,8,21982056,29586,0.7,64.69
191000000000000004,192000000000000006,2025-07-28,3550,949,0.267324,21,43964112,46327,1.55,77.41
191000000000000001,192000000000000001,2025-07-29,4348,1036,0.23827,11,23645678,22824,0.64,26.89
191000000000000001,192000000000000002,2025-07-29,3098,885,0.285668,7,30926156,34945,0.39,49.62
191000000000000002,192000000000000003,2025-07-29,2664,705,0.26464,11,16232602,23025,1.62,193.23
191000000000000002,192000000000000004,2025-07-29,2130,601,0.28216,8,14951303,24877,1.31,99.02
191000000000000003,192000000000000005,2025-07-29,2900,714,0.246207,10,23387929,32756,0.52,67.66
191000000000000004,192000000000000006,2025-07-29,4262,1111,0.260676,23,46775858,42102,2.3,270.82
191000000000000001,192000000000000001,2025-07-30,4498,901,0.200311,6,31285729,34723,0.37,26.34
191000000000000001,192000000000000002,2025-07-30,5041,1044,0.207102,5,31156059,29843,0.61,44.35
191000000000000002,192000000000000003,2025-07-30,1812,498,0.274834,8,16965188,34067,1.32,70.04
191000000000000002,192000000000000004,2025-07-30,1553,457,0.294269,5,18715834,40954,1.45,79.72
191000000000000003,192000000000000005,2025-07-30,2737,754,0.275484,4,26760766,35492,0.53,57.2
191000000000000004,192000000000000006,2025-07-30,7992,2083,0.260636,25,53521532,25694,4.22,262.84
191000000000000001,192000000000000001,2025-07-31,3174,661,0.208255,8,23022388,34830,0.34,18.02
191000000000000001,192000000000000002,2025-07-31,4003,822,0.205346,4,19532602,23762,0.51,37.56
191000000000000002,192000000000000003,2025-07-31,908,286,0.314978,5,12669525,44299,0.66,55.9
191000000000000002,192000000000000004,2025-07-31,1154,374,0.32409,4,11647613,31143,1.12,114.47
191000000000000003,192000000000000005,2025-07-31,1623,513,0.316081,5,18237853,35551,0.56,44.35
191000000000000004,192000000000000006,2025-07-31,2937,793,0.270003,12,36475706,45997,1.96,202.09
191000000000000001,192000000000000001,2025-08-01,5280,1227,0.232386,12,30812729,25112,0.46,45.77
191000000000000001,192000000000000002,2025-08-01,3121,817,0.261775,9,24112398,29513,0.49,36.19
191000000000000003,192000000000000005,2025-08-01,5615,1258,0.224043,17,23539340,18712,1.19,89.61
191000000000000004,192000000000000006,2025-08-01,3883,1120,0.288437,13,47078680,42035,2.16,266.23
191000000000000001,192000000000000001,2025-08-02,4648,1368,0.29432,5,30667429,22418,0.73,31.37
191000000000000001,192000000000000002,2025-08-02,7160,1544,0.215642,8,27111577,17559,0.87,107.52
191000000000000002,192000000000000003,2025-08-02,1537,431,0.280416,5,14937698,34658,1.07,66.76
191000000000000002,192000000000000004,2025-08-02,2467,807,0.327118,12,18078876,22403,2.68,316.44
191000000000000003,192000000000000005,2025-08-02,2903,754,0.259731,8,24762431,32841,0.79,83.62
191000000000000004,192000000000000006,2025-08-02,2953,1009,0.341686,16,49524862,49083,2.32,241.37
191000000000000001,192000000000000001,2025-08-03,3776,915,0.24232,11,26525650,28990,0.45,45.48
191000000000000001,192000000000000002,2025-08-03,4449,968,0.217577,10,23707253,24491,0.5,40.61
191000000000000002,192000000000000003,2025-08-03,1333,452,0.339085,7,14544502,32178,1.49,112.47
191000000000000002,192000000000000004,2025-08-03,1207,348,0.288318,4,14160014,40690,1.16,133.0
191000000000000003,192000000000000005,2025-08-03,2893,667,0.230557,7,21528387,32276,0.64,49.92
191000000000000004,192000000000000006,2025-08-03,5727,1619,0.282696,31,43056774,26595,3.49,423.02
191000000000000001,192000000000000001,2025-08-04,2685,588,0.218994,6,19421000,33029,0.3,34.06
191000000000000001,192000000000000002,2025-08-04,5194,1127,0.216981,14,19938310,17691,0.62,59.62
191000000000000002,192000000000000003,2025-08-04,781,271,0.346991,4,10881843,40154,0.86,97.83
191000000000000003,192000000000000005,2025-08-04,3078,877,0.284925,10,16868276,19234,0.98,50.64
191000000000000004,192000000000000006,2025-08-04,3282,952,0.290067,15,33736551,35438,2.45,277.65
191000000000000001,192000000000000001,2025-08-05,5685,1606,0.282498,13,25920488,16140,0.74,54.4
191000000000000001,192000000000000002,2025-08-05,3844,1111,0.289022,5,23195963,20878,0.53,31.75
191000000000000002,192000000000000003,2025-08-05,1211,342,0.282411,7,15179309,44384,1.09,147.07
191000000000000002,192000000000000004,2025-08-05,1669,513,0.30737,10,12887234,25121,1.05,122.21
191000000000000003,192000000000000005,2025-08-05,3477,841,0.241875,11,21049907,25030,0.68,66.46
191000000000000004,192000000000000006,2025-08-05,3024,1019,0.336971,10,42099815,41315,1.77,113.08
191000000000000001,192000000000000001,2025-08-06,5168,1506,0.291409,11,30540638,20279,0.83,60.62
191000000000000001,192000000000000002,2025-08-06,6275,1406,0.224064,15,24504764,17429,0.6,27.61
191000000000000002,192000000000000003,2025-08-06,1195,391,0.327197,6,16503001,42207,1.24,80.14
191000000000000002,192000000000000004,2025-08-06,1632,526,0.322304,9,14951514,28425,1.48,89.9
191000000000000003,192000000000000005,2025-08-06,2768,857,0.30961,8,23590887,27527,0.58,65.33
191000000000000004,192000000000000006,2025-08-06,4643,1399,0.301314,26,47181773,33725,2.18,288.61
191000000000000001,192000000000000001,2025-08-07,5021,1234,0.245768,11,27239130,22074,0.57,49.07
191000000000000001,192000000000000002,2025-08-07,4023,1161,0.288591,5,26256171,22615,0.55,32.49
191000000000000002,192000000000000003,2025-08-07,2120,610,0.287736,11,15977508,26193,1.96,113.33
191000000000000002,192000000000000004,2025-08-07,1422,479,0.33685,8,14591235,30462,1.34,163.61
191000000000000003,192000000000000005,2025-08-07,4201,1022,0.243275,8,22926557,22433,0.78,101.55
191000000000000004,192000000000000006,2025-08-07,3070,942,0.30684,18,45853115,48676,1.88,173.69
191000000000000001,192000000000000001,2025-08-08,5014,1218,0.24292,8,19046647,15638,0.75,52.84
191000000000000001,192000000000000002,2025-08-08,3380,766,0.226627,8,17509434,22858,0.43,40.45
191000000000000002,192000000000000003,2025-08-08,901,306,0.339623,4,11399680,37254,0.96,46.29
191000000000000002,192000000000000004,2025-08-08,811,283,0.348952,3,9489509,33532,0.91,79.27
191000000000000003,192000000000000005,2025-08-08,1863,540,0.289855,4,15666892,29013,0.37,39.59
191000000000000004,192000000000000006,2025-08-08,2288,691,0.30201,9,31333784,45346,1.35,164.08
191000000000000001,192000000000000001,2025-08-09,2792,602,0.215616,5,20012041,33243,0.34,35.6
191000000000000001,192000000000000002,2025-08-09,5206,1059,0.203419,10,22194931,20958,0.65,83.19
191000000000000002,192000000000000003,2025-08-09,996,285,0.286145,4,12048945,42277,0.81,78.11
191000000000000002,192000000000000004,2025-08-09,890,287,0.322472,3,12069325,42053,0.56,50.06
191000000000000003,192000000000000005,2025-08-09,2716,662,0.243741,6,18088702,27324,0.7,85.17
191000000000000004,192000000000000006,2025-08-09,3310,1057,0.319335,14,36177405,34226,1.7,186.62
191000000000000001,192000000000000001,2025-08-10,6654,1472,0.22122,8,22804682,15492,0.55,51.26
191000000000000001,192000000000000002,2025-08-10,2967,713,0.24031,8,24525631,34398,0.36,49.24
191000000000000002,192000000000000003,2025-08-10,930,277,0.297849,3,11679187,42163,0.7,93.98
191000000000000002,192000000000000004,2025-08-10,1968,667,0.338923,11,15366707,23039,1.26,135.51
191000000000000003,192000000000000005,2025-08-10,1943,547,0.281523,4,20284420,37083,0.47,64.04
191000000000000004,192000000000000006,2025-08-10,3363,1106,0.328873,12,40568840,36681,2.56,177.23
191000000000000001,192000000000000001,2025-08-11,5598,1234,0.220436,11,26037983,21100,0.51,28.09
191000000000000001,192000000000000002,2025-08-11,6375,1540,0.241569,10,26865788,17445,0.97,135.02
191000000000000002,192000000000000003,2025-08-11,2062,569,0.275946,8,15644291,27494,1.49,169.61
191000000000000002,192000000000000004,2025-08-11,1711,472,0.275862,9,14586436,30903,1.45,91.65
191000000000000003,192000000000000005,2025-08-11,4028,965,0.239573,7,22673045,23495,0.97,73.11
191000000000000004,192000000000000006,2025-08-11,3654,1115,0.305145,20,45346090,40669,2.46,288.45
191000000000000001,192000000000000001,2025-08-12,3513,1003,0.285511,6,31262749,31169,0.39,48.12
191000000000000001,192000000000000002,2025-08-12,4410,1285,0.291383,8,29003182,22571,0.56,44.03
191000000000000002,192000000000000003,2025-08-12,1186,354,0.298482,6,15525737,43858,1.19,80.05
191000000000000002,192000000000000004,2025-08-12,2151,627,0.291492,8,18911938,30163,1.24,137.81
191000000000000003,192000000000000005,2025-08-12,2777,715,0.257472,8,25828256,36123,0.62,62.91
191000000000000004,192000000000000006,2025-08-12,6026,1780,0.295387,30,51656513,29021,3.3,449.3
191000000000000001,192000000000000001,2025-08-13,2460,708,0.287805,7,23354975,32987,0.27,28.73
191000000000000001,192000000000000002,2025-08-13,3581,901,0.251606,4,22898820,25415,0.5,36.51
191000000000000002,192000000000000003,2025-08-13,1754,508,0.289624,10,11593253,22821,1.33,110.81
191000000000000002,192000000000000004,2025-08-13,1743,531,0.304647,10,14837487,27943,1.38,103.47
191000000000000003,192000000000000005,2025-08-13,2949,776,0.26314,7,19823055,25545,0.81,34.75
191000000000000004,192000000000000006,2025-08-13,2943,1003,0.340809,13,39646111,39528,1.84,181.65
191000000000000001,192000000000000001,2025-08-14,6301,1602,0.254245,17,27463973,17144,0.93,81.46
191000000000000001,192000000000000002,2025-08-14,8669,1829,0.210982,18,28408492,15532,0.88,120.33
191000000000000002,192000000000000003,2025-08-14,2569,693,0.269755,13,15231466,21979,2.22,260.12
191000000000000002,192000000000000004,2025-08-14,1205,405,0.3361,5,16695656,41224,1.19,48.43
191000000000000003,192000000000000005,2025-08-14,2764,878,0.317656,5,23945342,27273,0.98,68.63
191000000000000004,192000000000000006,2025-08-14,4022,1073,0.266783,15,47890684,44633,2.5,329.77
191000000000000001,192000000000000001,2025-08-15,2937,718,0.244467,7,23883784,33264,0.43,53.06
191000000000000001,192000000000000002,2025-08-15,5610,1169,0.208378,7,29120865,24911,0.72,38.99
191000000000000002,192000000000000003,2025-08-15,1454,503,0.345942,7,17599649,34989,1.2,72.19
191000000000000002,192000000000000004,2025-08-15,1595,407,0.255172,6,12688723,31176,0.76,84.78
191000000000000003,192000000000000005,2025-08-15,3214,798,0.248289,10,22716278,28467,0.78,103.05
191000000000000004,192000000000000006,2025-08-15,4439,1308,0.294661,14,45432557,34734,2.76,304.51
191000000000000001,192000000000000001,2025-08-16,2754,820,0.297749,5,21239083,25901,0.44,41.75
191000000000000001,192000000000000002,2025-08-16,4166,896,0.215074,7,23719913,26473,0.54,45.48
191000000000000002,192000000000000003,2025-08-16,1419,380,0.267794,5,15137640,39836,1.04,69.98
191000000000000002,192000000000000004,2025-08-16,1530,408,0.266667,5,10553214,25866,1.04,78.58
191000000000000003,192000000000000005,2025-08-16,3305,730,0.220877,7,19268141,26395,0.72,30.84
191000000000000004,192000000000000006,2025-08-16,3074,790,0.256994,12,38536282,48780,1.79,191.06
191000000000000001,192000000000000001,2025-08-17,3630,903,0.24876,7,21479209,23786,0.36,14.55
191000000000000001,192000000000000002,2025-08-17,3363,697,0.207255,8,21268119,30514,0.29,28.02
191000000000000002,192000000000000003,2025-08-17,864,291,0.336806,5,12433435,42727,0.95,91.04
191000000000000002,192000000000000004,2025-08-17,1048,343,0.32729,5,11993609,34967,0.64,78.87
191000000000000003,192000000000000005,2025-08-17,2031,506,0.249138,5,18320284,36206,0.39,34.09
191000000000000004,192000000000000006,2025-08-17,2541,758,0.298308,13,36640567,48338,1.62,184.43
191000000000000001,192000000000000001,2025-08-18,4721,1146,0.242745,5,22898975,19982,0.56,23.16
191000000000000001,192000000000000002,2025-08-18,5918,1373,0.232004,17,28343640,20644,0.77,55.93
191000000000000002,192000000000000003,2025-08-18,1257,390,0.310263,7,11863657,30420,0.89,72.35
191000000000000002,192000000000000004,2025-08-18,1839,541,0.294182,9,17417838,32196,1.49,124.1
191000000000000003,192000000000000005,2025-08-18,2513,741,0.294867,4,21961121,29637,0.8,92.54
191000000000000004,192000000000000006,2025-08-18,3414,1045,0.306093,12,43922242,42031,2.1,256.27
191000000000000001,192000000000000001,2025-08-19,3463,821,0.237078,8,26056881,31738,0.52,31.95
191000000000000002,192000000000000003,2025-08-19,1155,357,0.309091,5,13048739,36551,1.07,94.17
191000000000000002,192000000000000004,2025-08-19,1663,473,0.284426,10,12813981,27091,0.91,93.35
191000000000000003,192000000000000005,2025-08-19,2624,832,0.317073,7,19397040,23314,0.8,81.09
191000000000000004,192000000000000006,2025-08-19,3349,892,0.266348,18,38794079,43491,2.27,208.56
191000000000000001,192000000000000001,2025-08-20,2405,695,0.288981,5,16504299,23747,0.3,20.71
191000000000000001,192000000000000002,2025-08-20,2608,682,0.261503,7,15494088,22719,0.44,51.24
191000000000000002,192000000000000003,2025-08-20,826,225,0.272397,3,8360638,37158,0.65,52.42
191000000000000002,192000000000000004,2025-08-20,1037,308,0.297011,4,9924155,32221,0.67,30.96
191000000000000003,192000000000000005,2025-08-20,1555,387,0.248875,3,13713595,35436,0.45,32.02
191000000000000004,192000000000000006,2025-08-20,2840,742,0.261268,15,27427189,36964,1.3,65.21
191000000000000001,192000000000000001,2025-08-21,3111,658,0.211508,8,18911294,28741,0.27,35.68
191000000000000001,192000000000000002,2025-08-21,4991,1090,0.218393,8,23173499,21260,0.53,63.38
191000000000000002,192000000000000003,2025-08-21,1480,443,0.299324,7,12517702,28257,1.11,88.4
191000000000000002,192000000000000004,2025-08-21,1313,435,0.331302,8,11530751,26507,1.04,114.13
191000000000000003,192000000000000005,2025-08-21,2827,664,0.234878,5,18036340,27163,0.64,32.73
191000000000000004,192000000000000006,2025-08-21,3830,1157,0.302089,14,36072680,31178,1.71,131.09
191000000000000001,192000000000000001,2025-08-22,5073,1165,0.229647,10,22019355,18901,0.47,40.86
191000000000000001,192000000000000002,2025-08-22,5028,1269,0.252387,9,23458191,18486,0.6,63.41
191000000000000002,192000000000000004,2025-08-22,1439,406,0.28214,7,14100259,34730,1.26,124.79
191000000000000003,192000000000000005,2025-08-22,2115,561,0.265248,4,19490377,34742,0.38,25.93
191000000000000004,192000000000000006,2025-08-22,4766,1233,0.258708,23,38980754,31615,2.84,335.05
191000000000000001,192000000000000001,2025-08-23,4934,1225,0.248277,12,21598792,17632,0.72,99.59
191000000000000001,192000000000000002,2025-08-23,3387,688,0.20313,4,20344886,29571,0.43,44.75
191000000000000002,192000000000000003,2025-08-23,1799,504,0.280156,10,12153871,24115,1.03,78.55
191000000000000002,192000000000000004,2025-08-23,1106,334,0.301989,6,11813945,35371,0.77,51.76
191000000000000003,192000000000000005,2025-08-23,2414,743,0.307788,4,17975862,24194,0.49,49.53
191000000000000004,192000000000000006,2025-08-23,4090,1097,0.268215,24,35951724,32773,1.95,214.32
191000000000000001,192000000000000001,2025-08-24,2944,879,0.298573,6,19911377,22652,0.52,45.63
191000000000000001,192000000000000002,2025-08-24,4607,926,0.200998,13,21463862,23179,0.42,47.02
191000000000000002,192000000000000004,2025-08-24,1273,419,0.329144,6,13219392,31550,1.2,96.03
191000000000000003,192000000000000005,2025-08-24,2415,644,0.266667,8,17732246,27535,0.75,78.84
191000000000000004,192000000000000006,2025-08-24,3290,921,0.279939,12,35464491,38507,1.87,226.5
191000000000000001,192000000000000001,2025-08-25,5141,1448,0.281657,6,21925134,15142,0.81,53.94
191000000000000001,192000000000000002,2025-08-25,3532,988,0.279728,7,28813398,29163,0.57,26.66
191000000000000002,192000000000000003,2025-08-25,1082,372,0.343808,3,13011487,34977,0.91,80.1
191000000000000002,192000000000000004,2025-08-25,2609,656,0.251437,15,15981960,24363,1.54,167.13
191000000000000003,192000000000000005,2025-08-25,2255,662,0.29357,5,21745085,32848,0.71,59.97
191000000000000004,192000000000000006,2025-08-25,3393,880,0.259358,12,43490170,49421,2.34,310.73
191000000000000001,192000000000000001,2025-08-26,3123,741,0.237272,6,19447369,26245,0.35,36.82
191000000000000001,192000000000000002,2025-08-26,3927,907,0.230965,9,20056046,22113,0.57,70.17
191000000000000002,192000000000000003,2025-08-26,1176,368,0.312925,6,11421755,31037,0.91,104.9
191000000000000002,192000000000000004,2025-08-26,2008,539,0.268426,8,11151625,20689,1.7,72.57
191000000000000003,192000000000000005,2025-08-26,1427,448,0.313945,5,16930035,37790,0.29,20.72
191000000000000004,192000000000000006,2025-08-26,2877,861,0.29927,11,33860070,39326,1.96,212.28
191000000000000001,192000000000000001,2025-08-27,4281,957,0.223546,7,24020850,25100,0.41,23.71
191000000000000001,192000000000000002,2025-08-27,3914,1162,0.296883,5,23477792,20205,0.57,72.76
191000000000000002,192000000000000004,2025-08-27,2181,574,0.263182,9,13992475,24377,1.59,118.6
191000000000000003,192000000000000005,2025-08-27,4133,1069,0.25865,9,20356561,19043,1.14,126.28
191000000000000004,192000000000000006,2025-08-27,3439,1056,0.307066,19,40713122,38554,2.31,122.41
191000000000000001,192000000000000001,2025-08-28,5070,1373,0.270809,9,25327224,18447,0.86,54.13
191000000000000001,192000000000000002,2025-08-28,4190,855,0.204057,8,18374576,21491,0.51,25.17
191000000000000002,192000000000000003,2025-08-28,1125,374,0.332444,5,13272436,35488,1.16,57.16
191000000000000002,192000000000000004,2025-08-28,1384,442,0.319364,8,11700021,26471,1.16,130.01
191000000000000003,192000000000000005,2025-08-28,1681,537,0.319453,4,18729343,34878,0.55,23.48
191000000000000004,192000000000000006,2025-08-28,3028,920,0.303831,14,37458686,40716,1.41,128.72
191000000000000001,192000000000000001,2025-08-29,4442,1293,0.291085,8,22065581,17065,0.54,53.2
191000000000000001,192000000000000002,2025-08-29,2151,625,0.290563,3,20019266,32031,0.31,32.86
191000000000000002,192000000000000003,2025-08-29,1331,426,0.32006,7,11091443,26036,0.89,49.05
191000000000000002,192000000000000004,2025-08-29,1767,602,0.34069,8,12957041,21523,1.3,141.05
191000000000000003,192000000000000005,2025-08-29,2342,646,0.275833,6,18036363,27920,0.61,25.5
191000000000000004,192000000000000006,2025-08-29,3611,993,0.274993,18,36072727,36327,1.52,205.87
191000000000000001,192000000000000001,2025-08-30,2756,741,0.268868,5,22017112,29713,0.38,19.98
191000000000000001,192000000000000002,2025-08-30,3698,755,0.204164,8,23634452,31304,0.48,46.21
191000000000000002,192000000000000003,2025-08-30,1390,485,0.348921,8,12821188,26435,0.92,75.07
191000000000000002,192000000000000004,2025-08-30,1195,312,0.261088,6,13265420,42517,0.76,76.11
191000000000000003,192000000000000005,2025-08-30,4051,1004,0.24784,9,19564956,19487,0.88,44.75
191000000000000004,192000000000000006,2025-08-30,5072,1300,0.256309,25,39129912,30100,2.13,266.72
191000000000000001,192000000000000001,2025-08-31,4108,856,0.208374,4,20026706,23396,0.36,30.71
191000000000000001,192000000000000002,2025-08-31,3930,821,0.208906,5,19698291,23993,0.5,67.39
191000000000000002,192000000000000003,2025-08-31,759,232,0.305665,4,9767073,42099,0.46,33.55
191000000000000002,192000000000000004,2025-08-31,1774,587,0.330891,7,12932926,22032,1.94,252.8
191000000000000003,192000000000000005,2025-08-31,3361,803,0.238917,10,17024999,21202,0.65,84.79
191000000000000004,192000000000000006,2025-08-31,2667,843,0.316085,10,34049997,40391,1.51,184.79
191000000000000001,192000000000000001,2025-09-01,7090,1594,0.224824,17,35049985,21989,0.58,46.71
191000000000000001,192000000000000002,2025-09-01,7673,2196,0.286198,15,33797368,15390,0.77,88.29
191000000000000002,192000000000000003,2025-09-01,1696,498,0.293632,6,19274529,38704,1.22,153.66
191000000000000002,192000000000000004,2025-09-01,2660,798,0.3,10,20066816,25146,1.76,105.53
191000000000000003,192000000000000005,2025-09-01,5365,1236,0.230382,12,29506008,23872,0.86,35.01
191000000000000004,192000000000000006,2025-09-01,5633,1501,0.266465,23,59012017,39315,2.56,211.4
191000000000000001,192000000000000001,2025-09-02,6348,1314,0.206994,9,34270101,26081,0.78,34.79
191000000000000001,192000000000000002,2025-09-02,3990,1120,0.280702,5,36937329,32980,0.61,76.21
191000000000000002,192000000000000003,2025-09-02,3135,873,0.278469,14,21779582,24948,2.49,111.77
191000000000000002,192000000000000004,2025-09-02,1825,466,0.255342,6,18910378,40580,0.9,61.19
191000000000000003,192000000000000005,2025-09-02,3908,955,0.244371,7,30517470,31955,1.07,48.59
191000000000000004,192000000000000006,2025-09-02,4392,1384,0.315118,18,61034940,44100,2.45,323.65
191000000000000001,192000000000000001,2025-09-03,7918,1800,0.22733,10,40100267,22278,0.91,114.49
191000000000000001,192000000000000002,2025-09-03,8188,1926,0.235222,20,32480276,16864,0.76,76.19
191000000000000002,192000000000000003,2025-09-03,1645,552,0.335562,7,21532161,39008,1.2,123.62
191000000000000002,192000000000000004,2025-09-03,2587,803,0.310398,13,19942435,24835,2.17,172.12
191000000000000003,192000000000000005,2025-09-03,4215,1314,0.311744,15,31105947,23673,1.36,119.92
191000000000000004,192000000000000006,2025-09-03,4788,1254,0.261905,21,62211894,49611,2.84,287.23
191000000000000001,192000000000000001,2025-09-04,5605,1533,0.273506,15,38886734,25366,0.76,64.24
191000000000000001,192000000000000002,2025-09-04,9325,2258,0.242145,9,35306462,15636,0.97,134.78
191000000000000002,192000000000000003,2025-09-04,3103,828,0.266839,10,19103645,23072,2.72,327.16
191000000000000002,192000000000000004,2025-09-04,2262,711,0.314324,10,23292467,32760,1.61,67.63
191000000000000003,192000000000000005,2025-09-04,6448,1419,0.220068,15,31797084,22408,1.63,161.14
191000000000000004,192000000000000006,2025-09-04,7401,2163,0.292258,29,63594168,29401,5.58,570.54
191000000000000001,192000000000000001,2025-09-05,9830,2050,0.208545,22,35085057,17115,1.26,103.46
191000000000000001,192000000000000002,2025-09-05,6622,1475,0.222742,7,39666173,26892,0.87,84.79
191000000000000002,192000000000000003,2025-09-05,1696,543,0.320165,7,21102027,38862,1.02,134.88
191000000000000002,192000000000000004,2025-09-05,1750,532,0.304,10,21612962,40626,1.28,64.31
191000000000000003,192000000000000005,2025-09-05,2882,905,0.314018,8,32036241,35399,0.69,40.05
191000000000000004,192000000000000006,2025-09-05,7968,2053,0.257656,43,64072482,31209,5.04,558.47
191000000000000001,192000000000000001,2025-09-06,6523,1770,0.271348,10,31594597,17850,0.82,112.56
191000000000000001,192000000000000002,2025-09-06,8545,2294,0.268461,22,40259816,17550,0.96,129.71
191000000000000002,192000000000000003,2025-09-06,1752,542,0.309361,10,21924940,40452,1.11,81.84
191000000000000002,192000000000000004,2025-09-06,1336,464,0.347305,4,19134725,41239,1.4,157.23
191000000000000003,192000000000000005,2025-09-06,3737,854,0.228526,11,30794749,36059,0.56,65.89
191000000000000004,192000000000000006,2025-09-06,4990,1545,0.309619,18,61589497,39864,4.15,180.86
191000000000000001,192000000000000001,2025-09-07,5728,1626,0.283869,13,39731348,24435,0.84,34.72
191000000000000001,192000000000000002,2025-09-07,5742,1571,0.273598,13,43003580,27373,0.78,91.27
191000000000000002,192000000000000003,2025-09-07,2750,768,0.279273,10,25512555,33219,1.86,80.41
191000000000000002,192000000000000004,2025-09-07,1633,525,0.321494,5,21764547,41456,1.2,153.07
191000000000000003,192000000000000005,2025-09-07,5045,1459,0.289197,8,35457826,24303,1.17,105.59
191000000000000004,192000000000000006,2025-09-07,4881,1514,0.310182,25,70915653,46840,3.35,279.5
191000000000000001,192000000000000001,2025-09-08,4771,1292,0.270803,8,25126853,19448,0.8,47.12
191000000000000001,192000000000000002,2025-09-08,5700,1188,0.208421,11,34443157,28993,0.67,59.17
191000000000000002,192000000000000003,2025-09-08,2101,651,0.309852,7,16172184,24842,1.26,143.9
191000000000000002,192000000000000004,2025-09-08,2306,779,0.337814,7,17867822,22937,2.23,109.37
191000000000000003,192000000000000005,2025-09-08,3202,933,0.29138,7,25530005,27363,0.69,32.9
191000000000000004,192000000000000006,2025-09-08,6031,1949,0.323164,33,51060009,26198,5.1,385.62
191000000000000001,192000000000000001,2025-09-09,2770,649,0.234296,3,22210873,34223,0.3,20.07
191000000000000001,192000000000000002,2025-09-09,2639,685,0.259568,8,23722061,34631,0.33,38.21
191000000000000002,192000000000000003,2025-09-09,1592,464,0.291457,9,14230065,30668,1.05,53.87
191000000000000002,192000000000000004,2025-09-09,2090,554,0.265072,9,12017325,21692,1.47,89.82
191000000000000003,192000000000000005,2025-09-09,4588,1033,0.225153,11,19685543,19057,0.98,87.54
191000000000000004,192000000000000006,2025-09-09,3846,1151,0.299272,16,39371086,34206,2.85,127.93
191000000000000001,192000000000000002,2025-09-10,5300,1472,0.277736,11,26961042,18316,0.6,50.46
191000000000000002,192000000000000003,2025-09-10,1287,449,0.348873,4,14992440,33391,1.11,50.58
191000000000000002,192000000000000004,2025-09-10,1645,412,0.250456,5,14758450,35821,1.03,128.55
191000000000000003,192000000000000005,2025-09-10,2521,701,0.278064,8,22313167,31830,0.81,101.7
191000000000000004,192000000000000006,2025-09-10,3145,1038,0.330048,18,44626334,42993,2.77,285.8
191000000000000001,192000000000000001,2025-09-11,6018,1675,0.278332,10,34648468,20686,0.97,88.85
191000000000000001,192000000000000002,2025-09-11,6025,1508,0.25029,13,34651802,22979,0.77,46.83
191000000000000002,192000000000000004,2025-09-11,2354,648,0.275276,8,17092778,26378,2.09,240.26
191000000000000003,192000000000000005,2025-09-11,5919,1412,0.238554,14,29700116,21034,1.63,147.37
191000000000000004,192000000000000006,2025-09-11,7184,1911,0.266008,36,59400232,31083,3.44,338.47
191000000000000001,192000000000000001,2025-09-12,6644,1526,0.229681,15,25711929,16849,0.99,73.61
191000000000000001,192000000000000002,2025-09-12,3479,892,0.256396,6,29828019,33439,0.5,36.94
191000000000000002,192000000000000003,2025-09-12,1285,337,0.262257,5,14721105,43683,0.99,96.58
191000000000000002,192000000000000004,2025-09-12,1617,557,0.344465,6,17016009,30549,1.54,118.43
191000000000000003,192000000000000005,2025-09-12,3556,1026,0.288526,9,23802835,23200,1.18,94.45
191000000000000004,192000000000000006,2025-09-12,4662,1484,0.318318,22,47605670,32079,2.61,287.24
191000000000000001,192000000000000001,2025-09-13,3474,1011,0.291019,5,34875607,34496,0.55,76.97
191000000000000001,192000000000000002,2025-09-13,3490,759,0.217479,7,24677841,32514,0.47,18.99
191000000000000002,192000000000000003,2025-09-13,1532,420,0.274151,9,15160520,36096,0.99,100.67
191000000000000002,192000000000000004,2025-09-13,2695,836,0.310204,8,18870021,22572,2.26,219.61
191000000000000003,192000000000000005,2025-09-13,2600,707,0.271923,4,25522906,36100,0.6,74.37
191000000000000004,192000000000000006,2025-09-13,5712,1518,0.265756,25,51045812,33627,2.36,262.44
191000000000000001,192000000000000001,2025-09-14,5203,1173,0.225447,14,31424755,26790,0.49,54.76
191000000000000001,192000000000000002,2025-09-14,4920,1439,0.29248,11,25639901,17818,0.82,49.66
191000000000000002,192000000000000003,2025-09-14,1984,658,0.331653,7,15205751,23109,1.82,195.74
191000000000000002,192000000000000004,2025-09-14,1560,442,0.283333,9,17402624,39372,1.44,180.76
191000000000000003,192000000000000005,2025-09-14,3357,944,0.281203,6,24456281,25907,0.82,86.71
191000000000000004,192000000000000006,2025-09-14,3954,1286,0.32524,15,48912562,38035,2.71,378.54
191000000000000001,192000000000000001,2025-09-15,6898,1437,0.208321,8,33634967,23406,0.69,76.8
191000000000000001,192000000000000002,2025-09-15,6051,1670,0.275987,15,39835083,23853,0.78,44.68
191000000000000002,192000000000000003,2025-09-15,1961,533,0.2718,7,20176202,37854,1.36,165.91
191000000000000002,192000000000000004,2025-09-15,2203,726,0.329551,9,21806684,30037,1.79,155.71
191000000000000003,192000000000000005,2025-09-15,3696,1088,0.294372,8,31487164,28940,0.86,108.1
191000000000000004,192000000000000006,2025-09-15,3962,1286,0.324584,19,62974328,48969,2.32,200.99
191000000000000001,192000000000000001,2025-09-16,3984,1039,0.260793,6,27934501,26886,0.64,64.5
191000000000000001,192000000000000002,2025-09-16,6174,1409,0.228215,8,27911237,19809,0.6,30.25
191000000000000002,192000000000000003,2025-09-16,1443,492,0.340956,6,16047270,32616,1.5,100.66
191000000000000002,192000000000000004,2025-09-16,2797,769,0.274937,13,15864580,20630,1.43,153.83
191000000000000003,192000000000000005,2025-09-16,2514,643,0.255768,7,23933888,37222,0.61,26.85
191000000000000004,192000000000000006,2025-09-16,4472,1183,0.264535,14,47867775,40463,2.22,137.43
191000000000000001,192000000000000001,2025-09-17,5107,1249,0.244566,13,38270365,30641,0.45,28.24
191000000000000001,192000000000000002,2025-09-17,4904,1062,0.216558,7,34797711,32766,0.49,25.46
191000000000000002,192000000000000003,2025-09-17,2429,685,0.282009,11,20365956,29731,1.66,164.12
191000000000000002,192000000000000004,2025-09-17,2020,693,0.343069,10,21387230,30862,2.27,158.21
191000000000000003,192000000000000005,2025-09-17,4396,1007,0.229072,8,31314889,31097,0.9,37.61
191000000000000004,192000000000000006,2025-09-17,5112,1501,0.293623,17,62629779,41725,2.49,248.84
191000000000000001,192000000000000001,2025-09-18,5735,1362,0.237489,8,35660908,26183,0.67,31.45
191000000000000002,192000000000000003,2025-09-18,1522,461,0.302891,8,18001081,39048,1.15,70.66
191000000000000002,192000000000000004,2025-09-18,3194,843,0.263932,16,21430917,25422,2.25,121.19
191000000000000003,192000000000000005,2025-09-18,2481,784,0.316002,6,29573998,37722,0.82,108.9
191000000000000004,192000000000000006,2025-09-18,4875,1596,0.327385,23,59147996,37060,4.25,257.49
191000000000000001,192000000000000001,2025-09-19,4683,1314,0.280589,12,38057348,28963,0.76,52.29
191000000000000001,192000000000000002,2025-09-19,5202,1268,0.243752,13,40584150,32006,0.73,63.47
191000000000000002,192000000000000003,2025-09-19,2609,802,0.307397,14,20443223,25490,2.23,245.26
191000000000000002,192000000000000004,2025-09-19,2310,793,0.34329,12,24494775,30889,2.54,142.43
191000000000000003,192000000000000005,2025-09-19,6348,1615,0.254411,17,33703499,20869,1.02,69.47
191000000000000004,192000000000000006,2025-09-19,7099,1959,0.275954,35,67406998,34409,2.97,154.21
191000000000000001,192000000000000001,2025-09-20,6953,1793,0.257874,13,30965815,17270,1.1,133.7
191000000000000001,192000000000000002,2025-09-20,4691,1328,0.283095,8,31936699,24049,0.83,56.52
191000000000000002,192000000000000003,2025-09-20,1890,603,0.319048,6,17501085,29023,1.3,77.0
191000000000000002,192000000000000004,2025-09-20,2563,797,0.310964,15,18443208,23141,1.87,193.6
191000000000000003,192000000000000005,2025-09-20,4400,1239,0.281591,14,26958220,21758,0.88,109.37
191000000000000004,192000000000000006,2025-09-20,4225,1204,0.28497,13,53916440,44781,2.08,132.18
191000000000000001,192000000000000001,2025-09-21,5660,1312,0.231802,13,36567075,27871,0.61,41.23
191000000000000001,192000000000000002,2025-09-21,5468,1140,0.208486,13,31743532,27845,0.41,19.87
191000000000000002,192000000000000003,2025-09-21,1952,646,0.330943,12,20100307,31115,1.46,110.43
191000000000000003,192000000000000005,2025-09-21,4127,1220,0.295614,8,29275974,23997,0.77,44.89
191000000000000004,192000000000000006,2025-09-21,5047,1398,0.276996,18,58551948,41883,2.06,269.88
191000000000000001,192000000000000001,2025-09-22,6891,1497,0.21724,9,34153424,22815,0.67,73.43
191000000000000001,192000000000000002,2025-09-22,5046,1184,0.234641,12,34405774,29059,0.62,65.54
191000000000000002,192000000000000003,2025-09-22,1724,466,0.270302,7,20588855,44182,1.56,158.27
191000000000000002,192000000000000004,2025-09-22,1865,637,0.341555,7,18587829,29180,1.52,212.2
191000000000000003,192000000000000005,2025-09-22,2853,876,0.307045,6,29382513,33542,0.67,66.99
191000000000000004,192000000000000006,2025-09-22,4060,1292,0.318227,15,58765027,45484,3.24,130.36
191000000000000001,192000000000000001,2025-09-23,11212,2488,0.221905,22,40253479,16179,1.43,103.6
191000000000000001,192000000000000002,2025-09-23,4469,1262,0.28239,6,40837206,32359,0.49,65.75
191000000000000002,192000000000000003,2025-09-23,1721,567,0.32946,7,24140863,42576,1.82,242.98
191000000000000002,192000000000000004,2025-09-23,2873,803,0.279499,14,22196672,27642,1.52,167.27
191000000000000003,192000000000000005,2025-09-23,6232,1842,0.295571,22,34753151,18867,1.26,70.73
191000000000000004,192000000000000006,2025-09-23,6916,2152,0.311163,41,69506301,32298,3.64,192.49
191000000000000001,192000000000000001,2025-09-24,3869,938,0.24244,6,26203403,27935,0.54,71.81
191000000000000001,192000000000000002,2025-09-24,2704,794,0.293639,5,25599713,32241,0.5,28.75
191000000000000002,192000000000000003,2025-09-24,1266,383,0.302528,4,13529042,35324,0.91,43.3
191000000000000002,192000000000000004,2025-09-24,2390,770,0.322176,8,16072738,20874,2.13,283.61
191000000000000003,192000000000000005,2025-09-24,2014,597,0.296425,7,22201335,37188,0.53,56.48
191000000000000001,192000000000000001,2025-09-25,9195,2073,0.225449,27,34356970,16574,0.99,69.16
191000000000000001,192000000000000002,2025-09-25,5895,1476,0.250382,14,33663285,22807,0.86,45.25
191000000000000002,192000000000000003,2025-09-25,1677,559,0.333333,10,18773153,33583,1.75,183.38
191000000000000002,192000000000000004,2025-09-25,2157,728,0.337506,8,20095564,27604,1.63,197.68
191000000000000003,192000000000000005,2025-09-25,4678,1237,0.264429,14,29151538,23566,1.1,136.02
191000000000000004,192000000000000006,2025-09-25,4318,1259,0.29157,21,58303076,46309,2.99,307.69
191000000000000001,192000000000000001,2025-09-26,5515,1394,0.252765,8,32598188,23385,0.49,58.88
191000000000000001,192000000000000002,2025-09-26,3762,961,0.255449,5,29216892,30403,0.6,24.53
191000000000000002,192000000000000003,2025-09-26,3209,954,0.297289,14,19216876,20143,2.47,245.4
191000000000000002,192000000000000004,2025-09-26,1086,372,0.342541,6,16106027,43296,0.76,41.73
191000000000000003,192000000000000005,2025-09-26,5875,1432,0.243745,13,26492177,18500,1.64,175.19
191000000000000004,192000000000000006,2025-09-26,7551,2007,0.265793,40,52984355,26400,3.45,263.83
191000000000000001,192000000000000001,2025-09-27,4856,1189,0.244852,10,32777116,27567,0.61,68.62
191000000000000001,192000000000000002,2025-09-27,4998,1359,0.271909,8,30945740,22771,0.59,75.33
191000000000000002,192000000000000003,2025-09-27,2797,839,0.299964,11,16861411,20097,2.78,235.51
191000000000000002,192000000000000004,2025-09-27,1889,643,0.340392,10,19551650,30407,2.15,96.88
191000000000000003,192000000000000005,2025-09-27,5294,1501,0.283529,11,27309796,18194,1.73,113.44
191000000000000004,192000000000000006,2025-09-27,4450,1371,0.30809,16,54619591,39839,2.93,281.75
191000000000000001,192000000000000001,2025-09-28,7079,1767,0.249612,20,36444902,20625,0.93,42.55
191000000000000001,192000000000000002,2025-09-28,8388,2395,0.285527,15,36368343,15185,1.12,111.27
191000000000000002,192000000000000003,2025-09-28,2368,723,0.305321,12,20465129,28306,1.7,133.48
191000000000000002,192000000000000004,2025-09-28,2387,683,0.286133,9,21142440,30955,2.2,135.52
191000000000000003,192000000000000005,2025-09-28,5562,1424,0.256023,13,31205676,21914,1.64,98.03
191000000000000004,192000000000000006,2025-09-28,5894,1947,0.330336,27,62411353,32055,3.43,379.72
191000000000000001,192000000000000001,2025-09-29,10301,2161,0.209785,16,44334863,20516,1.37,138.08
191000000000000001,192000000000000002,2025-09-29,6303,1278,0.202761,8,34020177,26620,0.5,61.38
191000000000000002,192000000000000003,2025-09-29,1845,583,0.315989,6,23464452,40248,1.68,171.17
191000000000000002,192000000000000004,2025-09-29,3894,1042,0.267591,22,21309857,20451,2.88,395.85
191000000000000003,192000000000000005,2025-09-29,3866,1034,0.26746,9,33580731,32477,0.77,46.22
191000000000000004,192000000000000006,2025-09-29,5443,1589,0.291935,31,67161462,42266,4.03,374.64
191000000000000001,192000000000000001,2025-09-30,3594,891,0.247913,6,29223371,32798,0.33,23.01
191000000000000001,192000000000000002,2025-09-30,3434,893,0.260047,10,28749022,32194,0.33,36.61
191000000000000002,192000000000000003,2025-09-30,1435,459,0.319861,5,16482343,35909,1.17,139.47
191000000000000002,192000000000000004,2025-09-30,1630,557,0.341718,9,16644739,29883,1.19,68.5
191000000000000003,192000000000000005,2025-09-30,3668,985,0.268539,8,24845311,25224,0.88,87.5
191000000000000004,192000000000000006,2025-09-30,3913,1312,0.335293,14,49690622,37874,3.35,398.8
191000000000000001,192000000000000001,2025-10-01,6137,1232,0.20075,17,31874514,25872,0.68,73.68
191000000000000001,192000000000000002,2025-10-01,8402,1721,0.204832,13,31872619,18520,0.78,88.02
191000000000000002,192000000000000003,2025-10-01,2416,651,0.269454,12,19910841,30585,1.96,237.26
191000000000000002,192000000000000004,2025-10-01,2285,585,0.256018,11,16516092,28233,1.89,175.53
191000000000000003,192000000000000005,2025-10-01,4990,1223,0.24509,9,27320200,22339,1.07,45.86
191000000000000004,192000000000000006,2025-10-01,3615,1170,0.323651,20,54640400,46701,1.77,220.59
191000000000000001,192000000000000001,2025-10-02,4583,1006,0.219507,13,35197321,34987,0.65,60.92
191000000000000001,192000000000000002,2025-10-02,4164,1143,0.274496,6,31937355,27942,0.48,29.94
191000000000000002,192000000000000003,2025-10-02,2746,732,0.26657,12,20737715,28330,1.7,219.6
191000000000000002,192000000000000004,2025-10-02,2670,747,0.279775,11,17624957,23594,1.81,164.43
191000000000000003,192000000000000005,2025-10-02,2907,767,0.263846,8,28772004,37512,0.64,82.5
191000000000000004,192000000000000006,2025-10-02,4178,1198,0.28674,19,57544009,48033,2.95,147.83
191000000000000001,192000000000000001,2025-10-03,5790,1160,0.200345,10,31973042,27563,0.7,42.03
191000000000000001,192000000000000002,2025-10-03,8347,1860,0.222835,18,28970724,15576,0.79,55.35
191000000000000002,192000000000000003,2025-10-03,1718,475,0.276484,6,15851081,33371,0.95,99.77
191000000000000002,192000000000000004,2025-10-03,3699,929,0.251149,20,18973928,20424,2.17,276.07
191000000000000003,192000000000000005,2025-10-03,2620,758,0.289313,8,26118757,34457,0.84,90.45
191000000000000004,192000000000000006,2025-10-03,3717,1193,0.320958,21,52237513,43787,2.8,146.07
191000000000000001,192000000000000001,2025-10-04,4827,1154,0.239072,13,29635655,25681,0.61,40.72
191000000000000001,192000000000000002,2025-10-04,8701,1985,0.228135,11,32703314,16475,1.26,81.51
191000000000000002,192000000000000003,2025-10-04,1556,499,0.320694,9,17680399,35432,0.98,43.17
191000000000000002,192000000000000004,2025-10-04,2557,803,0.31404,8,17941869,22344,2.27,132.16
191000000000000003,192000000000000005,2025-10-04,3402,1001,0.294239,11,26716701,26690,0.7,44.61
191000000000000004,192000000000000006,2025-10-04,4794,1387,0.28932,25,53433402,38524,3.32,434.62
191000000000000001,192000000000000001,2025-10-05,4640,1361,0.293319,7,34303075,25204,0.51,32.02
191000000000000001,192000000000000002,2025-10-05,8325,2272,0.272913,19,34107297,15012,1.33,98.87
191000000000000002,192000000000000003,2025-10-05,1543,460,0.298121,8,15981132,34742,1.53,134.5
191000000000000002,192000000000000004,2025-10-05,2010,540,0.268657,7,23110510,42797,1.57,197.69
191000000000000003,192000000000000005,2025-10-05,4062,941,0.231659,10,29318731,31157,0.93,120.0
191000000000000004,192000000000000006,2025-10-05,4822,1235,0.256118,21,58637462,47480,2.14,275.98
191000000000000001,192000000000000001,2025-10-06,6139,1345,0.219091,10,26900336,20000,0.49,44.18
191000000000000001,192000000000000002,2025-10-06,5229,1456,0.278447,6,34560291,23736,0.68,81.63
191000000000000002,192000000000000003,2025-10-06,2943,841,0.285763,16,20536270,24419,2.32,159.64
191000000000000002,192000000000000004,2025-10-06,1745,467,0.267622,7,14584088,31229,1.34,143.34
191000000000000003,192000000000000005,2025-10-06,5806,1331,0.229246,11,26340269,19790,1.14,83.34
191000000000000004,192000000000000006,2025-10-06,6914,1946,0.281458,39,52680537,27071,5.18,271.24
191000000000000001,192000000000000001,2025-10-07,6062,1354,0.223359,13,27583587,20372,0.54,58.9
191000000000000001,192000000000000002,2025-10-07,6180,1575,0.254854,12,36932705,23449,0.97,57.0
191000000000000002,192000000000000003,2025-10-07,1799,589,0.327404,7,17284103,29345,1.92,193.68
191000000000000002,192000000000000004,2025-10-07,2598,797,0.306774,11,19582350,24570,2.6,291.08
191000000000000003,192000000000000005,2025-10-07,3762,1115,0.296385,7,27649839,24798,0.94,121.49
191000000000000004,192000000000000006,2025-10-07,3679,1244,0.338135,16,55299679,44453,2.55,284.46
191000000000000001,192000000000000001,2025-10-08,3502,868,0.247858,8,22806628,26275,0.54,39.35
191000000000000001,192000000000000002,2025-10-08,4868,1263,0.259449,10,30192842,23906,0.46,43.16
191000000000000002,192000000000000003,2025-10-08,1242,392,0.31562,6,16391310,41815,0.81,44.01
191000000000000003,192000000000000005,2025-10-08,3477,807,0.232097,10,22714059,28146,0.71,49.05
191000000000000001,192000000000000001,2025-10-09,4887,1283,0.262533,10,37456890,29195,0.62,42.42
191000000000000001,192000000000000002,2025-10-09,8062,2068,0.256512,24,34314045,16593,1.1,120.06
191000000000000002,192000000000000003,2025-10-09,1616,535,0.331064,7,23660124,44225,0.99,117.13
191000000000000002,192000000000000004,2025-10-09,3062,788,0.257348,13,17351839,22020,2.11,170.4
191000000000000003,192000000000000005,2025-10-09,3657,840,0.229696,7,30758972,36618,0.64,67.2
191000000000000004,192000000000000006,2025-10-09,4487,1237,0.275685,24,61517944,49732,3.19,351.67
191000000000000001,192000000000000001,2025-10-10,3737,1093,0.292481,7,21994794,20123,0.56,30.81
191000000000000001,192000000000000002,2025-10-10,3834,959,0.25013,10,26476714,27609,0.37,27.53
191000000000000002,192000000000000003,2025-10-10,1886,587,0.311241,10,12740486,21704,1.55,157.35
191000000000000002,192000000000000004,2025-10-10,2210,638,0.288688,8,14957519,23444,1.77,245.37
191000000000000003,192000000000000005,2025-10-10,2347,662,0.282062,4,20773503,31380,0.57,38.75
191000000000000004,192000000000000006,2025-10-10,4708,1555,0.330289,25,41547007,26718,3.54,290.75
191000000000000001,192000000000000001,2025-10-11,6416,1535,0.239246,15,24334894,15853,0.88,101.26
191000000000000001,192000000000000002,2025-10-11,2786,821,0.294688,7,24956994,30398,0.46,50.33
191000000000000002,192000000000000003,2025-10-11,1767,495,0.280136,8,12873475,26007,1.65,219.58
191000000000000002,192000000000000004,2025-10-11,2154,735,0.341226,10,15293318,20807,1.96,239.08
191000000000000003,192000000000000005,2025-10-11,3124,802,0.256722,10,21125095,26341,0.8,98.18
191000000000000004,192000000000000006,2025-10-11,3040,1044,0.343421,11,42250190,40470,2.28,180.19
191000000000000001,192000000000000001,2025-10-12,3747,830,0.221511,6,23022929,27738,0.38,31.02
191000000000000001,192000000000000002,2025-10-12,4348,986,0.226771,11,26452940,26829,0.52,53.57
191000000000000002,192000000000000003,2025-10-12,1681,524,0.311719,9,12959601,24732,1.07,46.34
191000000000000002,192000000000000004,2025-10-12,1747,488,0.279336,6,15312324,31378,0.99,104.19
191000000000000003,192000000000000005,2025-10-12,4490,1037,0.230958,16,21203944,20447,0.92,95.09
191000000000000004,192000000000000006,2025-10-12,4491,1447,0.3222,23,42407888,29307,3.64,461.24
191000000000000001,192000000000000001,2025-10-13,4402,1078,0.244889,13,31446322,29171,0.4,22.04
191000000000000001,192000000000000002,2025-10-13,6656,1377,0.206881,17,28495515,20694,0.72,64.42
191000000000000002,192000000000000003,2025-10-13,1542,450,0.291829,5,17770852,39491,1.13,156.96
191000000000000002,192000000000000004,2025-10-13,1254,432,0.344498,5,16481626,38152,0.81,53.38
191000000000000003,192000000000000005,2025-10-13,2669,820,0.307231,7,25689359,31328,0.95,116.61
191000000000000004,192000000000000006,2025-10-13,3930,1114,0.283461,17,51378717,46121,2.57,291.58
191000000000000001,192000000000000001,2025-10-14,4283,1284,0.29979,10,31353446,24419,0.72,29.79
191000000000000001,192000000000000002,2025-10-14,6270,1298,0.207018,8,37194389,28655,0.76,33.34
191000000000000002,192000000000000003,2025-10-14,1503,420,0.279441,6,18340423,43668,0.81,74.34
191000000000000002,192000000000000004,2025-10-14,3006,932,0.310047,16,20829768,22350,2.25,202.93
191000000000000003,192000000000000005,2025-10-14,3194,918,0.287414,11,29377643,32002,0.99,131.97
191000000000000004,192000000000000006,2025-10-14,4287,1294,0.301843,19,58755287,45406,2.94,245.16
191000000000000001,192000000000000001,2025-10-15,6396,1313,0.205285,11,33077363,25192,0.66,55.8
191000000000000001,192000000000000002,2025-10-15,5882,1525,0.259266,8,24985313,16384,0.55,49.7
191000000000000002,192000000000000003,2025-10-15,2347,619,0.263741,9,19428286,31387,1.23,170.96
191000000000000002,192000000000000004,2025-10-15,2061,616,0.298884,7,13750386,22322,1.76,185.32
191000000000000003,192000000000000005,2025-10-15,2659,812,0.305378,5,24884004,30645,0.81,40.48
191000000000000004,192000000000000006,2025-10-15,4371,1257,0.287577,18,49768008,39593,1.88,160.51
191000000000000001,192000000000000001,2025-10-16,5866,1599,0.272588,7,43386159,27133,0.92,40.83
191000000000000001,192000000000000002,2025-10-16,8831,1785,0.202129,22,38748784,21708,0.97,112.07
191000000000000002,192000000000000003,2025-10-16,2000,575,0.2875,9,25546766,44429,1.59,204.56
191000000000000002,192000000000000004,2025-10-16,2172,604,0.278085,11,21387487,35410,1.8,202.1
191000000000000003,192000000000000005,2025-10-16,4299,1047,0.243545,8,35200690,33621,0.84,76.66
191000000000000004,192000000000000006,2025-10-16,6880,2220,0.322674,33,70401379,31712,4.04,462.85
191000000000000001,192000000000000001,2025-10-17,6240,1667,0.267147,14,37958675,22771,1.07,82.16
191000000000000001,192000000000000002,2025-10-17,5058,1138,0.22499,8,29451253,25880,0.55,67.51
191000000000000002,192000000000000003,2025-10-17,1730,452,0.261272,7,17836159,39461,1.47,192.98
191000000000000002,192000000000000004,2025-10-17,1623,555,0.341959,8,20683800,37268,1.33,146.77
191000000000000003,192000000000000005,2025-10-17,3893,1094,0.281017,8,28889969,26408,1.18,71.5
191000000000000004,192000000000000006,2025-10-17,7043,2290,0.325146,25,57779938,25231,3.84,372.77
191000000000000001,192000000000000001,2025-10-18,3088,922,0.298575,7,31141217,33776,0.5,25.63
191000000000000001,192000000000000002,2025-10-18,3766,1119,0.297132,8,30731598,27463,0.45,19.86
191000000000000002,192000000000000003,2025-10-18,1512,514,0.339947,5,18819677,36614,1.47,148.43
191000000000000002,192000000000000004,2025-10-18,1416,377,0.266243,7,16536218,43863,0.83,68.3
191000000000000003,192000000000000005,2025-10-18,3876,1064,0.27451,7,26516921,24922,0.83,58.71
191000000000000004,192000000000000006,2025-10-18,4318,1181,0.273506,22,53033842,44906,1.74,97.05
191000000000000001,192000000000000002,2025-10-19,7653,1641,0.214426,18,33769892,20579,0.67,50.83
191000000000000002,192000000000000003,2025-10-19,2636,728,0.276176,11,20004825,27479,1.83,240.85
191000000000000002,192000000000000004,2025-10-19,1700,508,0.298824,7,17939203,35313,1.56,161.76
191000000000000003,192000000000000005,2025-10-19,4364,1060,0.242896,11,28458021,26847,0.76,78.95
191000000000000004,192000000000000006,2025-10-19,8406,2199,0.261599,27,56916042,25883,4.08,208.18
191000000000000001,192000000000000001,2025-10-20,6388,1329,0.208046,7,33000453,24831,0.62,62.23
191000000000000001,192000000000000002,2025-10-20,3885,988,0.254311,10,25931648,26247,0.54,53.03
191000000000000002,192000000000000003,2025-10-20,2097,683,0.325703,11,17958837,26294,1.47,164.65
191000000000000002,192000000000000004,2025-10-20,2444,612,0.250409,10,15716649,25681,2.03,111.81
191000000000000003,192000000000000005,2025-10-20,3165,917,0.289731,6,25256615,27543,0.74,56.05
191000000000000004,192000000000000006,2025-10-20,4802,1445,0.300916,20,50513229,34957,3.73,256.03
191000000000000001,192000000000000001,2025-10-21,3857,1056,0.273788,9,25767001,24401,0.6,43.95
191000000000000001,192000000000000002,2025-10-21,2843,835,0.293704,4,24394872,29215,0.39,22.27
191000000000000002,192000000000000003,2025-10-21,2320,592,0.255172,12,13312689,22488,1.99,124.13
191000000000000002,192000000000000004,2025-10-21,2106,529,0.251187,12,15351238,29019,1.06,115.21
191000000000000003,192000000000000005,2025-10-21,3282,956,0.291286,10,21497946,22487,1.08,132.81
191000000000000004,192000000000000006,2025-10-21,3718,1050,0.28241,21,42995891,40948,2.23,292.72
191000000000000001,192000000000000001,2025-10-22,4416,1207,0.273324,5,33372929,27649,0.43,23.66
191000000000000001,192000000000000002,2025-10-22,5945,1641,0.27603,6,30217373,18414,0.7,67.25
191000000000000002,192000000000000003,2025-10-22,2521,695,0.275684,15,17825792,25649,2.13,197.95
191000000000000002,192000000000000004,2025-10-22,1819,600,0.329852,6,18511523,30853,1.53,83.23
191000000000000003,192000000000000005,2025-10-22,3246,1037,0.31947,8,27252987,26281,0.96,103.39
191000000000000004,192000000000000006,2025-10-22,4476,1333,0.297811,21,54505973,40890,2.91,164.38
191000000000000001,192000000000000001,2025-10-23,3832,949,0.247651,7,28691788,30234,0.5,41.58
191000000000000001,192000000000000002,2025-10-23,3814,1119,0.293393,6,24082916,21522,0.62,51.62
191000000000000002,192000000000000003,2025-10-23,1403,406,0.28938,8,14286531,35188,1.17,128.99
191000000000000002,192000000000000004,2025-10-23,2116,584,0.275992,10,15870443,27175,1.45,68.07
191000000000000003,192000000000000005,2025-10-23,2204,691,0.313521,5,22617730,32732,0.53,53.43
191000000000000004,192000000000000006,2025-10-23,4907,1705,0.347463,22,45235461,26531,4.44,485.65
191000000000000001,192000000000000002,2025-10-24,3134,866,0.276324,5,24115586,27847,0.48,24.64
191000000000000002,192000000000000003,2025-10-24,1423,466,0.327477,7,17571568,37707,1.32,89.66
191000000000000002,192000000000000004,2025-10-24,1525,442,0.289836,9,14311334,32379,1.22,85.16
191000000000000003,192000000000000005,2025-10-24,2756,721,0.261611,6,23912176,33165,0.79,100.93
191000000000000004,192000000000000006,2025-10-24,3953,1281,0.324058,23,47824353,37334,3.49,197.38
191000000000000001,192000000000000001,2025-10-25,3191,841,0.263554,6,21466947,25526,0.54,67.42
191000000000000001,192000000000000002,2025-10-25,3986,1184,0.29704,6,22207017,18756,0.67,62.05
191000000000000002,192000000000000003,2025-10-25,1566,547,0.349298,9,12970544,23712,1.5,105.73
191000000000000002,192000000000000004,2025-10-25,1145,312,0.272489,5,11986007,38417,0.62,85.26
191000000000000003,192000000000000005,2025-10-25,2582,765,0.296282,7,18717413,24467,0.87,54.24
191000000000000004,192000000000000006,2025-10-25,3599,1257,0.349264,17,37434826,29781,2.68,150.0
191000000000000001,192000000000000001,2025-10-26,5919,1701,0.28738,13,27202844,15992,1.1,106.2
191000000000000001,192000000000000002,2025-10-26,9616,1989,0.206843,12,35846527,18022,0.92,57.36
191000000000000002,192000000000000003,2025-10-26,1322,347,0.262481,6,15501916,44674,0.84,105.66
191000000000000002,192000000000000004,2025-10-26,1748,518,0.296339,5,20526296,39626,1.05,98.44
191000000000000003,192000000000000005,2025-10-26,3612,1147,0.317553,10,27021159,23558,1.01,70.7
191000000000000001,192000000000000001,2025-10-27,7701,1579,0.205038,14,33033197,20920,0.96,49.4
191000000000000001,192000000000000002,2025-10-27,6736,1592,0.236342,18,31733501,19933,0.62,74.92
191000000000000002,192000000000000003,2025-10-27,1682,585,0.3478,10,16168873,27639,1.73,189.91
191000000000000002,192000000000000004,2025-10-27,1741,574,0.329696,9,20840669,36308,1.38,106.64
191000000000000003,192000000000000005,2025-10-27,3732,984,0.263666,7,27757156,28208,0.86,83.48
191000000000000004,192000000000000006,2025-10-27,6379,2035,0.319016,26,55514313,27280,3.48,454.8
191000000000000001,192000000000000001,2025-10-28,3763,1000,0.265745,5,33347786,33348,0.62,34.85
191000000000000001,192000000000000002,2025-10-28,6390,1322,0.206886,15,27837461,21057,0.72,32.08
191000000000000002,192000000000000003,2025-10-28,1782,545,0.305836,8,16047069,29444,1.78,202.41
191000000000000002,192000000000000004,2025-10-28,2367,763,0.322349,11,18915929,24792,1.46,116.64
191000000000000003,192000000000000005,2025-10-28,2804,709,0.252853,8,26222249,36985,0.53,72.67
191000000000000004,192000000000000006,2025-10-28,6449,2097,0.325167,35,52444497,25009,4.49,440.59
191000000000000001,192000000000000001,2025-10-29,9569,2024,0.211516,10,44378203,21926,1.0,55.17
191000000000000001,192000000000000002,2025-10-29,8396,2085,0.248333,24,39443640,18918,1.04,72.44
191000000000000002,192000000000000003,2025-10-29,1928,534,0.276971,11,21767869,40764,1.13,61.99
191000000000000002,192000000000000004,2025-10-29,4566,1159,0.253833,24,26130327,22546,3.21,434.3
191000000000000003,192000000000000005,2025-10-29,7168,1894,0.26423,23,35923647,18967,1.91,229.1
191000000000000004,192000000000000006,2025-10-29,5814,1753,0.301514,21,71847294,40985,4.47,251.98
191000000000000001,192000000000000001,2025-10-30,8078,1663,0.205868,18,32218851,19374,0.99,108.78
191000000000000001,192000000000000002,2025-10-30,6419,1291,0.201122,15,30708697,23787,0.81,48.42
191000000000000002,192000000000000003,2025-10-30,2036,541,0.265717,7,19943540,36864,1.23,50.81
191000000000000002,192000000000000004,2025-10-30,2382,778,0.326616,9,16015059,20585,2.28,191.85
191000000000000003,192000000000000005,2025-10-30,4638,1446,0.311772,13,26968949,18651,1.3,123.36
191000000000000004,192000000000000006,2025-10-30,6592,1773,0.268962,23,53937898,30422,4.48,453.52
191000000000000001,192000000000000001,2025-10-31,6893,1750,0.253881,19,28415466,16237,0.75,33.93
191000000000000001,192000000000000002,2025-10-31,5535,1275,0.230352,11,37924304,29745,0.68,35.51
191000000000000002,192000000000000003,2025-10-31,1939,520,0.268179,6,19698106,37881,1.04,113.98
191000000000000002,192000000000000004,2025-10-31,1498,466,0.311081,5,18210335,39078,1.57,73.36
191000000000000003,192000000000000005,2025-10-31,6371,1409,0.221158,13,28431330,20178,1.35,130.41
191000000000000004,192000000000000006,2025-10-31,3428,1199,0.349767,15,56862660,47425,2.0,193.97
191000000000000001,192000000000000001,2025-11-01,5530,1548,0.279928,10,29454085,19027,0.88,102.17
191000000000000001,192000000000000002,2025-11-01,7005,1871,0.267095,13,32178204,17198,1.09,141.75
191000000000000002,192000000000000003,2025-11-01,3666,931,0.253955,13,19885797,21360,1.76,184.95
191000000000000002,192000000000000004,2025-11-01,1962,543,0.276758,11,15332654,28237,1.33,82.31
191000000000000003,192000000000000005,2025-11-01,4509,1129,0.250388,13,26413838,23396,1.06,131.06
191000000000000004,192000000000000006,2025-11-01,6061,1758,0.290051,22,52827676,30050,3.31,338.03
191000000000000001,192000000000000001,2025-11-02,3092,865,0.279754,4,29023606,33553,0.33,16.53
191000000000000001,192000000000000002,2025-11-02,4354,1211,0.278135,13,20998119,17339,0.54,24.16
191000000000000002,192000000000000003,2025-11-02,1365,345,0.252747,7,12149447,35216,0.8,46.08
191000000000000002,192000000000000004,2025-11-02,2561,648,0.253026,13,16434396,25362,1.31,160.16
191000000000000003,192000000000000005,2025-11-02,4120,915,0.222087,9,21437882,23429,0.76,38.22
191000000000000004,192000000000000006,2025-11-02,2929,946,0.322977,15,42875765,45323,1.95,208.38
191000000000000001,192000000000000001,2025-11-03,6961,1938,0.278408,13,40246356,20767,0.95,126.12
191000000000000001,192000000000000002,2025-11-03,7433,1882,0.253195,8,39258563,20860,1.03,64.86
191000000000000002,192000000000000003,2025-11-03,1895,625,0.329815,10,24344611,38951,2.05,239.48
191000000000000002,192000000000000004,2025-11-03,1727,500,0.289519,6,21086771,42174,1.33,70.51
191000000000000004,192000000000000006,2025-11-03,6037,2080,0.344542,21,68147073,32763,4.81,519.33
191000000000000001,192000000000000001,2025-11-04,4964,1487,0.299557,11,40638608,27329,0.93,124.27
191000000000000001,192000000000000002,2025-11-04,4931,1295,0.262624,10,43039795,33235,0.49,49.09
191000000000000002,192000000000000003,2025-11-04,2280,693,0.303947,7,20849039,30085,1.38,161.49
191000000000000002,192000000000000004,2025-11-04,4634,1211,0.261329,18,26967191,22269,3.3,236.74
191000000000000003,192000000000000005,2025-11-04,5428,1226,0.225866,13,35862173,29251,1.31,171.47
191000000000000004,192000000000000006,2025-11-04,4928,1683,0.341518,23,71724345,42617,4.05,310.08
191000000000000001,192000000000000001,2025-11-05,12540,2742,0.21866,33,45143792,16464,1.38,73.72
191000000000000001,192000000000000002,2025-11-05,10136,2651,0.261543,11,51788166,19535,1.57,216.79
191000000000000002,192000000000000003,2025-11-05,2398,770,0.321101,7,27329751,35493,1.48,92.84
191000000000000002,192000000000000004,2025-11-05,2140,631,0.29486,8,28059939,44469,1.43,93.87
191000000000000003,192000000000000005,2025-11-05,7287,2098,0.28791,25,41542268,19801,2.21,145.91
191000000000000004,192000000000000006,2025-11-05,12392,3300,0.266301,64,83084536,25177,6.58,419.89
191000000000000001,192000000000000001,2025-11-06,8490,1831,0.215665,13,33395291,18239,0.68,87.36
191000000000000001,192000000000000002,2025-11-06,6906,1584,0.229366,9,41394093,26133,0.58,62.55
191000000000000002,192000000000000003,2025-11-06,2783,791,0.284226,14,20823213,26325,1.71,193.36
191000000000000002,192000000000000004,2025-11-06,1881,581,0.308878,11,21913577,37717,1.19,150.4
191000000000000003,192000000000000005,2025-11-06,6126,1376,0.224616,19,32052593,23294,1.32,98.01
191000000000000004,192000000000000006,2025-11-06,4877,1619,0.331966,20,64105186,39596,3.82,477.75
191000000000000001,192000000000000001,2025-11-07,9539,2684,0.281371,11,46966072,17499,1.25,99.16
191000000000000001,192000000000000002,2025-11-07,7295,2001,0.274297,10,50802954,25389,0.86,57.6
191000000000000002,192000000000000003,2025-11-07,3722,1043,0.280226,15,27056971,25941,3.44,423.22
191000000000000002,192000000000000004,2025-11-07,2970,782,0.2633,11,28811043,36843,1.89,79.83
191000000000000003,192000000000000005,2025-11-07,4133,1122,0.271474,8,41901011,37345,0.82,51.26
191000000000000004,192000000000000006,2025-11-07,5396,1778,0.329503,23,83802022,47133,4.84,496.77
191000000000000001,192000000000000001,2025-11-08,6803,1715,0.252095,17,44703354,26066,0.87,92.36
191000000000000001,192000000000000002,2025-11-08,4901,1341,0.273618,13,39051659,29121,0.69,55.92
191000000000000002,192000000000000004,2025-11-08,3529,957,0.271182,18,23611226,24672,3.06,180.06
191000000000000003,192000000000000005,2025-11-08,6391,1906,0.298232,10,35895005,18833,2.08,196.91
191000000000000004,192000000000000006,2025-11-08,7529,2236,0.296985,36,71790011,32106,5.76,765.6
191000000000000001,192000000000000001,2025-11-09,8997,1906,0.211848,20,40470220,21233,0.69,50.87
191000000000000001,192000000000000002,2025-11-09,13225,2653,0.200605,24,43072950,16236,1.36,181.45
191000000000000002,192000000000000003,2025-11-09,3182,890,0.279698,12,25469267,28617,1.82,230.18
191000000000000002,192000000000000004,2025-11-09,1753,537,0.306332,10,22269687,41471,1.62,90.62
191000000000000003,192000000000000005,2025-11-09,4730,1216,0.257082,11,35804216,29444,1.05,76.66
191000000000000004,192000000000000006,2025-11-09,4661,1455,0.312165,27,71608431,49215,2.33,301.46
191000000000000001,192000000000000001,2025-11-10,9748,2282,0.234099,20,57079332,25013,1.34,157.08
191000000000000001,192000000000000002,2025-11-10,7453,1623,0.217765,15,47420087,29218,0.94,91.28
191000000000000002,192000000000000003,2025-11-10,2277,633,0.277997,9,26701815,42183,2.04,92.66
191000000000000002,192000000000000004,2025-11-10,3059,997,0.325924,15,33012139,33111,3.09,155.34
191000000000000003,192000000000000005,2025-11-10,4611,1393,0.302104,11,44785465,32150,1.14,136.62
191000000000000004,192000000000000006,2025-11-10,6587,1960,0.297556,31,89570931,45699,3.2,146.02
191000000000000007,192000000000000009,2025-11-10,15699,14676,0.934837,11,183165979,12481,1.85,235.52
191000000000000001,192000000000000001,2025-11-11,7588,2052,0.270427,15,61229407,29839,1.17,146.92
191000000000000001,192000000000000002,2025-11-11,6454,1477,0.22885,13,48451065,32804,0.8,47.56
191000000000000002,192000000000000003,2025-11-11,2829,930,0.328738,10,27686782,29771,2.69,285.26
191000000000000002,192000000000000004,2025-11-11,3864,1029,0.266304,19,34987773,34002,3.24,381.56
191000000000000003,192000000000000005,2025-11-11,4828,1445,0.299296,14,47005917,32530,0.98,114.33
191000000000000004,192000000000000006,2025-11-11,11061,3537,0.319772,59,94011833,26580,5.57,304.09
191000000000000007,192000000000000009,2025-11-11,18640,17887,0.959603,24,213127521,11915,2.58,167.48
191000000000000001,192000000000000001,2025-11-12,7854,2083,0.265215,18,49126036,23584,0.81,69.3
191000000000000001,192000000000000002,2025-11-12,5250,1262,0.240381,6,40304370,31937,0.73,76.34
191000000000000002,192000000000000003,2025-11-12,3220,809,0.251242,14,27945803,34544,1.79,229.33
191000000000000002,192000000000000004,2025-11-12,2741,927,0.338198,15,23157286,24981,2.05,240.61
191000000000000003,192000000000000005,2025-11-12,4384,1117,0.25479,9,38327317,34313,0.96,56.2
191000000000000004,192000000000000006,2025-11-12,6500,1640,0.252308,27,76654634,46741,3.93,346.25
191000000000000007,192000000000000009,2025-11-12,9657,8940,0.925753,9,168744641,18875,0.99,121.16
191000000000000001,192000000000000001,2025-11-13,15104,3196,0.2116,17,52026152,16279,1.21,156.44
191000000000000001,192000000000000002,2025-11-13,8882,1780,0.200405,12,60451746,33962,0.83,73.83
191000000000000002,192000000000000003,2025-11-13,2923,893,0.305508,16,36732798,41134,2.22,201.73
191000000000000002,192000000000000004,2025-11-13,2771,888,0.320462,11,27540287,31014,2.13,165.65
191000000000000003,192000000000000005,2025-11-13,6376,1659,0.260194,14,48204814,29057,1.4,166.61
191000000000000004,192000000000000006,2025-11-13,9045,2782,0.307573,49,96409627,34655,6.62,816.38
191000000000000007,192000000000000009,2025-11-13,14080,13467,0.956463,21,149485160,11100,1.38,183.24
191000000000000001,192000000000000001,2025-11-14,13764,2880,0.209241,22,63016645,21881,1.43,136.62
191000000000000001,192000000000000002,2025-11-14,10037,2988,0.297699,24,52187889,17466,1.13,131.55
191000000000000002,192000000000000003,2025-11-14,4027,1238,0.307425,23,36099583,29160,4.15,359.15
191000000000000002,192000000000000004,2025-11-14,3118,1002,0.32136,18,29731579,29672,2.07,127.68
191000000000000003,192000000000000005,2025-11-14,8463,2299,0.271653,28,49373372,21476,1.85,192.56
191000000000000004,192000000000000006,2025-11-14,7230,2318,0.320609,32,98746744,42600,3.95,233.77
191000000000000007,192000000000000009,2025-11-14,10322,9974,0.966286,6,138484165,13885,0.98,48.06
191000000000000001,192000000000000001,2025-11-15,6117,1773,0.289848,16,47494538,26788,0.86,56.02
191000000000000001,192000000000000002,2025-11-15,11536,2895,0.250954,28,47136432,16282,1.69,221.53
191000000000000002,192000000000000003,2025-11-15,1957,631,0.322432,8,27604541,43747,1.9,249.98
191000000000000002,192000000000000004,2025-11-15,4420,1162,0.262896,15,26470299,22780,3.25,386.98
191000000000000003,192000000000000005,2025-11-15,7315,2194,0.299932,15,40556130,18485,1.44,87.66
191000000000000004,192000000000000006,2025-11-15,6715,2012,0.299628,29,81112260,40314,3.86,487.12
191000000000000007,192000000000000009,2025-11-15,9702,9136,0.941662,12,158051917,17300,1.26,89.75
191000000000000001,192000000000000001,2025-11-16,10643,2296,0.215729,31,39715565,17298,1.03,42.86
191000000000000001,192000000000000002,2025-11-16,4632,1187,0.256261,13,30569462,25754,0.44,61.31
191000000000000002,192000000000000003,2025-11-16,1687,445,0.263782,10,18782685,42208,0.98,58.69
191000000000000002,192000000000000004,2025-11-16,2117,593,0.280113,12,21380188,36054,1.75,118.09
191000000000000003,192000000000000005,2025-11-16,3477,1041,0.299396,9,30122155,28936,0.98,120.23
191000000000000004,192000000000000006,2025-11-16,3713,1253,0.337463,14,60244309,48080,3.14,276.46
191000000000000007,192000000000000009,2025-11-16,10947,10663,0.974057,14,134605787,12624,1.55,112.69
191000000000000001,192000000000000001,2025-11-17,7280,1517,0.208379,19,31056221,20472,0.72,37.24
191000000000000001,192000000000000002,2025-11-17,10664,2333,0.218773,17,35790234,15341,1.35,127.56
191000000000000002,192000000000000003,2025-11-17,2419,835,0.345184,12,21741741,26038,2.24,193.59
191000000000000003,192000000000000005,2025-11-17,3618,878,0.242676,9,28648481,32629,0.58,45.7
191000000000000004,192000000000000006,2025-11-17,6541,1874,0.286501,32,57296961,30575,2.84,239.5
191000000000000001,192000000000000001,2025-11-18,6496,1528,0.235222,18,51727240,33853,0.95,99.91
191000000000000001,192000000000000002,2025-11-18,11150,2688,0.241076,12,42569475,15837,1.62,187.45
191000000000000002,192000000000000003,2025-11-18,2156,597,0.276902,13,23930824,40085,1.88,117.16
191000000000000002,192000000000000004,2025-11-18,2421,744,0.307311,7,29953013,40259,1.38,151.71
191000000000000003,192000000000000005,2025-11-18,8200,2096,0.25561,14,40412878,19281,2.02,234.38
191000000000000004,192000000000000006,2025-11-18,5656,1951,0.344943,30,80825756,41428,2.93,292.25
191000000000000001,192000000000000001,2025-11-19,4575,1296,0.283279,8,39894481,30783,0.56,43.33
191000000000000001,192000000000000002,2025-11-19,5444,1469,0.269838,9,38807121,26417,0.84,56.46
191000000000000002,192000000000000003,2025-11-19,3030,972,0.320792,15,22274314,22916,2.46,130.43
191000000000000002,192000000000000004,2025-11-19,2617,665,0.254108,10,22698030,34132,1.8,133.44
191000000000000003,192000000000000005,2025-11-19,3166,1011,0.31933,6,33729258,33362,0.7,42.56
191000000000000004,192000000000000006,2025-11-19,7228,1964,0.271721,28,67458516,34348,3.83,435.6
191000000000000007,192000000000000009,2025-11-19,10236,9973,0.974306,10,198874913,19941,1.53,208.58
191000000000000001,192000000000000001,2025-11-20,5300,1553,0.293019,16,37564429,24188,0.87,72.01
191000000000000001,192000000000000002,2025-11-20,9607,1987,0.206828,17,32605635,16409,1.2,136.93
191000000000000002,192000000000000003,2025-11-20,2398,824,0.34362,13,17381459,21094,2.44,199.65
191000000000000002,192000000000000004,2025-11-20,2061,719,0.34886,10,22715720,31593,1.84,164.02
191000000000000003,192000000000000005,2025-11-20,6892,1590,0.230702,15,30072884,18914,1.49,116.77
191000000000000004,192000000000000006,2025-11-20,6433,1761,0.273745,28,60145769,34154,4.47,541.27
191000000000000007,192000000000000009,2025-11-20,8358,8097,0.968772,10,121466668,15001,0.74,42.53
191000000000000001,192000000000000001,2025-11-21,6519,1770,0.271514,10,40716618,23004,0.8,94.71
191000000000000001,192000000000000002,2025-11-21,6624,1443,0.217844,18,41371071,28670,0.91,105.05
191000000000000002,192000000000000003,2025-11-21,2069,556,0.268729,11,24374754,43839,1.52,89.82
191000000000000002,192000000000000004,2025-11-21,1641,564,0.343693,8,22532497,39951,1.77,123.92
191000000000000003,192000000000000005,2025-11-21,6403,1503,0.234734,12,35180438,23407,1.27,158.47
191000000000000004,192000000000000006,2025-11-21,6744,1936,0.28707,23,70360877,36343,4.77,476.53
191000000000000007,192000000000000009,2025-11-21,7168,7013,0.978376,7,136699704,19492,1.07,143.87
191000000000000001,192000000000000001,2025-11-22,8738,2028,0.23209,10,52116371,25698,0.95,104.15
191000000000000001,192000000000000002,2025-11-22,12368,2818,0.227846,20,45481159,16140,1.46,127.49
191000000000000002,192000000000000003,2025-11-22,5480,1417,0.258577,23,29702286,20961,4.54,304.58
191000000000000002,192000000000000004,2025-11-22,2107,699,0.331751,9,26067732,37293,1.77,112.71
191000000000000003,192000000000000005,2025-11-22,7792,1989,0.255262,25,41827513,21029,2.08,268.02
191000000000000004,192000000000000006,2025-11-22,9974,3139,0.314718,48,83655026,26650,5.27,350.69
191000000000000007,192000000000000009,2025-11-22,14014,13096,0.934494,15,132257812,10099,1.39,82.12
191000000000000001,192000000000000001,2025-11-23,11100,2294,0.206667,12,43619205,19014,0.86,62.01
191000000000000001,192000000000000002,2025-11-23,5879,1614,0.274536,9,48484907,30040,0.81,71.55
191000000000000002,192000000000000003,2025-11-23,2380,784,0.329412,13,25391102,32387,2.53,133.49
191000000000000003,192000000000000005,2025-11-23,5077,1431,0.281859,13,39473191,27584,0.95,123.63
191000000000000004,192000000000000006,2025-11-23,7873,2705,0.343579,27,78946382,29185,6.4,793.2
191000000000000007,192000000000000009,2025-11-23,15745,15394,0.977707,20,206633214,13423,1.82,118.75
191000000000000001,192000000000000001,2025-11-24,7473,1780,0.238191,11,37576126,21110,0.67,88.46
191000000000000001,192000000000000002,2025-11-24,8700,2173,0.24977,22,47794566,21995,1.34,126.03
191000000000000002,192000000000000003,2025-11-24,2880,794,0.275694,17,29213681,36793,2.15,260.71
191000000000000002,192000000000000004,2025-11-24,1519,450,0.296248,8,19569572,43488,1.43,81.65
191000000000000003,192000000000000005,2025-11-24,3355,1053,0.31386,5,36587440,34746,1.16,128.01
191000000000000004,192000000000000006,2025-11-24,5541,1514,0.273236,31,73174879,48332,3.46,415.4
191000000000000007,192000000000000009,2025-11-24,9776,9491,0.970847,12,141770899,14937,1.4,87.32
191000000000000001,192000000000000001,2025-11-25,6546,1817,0.277574,17,38425493,21148,0.9,87.97
191000000000000001,192000000000000002,2025-11-25,5066,1370,0.27043,14,34919590,25489,0.69,87.02
191000000000000002,192000000000000003,2025-11-25,2856,864,0.302521,17,17756470,20551,1.88,255.98
191000000000000002,192000000000000004,2025-11-25,2404,807,0.335691,10,24155006,29932,2.06,87.09
191000000000000003,192000000000000005,2025-11-25,5300,1343,0.253396,16,31433607,23406,0.95,88.37
191000000000000004,192000000000000006,2025-11-25,5829,1657,0.284268,30,62867214,37940,2.86,194.51
191000000000000007,192000000000000009,2025-11-25,15410,13925,0.903634,14,196667410,14123,1.32,83.79
191000000000000001,192000000000000001,2025-11-26,8153,1663,0.203974,18,39324636,23647,0.88,109.44
191000000000000001,192000000000000002,2025-11-26,6149,1709,0.277931,18,37883090,22167,0.86,102.93
191000000000000002,192000000000000003,2025-11-26,2554,740,0.289742,11,21778090,29430,2.0,261.86
191000000000000002,192000000000000004,2025-11-26,1652,509,0.308111,7,22340610,43891,1.1,75.74
191000000000000003,192000000000000005,2025-11-26,6349,1604,0.252638,17,33089025,20629,1.8,218.97
191000000000000004,192000000000000006,2025-11-26,7358,2152,0.292471,28,66178051,30752,4.28,234.19
191000000000000007,192000000000000009,2025-11-26,15170,14082,0.928279,17,170172576,12084,1.91,156.28
191000000000000001,192000000000000001,2025-11-27,9248,2198,0.237673,13,36453100,16585,1.07,142.34
191000000000000001,192000000000000002,2025-11-27,11178,2506,0.22419,14,46673593,18625,1.42,63.03
191000000000000002,192000000000000003,2025-11-27,2260,575,0.254425,10,22263083,38718,1.05,78.67
191000000000000002,192000000000000004,2025-11-27,3724,1173,0.314984,15,25237884,21516,3.44,331.06
191000000000000003,192000000000000005,2025-11-27,3353,972,0.28989,9,35625725,36652,0.73,54.15
191000000000000004,192000000000000006,2025-11-27,6889,2050,0.297576,41,71251451,34757,3.74,370.4
191000000000000007,192000000000000009,2025-11-27,9189,8522,0.927413,12,135612241,15913,0.96,53.37
191000000000000001,192000000000000001,2025-11-28,6409,1377,0.214854,16,30200289,21932,0.7,90.71
191000000000000001,192000000000000002,2025-11-28,9081,1900,0.209228,22,35447430,18657,1.19,148.53
191000000000000002,192000000000000003,2025-11-28,2102,580,0.275928,10,18387542,31703,1.47,97.23
191000000000000002,192000000000000004,2025-11-28,1747,458,0.262164,6,19125441,41759,0.87,48.72
191000000000000003,192000000000000005,2025-11-28,3890,1186,0.304884,10,28134737,23722,1.34,59.24
191000000000000004,192000000000000006,2025-11-28,4431,1219,0.275107,24,56269474,46160,2.07,133.72
191000000000000007,192000000000000009,2025-11-28,9636,9127,0.947177,8,118179482,12948,1.5,178.93
191000000000000001,192000000000000001,2025-11-29,7778,2073,0.266521,14,40101193,19345,0.83,96.42
191000000000000001,192000000000000002,2025-11-29,4785,1336,0.279206,12,31177699,23337,0.57,35.76
191000000000000002,192000000000000003,2025-11-29,3161,970,0.306865,14,23188216,23905,2.09,89.12
191000000000000002,192000000000000004,2025-11-29,2616,717,0.274083,15,17542580,24467,1.43,128.03
191000000000000003,192000000000000005,2025-11-29,3443,832,0.24165,11,30548097,36716,0.65,53.47
191000000000000004,192000000000000006,2025-11-29,6117,1918,0.313552,29,61096193,31854,3.28,431.65
191000000000000001,192000000000000001,2025-11-30,7252,1715,0.236486,21,45359220,26449,0.74,65.16
191000000000000001,192000000000000002,2025-11-30,5587,1413,0.252909,6,42061657,29768,0.76,96.18
191000000000000002,192000000000000003,2025-11-30,1790,579,0.323464,10,25201641,43526,1.06,82.42
191000000000000002,192000000000000004,2025-11-30,3370,1151,0.341543,20,24753146,21506,2.78,127.06
191000000000000003,192000000000000005,2025-11-30,3260,1025,0.314417,8,37466090,36552,0.83,89.49
191000000000000004,192000000000000006,2025-11-30,8111,2341,0.28862,32,74932180,32009,4.85,356.93
191000000000000001,192000000000000001,2025-12-01,6786,1526,0.224875,9,28521904,18691,0.97,44.68
191000000000000001,192000000000000002,2025-12-01,5929,1604,0.270535,14,32162488,20051,0.81,88.69
191000000000000002,192000000000000003,2025-12-01,2686,767,0.285555,16,17159558,22372,1.95,175.74
191000000000000002,192000000000000004,2025-12-01,1511,399,0.264064,6,17517237,43903,0.82,96.47
191000000000000003,192000000000000005,2025-12-01,5199,1404,0.270052,14,26007597,18524,1.4,77.05
191000000000000004,192000000000000006,2025-12-01,3156,1048,0.332066,12,52015193,49633,2.68,187.7
191000000000000001,192000000000000001,2025-12-02,8295,1954,0.235564,16,45818047,23448,0.93,107.21
191000000000000001,192000000000000002,2025-12-02,6161,1289,0.209219,15,33747406,26181,0.69,89.51
191000000000000002,192000000000000003,2025-12-02,2086,671,0.321668,11,24162020,36009,1.71,173.1
191000000000000002,192000000000000004,2025-12-02,2225,593,0.266517,12,21303953,35926,1.17,135.5
191000000000000003,192000000000000005,2025-12-02,3345,994,0.29716,11,34099479,34305,0.91,52.42
191000000000000001,192000000000000001,2025-12-03,8805,1790,0.203294,26,37465841,20931,0.94,85.76
191000000000000001,192000000000000002,2025-12-03,4476,1034,0.23101,5,32304275,31242,0.54,72.73
191000000000000002,192000000000000003,2025-12-03,1465,387,0.264164,7,16896654,43661,0.85,50.7
191000000000000002,192000000000000004,2025-12-03,3265,855,0.261868,15,22971983,26868,1.79,168.28
191000000000000003,192000000000000005,2025-12-03,2715,788,0.290239,8,29901478,37946,0.78,69.6
191000000000000004,192000000000000006,2025-12-03,6653,1919,0.288441,25,59802957,31164,4.9,534.68
191000000000000001,192000000000000001,2025-12-04,8171,1685,0.206217,22,45377868,26930,0.61,25.55
191000000000000001,192000000000000002,2025-12-04,8986,2463,0.274093,18,49708331,20182,1.48,168.2
191000000000000002,192000000000000003,2025-12-04,4552,1206,0.264938,26,24248486,20107,3.66,349.36
191000000000000002,192000000000000004,2025-12-04,2107,687,0.326056,8,30086485,43794,1.57,82.66
191000000000000003,192000000000000005,2025-12-04,7838,2125,0.271115,20,40751228,19177,1.61,109.89
191000000000000004,192000000000000006,2025-12-04,6396,2037,0.31848,24,81502456,40011,5.09,667.83
191000000000000001,192000000000000001,2025-12-05,7788,2022,0.25963,22,48187474,23832,1.3,86.38
191000000000000001,192000000000000002,2025-12-05,6300,1431,0.227143,8,37614612,26286,0.69,33.21
191000000000000002,192000000000000003,2025-12-05,2806,729,0.2598,14,23626471,32409,2.15,149.07
191000000000000002,192000000000000004,2025-12-05,1791,574,0.320491,9,25403293,44257,1.16,84.37
191000000000000003,192000000000000005,2025-12-05,4476,1063,0.237489,7,36772323,34593,1.02,96.83
191000000000000004,192000000000000006,2025-12-05,4553,1582,0.347463,26,73544645,46488,3.01,399.66
191000000000000001,192000000000000001,2025-12-06,5759,1274,0.221219,7,35445238,27822,0.69,73.01
191000000000000001,192000000000000002,2025-12-06,3569,1032,0.289157,5,29132305,28229,0.4,19.3
191000000000000002,192000000000000003,2025-12-06,1507,509,0.337757,5,16755546,32919,1.24,107.08
191000000000000002,192000000000000004,2025-12-06,2732,705,0.258053,13,20145908,28576,1.32,106.78
191000000000000003,192000000000000005,2025-12-06,3436,827,0.240687,8,27676090,33466,0.83,113.93
191000000000000004,192000000000000006,2025-12-06,4003,1369,0.341994,17,55352180,40433,3.33,381.81
191000000000000001,192000000000000001,2025-12-07,7947,1856,0.233547,23,54908213,29584,1.19,130.13
191000000000000001,192000000000000002,2025-12-07,7349,1518,0.206559,17,40836213,26901,0.85,38.06
191000000000000002,192000000000000003,2025-12-07,3152,889,0.282043,16,29756551,33472,2.08,90.35
191000000000000002,192000000000000004,2025-12-07,1930,627,0.32487,10,24954550,39800,2.03,240.28
191000000000000003,192000000000000005,2025-12-07,6111,1892,0.309606,15,41033325,21688,1.56,169.08
191000000000000004,192000000000000006,2025-12-07,5456,1753,0.321298,27,82066651,46815,2.6,238.14
191000000000000001,192000000000000001,2025-12-08,5158,1214,0.235363,6,37778975,31119,0.78,41.68
191000000000000001,192000000000000002,2025-12-08,5043,1474,0.292286,14,50995157,34596,0.88,50.54
191000000000000002,192000000000000003,2025-12-08,3543,932,0.263054,11,26031480,27931,1.86,138.1
191000000000000002,192000000000000004,2025-12-08,1853,569,0.30707,7,24696596,43404,1.76,204.04
191000000000000003,192000000000000005,2025-12-08,4247,1176,0.276901,12,38046057,32352,1.29,128.54
191000000000000004,192000000000000006,2025-12-08,10110,2817,0.278635,43,76092114,27012,4.3,245.34
191000000000000001,192000000000000001,2025-12-09,10927,3035,0.277752,25,46169436,15212,1.07,80.52
191000000000000001,192000000000000002,2025-12-09,5271,1304,0.247391,14,41148965,31556,0.54,71.91
191000000000000002,192000000000000003,2025-12-09,3619,1136,0.313899,18,26276722,23131,3.52,404.46
191000000000000002,192000000000000004,2025-12-09,2811,787,0.279972,14,23619507,30012,1.67,142.17
191000000000000003,192000000000000005,2025-12-09,7168,1934,0.26981,20,37422172,19350,2.26,296.72
191000000000000004,192000000000000006,2025-12-09,5027,1573,0.31291,16,74844343,47581,3.29,451.95
191000000000000001,192000000000000001,2025-12-10,7342,1638,0.2231,18,43162191,26351,0.76,65.59
191000000000000001,192000000000000002,2025-12-10,6463,1509,0.233483,10,35675995,23642,0.79,81.86
191000000000000002,192000000000000003,2025-12-10,2771,787,0.284013,11,21054322,26753,2.46,270.24
191000000000000002,192000000000000004,2025-12-10,2279,614,0.269416,11,23996070,39082,1.38,162.72
191000000000000003,192000000000000005,2025-12-10,4150,1031,0.248434,13,33787794,32772,0.92,62.02
191000000000000004,192000000000000006,2025-12-10,7648,2075,0.271313,42,67575588,32567,4.43,606.87
191000000000000001,192000000000000001,2025-12-11,7326,1509,0.205979,12,32653638,21639,0.63,30.75
191000000000000001,192000000000000002,2025-12-11,5200,1147,0.220577,7,30680501,26748,0.46,59.41
191000000000000002,192000000000000003,2025-12-11,1419,461,0.324877,6,19001371,41218,1.55,86.2
191000000000000002,192000000000000004,2025-12-11,1431,384,0.268344,5,17189566,44764,0.99,107.13
191000000000000003,192000000000000005,2025-12-11,4633,1254,0.270667,10,27143203,21645,0.94,109.35
191000000000000004,192000000000000006,2025-12-11,5045,1291,0.255897,20,54286405,42050,3.05,287.95
191000000000000001,192000000000000001,2025-12-12,6341,1356,0.213846,9,31938338,23553,0.49,48.48
191000000000000001,192000000000000002,2025-12-12,6825,1680,0.246154,17,32459161,19321,0.71,67.82
191000000000000002,192000000000000003,2025-12-12,1572,525,0.333969,5,18498766,35236,1.57,64.54
191000000000000003,192000000000000005,2025-12-12,5301,1468,0.276929,16,27598928,18800,1.44,133.63
191000000000000004,192000000000000006,2025-12-12,5391,1801,0.334075,25,55197856,30648,3.82,235.14
191000000000000001,192000000000000001,2025-12-13,4752,1391,0.292719,14,37597304,27029,0.74,60.9
191000000000000001,192000000000000002,2025-12-13,11300,2614,0.231327,24,41903412,16030,1.05,127.95
191000000000000002,192000000000000003,2025-12-13,2208,656,0.297101,9,18957613,28899,1.63,135.59
191000000000000002,192000000000000004,2025-12-13,2702,808,0.299038,10,26471367,32762,1.78,106.85
191000000000000003,192000000000000005,2025-12-13,4422,1142,0.258254,12,34071735,29835,1.17,96.87
191000000000000004,192000000000000006,2025-12-13,7079,1970,0.278288,42,68143470,34591,3.99,205.4
191000000000000001,192000000000000001,2025-12-14,7195,1621,0.225295,15,37170120,22930,0.85,40.68
191000000000000001,192000000000000002,2025-12-14,8102,1963,0.242286,16,34279828,17463,0.82,90.29
191000000000000002,192000000000000003,2025-12-14,2748,865,0.314774,10,20604748,23821,1.77,223.35
191000000000000002,192000000000000004,2025-12-14,1656,518,0.312802,7,20223794,39042,1.26,79.94
191000000000000004,192000000000000006,2025-12-14,6308,1830,0.290108,32,61242813,33466,4.0,404.68
191000000000000001,192000000000000001,2025-12-15,10902,2401,0.220235,17,39026893,16254,1.17,159.16
191000000000000001,192000000000000002,2025-12-15,5527,1210,0.218925,6,29148594,24090,0.47,58.11
191000000000000002,192000000000000003,2025-12-15,1481,449,0.303174,8,17021426,37910,1.44,130.1
191000000000000002,192000000000000004,2025-12-15,2002,606,0.302697,11,21935995,36198,1.31,168.98
191000000000000003,192000000000000005,2025-12-15,3173,881,0.277655,7,29218066,33165,0.57,68.59
191000000000000001,192000000000000001,2025-12-16,9123,2153,0.235997,27,46757375,21717,0.85,90.17
191000000000000001,192000000000000002,2025-12-16,5768,1379,0.239078,13,36401484,26397,0.5,63.67
191000000000000002,192000000000000003,2025-12-16,2420,693,0.286364,12,26621414,38415,1.71,154.51
191000000000000002,192000000000000004,2025-12-16,2144,617,0.28778,7,20897934,33870,1.25,89.26
191000000000000003,192000000000000005,2025-12-16,5405,1712,0.316744,10,35639511,20817,1.81,100.63
191000000000000004,192000000000000006,2025-12-16,6339,2099,0.331125,31,71279023,33959,4.69,356.2
191000000000000001,192000000000000001,2025-12-17,7953,2214,0.278386,9,54605489,24664,0.87,99.04
191000000000000001,192000000000000002,2025-12-17,4104,1108,0.269981,10,37550152,33890,0.66,51.04
191000000000000002,192000000000000004,2025-12-17,2532,814,0.321485,9,25352360,31145,2.58,347.1
191000000000000003,192000000000000005,2025-12-17,6847,1998,0.291807,11,39495275,19767,1.64,164.51
191000000000000004,192000000000000006,2025-12-17,6405,1780,0.277908,31,78990549,44377,2.67,254.88
191000000000000001,192000000000000001,2025-12-18,12903,3358,0.26025,15,53222211,15849,1.44,164.03
191000000000000001,192000000000000002,2025-12-18,6649,1648,0.247857,9,48413935,29377,0.68,83.34
191000000000000002,192000000000000003,2025-12-18,3532,1199,0.339468,17,27836038,23216,2.6,258.19
191000000000000002,192000000000000004,2025-12-18,3970,1315,0.331234,21,30241760,22998,2.75,288.01
191000000000000003,192000000000000005,2025-12-18,5288,1213,0.229387,16,43558349,35910,1.07,44.65
191000000000000004,192000000000000006,2025-12-18,10258,3203,0.312244,47,87116697,27198,7.77,828.53
191000000000000001,192000000000000001,2025-12-19,6881,1773,0.257666,19,57404141,32377,1.14,143.72
191000000000000001,192000000000000002,2025-12-19,8397,1785,0.212576,10,51638152,28929,0.99,47.26
191000000000000002,192000000000000003,2025-12-19,2332,806,0.345626,7,31677554,39302,1.69,235.68
191000000000000002,192000000000000004,2025-12-19,2595,875,0.337187,15,30632328,35008,1.66,127.89
191000000000000003,192000000000000005,2025-12-19,4468,1405,0.314458,13,46732411,33262,1.56,174.45
191000000000000004,192000000000000006,2025-12-19,12789,3419,0.267339,58,93464822,27337,7.56,1028.57
191000000000000001,192000000000000001,2025-12-20,11729,3121,0.266093,13,51502218,16502,1.53,206.33
191000000000000001,192000000000000002,2025-12-20,10725,2475,0.230769,28,43028907,17385,1.04,92.11
191000000000000002,192000000000000003,2025-12-20,2091,721,0.344811,6,25761056,35730,2.32,132.49
191000000000000002,192000000000000004,2025-12-20,2731,787,0.288173,13,28256729,35904,1.83,191.39
191000000000000003,192000000000000005,2025-12-20,6070,1766,0.290939,10,40513339,22941,1.16,90.12
191000000000000004,192000000000000006,2025-12-20,9173,3161,0.344598,44,81026678,25633,4.84,531.35
191000000000000001,192000000000000001,2025-12-21,9600,2738,0.285208,25,47081808,17196,1.63,171.42
191000000000000001,192000000000000002,2025-12-21,6205,1698,0.27365,10,45020583,26514,0.62,79.29
191000000000000002,192000000000000003,2025-12-21,3467,1189,0.342948,11,24816195,20871,3.64,189.71
191000000000000002,192000000000000004,2025-12-21,3290,1005,0.305471,16,27813742,27675,3.31,143.08
191000000000000003,192000000000000005,2025-12-21,3874,1177,0.30382,6,39472453,33536,0.93,98.9
191000000000000004,192000000000000006,2025-12-21,5659,1935,0.341933,23,78944906,40798,4.5,616.99
191000000000000001,192000000000000001,2025-12-22,7728,1971,0.255047,12,44493919,22574,1.05,128.29
191000000000000001,192000000000000002,2025-12-22,8419,1998,0.23732,25,45214208,22630,0.76,39.12
191000000000000002,192000000000000003,2025-12-22,2141,714,0.333489,7,26202449,36698,1.76,147.83
191000000000000002,192000000000000004,2025-12-22,3249,966,0.297322,18,25059338,25941,2.9,287.4
191000000000000003,192000000000000005,2025-12-22,5665,1374,0.242542,15,38446340,27981,0.98,123.66
191000000000000004,192000000000000006,2025-12-22,6420,2082,0.324299,34,76892680,36932,4.6,576.11
191000000000000001,192000000000000001,2025-12-23,10558,2206,0.208941,28,40411216,18319,1.23,125.08
191000000000000001,192000000000000002,2025-12-23,7848,2127,0.271024,19,39135874,18400,0.99,57.54
191000000000000002,192000000000000003,2025-12-23,1660,558,0.336145,8,22864874,40976,1.12,104.12
191000000000000002,192000000000000004,2025-12-23,2670,832,0.31161,14,22590606,27152,2.15,94.15
191000000000000003,192000000000000005,2025-12-23,4136,1009,0.243956,13,34091610,33788,0.73,41.07
191000000000000004,192000000000000006,2025-12-23,6609,1793,0.271297,32,68183220,38027,3.41,288.98
191000000000000001,192000000000000001,2025-12-24,6061,1490,0.245834,14,31957725,21448,0.71,43.18
191000000000000001,192000000000000002,2025-12-24,7762,1880,0.242206,20,34962439,18597,1.15,152.13
191000000000000002,192000000000000003,2025-12-24,3382,1032,0.305145,15,21202172,20545,2.11,214.04
191000000000000002,192000000000000004,2025-12-24,1721,558,0.32423,5,17037922,30534,1.08,64.65
191000000000000003,192000000000000005,2025-12-24,3089,807,0.26125,10,28680071,35539,0.83,76.01
191000000000000004,192000000000000006,2025-12-24,5059,1287,0.254398,29,57360141,44569,2.49,262.42
191000000000000001,192000000000000001,2025-12-25,5225,1211,0.23177,13,34381298,28391,0.66,86.18
191000000000000001,192000000000000002,2025-12-25,6544,1319,0.201559,18,43218244,32766,0.5,47.56
191000000000000002,192000000000000003,2025-12-25,1566,508,0.324393,9,19117068,37632,1.44,113.87
191000000000000002,192000000000000004,2025-12-25,2298,579,0.251958,10,25225527,43567,1.81,166.98
191000000000000003,192000000000000005,2025-12-25,3032,920,0.30343,8,33256947,36149,0.62,46.63
191000000000000004,192000000000000006,2025-12-25,6747,2046,0.303246,23,66513893,32509,3.59,342.38
191000000000000001,192000000000000001,2025-12-26,9167,2367,0.258209,24,37699491,15927,0.98,130.33
191000000000000001,192000000000000002,2025-12-26,7649,1611,0.210616,8,28890081,17933,0.63,46.04
191000000000000002,192000000000000003,2025-12-26,1593,448,0.28123,5,18304047,40857,0.94,95.95
191000000000000002,192000000000000004,2025-12-26,2957,748,0.252959,15,19747137,26400,1.66,96.87
191000000000000003,192000000000000005,2025-12-26,3225,798,0.247442,7,28538388,35762,0.58,49.79
191000000000000004,192000000000000006,2025-12-26,6251,1862,0.297872,36,57076776,30653,3.75,441.58
191000000000000001,192000000000000001,2025-12-27,6107,1628,0.266579,7,35788120,21983,0.7,67.35
191000000000000001,192000000000000002,2025-12-27,9024,1905,0.211104,14,40927342,21484,0.78,74.38
191000000000000002,192000000000000003,2025-12-27,2603,871,0.334614,14,21405483,24576,1.97,248.52
191000000000000002,192000000000000004,2025-12-27,2417,777,0.321473,12,22431923,28870,1.98,157.86
191000000000000003,192000000000000005,2025-12-27,3236,982,0.303461,8,32878055,33481,0.66,43.37
191000000000000004,192000000000000006,2025-12-27,9105,2484,0.272817,30,65756110,26472,4.72,554.33
191000000000000001,192000000000000001,2025-12-28,7342,1489,0.202806,8,40162334,26973,0.87,62.65
191000000000000001,192000000000000002,2025-12-28,9661,2727,0.282269,13,41191766,15105,1.53,197.36
191000000000000002,192000000000000003,2025-12-28,2377,798,0.335717,10,19457670,24383,2.16,155.75
191000000000000002,192000000000000004,2025-12-28,2303,729,0.316544,12,27030387,37079,2.21,278.0
191000000000000003,192000000000000005,2025-12-28,5623,1374,0.244354,9,34866043,25376,1.59,116.86
191000000000000004,192000000000000006,2025-12-28,5903,1501,0.254277,20,69732086,46457,3.75,275.3
191000000000000001,192000000000000001,2025-12-29,7509,1856,0.24717,15,36448978,19638,0.93,83.82
191000000000000001,192000000000000002,2025-12-29,7318,2022,0.276305,11,38208843,18897,1.0,120.44
191000000000000002,192000000000000003,2025-12-29,2975,768,0.258151,11,19288948,25116,2.27,112.08
191000000000000002,192000000000000004,2025-12-29,4009,1131,0.282115,19,23372664,20665,2.48,266.4
191000000000000003,192000000000000005,2025-12-29,3665,994,0.271214,11,31996209,32189,0.91,53.66
191000000000000004,192000000000000006,2025-12-29,5784,1974,0.341286,24,63992419,32418,4.63,415.29
191000000000000001,192000000000000001,2025-12-30,8333,1896,0.227529,10,51723927,27281,0.87,56.47
191000000000000001,192000000000000002,2025-12-30,11782,2643,0.224325,31,52481600,19857,1.3,95.82
191000000000000002,192000000000000003,2025-12-30,3079,796,0.258525,12,25744381,32342,2.62,250.35
191000000000000002,192000000000000004,2025-12-30,2501,797,0.318673,13,33801635,42411,1.96,87.52
191000000000000003,192000000000000005,2025-12-30,5045,1545,0.306244,15,44659512,28906,1.41,128.64
191000000000000004,192000000000000006,2025-12-30,7776,2476,0.318416,30,89319023,36074,5.24,286.1
191000000000000001,192000000000000001,2025-12-31,3695,1098,0.297158,10,37906560,34523,0.42,22.4
191000000000000001,192000000000000002,2025-12-31,5605,1656,0.29545,9,50331683,30394,0.83,114.19
191000000000000002,192000000000000004,2025-12-31,2939,968,0.329364,16,27300566,28203,2.85,249.68
191000000000000003,192000000000000005,2025-12-31,3950,996,0.252152,11,37816390,37968,0.99,84.4
191000000000000004,192000000000000006,2025-12-31,5641,1761,0.312179,26,75632779,42949,3.84,154.44
191000000000000001,192000000000000001,2026-01-01,5719,1302,0.227662,16,38687414,29714,0.6,81.13
191000000000000001,192000000000000002,2026-01-01,10569,2222,0.210237,25,33431668,15046,0.88,42.75
191000000000000002,192000000000000003,2026-01-01,2598,685,0.263664,8,18054161,26356,2.12,147.82
191000000000000002,192000000000000004,2026-01-01,2558,871,0.3405,14,23156743,26586,1.84,149.06
191000000000000003,192000000000000005,2026-01-01,3788,854,0.225449,12,30908178,36192,0.62,28.58
191000000000000004,192000000000000006,2026-01-01,4082,1255,0.307447,18,61816356,49256,1.98,217.08
191000000000000001,192000000000000001,2026-01-02,6785,1874,0.276197,13,36440901,19446,0.78,67.36
191000000000000001,192000000000000002,2026-01-02,6808,1797,0.263954,12,45552681,25349,0.85,79.89
191000000000000002,192000000000000003,2026-01-02,3175,916,0.288504,19,23078155,25194,2.0,243.71
191000000000000002,192000000000000004,2026-01-02,2652,756,0.285068,13,23775321,31449,2.55,229.03
191000000000000003,192000000000000005,2026-01-02,3352,987,0.294451,6,35140107,35603,0.87,92.53
191000000000000004,192000000000000006,2026-01-02,5831,1845,0.316412,33,70280213,38092,4.1,451.26
191000000000000001,192000000000000001,2026-01-03,10785,2248,0.208438,28,36162665,16087,0.84,83.73
191000000000000001,192000000000000002,2026-01-03,8285,1918,0.231503,9,50909502,26543,1.25,113.14
191000000000000002,192000000000000003,2026-01-03,3514,910,0.258964,18,22936202,25205,2.43,170.79
191000000000000002,192000000000000004,2026-01-03,2607,654,0.250863,13,26819321,41008,1.65,219.97
191000000000000003,192000000000000005,2026-01-03,6325,1858,0.293755,12,37316643,20084,2.03,242.09
191000000000000004,192000000000000006,2026-01-03,7648,2524,0.330021,28,74633286,29569,3.88,476.32
191000000000000001,192000000000000001,2026-01-04,6882,1793,0.260535,18,37834702,21101,0.73,46.29
191000000000000001,192000000000000002,2026-01-04,6136,1753,0.285691,15,41379801,23605,0.65,30.12
191000000000000002,192000000000000003,2026-01-04,3556,1167,0.328178,18,23414552,20064,2.19,148.83
191000000000000002,192000000000000004,2026-01-04,1857,639,0.344103,9,21850879,34195,1.23,89.14
191000000000000003,192000000000000005,2026-01-04,3852,1133,0.294133,6,33949073,29964,1.19,57.01
191000000000000001,192000000000000001,2026-01-05,11734,3349,0.28541,29,71412317,21323,1.39,83.13
191000000000000001,192000000000000002,2026-01-05,15802,3738,0.236552,21,92366377,24710,2.31,231.11
191000000000000002,192000000000000003,2026-01-05,4118,1273,0.309131,24,45877229,36039,3.85,267.02
191000000000000002,192000000000000004,2026-01-05,4654,1242,0.266867,26,47710595,38414,2.47,217.52
191000000000000003,192000000000000005,2026-01-05,8035,2503,0.311512,14,70190869,28043,1.64,198.89
191000000000000004,192000000000000006,2026-01-05,10395,3092,0.297451,32,140381737,45402,5.7,360.92
191000000000000001,192000000000000001,2026-01-06,8953,2410,0.269184,17,78429095,32543,1.29,54.81
191000000000000001,192000000000000002,2026-01-06,9417,2329,0.247319,22,79536627,34151,1.15,53.45
191000000000000002,192000000000000003,2026-01-06,4309,1450,0.336505,21,50277553,34674,4.34,275.93
191000000000000002,192000000000000004,2026-01-06,4515,1131,0.250498,16,39988574,35357,3.57,269.13
191000000000000003,192000000000000005,2026-01-06,10698,2575,0.240699,27,67699595,26291,2.87,246.08
191000000000000004,192000000000000006,2026-01-06,8519,2775,0.325742,40,135399190,48793,4.17,170.66
191000000000000001,192000000000000001,2026-01-07,9488,2543,0.268023,13,87624123,34457,1.36,140.62
191000000000000001,192000000000000002,2026-01-07,11231,2310,0.205681,13,75213125,32560,1.35,170.7
191000000000000002,192000000000000003,2026-01-07,5327,1712,0.321382,28,50380127,29428,4.06,362.56
191000000000000002,192000000000000004,2026-01-07,3224,1103,0.342122,15,42669729,38685,3.64,299.5
191000000000000003,192000000000000005,2026-01-07,7357,2237,0.304064,13,69787392,31197,2.26,183.5
191000000000000004,192000000000000006,2026-01-07,9821,2957,0.30109,48,139574785,47201,5.14,669.73
191000000000000001,192000000000000001,2026-01-08,10487,3019,0.28788,27,55407845,18353,1.9,103.49
191000000000000001,192000000000000002,2026-01-08,6605,1702,0.257684,19,58594364,34427,0.64,86.93
191000000000000002,192000000000000003,2026-01-08,3240,846,0.261111,19,32475307,38387,1.67,105.61
191000000000000002,192000000000000004,2026-01-08,2960,869,0.293581,16,32668813,37594,1.74,204.74
191000000000000003,192000000000000005,2026-01-08,4043,1293,0.319812,8,48858090,37787,1.37,163.52
191000000000000004,192000000000000006,2026-01-08,7935,2426,0.305734,47,97716180,40279,3.66,468.99
191000000000000001,192000000000000001,2026-01-09,10089,2550,0.252751,16,60700584,23804,1.03,128.25
191000000000000001,192000000000000002,2026-01-09,9121,2066,0.22651,23,68129198,32976,1.16,54.74
191000000000000002,192000000000000003,2026-01-09,6086,1939,0.3186,20,40758236,21020,5.86,640.45
191000000000000002,192000000000000004,2026-01-09,2993,936,0.31273,17,32858782,35106,2.19,280.59
191000000000000003,192000000000000005,2026-01-09,9099,2640,0.290142,19,55212764,20914,1.81,85.06
191000000000000004,192000000000000006,2026-01-09,8853,2223,0.251101,52,110425527,49674,3.49,195.03
191000000000000001,192000000000000001,2026-01-10,6853,1801,0.262805,11,60987201,33863,0.89,111.68
191000000000000001,192000000000000002,2026-01-10,12226,2621,0.214379,28,59162160,22572,1.46,142.76
191000000000000002,192000000000000003,2026-01-10,5308,1439,0.2711,27,34456417,23945,3.04,361.63
191000000000000002,192000000000000004,2026-01-10,4117,1098,0.266699,15,34200361,31148,3.14,126.15
191000000000000003,192000000000000005,2026-01-10,5628,1400,0.248756,13,51492583,36780,1.62,120.8
191000000000000004,192000000000000006,2026-01-10,6836,2140,0.313049,24,102985167,48124,4.81,642.87
191000000000000001,192000000000000001,2026-01-11,10541,3035,0.287923,16,68251475,22488,1.78,139.06
191000000000000001,192000000000000002,2026-01-11,8234,2267,0.275322,8,67173092,29631,1.28,141.27
191000000000000002,192000000000000003,2026-01-11,3277,1091,0.332926,12,40150302,36801,3.12,143.32
191000000000000002,192000000000000004,2026-01-11,2781,962,0.345919,15,37235165,38706,2.97,296.03
191000000000000003,192000000000000005,2026-01-11,11812,2996,0.25364,26,58039100,19372,2.74,161.19
191000000000000004,192000000000000006,2026-01-11,10551,2959,0.280447,60,116078201,39229,6.04,400.21
191000000000000001,192000000000000001,2026-01-12,5657,1626,0.287432,13,43138821,26531,0.78,70.53
191000000000000001,192000000000000002,2026-01-12,12149,3013,0.248004,33,50926128,16902,1.84,171.57
191000000000000002,192000000000000003,2026-01-12,2881,964,0.334606,12,26769359,27769,2.67,227.52
191000000000000002,192000000000000004,2026-01-12,3007,890,0.295976,14,26982040,30317,2.05,203.43
191000000000000003,192000000000000005,2026-01-12,4177,1069,0.255925,12,40313550,37711,1.06,138.72
191000000000000004,192000000000000006,2026-01-12,5807,1642,0.282762,30,80627099,49103,3.27,316.44
191000000000000001,192000000000000001,2026-01-13,7616,2158,0.283351,19,55027349,25499,0.86,78.48
191000000000000001,192000000000000002,2026-01-13,18048,3858,0.213763,38,75735200,19631,1.89,200.66
191000000000000002,192000000000000003,2026-01-13,3479,1187,0.34119,13,38084874,32085,3.43,194.04
191000000000000002,192000000000000004,2026-01-13,2726,844,0.309611,9,36636583,43408,2.46,207.71
191000000000000003,192000000000000005,2026-01-13,4750,1484,0.312421,13,56041093,37764,1.01,117.47
191000000000000004,192000000000000006,2026-01-13,9108,2543,0.279205,50,112082185,44075,6.23,701.11
191000000000000001,192000000000000002,2026-01-14,7273,2045,0.281177,14,48657203,23793,0.86,59.2
191000000000000002,192000000000000003,2026-01-14,2352,809,0.343963,10,24381708,30138,1.75,88.91
191000000000000002,192000000000000004,2026-01-14,4785,1591,0.332497,27,32258259,20275,3.22,260.95
191000000000000003,192000000000000005,2026-01-14,4930,1401,0.284178,11,42479975,30321,1.2,124.46
191000000000000004,192000000000000006,2026-01-14,8413,2670,0.317366,37,84959950,31820,6.43,626.63
191000000000000001,192000000000000001,2026-01-15,15124,3062,0.20246,17,53597694,17504,1.1,134.28
191000000000000001,192000000000000002,2026-01-15,9127,2128,0.233154,12,70275769,33024,1.35,87.36
191000000000000002,192000000000000003,2026-01-15,4285,1203,0.280747,26,36369489,30232,4.07,251.19
191000000000000002,192000000000000004,2026-01-15,4386,1332,0.303694,21,34415348,25837,3.88,225.25
191000000000000003,192000000000000005,2026-01-15,6208,1653,0.266269,14,53088627,32117,1.31,78.24
191000000000000004,192000000000000006,2026-01-15,11544,3103,0.268798,41,106177255,34218,8.04,882.09
191000000000000001,192000000000000001,2026-01-16,8175,2300,0.281346,17,55527826,24143,0.96,57.49
191000000000000001,192000000000000002,2026-01-16,14995,3849,0.256686,20,60892014,15820,2.2,193.89
191000000000000002,192000000000000003,2026-01-16,5312,1420,0.267319,31,33526656,23610,3.79,225.59
191000000000000002,192000000000000004,2026-01-16,3537,963,0.272265,11,32998967,34267,1.8,188.14
191000000000000003,192000000000000005,2026-01-16,9081,2395,0.263737,31,49894217,20833,2.77,232.32
191000000000000004,192000000000000006,2026-01-16,8978,2301,0.256293,41,99788434,43367,4.81,204.37
191000000000000001,192000000000000001,2026-01-17,8797,2543,0.289076,9,64179311,25238,1.52,192.84
191000000000000002,192000000000000003,2026-01-17,3045,957,0.314286,11,42203074,44099,3.18,237.6
191000000000000002,192000000000000004,2026-01-17,4828,1659,0.343621,25,37488144,22597,5.16,700.06
191000000000000003,192000000000000005,2026-01-17,6265,1807,0.288428,18,59768413,33076,1.24,121.14
191000000000000004,192000000000000006,2026-01-17,8455,2412,0.285275,28,119536826,49559,6.01,335.24
191000000000000001,192000000000000001,2026-01-18,7533,1871,0.248374,17,54555108,29158,0.89,115.26
191000000000000001,192000000000000002,2026-01-18,6538,1646,0.251759,16,53242434,32347,0.88,82.83
191000000000000002,192000000000000003,2026-01-18,3038,842,0.277156,17,31709676,37660,1.97,229.7
191000000000000002,192000000000000004,2026-01-18,4806,1322,0.275073,20,29888919,22609,3.88,456.42
191000000000000003,192000000000000005,2026-01-18,7284,1631,0.223915,22,46198946,28326,1.41,58.72
191000000000000004,192000000000000006,2026-01-18,6443,2205,0.342232,33,92397893,41904,4.35,440.44
191000000000000001,192000000000000001,2026-01-19,8567,2315,0.270223,15,40880899,17659,1.04,137.44
191000000000000001,192000000000000002,2026-01-19,5593,1593,0.28482,10,52828403,33163,0.98,52.43
191000000000000002,192000000000000003,2026-01-19,4204,1098,0.26118,18,26416242,24059,2.51,115.73
191000000000000002,192000000000000004,2026-01-19,1934,631,0.326267,11,27131930,42998,1.33,74.55
191000000000000003,192000000000000005,2026-01-19,6147,1962,0.31918,21,40161129,20469,1.9,100.51
191000000000000004,192000000000000006,2026-01-19,6125,1951,0.318531,33,80322258,41170,3.06,189.5
191000000000000001,192000000000000001,2026-01-20,8109,1806,0.222716,24,62120031,34396,1.14,144.83
191000000000000001,192000000000000002,2026-01-20,11951,2542,0.212702,30,60596766,23838,1.09,138.76
191000000000000002,192000000000000003,2026-01-20,5054,1673,0.331025,29,33572309,20067,5.07,663.81
191000000000000002,192000000000000004,2026-01-20,3462,875,0.252744,12,36551575,41773,2.63,155.8
191000000000000003,192000000000000005,2026-01-20,7528,1756,0.233262,25,52592913,29950,1.94,233.98
191000000000000004,192000000000000006,2026-01-20,10880,3251,0.298805,35,105185826,32355,7.72,677.96
191000000000000001,192000000000000001,2026-01-21,9600,2141,0.223021,19,52900899,24709,1.25,58.27
191000000000000001,192000000000000002,2026-01-21,12892,3298,0.255818,23,52094713,15796,1.71,217.41
191000000000000002,192000000000000003,2026-01-21,2836,769,0.271157,11,31344360,40760,1.55,117.15
191000000000000002,192000000000000004,2026-01-21,2754,908,0.329702,11,28653132,31556,2.05,197.91
191000000000000003,192000000000000005,2026-01-21,6476,1859,0.28706,20,44998119,24206,1.72,96.31
191000000000000004,192000000000000006,2026-01-21,6086,2058,0.338153,27,89996239,43730,5.24,598.34
191000000000000001,192000000000000001,2026-01-22,11043,2720,0.24631,24,53477521,19661,0.98,92.75
191000000000000001,192000000000000002,2026-01-22,10846,2464,0.227181,19,67061124,27216,1.05,112.76
191000000000000002,192000000000000003,2026-01-22,4882,1302,0.266694,24,32781773,25178,3.66,265.09
191000000000000002,192000000000000004,2026-01-22,4441,1303,0.293402,25,36097453,27703,3.28,403.31
191000000000000003,192000000000000005,2026-01-22,5529,1383,0.250136,19,51659419,37353,0.9,102.52
191000000000000004,192000000000000006,2026-01-22,12857,4096,0.318581,39,103318839,25224,10.15,1342.73
191000000000000001,192000000000000001,2026-01-23,12151,3382,0.278331,33,68314404,20199,2.16,300.07
191000000000000001,192000000000000002,2026-01-23,6985,1873,0.268146,15,57438617,30667,1.03,133.51
191000000000000002,192000000000000003,2026-01-23,2941,911,0.309759,16,36916146,40523,1.99,102.66
191000000000000002,192000000000000004,2026-01-23,3157,910,0.288248,10,34942723,38399,2.19,199.23
191000000000000003,192000000000000005,2026-01-23,6227,1755,0.281837,20,53894152,30709,1.79,239.85
191000000000000004,192000000000000006,2026-01-23,12281,4143,0.33735,48,107788304,26017,7.74,566.18
191000000000000001,192000000000000001,2026-01-24,13424,3518,0.262068,28,56662589,16106,2.09,188.74
191000000000000001,192000000000000002,2026-01-24,8121,2093,0.257727,19,61534561,29400,0.78,89.89
191000000000000002,192000000000000003,2026-01-24,3158,877,0.277707,17,38106177,43451,2.76,328.19
191000000000000002,192000000000000004,2026-01-24,2557,833,0.325772,9,29435052,35336,2.81,278.91
191000000000000003,192000000000000005,2026-01-24,9718,2241,0.230603,21,50655921,22604,1.69,124.1
191000000000000004,192000000000000006,2026-01-24,6560,2294,0.349695,38,101311843,44164,5.41,332.73
191000000000000001,192000000000000001,2026-01-25,10701,2749,0.256892,29,61658728,22430,1.77,229.95
191000000000000001,192000000000000002,2026-01-25,7767,2078,0.267542,11,50788535,24441,1.23,140.89
191000000000000002,192000000000000003,2026-01-25,4281,1268,0.296192,24,30759124,24258,3.49,419.39
191000000000000002,192000000000000004,2026-01-25,5495,1387,0.252411,31,33496455,24150,3.71,411.57
191000000000000003,192000000000000005,2026-01-25,6851,1970,0.287549,19,48191684,24463,1.45,104.53
191000000000000004,192000000000000006,2026-01-25,8967,2753,0.307015,53,96383369,35010,5.17,239.05
191000000000000001,192000000000000001,2026-01-26,10331,2115,0.204724,11,65256489,30854,0.8,78.54
191000000000000001,192000000000000002,2026-01-26,10566,2137,0.202253,29,59622319,27900,1.15,51.0
191000000000000002,192000000000000003,2026-01-26,2781,798,0.286947,11,35819836,44887,1.76,132.91
191000000000000002,192000000000000004,2026-01-26,4080,1036,0.253922,21,35539483,34305,2.9,355.68
191000000000000003,192000000000000005,2026-01-26,9014,2160,0.239627,28,53519489,24778,1.89,230.06
191000000000000004,192000000000000006,2026-01-26,13816,4195,0.303633,82,107038978,25516,6.84,578.83
191000000000000001,192000000000000001,2026-01-27,5386,1357,0.251949,7,43418991,31996,0.77,71.79
191000000000000002,192000000000000003,2026-01-27,2105,730,0.346793,10,32217095,44133,1.47,158.83
191000000000000002,192000000000000004,2026-01-27,3449,1106,0.320673,11,26008853,23516,3.17,441.33
191000000000000003,192000000000000005,2026-01-27,6351,1531,0.241064,13,43669461,28523,1.43,167.36
191000000000000004,192000000000000006,2026-01-27,8054,2311,0.286938,29,87338921,37793,3.69,253.17
191000000000000001,192000000000000001,2026-01-28,15504,3772,0.243292,42,61027254,16179,1.95,78.99
191000000000000001,192000000000000002,2026-01-28,9389,2575,0.274257,15,60437395,23471,0.95,39.6
191000000000000002,192000000000000003,2026-01-28,2753,795,0.288776,13,30607959,38501,2.12,150.46
191000000000000002,192000000000000004,2026-01-28,3169,1020,0.321868,11,38800413,38040,2.48,134.87
191000000000000003,192000000000000005,2026-01-28,7108,2114,0.297411,16,52056278,24625,2.11,177.58
191000000000000004,192000000000000006,2026-01-28,11153,2948,0.264324,43,104112557,35316,5.41,655.23
191000000000000001,192000000000000001,2026-01-29,10954,2226,0.203213,25,55099248,24753,0.84,69.83
191000000000000001,192000000000000002,2026-01-29,13414,2768,0.206352,34,51222771,18505,1.72,230.81
191000000000000002,192000000000000003,2026-01-29,4749,1192,0.251,26,33592177,28181,3.04,419.25
191000000000000002,192000000000000004,2026-01-29,3426,938,0.273789,17,27163262,28959,2.58,109.96
191000000000000003,192000000000000005,2026-01-29,4103,1260,0.307092,9,45566580,36164,1.46,133.86
191000000000000004,192000000000000006,2026-01-29,10162,3350,0.32966,47,91133159,27204,8.27,694.11
191000000000000001,192000000000000001,2026-01-30,10546,2743,0.260099,15,54393638,19830,1.42,167.47
191000000000000001,192000000000000002,2026-01-30,7743,2186,0.28232,15,65998760,30192,1.25,65.99
191000000000000002,192000000000000003,2026-01-30,5418,1500,0.276855,29,30081890,20055,4.38,341.85
191000000000000002,192000000000000004,2026-01-30,4548,1542,0.33905,21,38713766,25106,5.15,266.4
191000000000000003,192000000000000005,2026-01-30,8837,2465,0.278941,19,51596742,20932,2.81,214.05
191000000000000004,192000000000000006,2026-01-30,7140,2471,0.346078,27,103193483,41762,4.82,328.38
191000000000000001,192000000000000001,2026-01-31,13102,3068,0.234163,32,57533631,18753,1.97,251.84
191000000000000002,192000000000000003,2026-01-31,3032,934,0.308047,13,36426548,39001,2.74,170.5
191000000000000002,192000000000000004,2026-01-31,3423,945,0.276074,10,32570761,34466,2.62,292.47
191000000000000003,192000000000000005,2026-01-31,7957,2422,0.304386,19,51747982,21366,2.77,228.28
191000000000000004,192000000000000006,2026-01-31,9467,2370,0.250343,39,103495964,43669,4.77,351.6
191000000000000001,192000000000000001,2026-02-01,5715,1319,0.230796,8,34232038,25953,0.65,42.88
191000000000000001,192000000000000002,2026-02-01,6877,1960,0.285008,18,33601386,17144,0.73,81.56
191000000000000002,192000000000000004,2026-02-01,2641,861,0.326013,10,20619675,23949,1.89,187.91
191000000000000003,192000000000000005,2026-02-01,4377,1268,0.289696,14,29071468,22927,1.09,145.84
191000000000000004,192000000000000006,2026-02-01,4044,1269,0.313798,17,58142935,45818,2.74,347.31
191000000000000001,192000000000000001,2026-02-02,5512,1531,0.277758,13,42879449,28007,0.64,46.22
191000000000000001,192000000000000002,2026-02-02,5003,1389,0.277633,10,47106954,33914,0.87,41.84
191000000000000002,192000000000000003,2026-02-02,3879,1193,0.307553,19,28720709,24074,3.19,344.71
191000000000000002,192000000000000004,2026-02-02,1942,536,0.276004,6,22700093,42351,1.46,133.15
191000000000000003,192000000000000005,2026-02-02,5103,1180,0.231237,13,38565601,32683,0.97,49.69
191000000000000004,192000000000000006,2026-02-02,7873,2150,0.273085,37,77131203,35875,4.85,357.51
191000000000000001,192000000000000001,2026-02-03,6164,1588,0.257625,7,38670351,24352,0.81,86.11
191000000000000001,192000000000000002,2026-02-03,4514,1310,0.290208,6,40014986,30546,0.81,39.36
191000000000000002,192000000000000003,2026-02-03,1893,595,0.314316,8,20835248,35017,1.7,102.58
191000000000000002,192000000000000004,2026-02-03,2013,678,0.336811,6,24127801,35587,2.23,266.8
191000000000000003,192000000000000005,2026-02-03,5402,1237,0.228989,13,33722287,27261,0.91,63.45
191000000000000004,192000000000000006,2026-02-03,6562,1863,0.283907,26,67444575,36202,3.42,366.02
191000000000000001,192000000000000001,2026-02-04,7403,2036,0.275024,13,36884941,18116,1.26,129.18
191000000000000001,192000000000000002,2026-02-04,6370,1343,0.210832,18,44363707,33033,0.76,100.35
191000000000000002,192000000000000003,2026-02-04,2370,622,0.262447,8,24572585,39506,1.26,61.35
191000000000000002,192000000000000004,2026-02-04,1518,530,0.349144,6,21855214,41236,1.31,176.94
191000000000000003,192000000000000005,2026-02-04,4827,1303,0.26994,7,34820849,26724,1.34,69.97
191000000000000004,192000000000000006,2026-02-04,8374,2208,0.263673,48,69641699,31541,5.31,290.48
191000000000000001,192000000000000001,2026-02-05,6493,1797,0.27676,14,30153277,16780,0.95,66.26
191000000000000001,192000000000000002,2026-02-05,6951,2000,0.287728,18,36105122,18053,1.01,111.77
191000000000000002,192000000000000003,2026-02-05,2093,527,0.251792,7,20516116,38930,1.44,198.9
191000000000000002,192000000000000004,2026-02-05,2239,673,0.300581,7,17345826,25774,1.58,64.2
191000000000000003,192000000000000005,2026-02-05,3109,767,0.246703,9,28396456,37023,0.5,44.15
191000000000000004,192000000000000006,2026-02-05,5373,1577,0.293505,31,56792913,36013,3.68,432.75
191000000000000001,192000000000000001,2026-02-06,5974,1788,0.299297,7,41368073,23137,0.75,56.19
191000000000000001,192000000000000002,2026-02-06,3916,1091,0.278601,6,37331290,34217,0.5,53.66
191000000000000002,192000000000000003,2026-02-06,2350,780,0.331915,7,22041834,28259,1.93,192.39
191000000000000002,192000000000000004,2026-02-06,2943,800,0.271831,15,22929230,28662,1.63,112.44
191000000000000003,192000000000000005,2026-02-06,3315,903,0.272398,12,33728298,37351,0.68,94.58
191000000000000004,192000000000000006,2026-02-06,8471,2412,0.284736,36,67456597,27967,3.71,375.29
191000000000000001,192000000000000001,2026-02-07,7703,2259,0.293262,23,37321565,16521,0.91,91.16
191000000000000001,192000000000000002,2026-02-07,7373,1846,0.250373,17,39108085,21185,0.9,76.9
191000000000000002,192000000000000003,2026-02-07,3086,853,0.27641,10,24631312,28876,2.45,220.39
191000000000000002,192000000000000004,2026-02-07,1375,431,0.313455,7,19042774,44183,1.0,62.01
191000000000000003,192000000000000005,2026-02-07,3778,1042,0.275807,7,32755564,31435,1.04,77.85
191000000000000004,192000000000000006,2026-02-07,5423,1819,0.335423,28,65511129,36015,4.82,517.41
191000000000000001,192000000000000001,2026-02-08,6290,1405,0.22337,10,40981131,29168,0.86,99.43
191000000000000001,192000000000000002,2026-02-08,7429,1611,0.216853,21,39758087,24679,0.57,40.53
191000000000000002,192000000000000003,2026-02-08,1960,661,0.337245,8,21623311,32713,1.34,123.85
191000000000000003,192000000000000005,2026-02-08,3160,931,0.29462,9,34602522,37167,1.01,117.76
191000000000000004,192000000000000006,2026-02-08,4657,1503,0.32274,17,69205044,46045,2.43,325.28
191000000000000001,192000000000000001,2026-02-09,5515,1152,0.208885,6,35190634,30547,0.58,31.42
191000000000000001,192000000000000002,2026-02-09,4884,1410,0.288698,10,42418893,30084,0.72,38.5
191000000000000002,192000000000000003,2026-02-09,1498,490,0.327103,6,19490905,39777,1.49,115.46
191000000000000002,192000000000000004,2026-02-09,1993,553,0.277471,10,24857395,44950,1.84,242.03
191000000000000003,192000000000000005,2026-02-09,6865,1518,0.221122,19,33261226,21911,1.61,168.28
191000000000000004,192000000000000006,2026-02-09,6821,2014,0.295265,34,66522451,33030,3.75,381.47
191000000000000001,192000000000000001,2026-02-10,11985,2524,0.210597,29,42381359,16791,1.35,62.61
191000000000000001,192000000000000002,2026-02-10,5921,1369,0.231211,8,38012909,27767,0.69,92.64
191000000000000002,192000000000000003,2026-02-10,2117,630,0.297591,9,25297529,40155,2.03,242.55
191000000000000002,192000000000000004,2026-02-10,2947,935,0.317272,13,20642052,22077,1.81,112.08
191000000000000003,192000000000000005,2026-02-10,5248,1340,0.255335,11,34454686,25712,1.4,97.89
191000000000000004,192000000000000006,2026-02-10,7761,2635,0.339518,44,68909372,26152,5.25,693.74
191000000000000001,192000000000000001,2026-02-11,5786,1484,0.256481,15,33725472,22726,0.58,40.23
191000000000000001,192000000000000002,2026-02-11,8681,2580,0.297201,19,38988364,15112,1.49,190.81
191000000000000002,192000000000000003,2026-02-11,1848,490,0.265152,7,19078808,38936,1.6,200.85
191000000000000002,192000000000000004,2026-02-11,1836,525,0.285948,10,22471955,42804,1.4,119.28
191000000000000003,192000000000000005,2026-02-11,3599,908,0.252292,8,31163072,34321,0.58,62.59
191000000000000004,192000000000000006,2026-02-11,9248,2475,0.267625,50,62326145,25182,6.48,741.98
191000000000000001,192000000000000001,2026-02-12,5759,1633,0.283556,7,34406075,21069,0.58,24.34
191000000000000001,192000000000000002,2026-02-12,5675,1220,0.214978,14,40917493,33539,0.76,79.89
191000000000000002,192000000000000003,2026-02-12,3128,1001,0.320013,13,22952722,22930,2.35,321.26
191000000000000002,192000000000000004,2026-02-12,2871,800,0.278649,14,20089317,25112,1.62,176.6
191000000000000003,192000000000000005,2026-02-12,4935,1340,0.27153,16,32281529,24091,1.29,76.76
191000000000000004,192000000000000006,2026-02-12,7128,2188,0.306958,41,64563058,29508,4.89,580.05
191000000000000001,192000000000000001,2026-02-13,5221,1118,0.214135,9,34807117,31133,0.62,53.46
191000000000000001,192000000000000002,2026-02-13,3354,968,0.288611,8,28690361,29639,0.42,56.39
191000000000000002,192000000000000003,2026-02-13,1813,530,0.292333,9,18332382,34589,1.2,122.57
191000000000000002,192000000000000004,2026-02-13,1602,518,0.323346,8,17951891,34656,1.38,93.7
191000000000000003,192000000000000005,2026-02-13,2734,763,0.279078,5,27213205,35666,0.6,37.11
191000000000000004,192000000000000006,2026-02-13,4695,1243,0.26475,25,54426409,43786,2.32,190.36
191000000000000001,192000000000000001,2026-02-14,8070,1818,0.225279,23,49516041,27237,0.87,57.71
191000000000000001,192000000000000002,2026-02-14,5804,1492,0.257064,11,38644974,25901,0.78,95.03
191000000000000002,192000000000000003,2026-02-14,2002,658,0.328671,8,27455645,41726,2.02,214.58
191000000000000002,192000000000000004,2026-02-14,3928,991,0.252291,19,22922078,23130,2.91,375.61
191000000000000003,192000000000000005,2026-02-14,7030,1993,0.283499,13,37783292,18958,1.86,190.55
191000000000000004,192000000000000006,2026-02-14,8936,2368,0.264996,37,75566584,31912,5.38,407.83
191000000000000001,192000000000000001,2026-02-15,8903,1883,0.211502,16,29088477,15448,0.92,94.68
191000000000000001,192000000000000002,2026-02-15,4515,1242,0.275083,9,38342236,30871,0.67,72.36
191000000000000002,192000000000000003,2026-02-15,2452,733,0.29894,14,21191283,28910,2.37,150.86
191000000000000002,192000000000000004,2026-02-15,1754,563,0.320981,10,17340553,30800,1.47,182.06
191000000000000003,192000000000000005,2026-02-15,2616,835,0.31919,5,28898877,34609,0.58,39.82
191000000000000004,192000000000000006,2026-02-15,5033,1498,0.297636,29,57797754,38583,2.68,368.48
191000000000000001,192000000000000001,2026-02-16,4274,1159,0.271175,6,37534609,32385,0.63,75.42
191000000000000001,192000000000000002,2026-02-16,6164,1508,0.244646,13,45537456,30197,0.58,51.24
191000000000000002,192000000000000003,2026-02-16,1752,546,0.311644,10,19757907,36187,1.01,121.84
191000000000000002,192000000000000004,2026-02-16,2836,931,0.328279,13,27711844,29766,1.95,95.57
191000000000000003,192000000000000005,2026-02-16,3894,1224,0.31433,7,35602313,29087,1.24,100.68
191000000000000001,192000000000000001,2026-02-17,6601,1539,0.233146,10,42122222,27370,0.88,113.62
191000000000000001,192000000000000002,2026-02-17,8373,1979,0.236355,19,35536068,17957,1.21,77.72
191000000000000002,192000000000000003,2026-02-17,3150,788,0.250159,16,23886430,30313,2.52,238.37
191000000000000002,192000000000000004,2026-02-17,1751,561,0.320388,9,20489735,36524,1.46,191.96
191000000000000003,192000000000000005,2026-02-17,3368,1023,0.303741,6,33282124,32534,0.83,59.71
191000000000000001,192000000000000001,2026-02-18,10102,2615,0.25886,26,47109137,18015,1.14,90.04
191000000000000001,192000000000000002,2026-02-18,8013,2397,0.299139,16,57143969,23840,1.46,130.74
191000000000000002,192000000000000003,2026-02-18,4342,1165,0.26831,24,25654453,22021,2.31,98.67
191000000000000002,192000000000000004,2026-02-18,3081,1066,0.345992,18,33918751,31819,2.55,273.53
191000000000000003,192000000000000005,2026-02-18,6569,1817,0.276602,15,44679903,24590,1.26,67.26
191000000000000004,192000000000000006,2026-02-18,5349,1847,0.345298,23,89359806,48381,3.37,436.51
191000000000000001,192000000000000001,2026-02-19,7286,2100,0.288224,10,55416013,26389,1.18,122.01
191000000000000001,192000000000000002,2026-02-19,9805,2687,0.274044,14,59218849,22039,1.02,137.77
191000000000000002,192000000000000003,2026-02-19,3870,994,0.256848,20,29249236,29426,2.9,192.69
191000000000000002,192000000000000004,2026-02-19,6337,1648,0.26006,32,36256399,22000,3.43,258.97
191000000000000003,192000000000000005,2026-02-19,5748,1767,0.307411,10,49129226,27804,1.7,142.01
191000000000000004,192000000000000006,2026-02-19,11233,3493,0.310959,59,98258453,28130,5.42,599.22
191000000000000001,192000000000000001,2026-02-20,5325,1559,0.29277,13,49256625,31595,0.75,61.67
191000000000000001,192000000000000002,2026-02-20,8028,2160,0.269058,10,58282631,26983,1.25,141.77
191000000000000002,192000000000000003,2026-02-20,2705,796,0.29427,9,35047133,44029,2.49,149.19
191000000000000002,192000000000000004,2026-02-20,2740,912,0.332847,11,26403870,28952,2.17,202.32
191000000000000003,192000000000000005,2026-02-20,6909,1602,0.231871,23,46088253,28769,1.02,101.52
191000000000000004,192000000000000006,2026-02-20,9584,2963,0.309161,57,92176505,31109,4.48,613.58
191000000000000001,192000000000000001,2026-02-21,10984,2675,0.243536,22,48494866,18129,1.59,100.46
191000000000000001,192000000000000002,2026-02-21,8676,1861,0.2145,14,44404017,23860,1.04,44.17
191000000000000002,192000000000000003,2026-02-21,3565,966,0.270968,12,23856022,24696,3.01,323.21
191000000000000002,192000000000000004,2026-02-21,2939,1003,0.341273,13,29229054,29142,2.19,275.1
191000000000000003,192000000000000005,2026-02-21,5086,1513,0.297483,15,39813807,26314,1.07,144.31
191000000000000004,192000000000000006,2026-02-21,5587,1955,0.349919,25,79627614,40730,5.27,688.96
191000000000000001,192000000000000001,2026-02-22,4615,1368,0.296425,12,46229932,33794,0.88,85.78
191000000000000001,192000000000000002,2026-02-22,8491,2498,0.294194,15,49481050,19808,1.51,188.97
191000000000000002,192000000000000003,2026-02-22,3905,1042,0.266837,21,28552658,27402,2.65,255.87
191000000000000002,192000000000000004,2026-02-22,2025,686,0.338765,11,26139332,38104,1.36,129.43
191000000000000003,192000000000000005,2026-02-22,5984,1676,0.28008,16,41018992,24474,1.69,169.08
191000000000000004,192000000000000006,2026-02-22,7157,2391,0.334079,36,82037984,34311,5.79,610.83
191000000000000001,192000000000000001,2026-02-23,4416,1223,0.276947,12,41392739,33845,0.75,103.65
191000000000000001,192000000000000002,2026-02-23,6512,1806,0.277334,12,33833814,18734,0.81,69.7
191000000000000002,192000000000000003,2026-02-23,2719,763,0.280618,16,24140199,31639,1.59,142.83
191000000000000002,192000000000000004,2026-02-23,2086,702,0.336529,7,18846403,26847,1.76,124.5
191000000000000003,192000000000000005,2026-02-23,2977,892,0.299631,5,32239952,36143,0.81,105.99
191000000000000004,192000000000000006,2026-02-23,8984,2294,0.255343,52,64479903,28108,3.96,210.67
191000000000000001,192000000000000001,2026-02-24,4587,1027,0.223894,10,29997695,29209,0.49,21.1
191000000000000001,192000000000000002,2026-02-24,7750,1962,0.253161,18,34412019,17539,1.07,67.95
191000000000000002,192000000000000003,2026-02-24,2570,699,0.271984,13,19681244,28156,1.94,99.1
191000000000000002,192000000000000004,2026-02-24,1629,495,0.303867,8,17124307,34595,1.67,123.65
191000000000000003,192000000000000005,2026-02-24,4412,1385,0.313917,8,27604163,19931,1.29,84.76
191000000000000004,192000000000000006,2026-02-24,4885,1543,0.315865,28,55208326,35780,3.35,332.19
191000000000000001,192000000000000001,2026-02-25,4616,1350,0.292461,7,39905212,29559,0.85,97.04
191000000000000001,192000000000000002,2026-02-25,7177,1937,0.26989,21,40211642,20760,0.7,75.16
191000000000000002,192000000000000003,2026-02-25,2105,595,0.28266,10,21321361,35834,1.94,200.37
191000000000000003,192000000000000005,2026-02-25,4505,1252,0.277913,10,34335794,27425,1.26,59.44
191000000000000004,192000000000000006,2026-02-25,10358,2645,0.255358,49,68671589,25963,4.15,574.13
191000000000000001,192000000000000001,2026-02-26,6267,1339,0.213659,7,43259890,32308,0.65,62.87
191000000000000001,192000000000000002,2026-02-26,6328,1512,0.238938,9,49747620,32902,0.83,56.71
191000000000000002,192000000000000003,2026-02-26,2143,624,0.291181,8,26521617,42503,1.36,128.17
191000000000000002,192000000000000004,2026-02-26,2733,798,0.291987,9,26625532,33365,1.56,113.11
191000000000000003,192000000000000005,2026-02-26,4911,1143,0.232743,8,39860361,34873,0.84,41.7
191000000000000004,192000000000000006,2026-02-26,5892,1692,0.287169,24,79720723,47116,3.61,489.43
191000000000000001,192000000000000001,2026-02-27,9520,2625,0.275735,25,40101535,15277,1.56,80.86
191000000000000001,192000000000000002,2026-02-27,8990,2200,0.244716,26,43381508,19719,1.37,143.73
191000000000000002,192000000000000003,2026-02-27,2798,811,0.28985,9,26356576,32499,2.02,152.73
191000000000000002,192000000000000004,2026-02-27,2043,685,0.335291,7,21348021,31165,2.07,255.05
191000000000000003,192000000000000005,2026-02-27,4360,1167,0.267661,7,35778447,30658,0.85,38.62
191000000000000004,192000000000000006,2026-02-27,5848,1906,0.325923,21,71556894,37543,3.98,387.16
191000000000000001,192000000000000001,2026-02-28,7035,1416,0.201279,14,44141057,31173,0.7,32.43
191000000000000001,192000000000000002,2026-02-28,6838,1779,0.260164,13,44005908,24736,0.66,90.29
191000000000000002,192000000000000003,2026-02-28,3662,1218,0.332605,12,27102288,22251,3.26,297.64
191000000000000002,192000000000000004,2026-02-28,3598,1123,0.312118,22,23267407,20719,2.81,134.98
191000000000000003,192000000000000005,2026-02-28,7075,1822,0.257527,13,37777271,20734,1.24,170.49
191000000000000004,192000000000000006,2026-02-28,8566,2717,0.317184,31,75554542,27808,5.75,494.42
191000000000000001,192000000000000001,2026-03-01,8293,1733,0.208971,10,52393598,30233,0.91,94.8
191000000000000001,192000000000000002,2026-03-01,17935,4575,0.255088,25,68668771,15010,1.71,215.82
191000000000000002,192000000000000003,2026-03-01,5653,1548,0.273837,25,32429632,20949,4.85,407.0
191000000000000002,192000000000000004,2026-03-01,2770,843,0.304332,13,36748864,43593,2.05,236.51
191000000000000003,192000000000000005,2026-03-01,5367,1385,0.258059,19,51883872,37461,0.93,123.25
191000000000000004,192000000000000006,2026-03-01,6951,2218,0.319091,29,103767745,46784,3.76,480.6
191000000000000001,192000000000000001,2026-03-02,6188,1428,0.230769,12,34760460,24342,0.86,35.85
191000000000000001,192000000000000002,2026-03-02,6198,1695,0.273475,10,30876278,18216,1.05,124.99
191000000000000002,192000000000000003,2026-03-02,2387,767,0.321324,9,19451158,25360,2.0,117.5
191000000000000002,192000000000000004,2026-03-02,1709,480,0.280866,8,18055549,37616,1.25,141.74
191000000000000003,192000000000000005,2026-03-02,3629,936,0.257922,11,28130031,30053,0.88,35.24
191000000000000004,192000000000000006,2026-03-02,7426,2011,0.270805,36,56260061,27976,3.54,287.22
191000000000000001,192000000000000001,2026-03-03,9028,2297,0.254431,25,37342131,16257,1.23,52.51
191000000000000001,192000000000000002,2026-03-03,9595,2291,0.23877,19,41409318,18075,1.02,51.64
191000000000000002,192000000000000003,2026-03-03,2712,743,0.273968,9,24996478,33643,1.72,84.05
191000000000000002,192000000000000004,2026-03-03,1620,537,0.331481,6,20004350,37252,1.76,185.84
191000000000000003,192000000000000005,2026-03-03,5311,1623,0.305592,11,33750621,20795,1.55,178.38
191000000000000004,192000000000000006,2026-03-03,6401,1721,0.268864,27,67501242,39222,3.07,350.82
191000000000000001,192000000000000001,2026-03-04,4586,1003,0.218709,10,29519416,29431,0.46,49.94
191000000000000001,192000000000000002,2026-03-04,3533,1045,0.295783,10,27043774,25879,0.47,28.63
191000000000000002,192000000000000003,2026-03-04,1672,446,0.266746,6,16947734,37999,1.36,187.34
191000000000000002,192000000000000004,2026-03-04,1191,407,0.34173,7,15374088,37774,0.84,90.86
191000000000000003,192000000000000005,2026-03-04,2339,708,0.302693,7,24241367,34239,0.78,93.05
191000000000000004,192000000000000006,2026-03-04,4674,1301,0.278348,14,48482734,37266,2.39,257.46
191000000000000001,192000000000000001,2026-03-05,5727,1483,0.258949,9,35779225,24126,0.57,52.84
191000000000000002,192000000000000003,2026-03-05,3018,799,0.264745,14,16611771,20791,1.51,102.42
191000000000000002,192000000000000004,2026-03-05,2022,600,0.296736,9,19252400,32087,1.19,66.21
191000000000000003,192000000000000005,2026-03-05,4029,1023,0.253909,7,26898128,26293,0.99,75.89
191000000000000004,192000000000000006,2026-03-05,6197,1573,0.253832,36,53796256,34200,4.11,402.95
191000000000000001,192000000000000001,2026-03-06,6443,1730,0.268508,14,34952453,20204,0.85,111.57
191000000000000001,192000000000000002,2026-03-06,5156,1082,0.209853,13,34020181,31442,0.69,93.83
191000000000000002,192000000000000003,2026-03-06,2262,612,0.270557,10,20245785,33081,1.79,249.86
191000000000000002,192000000000000004,2026-03-06,1942,510,0.262616,11,19167149,37583,1.38,162.39
191000000000000003,192000000000000005,2026-03-06,2872,848,0.295265,8,29559700,34858,0.7,73.9
191000000000000004,192000000000000006,2026-03-06,4027,1386,0.344177,23,59119401,42655,2.49,238.92
191000000000000001,192000000000000001,2026-03-07,8402,1710,0.203523,17,27529091,16099,0.96,73.43
191000000000000001,192000000000000002,2026-03-07,5401,1295,0.23977,8,32883287,25392,0.68,48.46
191000000000000002,192000000000000003,2026-03-07,1368,472,0.345029,7,19755731,41855,1.41,148.92
191000000000000002,192000000000000004,2026-03-07,1633,481,0.29455,7,14765628,30698,1.57,132.73
191000000000000003,192000000000000005,2026-03-07,3247,969,0.298429,9,25891019,26719,0.8,76.0
191000000000000004,192000000000000006,2026-03-07,5027,1669,0.332007,23,51782038,31026,4.31,393.85
191000000000000001,192000000000000001,2026-03-08,4770,1228,0.257442,11,24792371,20189,0.75,94.7
191000000000000001,192000000000000002,2026-03-08,5517,1114,0.201921,13,22966978,20617,0.72,79.23
191000000000000002,192000000000000003,2026-03-08,1308,404,0.308869,7,15175669,37564,0.93,82.99
191000000000000002,192000000000000004,2026-03-08,1361,421,0.309331,5,12115388,28778,1.25,172.42
191000000000000003,192000000000000005,2026-03-08,2950,899,0.304746,5,20468293,22768,0.72,42.38
191000000000000004,192000000000000006,2026-03-08,3585,901,0.251325,14,40936585,45435,2.03,117.94
191000000000000001,192000000000000001,2026-03-09,7241,1919,0.265019,21,36894733,19226,0.79,69.11
191000000000000001,192000000000000002,2026-03-09,5244,1060,0.202136,13,30397202,28677,0.49,58.68
191000000000000002,192000000000000003,2026-03-09,1461,466,0.31896,7,18154163,38957,1.41,132.69
191000000000000002,192000000000000004,2026-03-09,2168,597,0.275369,8,20298371,34001,1.13,92.08
191000000000000003,192000000000000005,2026-03-09,4921,1494,0.303597,11,28839401,19303,1.55,124.06
191000000000000004,192000000000000006,2026-03-09,6415,1899,0.296025,34,57678802,30373,3.19,228.86
191000000000000001,192000000000000001,2026-03-10,3286,935,0.28454,8,29198232,31228,0.5,43.83
191000000000000002,192000000000000003,2026-03-10,2291,777,0.339153,7,16625048,21396,1.78,135.44
191000000000000002,192000000000000004,2026-03-10,1074,355,0.33054,5,15223969,42884,0.75,82.34
191000000000000003,192000000000000005,2026-03-10,3355,895,0.266766,7,23886762,26689,0.9,68.81
191000000000000004,192000000000000006,2026-03-10,6280,1592,0.253503,25,47773524,30008,3.46,176.1
191000000000000001,192000000000000001,2026-03-11,9279,2338,0.251967,27,37314770,15960,1.45,162.98
191000000000000001,192000000000000002,2026-03-11,5209,1308,0.251104,8,38099233,29128,0.55,28.09
191000000000000002,192000000000000003,2026-03-11,2195,557,0.253759,8,24055902,43188,1.12,56.08
191000000000000002,192000000000000004,2026-03-11,1653,489,0.295826,6,19037814,38932,1.43,160.85
191000000000000003,192000000000000005,2026-03-11,4073,1077,0.264424,6,32320287,30010,1.06,134.33
191000000000000004,192000000000000006,2026-03-11,5800,1568,0.270345,35,64640574,41225,2.88,193.05
191000000000000001,192000000000000001,2026-03-12,6166,1492,0.241972,18,32368582,21695,0.53,56.19
191000000000000001,192000000000000002,2026-03-12,7061,1442,0.20422,18,33108167,22960,0.61,76.07
191000000000000002,192000000000000003,2026-03-12,1235,378,0.306073,7,15940667,42171,0.85,109.2
191000000000000002,192000000000000004,2026-03-12,1475,491,0.332881,7,21474618,43736,1.24,53.02
191000000000000003,192000000000000005,2026-03-12,3485,985,0.28264,7,28061464,28489,0.63,28.35
191000000000000004,192000000000000006,2026-03-12,6649,1933,0.29072,30,56122927,29034,4.8,562.59
191000000000000001,192000000000000001,2026-03-13,7122,1718,0.241224,20,49472378,28796,0.91,98.16
191000000000000001,192000000000000002,2026-03-13,6490,1316,0.202773,13,44845175,34077,0.5,53.17
191000000000000002,192000000000000003,2026-03-13,3449,1193,0.345897,17,30863377,25870,4.02,324.48
191000000000000002,192000000000000004,2026-03-13,3471,1073,0.309133,16,23032368,21465,2.73,343.07
191000000000000003,192000000000000005,2026-03-13,5605,1719,0.30669,17,40421809,23515,1.67,141.9
191000000000000004,192000000000000006,2026-03-13,9358,2730,0.291729,28,80843617,29613,4.55,194.61
191000000000000001,192000000000000001,2026-03-14,3752,985,0.262527,6,33805510,34320,0.37,19.1
191000000000000001,192000000000000002,2026-03-14,7268,1468,0.201981,21,32711354,22283,0.53,56.54
191000000000000002,192000000000000003,2026-03-14,2152,587,0.27277,11,18068707,30781,1.79,202.22
191000000000000002,192000000000000004,2026-03-14,3570,907,0.254062,11,19940930,21986,2.83,303.45
191000000000000003,192000000000000005,2026-03-14,4784,1232,0.257525,15,28507227,23139,1.35,78.63
191000000000000004,192000000000000006,2026-03-14,4728,1250,0.264382,17,57014455,45612,2.7,121.92
191000000000000001,192000000000000001,2026-03-15,3191,831,0.26042,5,22500383,27076,0.41,24.53
191000000000000001,192000000000000002,2026-03-15,2815,721,0.256128,4,21696883,30093,0.39,47.84
191000000000000002,192000000000000003,2026-03-15,1111,325,0.292529,5,14105089,43400,1.03,97.76
191000000000000002,192000000000000004,2026-03-15,1528,448,0.293194,8,11150491,24889,0.85,66.9
191000000000000003,192000000000000005,2026-03-15,3107,940,0.302543,8,18941685,20151,1.02,84.95
191000000000000001,192000000000000001,2026-03-16,5381,1155,0.214644,10,29972741,25950,0.55,59.96
191000000000000001,192000000000000002,2026-03-16,5268,1087,0.20634,8,30793632,28329,0.53,23.63
191000000000000002,192000000000000003,2026-03-16,1680,570,0.339286,7,17349641,30438,1.15,83.51
191000000000000002,192000000000000004,2026-03-16,1836,594,0.323529,9,17374000,29249,1.95,102.12
191000000000000003,192000000000000005,2026-03-16,4589,1302,0.283722,9,26042731,20002,1.46,65.12
191000000000000004,192000000000000006,2026-03-16,3927,1207,0.307359,21,52085463,43153,2.03,84.61
191000000000000001,192000000000000001,2026-03-17,7153,1728,0.241577,10,49965490,28915,1.03,128.79
191000000000000001,192000000000000002,2026-03-17,8081,2158,0.267046,16,49265885,22829,1.0,54.77
191000000000000002,192000000000000003,2026-03-17,3261,1017,0.311868,17,27312334,26856,3.07,225.11
191000000000000002,192000000000000004,2026-03-17,4215,1247,0.295848,15,29391309,23570,4.18,406.25
191000000000000003,192000000000000005,2026-03-17,7737,2232,0.288484,23,42527732,19054,1.45,173.94
191000000000000004,192000000000000006,2026-03-17,6130,1756,0.28646,22,85055465,48437,4.03,242.66
191000000000000001,192000000000000001,2026-03-18,4030,1208,0.299752,7,31675892,26222,0.55,76.65
191000000000000001,192000000000000002,2026-03-18,4485,1316,0.293423,9,39894656,30315,0.78,107.35
191000000000000002,192000000000000003,2026-03-18,1824,632,0.346491,7,19690751,31156,1.8,163.49
191000000000000002,192000000000000004,2026-03-18,3367,920,0.27324,16,21206705,23051,2.49,233.84
191000000000000003,192000000000000005,2026-03-18,5669,1349,0.237961,12,30673092,22738,1.49,162.93
191000000000000004,192000000000000006,2026-03-18,6633,2134,0.321725,24,61346184,28747,5.28,386.65
191000000000000001,192000000000000001,2026-03-19,5211,1288,0.247169,14,39050095,30318,0.48,46.8
191000000000000001,192000000000000002,2026-03-19,7248,1855,0.255933,18,36548015,19702,1.08,143.07
191000000000000002,192000000000000003,2026-03-19,2595,690,0.265896,14,17547710,25431,1.94,142.66
191000000000000002,192000000000000004,2026-03-19,2133,579,0.271449,8,25651210,44303,1.08,103.09
191000000000000003,192000000000000005,2026-03-19,5022,1235,0.245918,12,32399190,26234,1.13,91.38
191000000000000004,192000000000000006,2026-03-19,7555,2179,0.288418,37,64798380,29738,4.92,265.51
191000000000000001,192000000000000001,2026-03-20,3971,1063,0.267691,8,36169410,34026,0.56,59.02
191000000000000001,192000000000000002,2026-03-20,7281,1919,0.263563,21,40976175,21353,0.77,61.77
191000000000000002,192000000000000003,2026-03-20,2832,860,0.303672,17,20842071,24235,1.92,223.94
191000000000000002,192000000000000004,2026-03-20,2183,616,0.28218,12,23241121,37729,1.4,141.51
191000000000000003,192000000000000005,2026-03-20,2865,908,0.316928,6,33062394,36412,0.69,60.04
191000000000000004,192000000000000006,2026-03-20,7472,2546,0.340739,39,66124788,25972,5.96,670.57
191000000000000001,192000000000000001,2026-03-21,9183,2581,0.281063,22,42239860,16366,1.15,138.79
191000000000000001,192000000000000002,2026-03-21,4962,1234,0.24869,10,38095987,30872,0.78,76.02
191000000000000002,192000000000000003,2026-03-21,1961,553,0.281999,8,23935360,43283,1.5,104.14
191000000000000002,192000000000000004,2026-03-21,2124,613,0.288606,12,21970838,35841,1.94,113.74
191000000000000003,192000000000000005,2026-03-21,4118,1291,0.313502,12,34429649,26669,1.44,64.49
191000000000000004,192000000000000006,2026-03-21,5091,1547,0.30387,29,68859297,44512,4.19,427.25
191000000000000001,192000000000000001,2026-03-22,5235,1150,0.219675,14,36034115,31334,0.53,38.84
191000000000000001,192000000000000002,2026-03-22,7738,1969,0.254459,14,50075910,25432,0.72,66.15
191000000000000002,192000000000000003,2026-03-22,2211,719,0.325192,12,23417967,32570,2.06,255.17
191000000000000002,192000000000000004,2026-03-22,3623,925,0.255313,21,25787761,27879,1.93,265.41
191000000000000003,192000000000000005,2026-03-22,6104,1620,0.2654,14,36904296,22780,1.42,97.47
191000000000000004,192000000000000006,2026-03-22,5745,1683,0.29295,34,73808593,43855,4.19,360.1
191000000000000001,192000000000000002,2026-03-23,10265,2066,0.201266,23,55345929,26789,0.83,98.04
191000000000000002,192000000000000003,2026-03-23,3636,913,0.2511,12,30085958,32953,2.28,249.72
191000000000000002,192000000000000004,2026-03-23,2540,845,0.332677,11,31557077,37346,1.77,168.08
191000000000000003,192000000000000005,2026-03-23,8439,2076,0.246001,23,46232276,22270,1.81,212.52
191000000000000004,192000000000000006,2026-03-23,6830,2230,0.326501,41,92464553,41464,5.43,727.28
191000000000000001,192000000000000001,2026-03-24,3520,1031,0.292898,8,33820997,32804,0.38,49.66
191000000000000001,192000000000000002,2026-03-24,5877,1185,0.201633,8,33743707,28476,0.51,60.97
191000000000000002,192000000000000003,2026-03-24,1752,586,0.334475,7,20410946,34831,1.9,125.7
191000000000000002,192000000000000004,2026-03-24,1749,492,0.281304,10,18197456,36987,1.41,179.16
191000000000000003,192000000000000005,2026-03-24,4390,1358,0.309339,14,28956302,21323,1.4,79.26
191000000000000004,192000000000000006,2026-03-24,7080,2190,0.309322,37,57912604,26444,3.4,353.96
191000000000000001,192000000000000001,2026-03-25,7351,1613,0.219426,9,39312321,24372,0.69,82.72
191000000000000001,192000000000000002,2026-03-25,7645,1773,0.231916,12,30658009,17292,0.7,43.74
191000000000000002,192000000000000003,2026-03-25,2291,707,0.308599,14,20402683,28858,2.13,154.6
191000000000000002,192000000000000004,2026-03-25,1782,543,0.304714,10,19580363,36060,1.3,85.62
191000000000000003,192000000000000005,2026-03-25,2973,832,0.279852,6,29987284,36042,0.87,79.44
191000000000000004,192000000000000006,2026-03-25,6759,1694,0.250629,37,59974568,35404,2.65,123.29
191000000000000001,192000000000000001,2026-03-26,7626,2023,0.265277,19,37084647,18332,1.25,117.79
191000000000000001,192000000000000002,2026-03-26,6292,1481,0.235378,19,34968329,23611,0.7,55.53
191000000000000002,192000000000000003,2026-03-26,2156,722,0.334879,11,19973167,27664,1.63,172.67
191000000000000002,192000000000000004,2026-03-26,2955,802,0.271404,12,21199963,26434,2.23,288.61
191000000000000003,192000000000000005,2026-03-26,3050,830,0.272131,9,30879847,37205,0.64,47.64
191000000000000004,192000000000000006,2026-03-26,5056,1265,0.250198,16,61759694,48822,2.16,187.84
191000000000000001,192000000000000001,2026-03-27,5994,1572,0.262262,15,33656919,21410,0.84,57.23
191000000000000001,192000000000000002,2026-03-27,7082,1767,0.249506,10,42589576,24103,1.11,59.8
191000000000000002,192000000000000003,2026-03-27,3424,999,0.291764,16,23370863,23394,2.0,155.9
191000000000000002,192000000000000004,2026-03-27,2755,718,0.260617,12,20198563,28132,1.84,255.52
191000000000000003,192000000000000005,2026-03-27,4661,1352,0.290067,12,32677070,24169,1.16,106.98
191000000000000004,192000000000000006,2026-03-27,5282,1628,0.308217,25,65354139,40144,3.18,249.52
191000000000000001,192000000000000001,2026-03-28,5991,1552,0.259055,13,36964988,23818,0.83,72.94
191000000000000001,192000000000000002,2026-03-28,9509,2770,0.291303,16,43277441,15624,1.31,169.83
191000000000000002,192000000000000003,2026-03-28,4399,1105,0.251193,23,22661627,20508,2.2,287.8
191000000000000002,192000000000000004,2026-03-28,1880,540,0.287234,8,23191189,42947,1.81,100.73
191000000000000003,192000000000000005,2026-03-28,8319,1858,0.223344,22,34389612,18509,1.79,189.2
191000000000000004,192000000000000006,2026-03-28,9101,2609,0.286672,34,68779224,26362,3.9,253.77
191000000000000001,192000000000000001,2026-03-29,3778,1046,0.276866,4,32319497,30898,0.4,36.93
191000000000000001,192000000000000002,2026-03-29,9395,1889,0.201064,15,41173123,21796,1.1,66.95
191000000000000002,192000000000000003,2026-03-29,1641,558,0.340037,7,21472238,38481,1.16,110.99
191000000000000002,192000000000000004,2026-03-29,2221,692,0.311571,12,20523545,29658,1.87,196.79
191000000000000003,192000000000000005,2026-03-29,5129,1479,0.28836,15,31496838,21296,1.21,166.53
191000000000000004,192000000000000006,2026-03-29,5934,1814,0.305696,27,62993675,34726,3.63,152.13
191000000000000001,192000000000000001,2026-03-30,10006,2783,0.278133,22,58049795,20859,1.61,175.52
191000000000000001,192000000000000002,2026-03-30,6936,2067,0.29801,15,61221635,29619,1.16,72.01
191000000000000002,192000000000000003,2026-03-30,3730,1276,0.342091,19,37778535,29607,4.13,358.22
191000000000000002,192000000000000004,2026-03-30,3148,969,0.307814,10,30376568,31348,2.55,313.26
191000000000000003,192000000000000005,2026-03-30,8635,2605,0.301679,29,51116327,19622,2.71,318.93
191000000000000004,192000000000000006,2026-03-30,9600,3262,0.339792,49,102232654,31340,8.87,1222.1
191000000000000001,192000000000000001,2026-03-31,6955,1487,0.213803,11,49866766,33535,0.95,74.12
191000000000000001,192000000000000002,2026-03-31,11368,2972,0.261436,16,55378403,18633,1.05,56.82
191000000000000002,192000000000000003,2026-03-31,4650,1316,0.283011,23,30249278,22986,4.33,297.67
191000000000000002,192000000000000004,2026-03-31,4452,1169,0.262579,21,29890819,25570,2.17,247.11
191000000000000003,192000000000000005,2026-03-31,6340,1489,0.234858,21,45105073,30292,1.56,154.88
191000000000000004,192000000000000006,2026-03-31,8018,2630,0.328012,44,90210145,34300,5.39,499.28
191000000000000001,192000000000000001,2026-04-01,7835,1951,0.249011,22,41214310,21125,0.76,38.9
191000000000000001,192000000000000002,2026-04-01,6768,1708,0.252364,19,51886683,30379,0.91,103.94
191000000000000002,192000000000000003,2026-04-01,3938,1267,0.321737,12,26025774,20541,3.07,285.31
191000000000000002,192000000000000004,2026-04-01,2216,630,0.284296,8,27174793,43135,1.78,81.66
191000000000000003,192000000000000005,2026-04-01,5433,1306,0.240383,11,39900426,30552,0.99,74.23
191000000000000004,192000000000000006,2026-04-01,4806,1614,0.33583,15,79800851,49443,3.45,480.3
191000000000000001,192000000000000001,2026-04-02,5473,1640,0.299653,13,49988948,30481,0.74,81.95
191000000000000001,192000000000000002,2026-04-02,4620,1345,0.291126,9,42484803,31587,0.68,52.75
191000000000000002,192000000000000003,2026-04-02,2430,652,0.268313,13,27695636,42478,1.83,169.74
191000000000000002,192000000000000004,2026-04-02,3265,1135,0.347626,17,25146507,22156,3.09,322.7
191000000000000003,192000000000000005,2026-04-02,3877,1196,0.308486,11,39631608,33137,0.98,107.21
191000000000000004,192000000000000006,2026-04-02,8722,2241,0.256936,50,79263215,35370,3.45,168.54
191000000000000001,192000000000000001,2026-04-03,3780,979,0.258995,6,33824666,34550,0.6,31.97
191000000000000001,192000000000000002,2026-04-03,5163,1177,0.227968,13,40459898,34375,0.7,62.59
191000000000000002,192000000000000003,2026-04-03,1739,535,0.307648,8,20173595,37708,1.2,52.61
191000000000000002,192000000000000004,2026-04-03,2117,681,0.321682,12,22274727,32709,1.88,257.52
191000000000000003,192000000000000005,2026-04-03,3280,1034,0.315244,6,31836241,30789,0.88,56.45
191000000000000004,192000000000000006,2026-04-03,8748,2272,0.259717,51,63672483,28025,4.57,318.25
191000000000000001,192000000000000001,2026-04-04,7073,1785,0.252368,13,59028303,33069,1.03,94.95
191000000000000001,192000000000000002,2026-04-04,9690,2225,0.229618,21,53405211,24002,1.07,73.24
191000000000000002,192000000000000003,2026-04-04,3530,1045,0.296034,11,33824131,32368,2.48,269.38
191000000000000002,192000000000000004,2026-04-04,3983,1385,0.347728,19,30423591,21966,2.63,145.61
191000000000000003,192000000000000005,2026-04-04,5996,1460,0.243496,13,48185791,33004,1.21,66.55
191000000000000001,192000000000000001,2026-04-05,10560,2975,0.281723,17,46261624,15550,1.84,120.98
191000000000000001,192000000000000002,2026-04-05,12642,2901,0.229473,21,44074837,15193,1.4,119.54
191000000000000002,192000000000000003,2026-04-05,2889,847,0.293181,13,26934957,31800,2.69,214.06
191000000000000002,192000000000000004,2026-04-05,3758,1196,0.318254,13,24685878,20640,2.98,155.86
191000000000000003,192000000000000005,2026-04-05,4665,1395,0.299035,15,38715626,27753,1.06,85.38
191000000000000004,192000000000000006,2026-04-05,6480,2188,0.337654,37,77431252,35389,5.62,703.66
191000000000000001,192000000000000001,2026-04-06,5833,1380,0.236585,14,41515357,30084,0.83,72.5
191000000000000001,192000000000000002,2026-04-06,9203,2631,0.285885,24,55887167,21242,1.15,79.65
191000000000000002,192000000000000003,2026-04-06,2612,684,0.261868,13,26866547,39279,2.04,218.48
191000000000000002,192000000000000004,2026-04-06,3402,1039,0.305409,19,28792038,27711,2.8,377.51
191000000000000003,192000000000000005,2026-04-06,4862,1299,0.267174,16,41743939,32135,1.3,162.09
191000000000000004,192000000000000006,2026-04-06,7197,2322,0.322634,25,83487877,35955,3.47,346.29
191000000000000001,192000000000000001,2026-04-07,9295,2076,0.223346,20,46045596,22180,1.24,90.89
191000000000000001,192000000000000002,2026-04-07,4712,1298,0.275467,13,42846481,33010,0.6,34.8
191000000000000002,192000000000000003,2026-04-07,3430,1137,0.331487,14,25304994,22256,2.76,156.69
191000000000000002,192000000000000004,2026-04-07,2387,720,0.301634,7,25490479,35403,2.3,113.68
191000000000000003,192000000000000005,2026-04-07,6050,1760,0.290909,18,38096604,21646,1.37,189.96
191000000000000004,192000000000000006,2026-04-07,7739,2579,0.333247,44,76193209,29544,4.93,688.92
191000000000000001,192000000000000001,2026-04-08,7298,1569,0.21499,12,37225813,23726,0.81,76.25
191000000000000001,192000000000000002,2026-04-08,4332,1199,0.276777,6,41625836,34717,0.59,47.74
191000000000000002,192000000000000003,2026-04-08,1667,573,0.343731,8,22992162,40126,1.09,94.79
191000000000000002,192000000000000004,2026-04-08,2880,1004,0.348611,14,22065923,21978,2.67,354.94
191000000000000003,192000000000000005,2026-04-08,6610,1658,0.250832,15,33793564,20382,1.88,110.36
191000000000000004,192000000000000006,2026-04-08,5339,1556,0.29144,27,67587128,43436,4.12,344.95
191000000000000001,192000000000000001,2026-04-09,4955,1297,0.261756,6,37457956,28880,0.83,93.98
191000000000000001,192000000000000002,2026-04-09,5234,1293,0.247039,7,36152690,27960,0.59,38.7
191000000000000002,192000000000000003,2026-04-09,2618,896,0.342246,12,21013363,23452,2.08,93.49
191000000000000002,192000000000000004,2026-04-09,2588,830,0.320711,9,21049863,25361,2.29,142.12
191000000000000003,192000000000000005,2026-04-09,5117,1437,0.280829,13,31547420,21954,1.22,97.71
191000000000000004,192000000000000006,2026-04-09,8613,2254,0.261697,27,63094840,27992,3.77,290.65
191000000000000001,192000000000000001,2026-04-10,6154,1466,0.238219,7,49638083,33860,0.85,110.02
191000000000000001,192000000000000002,2026-04-10,10713,2793,0.260711,14,42582963,15246,1.56,199.05
191000000000000002,192000000000000003,2026-04-10,3550,1195,0.33662,20,26731162,22369,3.09,417.61
191000000000000002,192000000000000004,2026-04-10,2522,636,0.252181,8,25966578,40828,2.03,129.9
191000000000000003,192000000000000005,2026-04-10,3525,1102,0.312624,10,39523305,35865,1.2,151.79
191000000000000004,192000000000000006,2026-04-10,7180,2183,0.304039,25,79046611,36210,5.91,716.68
191000000000000001,192000000000000001,2026-04-11,7648,1893,0.247516,17,45337218,23950,0.71,69.41
191000000000000001,192000000000000002,2026-04-11,9053,2335,0.257926,13,50620386,21679,0.83,37.06
191000000000000002,192000000000000003,2026-04-11,2637,768,0.29124,13,29098658,37889,1.69,180.45
191000000000000002,192000000000000004,2026-04-11,2478,737,0.297417,14,25734259,34918,1.87,128.19
191000000000000003,192000000000000005,2026-04-11,7264,2006,0.276156,21,41124688,20501,1.87,178.04
191000000000000004,192000000000000006,2026-04-11,9652,2678,0.277455,48,82249375,30713,4.25,311.75
191000000000000001,192000000000000001,2026-04-12,11095,2633,0.237314,12,40908885,15537,0.96,64.45
191000000000000001,192000000000000002,2026-04-12,11105,2689,0.242143,30,41633409,15483,1.36,136.78
191000000000000002,192000000000000003,2026-04-12,2463,794,0.322371,8,26762491,33706,1.8,227.58
191000000000000002,192000000000000004,2026-04-12,1747,512,0.293074,6,20404534,39853,1.52,175.32
191000000000000003,192000000000000005,2026-04-12,5686,1310,0.23039,12,35375269,27004,1.14,150.56
191000000000000004,192000000000000006,2026-04-12,6296,2166,0.344028,34,70750538,32664,4.45,325.82
191000000000000001,192000000000000001,2026-04-13,5550,1123,0.202342,15,36267444,32295,0.53,37.39
191000000000000001,192000000000000002,2026-04-13,3875,1088,0.280774,8,30413510,27954,0.45,39.22
191000000000000002,192000000000000003,2026-04-13,2729,730,0.267497,10,15641086,21426,2.01,258.42
191000000000000002,192000000000000004,2026-04-13,2204,725,0.328947,11,22462316,30983,1.86,79.44
191000000000000003,192000000000000005,2026-04-13,2425,758,0.312577,6,28577552,37701,0.67,82.33
191000000000000004,192000000000000006,2026-04-13,4234,1190,0.281058,18,57155103,48029,3.04,340.33
191000000000000001,192000000000000001,2026-04-14,4445,946,0.212823,5,31010633,32781,0.44,32.19
191000000000000001,192000000000000002,2026-04-14,6114,1333,0.218024,12,37200896,27908,0.86,76.52
191000000000000002,192000000000000003,2026-04-14,2165,580,0.267898,8,21380711,36863,1.63,158.88
191000000000000002,192000000000000004,2026-04-14,1295,399,0.308108,6,17597305,44104,0.77,54.71
191000000000000003,192000000000000005,2026-04-14,4046,953,0.235541,7,29233512,30675,0.82,48.4
191000000000000004,192000000000000006,2026-04-14,5695,1575,0.276558,20,58467025,37122,4.26,314.05
191000000000000001,192000000000000001,2026-04-15,4997,1456,0.291375,6,33196841,22800,0.57,68.24
191000000000000001,192000000000000002,2026-04-15,5403,1466,0.271331,11,34993820,23870,0.75,58.14
191000000000000002,192000000000000003,2026-04-15,2549,679,0.266379,10,22039155,32458,1.42,165.04
191000000000000002,192000000000000004,2026-04-15,2409,719,0.298464,8,16926937,23542,1.93,234.02
191000000000000003,192000000000000005,2026-04-15,4421,1010,0.228455,11,29224569,28935,0.92,127.53
191000000000000004,192000000000000006,2026-04-15,4515,1225,0.271318,17,58449138,47714,2.65,328.92
191000000000000001,192000000000000001,2026-04-16,5904,1241,0.210196,8,30169456,24311,0.67,78.85
191000000000000001,192000000000000002,2026-04-16,5509,1159,0.210383,14,38854957,33525,0.5,35.18
191000000000000002,192000000000000003,2026-04-16,2045,603,0.294866,11,21080871,34960,1.4,91.06
191000000000000002,192000000000000004,2026-04-16,2702,756,0.279793,14,18361651,24288,2.51,198.21
191000000000000003,192000000000000005,2026-04-16,4093,1108,0.270706,7,29581891,26698,1.06,80.62
191000000000000004,192000000000000006,2026-04-16,5336,1377,0.258058,19,59163782,42966,3.27,368.73
191000000000000001,192000000000000001,2026-04-17,7045,1639,0.232647,9,36160357,22062,0.83,70.73
191000000000000001,192000000000000002,2026-04-17,6371,1632,0.256161,16,37888982,23216,0.9,38.78
191000000000000002,192000000000000003,2026-04-17,1807,518,0.286663,6,22624160,43676,0.98,80.01
191000000000000002,192000000000000004,2026-04-17,2281,740,0.324419,7,19689748,26608,1.77,77.82
191000000000000003,192000000000000005,2026-04-17,5350,1511,0.28243,18,31735431,21003,1.39,70.95
191000000000000004,192000000000000006,2026-04-17,4612,1499,0.325022,26,63470862,42342,3.95,345.58
191000000000000001,192000000000000001,2026-04-18,5519,1238,0.224316,8,39446246,31863,0.53,50.08
191000000000000001,192000000000000002,2026-04-18,9982,2819,0.282408,25,42714731,15152,1.04,53.61
191000000000000002,192000000000000003,2026-04-18,1974,607,0.307497,9,22238997,36638,1.67,68.61
191000000000000002,192000000000000004,2026-04-18,2649,839,0.316723,13,24710133,29452,2.29,258.88
191000000000000003,192000000000000005,2026-04-18,7129,1720,0.241268,17,35211847,20472,1.4,153.17
191000000000000004,192000000000000006,2026-04-18,8776,2394,0.272789,27,70423694,29417,3.77,330.5
191000000000000001,192000000000000001,2026-04-19,5865,1564,0.266667,7,29095066,18603,0.75,80.0
191000000000000001,192000000000000002,2026-04-19,5174,1314,0.253962,15,23326561,17752,0.64,25.78
191000000000000002,192000000000000003,2026-04-19,2278,630,0.276558,8,14699153,23332,1.98,180.84
191000000000000002,192000000000000004,2026-04-19,1060,349,0.329245,5,15256063,43714,0.72,50.45
191000000000000003,192000000000000005,2026-04-19,4043,993,0.24561,10,22466412,22625,0.86,94.78
191000000000000004,192000000000000006,2026-04-19,3553,1151,0.323952,20,44932824,39038,2.76,203.14
191000000000000001,192000000000000001,2026-04-20,3531,1026,0.290569,7,28724667,27997,0.59,36.75
191000000000000001,192000000000000002,2026-04-20,3614,950,0.262867,6,26636860,28039,0.55,45.41
191000000000000002,192000000000000003,2026-04-20,1500,501,0.334,5,16763482,33460,1.12,90.14
191000000000000002,192000000000000004,2026-04-20,1628,429,0.263514,8,14871677,34666,1.11,57.21
191000000000000003,192000000000000005,2026-04-20,3674,1020,0.277627,9,23726369,23261,1.02,98.51
191000000000000004,192000000000000006,2026-04-20,3360,1097,0.326488,12,47452738,43257,2.99,169.95
191000000000000001,192000000000000001,2026-04-21,5867,1558,0.265553,6,24973568,16029,0.96,121.13
191000000000000001,192000000000000002,2026-04-21,8438,1863,0.220787,19,34859324,18711,0.91,72.95
191000000000000002,192000000000000003,2026-04-21,2030,648,0.319212,9,18187329,28067,2.17,202.58
191000000000000002,192000000000000004,2026-04-21,1890,507,0.268254,10,16002895,31564,1.45,67.54
191000000000000003,192000000000000005,2026-04-21,2958,920,0.311021,7,25642668,27872,0.64,53.75
191000000000000004,192000000000000006,2026-04-21,3941,1093,0.277341,12,51285336,46922,2.09,110.87
191000000000000001,192000000000000001,2026-04-22,3451,833,0.241379,10,25956848,31161,0.37,39.07
191000000000000001,192000000000000002,2026-04-22,3891,897,0.230532,5,27531123,30692,0.48,44.03
191000000000000002,192000000000000003,2026-04-22,1481,381,0.257259,7,14080484,36957,1.14,144.9
191000000000000002,192000000000000004,2026-04-22,1567,404,0.257817,7,16484071,40802,1.35,113.64
191000000000000003,192000000000000005,2026-04-22,3378,877,0.259621,7,22923416,26138,0.94,73.62
191000000000000001,192000000000000001,2026-04-23,4224,1164,0.275568,10,24912623,21403,0.46,48.23
191000000000000001,192000000000000002,2026-04-23,4673,1020,0.218275,13,26432841,25915,0.5,35.23
191000000000000002,192000000000000003,2026-04-23,1006,337,0.33499,5,14448533,42874,0.87,51.11
191000000000000002,192000000000000004,2026-04-23,2037,556,0.27295,7,14891732,26784,1.4,151.84
191000000000000003,192000000000000005,2026-04-23,3210,845,0.26324,7,22005199,26042,0.55,53.36
191000000000000004,192000000000000006,2026-04-23,3571,1020,0.285634,18,44010398,43147,2.31,96.21
191000000000000001,192000000000000001,2026-04-24,3984,961,0.241215,5,28048756,29187,0.42,45.92
191000000000000001,192000000000000002,2026-04-24,3117,876,0.281039,5,29322859,33474,0.32,35.68
191000000000000002,192000000000000003,2026-04-24,1161,399,0.343669,7,17113411,42891,0.81,97.01
191000000000000002,192000000000000004,2026-04-24,1699,557,0.32784,9,15670369,28134,1.1,60.28
191000000000000003,192000000000000005,2026-04-24,3146,706,0.224412,8,24587835,34827,0.51,59.26
191000000000000004,192000000000000006,2026-04-24,6167,1636,0.265283,35,49175670,30058,3.48,456.89
191000000000000001,192000000000000001,2026-04-25,5059,1149,0.22712,6,17960470,15631,0.5,48.78
191000000000000001,192000000000000002,2026-04-25,3001,788,0.262579,8,21097264,26773,0.41,28.03
191000000000000002,192000000000000003,2026-04-25,1178,375,0.318336,6,10536032,28096,0.93,90.56
191000000000000002,192000000000000004,2026-04-25,1082,274,0.253235,3,11782673,43002,0.68,91.4
191000000000000003,192000000000000005,2026-04-25,2034,545,0.267945,4,16739029,30714,0.63,48.72
191000000000000004,192000000000000006,2026-04-25,4139,1100,0.265765,19,33478058,30435,2.95,326.51
191000000000000001,192000000000000001,2026-04-26,6354,1773,0.279037,9,36841863,20779,0.81,74.59
191000000000000001,192000000000000002,2026-04-26,4630,1290,0.278618,7,43211121,33497,0.52,52.73
191000000000000002,192000000000000003,2026-04-26,3226,973,0.301612,19,20778391,21355,3.1,292.03
191000000000000002,192000000000000004,2026-04-26,2163,601,0.277855,10,24966172,41541,1.34,62.62
191000000000000003,192000000000000005,2026-04-26,4212,1169,0.27754,14,34308422,29349,0.75,101.08
191000000000000004,192000000000000006,2026-04-26,5065,1450,0.286278,30,68616844,47322,2.61,353.37
191000000000000001,192000000000000001,2026-04-27,6808,1537,0.225764,15,28915867,18813,0.99,120.0
191000000000000001,192000000000000002,2026-04-27,7843,1654,0.210889,13,27953469,16901,0.92,84.16
191000000000000002,192000000000000003,2026-04-27,2255,583,0.258537,13,15384213,26388,1.44,121.81
191000000000000002,192000000000000004,2026-04-27,1891,544,0.287678,8,17112550,31457,1.35,73.08
191000000000000003,192000000000000005,2026-04-27,2661,658,0.247275,7,24372573,37040,0.44,36.66
191000000000000004,192000000000000006,2026-04-27,4486,1260,0.280874,23,48745145,38687,3.13,431.39
191000000000000001,192000000000000001,2026-04-28,2307,686,0.297356,5,23497784,34253,0.36,47.48
191000000000000001,192000000000000002,2026-04-28,4327,1202,0.277791,8,26862516,22348,0.63,49.84
191000000000000002,192000000000000003,2026-04-28,2598,703,0.270593,10,14848819,21122,2.16,288.7
191000000000000002,192000000000000004,2026-04-28,1219,372,0.305168,5,13928495,37442,1.23,75.42
191000000000000003,192000000000000005,2026-04-28,2599,681,0.262024,8,21582986,31693,0.64,34.03
191000000000000004,192000000000000006,2026-04-28,3954,1236,0.312595,23,43165971,34924,3.08,367.0
191000000000000001,192000000000000001,2026-04-29,5080,1114,0.219291,5,25936377,23282,0.4,36.86
191000000000000001,192000000000000002,2026-04-29,4101,1187,0.289442,8,26518289,22341,0.57,43.77
191000000000000002,192000000000000003,2026-04-29,1333,402,0.301575,6,16336957,40639,0.83,58.84
191000000000000002,192000000000000004,2026-04-29,1484,460,0.309973,6,13637138,29646,1.0,102.57
191000000000000003,192000000000000005,2026-04-29,3160,878,0.277848,11,22480571,25604,0.92,49.48
191000000000000004,192000000000000006,2026-04-29,2796,931,0.332976,14,44961143,48293,1.99,84.85
191000000000000001,192000000000000001,2026-04-30,8560,1713,0.200117,9,26620473,15540,0.81,96.01
191000000000000001,192000000000000002,2026-04-30,7010,1515,0.21612,12,33769995,22290,0.59,73.44
191000000000000002,192000000000000003,2026-04-30,2442,837,0.342752,14,17187074,20534,1.8,160.44
191000000000000002,192000000000000004,2026-04-30,2249,611,0.271676,10,17321765,28350,1.92,218.61
191000000000000003,192000000000000005,2026-04-30,2830,702,0.248057,5,25881629,36868,0.61,45.75
191000000000000004,192000000000000006,2026-04-30,4263,1189,0.278912,21,51763258,43535,1.83,127.05
191000000000000001,192000000000000001,2026-05-01,4860,1154,0.237449,7,34352669,29768,0.44,57.69
191000000000000001,192000000000000002,2026-05-01,5915,1338,0.226205,17,29687639,22188,0.55,23.08
191000000000000002,192000000000000003,2026-05-01,2018,640,0.317146,7,21550733,33673,1.51,162.22
191000000000000002,192000000000000004,2026-05-01,1366,365,0.267204,5,15043728,41216,0.77,75.12
191000000000000003,192000000000000005,2026-05-01,4720,1459,0.30911,15,27445846,18811,1.11,48.22
191000000000000001,192000000000000001,2026-05-02,3199,665,0.207877,6,23214750,34909,0.35,16.23
191000000000000001,192000000000000002,2026-05-02,4759,1052,0.221055,10,24971299,23737,0.64,48.68
191000000000000002,192000000000000003,2026-05-02,1825,569,0.311781,9,13629392,23953,1.9,112.27
191000000000000002,192000000000000004,2026-05-02,1362,440,0.323054,7,13905493,31603,1.28,138.09
191000000000000003,192000000000000005,2026-05-02,2712,607,0.22382,5,20651164,34022,0.41,42.4
191000000000000004,192000000000000006,2026-05-02,4187,1079,0.257702,17,41302328,38278,2.74,256.96
191000000000000001,192000000000000001,2026-05-03,3611,916,0.253669,8,29220442,31900,0.55,44.4
191000000000000001,192000000000000002,2026-05-03,3224,707,0.219293,9,24315666,34393,0.34,33.57
191000000000000002,192000000000000003,2026-05-03,1574,531,0.337357,6,17429607,32824,1.62,137.61
191000000000000002,192000000000000004,2026-05-03,1524,482,0.316273,6,13162454,27308,1.01,82.34
191000000000000003,192000000000000005,2026-05-03,3071,700,0.227939,8,22944046,32777,0.77,101.29
191000000000000001,192000000000000001,2026-05-04,7837,1655,0.211178,17,33175734,20046,0.79,38.7
191000000000000001,192000000000000002,2026-05-04,5617,1464,0.260637,12,38719259,26448,0.68,56.69
191000000000000002,192000000000000003,2026-05-04,1962,588,0.299694,6,18947340,32223,1.62,77.36
191000000000000002,192000000000000004,2026-05-04,1902,582,0.305994,7,22135512,38034,1.54,76.25
191000000000000003,192000000000000005,2026-05-04,2735,816,0.298355,5,30812140,37760,0.56,76.8
191000000000000004,192000000000000006,2026-05-04,4707,1437,0.30529,18,61624279,42884,2.15,146.77
191000000000000001,192000000000000001,2026-05-05,4377,1047,0.239205,13,25358349,24220,0.57,43.75
191000000000000001,192000000000000002,2026-05-05,5862,1459,0.248891,17,26391373,18089,0.68,53.71
191000000000000002,192000000000000003,2026-05-05,1535,528,0.343974,8,15817321,29957,1.55,83.35
191000000000000002,192000000000000004,2026-05-05,1769,498,0.281515,6,13753949,27618,1.22,142.79
191000000000000003,192000000000000005,2026-05-05,2999,830,0.276759,10,22178453,26721,0.8,63.57
191000000000000004,192000000000000006,2026-05-05,4639,1370,0.295322,23,44356905,32377,2.53,142.64
191000000000000001,192000000000000001,2026-05-06,3653,1084,0.296742,5,34275014,31619,0.69,55.56
191000000000000001,192000000000000002,2026-05-06,3558,983,0.276279,4,32629980,33194,0.58,49.9
191000000000000002,192000000000000003,2026-05-06,2646,760,0.287226,15,17836886,23470,1.88,83.63
191000000000000002,192000000000000004,2026-05-06,1498,524,0.3498,8,20394540,38921,1.71,186.72
191000000000000003,192000000000000005,2026-05-06,3657,917,0.250752,13,28673569,31269,0.63,78.35
191000000000000004,192000000000000006,2026-05-06,5148,1379,0.267871,20,57347138,41586,3.46,319.79
191000000000000001,192000000000000001,2026-05-07,5876,1257,0.213921,15,27530246,21902,0.52,54.38
191000000000000001,192000000000000002,2026-05-07,6916,1397,0.201995,20,27577658,19741,0.63,74.06
191000000000000002,192000000000000003,2026-05-07,1102,334,0.303085,4,13627201,40800,0.72,31.43
191000000000000002,192000000000000004,2026-05-07,1619,440,0.271773,8,17863030,40598,1.0,80.8
191000000000000003,192000000000000005,2026-05-07,4811,1136,0.236126,14,23617673,20790,1.2,139.19
191000000000000004,192000000000000006,2026-05-07,5288,1777,0.336044,28,47235346,26582,3.44,288.43
191000000000000001,192000000000000001,2026-05-08,4120,1107,0.268689,6,24921466,22513,0.46,19.6
191000000000000001,192000000000000002,2026-05-08,5900,1342,0.227458,9,25545812,19036,0.51,63.27
191000000000000002,192000000000000003,2026-05-08,1856,496,0.267241,10,11903688,23999,1.42,177.7
191000000000000002,192000000000000004,2026-05-08,1355,474,0.349815,5,16934757,35727,1.56,131.56
191000000000000003,192000000000000005,2026-05-08,3129,702,0.224353,9,21628833,30810,0.7,28.64
191000000000000004,192000000000000006,2026-05-08,3739,1156,0.309174,12,43257667,37420,2.66,338.38
191000000000000001,192000000000000001,2026-05-09,5241,1261,0.240603,14,31830286,25242,0.69,75.44
191000000000000001,192000000000000002,2026-05-09,4955,1036,0.209082,5,27899036,26930,0.5,58.75
191000000000000002,192000000000000003,2026-05-09,2287,725,0.317009,7,17903287,24694,1.61,82.14
191000000000000002,192000000000000004,2026-05-09,2203,759,0.34453,7,16227755,21380,1.76,80.15
191000000000000003,192000000000000005,2026-05-09,4220,1285,0.304502,11,25598281,19921,1.04,95.26
191000000000000004,192000000000000006,2026-05-09,3433,1171,0.341101,11,51196562,43720,2.32,317.6
191000000000000001,192000000000000001,2026-05-10,4171,983,0.235675,5,32624544,33189,0.35,37.07
191000000000000001,192000000000000002,2026-05-10,5679,1307,0.230146,9,43515149,33294,0.76,90.27
191000000000000002,192000000000000003,2026-05-10,1896,487,0.256857,7,20364571,41816,1.12,126.64
191000000000000002,192000000000000004,2026-05-10,4074,1030,0.252823,16,23143825,22470,2.7,298.92
191000000000000003,192000000000000005,2026-05-10,4094,1292,0.315584,11,32631297,25256,0.85,83.89
191000000000000004,192000000000000006,2026-05-10,5059,1499,0.296304,27,65262594,43537,2.9,366.57
191000000000000001,192000000000000001,2026-05-11,5812,1248,0.214728,14,25987814,20824,0.59,49.85
191000000000000001,192000000000000002,2026-05-11,9183,1993,0.217031,17,31488186,15799,1.13,140.65
191000000000000002,192000000000000003,2026-05-11,1917,498,0.259781,6,16372207,32876,1.58,84.68
191000000000000002,192000000000000004,2026-05-11,1424,458,0.321629,7,16471221,35963,1.53,113.0
191000000000000003,192000000000000005,2026-05-11,2581,751,0.290972,5,24632571,32800,0.86,76.27
191000000000000004,192000000000000006,2026-05-11,5117,1708,0.333789,27,49265143,28844,3.29,362.25
191000000000000001,192000000000000001,2026-05-12,3126,907,0.290147,5,26218097,28906,0.5,32.86
191000000000000001,192000000000000002,2026-05-12,5959,1287,0.215976,16,24442305,18992,0.56,63.97
191000000000000002,192000000000000003,2026-05-12,1352,358,0.264793,8,14142780,39505,0.69,74.67
191000000000000002,192000000000000004,2026-05-12,1411,361,0.255847,5,14806021,41014,1.03,56.0
191000000000000003,192000000000000005,2026-05-12,2777,628,0.226143,6,21711601,34573,0.44,37.52
191000000000000004,192000000000000006,2026-05-12,4815,1279,0.265628,17,43423201,33951,2.84,131.13
191000000000000001,192000000000000001,2026-05-13,4757,1216,0.255623,7,33141062,27254,0.53,39.5
191000000000000001,192000000000000002,2026-05-13,3949,1101,0.278805,7,32894745,29877,0.53,63.99
191000000000000002,192000000000000003,2026-05-13,1575,438,0.278095,9,19365147,44213,1.33,162.39
191000000000000002,192000000000000004,2026-05-13,1407,408,0.289979,7,18369600,45024,1.13,132.39
191000000000000003,192000000000000005,2026-05-13,3618,1039,0.287175,8,28301060,27239,1.17,122.46
191000000000000004,192000000000000006,2026-05-13,5452,1797,0.329604,32,56602120,31498,3.96,215.53
191000000000000001,192000000000000001,2026-05-14,4414,992,0.224739,13,32474040,32736,0.62,65.91
191000000000000001,192000000000000002,2026-05-14,5056,1465,0.289755,7,25532576,17428,0.65,86.79
191000000000000002,192000000000000003,2026-05-14,2151,630,0.292887,9,18761209,29780,1.28,63.41
191000000000000002,192000000000000004,2026-05-14,1046,323,0.308795,6,14385429,44537,1.05,69.24
191000000000000003,192000000000000005,2026-05-14,3203,981,0.306275,5,24859978,25341,0.87,69.47
191000000000000004,192000000000000006,2026-05-14,4002,1347,0.336582,19,49719957,36912,2.38,257.69
191000000000000001,192000000000000001,2026-05-15,5235,1418,0.270869,14,35661313,25149,0.72,38.38
191000000000000001,192000000000000002,2026-05-15,4614,1029,0.223017,12,26660258,25909,0.57,52.16
191000000000000002,192000000000000003,2026-05-15,1989,616,0.309703,11,18028757,29267,1.9,92.11
191000000000000002,192000000000000004,2026-05-15,1917,534,0.27856,10,17583569,32928,1.7,88.26
191000000000000003,192000000000000005,2026-05-15,2594,815,0.314187,7,26709245,32772,0.59,55.19
191000000000000001,192000000000000001,2026-05-16,4188,921,0.219914,7,25335411,27509,0.41,55.9
191000000000000001,192000000000000002,2026-05-16,4797,1198,0.249739,9,26836092,22401,0.71,69.61
191000000000000002,192000000000000003,2026-05-16,1184,360,0.304054,5,14059307,39054,1.18,101.77
191000000000000002,192000000000000004,2026-05-16,1537,423,0.275211,8,15752980,37241,0.82,113.38
191000000000000003,192000000000000005,2026-05-16,2487,690,0.277443,7,22359215,32405,0.51,64.3
191000000000000004,192000000000000006,2026-05-16,3956,1329,0.335945,16,44718431,33648,1.96,205.24
191000000000000001,192000000000000001,2026-05-17,6329,1887,0.298151,6,32106189,17014,0.68,73.92
191000000000000001,192000000000000002,2026-05-17,6682,1873,0.280305,9,33871260,18084,1.02,121.3
191000000000000002,192000000000000003,2026-05-17,2540,889,0.35,11,20092977,22602,2.58,160.85
191000000000000002,192000000000000004,2026-05-17,2018,645,0.319623,12,17608422,27300,1.19,79.57
191000000000000003,192000000000000005,2026-05-17,4865,1182,0.24296,11,28276049,23922,1.03,69.78
191000000000000004,192000000000000006,2026-05-17,5806,1976,0.340338,30,56552099,28619,4.25,329.11
191000000000000001,192000000000000001,2026-05-18,4545,955,0.210121,13,23760002,24880,0.42,49.69
191000000000000001,192000000000000002,2026-05-18,3807,911,0.239296,10,28239970,30999,0.41,35.78
191000000000000002,192000000000000003,2026-05-18,1659,452,0.272453,7,14964105,33106,1.28,163.05
191000000000000002,192000000000000004,2026-05-18,1252,391,0.3123,4,14750165,37724,0.84,73.6
191000000000000003,192000000000000005,2026-05-18,3822,1034,0.270539,9,22285702,21553,0.95,115.7
191000000000000004,192000000000000006,2026-05-18,3272,975,0.297983,12,44571405,45714,1.84,122.37
191000000000000001,192000000000000001,2026-05-19,4367,1235,0.282803,13,34417808,27869,0.73,96.61
191000000000000001,192000000000000002,2026-05-19,5873,1642,0.279585,8,33962892,20684,0.72,63.77
191000000000000002,192000000000000003,2026-05-19,1643,554,0.337188,9,19914410,35947,1.27,143.21
191000000000000002,192000000000000004,2026-05-19,2849,871,0.305721,13,19160276,21998,1.84,164.78
191000000000000003,192000000000000005,2026-05-19,4428,1122,0.253388,8,29306015,26119,0.9,118.56
191000000000000004,192000000000000006,2026-05-19,3923,1271,0.323987,23,58612029,46115,2.19,169.34
191000000000000001,192000000000000001,2026-05-20,4306,1015,0.235718,7,33020119,32532,0.44,23.57
191000000000000001,192000000000000002,2026-05-20,4205,1218,0.289655,6,28385364,23305,0.46,38.13
191000000000000002,192000000000000003,2026-05-20,1487,455,0.305985,6,17654872,38802,1.42,150.15
191000000000000002,192000000000000004,2026-05-20,1473,476,0.32315,4,17433976,36626,1.54,213.85
191000000000000003,192000000000000005,2026-05-20,2293,730,0.31836,6,26316636,36050,0.75,74.27
191000000000000004,192000000000000006,2026-05-20,4161,1251,0.300649,13,52633271,42073,3.2,446.32
191000000000000001,192000000000000001,2026-05-21,4331,965,0.222812,12,27033107,28014,0.61,64.64
191000000000000001,192000000000000002,2026-05-21,4249,1003,0.236056,10,26391125,26312,0.42,42.38
191000000000000002,192000000000000003,2026-05-21,1235,350,0.283401,6,14089977,40257,1.14,154.77
191000000000000002,192000000000000004,2026-05-21,2110,535,0.253555,7,16438155,30726,1.68,229.58
191000000000000003,192000000000000005,2026-05-21,4494,1270,0.282599,12,22896099,18028,1.11,78.39
191000000000000004,192000000000000006,2026-05-21,3131,1057,0.337592,13,45792198,43323,2.24,104.89
191000000000000001,192000000000000001,2026-05-22,6539,1398,0.213794,17,30836354,22057,0.66,63.15
191000000000000001,192000000000000002,2026-05-22,4645,1236,0.266093,9,32603462,26378,0.57,38.62
191000000000000002,192000000000000003,2026-05-22,1767,480,0.271647,8,16700869,34793,1.38,109.6
191000000000000002,192000000000000004,2026-05-22,2580,712,0.275969,14,19550454,27459,1.67,201.62
191000000000000003,192000000000000005,2026-05-22,5229,1456,0.278447,15,27188492,18673,1.62,128.76
191000000000000004,192000000000000006,2026-05-22,6609,1853,0.280375,37,54376985,29345,3.23,360.09
191000000000000001,192000000000000001,2026-05-23,6231,1251,0.20077,16,35695424,28534,0.69,30.03
191000000000000001,192000000000000002,2026-05-23,4579,1235,0.26971,13,29911397,24220,0.7,87.54
191000000000000002,192000000000000003,2026-05-23,1819,504,0.277075,8,19897872,39480,1.64,200.24
191000000000000002,192000000000000004,2026-05-23,1812,481,0.265453,10,17591740,36573,1.5,64.6
191000000000000003,192000000000000005,2026-05-23,4334,1075,0.248039,15,28117209,26156,1.21,115.0
191000000000000004,192000000000000006,2026-05-23,3948,1252,0.317123,14,56234418,44916,2.23,292.98
191000000000000001,192000000000000001,2026-05-24,4686,1151,0.245625,5,29433010,25572,0.56,33.32
191000000000000001,192000000000000002,2026-05-24,4714,1310,0.277896,7,33492974,25567,0.82,49.33
191000000000000002,192000000000000003,2026-05-24,1753,496,0.282944,6,16502454,33271,1.04,101.24
191000000000000002,192000000000000004,2026-05-24,2267,631,0.278341,13,19455251,30832,1.78,129.7
191000000000000003,192000000000000005,2026-05-24,2711,815,0.300627,9,26968279,33090,0.65,73.96
191000000000000004,192000000000000006,2026-05-24,5718,1687,0.295033,19,53936558,31972,2.98,252.65
191000000000000001,192000000000000001,2026-05-25,7191,2100,0.292032,18,34785517,16565,1.14,60.93
191000000000000001,192000000000000002,2026-05-25,5423,1222,0.225337,10,41761202,34174,0.67,61.13
191000000000000002,192000000000000003,2026-05-25,3176,929,0.292506,15,19165537,20630,1.8,193.39
191000000000000002,192000000000000004,2026-05-25,2865,759,0.264921,13,24575446,32379,1.66,88.49
191000000000000003,192000000000000005,2026-05-25,4007,1039,0.259296,11,32805737,31574,1.05,93.91
191000000000000004,192000000000000006,2026-05-25,8755,2222,0.253798,29,65611473,29528,5.61,769.27
191000000000000001,192000000000000001,2026-05-26,11135,2454,0.220386,26,41325520,16840,1.17,99.5
191000000000000001,192000000000000002,2026-05-26,6007,1566,0.260696,16,29947330,19123,0.6,72.91
191000000000000002,192000000000000003,2026-05-26,1690,478,0.28284,7,21355658,44677,1.13,101.13
191000000000000002,192000000000000004,2026-05-26,1722,534,0.310105,10,19371685,36277,1.38,111.73
191000000000000003,192000000000000005,2026-05-26,3022,853,0.282263,7,30545507,35810,0.67,83.74
191000000000000004,192000000000000006,2026-05-26,8884,2301,0.259005,39,61091015,26550,3.75,282.1
191000000000000001,192000000000000001,2026-05-27,5081,1237,0.243456,9,39141076,31642,0.57,76.54
191000000000000001,192000000000000002,2026-05-27,6331,1301,0.205497,12,35537219,27315,0.63,48.49
191000000000000002,192000000000000003,2026-05-27,2421,771,0.318463,8,20971327,27200,2.38,227.65
191000000000000002,192000000000000004,2026-05-27,1989,696,0.349925,8,21701984,31181,1.5,196.64
191000000000000003,192000000000000005,2026-05-27,5046,1557,0.308561,12,32004984,20556,1.63,100.06
191000000000000004,192000000000000006,2026-05-27,4733,1457,0.307839,27,64009967,43933,3.41,136.66
191000000000000001,192000000000000001,2026-05-28,4370,1171,0.267963,10,36492808,31164,0.73,41.54
191000000000000001,192000000000000002,2026-05-28,9603,2307,0.240237,19,40289964,17464,1.5,168.91
191000000000000002,192000000000000003,2026-05-28,2279,645,0.283019,7,23669267,36697,2.18,198.47
191000000000000002,192000000000000004,2026-05-28,2582,673,0.260651,11,20206603,30025,2.02,136.22
191000000000000003,192000000000000005,2026-05-28,3996,1215,0.304054,11,32906902,27084,1.19,132.18
191000000000000004,192000000000000006,2026-05-28,4521,1370,0.30303,18,65813804,48039,3.71,334.82
191000000000000001,192000000000000001,2026-05-29,6757,1916,0.283558,15,32903295,17173,1.04,67.21
191000000000000001,192000000000000002,2026-05-29,5813,1621,0.278858,17,29532164,18218,0.58,29.59
191000000000000002,192000000000000003,2026-05-29,2526,742,0.293745,12,20132910,27133,1.43,138.13
191000000000000002,192000000000000004,2026-05-29,1896,491,0.258966,8,15544496,31659,1.28,108.57
191000000000000003,192000000000000005,2026-05-29,4281,954,0.222845,9,26758054,28048,0.85,80.63
191000000000000004,192000000000000006,2026-05-29,6271,1608,0.256418,29,53516108,33281,4.16,458.57
191000000000000001,192000000000000001,2026-05-30,4131,894,0.216412,10,27767637,31060,0.45,43.04
191000000000000001,192000000000000002,2026-05-30,5512,1247,0.226234,14,33871491,27162,0.47,26.87
191000000000000002,192000000000000003,2026-05-30,2099,557,0.265364,9,17653210,31693,1.23,139.27
191000000000000002,192000000000000004,2026-05-30,2333,698,0.299186,14,17569149,25171,1.95,111.86
191000000000000003,192000000000000005,2026-05-30,3149,725,0.230232,8,26416769,36437,0.48,58.7
191000000000000004,192000000000000006,2026-05-30,6901,2016,0.292132,40,52833539,26207,4.29,559.65
191000000000000001,192000000000000001,2026-05-31,8085,2353,0.291033,17,40766371,17325,1.02,46.78
191000000000000001,192000000000000002,2026-05-31,4742,1134,0.23914,7,36314490,32023,0.57,34.47
191000000000000002,192000000000000003,2026-05-31,1682,530,0.315101,5,18007649,33977,1.18,158.11
191000000000000002,192000000000000004,2026-05-31,2656,781,0.294051,13,26038557,33340,2.27,164.5
191000000000000003,192000000000000005,2026-05-31,5279,1169,0.221443,13,33034655,28259,0.91,61.16
191000000000000004,192000000000000006,2026-05-31,5704,1438,0.252104,29,66069309,45945,3.26,318.01
191000000000000001,192000000000000001,2026-06-01,4665,1039,0.222722,6,27037558,26023,0.38,25.63
191000000000000001,192000000000000002,2026-06-01,6825,1434,0.21011,20,29884948,20840,0.71,50.67
191000000000000002,192000000000000003,2026-06-01,1380,481,0.348551,5,16010041,33285,1.29,146.68
191000000000000002,192000000000000004,2026-06-01,1226,374,0.305057,4,16517105,44163,0.93,57.92
191000000000000003,192000000000000005,2026-06-01,2875,845,0.293913,5,24395360,28870,0.69,28.13
191000000000000004,192000000000000006,2026-06-01,4114,1246,0.302868,15,48790719,39158,3.33,204.3
191000000000000001,192000000000000001,2026-06-02,7739,1708,0.2207,20,31851831,18649,0.75,50.45
191000000000000001,192000000000000002,2026-06-02,5508,1259,0.228577,9,36601741,29072,0.45,31.43
191000000000000002,192000000000000003,2026-06-02,2471,783,0.316876,9,19660017,25109,2.16,255.37
191000000000000002,192000000000000004,2026-06-02,1749,611,0.349342,6,19456310,31843,1.94,271.08
191000000000000003,192000000000000005,2026-06-02,4763,1403,0.294562,10,29337245,20910,1.37,102.46
191000000000000004,192000000000000006,2026-06-02,7047,2179,0.30921,35,58674490,26927,3.38,342.16
191000000000000001,192000000000000001,2026-06-03,5578,1331,0.238616,7,35097898,26370,0.84,96.88
191000000000000001,192000000000000002,2026-06-03,9566,2290,0.23939,15,34630880,15123,1.05,94.94
191000000000000002,192000000000000003,2026-06-03,1396,472,0.338109,5,18110370,38369,1.4,166.77
191000000000000002,192000000000000004,2026-06-03,2098,694,0.330791,8,21734646,31318,2.02,198.3
191000000000000003,192000000000000005,2026-06-03,3146,893,0.283853,8,29883762,33464,0.59,69.81
191000000000000001,192000000000000001,2026-06-04,3520,936,0.265909,6,20626897,22037,0.34,23.59
191000000000000001,192000000000000002,2026-06-04,4800,1179,0.245625,12,25515831,21642,0.48,52.09
191000000000000002,192000000000000003,2026-06-04,888,288,0.324324,5,12038780,41801,0.93,130.18
191000000000000002,192000000000000004,2026-06-04,1638,439,0.26801,9,14328493,32639,1.37,130.94
191000000000000003,192000000000000005,2026-06-04,2722,779,0.286187,8,19775455,25386,0.65,58.45
191000000000000004,192000000000000006,2026-06-04,3399,1147,0.337452,17,39550910,34482,2.17,272.38
191000000000000001,192000000000000001,2026-06-05,7140,1742,0.243978,20,34149223,19603,0.85,104.97
191000000000000001,192000000000000002,2026-06-05,3872,821,0.212035,12,28568410,34797,0.33,37.75
191000000000000002,192000000000000003,2026-06-05,2169,631,0.290917,9,17713257,28072,1.38,170.29
191000000000000002,192000000000000004,2026-06-05,2264,707,0.312279,8,18125391,25637,1.84,91.37
191000000000000003,192000000000000005,2026-06-05,2894,823,0.284381,9,26878986,32660,0.93,65.22
191000000000000001,192000000000000001,2026-06-06,5267,1072,0.203531,11,30953223,28874,0.55,72.56
191000000000000001,192000000000000002,2026-06-06,2720,786,0.288971,7,26323295,33490,0.47,44.1
191000000000000002,192000000000000003,2026-06-06,2041,654,0.320431,12,13710477,20964,1.55,179.92
191000000000000002,192000000000000004,2026-06-06,1892,531,0.280655,11,19018961,35817,1.77,78.02
191000000000000003,192000000000000005,2026-06-06,5480,1331,0.242883,9,24547079,18443,1.16,135.04
191000000000000004,192000000000000006,2026-06-06,5660,1929,0.340813,19,49094158,25451,3.24,161.34
191000000000000001,192000000000000001,2026-06-07,7935,1809,0.227977,14,33877244,18727,0.91,46.53
191000000000000001,192000000000000002,2026-06-07,6113,1466,0.239817,17,29136654,19875,0.68,93.97
191000000000000002,192000000000000003,2026-06-07,2684,852,0.317437,11,19121738,22443,1.64,89.04
191000000000000002,192000000000000004,2026-06-07,2278,688,0.302019,12,16886203,24544,1.74,136.97
191000000000000003,192000000000000005,2026-06-07,3480,999,0.287069,9,27005956,27033,1.06,113.55
191000000000000004,192000000000000006,2026-06-07,7246,2014,0.277946,33,54011913,26818,4.17,442.61
191000000000000001,192000000000000001,2026-06-08,3102,788,0.25403,9,20420599,25914,0.5,26.09
191000000000000001,192000000000000002,2026-06-08,2351,695,0.295619,2,24156655,34758,0.34,39.93
191000000000000002,192000000000000003,2026-06-08,1395,392,0.281004,5,12981520,33116,0.86,82.66
191000000000000002,192000000000000004,2026-06-08,1119,315,0.281501,7,12491196,39655,1.06,42.51
191000000000000003,192000000000000005,2026-06-08,2222,636,0.286229,6,19104537,30039,0.65,58.0
191000000000000004,192000000000000006,2026-06-08,3067,891,0.290512,16,38209074,42883,1.39,144.77
191000000000000001,192000000000000001,2026-06-09,6146,1608,0.261634,18,41810732,26002,0.68,55.37
191000000000000001,192000000000000002,2026-06-09,3883,1076,0.277105,9,28827040,26791,0.48,64.21
191000000000000002,192000000000000003,2026-06-09,1885,591,0.313528,11,21960081,37157,1.97,107.25
191000000000000002,192000000000000004,2026-06-09,1988,525,0.264085,10,18404360,35056,1.01,82.46
191000000000000003,192000000000000005,2026-06-09,3819,929,0.243257,7,30273331,32587,0.68,89.63
191000000000000004,192000000000000006,2026-06-09,4973,1322,0.265836,29,60546661,45799,2.66,109.91
191000000000000001,192000000000000001,2026-06-10,7557,1541,0.203917,13,36402498,23623,0.95,108.84
191000000000000001,192000000000000002,2026-06-10,8411,1701,0.202235,23,34192744,20102,0.61,64.26
191000000000000002,192000000000000003,2026-06-10,2418,756,0.312655,13,20908420,27657,1.6,120.92
191000000000000002,192000000000000004,2026-06-10,2214,631,0.285005,10,19431718,30795,1.69,107.87
191000000000000003,192000000000000005,2026-06-10,3418,801,0.234348,6,30255104,37772,0.57,57.01
191000000000000004,192000000000000006,2026-06-10,6936,2013,0.290225,21,60510207,30060,4.63,412.21
191000000000000001,192000000000000001,2026-06-11,7393,1799,0.243338,11,42021365,23358,1.08,112.64
191000000000000001,192000000000000002,2026-06-11,10655,2328,0.218489,11,49256855,21158,1.0,119.61
191000000000000002,192000000000000003,2026-06-11,2401,772,0.321533,11,24322381,31506,1.51,121.2
191000000000000002,192000000000000004,2026-06-11,3614,928,0.256779,19,27836602,29996,1.81,216.26
191000000000000003,192000000000000005,2026-06-11,4661,1482,0.317958,16,39119237,26396,0.94,38.48
191000000000000004,192000000000000006,2026-06-11,6988,2266,0.32427,33,78238474,34527,5.35,511.4
191000000000000001,192000000000000001,2026-06-12,4214,1153,0.273612,5,30267378,26251,0.47,30.27
191000000000000001,192000000000000002,2026-06-12,4184,937,0.223948,6,29734174,31733,0.44,39.65
191000000000000002,192000000000000003,2026-06-12,2419,762,0.315006,13,19040394,24987,1.67,72.87
191000000000000002,192000000000000004,2026-06-12,1357,454,0.334562,5,15246208,33582,1.36,129.47
191000000000000003,192000000000000005,2026-06-12,2684,694,0.258569,9,25714951,37053,0.6,78.45
191000000000000004,192000000000000006,2026-06-12,4059,1301,0.320522,15,51429902,39531,3.06,296.41
191000000000000001,192000000000000001,2026-06-13,6822,1724,0.252712,16,32164180,18657,0.8,32.22
191000000000000001,192000000000000002,2026-06-13,6386,1299,0.203414,15,33452276,25752,0.83,64.88
191000000000000002,192000000000000003,2026-06-13,1783,500,0.280426,6,16832308,33665,1.67,154.81
191000000000000002,192000000000000004,2026-06-13,2571,662,0.257487,13,20662810,31213,2.08,216.25
191000000000000003,192000000000000005,2026-06-13,2803,779,0.277917,5,28121338,36099,0.84,92.5
191000000000000004,192000000000000006,2026-06-13,6490,1845,0.284284,26,56242677,30484,3.65,497.02
191000000000000001,192000000000000001,2026-06-14,6704,1868,0.27864,12,35737413,19131,0.83,110.78
191000000000000001,192000000000000002,2026-06-14,5104,1045,0.204741,8,32977924,31558,0.55,59.74
191000000000000002,192000000000000003,2026-06-14,1970,623,0.316244,10,19150136,30739,1.96,229.09
191000000000000002,192000000000000004,2026-06-14,2773,721,0.260007,12,20115770,27900,2.05,101.72
191000000000000003,192000000000000005,2026-06-14,4350,1208,0.277701,13,29449430,24379,1.13,76.02
191000000000000004,192000000000000006,2026-06-14,6575,1805,0.274525,37,58898860,32631,4.69,392.13
191000000000000001,192000000000000001,2026-06-15,10117,2343,0.23159,28,41553748,17735,1.01,104.62
191000000000000001,192000000000000002,2026-06-15,3661,980,0.267686,8,32769211,33438,0.39,36.21
191000000000000002,192000000000000003,2026-06-15,3497,1042,0.29797,20,23638054,22685,2.08,157.19
191000000000000002,192000000000000004,2026-06-15,1715,478,0.278717,5,18832207,39398,1.51,168.25
191000000000000003,192000000000000005,2026-06-15,6308,1635,0.259195,18,31852696,19482,1.43,66.98
191000000000000004,192000000000000006,2026-06-15,6953,2266,0.325902,27,63705393,28114,6.16,812.89
191000000000000001,192000000000000001,2026-06-16,4697,1214,0.258463,5,30035644,24741,0.79,31.99
191000000000000001,192000000000000002,2026-06-16,6125,1248,0.203755,13,40045783,32088,0.66,66.97
191000000000000002,192000000000000003,2026-06-16,1855,552,0.297574,9,22924287,41530,1.56,216.92
191000000000000002,192000000000000004,2026-06-16,2309,581,0.251624,7,17122243,29470,1.12,95.05
191000000000000003,192000000000000005,2026-06-16,4510,1282,0.284257,15,30034897,23428,0.99,44.4
191000000000000004,192000000000000006,2026-06-16,4043,1228,0.303735,19,60069795,48917,2.67,354.51
191000000000000001,192000000000000001,2026-06-17,4057,1037,0.255608,9,35077725,33826,0.62,33.54
191000000000000001,192000000000000002,2026-06-17,4880,1102,0.22582,12,35116642,31866,0.48,40.44
191000000000000002,192000000000000003,2026-06-17,2764,807,0.291968,10,17413454,21578,1.57,212.22
191000000000000002,192000000000000004,2026-06-17,2866,891,0.310886,15,22697613,25474,2.67,122.63
191000000000000003,192000000000000005,2026-06-17,4246,1257,0.296043,12,30083300,23933,1.26,122.74
191000000000000004,192000000000000006,2026-06-17,5162,1786,0.34599,23,60166601,33688,3.67,495.12
191000000000000001,192000000000000001,2026-06-18,4459,986,0.221126,10,24387715,24734,0.62,42.21
191000000000000001,192000000000000002,2026-06-18,3013,796,0.264189,4,19188827,24107,0.48,27.88
191000000000000002,192000000000000003,2026-06-18,915,277,0.302732,4,11805357,42619,0.68,34.71
191000000000000002,192000000000000004,2026-06-18,1021,308,0.301665,5,13095524,42518,0.78,36.89
191000000000000003,192000000000000005,2026-06-18,2378,607,0.255257,6,18675661,30767,0.67,59.41
191000000000000004,192000000000000006,2026-06-18,2872,932,0.324513,15,37351322,40077,2.02,166.04
191000000000000001,192000000000000001,2026-06-19,9674,2684,0.277445,24,49312064,18373,1.12,115.86
191000000000000001,192000000000000002,2026-06-19,8102,2314,0.285608,14,42228999,18249,1.45,77.94
191000000000000002,192000000000000003,2026-06-19,4503,1147,0.254719,20,29908766,26076,3.47,388.06
191000000000000002,192000000000000004,2026-06-19,3372,999,0.296263,14,22400414,22423,2.74,296.71
191000000000000003,192000000000000005,2026-06-19,5917,1336,0.22579,18,39231884,29365,1.44,175.25
191000000000000004,192000000000000006,2026-06-19,7685,2523,0.328302,29,78463769,31099,4.71,549.81
191000000000000001,192000000000000001,2026-06-20,6606,1927,0.291705,11,38689399,20078,0.97,98.17
191000000000000001,192000000000000002,2026-06-20,8533,1920,0.225009,22,33031284,17204,1.12,62.73
191000000000000002,192000000000000003,2026-06-20,1410,415,0.294326,5,18048688,43491,1.26,161.34
191000000000000002,192000000000000004,2026-06-20,1807,599,0.331489,11,22934559,38288,1.86,135.29
191000000000000003,192000000000000005,2026-06-20,5786,1610,0.278258,9,30737436,19092,1.32,120.68
191000000000000004,192000000000000006,2026-06-20,4641,1272,0.274079,26,61474871,48329,2.2,272.74
191000000000000001,192000000000000001,2026-06-21,4294,1146,0.266884,7,26734787,23329,0.61,34.28
191000000000000001,192000000000000002,2026-06-21,6040,1224,0.202649,9,26373906,21547,0.79,61.97
191000000000000002,192000000000000003,2026-06-21,1418,363,0.255994,5,14931395,41133,0.95,55.98
191000000000000002,192000000000000004,2026-06-21,1273,411,0.322859,7,15416429,37510,0.88,103.75
191000000000000003,192000000000000005,2026-06-21,3433,985,0.286921,11,22760868,23107,0.65,59.44
191000000000000001,192000000000000001,2026-06-22,5028,1503,0.298926,10,26097674,17364,0.97,47.02
191000000000000001,192000000000000002,2026-06-22,7766,1691,0.217744,16,36111452,21355,1.01,138.0
191000000000000002,192000000000000003,2026-06-22,1461,502,0.3436,7,15936905,31747,0.93,49.38
191000000000000002,192000000000000004,2026-06-22,1546,514,0.332471,8,19611167,38154,1.55,81.93
191000000000000003,192000000000000005,2026-06-22,4609,1412,0.306357,12,26661054,18882,1.11,47.58
191000000000000004,192000000000000006,2026-06-22,3847,1204,0.312971,21,53322108,44287,2.28,248.21
191000000000000001,192000000000000001,2026-06-23,3619,1084,0.29953,6,35223548,32494,0.61,34.76
191000000000000001,192000000000000002,2026-06-23,5414,1101,0.203362,7,35658193,32387,0.56,38.64
191000000000000002,192000000000000003,2026-06-23,1596,520,0.325815,8,20333034,39102,1.25,138.26
191000000000000002,192000000000000004,2026-06-23,1357,475,0.350037,5,20170818,42465,1.39,160.82
191000000000000003,192000000000000005,2026-06-23,2893,863,0.298306,5,30377889,35200,0.66,61.86
191000000000000004,192000000000000006,2026-06-23,6919,2125,0.307125,28,60755778,28591,4.19,288.47
191000000000000001,192000000000000002,2026-06-24,4927,1230,0.249645,10,27310569,22204,0.58,28.44
191000000000000002,192000000000000003,2026-06-24,1360,455,0.334559,4,16652612,36599,1.23,96.35
191000000000000002,192000000000000004,2026-06-24,2037,555,0.272459,9,17253711,31088,1.5,104.14
191000000000000003,192000000000000005,2026-06-24,3021,819,0.271102,8,25429742,31050,0.61,47.19
191000000000000004,192000000000000006,2026-06-24,3511,1113,0.317004,18,50859483,45696,1.89,95.88
191000000000000001,192000000000000001,2026-06-25,6594,1710,0.259327,17,33195504,19413,1.01,70.25
191000000000000001,192000000000000002,2026-06-25,5261,1436,0.272952,10,35532473,24744,0.77,71.06
191000000000000002,192000000000000003,2026-06-25,3150,929,0.294921,12,19274578,20748,1.9,168.1
191000000000000002,192000000000000004,2026-06-25,2664,720,0.27027,15,19998552,27776,1.35,188.22
191000000000000003,192000000000000005,2026-06-25,5246,1230,0.234464,8,29454848,23947,1.12,83.16
191000000000000004,192000000000000006,2026-06-25,6405,1772,0.276659,26,58909695,33245,3.29,227.17
191000000000000001,192000000000000001,2026-06-26,4078,1015,0.248897,6,35466649,34943,0.57,55.51
191000000000000001,192000000000000002,2026-06-26,5221,1081,0.207048,13,34936780,32319,0.6,61.59
191000000000000002,192000000000000003,2026-06-26,2182,548,0.251146,9,21301967,38872,1.27,158.86
191000000000000002,192000000000000004,2026-06-26,1980,624,0.315152,11,18928564,30334,1.15,77.33
191000000000000003,192000000000000005,2026-06-26,6327,1489,0.235341,21,30172898,20264,1.62,207.37
191000000000000004,192000000000000006,2026-06-26,4695,1445,0.307774,19,60345796,41762,3.7,462.98
191000000000000001,192000000000000001,2026-06-27,2752,773,0.280887,6,22143049,28646,0.43,45.22
191000000000000002,192000000000000003,2026-06-27,1117,325,0.290958,6,13678998,42089,0.92,79.05
191000000000000003,192000000000000005,2026-06-27,1875,517,0.275733,6,19159841,37060,0.58,51.13
191000000000000004,192000000000000006,2026-06-27,3902,1275,0.326756,19,38319683,30055,2.49,242.27
191000000000000001,192000000000000001,2026-06-28,6359,1548,0.243435,8,33952141,21933,0.87,59.16
191000000000000001,192000000000000002,2026-06-28,7692,2142,0.278471,10,37035696,17290,0.96,71.19
191000000000000002,192000000000000003,2026-06-28,1717,511,0.297612,8,18126605,35473,1.38,172.35
191000000000000002,192000000000000004,2026-06-28,2214,634,0.28636,7,22437873,35391,1.41,110.7
191000000000000003,192000000000000005,2026-06-28,3834,1203,0.313772,13,30423359,25290,1.23,143.2
191000000000000004,192000000000000006,2026-06-28,4308,1325,0.307567,23,60846718,45922,2.48,120.68
191000000000000001,192000000000000001,2026-06-29,6532,1879,0.287661,7,33751577,17963,0.66,52.65
191000000000000001,192000000000000002,2026-06-29,2996,734,0.244993,8,24602526,33518,0.47,30.12
191000000000000002,192000000000000003,2026-06-29,2496,703,0.281651,11,15618072,22216,2.35,303.47
191000000000000002,192000000000000004,2026-06-29,1664,441,0.265024,8,17727130,40198,1.35,173.37
191000000000000003,192000000000000005,2026-06-29,2788,788,0.28264,9,25008902,31737,0.72,99.41
191000000000000004,192000000000000006,2026-06-29,4584,1527,0.333115,16,50017803,32756,3.78,447.07
191000000000000001,192000000000000001,2026-06-30,8969,1811,0.201918,24,32616587,18010,0.68,45.53
191000000000000001,192000000000000002,2026-06-30,5809,1301,0.223963,10,22961379,17649,0.49,22.28
191000000000000002,192000000000000003,2026-06-30,1578,483,0.306084,8,17065834,35333,1.12,58.68
191000000000000002,192000000000000004,2026-06-30,1487,375,0.252186,7,14693003,39181,0.82,91.93
191000000000000003,192000000000000005,2026-06-30,3594,1104,0.307179,6,23819128,21575,0.94,117.45
191000000000000004,192000000000000006,2026-06-30,4084,1319,0.322968,16,47638256,36117,3.43,146.66
191000000000000001,192000000000000001,2026-07-01,2926,841,0.287423,6,24590957,29240,0.32,31.18
191000000000000001,192000000000000002,2026-07-01,3904,994,0.254611,11,29150970,29327,0.49,47.19
191000000000000002,192000000000000003,2026-07-01,1126,389,0.345471,5,16040355,41235,1.12,124.25
191000000000000002,192000000000000004,2026-07-01,1337,416,0.311144,8,14669317,35263,0.83,68.81
191000000000000003,192000000000000005,2026-07-01,4527,1153,0.254694,8,23032254,19976,1.15,89.64
191000000000000004,192000000000000006,2026-07-01,3453,1176,0.340573,11,46064508,39170,2.74,358.78
191000000000000001,192000000000000001,2026-07-02,4753,1297,0.27288,9,29323739,22609,0.6,27.61
191000000000000001,192000000000000002,2026-07-02,3686,902,0.24471,9,24929332,27638,0.43,29.68
191000000000000002,192000000000000003,2026-07-02,2292,666,0.290576,7,16097225,24170,1.61,179.96
191000000000000002,192000000000000004,2026-07-02,2089,704,0.337003,9,14904530,21171,1.97,151.04
191000000000000003,192000000000000005,2026-07-02,3003,752,0.250416,6,23251316,30919,0.71,54.51
191000000000000004,192000000000000006,2026-07-02,4149,1432,0.345143,18,46502632,32474,3.86,504.51
191000000000000001,192000000000000001,2026-07-03,3435,895,0.260553,8,26777343,29919,0.42,52.31
191000000000000001,192000000000000002,2026-07-03,5649,1405,0.248717,7,21644345,15405,0.52,22.2
191000000000000002,192000000000000003,2026-07-03,2679,678,0.25308,12,13911994,20519,1.56,106.58
191000000000000002,192000000000000004,2026-07-03,1193,313,0.262364,5,13757543,43954,0.95,118.34
191000000000000003,192000000000000005,2026-07-03,3924,1034,0.263507,12,20752152,20070,1.2,83.73
191000000000000004,192000000000000006,2026-07-03,3087,1037,0.335925,17,41504304,40023,2.36,148.45
191000000000000001,192000000000000001,2026-07-04,4379,1102,0.251656,6,28295118,25676,0.59,63.28
191000000000000001,192000000000000002,2026-07-04,6722,1542,0.229396,12,30016386,19466,0.58,34.48
191000000000000002,192000000000000003,2026-07-04,1597,428,0.268003,9,16164233,37767,1.23,73.0
191000000000000002,192000000000000004,2026-07-04,1286,420,0.326594,5,17156626,40849,1.41,189.76
191000000000000003,192000000000000005,2026-07-04,2604,721,0.276882,6,24990644,34661,0.76,84.25
191000000000000004,192000000000000006,2026-07-04,3713,1043,0.280905,14,49981289,47921,2.26,99.43
191000000000000001,192000000000000001,2026-07-05,3362,896,0.266508,7,28659001,31985,0.33,40.17
191000000000000001,192000000000000002,2026-07-05,5209,1431,0.274717,12,36315241,25378,0.65,27.29
191000000000000002,192000000000000003,2026-07-05,2123,537,0.252944,12,18188298,33870,1.14,143.25
191000000000000002,192000000000000004,2026-07-05,2088,626,0.299808,10,18939840,30255,1.16,57.6
191000000000000003,192000000000000005,2026-07-05,5004,1432,0.286171,8,27846104,19446,1.43,85.27
191000000000000004,192000000000000006,2026-07-05,6161,2101,0.341016,21,55692207,26507,5.73,497.14
191000000000000001,192000000000000001,2026-07-06,6759,1992,0.294718,15,30800843,15462,1.0,139.68
191000000000000002,192000000000000003,2026-07-06,1571,535,0.340547,7,16068360,30034,1.39,186.36
191000000000000002,192000000000000004,2026-07-06,1104,361,0.326993,5,15746565,43619,0.89,53.95
191000000000000003,192000000000000005,2026-07-06,3518,910,0.25867,8,23861193,26221,1.0,80.74
191000000000000004,192000000000000006,2026-07-06,4017,1262,0.314165,18,47722386,37815,2.68,373.65
191000000000000001,192000000000000001,2026-07-07,4174,873,0.209152,4,27281377,31250,0.56,30.81
191000000000000001,192000000000000002,2026-07-07,2373,696,0.2933,2,24138010,34681,0.34,36.87
191000000000000002,192000000000000003,2026-07-07,1135,335,0.295154,4,14698322,43876,0.86,87.2
191000000000000002,192000000000000004,2026-07-07,1425,432,0.303158,6,14684185,33991,1.34,103.96
191000000000000003,192000000000000005,2026-07-07,3124,871,0.278809,7,22036880,25301,0.98,77.76
191000000000000004,192000000000000006,2026-07-07,4018,1282,0.319064,21,44073760,34379,2.31,207.01
191000000000000001,192000000000000001,2026-07-08,4173,914,0.219027,6,24399476,26695,0.42,42.33
191000000000000001,192000000000000002,2026-07-08,6169,1460,0.236667,11,23433297,16050,0.81,42.48
191000000000000002,192000000000000003,2026-07-08,1593,472,0.296296,6,13277747,28131,0.95,51.47
191000000000000002,192000000000000004,2026-07-08,1012,325,0.321146,3,14055266,43247,0.59,42.13
191000000000000003,192000000000000005,2026-07-08,2438,578,0.23708,4,20499760,35467,0.59,25.96
191000000000000004,192000000000000006,2026-07-08,2829,871,0.307883,10,40999520,47072,2.34,272.17
191000000000000001,192000000000000001,2026-07-09,2184,545,0.249542,4,17830125,32716,0.33,23.84
191000000000000001,192000000000000002,2026-07-09,2958,882,0.298174,6,24680113,27982,0.37,20.89
191000000000000002,192000000000000003,2026-07-09,1222,325,0.265957,4,11742946,36132,0.77,102.92
191000000000000002,192000000000000004,2026-07-09,1104,368,0.333333,6,12548619,34100,0.96,90.07
191000000000000003,192000000000000005,2026-07-09,1649,526,0.318981,5,18218674,34636,0.45,60.77
191000000000000004,192000000000000006,2026-07-09,4139,1260,0.304421,17,36437347,28919,2.91,264.45
191000000000000001,192000000000000001,2026-07-10,3031,873,0.288024,4,26581951,30449,0.54,44.44
191000000000000001,192000000000000002,2026-07-10,3539,1011,0.285674,10,24718157,24449,0.39,51.33
191000000000000002,192000000000000003,2026-07-10,1497,385,0.257181,6,13534136,35154,1.01,86.98
191000000000000002,192000000000000004,2026-07-10,1474,455,0.308684,5,15780212,34682,1.4,97.91
191000000000000003,192000000000000005,2026-07-10,2539,729,0.287121,5,21985761,30159,0.71,74.24
191000000000000004,192000000000000006,2026-07-10,4826,1457,0.301906,15,43971522,30179,2.41,113.33
191000000000000001,192000000000000002,2026-07-11,2985,728,0.243886,7,18391890,25264,0.32,31.17
191000000000000002,192000000000000003,2026-07-11,1225,368,0.300408,4,11317976,30755,0.99,91.39
191000000000000002,192000000000000004,2026-07-11,1397,416,0.297781,7,9469123,22762,1.39,158.9
191000000000000003,192000000000000005,2026-07-11,1984,583,0.293851,7,15590324,26742,0.57,23.44
191000000000000004,192000000000000006,2026-07-11,3438,1044,0.303665,17,31180647,29867,2.38,305.76
191000000000000001,192000000000000002,2026-07-12,6786,1589,0.234159,15,29748620,18722,0.93,125.81
191000000000000002,192000000000000003,2026-07-12,1945,514,0.264267,8,18004738,35029,1.17,134.0
191000000000000002,192000000000000004,2026-07-12,1670,582,0.348503,6,12440268,21375,1.34,176.96
191000000000000003,192000000000000005,2026-07-12,2420,634,0.261983,7,22833755,36015,0.57,55.96
191000000000000004,192000000000000006,2026-07-12,3703,1058,0.285714,12,45667509,43164,2.56,293.93
191000000000000001,192000000000000001,2026-07-13,5921,1439,0.243033,13,25627205,17809,0.81,50.91
191000000000000001,192000000000000002,2026-07-13,2383,657,0.275703,6,22604085,34405,0.28,25.23
191000000000000002,192000000000000003,2026-07-13,1403,355,0.253029,8,13411138,37778,0.73,52.88
191000000000000002,192000000000000004,2026-07-13,2713,704,0.259491,15,14149599,20099,1.83,226.19
191000000000000003,192000000000000005,2026-07-13,3007,742,0.246758,9,20670553,27858,0.69,75.23
191000000000000004,192000000000000006,2026-07-13,2997,947,0.315983,11,41341106,43655,1.51,182.55
191000000000000001,192000000000000001,2026-07-14,3627,995,0.274331,7,32879859,33045,0.63,52.4
191000000000000001,192000000000000002,2026-07-14,5595,1137,0.203217,11,32638548,28706,0.69,66.53
191000000000000002,192000000000000003,2026-07-14,1505,444,0.295017,5,18876422,42514,1.18,127.8
191000000000000002,192000000000000004,2026-07-14,1430,463,0.323776,6,18562668,40092,1.18,99.99
191000000000000003,192000000000000005,2026-07-14,3175,810,0.255118,8,28079317,34666,0.94,41.93
191000000000000004,192000000000000006,2026-07-14,4950,1311,0.264848,26,56158635,42836,2.78,314.59
191000000000000001,192000000000000001,2026-07-15,4134,918,0.222061,12,28176091,30693,0.4,54.61
191000000000000001,192000000000000002,2026-07-15,3906,1076,0.275474,7,32948052,30621,0.66,59.19
191000000000000002,192000000000000003,2026-07-15,1492,460,0.308311,7,16921419,36786,0.86,37.99
191000000000000002,192000000000000004,2026-07-15,2334,783,0.335476,8,18006662,22997,1.57,78.98
191000000000000003,192000000000000005,2026-07-15,2758,717,0.259971,6,26196061,36536,0.58,49.26
191000000000000004,192000000000000006,2026-07-15,6924,1965,0.283795,26,52392123,26663,4.77,374.28
191000000000000001,192000000000000001,2026-07-16,6429,1751,0.27236,12,33331407,19036,0.96,119.26
191000000000000001,192000000000000002,2026-07-16,3809,1022,0.268312,8,30820732,30157,0.38,26.19
191000000000000002,192000000000000003,2026-07-16,2323,811,0.349118,9,20284337,25012,1.72,80.06
191000000000000002,192000000000000004,2026-07-16,1963,620,0.315843,7,16374029,26410,1.81,104.69
191000000000000003,192000000000000005,2026-07-16,2572,734,0.285381,7,27493774,37457,0.49,44.21
191000000000000004,192000000000000006,2026-07-16,7187,2065,0.287324,32,54987548,26628,5.17,372.03
191000000000000001,192000000000000001,2026-07-17,4066,985,0.242253,12,29276188,29722,0.36,43.09
191000000000000001,192000000000000002,2026-07-17,6311,1362,0.215814,11,26969769,19802,0.54,40.72
191000000000000002,192000000000000003,2026-07-17,1925,572,0.297143,7,17202788,30075,1.07,109.47
191000000000000002,192000000000000004,2026-07-17,1030,360,0.349515,3,14937759,41494,1.02,75.29
191000000000000003,192000000000000005,2026-07-17,4226,985,0.233081,13,24105410,24472,0.85,51.47
191000000000000004,192000000000000006,2026-07-17,3468,1197,0.345156,12,48210821,40276,2.28,317.45
191000000000000001,192000000000000001,2026-07-18,3241,858,0.264733,7,21026635,24507,0.38,15.96
191000000000000001,192000000000000002,2026-07-18,3644,777,0.213227,4,24928408,32083,0.32,38.29
191000000000000002,192000000000000003,2026-07-18,1067,322,0.301781,5,12217360,37942,0.94,84.48
191000000000000002,192000000000000004,2026-07-18,2593,670,0.258388,12,14042665,20959,2.11,203.83
191000000000000003,192000000000000005,2026-07-18,2413,531,0.220058,8,19695019,37090,0.36,42.23
191000000000000004,192000000000000006,2026-07-18,4295,1358,0.316182,19,39390037,29006,2.29,224.71
191000000000000001,192000000000000001,2026-07-19,5757,1279,0.222164,15,25959676,20297,0.75,82.51
191000000000000001,192000000000000002,2026-07-19,4557,956,0.209787,9,25554043,26730,0.41,34.18
191000000000000002,192000000000000003,2026-07-19,2927,733,0.250427,9,15842537,21613,1.9,171.59
191000000000000002,192000000000000004,2026-07-19,996,315,0.316265,4,13593874,43155,0.7,40.68
191000000000000003,192000000000000005,2026-07-19,2203,608,0.275987,7,22077308,36311,0.43,17.78
191000000000000004,192000000000000006,2026-07-19,3667,1037,0.282792,13,44154617,42579,1.63,100.09
191000000000000001,192000000000000001,2026-07-20,3767,881,0.233873,11,28045900,31834,0.35,14.95
191000000000000001,192000000000000002,2026-07-20,2852,805,0.282258,7,25878723,32147,0.42,33.46
191000000000000002,192000000000000003,2026-07-20,1409,429,0.304471,6,16326290,38057,0.87,58.35
191000000000000002,192000000000000004,2026-07-20,2050,695,0.339024,7,14487781,20846,1.58,71.57
191000000000000003,192000000000000005,2026-07-20,3102,870,0.280464,6,23110553,26564,0.61,40.38
191000000000000004,192000000000000006,2026-07-20,3251,1084,0.333436,17,46221105,42639,2.27,103.39
191000000000000001,192000000000000001,2026-07-21,3254,869,0.267056,7,22770048,26203,0.37,30.41
191000000000000001,192000000000000002,2026-07-21,4211,1054,0.250297,4,28008115,26573,0.49,37.53
191000000000000002,192000000000000003,2026-07-21,1712,460,0.268692,9,16780167,36479,1.33,170.34
191000000000000002,192000000000000004,2026-07-21,1442,392,0.271845,7,12235926,31214,1.09,148.42
191000000000000003,192000000000000005,2026-07-21,2555,791,0.309589,5,21762070,27512,0.72,78.85
191000000000000004,192000000000000006,2026-07-21,3129,895,0.286034,13,43524140,48630,1.45,172.0
191000000000000001,192000000000000001,2026-07-22,5087,1391,0.273442,14,25431521,18283,0.51,39.64
191000000000000001,192000000000000002,2026-07-22,5484,1139,0.207695,8,36234227,31812,0.44,27.76
191000000000000002,192000000000000003,2026-07-22,1923,616,0.320333,10,19952656,32391,1.52,164.12
191000000000000002,192000000000000004,2026-07-22,1606,453,0.282067,7,15284914,33742,1.28,162.06
191000000000000003,192000000000000005,2026-07-22,4032,1094,0.271329,11,26428178,24157,0.93,124.69
191000000000000004,192000000000000006,2026-07-22,4290,1249,0.291142,20,52856355,42319,2.76,357.91
191000000000000001,192000000000000001,2026-07-23,4059,951,0.234294,8,26702955,28079,0.52,56.95
191000000000000001,192000000000000002,2026-07-23,3478,886,0.254744,8,28537411,32209,0.35,15.51
191000000000000002,192000000000000003,2026-07-23,2242,594,0.264942,10,14182597,23876,1.64,129.2
191000000000000002,192000000000000004,2026-07-23,1699,532,0.313125,9,17383326,32675,1.04,44.42
191000000000000003,192000000000000005,2026-07-23,2489,758,0.30454,8,23674442,31233,0.74,75.9
191000000000000004,192000000000000006,2026-07-23,5284,1830,0.346329,29,47348885,25874,3.0,209.79
191000000000000001,192000000000000001,2026-07-24,5562,1431,0.257282,12,25153994,17578,0.81,99.23
191000000000000001,192000000000000002,2026-07-24,6589,1487,0.225679,7,28924714,19452,0.57,66.21
191000000000000002,192000000000000003,2026-07-24,2076,684,0.32948,8,17477343,25552,2.25,277.44
191000000000000002,192000000000000004,2026-07-24,1435,365,0.254355,6,13424775,36780,0.9,44.28
191000000000000003,192000000000000005,2026-07-24,2102,632,0.300666,7,23176589,36672,0.61,79.15
191000000000000004,192000000000000006,2026-07-24,4810,1317,0.273805,23,46353178,35196,3.55,469.56
191000000000000001,192000000000000001,2026-07-25,4735,1291,0.27265,6,24848733,19248,0.47,57.83
191000000000000001,192000000000000002,2026-07-25,5644,1347,0.238661,12,26141646,19407,0.67,87.31
191000000000000002,192000000000000003,2026-07-25,1068,349,0.326779,6,14245979,40819,1.09,81.68
191000000000000002,192000000000000004,2026-07-25,1842,484,0.262758,9,14891381,30767,1.05,72.02
191000000000000003,192000000000000005,2026-07-25,1995,611,0.306266,6,21853020,35766,0.5,69.64
191000000000000004,192000000000000006,2026-07-25,2533,886,0.349783,11,43706039,49330,2.42,192.81
191000000000000001,192000000000000001,2026-07-26,7607,1593,0.209412,13,32275653,20261,0.86,98.02
191000000000000001,192000000000000002,2026-07-26,5250,1498,0.285333,15,32238297,21521,0.72,29.85
191000000000000002,192000000000000004,2026-07-26,2771,809,0.291952,8,21021612,25985,2.53,260.8
191000000000000003,192000000000000005,2026-07-26,3936,1029,0.261433,10,27648836,26870,0.67,62.86
191000000000000004,192000000000000006,2026-07-26,5428,1776,0.327192,31,55297672,31136,3.67,254.56
191000000000000001,192000000000000001,2026-07-27,3984,1095,0.274849,7,36861531,33663,0.44,49.09
191000000000000001,192000000000000002,2026-07-27,4710,1346,0.285775,6,33456899,24857,0.67,68.92
191000000000000002,192000000000000003,2026-07-27,2784,702,0.252155,16,22516241,32074,2.27,269.37
191000000000000002,192000000000000004,2026-07-27,2448,837,0.341912,8,17665719,21106,1.55,191.65
191000000000000003,192000000000000005,2026-07-27,5119,1455,0.284235,17,30136470,20712,1.58,149.47
191000000000000004,192000000000000006,2026-07-27,4414,1294,0.293158,21,60272940,46579,2.75,256.15
191000000000000001,192000000000000001,2026-07-28,5738,1682,0.293133,7,36286475,21573,0.84,105.67
191000000000000001,192000000000000002,2026-07-28,5427,1215,0.223881,13,40589001,33407,0.66,75.08
191000000000000002,192000000000000003,2026-07-28,2327,619,0.266008,8,23521505,37999,2.04,146.66
191000000000000002,192000000000000004,2026-07-28,2855,772,0.270403,9,20407338,26434,2.47,328.3
191000000000000003,192000000000000005,2026-07-28,6529,1467,0.22469,22,32946633,22459,0.95,40.27
191000000000000004,192000000000000006,2026-07-28,5097,1531,0.300373,15,65893265,43039,3.53,324.34
191000000000000001,192000000000000001,2026-07-29,5315,1209,0.227469,12,32295583,26713,0.46,32.95
191000000000000001,192000000000000002,2026-07-29,4496,1117,0.248443,9,30055876,26908,0.58,38.43
191000000000000002,192000000000000003,2026-07-29,2824,735,0.260269,10,20410017,27769,2.29,281.53
191000000000000002,192000000000000004,2026-07-29,2313,643,0.277994,11,15219388,23669,1.71,228.9
191000000000000003,192000000000000005,2026-07-29,2704,768,0.284024,4,26722054,34794,0.54,26.2
191000000000000004,192000000000000006,2026-07-29,4718,1506,0.319203,27,53444108,35487,4.1,241.23
191000000000000001,192000000000000001,2026-07-30,6352,1623,0.25551,17,29733175,18320,0.9,89.44
191000000000000001,192000000000000002,2026-07-30,4040,877,0.217079,10,29217901,33316,0.31,36.28
191000000000000002,192000000000000003,2026-07-30,1276,413,0.323668,7,15253176,36933,1.39,137.04
191000000000000002,192000000000000004,2026-07-30,1610,435,0.270186,9,18433153,42375,0.97,71.91
191000000000000003,192000000000000005,2026-07-30,3111,762,0.244937,6,25264747,33156,0.68,36.21
191000000000000004,192000000000000006,2026-07-30,5468,1636,0.299195,26,50529494,30886,4.2,502.62
